timestamp,OT
2022/7/1 0:00,0
2022/7/1 0:15,0
2022/7/1 0:30,0
2022/7/1 0:45,0
2022/7/1 1:00,0
2022/7/1 1:15,0
2022/7/1 1:30,0
2022/7/1 1:45,0
2022/7/1 2:00,0
2022/7/1 2:15,0
2022/7/1 2:30,0
2022/7/1 2:45,0
2022/7/1 3:00,0
2022/7/1 3:15,0
2022/7/1 3:30,0
2022/7/1 3:45,0
2022/7/1 4:00,0
2022/7/1 4:15,0
2022/7/1 4:30,0
2022/7/1 4:45,0
2022/7/1 5:00,0
2022/7/1 5:15,0
2022/7/1 5:30,0
2022/7/1 5:45,0
2022/7/1 6:00,0
2022/7/1 6:15,0
2022/7/1 6:30,0
2022/7/1 6:45,0
2022/7/1 7:00,0.011666671
2022/7/1 7:15,0.019616256
2022/7/1 7:30,0.029061831
2022/7/1 7:45,0.038402603
2022/7/1 8:00,0.043156541
2022/7/1 8:15,0.049274969
2022/7/1 8:30,0.058788224
2022/7/1 8:45,0.060972698
2022/7/1 9:00,0.06361744
2022/7/1 9:15,0.066344117
2022/7/1 9:30,0.064646302
2022/7/1 9:45,0.06568474
2022/7/1 10:00,0.067863517
2022/7/1 10:15,0.073341936
2022/7/1 10:30,0.079670392
2022/7/1 10:45,0.089476563
2022/7/1 11:00,0.104780038
2022/7/1 11:15,0.13114702
2022/7/1 11:30,0.14682864
2022/7/1 11:45,0.195327593
2022/7/1 12:00,0.271381458
2022/7/1 12:15,0.310052537
2022/7/1 12:30,0.353330191
2022/7/1 12:45,0.396787333
2022/7/1 13:00,0.433380974
2022/7/1 13:15,0.467800241
2022/7/1 13:30,0.510944454
2022/7/1 13:45,0.501982751
2022/7/1 14:00,0.524425418
2022/7/1 14:15,0.519732096
2022/7/1 14:30,0.563577801
2022/7/1 14:45,0.565956315
2022/7/1 15:00,0.550089972
2022/7/1 15:15,0.494872854
2022/7/1 15:30,0.503389374
2022/7/1 15:45,0.497372049
2022/7/1 16:00,0.480655773
2022/7/1 16:15,0.424441062
2022/7/1 16:30,0.409085897
2022/7/1 16:45,0.360834152
2022/7/1 17:00,0.361267506
2022/7/1 17:15,0.334513917
2022/7/1 17:30,0.324338869
2022/7/1 17:45,0.277443809
2022/7/1 18:00,0.240295587
2022/7/1 18:15,0.194314823
2022/7/1 18:30,0.151394991
2022/7/1 18:45,0.105698335
2022/7/1 19:00,0.076477959
2022/7/1 19:15,0.047265634
2022/7/1 19:30,0.030259358
2022/7/1 19:45,0.018648361
2022/7/1 20:00,0.009705813
2022/7/1 20:15,0
2022/7/1 20:30,0
2022/7/1 20:45,0
2022/7/1 21:00,0
2022/7/1 21:15,0
2022/7/1 21:30,0
2022/7/1 21:45,0
2022/7/1 22:00,0
2022/7/1 22:15,0
2022/7/1 22:30,0
2022/7/1 22:45,0
2022/7/1 23:00,0
2022/7/1 23:15,0
2022/7/1 23:30,0
2022/7/1 23:45,0
2022/7/2 0:00,0
2022/7/2 0:15,0
2022/7/2 0:30,0
2022/7/2 0:45,0
2022/7/2 1:00,0
2022/7/2 1:15,0
2022/7/2 1:30,0
2022/7/2 1:45,0
2022/7/2 2:00,0
2022/7/2 2:15,0
2022/7/2 2:30,0
2022/7/2 2:45,0
2022/7/2 3:00,0
2022/7/2 3:15,0
2022/7/2 3:30,0
2022/7/2 3:45,0
2022/7/2 4:00,0
2022/7/2 4:15,0
2022/7/2 4:30,0
2022/7/2 4:45,0
2022/7/2 5:00,0
2022/7/2 5:15,0
2022/7/2 5:30,0
2022/7/2 5:45,0
2022/7/2 6:00,0
2022/7/2 6:15,0
2022/7/2 6:30,0
2022/7/2 6:45,0
2022/7/2 7:00,0.001155678
2022/7/2 7:15,0.001985984
2022/7/2 7:30,0.002863004
2022/7/2 7:45,0.003821914
2022/7/2 8:00,0.004257865
2022/7/2 8:15,0.004973816
2022/7/2 8:30,0.006016188
2022/7/2 8:45,0.006247402
2022/7/2 9:00,0.0065317
2022/7/2 9:15,0.006623926
2022/7/2 9:30,0.006582254
2022/7/2 9:45,0.006755228
2022/7/2 10:00,0.007125838
2022/7/2 10:15,0.007665252
2022/7/2 10:30,0.008111098
2022/7/2 10:45,0.00910565
2022/7/2 11:00,0.010488114
2022/7/2 11:15,0.012945015
2022/7/2 11:30,0.014633096
2022/7/2 11:45,0.019804728
2022/7/2 12:00,0.028048588
2022/7/2 12:15,0.031233814
2022/7/2 12:30,0.034873614
2022/7/2 12:45,0.038970221
2022/7/2 13:00,0.041979851
2022/7/2 13:15,0.046456325
2022/7/2 13:30,0.051461942
2022/7/2 13:45,0.052526776
2022/7/2 14:00,0.052384279
2022/7/2 14:15,0.051606836
2022/7/2 14:30,0.055098772
2022/7/2 14:45,0.057387236
2022/7/2 15:00,0.05539517
2022/7/2 15:15,0.050238396
2022/7/2 15:30,0.048870821
2022/7/2 15:45,0.048809189
2022/7/2 16:00,0.047334978
2022/7/2 16:15,0.044772376
2022/7/2 16:30,0.042033432
2022/7/2 16:45,0.03736362
2022/7/2 17:00,0.035750816
2022/7/2 17:15,0.032391263
2022/7/2 17:30,0.030509378
2022/7/2 17:45,0.02712929
2022/7/2 18:00,0.024702259
2022/7/2 18:15,0.020410807
2022/7/2 18:30,0.015718372
2022/7/2 18:45,0.011164028
2022/7/2 19:00,0.008103674
2022/7/2 19:15,0.004680401
2022/7/2 19:30,0.002875152
2022/7/2 19:45,0.00180915
2022/7/2 20:00,0.000972224
2022/7/2 20:15,0
2022/7/2 20:30,0
2022/7/2 20:45,0
2022/7/2 21:00,0
2022/7/2 21:15,0
2022/7/2 21:30,0
2022/7/2 21:45,0
2022/7/2 22:00,0
2022/7/2 22:15,0
2022/7/2 22:30,0
2022/7/2 22:45,0
2022/7/2 23:00,0
2022/7/2 23:15,0
2022/7/2 23:30,0
2022/7/2 23:45,0
2022/7/3 0:00,0
2022/7/3 0:15,0
2022/7/3 0:30,0
2022/7/3 0:45,0
2022/7/3 1:00,0
2022/7/3 1:15,0
2022/7/3 1:30,0
2022/7/3 1:45,0
2022/7/3 2:00,0
2022/7/3 2:15,0
2022/7/3 2:30,0
2022/7/3 2:45,0
2022/7/3 3:00,0
2022/7/3 3:15,0
2022/7/3 3:30,0
2022/7/3 3:45,0
2022/7/3 4:00,0
2022/7/3 4:15,0
2022/7/3 4:30,0
2022/7/3 4:45,0
2022/7/3 5:00,0
2022/7/3 5:15,0
2022/7/3 5:30,0
2022/7/3 5:45,0
2022/7/3 6:00,0
2022/7/3 6:15,0
2022/7/3 6:30,0
2022/7/3 6:45,0
2022/7/3 7:00,0.00389556
2022/7/3 7:15,0.00679116
2022/7/3 7:30,0.009661698
2022/7/3 7:45,0.013013837
2022/7/3 8:00,0.014052378
2022/7/3 8:15,0.016588058
2022/7/3 8:30,0.019739605
2022/7/3 8:45,0.020594015
2022/7/3 9:00,0.021610688
2022/7/3 9:15,0.022555409
2022/7/3 9:30,0.022264098
2022/7/3 9:45,0.023306612
2022/7/3 10:00,0.024395726
2022/7/3 10:15,0.026442964
2022/7/3 10:30,0.027387415
2022/7/3 10:45,0.030136497
2022/7/3 11:00,0.034599392
2022/7/3 11:15,0.042266802
2022/7/3 11:30,0.049172689
2022/7/3 11:45,0.06644656
2022/7/3 12:00,0.094827786
2022/7/3 12:15,0.104157103
2022/7/3 12:30,0.117085593
2022/7/3 12:45,0.129706361
2022/7/3 13:00,0.136692531
2022/7/3 13:15,0.152786
2022/7/3 13:30,0.171857621
2022/7/3 13:45,0.177950401
2022/7/3 14:00,0.172688822
2022/7/3 14:15,0.167974824
2022/7/3 14:30,0.178559325
2022/7/3 14:45,0.190517331
2022/7/3 15:00,0.185605516
2022/7/3 15:15,0.171410007
2022/7/3 15:30,0.166862469
2022/7/3 15:45,0.165048247
2022/7/3 16:00,0.157249621
2022/7/3 16:15,0.147778983
2022/7/3 16:30,0.141804822
2022/7/3 16:45,0.126311404
2022/7/3 17:00,0.124722123
2022/7/3 17:15,0.109258736
2022/7/3 17:30,0.103351122
2022/7/3 17:45,0.089227901
2022/7/3 18:00,0.082295976
2022/7/3 18:15,0.068322045
2022/7/3 18:30,0.052410101
2022/7/3 18:45,0.037298897
2022/7/3 19:00,0.027510457
2022/7/3 19:15,0.016149128
2022/7/3 19:30,0.010023307
2022/7/3 19:45,0.006175181
2022/7/3 20:00,0.003298022
2022/7/3 20:15,0
2022/7/3 20:30,0
2022/7/3 20:45,0
2022/7/3 21:00,0
2022/7/3 21:15,0
2022/7/3 21:30,0
2022/7/3 21:45,0
2022/7/3 22:00,0
2022/7/3 22:15,0
2022/7/3 22:30,0
2022/7/3 22:45,0
2022/7/3 23:00,0
2022/7/3 23:15,0
2022/7/3 23:30,0
2022/7/3 23:45,0
2022/7/4 0:00,0
2022/7/4 0:15,0
2022/7/4 0:30,0
2022/7/4 0:45,0
2022/7/4 1:00,0
2022/7/4 1:15,0
2022/7/4 1:30,0
2022/7/4 1:45,0
2022/7/4 2:00,0
2022/7/4 2:15,0
2022/7/4 2:30,0
2022/7/4 2:45,0
2022/7/4 3:00,0
2022/7/4 3:15,0
2022/7/4 3:30,0
2022/7/4 3:45,0
2022/7/4 4:00,0
2022/7/4 4:15,0
2022/7/4 4:30,0
2022/7/4 4:45,0
2022/7/4 5:00,0
2022/7/4 5:15,0
2022/7/4 5:30,0
2022/7/4 5:45,0
2022/7/4 6:00,0
2022/7/4 6:15,0
2022/7/4 6:30,0
2022/7/4 6:45,0
2022/7/4 7:00,0.012337183
2022/7/4 7:15,0.021310104
2022/7/4 7:30,0.031085096
2022/7/4 7:45,0.040736958
2022/7/4 8:00,0.04585984
2022/7/4 8:15,0.052844215
2022/7/4 8:30,0.06354036
2022/7/4 8:45,0.064500861
2022/7/4 9:00,0.069197886
2022/7/4 9:15,0.070132074
2022/7/4 9:30,0.069732303
2022/7/4 9:45,0.070296366
2022/7/4 10:00,0.073041192
2022/7/4 10:15,0.078026769
2022/7/4 10:30,0.083122417
2022/7/4 10:45,0.093648508
2022/7/4 11:00,0.108494873
2022/7/4 11:15,0.133658995
2022/7/4 11:30,0.149245201
2022/7/4 11:45,0.20038074
2022/7/4 12:00,0.28262036
2022/7/4 12:15,0.315011947
2022/7/4 12:30,0.352399321
2022/7/4 12:45,0.398620258
2022/7/4 13:00,0.432088023
2022/7/4 13:15,0.481088937
2022/7/4 13:30,0.520146031
2022/7/4 13:45,0.534312297
2022/7/4 14:00,0.553723421
2022/7/4 14:15,0.551388979
2022/7/4 14:30,0.600713962
2022/7/4 14:45,0.59940204
2022/7/4 15:00,0.582259124
2022/7/4 15:15,0.516130716
2022/7/4 15:30,0.509315697
2022/7/4 15:45,0.513523747
2022/7/4 16:00,0.503693371
2022/7/4 16:15,0.475328195
2022/7/4 16:30,0.44282852
2022/7/4 16:45,0.392163191
2022/7/4 17:00,0.385159254
2022/7/4 17:15,0.339609113
2022/7/4 17:30,0.323346578
2022/7/4 17:45,0.279691246
2022/7/4 18:00,0.257733586
2022/7/4 18:15,0.212178285
2022/7/4 18:30,0.162426005
2022/7/4 18:45,0.116970456
2022/7/4 19:00,0.085332027
2022/7/4 19:15,0.050113652
2022/7/4 19:30,0.031185093
2022/7/4 19:45,0.019569422
2022/7/4 20:00,0.010434913
2022/7/4 20:15,0
2022/7/4 20:30,0
2022/7/4 20:45,0
2022/7/4 21:00,0
2022/7/4 21:15,0
2022/7/4 21:30,0
2022/7/4 21:45,0
2022/7/4 22:00,0
2022/7/4 22:15,0
2022/7/4 22:30,0
2022/7/4 22:45,0
2022/7/4 23:00,0
2022/7/4 23:15,0
2022/7/4 23:30,0
2022/7/4 23:45,0
2022/7/5 0:00,0
2022/7/5 0:15,0
2022/7/5 0:30,0
2022/7/5 0:45,0
2022/7/5 1:00,0
2022/7/5 1:15,0
2022/7/5 1:30,0
2022/7/5 1:45,0
2022/7/5 2:00,0
2022/7/5 2:15,0
2022/7/5 2:30,0
2022/7/5 2:45,0
2022/7/5 3:00,0
2022/7/5 3:15,0
2022/7/5 3:30,0
2022/7/5 3:45,0
2022/7/5 4:00,0
2022/7/5 4:15,0
2022/7/5 4:30,0
2022/7/5 4:45,0
2022/7/5 5:00,0
2022/7/5 5:15,0
2022/7/5 5:30,0
2022/7/5 5:45,0
2022/7/5 6:00,0
2022/7/5 6:15,0
2022/7/5 6:30,0
2022/7/5 6:45,0
2022/7/5 7:00,0.011997138
2022/7/5 7:15,0.0199062
2022/7/5 7:30,0.028470852
2022/7/5 7:45,0.037238008
2022/7/5 8:00,0.041550393
2022/7/5 8:15,0.049312271
2022/7/5 8:30,0.061547967
2022/7/5 8:45,0.064280153
2022/7/5 9:00,0.064718661
2022/7/5 9:15,0.065235845
2022/7/5 9:30,0.06585169
2022/7/5 9:45,0.071094783
2022/7/5 10:00,0.073194786
2022/7/5 10:15,0.080121256
2022/7/5 10:30,0.082643245
2022/7/5 10:45,0.091390201
2022/7/5 11:00,0.101935049
2022/7/5 11:15,0.127148371
2022/7/5 11:30,0.144048601
2022/7/5 11:45,0.191661271
2022/7/5 12:00,0.263802477
2022/7/5 12:15,0.304162677
2022/7/5 12:30,0.342420771
2022/7/5 12:45,0.378589578
2022/7/5 13:00,0.410861225
2022/7/5 13:15,0.447364495
2022/7/5 13:30,0.508475977
2022/7/5 13:45,0.503863112
2022/7/5 14:00,0.505322442
2022/7/5 14:15,0.500682403
2022/7/5 14:30,0.545252773
2022/7/5 14:45,0.602820881
2022/7/5 15:00,0.593982806
2022/7/5 15:15,0.550301968
2022/7/5 15:30,0.506769321
2022/7/5 15:45,0.492705038
2022/7/5 16:00,0.470921956
2022/7/5 16:15,0.452581104
2022/7/5 16:30,0.423476713
2022/7/5 16:45,0.362176929
2022/7/5 17:00,0.345038054
2022/7/5 17:15,0.305040891
2022/7/5 17:30,0.299351655
2022/7/5 17:45,0.256805236
2022/7/5 18:00,0.242101223
2022/7/5 18:15,0.204332517
2022/7/5 18:30,0.166028074
2022/7/5 18:45,0.118767428
2022/7/5 19:00,0.083870726
2022/7/5 19:15,0.047829087
2022/7/5 19:30,0.028722598
2022/7/5 19:45,0.017783865
2022/7/5 20:00,0.009785617
2022/7/5 20:15,0
2022/7/5 20:30,0
2022/7/5 20:45,0
2022/7/5 21:00,0
2022/7/5 21:15,0
2022/7/5 21:30,0
2022/7/5 21:45,0
2022/7/5 22:00,0
2022/7/5 22:15,0
2022/7/5 22:30,0
2022/7/5 22:45,0
2022/7/5 23:00,0
2022/7/5 23:15,0
2022/7/5 23:30,0
2022/7/5 23:45,0
2022/7/6 0:00,0
2022/7/6 0:15,0
2022/7/6 0:30,0
2022/7/6 0:45,0
2022/7/6 1:00,0
2022/7/6 1:15,0
2022/7/6 1:30,0
2022/7/6 1:45,0
2022/7/6 2:00,0
2022/7/6 2:15,0
2022/7/6 2:30,0
2022/7/6 2:45,0
2022/7/6 3:00,0
2022/7/6 3:15,0
2022/7/6 3:30,0
2022/7/6 3:45,0
2022/7/6 4:00,0
2022/7/6 4:15,0
2022/7/6 4:30,0
2022/7/6 4:45,0
2022/7/6 5:00,0
2022/7/6 5:15,0
2022/7/6 5:30,0
2022/7/6 5:45,0
2022/7/6 6:00,0
2022/7/6 6:15,0
2022/7/6 6:30,0
2022/7/6 6:45,0
2022/7/6 7:00,0.001168384
2022/7/6 7:15,0.002018484
2022/7/6 7:30,0.002916925
2022/7/6 7:45,0.003888684
2022/7/6 8:00,0.004310817
2022/7/6 8:15,0.004984085
2022/7/6 8:30,0.00601169
2022/7/6 8:45,0.006241556
2022/7/6 9:00,0.006556813
2022/7/6 9:15,0.006626071
2022/7/6 9:30,0.006650934
2022/7/6 9:45,0.006849637
2022/7/6 10:00,0.007286982
2022/7/6 10:15,0.007707012
2022/7/6 10:30,0.008145066
2022/7/6 10:45,0.009093813
2022/7/6 11:00,0.010522828
2022/7/6 11:15,0.012935042
2022/7/6 11:30,0.014601018
2022/7/6 11:45,0.019843316
2022/7/6 12:00,0.028408551
2022/7/6 12:15,0.031928762
2022/7/6 12:30,0.035573658
2022/7/6 12:45,0.039578641
2022/7/6 13:00,0.042069714
2022/7/6 13:15,0.046664071
2022/7/6 13:30,0.051666215
2022/7/6 13:45,0.052786831
2022/7/6 14:00,0.053000947
2022/7/6 14:15,0.051971594
2022/7/6 14:30,0.055715515
2022/7/6 14:45,0.05757613
2022/7/6 15:00,0.056063672
2022/7/6 15:15,0.050951224
2022/7/6 15:30,0.049918876
2022/7/6 15:45,0.049521759
2022/7/6 16:00,0.047985882
2022/7/6 16:15,0.044859711
2022/7/6 16:30,0.042634843
2022/7/6 16:45,0.03807788
2022/7/6 17:00,0.03665471
2022/7/6 17:15,0.032755083
2022/7/6 17:30,0.030635645
2022/7/6 17:45,0.027079674
2022/7/6 18:00,0.024682258
2022/7/6 18:15,0.020451075
2022/7/6 18:30,0.015688402
2022/7/6 18:45,0.011125329
2022/7/6 19:00,0.00808021
2022/7/6 19:15,0.004762067
2022/7/6 19:30,0.002918734
2022/7/6 19:45,0.00182363
2022/7/6 20:00,0.000967649
2022/7/6 20:15,0
2022/7/6 20:30,0
2022/7/6 20:45,0
2022/7/6 21:00,0
2022/7/6 21:15,0
2022/7/6 21:30,0
2022/7/6 21:45,0
2022/7/6 22:00,0
2022/7/6 22:15,0
2022/7/6 22:30,0
2022/7/6 22:45,0
2022/7/6 23:00,0
2022/7/6 23:15,0
2022/7/6 23:30,0
2022/7/6 23:45,0
2022/7/7 0:00,0
2022/7/7 0:15,0
2022/7/7 0:30,0
2022/7/7 0:45,0
2022/7/7 1:00,0
2022/7/7 1:15,0
2022/7/7 1:30,0
2022/7/7 1:45,0
2022/7/7 2:00,0
2022/7/7 2:15,0
2022/7/7 2:30,0
2022/7/7 2:45,0
2022/7/7 3:00,0
2022/7/7 3:15,0
2022/7/7 3:30,0
2022/7/7 3:45,0
2022/7/7 4:00,0
2022/7/7 4:15,0
2022/7/7 4:30,0
2022/7/7 4:45,0
2022/7/7 5:00,0
2022/7/7 5:15,0
2022/7/7 5:30,0
2022/7/7 5:45,0
2022/7/7 6:00,0
2022/7/7 6:15,0
2022/7/7 6:30,0
2022/7/7 6:45,0
2022/7/7 7:00,0.011344353
2022/7/7 7:15,0.019383528
2022/7/7 7:30,0.028548968
2022/7/7 7:45,0.038246597
2022/7/7 8:00,0.042745445
2022/7/7 8:15,0.049406277
2022/7/7 8:30,0.056269624
2022/7/7 8:45,0.057582745
2022/7/7 9:00,0.059688891
2022/7/7 9:15,0.062588181
2022/7/7 9:30,0.062817863
2022/7/7 9:45,0.064957952
2022/7/7 10:00,0.06709767
2022/7/7 10:15,0.069854363
2022/7/7 10:30,0.073523944
2022/7/7 10:45,0.0837118
2022/7/7 11:00,0.100542466
2022/7/7 11:15,0.123059266
2022/7/7 11:30,0.141906598
2022/7/7 11:45,0.192586439
2022/7/7 12:00,0.270388263
2022/7/7 12:15,0.297046324
2022/7/7 12:30,0.302850465
2022/7/7 12:45,0.338534715
2022/7/7 13:00,0.359789469
2022/7/7 13:15,0.416227498
2022/7/7 13:30,0.460989794
2022/7/7 13:45,0.486365292
2022/7/7 14:00,0.497630075
2022/7/7 14:15,0.504863166
2022/7/7 14:30,0.519813383
2022/7/7 14:45,0.537479839
2022/7/7 15:00,0.520557047
2022/7/7 15:15,0.489471269
2022/7/7 15:30,0.460363949
2022/7/7 15:45,0.44797522
2022/7/7 16:00,0.424440312
2022/7/7 16:15,0.433704613
2022/7/7 16:30,0.418668987
2022/7/7 16:45,0.375603064
2022/7/7 17:00,0.340568834
2022/7/7 17:15,0.307597893
2022/7/7 17:30,0.295164607
2022/7/7 17:45,0.262553605
2022/7/7 18:00,0.230931879
2022/7/7 18:15,0.185383188
2022/7/7 18:30,0.145881145
2022/7/7 18:45,0.106091896
2022/7/7 19:00,0.077361316
2022/7/7 19:15,0.044669357
2022/7/7 19:30,0.02730379
2022/7/7 19:45,0.017127265
2022/7/7 20:00,0.00933763
2022/7/7 20:15,0
2022/7/7 20:30,0
2022/7/7 20:45,0
2022/7/7 21:00,0
2022/7/7 21:15,0
2022/7/7 21:30,0
2022/7/7 21:45,0
2022/7/7 22:00,0
2022/7/7 22:15,0
2022/7/7 22:30,0
2022/7/7 22:45,0
2022/7/7 23:00,0
2022/7/7 23:15,0
2022/7/7 23:30,0
2022/7/7 23:45,0
2022/7/8 0:00,0
2022/7/8 0:15,0
2022/7/8 0:30,0
2022/7/8 0:45,0
2022/7/8 1:00,0
2022/7/8 1:15,0
2022/7/8 1:30,0
2022/7/8 1:45,0
2022/7/8 2:00,0
2022/7/8 2:15,0
2022/7/8 2:30,0
2022/7/8 2:45,0
2022/7/8 3:00,0
2022/7/8 3:15,0
2022/7/8 3:30,0
2022/7/8 3:45,0
2022/7/8 4:00,0
2022/7/8 4:15,0
2022/7/8 4:30,0
2022/7/8 4:45,0
2022/7/8 5:00,0
2022/7/8 5:15,0
2022/7/8 5:30,0
2022/7/8 5:45,0
2022/7/8 6:00,0
2022/7/8 6:15,0
2022/7/8 6:30,0
2022/7/8 6:45,0
2022/7/8 7:00,0.012200924
2022/7/8 7:15,0.019925519
2022/7/8 7:30,0.028137563
2022/7/8 7:45,0.03760998
2022/7/8 8:00,0.04475156
2022/7/8 8:15,0.051986038
2022/7/8 8:30,0.063704392
2022/7/8 8:45,0.063057266
2022/7/8 9:00,0.066291879
2022/7/8 9:15,0.065937783
2022/7/8 9:30,0.064416933
2022/7/8 9:45,0.066467574
2022/7/8 10:00,0.069888364
2022/7/8 10:15,0.075632342
2022/7/8 10:30,0.077299896
2022/7/8 10:45,0.08734226
2022/7/8 11:00,0.10454681
2022/7/8 11:15,0.129382107
2022/7/8 11:30,0.147011293
2022/7/8 11:45,0.188144821
2022/7/8 12:00,0.268454091
2022/7/8 12:15,0.295651463
2022/7/8 12:30,0.352032548
2022/7/8 12:45,0.393765591
2022/7/8 13:00,0.414486721
2022/7/8 13:15,0.444223231
2022/7/8 13:30,0.49880592
2022/7/8 13:45,0.51211076
2022/7/8 14:00,0.51858498
2022/7/8 14:15,0.493775108
2022/7/8 14:30,0.533363371
2022/7/8 14:45,0.559348375
2022/7/8 15:00,0.555163518
2022/7/8 15:15,0.512765227
2022/7/8 15:30,0.500270497
2022/7/8 15:45,0.492682485
2022/7/8 16:00,0.47232012
2022/7/8 16:15,0.43718046
2022/7/8 16:30,0.413962941
2022/7/8 16:45,0.376139434
2022/7/8 17:00,0.362776671
2022/7/8 17:15,0.323474093
2022/7/8 17:30,0.301663255
2022/7/8 17:45,0.268772454
2022/7/8 18:00,0.242686457
2022/7/8 18:15,0.197596406
2022/7/8 18:30,0.154541606
2022/7/8 18:45,0.114436061
2022/7/8 19:00,0.084085894
2022/7/8 19:15,0.049418568
2022/7/8 19:30,0.030940818
2022/7/8 19:45,0.018919046
2022/7/8 20:00,0.010035907
2022/7/8 20:15,0
2022/7/8 20:30,0
2022/7/8 20:45,0
2022/7/8 21:00,0
2022/7/8 21:15,0
2022/7/8 21:30,0
2022/7/8 21:45,0
2022/7/8 22:00,0
2022/7/8 22:15,0
2022/7/8 22:30,0
2022/7/8 22:45,0
2022/7/8 23:00,0
2022/7/8 23:15,0
2022/7/8 23:30,0
2022/7/8 23:45,0
2022/7/9 0:00,0
2022/7/9 0:15,0
2022/7/9 0:30,0
2022/7/9 0:45,0
2022/7/9 1:00,0
2022/7/9 1:15,0
2022/7/9 1:30,0
2022/7/9 1:45,0
2022/7/9 2:00,0
2022/7/9 2:15,0
2022/7/9 2:30,0
2022/7/9 2:45,0
2022/7/9 3:00,0
2022/7/9 3:15,0
2022/7/9 3:30,0
2022/7/9 3:45,0
2022/7/9 4:00,0
2022/7/9 4:15,0
2022/7/9 4:30,0
2022/7/9 4:45,0
2022/7/9 5:00,0
2022/7/9 5:15,0
2022/7/9 5:30,0
2022/7/9 5:45,0
2022/7/9 6:00,0
2022/7/9 6:15,0
2022/7/9 6:30,0
2022/7/9 6:45,0
2022/7/9 7:00,0.011565183
2022/7/9 7:15,0.019705361
2022/7/9 7:30,0.027380948
2022/7/9 7:45,0.035971043
2022/7/9 8:00,0.039401476
2022/7/9 8:15,0.045561399
2022/7/9 8:30,0.05538846
2022/7/9 8:45,0.057433439
2022/7/9 9:00,0.062716324
2022/7/9 9:15,0.061140743
2022/7/9 9:30,0.063019106
2022/7/9 9:45,0.06388585
2022/7/9 10:00,0.070051102
2022/7/9 10:15,0.073399113
2022/7/9 10:30,0.079042589
2022/7/9 10:45,0.088711583
2022/7/9 11:00,0.100837491
2022/7/9 11:15,0.124136904
2022/7/9 11:30,0.139656007
2022/7/9 11:45,0.185508929
2022/7/9 12:00,0.25457921
2022/7/9 12:15,0.289033673
2022/7/9 12:30,0.339490516
2022/7/9 12:45,0.386208426
2022/7/9 13:00,0.405387341
2022/7/9 13:15,0.439459119
2022/7/9 13:30,0.476120559
2022/7/9 13:45,0.513991489
2022/7/9 14:00,0.508268051
2022/7/9 14:15,0.519941063
2022/7/9 14:30,0.536459174
2022/7/9 14:45,0.543326599
2022/7/9 15:00,0.527237823
2022/7/9 15:15,0.472616531
2022/7/9 15:30,0.485162597
2022/7/9 15:45,0.479061114
2022/7/9 16:00,0.472782639
2022/7/9 16:15,0.449748637
2022/7/9 16:30,0.425074833
2022/7/9 16:45,0.368517975
2022/7/9 17:00,0.343467795
2022/7/9 17:15,0.314595245
2022/7/9 17:30,0.293527291
2022/7/9 17:45,0.25843835
2022/7/9 18:00,0.226155023
2022/7/9 18:15,0.19185708
2022/7/9 18:30,0.146423456
2022/7/9 18:45,0.106282378
2022/7/9 19:00,0.07650003
2022/7/9 19:15,0.043739193
2022/7/9 19:30,0.025865404
2022/7/9 19:45,0.016140051
2022/7/9 20:00,0.00916577
2022/7/9 20:15,0
2022/7/9 20:30,0
2022/7/9 20:45,0
2022/7/9 21:00,0
2022/7/9 21:15,0
2022/7/9 21:30,0
2022/7/9 21:45,0
2022/7/9 22:00,0
2022/7/9 22:15,0
2022/7/9 22:30,0
2022/7/9 22:45,0
2022/7/9 23:00,0
2022/7/9 23:15,0
2022/7/9 23:30,0
2022/7/9 23:45,0
2022/7/10 0:00,0
2022/7/10 0:15,0
2022/7/10 0:30,0
2022/7/10 0:45,0
2022/7/10 1:00,0
2022/7/10 1:15,0
2022/7/10 1:30,0
2022/7/10 1:45,0
2022/7/10 2:00,0
2022/7/10 2:15,0
2022/7/10 2:30,0
2022/7/10 2:45,0
2022/7/10 3:00,0
2022/7/10 3:15,0
2022/7/10 3:30,0
2022/7/10 3:45,0
2022/7/10 4:00,0
2022/7/10 4:15,0
2022/7/10 4:30,0
2022/7/10 4:45,0
2022/7/10 5:00,0
2022/7/10 5:15,0
2022/7/10 5:30,0
2022/7/10 5:45,0
2022/7/10 6:00,0
2022/7/10 6:15,0
2022/7/10 6:30,0
2022/7/10 6:45,0
2022/7/10 7:00,0.010996049
2022/7/10 7:15,0.018127829
2022/7/10 7:30,0.0262407
2022/7/10 7:45,0.034968899
2022/7/10 8:00,0.04083688
2022/7/10 8:15,0.049100844
2022/7/10 8:30,0.05847287
2022/7/10 8:45,0.06040037
2022/7/10 9:00,0.060483692
2022/7/10 9:15,0.063697869
2022/7/10 9:30,0.061160788
2022/7/10 9:45,0.065064812
2022/7/10 10:00,0.06548165
2022/7/10 10:15,0.069207952
2022/7/10 10:30,0.074445169
2022/7/10 10:45,0.086673192
2022/7/10 11:00,0.101840384
2022/7/10 11:15,0.120926417
2022/7/10 11:30,0.134756197
2022/7/10 11:45,0.184608255
2022/7/10 12:00,0.275120222
2022/7/10 12:15,0.298531071
2022/7/10 12:30,0.325435476
2022/7/10 12:45,0.354530037
2022/7/10 13:00,0.389323368
2022/7/10 13:15,0.425531694
2022/7/10 13:30,0.471724022
2022/7/10 13:45,0.472701948
2022/7/10 14:00,0.478750769
2022/7/10 14:15,0.465180126
2022/7/10 14:30,0.495988636
2022/7/10 14:45,0.53015636
2022/7/10 15:00,0.520634624
2022/7/10 15:15,0.48607248
2022/7/10 15:30,0.468081721
2022/7/10 15:45,0.443160824
2022/7/10 16:00,0.42255151
2022/7/10 16:15,0.400057911
2022/7/10 16:30,0.3800742
2022/7/10 16:45,0.347363782
2022/7/10 17:00,0.327946395
2022/7/10 17:15,0.295849941
2022/7/10 17:30,0.275030681
2022/7/10 17:45,0.242202813
2022/7/10 18:00,0.225281545
2022/7/10 18:15,0.189433585
2022/7/10 18:30,0.144708105
2022/7/10 18:45,0.099578752
2022/7/10 19:00,0.066307943
2022/7/10 19:15,0.039109112
2022/7/10 19:30,0.024852892
2022/7/10 19:45,0.016309289
2022/7/10 20:00,0.009092509
2022/7/10 20:15,0
2022/7/10 20:30,0
2022/7/10 20:45,0
2022/7/10 21:00,0
2022/7/10 21:15,0
2022/7/10 21:30,0
2022/7/10 21:45,0
2022/7/10 22:00,0
2022/7/10 22:15,0
2022/7/10 22:30,0
2022/7/10 22:45,0
2022/7/10 23:00,0
2022/7/10 23:15,0
2022/7/10 23:30,0
2022/7/10 23:45,0
2022/7/11 0:00,0
2022/7/11 0:15,0
2022/7/11 0:30,0
2022/7/11 0:45,0
2022/7/11 1:00,0
2022/7/11 1:15,0
2022/7/11 1:30,0
2022/7/11 1:45,0
2022/7/11 2:00,0
2022/7/11 2:15,0
2022/7/11 2:30,0
2022/7/11 2:45,0
2022/7/11 3:00,0
2022/7/11 3:15,0
2022/7/11 3:30,0
2022/7/11 3:45,0
2022/7/11 4:00,0
2022/7/11 4:15,0
2022/7/11 4:30,0
2022/7/11 4:45,0
2022/7/11 5:00,0
2022/7/11 5:15,0
2022/7/11 5:30,0
2022/7/11 5:45,0
2022/7/11 6:00,0
2022/7/11 6:15,0
2022/7/11 6:30,0
2022/7/11 6:45,0
2022/7/11 7:00,0.010811017
2022/7/11 7:15,0.017670118
2022/7/11 7:30,0.025186658
2022/7/11 7:45,0.033997791
2022/7/11 8:00,0.040180012
2022/7/11 8:15,0.048891284
2022/7/11 8:30,0.055976411
2022/7/11 8:45,0.05564861
2022/7/11 9:00,0.055515807
2022/7/11 9:15,0.058755867
2022/7/11 9:30,0.060162253
2022/7/11 9:45,0.063305342
2022/7/11 10:00,0.06776906
2022/7/11 10:15,0.074898749
2022/7/11 10:30,0.080003582
2022/7/11 10:45,0.08683443
2022/7/11 11:00,0.09585249
2022/7/11 11:15,0.118965432
2022/7/11 11:30,0.137876461
2022/7/11 11:45,0.188285141
2022/7/11 12:00,0.260642729
2022/7/11 12:15,0.297241945
2022/7/11 12:30,0.325077359
2022/7/11 12:45,0.351824399
2022/7/11 13:00,0.37492968
2022/7/11 13:15,0.403259088
2022/7/11 13:30,0.461773872
2022/7/11 13:45,0.458861912
2022/7/11 14:00,0.473080072
2022/7/11 14:15,0.475310139
2022/7/11 14:30,0.518623975
2022/7/11 14:45,0.545986146
2022/7/11 15:00,0.523567346
2022/7/11 15:15,0.48006958
2022/7/11 15:30,0.460961674
2022/7/11 15:45,0.449107976
2022/7/11 16:00,0.423890765
2022/7/11 16:15,0.405866441
2022/7/11 16:30,0.392979922
2022/7/11 16:45,0.343995879
2022/7/11 17:00,0.327277903
2022/7/11 17:15,0.290348334
2022/7/11 17:30,0.284315379
2022/7/11 17:45,0.24843843
2022/7/11 18:00,0.223356194
2022/7/11 18:15,0.18187737
2022/7/11 18:30,0.1430528
2022/7/11 18:45,0.10291756
2022/7/11 19:00,0.077650606
2022/7/11 19:15,0.045185918
2022/7/11 19:30,0.027181264
2022/7/11 19:45,0.016603932
2022/7/11 20:00,0.009038101
2022/7/11 20:15,0
2022/7/11 20:30,0
2022/7/11 20:45,0
2022/7/11 21:00,0
2022/7/11 21:15,0
2022/7/11 21:30,0
2022/7/11 21:45,0
2022/7/11 22:00,0
2022/7/11 22:15,0
2022/7/11 22:30,0
2022/7/11 22:45,0
2022/7/11 23:00,0
2022/7/11 23:15,0
2022/7/11 23:30,0
2022/7/11 23:45,0
2022/7/12 0:00,0
2022/7/12 0:15,0
2022/7/12 0:30,0
2022/7/12 0:45,0
2022/7/12 1:00,0
2022/7/12 1:15,0
2022/7/12 1:30,0
2022/7/12 1:45,0
2022/7/12 2:00,0
2022/7/12 2:15,0
2022/7/12 2:30,0
2022/7/12 2:45,0
2022/7/12 3:00,0
2022/7/12 3:15,0
2022/7/12 3:30,0
2022/7/12 3:45,0
2022/7/12 4:00,0
2022/7/12 4:15,0
2022/7/12 4:30,0
2022/7/12 4:45,0
2022/7/12 5:00,0
2022/7/12 5:15,0
2022/7/12 5:30,0
2022/7/12 5:45,0
2022/7/12 6:00,0
2022/7/12 6:15,0
2022/7/12 6:30,0
2022/7/12 6:45,0
2022/7/12 7:00,0.012866562
2022/7/12 7:15,0.022019782
2022/7/12 7:30,0.032238723
2022/7/12 7:45,0.042355182
2022/7/12 8:00,0.048329996
2022/7/12 8:15,0.056547044
2022/7/12 8:30,0.068214437
2022/7/12 8:45,0.069438727
2022/7/12 9:00,0.071505119
2022/7/12 9:15,0.072641494
2022/7/12 9:30,0.072365409
2022/7/12 9:45,0.076029261
2022/7/12 10:00,0.079796157
2022/7/12 10:15,0.085585628
2022/7/12 10:30,0.090882729
2022/7/12 10:45,0.102579033
2022/7/12 11:00,0.117252216
2022/7/12 11:15,0.140987165
2022/7/12 11:30,0.162413847
2022/7/12 11:45,0.221028222
2022/7/12 12:00,0.313921083
2022/7/12 12:15,0.34290612
2022/7/12 12:30,0.382121155
2022/7/12 12:45,0.425582977
2022/7/12 13:00,0.453669259
2022/7/12 13:15,0.502977955
2022/7/12 13:30,0.565559516
2022/7/12 13:45,0.571038631
2022/7/12 14:00,0.582006462
2022/7/12 14:15,0.566027372
2022/7/12 14:30,0.619972043
2022/7/12 14:45,0.636218659
2022/7/12 15:00,0.619157207
2022/7/12 15:15,0.561852514
2022/7/12 15:30,0.55255287
2022/7/12 15:45,0.546459292
2022/7/12 16:00,0.528888729
2022/7/12 16:15,0.489888278
2022/7/12 16:30,0.460215507
2022/7/12 16:45,0.409061277
2022/7/12 17:00,0.399207959
2022/7/12 17:15,0.368438499
2022/7/12 17:30,0.343703098
2022/7/12 17:45,0.30065157
2022/7/12 18:00,0.26829636
2022/7/12 18:15,0.221767799
2022/7/12 18:30,0.172048799
2022/7/12 18:45,0.122077107
2022/7/12 19:00,0.089355844
2022/7/12 19:15,0.051444854
2022/7/12 19:30,0.031892981
2022/7/12 19:45,0.019856665
2022/7/12 20:00,0.010665457
2022/7/12 20:15,0
2022/7/12 20:30,0
2022/7/12 20:45,0
2022/7/12 21:00,0
2022/7/12 21:15,0
2022/7/12 21:30,0
2022/7/12 21:45,0
2022/7/12 22:00,0
2022/7/12 22:15,0
2022/7/12 22:30,0
2022/7/12 22:45,0
2022/7/12 23:00,0
2022/7/12 23:15,0
2022/7/12 23:30,0
2022/7/12 23:45,0
2022/7/13 0:00,0
2022/7/13 0:15,0
2022/7/13 0:30,0
2022/7/13 0:45,0
2022/7/13 1:00,0
2022/7/13 1:15,0
2022/7/13 1:30,0
2022/7/13 1:45,0
2022/7/13 2:00,0
2022/7/13 2:15,0
2022/7/13 2:30,0
2022/7/13 2:45,0
2022/7/13 3:00,0
2022/7/13 3:15,0
2022/7/13 3:30,0
2022/7/13 3:45,0
2022/7/13 4:00,0
2022/7/13 4:15,0
2022/7/13 4:30,0
2022/7/13 4:45,0
2022/7/13 5:00,0
2022/7/13 5:15,0
2022/7/13 5:30,0
2022/7/13 5:45,0
2022/7/13 6:00,0
2022/7/13 6:15,0
2022/7/13 6:30,0
2022/7/13 6:45,0
2022/7/13 7:00,0.011722895
2022/7/13 7:15,0.020359112
2022/7/13 7:30,0.028605788
2022/7/13 7:45,0.038534537
2022/7/13 8:00,0.043704714
2022/7/13 8:15,0.050752287
2022/7/13 8:30,0.060290416
2022/7/13 8:45,0.059457624
2022/7/13 9:00,0.064063828
2022/7/13 9:15,0.065523584
2022/7/13 9:30,0.067887884
2022/7/13 9:45,0.068429182
2022/7/13 10:00,0.072994081
2022/7/13 10:15,0.075946614
2022/7/13 10:30,0.081476182
2022/7/13 10:45,0.092038544
2022/7/13 11:00,0.10627453
2022/7/13 11:15,0.129800608
2022/7/13 11:30,0.145961728
2022/7/13 11:45,0.200089418
2022/7/13 12:00,0.282876511
2022/7/13 12:15,0.313869287
2022/7/13 12:30,0.351299915
2022/7/13 12:45,0.394732676
2022/7/13 13:00,0.424932035
2022/7/13 13:15,0.474650826
2022/7/13 13:30,0.527608356
2022/7/13 13:45,0.536823103
2022/7/13 14:00,0.525833
2022/7/13 14:15,0.516636683
2022/7/13 14:30,0.556194142
2022/7/13 14:45,0.585166942
2022/7/13 15:00,0.559985463
2022/7/13 15:15,0.505273505
2022/7/13 15:30,0.497708675
2022/7/13 15:45,0.489594504
2022/7/13 16:00,0.471746056
2022/7/13 16:15,0.44275161
2022/7/13 16:30,0.425978331
2022/7/13 16:45,0.380779233
2022/7/13 17:00,0.359971917
2022/7/13 17:15,0.325952807
2022/7/13 17:30,0.303149922
2022/7/13 17:45,0.26952142
2022/7/13 18:00,0.241899208
2022/7/13 18:15,0.195474331
2022/7/13 18:30,0.149354482
2022/7/13 18:45,0.107711753
2022/7/13 19:00,0.080393797
2022/7/13 19:15,0.047511089
2022/7/13 19:30,0.028946554
2022/7/13 19:45,0.018387365
2022/7/13 20:00,0.009752171
2022/7/13 20:15,0
2022/7/13 20:30,0
2022/7/13 20:45,0
2022/7/13 21:00,0
2022/7/13 21:15,0
2022/7/13 21:30,0
2022/7/13 21:45,0
2022/7/13 22:00,0
2022/7/13 22:15,0
2022/7/13 22:30,0
2022/7/13 22:45,0
2022/7/13 23:00,0
2022/7/13 23:15,0
2022/7/13 23:30,0
2022/7/13 23:45,0
2022/7/14 0:00,0
2022/7/14 0:15,0
2022/7/14 0:30,0
2022/7/14 0:45,0
2022/7/14 1:00,0
2022/7/14 1:15,0
2022/7/14 1:30,0
2022/7/14 1:45,0
2022/7/14 2:00,0
2022/7/14 2:15,0
2022/7/14 2:30,0
2022/7/14 2:45,0
2022/7/14 3:00,0
2022/7/14 3:15,0
2022/7/14 3:30,0
2022/7/14 3:45,0
2022/7/14 4:00,0
2022/7/14 4:15,0
2022/7/14 4:30,0
2022/7/14 4:45,0
2022/7/14 5:00,0
2022/7/14 5:15,0
2022/7/14 5:30,0
2022/7/14 5:45,0
2022/7/14 6:00,0
2022/7/14 6:15,0
2022/7/14 6:30,0
2022/7/14 6:45,0
2022/7/14 7:00,0.012415003
2022/7/14 7:15,0.02157518
2022/7/14 7:30,0.031202512
2022/7/14 7:45,0.041513087
2022/7/14 8:00,0.045967143
2022/7/14 8:15,0.053832787
2022/7/14 8:30,0.064040166
2022/7/14 8:45,0.068120409
2022/7/14 9:00,0.071749886
2022/7/14 9:15,0.073369918
2022/7/14 9:30,0.070559073
2022/7/14 9:45,0.070852968
2022/7/14 10:00,0.075032204
2022/7/14 10:15,0.080122553
2022/7/14 10:30,0.088271214
2022/7/14 10:45,0.09832542
2022/7/14 11:00,0.11439841
2022/7/14 11:15,0.139353888
2022/7/14 11:30,0.159381831
2022/7/14 11:45,0.216507282
2022/7/14 12:00,0.298589073
2022/7/14 12:15,0.337381213
2022/7/14 12:30,0.373149506
2022/7/14 12:45,0.424608631
2022/7/14 13:00,0.44641694
2022/7/14 13:15,0.495013542
2022/7/14 13:30,0.548049512
2022/7/14 13:45,0.566004707
2022/7/14 14:00,0.573231181
2022/7/14 14:15,0.547380494
2022/7/14 14:30,0.589730426
2022/7/14 14:45,0.607813673
2022/7/14 15:00,0.610602296
2022/7/14 15:15,0.550185966
2022/7/14 15:30,0.554442833
2022/7/14 15:45,0.543042038
2022/7/14 16:00,0.529014153
2022/7/14 16:15,0.489064427
2022/7/14 16:30,0.461357455
2022/7/14 16:45,0.399852349
2022/7/14 17:00,0.379331134
2022/7/14 17:15,0.342951328
2022/7/14 17:30,0.328338869
2022/7/14 17:45,0.292463058
2022/7/14 18:00,0.268247825
2022/7/14 18:15,0.219254337
2022/7/14 18:30,0.170485258
2022/7/14 18:45,0.119575204
2022/7/14 19:00,0.087675813
2022/7/14 19:15,0.050659228
2022/7/14 19:30,0.031250591
2022/7/14 19:45,0.019411902
2022/7/14 20:00,0.010259011
2022/7/14 20:15,0
2022/7/14 20:30,0
2022/7/14 20:45,0
2022/7/14 21:00,0
2022/7/14 21:15,0
2022/7/14 21:30,0
2022/7/14 21:45,0
2022/7/14 22:00,0
2022/7/14 22:15,0
2022/7/14 22:30,0
2022/7/14 22:45,0
2022/7/14 23:00,0
2022/7/14 23:15,0
2022/7/14 23:30,0
2022/7/14 23:45,0
2022/7/15 0:00,0
2022/7/15 0:15,0
2022/7/15 0:30,0
2022/7/15 0:45,0
2022/7/15 1:00,0
2022/7/15 1:15,0
2022/7/15 1:30,0
2022/7/15 1:45,0
2022/7/15 2:00,0
2022/7/15 2:15,0
2022/7/15 2:30,0
2022/7/15 2:45,0
2022/7/15 3:00,0
2022/7/15 3:15,0
2022/7/15 3:30,0
2022/7/15 3:45,0
2022/7/15 4:00,0
2022/7/15 4:15,0
2022/7/15 4:30,0
2022/7/15 4:45,0
2022/7/15 5:00,0
2022/7/15 5:15,0
2022/7/15 5:30,0
2022/7/15 5:45,0
2022/7/15 6:00,0
2022/7/15 6:15,0
2022/7/15 6:30,0
2022/7/15 6:45,0
2022/7/15 7:00,0.011825184
2022/7/15 7:15,0.020279864
2022/7/15 7:30,0.028952023
2022/7/15 7:45,0.039213511
2022/7/15 8:00,0.044093614
2022/7/15 8:15,0.051508821
2022/7/15 8:30,0.061765373
2022/7/15 8:45,0.064065609
2022/7/15 9:00,0.067653195
2022/7/15 9:15,0.067906119
2022/7/15 9:30,0.066619418
2022/7/15 9:45,0.067921606
2022/7/15 10:00,0.07193034
2022/7/15 10:15,0.078402727
2022/7/15 10:30,0.081548161
2022/7/15 10:45,0.091672098
2022/7/15 11:00,0.104043547
2022/7/15 11:15,0.129544679
2022/7/15 11:30,0.150925802
2022/7/15 11:45,0.205674249
2022/7/15 12:00,0.295052789
2022/7/15 12:15,0.317140782
2022/7/15 12:30,0.360484562
2022/7/15 12:45,0.399302548
2022/7/15 13:00,0.433017622
2022/7/15 13:15,0.473707688
2022/7/15 13:30,0.524500827
2022/7/15 13:45,0.544674265
2022/7/15 14:00,0.541202934
2022/7/15 14:15,0.54149149
2022/7/15 14:30,0.573295906
2022/7/15 14:45,0.592010852
2022/7/15 15:00,0.573207595
2022/7/15 15:15,0.520095391
2022/7/15 15:30,0.514720955
2022/7/15 15:45,0.499778197
2022/7/15 16:00,0.477762281
2022/7/15 16:15,0.455183439
2022/7/15 16:30,0.42913741
2022/7/15 16:45,0.383986041
2022/7/15 17:00,0.362968514
2022/7/15 17:15,0.332992598
2022/7/15 17:30,0.312296321
2022/7/15 17:45,0.281901107
2022/7/15 18:00,0.255231584
2022/7/15 18:15,0.214015234
2022/7/15 18:30,0.162800203
2022/7/15 18:45,0.11353919
2022/7/15 19:00,0.080665212
2022/7/15 19:15,0.046973336
2022/7/15 19:30,0.029467587
2022/7/15 19:45,0.018860715
2022/7/15 20:00,0.009972733
2022/7/15 20:15,0
2022/7/15 20:30,0
2022/7/15 20:45,0
2022/7/15 21:00,0
2022/7/15 21:15,0
2022/7/15 21:30,0
2022/7/15 21:45,0
2022/7/15 22:00,0
2022/7/15 22:15,0
2022/7/15 22:30,0
2022/7/15 22:45,0
2022/7/15 23:00,0
2022/7/15 23:15,0
2022/7/15 23:30,0
2022/7/15 23:45,0
2022/7/16 0:00,0
2022/7/16 0:15,0
2022/7/16 0:30,0
2022/7/16 0:45,0
2022/7/16 1:00,0
2022/7/16 1:15,0
2022/7/16 1:30,0
2022/7/16 1:45,0
2022/7/16 2:00,0
2022/7/16 2:15,0
2022/7/16 2:30,0
2022/7/16 2:45,0
2022/7/16 3:00,0
2022/7/16 3:15,0
2022/7/16 3:30,0
2022/7/16 3:45,0
2022/7/16 4:00,0
2022/7/16 4:15,0
2022/7/16 4:30,0
2022/7/16 4:45,0
2022/7/16 5:00,0
2022/7/16 5:15,0
2022/7/16 5:30,0
2022/7/16 5:45,0
2022/7/16 6:00,0
2022/7/16 6:15,0
2022/7/16 6:30,0
2022/7/16 6:45,0
2022/7/16 7:00,0.011839068
2022/7/16 7:15,0.020483484
2022/7/16 7:30,0.030726647
2022/7/16 7:45,0.040993529
2022/7/16 8:00,0.044669754
2022/7/16 8:15,0.050284848
2022/7/16 8:30,0.060185701
2022/7/16 8:45,0.061883291
2022/7/16 9:00,0.066794624
2022/7/16 9:15,0.067644858
2022/7/16 9:30,0.068532153
2022/7/16 9:45,0.068927067
2022/7/16 10:00,0.073448081
2022/7/16 10:15,0.076142049
2022/7/16 10:30,0.081822492
2022/7/16 10:45,0.09361809
2022/7/16 11:00,0.106988952
2022/7/16 11:15,0.128707397
2022/7/16 11:30,0.143067049
2022/7/16 11:45,0.198927616
2022/7/16 12:00,0.287634234
2022/7/16 12:15,0.320594349
2022/7/16 12:30,0.356012138
2022/7/16 12:45,0.381915795
2022/7/16 13:00,0.422717719
2022/7/16 13:15,0.470198137
2022/7/16 13:30,0.527418892
2022/7/16 13:45,0.516149479
2022/7/16 14:00,0.530101228
2022/7/16 14:15,0.522240794
2022/7/16 14:30,0.586053019
2022/7/16 14:45,0.60553846
2022/7/16 15:00,0.60175019
2022/7/16 15:15,0.534940457
2022/7/16 15:30,0.522308808
2022/7/16 15:45,0.504729828
2022/7/16 16:00,0.475830154
2022/7/16 16:15,0.427736851
2022/7/16 16:30,0.397248134
2022/7/16 16:45,0.354755767
2022/7/16 17:00,0.341816758
2022/7/16 17:15,0.320338062
2022/7/16 17:30,0.295693128
2022/7/16 17:45,0.272819444
2022/7/16 18:00,0.248903064
2022/7/16 18:15,0.211888808
2022/7/16 18:30,0.161171787
2022/7/16 18:45,0.115391443
2022/7/16 19:00,0.082391279
2022/7/16 19:15,0.048457478
2022/7/16 19:30,0.028791777
2022/7/16 19:45,0.018467737
2022/7/16 20:00,0.009941245
2022/7/16 20:15,0
2022/7/16 20:30,0
2022/7/16 20:45,0
2022/7/16 21:00,0
2022/7/16 21:15,0
2022/7/16 21:30,0
2022/7/16 21:45,0
2022/7/16 22:00,0
2022/7/16 22:15,0
2022/7/16 22:30,0
2022/7/16 22:45,0
2022/7/16 23:00,0
2022/7/16 23:15,0
2022/7/16 23:30,0
2022/7/16 23:45,0
2022/7/17 0:00,0
2022/7/17 0:15,0
2022/7/17 0:30,0
2022/7/17 0:45,0
2022/7/17 1:00,0
2022/7/17 1:15,0
2022/7/17 1:30,0
2022/7/17 1:45,0
2022/7/17 2:00,0
2022/7/17 2:15,0
2022/7/17 2:30,0
2022/7/17 2:45,0
2022/7/17 3:00,0
2022/7/17 3:15,0
2022/7/17 3:30,0
2022/7/17 3:45,0
2022/7/17 4:00,0
2022/7/17 4:15,0
2022/7/17 4:30,0
2022/7/17 4:45,0
2022/7/17 5:00,0
2022/7/17 5:15,0
2022/7/17 5:30,0
2022/7/17 5:45,0
2022/7/17 6:00,0
2022/7/17 6:15,0
2022/7/17 6:30,0
2022/7/17 6:45,0
2022/7/17 7:00,0.012453585
2022/7/17 7:15,0.02122534
2022/7/17 7:30,0.030932677
2022/7/17 7:45,0.039998761
2022/7/17 8:00,0.045063022
2022/7/17 8:15,0.051418771
2022/7/17 8:30,0.062896146
2022/7/17 8:45,0.065220404
2022/7/17 9:00,0.067407273
2022/7/17 9:15,0.069553265
2022/7/17 9:30,0.066961867
2022/7/17 9:45,0.071186179
2022/7/17 10:00,0.072536714
2022/7/17 10:15,0.079559737
2022/7/17 10:30,0.080868788
2022/7/17 10:45,0.091467041
2022/7/17 11:00,0.101936993
2022/7/17 11:15,0.129963419
2022/7/17 11:30,0.146300383
2022/7/17 11:45,0.201040187
2022/7/17 12:00,0.270483547
2022/7/17 12:15,0.311259828
2022/7/17 12:30,0.35468652
2022/7/17 12:45,0.415421033
2022/7/17 13:00,0.444668734
2022/7/17 13:15,0.4730346
2022/7/17 13:30,0.503317622
2022/7/17 13:45,0.513875726
2022/7/17 14:00,0.533635429
2022/7/17 14:15,0.553905887
2022/7/17 14:30,0.599231131
2022/7/17 14:45,0.618729205
2022/7/17 15:00,0.579764199
2022/7/17 15:15,0.523182721
2022/7/17 15:30,0.51288715
2022/7/17 15:45,0.516241236
2022/7/17 16:00,0.495487431
2022/7/17 16:15,0.452101624
2022/7/17 16:30,0.421035358
2022/7/17 16:45,0.364269384
2022/7/17 17:00,0.360769476
2022/7/17 17:15,0.328259592
2022/7/17 17:30,0.303502282
2022/7/17 17:45,0.262291471
2022/7/17 18:00,0.236532213
2022/7/17 18:15,0.202179707
2022/7/17 18:30,0.159296705
2022/7/17 18:45,0.113614353
2022/7/17 19:00,0.082641296
2022/7/17 19:15,0.047568281
2022/7/17 19:30,0.030060782
2022/7/17 19:45,0.019281815
2022/7/17 20:00,0.010574149
2022/7/17 20:15,0
2022/7/17 20:30,0
2022/7/17 20:45,0
2022/7/17 21:00,0
2022/7/17 21:15,0
2022/7/17 21:30,0
2022/7/17 21:45,0
2022/7/17 22:00,0
2022/7/17 22:15,0
2022/7/17 22:30,0
2022/7/17 22:45,0
2022/7/17 23:00,0
2022/7/17 23:15,0
2022/7/17 23:30,0
2022/7/17 23:45,0
2022/7/18 0:00,0
2022/7/18 0:15,0
2022/7/18 0:30,0
2022/7/18 0:45,0
2022/7/18 1:00,0
2022/7/18 1:15,0
2022/7/18 1:30,0
2022/7/18 1:45,0
2022/7/18 2:00,0
2022/7/18 2:15,0
2022/7/18 2:30,0
2022/7/18 2:45,0
2022/7/18 3:00,0
2022/7/18 3:15,0
2022/7/18 3:30,0
2022/7/18 3:45,0
2022/7/18 4:00,0
2022/7/18 4:15,0
2022/7/18 4:30,0
2022/7/18 4:45,0
2022/7/18 5:00,0
2022/7/18 5:15,0
2022/7/18 5:30,0
2022/7/18 5:45,0
2022/7/18 6:00,0
2022/7/18 6:15,0
2022/7/18 6:30,0
2022/7/18 6:45,0
2022/7/18 7:00,0.011434301
2022/7/18 7:15,0.019282037
2022/7/18 7:30,0.027529766
2022/7/18 7:45,0.036458683
2022/7/18 8:00,0.041757604
2022/7/18 8:15,0.047468574
2022/7/18 8:30,0.058915842
2022/7/18 8:45,0.058249043
2022/7/18 9:00,0.060998612
2022/7/18 9:15,0.061883162
2022/7/18 9:30,0.063564995
2022/7/18 9:45,0.065568501
2022/7/18 10:00,0.068763515
2022/7/18 10:15,0.072525234
2022/7/18 10:30,0.077929452
2022/7/18 10:45,0.083104324
2022/7/18 11:00,0.09780493
2022/7/18 11:15,0.116620994
2022/7/18 11:30,0.138017559
2022/7/18 11:45,0.180999221
2022/7/18 12:00,0.269711091
2022/7/18 12:15,0.295796899
2022/7/18 12:30,0.33533254
2022/7/18 12:45,0.365170521
2022/7/18 13:00,0.400921393
2022/7/18 13:15,0.445783973
2022/7/18 13:30,0.4882706
2022/7/18 13:45,0.499316881
2022/7/18 14:00,0.487837878
2022/7/18 14:15,0.473633299
2022/7/18 14:30,0.498813393
2022/7/18 14:45,0.509589891
2022/7/18 15:00,0.495239016
2022/7/18 15:15,0.456832764
2022/7/18 15:30,0.481785021
2022/7/18 15:45,0.465804555
2022/7/18 16:00,0.465295485
2022/7/18 16:15,0.416909758
2022/7/18 16:30,0.405340832
2022/7/18 16:45,0.344918203
2022/7/18 17:00,0.336696945
2022/7/18 17:15,0.307567538
2022/7/18 17:30,0.285816467
2022/7/18 17:45,0.250992105
2022/7/18 18:00,0.226977841
2022/7/18 18:15,0.191165865
2022/7/18 18:30,0.146770416
2022/7/18 18:45,0.104793803
2022/7/18 19:00,0.075095108
2022/7/18 19:15,0.043649136
2022/7/18 19:30,0.025963748
2022/7/18 19:45,0.016841967
2022/7/18 20:00,0.009246622
2022/7/18 20:15,0
2022/7/18 20:30,0
2022/7/18 20:45,0
2022/7/18 21:00,0
2022/7/18 21:15,0
2022/7/18 21:30,0
2022/7/18 21:45,0
2022/7/18 22:00,0
2022/7/18 22:15,0
2022/7/18 22:30,0
2022/7/18 22:45,0
2022/7/18 23:00,0
2022/7/18 23:15,0
2022/7/18 23:30,0
2022/7/18 23:45,0
2022/7/19 0:00,0
2022/7/19 0:15,0
2022/7/19 0:30,0
2022/7/19 0:45,0
2022/7/19 1:00,0
2022/7/19 1:15,0
2022/7/19 1:30,0
2022/7/19 1:45,0
2022/7/19 2:00,0
2022/7/19 2:15,0
2022/7/19 2:30,0
2022/7/19 2:45,0
2022/7/19 3:00,0
2022/7/19 3:15,0
2022/7/19 3:30,0
2022/7/19 3:45,0
2022/7/19 4:00,0
2022/7/19 4:15,0
2022/7/19 4:30,0
2022/7/19 4:45,0
2022/7/19 5:00,0
2022/7/19 5:15,0
2022/7/19 5:30,0
2022/7/19 5:45,0
2022/7/19 6:00,0
2022/7/19 6:15,0
2022/7/19 6:30,0
2022/7/19 6:45,0
2022/7/19 7:00,0.012949804
2022/7/19 7:15,0.02235846
2022/7/19 7:30,0.031906171
2022/7/19 7:45,0.042254936
2022/7/19 8:00,0.046099953
2022/7/19 8:15,0.054205408
2022/7/19 8:30,0.06364236
2022/7/19 8:45,0.069168807
2022/7/19 9:00,0.072885039
2022/7/19 9:15,0.07388481
2022/7/19 9:30,0.071222646
2022/7/19 9:45,0.071268799
2022/7/19 10:00,0.075417321
2022/7/19 10:15,0.080185926
2022/7/19 10:30,0.086602758
2022/7/19 10:45,0.099640935
2022/7/19 11:00,0.115516885
2022/7/19 11:15,0.140655415
2022/7/19 11:30,0.156063181
2022/7/19 11:45,0.212786051
2022/7/19 12:00,0.309479843
2022/7/19 12:15,0.345964919
2022/7/19 12:30,0.388472623
2022/7/19 12:45,0.423353973
2022/7/19 13:00,0.45663679
2022/7/19 13:15,0.500928747
2022/7/19 13:30,0.565277077
2022/7/19 13:45,0.574728527
2022/7/19 14:00,0.58026198
2022/7/19 14:15,0.567713146
2022/7/19 14:30,0.606578951
2022/7/19 14:45,0.628481966
2022/7/19 15:00,0.605468059
2022/7/19 15:15,0.561006403
2022/7/19 15:30,0.552505635
2022/7/19 15:45,0.546095894
2022/7/19 16:00,0.519952954
2022/7/19 16:15,0.481631859
2022/7/19 16:30,0.457146197
2022/7/19 16:45,0.409649294
2022/7/19 17:00,0.397763613
2022/7/19 17:15,0.364303683
2022/7/19 17:30,0.342287851
2022/7/19 17:45,0.29707278
2022/7/19 18:00,0.269233305
2022/7/19 18:15,0.221320738
2022/7/19 18:30,0.172841197
2022/7/19 18:45,0.123703717
2022/7/19 19:00,0.08990278
2022/7/19 19:15,0.052199095
2022/7/19 19:30,0.031425678
2022/7/19 19:45,0.019507321
2022/7/19 20:00,0.010419904
2022/7/19 20:15,0
2022/7/19 20:30,0
2022/7/19 20:45,0
2022/7/19 21:00,0
2022/7/19 21:15,0
2022/7/19 21:30,0
2022/7/19 21:45,0
2022/7/19 22:00,0
2022/7/19 22:15,0
2022/7/19 22:30,0
2022/7/19 22:45,0
2022/7/19 23:00,0
2022/7/19 23:15,0
2022/7/19 23:30,0
2022/7/19 23:45,0
2022/7/20 0:00,0
2022/7/20 0:15,0
2022/7/20 0:30,0
2022/7/20 0:45,0
2022/7/20 1:00,0
2022/7/20 1:15,0
2022/7/20 1:30,0
2022/7/20 1:45,0
2022/7/20 2:00,0
2022/7/20 2:15,0
2022/7/20 2:30,0
2022/7/20 2:45,0
2022/7/20 3:00,0
2022/7/20 3:15,0
2022/7/20 3:30,0
2022/7/20 3:45,0
2022/7/20 4:00,0
2022/7/20 4:15,0
2022/7/20 4:30,0
2022/7/20 4:45,0
2022/7/20 5:00,0
2022/7/20 5:15,0
2022/7/20 5:30,0
2022/7/20 5:45,0
2022/7/20 6:00,0
2022/7/20 6:15,0
2022/7/20 6:30,0
2022/7/20 6:45,0
2022/7/20 7:00,0.011939279
2022/7/20 7:15,0.019834968
2022/7/20 7:30,0.029364802
2022/7/20 7:45,0.038697725
2022/7/20 8:00,0.042865672
2022/7/20 8:15,0.048691155
2022/7/20 8:30,0.059188011
2022/7/20 8:45,0.064149034
2022/7/20 9:00,0.068102913
2022/7/20 9:15,0.070225486
2022/7/20 9:30,0.070411777
2022/7/20 9:45,0.0734367
2022/7/20 10:00,0.076932812
2022/7/20 10:15,0.079183425
2022/7/20 10:30,0.082038604
2022/7/20 10:45,0.095786318
2022/7/20 11:00,0.11409913
2022/7/20 11:15,0.145535692
2022/7/20 11:30,0.161522689
2022/7/20 11:45,0.209510171
2022/7/20 12:00,0.292061683
2022/7/20 12:15,0.320168386
2022/7/20 12:30,0.345855088
2022/7/20 12:45,0.40309324
2022/7/20 13:00,0.435904502
2022/7/20 13:15,0.504457762
2022/7/20 13:30,0.524269281
2022/7/20 13:45,0.51975525
2022/7/20 14:00,0.529506076
2022/7/20 14:15,0.524039296
2022/7/20 14:30,0.565497973
2022/7/20 14:45,0.568818842
2022/7/20 15:00,0.556074713
2022/7/20 15:15,0.512930732
2022/7/20 15:30,0.520856601
2022/7/20 15:45,0.503338412
2022/7/20 16:00,0.482934917
2022/7/20 16:15,0.455620678
2022/7/20 16:30,0.430744749
2022/7/20 16:45,0.368837901
2022/7/20 17:00,0.347375346
2022/7/20 17:15,0.316042197
2022/7/20 17:30,0.317032632
2022/7/20 17:45,0.283213787
2022/7/20 18:00,0.260478127
2022/7/20 18:15,0.210392496
2022/7/20 18:30,0.153098382
2022/7/20 18:45,0.107197382
2022/7/20 19:00,0.07575741
2022/7/20 19:15,0.045920508
2022/7/20 19:30,0.028129898
2022/7/20 19:45,0.018837981
2022/7/20 20:00,0.010326645
2022/7/20 20:15,0
2022/7/20 20:30,0
2022/7/20 20:45,0
2022/7/20 21:00,0
2022/7/20 21:15,0
2022/7/20 21:30,0
2022/7/20 21:45,0
2022/7/20 22:00,0
2022/7/20 22:15,0
2022/7/20 22:30,0
2022/7/20 22:45,0
2022/7/20 23:00,0
2022/7/20 23:15,0
2022/7/20 23:30,0
2022/7/20 23:45,0
2022/7/21 0:00,0
2022/7/21 0:15,0
2022/7/21 0:30,0
2022/7/21 0:45,0
2022/7/21 1:00,0
2022/7/21 1:15,0
2022/7/21 1:30,0
2022/7/21 1:45,0
2022/7/21 2:00,0
2022/7/21 2:15,0
2022/7/21 2:30,0
2022/7/21 2:45,0
2022/7/21 3:00,0
2022/7/21 3:15,0
2022/7/21 3:30,0
2022/7/21 3:45,0
2022/7/21 4:00,0
2022/7/21 4:15,0
2022/7/21 4:30,0
2022/7/21 4:45,0
2022/7/21 5:00,0
2022/7/21 5:15,0
2022/7/21 5:30,0
2022/7/21 5:45,0
2022/7/21 6:00,0
2022/7/21 6:15,0
2022/7/21 6:30,0
2022/7/21 6:45,0
2022/7/21 7:00,0.004430196
2022/7/21 7:15,0.007492147
2022/7/21 7:30,0.01101257
2022/7/21 7:45,0.014718532
2022/7/21 8:00,0.016528781
2022/7/21 8:15,0.018923328
2022/7/21 8:30,0.022344511
2022/7/21 8:45,0.023709052
2022/7/21 9:00,0.024943144
2022/7/21 9:15,0.025316172
2022/7/21 9:30,0.024568807
2022/7/21 9:45,0.025493795
2022/7/21 10:00,0.027281047
2022/7/21 10:15,0.029585032
2022/7/21 10:30,0.031004847
2022/7/21 10:45,0.03462195
2022/7/21 11:00,0.03940839
2022/7/21 11:15,0.048799554
2022/7/21 11:30,0.056399938
2022/7/21 11:45,0.076589259
2022/7/21 12:00,0.108430533
2022/7/21 12:15,0.12117655
2022/7/21 12:30,0.135743624
2022/7/21 12:45,0.151646069
2022/7/21 13:00,0.160423054
2022/7/21 13:15,0.176769508
2022/7/21 13:30,0.197902357
2022/7/21 13:45,0.201081928
2022/7/21 14:00,0.203661206
2022/7/21 14:15,0.198244795
2022/7/21 14:30,0.2098794
2022/7/21 14:45,0.214914273
2022/7/21 15:00,0.20834507
2022/7/21 15:15,0.190782309
2022/7/21 15:30,0.187144918
2022/7/21 15:45,0.182028436
2022/7/21 16:00,0.176554327
2022/7/21 16:15,0.168351945
2022/7/21 16:30,0.158860879
2022/7/21 16:45,0.141629753
2022/7/21 17:00,0.137541504
2022/7/21 17:15,0.125229864
2022/7/21 17:30,0.116390937
2022/7/21 17:45,0.099633469
2022/7/21 18:00,0.091279567
2022/7/21 18:15,0.075557423
2022/7/21 18:30,0.058978674
2022/7/21 18:45,0.041756285
2022/7/21 19:00,0.030277241
2022/7/21 19:15,0.017600977
2022/7/21 19:30,0.010728101
2022/7/21 19:45,0.006740004
2022/7/21 20:00,0.003620814
2022/7/21 20:15,0
2022/7/21 20:30,0
2022/7/21 20:45,0
2022/7/21 21:00,0
2022/7/21 21:15,0
2022/7/21 21:30,0
2022/7/21 21:45,0
2022/7/21 22:00,0
2022/7/21 22:15,0
2022/7/21 22:30,0
2022/7/21 22:45,0
2022/7/21 23:00,0
2022/7/21 23:15,0
2022/7/21 23:30,0
2022/7/21 23:45,0
2022/7/22 0:00,0
2022/7/22 0:15,0
2022/7/22 0:30,0
2022/7/22 0:45,0
2022/7/22 1:00,0
2022/7/22 1:15,0
2022/7/22 1:30,0
2022/7/22 1:45,0
2022/7/22 2:00,0
2022/7/22 2:15,0
2022/7/22 2:30,0
2022/7/22 2:45,0
2022/7/22 3:00,0
2022/7/22 3:15,0
2022/7/22 3:30,0
2022/7/22 3:45,0
2022/7/22 4:00,0
2022/7/22 4:15,0
2022/7/22 4:30,0
2022/7/22 4:45,0
2022/7/22 5:00,0
2022/7/22 5:15,0
2022/7/22 5:30,0
2022/7/22 5:45,0
2022/7/22 6:00,0
2022/7/22 6:15,0
2022/7/22 6:30,0
2022/7/22 6:45,0
2022/7/22 7:00,0.012537294
2022/7/22 7:15,0.021443632
2022/7/22 7:30,0.030942561
2022/7/22 7:45,0.0410921
2022/7/22 8:00,0.046396379
2022/7/22 8:15,0.053047266
2022/7/22 8:30,0.064684457
2022/7/22 8:45,0.066986885
2022/7/22 9:00,0.070126322
2022/7/22 9:15,0.070877933
2022/7/22 9:30,0.072009017
2022/7/22 9:45,0.07410083
2022/7/22 10:00,0.077974141
2022/7/22 10:15,0.081071727
2022/7/22 10:30,0.085080206
2022/7/22 10:45,0.094234887
2022/7/22 11:00,0.109791447
2022/7/22 11:15,0.141136335
2022/7/22 11:30,0.158522613
2022/7/22 11:45,0.212675538
2022/7/22 12:00,0.297687063
2022/7/22 12:15,0.335908528
2022/7/22 12:30,0.37750298
2022/7/22 12:45,0.41822326
2022/7/22 13:00,0.446223133
2022/7/22 13:15,0.494317183
2022/7/22 13:30,0.552569042
2022/7/22 13:45,0.569829117
2022/7/22 14:00,0.566535737
2022/7/22 14:15,0.545067135
2022/7/22 14:30,0.585445272
2022/7/22 14:45,0.604513824
2022/7/22 15:00,0.583857668
2022/7/22 15:15,0.530914711
2022/7/22 15:30,0.532217883
2022/7/22 15:45,0.537084071
2022/7/22 16:00,0.515100745
2022/7/22 16:15,0.477838895
2022/7/22 16:30,0.449849745
2022/7/22 16:45,0.402002789
2022/7/22 17:00,0.386976988
2022/7/22 17:15,0.350806818
2022/7/22 17:30,0.326783598
2022/7/22 17:45,0.290858565
2022/7/22 18:00,0.25883407
2022/7/22 18:15,0.20954049
2022/7/22 18:30,0.16030939
2022/7/22 18:45,0.115449571
2022/7/22 19:00,0.087419643
2022/7/22 19:15,0.05174701
2022/7/22 19:30,0.031619575
2022/7/22 19:45,0.019598206
2022/7/22 20:00,0.010243176
2022/7/22 20:15,0
2022/7/22 20:30,0
2022/7/22 20:45,0
2022/7/22 21:00,0
2022/7/22 21:15,0
2022/7/22 21:30,0
2022/7/22 21:45,0
2022/7/22 22:00,0
2022/7/22 22:15,0
2022/7/22 22:30,0
2022/7/22 22:45,0
2022/7/22 23:00,0
2022/7/22 23:15,0
2022/7/22 23:30,0
2022/7/22 23:45,0
2022/7/23 0:00,0
2022/7/23 0:15,0
2022/7/23 0:30,0
2022/7/23 0:45,0
2022/7/23 1:00,0
2022/7/23 1:15,0
2022/7/23 1:30,0
2022/7/23 1:45,0
2022/7/23 2:00,0
2022/7/23 2:15,0
2022/7/23 2:30,0
2022/7/23 2:45,0
2022/7/23 3:00,0
2022/7/23 3:15,0
2022/7/23 3:30,0
2022/7/23 3:45,0
2022/7/23 4:00,0
2022/7/23 4:15,0
2022/7/23 4:30,0
2022/7/23 4:45,0
2022/7/23 5:00,0
2022/7/23 5:15,0
2022/7/23 5:30,0
2022/7/23 5:45,0
2022/7/23 6:00,0
2022/7/23 6:15,0
2022/7/23 6:30,0
2022/7/23 6:45,0
2022/7/23 7:00,0.010764238
2022/7/23 7:15,0.017559929
2022/7/23 7:30,0.025249265
2022/7/23 7:45,0.033642286
2022/7/23 8:00,0.037455058
2022/7/23 8:15,0.04238859
2022/7/23 8:30,0.051820792
2022/7/23 8:45,0.055724273
2022/7/23 9:00,0.059420811
2022/7/23 9:15,0.06211087
2022/7/23 9:30,0.062437187
2022/7/23 9:45,0.067004402
2022/7/23 10:00,0.069762347
2022/7/23 10:15,0.0728651
2022/7/23 10:30,0.074800294
2022/7/23 10:45,0.081830056
2022/7/23 11:00,0.0938473
2022/7/23 11:15,0.119614448
2022/7/23 11:30,0.136391917
2022/7/23 11:45,0.184582024
2022/7/23 12:00,0.257942638
2022/7/23 12:15,0.290178361
2022/7/23 12:30,0.328035478
2022/7/23 12:45,0.358011479
2022/7/23 13:00,0.371458936
2022/7/23 13:15,0.409028506
2022/7/23 13:30,0.455835345
2022/7/23 13:45,0.490889715
2022/7/23 14:00,0.506528972
2022/7/23 14:15,0.514259822
2022/7/23 14:30,0.549464876
2022/7/23 14:45,0.551103624
2022/7/23 15:00,0.530557462
2022/7/23 15:15,0.472241625
2022/7/23 15:30,0.461471274
2022/7/23 15:45,0.450407941
2022/7/23 16:00,0.439513127
2022/7/23 16:15,0.437527909
2022/7/23 16:30,0.405364276
2022/7/23 16:45,0.350895076
2022/7/23 17:00,0.321693175
2022/7/23 17:15,0.296235699
2022/7/23 17:30,0.27820501
2022/7/23 17:45,0.249128482
2022/7/23 18:00,0.225287843
2022/7/23 18:15,0.184855083
2022/7/23 18:30,0.141547995
2022/7/23 18:45,0.101824406
2022/7/23 19:00,0.075307318
2022/7/23 19:15,0.044879395
2022/7/23 19:30,0.027705299
2022/7/23 19:45,0.01787313
2022/7/23 20:00,0.009505549
2022/7/23 20:15,0
2022/7/23 20:30,0
2022/7/23 20:45,0
2022/7/23 21:00,0
2022/7/23 21:15,0
2022/7/23 21:30,0
2022/7/23 21:45,0
2022/7/23 22:00,0
2022/7/23 22:15,0
2022/7/23 22:30,0
2022/7/23 22:45,0
2022/7/23 23:00,0
2022/7/23 23:15,0
2022/7/23 23:30,0
2022/7/23 23:45,0
2022/7/24 0:00,0
2022/7/24 0:15,0
2022/7/24 0:30,0
2022/7/24 0:45,0
2022/7/24 1:00,0
2022/7/24 1:15,0
2022/7/24 1:30,0
2022/7/24 1:45,0
2022/7/24 2:00,0
2022/7/24 2:15,0
2022/7/24 2:30,0
2022/7/24 2:45,0
2022/7/24 3:00,0
2022/7/24 3:15,0
2022/7/24 3:30,0
2022/7/24 3:45,0
2022/7/24 4:00,0
2022/7/24 4:15,0
2022/7/24 4:30,0
2022/7/24 4:45,0
2022/7/24 5:00,0
2022/7/24 5:15,0
2022/7/24 5:30,0
2022/7/24 5:45,0
2022/7/24 6:00,0
2022/7/24 6:15,0
2022/7/24 6:30,0
2022/7/24 6:45,0
2022/7/24 7:00,0.011653674
2022/7/24 7:15,0.019383877
2022/7/24 7:30,0.027860327
2022/7/24 7:45,0.037371745
2022/7/24 8:00,0.042527078
2022/7/24 8:15,0.049607452
2022/7/24 8:30,0.057545147
2022/7/24 8:45,0.059774071
2022/7/24 9:00,0.062573633
2022/7/24 9:15,0.064732648
2022/7/24 9:30,0.06306439
2022/7/24 9:45,0.064890238
2022/7/24 10:00,0.067564248
2022/7/24 10:15,0.073905675
2022/7/24 10:30,0.075569026
2022/7/24 10:45,0.086518493
2022/7/24 11:00,0.100998657
2022/7/24 11:15,0.128986346
2022/7/24 11:30,0.145023307
2022/7/24 11:45,0.187952166
2022/7/24 12:00,0.268300968
2022/7/24 12:15,0.292882112
2022/7/24 12:30,0.32365082
2022/7/24 12:45,0.356902827
2022/7/24 13:00,0.383023815
2022/7/24 13:15,0.436782491
2022/7/24 13:30,0.483716356
2022/7/24 13:45,0.510594327
2022/7/24 14:00,0.515650313
2022/7/24 14:15,0.493889825
2022/7/24 14:30,0.524127612
2022/7/24 14:45,0.554893518
2022/7/24 15:00,0.543730215
2022/7/24 15:15,0.483157514
2022/7/24 15:30,0.452638891
2022/7/24 15:45,0.443627056
2022/7/24 16:00,0.431243186
2022/7/24 16:15,0.412113381
2022/7/24 16:30,0.402130979
2022/7/24 16:45,0.364783447
2022/7/24 17:00,0.344513959
2022/7/24 17:15,0.313075344
2022/7/24 17:30,0.302415396
2022/7/24 17:45,0.270870928
2022/7/24 18:00,0.238574734
2022/7/24 18:15,0.192294928
2022/7/24 18:30,0.14828648
2022/7/24 18:45,0.106870026
2022/7/24 19:00,0.077409405
2022/7/24 19:15,0.044500209
2022/7/24 19:30,0.028112495
2022/7/24 19:45,0.017684239
2022/7/24 20:00,0.009809675
2022/7/24 20:15,0
2022/7/24 20:30,0
2022/7/24 20:45,0
2022/7/24 21:00,0
2022/7/24 21:15,0
2022/7/24 21:30,0
2022/7/24 21:45,0
2022/7/24 22:00,0
2022/7/24 22:15,0
2022/7/24 22:30,0
2022/7/24 22:45,0
2022/7/24 23:00,0
2022/7/24 23:15,0
2022/7/24 23:30,0
2022/7/24 23:45,0
2022/7/25 0:00,0
2022/7/25 0:15,0
2022/7/25 0:30,0
2022/7/25 0:45,0
2022/7/25 1:00,0
2022/7/25 1:15,0
2022/7/25 1:30,0
2022/7/25 1:45,0
2022/7/25 2:00,0
2022/7/25 2:15,0
2022/7/25 2:30,0
2022/7/25 2:45,0
2022/7/25 3:00,0
2022/7/25 3:15,0
2022/7/25 3:30,0
2022/7/25 3:45,0
2022/7/25 4:00,0
2022/7/25 4:15,0
2022/7/25 4:30,0
2022/7/25 4:45,0
2022/7/25 5:00,0
2022/7/25 5:15,0
2022/7/25 5:30,0
2022/7/25 5:45,0
2022/7/25 6:00,0
2022/7/25 6:15,0
2022/7/25 6:30,0
2022/7/25 6:45,0
2022/7/25 7:00,0.012672468
2022/7/25 7:15,0.022198156
2022/7/25 7:30,0.031539927
2022/7/25 7:45,0.042235423
2022/7/25 8:00,0.046046707
2022/7/25 8:15,0.053459004
2022/7/25 8:30,0.063823497
2022/7/25 8:45,0.065230459
2022/7/25 9:00,0.067498245
2022/7/25 9:15,0.068741415
2022/7/25 9:30,0.070650558
2022/7/25 9:45,0.072764255
2022/7/25 10:00,0.077222553
2022/7/25 10:15,0.081516417
2022/7/25 10:30,0.087198379
2022/7/25 10:45,0.096511911
2022/7/25 11:00,0.111763117
2022/7/25 11:15,0.137560555
2022/7/25 11:30,0.158296226
2022/7/25 11:45,0.21284937
2022/7/25 12:00,0.302931736
2022/7/25 12:15,0.336131916
2022/7/25 12:30,0.374605901
2022/7/25 12:45,0.419119246
2022/7/25 13:00,0.440607142
2022/7/25 13:15,0.498396341
2022/7/25 13:30,0.54369859
2022/7/25 13:45,0.563022564
2022/7/25 14:00,0.56046098
2022/7/25 14:15,0.54545698
2022/7/25 14:30,0.579343536
2022/7/25 14:45,0.5990829
2022/7/25 15:00,0.594564942
2022/7/25 15:15,0.546743084
2022/7/25 15:30,0.531438406
2022/7/25 15:45,0.52326164
2022/7/25 16:00,0.50480553
2022/7/25 16:15,0.472252011
2022/7/25 16:30,0.449419651
2022/7/25 16:45,0.403225031
2022/7/25 17:00,0.396182545
2022/7/25 17:15,0.348717624
2022/7/25 17:30,0.326168543
2022/7/25 17:45,0.287938451
2022/7/25 18:00,0.265196962
2022/7/25 18:15,0.220342196
2022/7/25 18:30,0.168695727
2022/7/25 18:45,0.122887929
2022/7/25 19:00,0.089437336
2022/7/25 19:15,0.050204088
2022/7/25 19:30,0.029802261
2022/7/25 19:45,0.018668771
2022/7/25 20:00,0.010261085
2022/7/25 20:15,0
2022/7/25 20:30,0
2022/7/25 20:45,0
2022/7/25 21:00,0
2022/7/25 21:15,0
2022/7/25 21:30,0
2022/7/25 21:45,0
2022/7/25 22:00,0
2022/7/25 22:15,0
2022/7/25 22:30,0
2022/7/25 22:45,0
2022/7/25 23:00,0
2022/7/25 23:15,0
2022/7/25 23:30,0
2022/7/25 23:45,0
2022/7/26 0:00,0
2022/7/26 0:15,0
2022/7/26 0:30,0
2022/7/26 0:45,0
2022/7/26 1:00,0
2022/7/26 1:15,0
2022/7/26 1:30,0
2022/7/26 1:45,0
2022/7/26 2:00,0
2022/7/26 2:15,0
2022/7/26 2:30,0
2022/7/26 2:45,0
2022/7/26 3:00,0
2022/7/26 3:15,0
2022/7/26 3:30,0
2022/7/26 3:45,0
2022/7/26 4:00,0
2022/7/26 4:15,0
2022/7/26 4:30,0
2022/7/26 4:45,0
2022/7/26 5:00,0
2022/7/26 5:15,0
2022/7/26 5:30,0
2022/7/26 5:45,0
2022/7/26 6:00,0
2022/7/26 6:15,0
2022/7/26 6:30,0
2022/7/26 6:45,0
2022/7/26 7:00,0.001160767
2022/7/26 7:15,0.001994857
2022/7/26 7:30,0.002841972
2022/7/26 7:45,0.003789306
2022/7/26 8:00,0.004212569
2022/7/26 8:15,0.004906676
2022/7/26 8:30,0.005845879
2022/7/26 8:45,0.006077785
2022/7/26 9:00,0.006399918
2022/7/26 9:15,0.006592805
2022/7/26 9:30,0.006574347
2022/7/26 9:45,0.006780683
2022/7/26 10:00,0.007103385
2022/7/26 10:15,0.007604689
2022/7/26 10:30,0.008042789
2022/7/26 10:45,0.008973518
2022/7/26 11:00,0.010303146
2022/7/26 11:15,0.012743631
2022/7/26 11:30,0.014455112
2022/7/26 11:45,0.01962806
2022/7/26 12:00,0.027640559
2022/7/26 12:15,0.030926983
2022/7/26 12:30,0.034555452
2022/7/26 12:45,0.038498699
2022/7/26 13:00,0.041205193
2022/7/26 13:15,0.045458662
2022/7/26 13:30,0.050894396
2022/7/26 13:45,0.052261113
2022/7/26 14:00,0.052363634
2022/7/26 14:15,0.051359604
2022/7/26 14:30,0.054860545
2022/7/26 14:45,0.057241705
2022/7/26 15:00,0.05517017
2022/7/26 15:15,0.050011638
2022/7/26 15:30,0.04872301
2022/7/26 15:45,0.048187992
2022/7/26 16:00,0.046329194
2022/7/26 16:15,0.043985969
2022/7/26 16:30,0.041907047
2022/7/26 16:45,0.037514259
2022/7/26 17:00,0.035824072
2022/7/26 17:15,0.032040686
2022/7/26 17:30,0.03040903
2022/7/26 17:45,0.026891004
2022/7/26 18:00,0.024554621
2022/7/26 18:15,0.020099641
2022/7/26 18:30,0.015438238
2022/7/26 18:45,0.01096478
2022/7/26 19:00,0.00805117
2022/7/26 19:15,0.004698634
2022/7/26 19:30,0.002891164
2022/7/26 19:45,0.001802933
2022/7/26 20:00,0.00096195
2022/7/26 20:15,0
2022/7/26 20:30,0
2022/7/26 20:45,0
2022/7/26 21:00,0
2022/7/26 21:15,0
2022/7/26 21:30,0
2022/7/26 21:45,0
2022/7/26 22:00,0
2022/7/26 22:15,0
2022/7/26 22:30,0
2022/7/26 22:45,0
2022/7/26 23:00,0
2022/7/26 23:15,0
2022/7/26 23:30,0
2022/7/26 23:45,0
2022/7/27 0:00,0
2022/7/27 0:15,0
2022/7/27 0:30,0
2022/7/27 0:45,0
2022/7/27 1:00,0
2022/7/27 1:15,0
2022/7/27 1:30,0
2022/7/27 1:45,0
2022/7/27 2:00,0
2022/7/27 2:15,0
2022/7/27 2:30,0
2022/7/27 2:45,0
2022/7/27 3:00,0
2022/7/27 3:15,0
2022/7/27 3:30,0
2022/7/27 3:45,0
2022/7/27 4:00,0
2022/7/27 4:15,0
2022/7/27 4:30,0
2022/7/27 4:45,0
2022/7/27 5:00,0
2022/7/27 5:15,0
2022/7/27 5:30,0
2022/7/27 5:45,0
2022/7/27 6:00,0
2022/7/27 6:15,0
2022/7/27 6:30,0
2022/7/27 6:45,0
2022/7/27 7:00,0.011449118
2022/7/27 7:15,0.018739985
2022/7/27 7:30,0.026143126
2022/7/27 7:45,0.034863974
2022/7/27 8:00,0.040212016
2022/7/27 8:15,0.04733297
2022/7/27 8:30,0.0560198
2022/7/27 8:45,0.059163713
2022/7/27 9:00,0.060594344
2022/7/27 9:15,0.063438446
2022/7/27 9:30,0.062116606
2022/7/27 9:45,0.067216586
2022/7/27 10:00,0.072156931
2022/7/27 10:15,0.076014116
2022/7/27 10:30,0.077332671
2022/7/27 10:45,0.082872069
2022/7/27 11:00,0.098263506
2022/7/27 11:15,0.119745627
2022/7/27 11:30,0.142738232
2022/7/27 11:45,0.191412464
2022/7/27 12:00,0.281950749
2022/7/27 12:15,0.30581525
2022/7/27 12:30,0.341711806
2022/7/27 12:45,0.370664148
2022/7/27 13:00,0.407318147
2022/7/27 13:15,0.449167591
2022/7/27 13:30,0.512580226
2022/7/27 13:45,0.503238069
2022/7/27 14:00,0.502119652
2022/7/27 14:15,0.488230657
2022/7/27 14:30,0.521814386
2022/7/27 14:45,0.528500868
2022/7/27 15:00,0.49547056
2022/7/27 15:15,0.469528027
2022/7/27 15:30,0.480211948
2022/7/27 15:45,0.497929937
2022/7/27 16:00,0.486339133
2022/7/27 16:15,0.4657086
2022/7/27 16:30,0.430680107
2022/7/27 16:45,0.377292574
2022/7/27 17:00,0.350674151
2022/7/27 17:15,0.321711486
2022/7/27 17:30,0.2875526
2022/7/27 17:45,0.251828472
2022/7/27 18:00,0.221783041
2022/7/27 18:15,0.188378481
2022/7/27 18:30,0.146651528
2022/7/27 18:45,0.106828138
2022/7/27 19:00,0.079110775
2022/7/27 19:15,0.046157394
2022/7/27 19:30,0.02820274
2022/7/27 19:45,0.017239276
2022/7/27 20:00,0.009334357
2022/7/27 20:15,0
2022/7/27 20:30,0
2022/7/27 20:45,0
2022/7/27 21:00,0
2022/7/27 21:15,0
2022/7/27 21:30,0
2022/7/27 21:45,0
2022/7/27 22:00,0
2022/7/27 22:15,0
2022/7/27 22:30,0
2022/7/27 22:45,0
2022/7/27 23:00,0
2022/7/27 23:15,0
2022/7/27 23:30,0
2022/7/27 23:45,0
2022/7/28 0:00,0
2022/7/28 0:15,0
2022/7/28 0:30,0
2022/7/28 0:45,0
2022/7/28 1:00,0
2022/7/28 1:15,0
2022/7/28 1:30,0
2022/7/28 1:45,0
2022/7/28 2:00,0
2022/7/28 2:15,0
2022/7/28 2:30,0
2022/7/28 2:45,0
2022/7/28 3:00,0
2022/7/28 3:15,0
2022/7/28 3:30,0
2022/7/28 3:45,0
2022/7/28 4:00,0
2022/7/28 4:15,0
2022/7/28 4:30,0
2022/7/28 4:45,0
2022/7/28 5:00,0
2022/7/28 5:15,0
2022/7/28 5:30,0
2022/7/28 5:45,0
2022/7/28 6:00,0
2022/7/28 6:15,0
2022/7/28 6:30,0
2022/7/28 6:45,0
2022/7/28 7:00,0.011910649
2022/7/28 7:15,0.020030186
2022/7/28 7:30,0.029075345
2022/7/28 7:45,0.039498957
2022/7/28 8:00,0.04423571
2022/7/28 8:15,0.051878918
2022/7/28 8:30,0.063262139
2022/7/28 8:45,0.066879707
2022/7/28 9:00,0.06948286
2022/7/28 9:15,0.068508961
2022/7/28 9:30,0.064953128
2022/7/28 9:45,0.064235091
2022/7/28 10:00,0.068655214
2022/7/28 10:15,0.074743344
2022/7/28 10:30,0.081777373
2022/7/28 10:45,0.093753305
2022/7/28 11:00,0.109176625
2022/7/28 11:15,0.13386333
2022/7/28 11:30,0.151837876
2022/7/28 11:45,0.198489212
2022/7/28 12:00,0.278617821
2022/7/28 12:15,0.301991524
2022/7/28 12:30,0.345035641
2022/7/28 12:45,0.381837655
2022/7/28 13:00,0.410966053
2022/7/28 13:15,0.45965754
2022/7/28 13:30,0.519254488
2022/7/28 13:45,0.523785479
2022/7/28 14:00,0.536043283
2022/7/28 14:15,0.521766252
2022/7/28 14:30,0.579537354
2022/7/28 14:45,0.592608123
2022/7/28 15:00,0.572655756
2022/7/28 15:15,0.51367577
2022/7/28 15:30,0.488603037
2022/7/28 15:45,0.498636308
2022/7/28 16:00,0.478794437
2022/7/28 16:15,0.454362001
2022/7/28 16:30,0.419616733
2022/7/28 16:45,0.373653514
2022/7/28 17:00,0.362605458
2022/7/28 17:15,0.324398276
2022/7/28 17:30,0.299574594
2022/7/28 17:45,0.265284003
2022/7/28 18:00,0.250061668
2022/7/28 18:15,0.215856701
2022/7/28 18:30,0.164512501
2022/7/28 18:45,0.116172673
2022/7/28 19:00,0.082773445
2022/7/28 19:15,0.048108486
2022/7/28 19:30,0.028530132
2022/7/28 19:45,0.017560359
2022/7/28 20:00,0.009749267
2022/7/28 20:15,0
2022/7/28 20:30,0
2022/7/28 20:45,0
2022/7/28 21:00,0
2022/7/28 21:15,0
2022/7/28 21:30,0
2022/7/28 21:45,0
2022/7/28 22:00,0
2022/7/28 22:15,0
2022/7/28 22:30,0
2022/7/28 22:45,0
2022/7/28 23:00,0
2022/7/28 23:15,0
2022/7/28 23:30,0
2022/7/28 23:45,0
2022/7/29 0:00,0
2022/7/29 0:15,0
2022/7/29 0:30,0
2022/7/29 0:45,0
2022/7/29 1:00,0
2022/7/29 1:15,0
2022/7/29 1:30,0
2022/7/29 1:45,0
2022/7/29 2:00,0
2022/7/29 2:15,0
2022/7/29 2:30,0
2022/7/29 2:45,0
2022/7/29 3:00,0
2022/7/29 3:15,0
2022/7/29 3:30,0
2022/7/29 3:45,0
2022/7/29 4:00,0
2022/7/29 4:15,0
2022/7/29 4:30,0
2022/7/29 4:45,0
2022/7/29 5:00,0
2022/7/29 5:15,0
2022/7/29 5:30,0
2022/7/29 5:45,0
2022/7/29 6:00,0
2022/7/29 6:15,0
2022/7/29 6:30,0
2022/7/29 6:45,0
2022/7/29 7:00,0.01169368
2022/7/29 7:15,0.020482951
2022/7/29 7:30,0.029259594
2022/7/29 7:45,0.038472806
2022/7/29 8:00,0.041977627
2022/7/29 8:15,0.050228999
2022/7/29 8:30,0.060658979
2022/7/29 8:45,0.06203816
2022/7/29 9:00,0.063919419
2022/7/29 9:15,0.06530085
2022/7/29 9:30,0.067275528
2022/7/29 9:45,0.069128652
2022/7/29 10:00,0.072547445
2022/7/29 10:15,0.077391216
2022/7/29 10:30,0.082110207
2022/7/29 10:45,0.091879869
2022/7/29 11:00,0.102771655
2022/7/29 11:15,0.12787961
2022/7/29 11:30,0.14659346
2022/7/29 11:45,0.204760823
2022/7/29 12:00,0.289537139
2022/7/29 12:15,0.32000452
2022/7/29 12:30,0.352776377
2022/7/29 12:45,0.386565672
2022/7/29 13:00,0.414609928
2022/7/29 13:15,0.464807244
2022/7/29 13:30,0.522212812
2022/7/29 13:45,0.536330817
2022/7/29 14:00,0.532046708
2022/7/29 14:15,0.523924311
2022/7/29 14:30,0.562109735
2022/7/29 14:45,0.584007139
2022/7/29 15:00,0.566467814
2022/7/29 15:15,0.50701482
2022/7/29 15:30,0.499380184
2022/7/29 15:45,0.482218919
2022/7/29 16:00,0.470424501
2022/7/29 16:15,0.445070423
2022/7/29 16:30,0.43006841
2022/7/29 16:45,0.384424036
2022/7/29 17:00,0.361483064
2022/7/29 17:15,0.317870218
2022/7/29 17:30,0.296013371
2022/7/29 17:45,0.256576551
2022/7/29 18:00,0.239955512
2022/7/29 18:15,0.197835198
2022/7/29 18:30,0.155153821
2022/7/29 18:45,0.109654477
2022/7/29 19:00,0.079248148
2022/7/29 19:15,0.04651279
2022/7/29 19:30,0.028531461
2022/7/29 19:45,0.018205574
2022/7/29 20:00,0.009684226
2022/7/29 20:15,0
2022/7/29 20:30,0
2022/7/29 20:45,0
2022/7/29 21:00,0
2022/7/29 21:15,0
2022/7/29 21:30,0
2022/7/29 21:45,0
2022/7/29 22:00,0
2022/7/29 22:15,0
2022/7/29 22:30,0
2022/7/29 22:45,0
2022/7/29 23:00,0
2022/7/29 23:15,0
2022/7/29 23:30,0
2022/7/29 23:45,0
2022/7/30 0:00,0
2022/7/30 0:15,0
2022/7/30 0:30,0
2022/7/30 0:45,0
2022/7/30 1:00,0
2022/7/30 1:15,0
2022/7/30 1:30,0
2022/7/30 1:45,0
2022/7/30 2:00,0
2022/7/30 2:15,0
2022/7/30 2:30,0
2022/7/30 2:45,0
2022/7/30 3:00,0
2022/7/30 3:15,0
2022/7/30 3:30,0
2022/7/30 3:45,0
2022/7/30 4:00,0
2022/7/30 4:15,0
2022/7/30 4:30,0
2022/7/30 4:45,0
2022/7/30 5:00,0
2022/7/30 5:15,0
2022/7/30 5:30,0
2022/7/30 5:45,0
2022/7/30 6:00,0
2022/7/30 6:15,0
2022/7/30 6:30,0
2022/7/30 6:45,0
2022/7/30 7:00,0.003156299
2022/7/30 7:15,0.00545032
2022/7/30 7:30,0.007888171
2022/7/30 7:45,0.010612145
2022/7/30 8:00,0.011807078
2022/7/30 8:15,0.013542028
2022/7/30 8:30,0.015858433
2022/7/30 8:45,0.016120974
2022/7/30 9:00,0.017055687
2022/7/30 9:15,0.017949084
2022/7/30 9:30,0.017873026
2022/7/30 9:45,0.018216311
2022/7/30 10:00,0.0191412
2022/7/30 10:15,0.020918072
2022/7/30 10:30,0.021961693
2022/7/30 10:45,0.024364572
2022/7/30 11:00,0.028102811
2022/7/30 11:15,0.03549748
2022/7/30 11:30,0.040672108
2022/7/30 11:45,0.054481878
2022/7/30 12:00,0.077147024
2022/7/30 12:15,0.085307712
2022/7/30 12:30,0.09605781
2022/7/30 12:45,0.106344022
2022/7/30 13:00,0.113134576
2022/7/30 13:15,0.126296093
2022/7/30 13:30,0.140102575
2022/7/30 13:45,0.145083655
2022/7/30 14:00,0.145977787
2022/7/30 14:15,0.142621663
2022/7/30 14:30,0.150952302
2022/7/30 14:45,0.156298871
2022/7/30 15:00,0.152659153
2022/7/30 15:15,0.136429403
2022/7/30 15:30,0.131615804
2022/7/30 15:45,0.133460972
2022/7/30 16:00,0.131637371
2022/7/30 16:15,0.124683014
2022/7/30 16:30,0.114023417
2022/7/30 16:45,0.101071662
2022/7/30 17:00,0.097644389
2022/7/30 17:15,0.088477731
2022/7/30 17:30,0.084172699
2022/7/30 17:45,0.073759008
2022/7/30 18:00,0.067427832
2022/7/30 18:15,0.05544651
2022/7/30 18:30,0.041903224
2022/7/30 18:45,0.029061945
2022/7/30 19:00,0.021204203
2022/7/30 19:15,0.012294385
2022/7/30 19:30,0.007721
2022/7/30 19:45,0.004893784
2022/7/30 20:00,0.002669688
2022/7/30 20:15,0
2022/7/30 20:30,0
2022/7/30 20:45,0
2022/7/30 21:00,0
2022/7/30 21:15,0
2022/7/30 21:30,0
2022/7/30 21:45,0
2022/7/30 22:00,0
2022/7/30 22:15,0
2022/7/30 22:30,0
2022/7/30 22:45,0
2022/7/30 23:00,0
2022/7/30 23:15,0
2022/7/30 23:30,0
2022/7/30 23:45,0
2022/7/31 0:00,0
2022/7/31 0:15,0
2022/7/31 0:30,0
2022/7/31 0:45,0
2022/7/31 1:00,0
2022/7/31 1:15,0
2022/7/31 1:30,0
2022/7/31 1:45,0
2022/7/31 2:00,0
2022/7/31 2:15,0
2022/7/31 2:30,0
2022/7/31 2:45,0
2022/7/31 3:00,0
2022/7/31 3:15,0
2022/7/31 3:30,0
2022/7/31 3:45,0
2022/7/31 4:00,0
2022/7/31 4:15,0
2022/7/31 4:30,0
2022/7/31 4:45,0
2022/7/31 5:00,0
2022/7/31 5:15,0
2022/7/31 5:30,0
2022/7/31 5:45,0
2022/7/31 6:00,0
2022/7/31 6:15,0
2022/7/31 6:30,0
2022/7/31 6:45,0
2022/7/31 7:00,0.011690606
2022/7/31 7:15,0.020295511
2022/7/31 7:30,0.029565934
2022/7/31 7:45,0.039675349
2022/7/31 8:00,0.044595947
2022/7/31 8:15,0.051833468
2022/7/31 8:30,0.061989889
2022/7/31 8:45,0.063234928
2022/7/31 9:00,0.066558237
2022/7/31 9:15,0.068534865
2022/7/31 9:30,0.068171959
2022/7/31 9:45,0.0702109
2022/7/31 10:00,0.073547824
2022/7/31 10:15,0.079161515
2022/7/31 10:30,0.084702049
2022/7/31 10:45,0.097496379
2022/7/31 11:00,0.111274007
2022/7/31 11:15,0.136511937
2022/7/31 11:30,0.149514853
2022/7/31 11:45,0.202375915
2022/7/31 12:00,0.287670783
2022/7/31 12:15,0.319871778
2022/7/31 12:30,0.361318301
2022/7/31 12:45,0.402683306
2022/7/31 13:00,0.428323162
2022/7/31 13:15,0.467151852
2022/7/31 13:30,0.513059565
2022/7/31 13:45,0.541773729
2022/7/31 14:00,0.550047739
2022/7/31 14:15,0.552706808
2022/7/31 14:30,0.600115774
2022/7/31 14:45,0.622710126
2022/7/31 15:00,0.598647962
2022/7/31 15:15,0.526055066
2022/7/31 15:30,0.520223572
2022/7/31 15:45,0.515594648
2022/7/31 16:00,0.495565167
2022/7/31 16:15,0.464123629
2022/7/31 16:30,0.443508133
2022/7/31 16:45,0.392923839
2022/7/31 17:00,0.381959854
2022/7/31 17:15,0.338362075
2022/7/31 17:30,0.316294213
2022/7/31 17:45,0.276962614
2022/7/31 18:00,0.253373398
2022/7/31 18:15,0.212017488
2022/7/31 18:30,0.163548263
2022/7/31 18:45,0.116147941
2022/7/31 19:00,0.085571604
2022/7/31 19:15,0.050051793
2022/7/31 19:30,0.030351912
2022/7/31 19:45,0.018906002
2022/7/31 20:00,0.009988991
2022/7/31 20:15,0
2022/7/31 20:30,0
2022/7/31 20:45,0
2022/7/31 21:00,0
2022/7/31 21:15,0
2022/7/31 21:30,0
2022/7/31 21:45,0
2022/7/31 22:00,0
2022/7/31 22:15,0
2022/7/31 22:30,0
2022/7/31 22:45,0
2022/7/31 23:00,0
2022/7/31 23:15,0
2022/7/31 23:30,0
2022/7/31 23:45,0
2022/8/1 0:00,0
2022/8/1 0:15,0
2022/8/1 0:30,0
2022/8/1 0:45,0
2022/8/1 1:00,0
2022/8/1 1:15,0
2022/8/1 1:30,0
2022/8/1 1:45,0
2022/8/1 2:00,0
2022/8/1 2:15,0
2022/8/1 2:30,0
2022/8/1 2:45,0
2022/8/1 3:00,0
2022/8/1 3:15,0
2022/8/1 3:30,0
2022/8/1 3:45,0
2022/8/1 4:00,0
2022/8/1 4:15,0
2022/8/1 4:30,0
2022/8/1 4:45,0
2022/8/1 5:00,0
2022/8/1 5:15,0
2022/8/1 5:30,0
2022/8/1 5:45,0
2022/8/1 6:00,0
2022/8/1 6:15,0
2022/8/1 6:30,0
2022/8/1 6:45,0
2022/8/1 7:00,0
2022/8/1 7:15,0
2022/8/1 7:30,0.012665145
2022/8/1 7:45,0.017056246
2022/8/1 8:00,0.020800932
2022/8/1 8:15,0.026154038
2022/8/1 8:30,0.031209597
2022/8/1 8:45,0.036668252
2022/8/1 9:00,0.041448397
2022/8/1 9:15,0.042093059
2022/8/1 9:30,0.041251248
2022/8/1 9:45,0.047066921
2022/8/1 10:00,0.052704304
2022/8/1 10:15,0.05590204
2022/8/1 10:30,0.063636972
2022/8/1 10:45,0.078491024
2022/8/1 11:00,0.092740445
2022/8/1 11:15,0.107666151
2022/8/1 11:30,0.140710544
2022/8/1 11:45,0.165826561
2022/8/1 12:00,0.192844028
2022/8/1 12:15,0.21808514
2022/8/1 12:30,0.249855556
2022/8/1 12:45,0.291428199
2022/8/1 13:00,0.325364463
2022/8/1 13:15,0.357438496
2022/8/1 13:30,0.365083539
2022/8/1 13:45,0.384460159
2022/8/1 14:00,0.422077178
2022/8/1 14:15,0.424613116
2022/8/1 14:30,0.473383126
2022/8/1 14:45,0.47779056
2022/8/1 15:00,0.496206125
2022/8/1 15:15,0.478614978
2022/8/1 15:30,0.444756965
2022/8/1 15:45,0.418824004
2022/8/1 16:00,0.407116716
2022/8/1 16:15,0.409241459
2022/8/1 16:30,0.387456225
2022/8/1 16:45,0.356312183
2022/8/1 17:00,0.30960124
2022/8/1 17:15,0.286873062
2022/8/1 17:30,0.26056422
2022/8/1 17:45,0.232861437
2022/8/1 18:00,0.219446147
2022/8/1 18:15,0.159964378
2022/8/1 18:30,0.126188299
2022/8/1 18:45,0.092292336
2022/8/1 19:00,0.056683932
2022/8/1 19:15,0.028453235
2022/8/1 19:30,0
2022/8/1 19:45,0
2022/8/1 20:00,0
2022/8/1 20:15,0
2022/8/1 20:30,0
2022/8/1 20:45,0
2022/8/1 21:00,0
2022/8/1 21:15,0
2022/8/1 21:30,0
2022/8/1 21:45,0
2022/8/1 22:00,0
2022/8/1 22:15,0
2022/8/1 22:30,0
2022/8/1 22:45,0
2022/8/1 23:00,0
2022/8/1 23:15,0
2022/8/1 23:30,0
2022/8/1 23:45,0
2022/8/2 0:00,0
2022/8/2 0:15,0
2022/8/2 0:30,0
2022/8/2 0:45,0
2022/8/2 1:00,0
2022/8/2 1:15,0
2022/8/2 1:30,0
2022/8/2 1:45,0
2022/8/2 2:00,0
2022/8/2 2:15,0
2022/8/2 2:30,0
2022/8/2 2:45,0
2022/8/2 3:00,0
2022/8/2 3:15,0
2022/8/2 3:30,0
2022/8/2 3:45,0
2022/8/2 4:00,0
2022/8/2 4:15,0
2022/8/2 4:30,0
2022/8/2 4:45,0
2022/8/2 5:00,0
2022/8/2 5:15,0
2022/8/2 5:30,0
2022/8/2 5:45,0
2022/8/2 6:00,0
2022/8/2 6:15,0
2022/8/2 6:30,0
2022/8/2 6:45,0
2022/8/2 7:00,0
2022/8/2 7:15,0
2022/8/2 7:30,0.01804339
2022/8/2 7:45,0.024244816
2022/8/2 8:00,0.028007103
2022/8/2 8:15,0.034653437
2022/8/2 8:30,0.041211552
2022/8/2 8:45,0.04864878
2022/8/2 9:00,0.058239296
2022/8/2 9:15,0.05737251
2022/8/2 9:30,0.057507944
2022/8/2 9:45,0.063783868
2022/8/2 10:00,0.071900684
2022/8/2 10:15,0.07774967
2022/8/2 10:30,0.08787002
2022/8/2 10:45,0.112382607
2022/8/2 11:00,0.126248493
2022/8/2 11:15,0.151950663
2022/8/2 11:30,0.199393527
2022/8/2 11:45,0.234941021
2022/8/2 12:00,0.267054121
2022/8/2 12:15,0.2928962
2022/8/2 12:30,0.33910653
2022/8/2 12:45,0.374659126
2022/8/2 13:00,0.422123764
2022/8/2 13:15,0.458833859
2022/8/2 13:30,0.485782313
2022/8/2 13:45,0.499581074
2022/8/2 14:00,0.572802401
2022/8/2 14:15,0.564600543
2022/8/2 14:30,0.612867192
2022/8/2 14:45,0.621380788
2022/8/2 15:00,0.67173325
2022/8/2 15:15,0.667547529
2022/8/2 15:30,0.613335763
2022/8/2 15:45,0.586018796
2022/8/2 16:00,0.583162553
2022/8/2 16:15,0.565612187
2022/8/2 16:30,0.524793126
2022/8/2 16:45,0.486493174
2022/8/2 17:00,0.439773504
2022/8/2 17:15,0.414559432
2022/8/2 17:30,0.378473424
2022/8/2 17:45,0.324258948
2022/8/2 18:00,0.297892182
2022/8/2 18:15,0.220019275
2022/8/2 18:30,0.180748505
2022/8/2 18:45,0.137124325
2022/8/2 19:00,0.085686364
2022/8/2 19:15,0.042893614
2022/8/2 19:30,0
2022/8/2 19:45,0
2022/8/2 20:00,0
2022/8/2 20:15,0
2022/8/2 20:30,0
2022/8/2 20:45,0
2022/8/2 21:00,0
2022/8/2 21:15,0
2022/8/2 21:30,0
2022/8/2 21:45,0
2022/8/2 22:00,0
2022/8/2 22:15,0
2022/8/2 22:30,0
2022/8/2 22:45,0
2022/8/2 23:00,0
2022/8/2 23:15,0
2022/8/2 23:30,0
2022/8/2 23:45,0
2022/8/3 0:00,0
2022/8/3 0:15,0
2022/8/3 0:30,0
2022/8/3 0:45,0
2022/8/3 1:00,0
2022/8/3 1:15,0
2022/8/3 1:30,0
2022/8/3 1:45,0
2022/8/3 2:00,0
2022/8/3 2:15,0
2022/8/3 2:30,0
2022/8/3 2:45,0
2022/8/3 3:00,0
2022/8/3 3:15,0
2022/8/3 3:30,0
2022/8/3 3:45,0
2022/8/3 4:00,0
2022/8/3 4:15,0
2022/8/3 4:30,0
2022/8/3 4:45,0
2022/8/3 5:00,0
2022/8/3 5:15,0
2022/8/3 5:30,0
2022/8/3 5:45,0
2022/8/3 6:00,0
2022/8/3 6:15,0
2022/8/3 6:30,0
2022/8/3 6:45,0
2022/8/3 7:00,0
2022/8/3 7:15,0
2022/8/3 7:30,0.01778891
2022/8/3 7:45,0.024591846
2022/8/3 8:00,0.029091876
2022/8/3 8:15,0.035472041
2022/8/3 8:30,0.041262989
2022/8/3 8:45,0.047352425
2022/8/3 9:00,0.055325861
2022/8/3 9:15,0.053268172
2022/8/3 9:30,0.052639415
2022/8/3 9:45,0.057074607
2022/8/3 10:00,0.067868498
2022/8/3 10:15,0.072932847
2022/8/3 10:30,0.084629255
2022/8/3 10:45,0.100517762
2022/8/3 11:00,0.118797144
2022/8/3 11:15,0.141806034
2022/8/3 11:30,0.186178033
2022/8/3 11:45,0.208590103
2022/8/3 12:00,0.244900202
2022/8/3 12:15,0.270446418
2022/8/3 12:30,0.328360364
2022/8/3 12:45,0.381914255
2022/8/3 13:00,0.42091984
2022/8/3 13:15,0.446334339
2022/8/3 13:30,0.458902414
2022/8/3 13:45,0.498125017
2022/8/3 14:00,0.561479957
2022/8/3 14:15,0.539908187
2022/8/3 14:30,0.575283419
2022/8/3 14:45,0.579148448
2022/8/3 15:00,0.601473382
2022/8/3 15:15,0.612311648
2022/8/3 15:30,0.56245645
2022/8/3 15:45,0.546114145
2022/8/3 16:00,0.521895196
2022/8/3 16:15,0.519777313
2022/8/3 16:30,0.489093307
2022/8/3 16:45,0.466057126
2022/8/3 17:00,0.414660675
2022/8/3 17:15,0.393060454
2022/8/3 17:30,0.362962257
2022/8/3 17:45,0.320291006
2022/8/3 18:00,0.291965379
2022/8/3 18:15,0.201825562
2022/8/3 18:30,0.156402236
2022/8/3 18:45,0.112601266
2022/8/3 19:00,0.071279883
2022/8/3 19:15,0.036703504
2022/8/3 19:30,0
2022/8/3 19:45,0
2022/8/3 20:00,0
2022/8/3 20:15,0
2022/8/3 20:30,0
2022/8/3 20:45,0
2022/8/3 21:00,0
2022/8/3 21:15,0
2022/8/3 21:30,0
2022/8/3 21:45,0
2022/8/3 22:00,0
2022/8/3 22:15,0
2022/8/3 22:30,0
2022/8/3 22:45,0
2022/8/3 23:00,0
2022/8/3 23:15,0
2022/8/3 23:30,0
2022/8/3 23:45,0
2022/8/4 0:00,0
2022/8/4 0:15,0
2022/8/4 0:30,0
2022/8/4 0:45,0
2022/8/4 1:00,0
2022/8/4 1:15,0
2022/8/4 1:30,0
2022/8/4 1:45,0
2022/8/4 2:00,0
2022/8/4 2:15,0
2022/8/4 2:30,0
2022/8/4 2:45,0
2022/8/4 3:00,0
2022/8/4 3:15,0
2022/8/4 3:30,0
2022/8/4 3:45,0
2022/8/4 4:00,0
2022/8/4 4:15,0
2022/8/4 4:30,0
2022/8/4 4:45,0
2022/8/4 5:00,0
2022/8/4 5:15,0
2022/8/4 5:30,0
2022/8/4 5:45,0
2022/8/4 6:00,0
2022/8/4 6:15,0
2022/8/4 6:30,0
2022/8/4 6:45,0
2022/8/4 7:00,0
2022/8/4 7:15,0
2022/8/4 7:30,0.016906774
2022/8/4 7:45,0.021931303
2022/8/4 8:00,0.027415324
2022/8/4 8:15,0.032961603
2022/8/4 8:30,0.039744015
2022/8/4 8:45,0.045121542
2022/8/4 9:00,0.050578441
2022/8/4 9:15,0.052027272
2022/8/4 9:30,0.051609599
2022/8/4 9:45,0.059719532
2022/8/4 10:00,0.067763974
2022/8/4 10:15,0.070611278
2022/8/4 10:30,0.080295919
2022/8/4 10:45,0.098655445
2022/8/4 11:00,0.11942898
2022/8/4 11:15,0.140484823
2022/8/4 11:30,0.181645187
2022/8/4 11:45,0.203155796
2022/8/4 12:00,0.229975831
2022/8/4 12:15,0.259063498
2022/8/4 12:30,0.315232338
2022/8/4 12:45,0.359954546
2022/8/4 13:00,0.39976705
2022/8/4 13:15,0.422780148
2022/8/4 13:30,0.428055986
2022/8/4 13:45,0.474575468
2022/8/4 14:00,0.530093483
2022/8/4 14:15,0.547781017
2022/8/4 14:30,0.569366374
2022/8/4 14:45,0.582583723
2022/8/4 15:00,0.583971876
2022/8/4 15:15,0.588519747
2022/8/4 15:30,0.532756198
2022/8/4 15:45,0.531648191
2022/8/4 16:00,0.501622632
2022/8/4 16:15,0.516153694
2022/8/4 16:30,0.476478562
2022/8/4 16:45,0.447170451
2022/8/4 17:00,0.382533336
2022/8/4 17:15,0.357513602
2022/8/4 17:30,0.329975848
2022/8/4 17:45,0.276431841
2022/8/4 18:00,0.26333815
2022/8/4 18:15,0.184347189
2022/8/4 18:30,0.158500004
2022/8/4 18:45,0.113781779
2022/8/4 19:00,0.073707171
2022/8/4 19:15,0.036883244
2022/8/4 19:30,0
2022/8/4 19:45,0
2022/8/4 20:00,0
2022/8/4 20:15,0
2022/8/4 20:30,0
2022/8/4 20:45,0
2022/8/4 21:00,0
2022/8/4 21:15,0
2022/8/4 21:30,0
2022/8/4 21:45,0
2022/8/4 22:00,0
2022/8/4 22:15,0
2022/8/4 22:30,0
2022/8/4 22:45,0
2022/8/4 23:00,0
2022/8/4 23:15,0
2022/8/4 23:30,0
2022/8/4 23:45,0
2022/8/5 0:00,0
2022/8/5 0:15,0
2022/8/5 0:30,0
2022/8/5 0:45,0
2022/8/5 1:00,0
2022/8/5 1:15,0
2022/8/5 1:30,0
2022/8/5 1:45,0
2022/8/5 2:00,0
2022/8/5 2:15,0
2022/8/5 2:30,0
2022/8/5 2:45,0
2022/8/5 3:00,0
2022/8/5 3:15,0
2022/8/5 3:30,0
2022/8/5 3:45,0
2022/8/5 4:00,0
2022/8/5 4:15,0
2022/8/5 4:30,0
2022/8/5 4:45,0
2022/8/5 5:00,0
2022/8/5 5:15,0
2022/8/5 5:30,0
2022/8/5 5:45,0
2022/8/5 6:00,0
2022/8/5 6:15,0
2022/8/5 6:30,0
2022/8/5 6:45,0
2022/8/5 7:00,0
2022/8/5 7:15,0
2022/8/5 7:30,0.015945233
2022/8/5 7:45,0.021053275
2022/8/5 8:00,0.027132534
2022/8/5 8:15,0.032982252
2022/8/5 8:30,0.038434349
2022/8/5 8:45,0.044787434
2022/8/5 9:00,0.050230093
2022/8/5 9:15,0.052718903
2022/8/5 9:30,0.05231738
2022/8/5 9:45,0.058315304
2022/8/5 10:00,0.064156934
2022/8/5 10:15,0.067078456
2022/8/5 10:30,0.077460534
2022/8/5 10:45,0.095074702
2022/8/5 11:00,0.113017406
2022/8/5 11:15,0.132949167
2022/8/5 11:30,0.172794718
2022/8/5 11:45,0.204502518
2022/8/5 12:00,0.24246372
2022/8/5 12:15,0.273835995
2022/8/5 12:30,0.327353461
2022/8/5 12:45,0.364370333
2022/8/5 13:00,0.417921321
2022/8/5 13:15,0.433265847
2022/8/5 13:30,0.449920981
2022/8/5 13:45,0.459695907
2022/8/5 14:00,0.534913648
2022/8/5 14:15,0.51323853
2022/8/5 14:30,0.563396419
2022/8/5 14:45,0.533623184
2022/8/5 15:00,0.595982208
2022/8/5 15:15,0.584259277
2022/8/5 15:30,0.537601298
2022/8/5 15:45,0.510650455
2022/8/5 16:00,0.510873928
2022/8/5 16:15,0.534353105
2022/8/5 16:30,0.501440354
2022/8/5 16:45,0.458864374
2022/8/5 17:00,0.399554472
2022/8/5 17:15,0.375630588
2022/8/5 17:30,0.338046632
2022/8/5 17:45,0.293436985
2022/8/5 18:00,0.276155955
2022/8/5 18:15,0.201864659
2022/8/5 18:30,0.162175552
2022/8/5 18:45,0.119581181
2022/8/5 19:00,0.071445799
2022/8/5 19:15,0.036238311
2022/8/5 19:30,0
2022/8/5 19:45,0
2022/8/5 20:00,0
2022/8/5 20:15,0
2022/8/5 20:30,0
2022/8/5 20:45,0
2022/8/5 21:00,0
2022/8/5 21:15,0
2022/8/5 21:30,0
2022/8/5 21:45,0
2022/8/5 22:00,0
2022/8/5 22:15,0
2022/8/5 22:30,0
2022/8/5 22:45,0
2022/8/5 23:00,0
2022/8/5 23:15,0
2022/8/5 23:30,0
2022/8/5 23:45,0
2022/8/6 0:00,0
2022/8/6 0:15,0
2022/8/6 0:30,0
2022/8/6 0:45,0
2022/8/6 1:00,0
2022/8/6 1:15,0
2022/8/6 1:30,0
2022/8/6 1:45,0
2022/8/6 2:00,0
2022/8/6 2:15,0
2022/8/6 2:30,0
2022/8/6 2:45,0
2022/8/6 3:00,0
2022/8/6 3:15,0
2022/8/6 3:30,0
2022/8/6 3:45,0
2022/8/6 4:00,0
2022/8/6 4:15,0
2022/8/6 4:30,0
2022/8/6 4:45,0
2022/8/6 5:00,0
2022/8/6 5:15,0
2022/8/6 5:30,0
2022/8/6 5:45,0
2022/8/6 6:00,0
2022/8/6 6:15,0
2022/8/6 6:30,0
2022/8/6 6:45,0
2022/8/6 7:00,0
2022/8/6 7:15,0
2022/8/6 7:30,0.00227789
2022/8/6 7:45,0.003095956
2022/8/6 8:00,0.003822043
2022/8/6 8:15,0.004650915
2022/8/6 8:30,0.005512422
2022/8/6 8:45,0.006235866
2022/8/6 9:00,0.00713072
2022/8/6 9:15,0.007262966
2022/8/6 9:30,0.00732353
2022/8/6 9:45,0.008244016
2022/8/6 10:00,0.009258255
2022/8/6 10:15,0.009776684
2022/8/6 10:30,0.011233542
2022/8/6 10:45,0.013907495
2022/8/6 11:00,0.016274049
2022/8/6 11:15,0.019196799
2022/8/6 11:30,0.02504647
2022/8/6 11:45,0.029064282
2022/8/6 12:00,0.033324648
2022/8/6 12:15,0.037087033
2022/8/6 12:30,0.043508932
2022/8/6 12:45,0.050270675
2022/8/6 13:00,0.056056808
2022/8/6 13:15,0.060949298
2022/8/6 13:30,0.061658686
2022/8/6 13:45,0.064619394
2022/8/6 14:00,0.072190196
2022/8/6 14:15,0.073358137
2022/8/6 14:30,0.081350748
2022/8/6 14:45,0.081495664
2022/8/6 15:00,0.084293408
2022/8/6 15:15,0.083305602
2022/8/6 15:30,0.076805492
2022/8/6 15:45,0.073660575
2022/8/6 16:00,0.071879397
2022/8/6 16:15,0.072296764
2022/8/6 16:30,0.069037034
2022/8/6 16:45,0.063781043
2022/8/6 17:00,0.056222299
2022/8/6 17:15,0.05212205
2022/8/6 17:30,0.047361074
2022/8/6 17:45,0.041109145
2022/8/6 18:00,0.037606908
2022/8/6 18:15,0.02707933
2022/8/6 18:30,0.0219637
2022/8/6 18:45,0.016404376
2022/8/6 19:00,0.010132432
2022/8/6 19:15,0.005004605
2022/8/6 19:30,0
2022/8/6 19:45,0
2022/8/6 20:00,0
2022/8/6 20:15,0
2022/8/6 20:30,0
2022/8/6 20:45,0
2022/8/6 21:00,0
2022/8/6 21:15,0
2022/8/6 21:30,0
2022/8/6 21:45,0
2022/8/6 22:00,0
2022/8/6 22:15,0
2022/8/6 22:30,0
2022/8/6 22:45,0
2022/8/6 23:00,0
2022/8/6 23:15,0
2022/8/6 23:30,0
2022/8/6 23:45,0
2022/8/7 0:00,0
2022/8/7 0:15,0
2022/8/7 0:30,0
2022/8/7 0:45,0
2022/8/7 1:00,0
2022/8/7 1:15,0
2022/8/7 1:30,0
2022/8/7 1:45,0
2022/8/7 2:00,0
2022/8/7 2:15,0
2022/8/7 2:30,0
2022/8/7 2:45,0
2022/8/7 3:00,0
2022/8/7 3:15,0
2022/8/7 3:30,0
2022/8/7 3:45,0
2022/8/7 4:00,0
2022/8/7 4:15,0
2022/8/7 4:30,0
2022/8/7 4:45,0
2022/8/7 5:00,0
2022/8/7 5:15,0
2022/8/7 5:30,0
2022/8/7 5:45,0
2022/8/7 6:00,0
2022/8/7 6:15,0
2022/8/7 6:30,0
2022/8/7 6:45,0
2022/8/7 7:00,0
2022/8/7 7:15,0
2022/8/7 7:30,0.018749188
2022/8/7 7:45,0.025480864
2022/8/7 8:00,0.030710132
2022/8/7 8:15,0.037038256
2022/8/7 8:30,0.044267316
2022/8/7 8:45,0.050596681
2022/8/7 9:00,0.059877701
2022/8/7 9:15,0.059453552
2022/8/7 9:30,0.059809511
2022/8/7 9:45,0.06475307
2022/8/7 10:00,0.073065005
2022/8/7 10:15,0.076124492
2022/8/7 10:30,0.087841982
2022/8/7 10:45,0.112301011
2022/8/7 11:00,0.132612847
2022/8/7 11:15,0.159483215
2022/8/7 11:30,0.208183251
2022/8/7 11:45,0.245851988
2022/8/7 12:00,0.283856517
2022/8/7 12:15,0.309555579
2022/8/7 12:30,0.357749068
2022/8/7 12:45,0.405015719
2022/8/7 13:00,0.462527445
2022/8/7 13:15,0.507288902
2022/8/7 13:30,0.514516501
2022/8/7 13:45,0.539262071
2022/8/7 14:00,0.592141471
2022/8/7 14:15,0.596121484
2022/8/7 14:30,0.650548065
2022/8/7 14:45,0.66096753
2022/8/7 15:00,0.690984011
2022/8/7 15:15,0.686343031
2022/8/7 15:30,0.628792477
2022/8/7 15:45,0.608131622
2022/8/7 16:00,0.589559332
2022/8/7 16:15,0.590821648
2022/8/7 16:30,0.560339266
2022/8/7 16:45,0.515767483
2022/8/7 17:00,0.452325261
2022/8/7 17:15,0.409382392
2022/8/7 17:30,0.368892713
2022/8/7 17:45,0.317476396
2022/8/7 18:00,0.292412132
2022/8/7 18:15,0.214072464
2022/8/7 18:30,0.17550983
2022/8/7 18:45,0.132613986
2022/8/7 19:00,0.081502133
2022/8/7 19:15,0.040390708
2022/8/7 19:30,0
2022/8/7 19:45,0
2022/8/7 20:00,0
2022/8/7 20:15,0
2022/8/7 20:30,0
2022/8/7 20:45,0
2022/8/7 21:00,0
2022/8/7 21:15,0
2022/8/7 21:30,0
2022/8/7 21:45,0
2022/8/7 22:00,0
2022/8/7 22:15,0
2022/8/7 22:30,0
2022/8/7 22:45,0
2022/8/7 23:00,0
2022/8/7 23:15,0
2022/8/7 23:30,0
2022/8/7 23:45,0
2022/8/8 0:00,0
2022/8/8 0:15,0
2022/8/8 0:30,0
2022/8/8 0:45,0
2022/8/8 1:00,0
2022/8/8 1:15,0
2022/8/8 1:30,0
2022/8/8 1:45,0
2022/8/8 2:00,0
2022/8/8 2:15,0
2022/8/8 2:30,0
2022/8/8 2:45,0
2022/8/8 3:00,0
2022/8/8 3:15,0
2022/8/8 3:30,0
2022/8/8 3:45,0
2022/8/8 4:00,0
2022/8/8 4:15,0
2022/8/8 4:30,0
2022/8/8 4:45,0
2022/8/8 5:00,0
2022/8/8 5:15,0
2022/8/8 5:30,0
2022/8/8 5:45,0
2022/8/8 6:00,0
2022/8/8 6:15,0
2022/8/8 6:30,0
2022/8/8 6:45,0
2022/8/8 7:00,0
2022/8/8 7:15,0
2022/8/8 7:30,0.016335179
2022/8/8 7:45,0.021805311
2022/8/8 8:00,0.026986546
2022/8/8 8:15,0.032784898
2022/8/8 8:30,0.038974103
2022/8/8 8:45,0.042271761
2022/8/8 9:00,0.047338671
2022/8/8 9:15,0.048774062
2022/8/8 9:30,0.050394926
2022/8/8 9:45,0.059021607
2022/8/8 10:00,0.068079429
2022/8/8 10:15,0.071682999
2022/8/8 10:30,0.080718987
2022/8/8 10:45,0.096628437
2022/8/8 11:00,0.114835524
2022/8/8 11:15,0.136929728
2022/8/8 11:30,0.175890428
2022/8/8 11:45,0.205836826
2022/8/8 12:00,0.235028473
2022/8/8 12:15,0.272094473
2022/8/8 12:30,0.31402186
2022/8/8 12:45,0.359963509
2022/8/8 13:00,0.396644771
2022/8/8 13:15,0.429792342
2022/8/8 13:30,0.439645486
2022/8/8 13:45,0.454890291
2022/8/8 14:00,0.507387729
2022/8/8 14:15,0.507960302
2022/8/8 14:30,0.558413935
2022/8/8 14:45,0.55811223
2022/8/8 15:00,0.579616282
2022/8/8 15:15,0.581137965
2022/8/8 15:30,0.541747531
2022/8/8 15:45,0.516088435
2022/8/8 16:00,0.50771324
2022/8/8 16:15,0.506519001
2022/8/8 16:30,0.478668517
2022/8/8 16:45,0.438837035
2022/8/8 17:00,0.391495205
2022/8/8 17:15,0.368568219
2022/8/8 17:30,0.329730629
2022/8/8 17:45,0.285616698
2022/8/8 18:00,0.260015864
2022/8/8 18:15,0.195322781
2022/8/8 18:30,0.153443672
2022/8/8 18:45,0.115119552
2022/8/8 19:00,0.069353319
2022/8/8 19:15,0.035412615
2022/8/8 19:30,0
2022/8/8 19:45,0
2022/8/8 20:00,0
2022/8/8 20:15,0
2022/8/8 20:30,0
2022/8/8 20:45,0
2022/8/8 21:00,0
2022/8/8 21:15,0
2022/8/8 21:30,0
2022/8/8 21:45,0
2022/8/8 22:00,0
2022/8/8 22:15,0
2022/8/8 22:30,0
2022/8/8 22:45,0
2022/8/8 23:00,0
2022/8/8 23:15,0
2022/8/8 23:30,0
2022/8/8 23:45,0
2022/8/9 0:00,0
2022/8/9 0:15,0
2022/8/9 0:30,0
2022/8/9 0:45,0
2022/8/9 1:00,0
2022/8/9 1:15,0
2022/8/9 1:30,0
2022/8/9 1:45,0
2022/8/9 2:00,0
2022/8/9 2:15,0
2022/8/9 2:30,0
2022/8/9 2:45,0
2022/8/9 3:00,0
2022/8/9 3:15,0
2022/8/9 3:30,0
2022/8/9 3:45,0
2022/8/9 4:00,0
2022/8/9 4:15,0
2022/8/9 4:30,0
2022/8/9 4:45,0
2022/8/9 5:00,0
2022/8/9 5:15,0
2022/8/9 5:30,0
2022/8/9 5:45,0
2022/8/9 6:00,0
2022/8/9 6:15,0
2022/8/9 6:30,0
2022/8/9 6:45,0
2022/8/9 7:00,0
2022/8/9 7:15,0
2022/8/9 7:30,0.018249112
2022/8/9 7:45,0.024244823
2022/8/9 8:00,0.028791469
2022/8/9 8:15,0.035801201
2022/8/9 8:30,0.042685128
2022/8/9 8:45,0.048855291
2022/8/9 9:00,0.055684865
2022/8/9 9:15,0.058243708
2022/8/9 9:30,0.05735835
2022/8/9 9:45,0.066152113
2022/8/9 10:00,0.0716002
2022/8/9 10:15,0.078980377
2022/8/9 10:30,0.090894909
2022/8/9 10:45,0.11503489
2022/8/9 11:00,0.13080065
2022/8/9 11:15,0.150388385
2022/8/9 11:30,0.197883145
2022/8/9 11:45,0.227072397
2022/8/9 12:00,0.257699391
2022/8/9 12:15,0.284078991
2022/8/9 12:30,0.336108302
2022/8/9 12:45,0.386877197
2022/8/9 13:00,0.420866758
2022/8/9 13:15,0.459738981
2022/8/9 13:30,0.468704747
2022/8/9 13:45,0.493174854
2022/8/9 14:00,0.546458017
2022/8/9 14:15,0.559225161
2022/8/9 14:30,0.616633557
2022/8/9 14:45,0.617136315
2022/8/9 15:00,0.62904839
2022/8/9 15:15,0.608006488
2022/8/9 15:30,0.544981468
2022/8/9 15:45,0.513162475
2022/8/9 16:00,0.507535185
2022/8/9 16:15,0.533930535
2022/8/9 16:30,0.520360195
2022/8/9 16:45,0.506264159
2022/8/9 17:00,0.452890366
2022/8/9 17:15,0.419122931
2022/8/9 17:30,0.361734368
2022/8/9 17:45,0.303424335
2022/8/9 18:00,0.279556034
2022/8/9 18:15,0.205919383
2022/8/9 18:30,0.164271126
2022/8/9 18:45,0.122597676
2022/8/9 19:00,0.074277838
2022/8/9 19:15,0.03892185
2022/8/9 19:30,0
2022/8/9 19:45,0
2022/8/9 20:00,0
2022/8/9 20:15,0
2022/8/9 20:30,0
2022/8/9 20:45,0
2022/8/9 21:00,0
2022/8/9 21:15,0
2022/8/9 21:30,0
2022/8/9 21:45,0
2022/8/9 22:00,0
2022/8/9 22:15,0
2022/8/9 22:30,0
2022/8/9 22:45,0
2022/8/9 23:00,0
2022/8/9 23:15,0
2022/8/9 23:30,0
2022/8/9 23:45,0
2022/8/10 0:00,0
2022/8/10 0:15,0
2022/8/10 0:30,0
2022/8/10 0:45,0
2022/8/10 1:00,0
2022/8/10 1:15,0
2022/8/10 1:30,0
2022/8/10 1:45,0
2022/8/10 2:00,0
2022/8/10 2:15,0
2022/8/10 2:30,0
2022/8/10 2:45,0
2022/8/10 3:00,0
2022/8/10 3:15,0
2022/8/10 3:30,0
2022/8/10 3:45,0
2022/8/10 4:00,0
2022/8/10 4:15,0
2022/8/10 4:30,0
2022/8/10 4:45,0
2022/8/10 5:00,0
2022/8/10 5:15,0
2022/8/10 5:30,0
2022/8/10 5:45,0
2022/8/10 6:00,0
2022/8/10 6:15,0
2022/8/10 6:30,0
2022/8/10 6:45,0
2022/8/10 7:00,0
2022/8/10 7:15,0
2022/8/10 7:30,0.018600334
2022/8/10 7:45,0.024751028
2022/8/10 8:00,0.030761317
2022/8/10 8:15,0.036468925
2022/8/10 8:30,0.043944845
2022/8/10 8:45,0.049828023
2022/8/10 9:00,0.058504807
2022/8/10 9:15,0.05924163
2022/8/10 9:30,0.058185746
2022/8/10 9:45,0.063958479
2022/8/10 10:00,0.073004832
2022/8/10 10:15,0.080316161
2022/8/10 10:30,0.091338159
2022/8/10 10:45,0.110407598
2022/8/10 11:00,0.126481734
2022/8/10 11:15,0.152622432
2022/8/10 11:30,0.19594408
2022/8/10 11:45,0.22530094
2022/8/10 12:00,0.261029062
2022/8/10 12:15,0.295659508
2022/8/10 12:30,0.347799568
2022/8/10 12:45,0.406892373
2022/8/10 13:00,0.444240335
2022/8/10 13:15,0.471784558
2022/8/10 13:30,0.455076939
2022/8/10 13:45,0.479243526
2022/8/10 14:00,0.546979279
2022/8/10 14:15,0.565583559
2022/8/10 14:30,0.634823263
2022/8/10 14:45,0.636447397
2022/8/10 15:00,0.646839155
2022/8/10 15:15,0.643679041
2022/8/10 15:30,0.610067662
2022/8/10 15:45,0.596060365
2022/8/10 16:00,0.585041519
2022/8/10 16:15,0.581370313
2022/8/10 16:30,0.565061659
2022/8/10 16:45,0.507133681
2022/8/10 17:00,0.440009396
2022/8/10 17:15,0.404708962
2022/8/10 17:30,0.377299206
2022/8/10 17:45,0.332182517
2022/8/10 18:00,0.296135229
2022/8/10 18:15,0.209857721
2022/8/10 18:30,0.171462694
2022/8/10 18:45,0.128195692
2022/8/10 19:00,0.082252769
2022/8/10 19:15,0.040943858
2022/8/10 19:30,0
2022/8/10 19:45,0
2022/8/10 20:00,0
2022/8/10 20:15,0
2022/8/10 20:30,0
2022/8/10 20:45,0
2022/8/10 21:00,0
2022/8/10 21:15,0
2022/8/10 21:30,0
2022/8/10 21:45,0
2022/8/10 22:00,0
2022/8/10 22:15,0
2022/8/10 22:30,0
2022/8/10 22:45,0
2022/8/10 23:00,0
2022/8/10 23:15,0
2022/8/10 23:30,0
2022/8/10 23:45,0
2022/8/11 0:00,0
2022/8/11 0:15,0
2022/8/11 0:30,0
2022/8/11 0:45,0
2022/8/11 1:00,0
2022/8/11 1:15,0
2022/8/11 1:30,0
2022/8/11 1:45,0
2022/8/11 2:00,0
2022/8/11 2:15,0
2022/8/11 2:30,0
2022/8/11 2:45,0
2022/8/11 3:00,0
2022/8/11 3:15,0
2022/8/11 3:30,0
2022/8/11 3:45,0
2022/8/11 4:00,0
2022/8/11 4:15,0
2022/8/11 4:30,0
2022/8/11 4:45,0
2022/8/11 5:00,0
2022/8/11 5:15,0
2022/8/11 5:30,0
2022/8/11 5:45,0
2022/8/11 6:00,0
2022/8/11 6:15,0
2022/8/11 6:30,0
2022/8/11 6:45,0
2022/8/11 7:00,0
2022/8/11 7:15,0
2022/8/11 7:30,0.018028326
2022/8/11 7:45,0.023658896
2022/8/11 8:00,0.02963027
2022/8/11 8:15,0.037161851
2022/8/11 8:30,0.043595387
2022/8/11 8:45,0.049439338
2022/8/11 9:00,0.056071033
2022/8/11 9:15,0.057084784
2022/8/11 9:30,0.05507334
2022/8/11 9:45,0.062190909
2022/8/11 10:00,0.07223225
2022/8/11 10:15,0.077992262
2022/8/11 10:30,0.087910429
2022/8/11 10:45,0.106871819
2022/8/11 11:00,0.127378486
2022/8/11 11:15,0.146254351
2022/8/11 11:30,0.187539076
2022/8/11 11:45,0.214304494
2022/8/11 12:00,0.256345035
2022/8/11 12:15,0.28886532
2022/8/11 12:30,0.343316172
2022/8/11 12:45,0.392977614
2022/8/11 13:00,0.439757101
2022/8/11 13:15,0.480330439
2022/8/11 13:30,0.484676431
2022/8/11 13:45,0.512041626
2022/8/11 14:00,0.568478983
2022/8/11 14:15,0.578059057
2022/8/11 14:30,0.651768835
2022/8/11 14:45,0.640210294
2022/8/11 15:00,0.681190648
2022/8/11 15:15,0.668279346
2022/8/11 15:30,0.61910933
2022/8/11 15:45,0.58986543
2022/8/11 16:00,0.586665393
2022/8/11 16:15,0.594124511
2022/8/11 16:30,0.557637678
2022/8/11 16:45,0.516557749
2022/8/11 17:00,0.452620145
2022/8/11 17:15,0.408067216
2022/8/11 17:30,0.357243898
2022/8/11 17:45,0.315085336
2022/8/11 18:00,0.293402008
2022/8/11 18:15,0.213518194
2022/8/11 18:30,0.168089241
2022/8/11 18:45,0.125162593
2022/8/11 19:00,0.075723544
2022/8/11 19:15,0.038911778
2022/8/11 19:30,0
2022/8/11 19:45,0
2022/8/11 20:00,0
2022/8/11 20:15,0
2022/8/11 20:30,0
2022/8/11 20:45,0
2022/8/11 21:00,0
2022/8/11 21:15,0
2022/8/11 21:30,0
2022/8/11 21:45,0
2022/8/11 22:00,0
2022/8/11 22:15,0
2022/8/11 22:30,0
2022/8/11 22:45,0
2022/8/11 23:00,0
2022/8/11 23:15,0
2022/8/11 23:30,0
2022/8/11 23:45,0
2022/8/12 0:00,0
2022/8/12 0:15,0
2022/8/12 0:30,0
2022/8/12 0:45,0
2022/8/12 1:00,0
2022/8/12 1:15,0
2022/8/12 1:30,0
2022/8/12 1:45,0
2022/8/12 2:00,0
2022/8/12 2:15,0
2022/8/12 2:30,0
2022/8/12 2:45,0
2022/8/12 3:00,0
2022/8/12 3:15,0
2022/8/12 3:30,0
2022/8/12 3:45,0
2022/8/12 4:00,0
2022/8/12 4:15,0
2022/8/12 4:30,0
2022/8/12 4:45,0
2022/8/12 5:00,0
2022/8/12 5:15,0
2022/8/12 5:30,0
2022/8/12 5:45,0
2022/8/12 6:00,0
2022/8/12 6:15,0
2022/8/12 6:30,0
2022/8/12 6:45,0
2022/8/12 7:00,0
2022/8/12 7:15,0
2022/8/12 7:30,0.017434747
2022/8/12 7:45,0.02284696
2022/8/12 8:00,0.028667566
2022/8/12 8:15,0.035360656
2022/8/12 8:30,0.042596633
2022/8/12 8:45,0.048605779
2022/8/12 9:00,0.054478903
2022/8/12 9:15,0.055084069
2022/8/12 9:30,0.055121408
2022/8/12 9:45,0.062279913
2022/8/12 10:00,0.069600292
2022/8/12 10:15,0.073937213
2022/8/12 10:30,0.084182362
2022/8/12 10:45,0.104200118
2022/8/12 11:00,0.119878667
2022/8/12 11:15,0.148263951
2022/8/12 11:30,0.197612543
2022/8/12 11:45,0.227290125
2022/8/12 12:00,0.245908927
2022/8/12 12:15,0.269164571
2022/8/12 12:30,0.33049218
2022/8/12 12:45,0.388431285
2022/8/12 13:00,0.435928114
2022/8/12 13:15,0.470455036
2022/8/12 13:30,0.48028796
2022/8/12 13:45,0.506487469
2022/8/12 14:00,0.559492989
2022/8/12 14:15,0.595127858
2022/8/12 14:30,0.660227942
2022/8/12 14:45,0.653097348
2022/8/12 15:00,0.641946909
2022/8/12 15:15,0.645601883
2022/8/12 15:30,0.626016007
2022/8/12 15:45,0.602535134
2022/8/12 16:00,0.583082325
2022/8/12 16:15,0.549446365
2022/8/12 16:30,0.524951238
2022/8/12 16:45,0.478022376
2022/8/12 17:00,0.439468712
2022/8/12 17:15,0.411694312
2022/8/12 17:30,0.3717387
2022/8/12 17:45,0.327100635
2022/8/12 18:00,0.302958313
2022/8/12 18:15,0.222860383
2022/8/12 18:30,0.175381149
2022/8/12 18:45,0.130047784
2022/8/12 19:00,0.08160792
2022/8/12 19:15,0.041024093
2022/8/12 19:30,0
2022/8/12 19:45,0
2022/8/12 20:00,0
2022/8/12 20:15,0
2022/8/12 20:30,0
2022/8/12 20:45,0
2022/8/12 21:00,0
2022/8/12 21:15,0
2022/8/12 21:30,0
2022/8/12 21:45,0
2022/8/12 22:00,0
2022/8/12 22:15,0
2022/8/12 22:30,0
2022/8/12 22:45,0
2022/8/12 23:00,0
2022/8/12 23:15,0
2022/8/12 23:30,0
2022/8/12 23:45,0
2022/8/13 0:00,0
2022/8/13 0:15,0
2022/8/13 0:30,0
2022/8/13 0:45,0
2022/8/13 1:00,0
2022/8/13 1:15,0
2022/8/13 1:30,0
2022/8/13 1:45,0
2022/8/13 2:00,0
2022/8/13 2:15,0
2022/8/13 2:30,0
2022/8/13 2:45,0
2022/8/13 3:00,0
2022/8/13 3:15,0
2022/8/13 3:30,0
2022/8/13 3:45,0
2022/8/13 4:00,0
2022/8/13 4:15,0
2022/8/13 4:30,0
2022/8/13 4:45,0
2022/8/13 5:00,0
2022/8/13 5:15,0
2022/8/13 5:30,0
2022/8/13 5:45,0
2022/8/13 6:00,0
2022/8/13 6:15,0
2022/8/13 6:30,0
2022/8/13 6:45,0
2022/8/13 7:00,0
2022/8/13 7:15,0
2022/8/13 7:30,0.016613759
2022/8/13 7:45,0.021812335
2022/8/13 8:00,0.025807151
2022/8/13 8:15,0.031642702
2022/8/13 8:30,0.036668934
2022/8/13 8:45,0.041116379
2022/8/13 9:00,0.046834334
2022/8/13 9:15,0.04965095
2022/8/13 9:30,0.051264537
2022/8/13 9:45,0.059694583
2022/8/13 10:00,0.066775386
2022/8/13 10:15,0.07103983
2022/8/13 10:30,0.078443676
2022/8/13 10:45,0.095996691
2022/8/13 11:00,0.110205466
2022/8/13 11:15,0.128326953
2022/8/13 11:30,0.167666044
2022/8/13 11:45,0.203903338
2022/8/13 12:00,0.237018991
2022/8/13 12:15,0.269039736
2022/8/13 12:30,0.305992086
2022/8/13 12:45,0.349053017
2022/8/13 13:00,0.401144439
2022/8/13 13:15,0.441118068
2022/8/13 13:30,0.45443015
2022/8/13 13:45,0.454117468
2022/8/13 14:00,0.507632347
2022/8/13 14:15,0.500660302
2022/8/13 14:30,0.554182854
2022/8/13 14:45,0.554494854
2022/8/13 15:00,0.601373809
2022/8/13 15:15,0.591411474
2022/8/13 15:30,0.54531049
2022/8/13 15:45,0.52354373
2022/8/13 16:00,0.513334981
2022/8/13 16:15,0.528193003
2022/8/13 16:30,0.484061096
2022/8/13 16:45,0.449406622
2022/8/13 17:00,0.381815378
2022/8/13 17:15,0.37530516
2022/8/13 17:30,0.346101208
2022/8/13 17:45,0.301907465
2022/8/13 18:00,0.268252355
2022/8/13 18:15,0.190069077
2022/8/13 18:30,0.15827134
2022/8/13 18:45,0.117433934
2022/8/13 19:00,0.07465039
2022/8/13 19:15,0.037055955
2022/8/13 19:30,0
2022/8/13 19:45,0
2022/8/13 20:00,0
2022/8/13 20:15,0
2022/8/13 20:30,0
2022/8/13 20:45,0
2022/8/13 21:00,0
2022/8/13 21:15,0
2022/8/13 21:30,0
2022/8/13 21:45,0
2022/8/13 22:00,0
2022/8/13 22:15,0
2022/8/13 22:30,0
2022/8/13 22:45,0
2022/8/13 23:00,0
2022/8/13 23:15,0
2022/8/13 23:30,0
2022/8/13 23:45,0
2022/8/14 0:00,0
2022/8/14 0:15,0
2022/8/14 0:30,0
2022/8/14 0:45,0
2022/8/14 1:00,0
2022/8/14 1:15,0
2022/8/14 1:30,0
2022/8/14 1:45,0
2022/8/14 2:00,0
2022/8/14 2:15,0
2022/8/14 2:30,0
2022/8/14 2:45,0
2022/8/14 3:00,0
2022/8/14 3:15,0
2022/8/14 3:30,0
2022/8/14 3:45,0
2022/8/14 4:00,0
2022/8/14 4:15,0
2022/8/14 4:30,0
2022/8/14 4:45,0
2022/8/14 5:00,0
2022/8/14 5:15,0
2022/8/14 5:30,0
2022/8/14 5:45,0
2022/8/14 6:00,0
2022/8/14 6:15,0
2022/8/14 6:30,0
2022/8/14 6:45,0
2022/8/14 7:00,0
2022/8/14 7:15,0
2022/8/14 7:30,0.016790458
2022/8/14 7:45,0.022599059
2022/8/14 8:00,0.028629527
2022/8/14 8:15,0.035423917
2022/8/14 8:30,0.040726509
2022/8/14 8:45,0.047017248
2022/8/14 9:00,0.053184461
2022/8/14 9:15,0.054876302
2022/8/14 9:30,0.053090965
2022/8/14 9:45,0.059905755
2022/8/14 10:00,0.067901204
2022/8/14 10:15,0.070622156
2022/8/14 10:30,0.082752978
2022/8/14 10:45,0.100375801
2022/8/14 11:00,0.121204115
2022/8/14 11:15,0.143689002
2022/8/14 11:30,0.19149152
2022/8/14 11:45,0.219717963
2022/8/14 12:00,0.254920602
2022/8/14 12:15,0.271534348
2022/8/14 12:30,0.310934647
2022/8/14 12:45,0.34219511
2022/8/14 13:00,0.405794671
2022/8/14 13:15,0.443852513
2022/8/14 13:30,0.451437669
2022/8/14 13:45,0.447129056
2022/8/14 14:00,0.493974292
2022/8/14 14:15,0.522891347
2022/8/14 14:30,0.577971453
2022/8/14 14:45,0.601352039
2022/8/14 15:00,0.605492717
2022/8/14 15:15,0.633158185
2022/8/14 15:30,0.593610182
2022/8/14 15:45,0.57456834
2022/8/14 16:00,0.552814462
2022/8/14 16:15,0.543518515
2022/8/14 16:30,0.523984689
2022/8/14 16:45,0.472090931
2022/8/14 17:00,0.414959538
2022/8/14 17:15,0.380869334
2022/8/14 17:30,0.341441515
2022/8/14 17:45,0.296304758
2022/8/14 18:00,0.265224832
2022/8/14 18:15,0.197504116
2022/8/14 18:30,0.154041849
2022/8/14 18:45,0.119257769
2022/8/14 19:00,0.073861604
2022/8/14 19:15,0.038515993
2022/8/14 19:30,0
2022/8/14 19:45,0
2022/8/14 20:00,0
2022/8/14 20:15,0
2022/8/14 20:30,0
2022/8/14 20:45,0
2022/8/14 21:00,0
2022/8/14 21:15,0
2022/8/14 21:30,0
2022/8/14 21:45,0
2022/8/14 22:00,0
2022/8/14 22:15,0
2022/8/14 22:30,0
2022/8/14 22:45,0
2022/8/14 23:00,0
2022/8/14 23:15,0
2022/8/14 23:30,0
2022/8/14 23:45,0
2022/8/15 0:00,0
2022/8/15 0:15,0
2022/8/15 0:30,0
2022/8/15 0:45,0
2022/8/15 1:00,0
2022/8/15 1:15,0
2022/8/15 1:30,0
2022/8/15 1:45,0
2022/8/15 2:00,0
2022/8/15 2:15,0
2022/8/15 2:30,0
2022/8/15 2:45,0
2022/8/15 3:00,0
2022/8/15 3:15,0
2022/8/15 3:30,0
2022/8/15 3:45,0
2022/8/15 4:00,0
2022/8/15 4:15,0
2022/8/15 4:30,0
2022/8/15 4:45,0
2022/8/15 5:00,0
2022/8/15 5:15,0
2022/8/15 5:30,0
2022/8/15 5:45,0
2022/8/15 6:00,0
2022/8/15 6:15,0
2022/8/15 6:30,0
2022/8/15 6:45,0
2022/8/15 7:00,0
2022/8/15 7:15,0
2022/8/15 7:30,0.018544359
2022/8/15 7:45,0.025217816
2022/8/15 8:00,0.0307213
2022/8/15 8:15,0.036460053
2022/8/15 8:30,0.042532843
2022/8/15 8:45,0.047058227
2022/8/15 9:00,0.052836101
2022/8/15 9:15,0.052478449
2022/8/15 9:30,0.053983349
2022/8/15 9:45,0.060648494
2022/8/15 10:00,0.071820673
2022/8/15 10:15,0.076961342
2022/8/15 10:30,0.090287416
2022/8/15 10:45,0.106806672
2022/8/15 11:00,0.123815002
2022/8/15 11:15,0.143620506
2022/8/15 11:30,0.182575969
2022/8/15 11:45,0.204569887
2022/8/15 12:00,0.242649016
2022/8/15 12:15,0.280954816
2022/8/15 12:30,0.344786372
2022/8/15 12:45,0.391300425
2022/8/15 13:00,0.451197848
2022/8/15 13:15,0.481172938
2022/8/15 13:30,0.488416062
2022/8/15 13:45,0.511687842
2022/8/15 14:00,0.58948661
2022/8/15 14:15,0.599017343
2022/8/15 14:30,0.628208083
2022/8/15 14:45,0.601539544
2022/8/15 15:00,0.616435251
2022/8/15 15:15,0.618693068
2022/8/15 15:30,0.594286355
2022/8/15 15:45,0.57644626
2022/8/15 16:00,0.56113436
2022/8/15 16:15,0.562651809
2022/8/15 16:30,0.547739318
2022/8/15 16:45,0.497253674
2022/8/15 17:00,0.432410255
2022/8/15 17:15,0.386476117
2022/8/15 17:30,0.365277252
2022/8/15 17:45,0.325309286
2022/8/15 18:00,0.313605688
2022/8/15 18:15,0.221266778
2022/8/15 18:30,0.172069374
2022/8/15 18:45,0.122757079
2022/8/15 19:00,0.077702831
2022/8/15 19:15,0.040020515
2022/8/15 19:30,0
2022/8/15 19:45,0
2022/8/15 20:00,0
2022/8/15 20:15,0
2022/8/15 20:30,0
2022/8/15 20:45,0
2022/8/15 21:00,0
2022/8/15 21:15,0
2022/8/15 21:30,0
2022/8/15 21:45,0
2022/8/15 22:00,0
2022/8/15 22:15,0
2022/8/15 22:30,0
2022/8/15 22:45,0
2022/8/15 23:00,0
2022/8/15 23:15,0
2022/8/15 23:30,0
2022/8/15 23:45,0
2022/8/16 0:00,0
2022/8/16 0:15,0
2022/8/16 0:30,0
2022/8/16 0:45,0
2022/8/16 1:00,0
2022/8/16 1:15,0
2022/8/16 1:30,0
2022/8/16 1:45,0
2022/8/16 2:00,0
2022/8/16 2:15,0
2022/8/16 2:30,0
2022/8/16 2:45,0
2022/8/16 3:00,0
2022/8/16 3:15,0
2022/8/16 3:30,0
2022/8/16 3:45,0
2022/8/16 4:00,0
2022/8/16 4:15,0
2022/8/16 4:30,0
2022/8/16 4:45,0
2022/8/16 5:00,0
2022/8/16 5:15,0
2022/8/16 5:30,0
2022/8/16 5:45,0
2022/8/16 6:00,0
2022/8/16 6:15,0
2022/8/16 6:30,0
2022/8/16 6:45,0
2022/8/16 7:00,0
2022/8/16 7:15,0
2022/8/16 7:30,0.018093291
2022/8/16 7:45,0.023925542
2022/8/16 8:00,0.029490586
2022/8/16 8:15,0.035436452
2022/8/16 8:30,0.041583318
2022/8/16 8:45,0.046361479
2022/8/16 9:00,0.055823958
2022/8/16 9:15,0.057523441
2022/8/16 9:30,0.058894764
2022/8/16 9:45,0.064988428
2022/8/16 10:00,0.074041641
2022/8/16 10:15,0.08046184
2022/8/16 10:30,0.088726933
2022/8/16 10:45,0.104150427
2022/8/16 11:00,0.115832818
2022/8/16 11:15,0.143857958
2022/8/16 11:30,0.197203582
2022/8/16 11:45,0.229090307
2022/8/16 12:00,0.25555692
2022/8/16 12:15,0.283743309
2022/8/16 12:30,0.335856464
2022/8/16 12:45,0.390732701
2022/8/16 13:00,0.438103257
2022/8/16 13:15,0.490423588
2022/8/16 13:30,0.516530101
2022/8/16 13:45,0.535393459
2022/8/16 14:00,0.584919071
2022/8/16 14:15,0.589788595
2022/8/16 14:30,0.652794837
2022/8/16 14:45,0.634208799
2022/8/16 15:00,0.629088902
2022/8/16 15:15,0.631345063
2022/8/16 15:30,0.618083491
2022/8/16 15:45,0.607686096
2022/8/16 16:00,0.562937418
2022/8/16 16:15,0.539261219
2022/8/16 16:30,0.497287261
2022/8/16 16:45,0.47033462
2022/8/16 17:00,0.424210305
2022/8/16 17:15,0.399841279
2022/8/16 17:30,0.365763514
2022/8/16 17:45,0.313777398
2022/8/16 18:00,0.29332703
2022/8/16 18:15,0.212867649
2022/8/16 18:30,0.17298266
2022/8/16 18:45,0.128188577
2022/8/16 19:00,0.080598947
2022/8/16 19:15,0.040718617
2022/8/16 19:30,0
2022/8/16 19:45,0
2022/8/16 20:00,0
2022/8/16 20:15,0
2022/8/16 20:30,0
2022/8/16 20:45,0
2022/8/16 21:00,0
2022/8/16 21:15,0
2022/8/16 21:30,0
2022/8/16 21:45,0
2022/8/16 22:00,0
2022/8/16 22:15,0
2022/8/16 22:30,0
2022/8/16 22:45,0
2022/8/16 23:00,0
2022/8/16 23:15,0
2022/8/16 23:30,0
2022/8/16 23:45,0
2022/8/17 0:00,0
2022/8/17 0:15,0
2022/8/17 0:30,0
2022/8/17 0:45,0
2022/8/17 1:00,0
2022/8/17 1:15,0
2022/8/17 1:30,0
2022/8/17 1:45,0
2022/8/17 2:00,0
2022/8/17 2:15,0
2022/8/17 2:30,0
2022/8/17 2:45,0
2022/8/17 3:00,0
2022/8/17 3:15,0
2022/8/17 3:30,0
2022/8/17 3:45,0
2022/8/17 4:00,0
2022/8/17 4:15,0
2022/8/17 4:30,0
2022/8/17 4:45,0
2022/8/17 5:00,0
2022/8/17 5:15,0
2022/8/17 5:30,0
2022/8/17 5:45,0
2022/8/17 6:00,0
2022/8/17 6:15,0
2022/8/17 6:30,0
2022/8/17 6:45,0
2022/8/17 7:00,0
2022/8/17 7:15,0
2022/8/17 7:30,0.018025834
2022/8/17 7:45,0.024248232
2022/8/17 8:00,0.029614732
2022/8/17 8:15,0.036255642
2022/8/17 8:30,0.042265849
2022/8/17 8:45,0.048080946
2022/8/17 9:00,0.053515423
2022/8/17 9:15,0.054542115
2022/8/17 9:30,0.054187041
2022/8/17 9:45,0.061269545
2022/8/17 10:00,0.068870167
2022/8/17 10:15,0.075357379
2022/8/17 10:30,0.084599934
2022/8/17 10:45,0.107776262
2022/8/17 11:00,0.124961596
2022/8/17 11:15,0.149664359
2022/8/17 11:30,0.19103168
2022/8/17 11:45,0.213326073
2022/8/17 12:00,0.251624436
2022/8/17 12:15,0.280508147
2022/8/17 12:30,0.343506253
2022/8/17 12:45,0.395166711
2022/8/17 13:00,0.454597261
2022/8/17 13:15,0.496186481
2022/8/17 13:30,0.504630317
2022/8/17 13:45,0.508447276
2022/8/17 14:00,0.575849264
2022/8/17 14:15,0.570266123
2022/8/17 14:30,0.646593009
2022/8/17 14:45,0.646790089
2022/8/17 15:00,0.670432814
2022/8/17 15:15,0.65324569
2022/8/17 15:30,0.597572074
2022/8/17 15:45,0.568256969
2022/8/17 16:00,0.530360897
2022/8/17 16:15,0.516769488
2022/8/17 16:30,0.485060022
2022/8/17 16:45,0.484618743
2022/8/17 17:00,0.427393976
2022/8/17 17:15,0.415832111
2022/8/17 17:30,0.386534014
2022/8/17 17:45,0.349108586
2022/8/17 18:00,0.323962356
2022/8/17 18:15,0.217566802
2022/8/17 18:30,0.172615625
2022/8/17 18:45,0.120417397
2022/8/17 19:00,0.077122865
2022/8/17 19:15,0.038715673
2022/8/17 19:30,0
2022/8/17 19:45,0
2022/8/17 20:00,0
2022/8/17 20:15,0
2022/8/17 20:30,0
2022/8/17 20:45,0
2022/8/17 21:00,0
2022/8/17 21:15,0
2022/8/17 21:30,0
2022/8/17 21:45,0
2022/8/17 22:00,0
2022/8/17 22:15,0
2022/8/17 22:30,0
2022/8/17 22:45,0
2022/8/17 23:00,0
2022/8/17 23:15,0
2022/8/17 23:30,0
2022/8/17 23:45,0
2022/8/18 0:00,0
2022/8/18 0:15,0
2022/8/18 0:30,0
2022/8/18 0:45,0
2022/8/18 1:00,0
2022/8/18 1:15,0
2022/8/18 1:30,0
2022/8/18 1:45,0
2022/8/18 2:00,0
2022/8/18 2:15,0
2022/8/18 2:30,0
2022/8/18 2:45,0
2022/8/18 3:00,0
2022/8/18 3:15,0
2022/8/18 3:30,0
2022/8/18 3:45,0
2022/8/18 4:00,0
2022/8/18 4:15,0
2022/8/18 4:30,0
2022/8/18 4:45,0
2022/8/18 5:00,0
2022/8/18 5:15,0
2022/8/18 5:30,0
2022/8/18 5:45,0
2022/8/18 6:00,0
2022/8/18 6:15,0
2022/8/18 6:30,0
2022/8/18 6:45,0
2022/8/18 7:00,0
2022/8/18 7:15,0
2022/8/18 7:30,0.018983171
2022/8/18 7:45,0.025902609
2022/8/18 8:00,0.031324647
2022/8/18 8:15,0.037605171
2022/8/18 8:30,0.043656011
2022/8/18 8:45,0.050052826
2022/8/18 9:00,0.056653097
2022/8/18 9:15,0.058407197
2022/8/18 9:30,0.058686071
2022/8/18 9:45,0.065954862
2022/8/18 10:00,0.074680444
2022/8/18 10:15,0.078979302
2022/8/18 10:30,0.091170578
2022/8/18 10:45,0.112355028
2022/8/18 11:00,0.130443352
2022/8/18 11:15,0.154031881
2022/8/18 11:30,0.20176087
2022/8/18 11:45,0.234631186
2022/8/18 12:00,0.273190605
2022/8/18 12:15,0.302492616
2022/8/18 12:30,0.356780359
2022/8/18 12:45,0.401128385
2022/8/18 13:00,0.451940888
2022/8/18 13:15,0.496983149
2022/8/18 13:30,0.508231563
2022/8/18 13:45,0.526709044
2022/8/18 14:00,0.581749861
2022/8/18 14:15,0.591998057
2022/8/18 14:30,0.655081861
2022/8/18 14:45,0.64310137
2022/8/18 15:00,0.667884458
2022/8/18 15:15,0.679587295
2022/8/18 15:30,0.650109358
2022/8/18 15:45,0.628944322
2022/8/18 16:00,0.609653448
2022/8/18 16:15,0.601210019
2022/8/18 16:30,0.555173113
2022/8/18 16:45,0.510554554
2022/8/18 17:00,0.454883859
2022/8/18 17:15,0.420496859
2022/8/18 17:30,0.383976927
2022/8/18 17:45,0.329682781
2022/8/18 18:00,0.30777904
2022/8/18 18:15,0.22182206
2022/8/18 18:30,0.18212491
2022/8/18 18:45,0.135559189
2022/8/18 19:00,0.083592452
2022/8/18 19:15,0.04078774
2022/8/18 19:30,0
2022/8/18 19:45,0
2022/8/18 20:00,0
2022/8/18 20:15,0
2022/8/18 20:30,0
2022/8/18 20:45,0
2022/8/18 21:00,0
2022/8/18 21:15,0
2022/8/18 21:30,0
2022/8/18 21:45,0
2022/8/18 22:00,0
2022/8/18 22:15,0
2022/8/18 22:30,0
2022/8/18 22:45,0
2022/8/18 23:00,0
2022/8/18 23:15,0
2022/8/18 23:30,0
2022/8/18 23:45,0
2022/8/19 0:00,0
2022/8/19 0:15,0
2022/8/19 0:30,0
2022/8/19 0:45,0
2022/8/19 1:00,0
2022/8/19 1:15,0
2022/8/19 1:30,0
2022/8/19 1:45,0
2022/8/19 2:00,0
2022/8/19 2:15,0
2022/8/19 2:30,0
2022/8/19 2:45,0
2022/8/19 3:00,0
2022/8/19 3:15,0
2022/8/19 3:30,0
2022/8/19 3:45,0
2022/8/19 4:00,0
2022/8/19 4:15,0
2022/8/19 4:30,0
2022/8/19 4:45,0
2022/8/19 5:00,0
2022/8/19 5:15,0
2022/8/19 5:30,0
2022/8/19 5:45,0
2022/8/19 6:00,0
2022/8/19 6:15,0
2022/8/19 6:30,0
2022/8/19 6:45,0
2022/8/19 7:00,0
2022/8/19 7:15,0
2022/8/19 7:30,0.016942418
2022/8/19 7:45,0.021711116
2022/8/19 8:00,0.025769336
2022/8/19 8:15,0.030705299
2022/8/19 8:30,0.03801059
2022/8/19 8:45,0.043312908
2022/8/19 9:00,0.050013596
2022/8/19 9:15,0.051451957
2022/8/19 9:30,0.050607079
2022/8/19 9:45,0.056416132
2022/8/19 10:00,0.062406446
2022/8/19 10:15,0.06903178
2022/8/19 10:30,0.079007933
2022/8/19 10:45,0.099981351
2022/8/19 11:00,0.114318754
2022/8/19 11:15,0.141396382
2022/8/19 11:30,0.18027913
2022/8/19 11:45,0.21463244
2022/8/19 12:00,0.246642275
2022/8/19 12:15,0.27918696
2022/8/19 12:30,0.326122665
2022/8/19 12:45,0.360579028
2022/8/19 13:00,0.394592067
2022/8/19 13:15,0.433076111
2022/8/19 13:30,0.444599428
2022/8/19 13:45,0.47891866
2022/8/19 14:00,0.547274922
2022/8/19 14:15,0.581051338
2022/8/19 14:30,0.627344529
2022/8/19 14:45,0.614825259
2022/8/19 15:00,0.609131873
2022/8/19 15:15,0.62127215
2022/8/19 15:30,0.578030573
2022/8/19 15:45,0.549973823
2022/8/19 16:00,0.548329223
2022/8/19 16:15,0.539359967
2022/8/19 16:30,0.529992445
2022/8/19 16:45,0.468256508
2022/8/19 17:00,0.414047724
2022/8/19 17:15,0.377793362
2022/8/19 17:30,0.346030318
2022/8/19 17:45,0.311425469
2022/8/19 18:00,0.274058529
2022/8/19 18:15,0.197354333
2022/8/19 18:30,0.157365602
2022/8/19 18:45,0.122312999
2022/8/19 19:00,0.075504838
2022/8/19 19:15,0.037400304
2022/8/19 19:30,0
2022/8/19 19:45,0
2022/8/19 20:00,0
2022/8/19 20:15,0
2022/8/19 20:30,0
2022/8/19 20:45,0
2022/8/19 21:00,0
2022/8/19 21:15,0
2022/8/19 21:30,0
2022/8/19 21:45,0
2022/8/19 22:00,0
2022/8/19 22:15,0
2022/8/19 22:30,0
2022/8/19 22:45,0
2022/8/19 23:00,0
2022/8/19 23:15,0
2022/8/19 23:30,0
2022/8/19 23:45,0
2022/8/20 0:00,0
2022/8/20 0:15,0
2022/8/20 0:30,0
2022/8/20 0:45,0
2022/8/20 1:00,0
2022/8/20 1:15,0
2022/8/20 1:30,0
2022/8/20 1:45,0
2022/8/20 2:00,0
2022/8/20 2:15,0
2022/8/20 2:30,0
2022/8/20 2:45,0
2022/8/20 3:00,0
2022/8/20 3:15,0
2022/8/20 3:30,0
2022/8/20 3:45,0
2022/8/20 4:00,0
2022/8/20 4:15,0
2022/8/20 4:30,0
2022/8/20 4:45,0
2022/8/20 5:00,0
2022/8/20 5:15,0
2022/8/20 5:30,0
2022/8/20 5:45,0
2022/8/20 6:00,0
2022/8/20 6:15,0
2022/8/20 6:30,0
2022/8/20 6:45,0
2022/8/20 7:00,0
2022/8/20 7:15,0
2022/8/20 7:30,0.01678558
2022/8/20 7:45,0.021686376
2022/8/20 8:00,0.027168513
2022/8/20 8:15,0.034141804
2022/8/20 8:30,0.042001709
2022/8/20 8:45,0.047074675
2022/8/20 9:00,0.053299325
2022/8/20 9:15,0.053043214
2022/8/20 9:30,0.053716773
2022/8/20 9:45,0.061512176
2022/8/20 10:00,0.069510087
2022/8/20 10:15,0.072642602
2022/8/20 10:30,0.079921478
2022/8/20 10:45,0.10096344
2022/8/20 11:00,0.120205327
2022/8/20 11:15,0.142807082
2022/8/20 11:30,0.183901144
2022/8/20 11:45,0.208230236
2022/8/20 12:00,0.236670516
2022/8/20 12:15,0.263004014
2022/8/20 12:30,0.317381647
2022/8/20 12:45,0.366401946
2022/8/20 13:00,0.405552964
2022/8/20 13:15,0.423412683
2022/8/20 13:30,0.448696766
2022/8/20 13:45,0.468614088
2022/8/20 14:00,0.515023527
2022/8/20 14:15,0.521745813
2022/8/20 14:30,0.590810166
2022/8/20 14:45,0.593656862
2022/8/20 15:00,0.591190382
2022/8/20 15:15,0.577197048
2022/8/20 15:30,0.533040898
2022/8/20 15:45,0.531694597
2022/8/20 16:00,0.522961353
2022/8/20 16:15,0.549008792
2022/8/20 16:30,0.530654483
2022/8/20 16:45,0.491945244
2022/8/20 17:00,0.429938789
2022/8/20 17:15,0.384537033
2022/8/20 17:30,0.352457065
2022/8/20 17:45,0.309693411
2022/8/20 18:00,0.283368377
2022/8/20 18:15,0.202121065
2022/8/20 18:30,0.161627008
2022/8/20 18:45,0.119586919
2022/8/20 19:00,0.072646701
2022/8/20 19:15,0.036793536
2022/8/20 19:30,0
2022/8/20 19:45,0
2022/8/20 20:00,0
2022/8/20 20:15,0
2022/8/20 20:30,0
2022/8/20 20:45,0
2022/8/20 21:00,0
2022/8/20 21:15,0
2022/8/20 21:30,0
2022/8/20 21:45,0
2022/8/20 22:00,0
2022/8/20 22:15,0
2022/8/20 22:30,0
2022/8/20 22:45,0
2022/8/20 23:00,0
2022/8/20 23:15,0
2022/8/20 23:30,0
2022/8/20 23:45,0
2022/8/21 0:00,0
2022/8/21 0:15,0
2022/8/21 0:30,0
2022/8/21 0:45,0
2022/8/21 1:00,0
2022/8/21 1:15,0
2022/8/21 1:30,0
2022/8/21 1:45,0
2022/8/21 2:00,0
2022/8/21 2:15,0
2022/8/21 2:30,0
2022/8/21 2:45,0
2022/8/21 3:00,0
2022/8/21 3:15,0
2022/8/21 3:30,0
2022/8/21 3:45,0
2022/8/21 4:00,0
2022/8/21 4:15,0
2022/8/21 4:30,0
2022/8/21 4:45,0
2022/8/21 5:00,0
2022/8/21 5:15,0
2022/8/21 5:30,0
2022/8/21 5:45,0
2022/8/21 6:00,0
2022/8/21 6:15,0
2022/8/21 6:30,0
2022/8/21 6:45,0
2022/8/21 7:00,0
2022/8/21 7:15,0
2022/8/21 7:30,0.01478976
2022/8/21 7:45,0.019855643
2022/8/21 8:00,0.024198255
2022/8/21 8:15,0.029903936
2022/8/21 8:30,0.0355302
2022/8/21 8:45,0.040820792
2022/8/21 9:00,0.045710653
2022/8/21 9:15,0.0463113
2022/8/21 9:30,0.046575549
2022/8/21 9:45,0.053521241
2022/8/21 10:00,0.062355366
2022/8/21 10:15,0.06539489
2022/8/21 10:30,0.073290223
2022/8/21 10:45,0.088625114
2022/8/21 11:00,0.104717509
2022/8/21 11:15,0.125190426
2022/8/21 11:30,0.159756587
2022/8/21 11:45,0.188506301
2022/8/21 12:00,0.219108406
2022/8/21 12:15,0.245348705
2022/8/21 12:30,0.284947514
2022/8/21 12:45,0.3266495
2022/8/21 13:00,0.370107899
2022/8/21 13:15,0.406535825
2022/8/21 13:30,0.408790157
2022/8/21 13:45,0.428068585
2022/8/21 14:00,0.479258856
2022/8/21 14:15,0.488781509
2022/8/21 14:30,0.538027544
2022/8/21 14:45,0.52788367
2022/8/21 15:00,0.541178426
2022/8/21 15:15,0.532991597
2022/8/21 15:30,0.497565313
2022/8/21 15:45,0.479260183
2022/8/21 16:00,0.464111128
2022/8/21 16:15,0.4692434
2022/8/21 16:30,0.447243511
2022/8/21 16:45,0.412371292
2022/8/21 17:00,0.361111629
2022/8/21 17:15,0.334458718
2022/8/21 17:30,0.305255806
2022/8/21 17:45,0.262116921
2022/8/21 18:00,0.2433386
2022/8/21 18:15,0.177645839
2022/8/21 18:30,0.145763172
2022/8/21 18:45,0.106148885
2022/8/21 19:00,0.06640129
2022/8/21 19:15,0.032831212
2022/8/21 19:30,0
2022/8/21 19:45,0
2022/8/21 20:00,0
2022/8/21 20:15,0
2022/8/21 20:30,0
2022/8/21 20:45,0
2022/8/21 21:00,0
2022/8/21 21:15,0
2022/8/21 21:30,0
2022/8/21 21:45,0
2022/8/21 22:00,0
2022/8/21 22:15,0
2022/8/21 22:30,0
2022/8/21 22:45,0
2022/8/21 23:00,0
2022/8/21 23:15,0
2022/8/21 23:30,0
2022/8/21 23:45,0
2022/8/22 0:00,0
2022/8/22 0:15,0
2022/8/22 0:30,0
2022/8/22 0:45,0
2022/8/22 1:00,0
2022/8/22 1:15,0
2022/8/22 1:30,0
2022/8/22 1:45,0
2022/8/22 2:00,0
2022/8/22 2:15,0
2022/8/22 2:30,0
2022/8/22 2:45,0
2022/8/22 3:00,0
2022/8/22 3:15,0
2022/8/22 3:30,0
2022/8/22 3:45,0
2022/8/22 4:00,0
2022/8/22 4:15,0
2022/8/22 4:30,0
2022/8/22 4:45,0
2022/8/22 5:00,0
2022/8/22 5:15,0
2022/8/22 5:30,0
2022/8/22 5:45,0
2022/8/22 6:00,0
2022/8/22 6:15,0
2022/8/22 6:30,0
2022/8/22 6:45,0
2022/8/22 7:00,0
2022/8/22 7:15,0
2022/8/22 7:30,0.017487024
2022/8/22 7:45,0.022673213
2022/8/22 8:00,0.02861174
2022/8/22 8:15,0.034631508
2022/8/22 8:30,0.042527044
2022/8/22 8:45,0.046294509
2022/8/22 9:00,0.052118705
2022/8/22 9:15,0.054390043
2022/8/22 9:30,0.05751057
2022/8/22 9:45,0.064166301
2022/8/22 10:00,0.070511815
2022/8/22 10:15,0.076154848
2022/8/22 10:30,0.08750515
2022/8/22 10:45,0.107226453
2022/8/22 11:00,0.123993083
2022/8/22 11:15,0.14961216
2022/8/22 11:30,0.190993318
2022/8/22 11:45,0.216935323
2022/8/22 12:00,0.241072199
2022/8/22 12:15,0.285110335
2022/8/22 12:30,0.333688607
2022/8/22 12:45,0.390547671
2022/8/22 13:00,0.412045556
2022/8/22 13:15,0.440061221
2022/8/22 13:30,0.454879159
2022/8/22 13:45,0.491958741
2022/8/22 14:00,0.580618538
2022/8/22 14:15,0.572556633
2022/8/22 14:30,0.613895242
2022/8/22 14:45,0.578468686
2022/8/22 15:00,0.605832679
2022/8/22 15:15,0.625741608
2022/8/22 15:30,0.612825821
2022/8/22 15:45,0.60946038
2022/8/22 16:00,0.592100457
2022/8/22 16:15,0.566007157
2022/8/22 16:30,0.530744593
2022/8/22 16:45,0.485774309
2022/8/22 17:00,0.434575779
2022/8/22 17:15,0.385582668
2022/8/22 17:30,0.336650164
2022/8/22 17:45,0.297060707
2022/8/22 18:00,0.281863319
2022/8/22 18:15,0.205442382
2022/8/22 18:30,0.16527669
2022/8/22 18:45,0.121502929
2022/8/22 19:00,0.077411995
2022/8/22 19:15,0.038732803
2022/8/22 19:30,0
2022/8/22 19:45,0
2022/8/22 20:00,0
2022/8/22 20:15,0
2022/8/22 20:30,0
2022/8/22 20:45,0
2022/8/22 21:00,0
2022/8/22 21:15,0
2022/8/22 21:30,0
2022/8/22 21:45,0
2022/8/22 22:00,0
2022/8/22 22:15,0
2022/8/22 22:30,0
2022/8/22 22:45,0
2022/8/22 23:00,0
2022/8/22 23:15,0
2022/8/22 23:30,0
2022/8/22 23:45,0
2022/8/23 0:00,0
2022/8/23 0:15,0
2022/8/23 0:30,0
2022/8/23 0:45,0
2022/8/23 1:00,0
2022/8/23 1:15,0
2022/8/23 1:30,0
2022/8/23 1:45,0
2022/8/23 2:00,0
2022/8/23 2:15,0
2022/8/23 2:30,0
2022/8/23 2:45,0
2022/8/23 3:00,0
2022/8/23 3:15,0
2022/8/23 3:30,0
2022/8/23 3:45,0
2022/8/23 4:00,0
2022/8/23 4:15,0
2022/8/23 4:30,0
2022/8/23 4:45,0
2022/8/23 5:00,0
2022/8/23 5:15,0
2022/8/23 5:30,0
2022/8/23 5:45,0
2022/8/23 6:00,0
2022/8/23 6:15,0
2022/8/23 6:30,0
2022/8/23 6:45,0
2022/8/23 7:00,0
2022/8/23 7:15,0
2022/8/23 7:30,0.016928855
2022/8/23 7:45,0.021889295
2022/8/23 8:00,0.0281245
2022/8/23 8:15,0.03409608
2022/8/23 8:30,0.041719099
2022/8/23 8:45,0.046888452
2022/8/23 9:00,0.053189326
2022/8/23 9:15,0.053707105
2022/8/23 9:30,0.053056153
2022/8/23 9:45,0.060107281
2022/8/23 10:00,0.067827028
2022/8/23 10:15,0.073165446
2022/8/23 10:30,0.082651041
2022/8/23 10:45,0.10231649
2022/8/23 11:00,0.117730529
2022/8/23 11:15,0.143479136
2022/8/23 11:30,0.18212319
2022/8/23 11:45,0.210861709
2022/8/23 12:00,0.236076271
2022/8/23 12:15,0.269725355
2022/8/23 12:30,0.313015717
2022/8/23 12:45,0.377810684
2022/8/23 13:00,0.432210368
2022/8/23 13:15,0.467718668
2022/8/23 13:30,0.467286123
2022/8/23 13:45,0.491574813
2022/8/23 14:00,0.538032164
2022/8/23 14:15,0.550355327
2022/8/23 14:30,0.594657508
2022/8/23 14:45,0.610115111
2022/8/23 15:00,0.616622736
2022/8/23 15:15,0.6222525
2022/8/23 15:30,0.580817809
2022/8/23 15:45,0.579941988
2022/8/23 16:00,0.556496891
2022/8/23 16:15,0.562589559
2022/8/23 16:30,0.516449684
2022/8/23 16:45,0.470712078
2022/8/23 17:00,0.415357314
2022/8/23 17:15,0.395674081
2022/8/23 17:30,0.361273096
2022/8/23 17:45,0.318877009
2022/8/23 18:00,0.291146785
2022/8/23 18:15,0.213183976
2022/8/23 18:30,0.166881996
2022/8/23 18:45,0.120742889
2022/8/23 19:00,0.072455758
2022/8/23 19:15,0.037070074
2022/8/23 19:30,0
2022/8/23 19:45,0
2022/8/23 20:00,0
2022/8/23 20:15,0
2022/8/23 20:30,0
2022/8/23 20:45,0
2022/8/23 21:00,0
2022/8/23 21:15,0
2022/8/23 21:30,0
2022/8/23 21:45,0
2022/8/23 22:00,0
2022/8/23 22:15,0
2022/8/23 22:30,0
2022/8/23 22:45,0
2022/8/23 23:00,0
2022/8/23 23:15,0
2022/8/23 23:30,0
2022/8/23 23:45,0
2022/8/24 0:00,0
2022/8/24 0:15,0
2022/8/24 0:30,0
2022/8/24 0:45,0
2022/8/24 1:00,0
2022/8/24 1:15,0
2022/8/24 1:30,0
2022/8/24 1:45,0
2022/8/24 2:00,0
2022/8/24 2:15,0
2022/8/24 2:30,0
2022/8/24 2:45,0
2022/8/24 3:00,0
2022/8/24 3:15,0
2022/8/24 3:30,0
2022/8/24 3:45,0
2022/8/24 4:00,0
2022/8/24 4:15,0
2022/8/24 4:30,0
2022/8/24 4:45,0
2022/8/24 5:00,0
2022/8/24 5:15,0
2022/8/24 5:30,0
2022/8/24 5:45,0
2022/8/24 6:00,0
2022/8/24 6:15,0
2022/8/24 6:30,0
2022/8/24 6:45,0
2022/8/24 7:00,0
2022/8/24 7:15,0
2022/8/24 7:30,0.018237808
2022/8/24 7:45,0.024579463
2022/8/24 8:00,0.030395244
2022/8/24 8:15,0.037645598
2022/8/24 8:30,0.045024521
2022/8/24 8:45,0.051242451
2022/8/24 9:00,0.056758074
2022/8/24 9:15,0.058028532
2022/8/24 9:30,0.057077987
2022/8/24 9:45,0.065139596
2022/8/24 10:00,0.07203724
2022/8/24 10:15,0.078252477
2022/8/24 10:30,0.089821448
2022/8/24 10:45,0.11339284
2022/8/24 11:00,0.131434805
2022/8/24 11:15,0.154655545
2022/8/24 11:30,0.20348052
2022/8/24 11:45,0.234715332
2022/8/24 12:00,0.274834579
2022/8/24 12:15,0.301816364
2022/8/24 12:30,0.359403533
2022/8/24 12:45,0.405154147
2022/8/24 13:00,0.455118513
2022/8/24 13:15,0.495565625
2022/8/24 13:30,0.513809042
2022/8/24 13:45,0.537315437
2022/8/24 14:00,0.59886502
2022/8/24 14:15,0.591289325
2022/8/24 14:30,0.649561822
2022/8/24 14:45,0.628490971
2022/8/24 15:00,0.663236934
2022/8/24 15:15,0.657478271
2022/8/24 15:30,0.617879558
2022/8/24 15:45,0.593293196
2022/8/24 16:00,0.587430415
2022/8/24 16:15,0.598270247
2022/8/24 16:30,0.565364219
2022/8/24 16:45,0.518800603
2022/8/24 17:00,0.456905244
2022/8/24 17:15,0.423993091
2022/8/24 17:30,0.381543626
2022/8/24 17:45,0.325381556
2022/8/24 18:00,0.298207314
2022/8/24 18:15,0.217387056
2022/8/24 18:30,0.176222006
2022/8/24 18:45,0.130222766
2022/8/24 19:00,0.079270317
2022/8/24 19:15,0.039658549
2022/8/24 19:30,0
2022/8/24 19:45,0
2022/8/24 20:00,0
2022/8/24 20:15,0
2022/8/24 20:30,0
2022/8/24 20:45,0
2022/8/24 21:00,0
2022/8/24 21:15,0
2022/8/24 21:30,0
2022/8/24 21:45,0
2022/8/24 22:00,0
2022/8/24 22:15,0
2022/8/24 22:30,0
2022/8/24 22:45,0
2022/8/24 23:00,0
2022/8/24 23:15,0
2022/8/24 23:30,0
2022/8/24 23:45,0
2022/8/25 0:00,0
2022/8/25 0:15,0
2022/8/25 0:30,0
2022/8/25 0:45,0
2022/8/25 1:00,0
2022/8/25 1:15,0
2022/8/25 1:30,0
2022/8/25 1:45,0
2022/8/25 2:00,0
2022/8/25 2:15,0
2022/8/25 2:30,0
2022/8/25 2:45,0
2022/8/25 3:00,0
2022/8/25 3:15,0
2022/8/25 3:30,0
2022/8/25 3:45,0
2022/8/25 4:00,0
2022/8/25 4:15,0
2022/8/25 4:30,0
2022/8/25 4:45,0
2022/8/25 5:00,0
2022/8/25 5:15,0
2022/8/25 5:30,0
2022/8/25 5:45,0
2022/8/25 6:00,0
2022/8/25 6:15,0
2022/8/25 6:30,0
2022/8/25 6:45,0
2022/8/25 7:00,0
2022/8/25 7:15,0
2022/8/25 7:30,0.01775966
2022/8/25 7:45,0.023193051
2022/8/25 8:00,0.02887412
2022/8/25 8:15,0.035147946
2022/8/25 8:30,0.041352627
2022/8/25 8:45,0.047106417
2022/8/25 9:00,0.053421835
2022/8/25 9:15,0.054213522
2022/8/25 9:30,0.052727533
2022/8/25 9:45,0.059964502
2022/8/25 10:00,0.069925516
2022/8/25 10:15,0.078156561
2022/8/25 10:30,0.088793699
2022/8/25 10:45,0.108980374
2022/8/25 11:00,0.125453105
2022/8/25 11:15,0.146902074
2022/8/25 11:30,0.19457211
2022/8/25 11:45,0.225344312
2022/8/25 12:00,0.267926976
2022/8/25 12:15,0.298899302
2022/8/25 12:30,0.347633931
2022/8/25 12:45,0.406594071
2022/8/25 13:00,0.447933102
2022/8/25 13:15,0.498631365
2022/8/25 13:30,0.486007996
2022/8/25 13:45,0.526222569
2022/8/25 14:00,0.561479481
2022/8/25 14:15,0.590136262
2022/8/25 14:30,0.64919527
2022/8/25 14:45,0.647082102
2022/8/25 15:00,0.657636572
2022/8/25 15:15,0.663426803
2022/8/25 15:30,0.637643192
2022/8/25 15:45,0.617150812
2022/8/25 16:00,0.573903783
2022/8/25 16:15,0.573697138
2022/8/25 16:30,0.564424335
2022/8/25 16:45,0.523821393
2022/8/25 17:00,0.464219312
2022/8/25 17:15,0.414182692
2022/8/25 17:30,0.378448132
2022/8/25 17:45,0.324301729
2022/8/25 18:00,0.298193488
2022/8/25 18:15,0.212406613
2022/8/25 18:30,0.170453229
2022/8/25 18:45,0.125156724
2022/8/25 19:00,0.078184402
2022/8/25 19:15,0.039957069
2022/8/25 19:30,0
2022/8/25 19:45,0
2022/8/25 20:00,0
2022/8/25 20:15,0
2022/8/25 20:30,0
2022/8/25 20:45,0
2022/8/25 21:00,0
2022/8/25 21:15,0
2022/8/25 21:30,0
2022/8/25 21:45,0
2022/8/25 22:00,0
2022/8/25 22:15,0
2022/8/25 22:30,0
2022/8/25 22:45,0
2022/8/25 23:00,0
2022/8/25 23:15,0
2022/8/25 23:30,0
2022/8/25 23:45,0
2022/8/26 0:00,0
2022/8/26 0:15,0
2022/8/26 0:30,0
2022/8/26 0:45,0
2022/8/26 1:00,0
2022/8/26 1:15,0
2022/8/26 1:30,0
2022/8/26 1:45,0
2022/8/26 2:00,0
2022/8/26 2:15,0
2022/8/26 2:30,0
2022/8/26 2:45,0
2022/8/26 3:00,0
2022/8/26 3:15,0
2022/8/26 3:30,0
2022/8/26 3:45,0
2022/8/26 4:00,0
2022/8/26 4:15,0
2022/8/26 4:30,0
2022/8/26 4:45,0
2022/8/26 5:00,0
2022/8/26 5:15,0
2022/8/26 5:30,0
2022/8/26 5:45,0
2022/8/26 6:00,0
2022/8/26 6:15,0
2022/8/26 6:30,0
2022/8/26 6:45,0
2022/8/26 7:00,0
2022/8/26 7:15,0
2022/8/26 7:30,0.018232061
2022/8/26 7:45,0.024833698
2022/8/26 8:00,0.030486896
2022/8/26 8:15,0.038272592
2022/8/26 8:30,0.045657289
2022/8/26 8:45,0.053390118
2022/8/26 9:00,0.059964308
2022/8/26 9:15,0.06094812
2022/8/26 9:30,0.060628645
2022/8/26 9:45,0.068922113
2022/8/26 10:00,0.078127655
2022/8/26 10:15,0.082939116
2022/8/26 10:30,0.092720256
2022/8/26 10:45,0.114876462
2022/8/26 11:00,0.132163222
2022/8/26 11:15,0.15907269
2022/8/26 11:30,0.202241395
2022/8/26 11:45,0.23613083
2022/8/26 12:00,0.269046995
2022/8/26 12:15,0.311336253
2022/8/26 12:30,0.368476007
2022/8/26 12:45,0.429571473
2022/8/26 13:00,0.471231697
2022/8/26 13:15,0.513181263
2022/8/26 13:30,0.506749756
2022/8/26 13:45,0.52851538
2022/8/26 14:00,0.588774777
2022/8/26 14:15,0.609861791
2022/8/26 14:30,0.669384001
2022/8/26 14:45,0.675695801
2022/8/26 15:00,0.691623523
2022/8/26 15:15,0.696177336
2022/8/26 15:30,0.626839948
2022/8/26 15:45,0.600178721
2022/8/26 16:00,0.574134658
2022/8/26 16:15,0.58589372
2022/8/26 16:30,0.555904419
2022/8/26 16:45,0.515266829
2022/8/26 17:00,0.443410981
2022/8/26 17:15,0.411745477
2022/8/26 17:30,0.374287599
2022/8/26 17:45,0.334589973
2022/8/26 18:00,0.313170616
2022/8/26 18:15,0.226178637
2022/8/26 18:30,0.178407565
2022/8/26 18:45,0.130122489
2022/8/26 19:00,0.081271719
2022/8/26 19:15,0.040836157
2022/8/26 19:30,0
2022/8/26 19:45,0
2022/8/26 20:00,0
2022/8/26 20:15,0
2022/8/26 20:30,0
2022/8/26 20:45,0
2022/8/26 21:00,0
2022/8/26 21:15,0
2022/8/26 21:30,0
2022/8/26 21:45,0
2022/8/26 22:00,0
2022/8/26 22:15,0
2022/8/26 22:30,0
2022/8/26 22:45,0
2022/8/26 23:00,0
2022/8/26 23:15,0
2022/8/26 23:30,0
2022/8/26 23:45,0
2022/8/27 0:00,0
2022/8/27 0:15,0
2022/8/27 0:30,0
2022/8/27 0:45,0
2022/8/27 1:00,0
2022/8/27 1:15,0
2022/8/27 1:30,0
2022/8/27 1:45,0
2022/8/27 2:00,0
2022/8/27 2:15,0
2022/8/27 2:30,0
2022/8/27 2:45,0
2022/8/27 3:00,0
2022/8/27 3:15,0
2022/8/27 3:30,0
2022/8/27 3:45,0
2022/8/27 4:00,0
2022/8/27 4:15,0
2022/8/27 4:30,0
2022/8/27 4:45,0
2022/8/27 5:00,0
2022/8/27 5:15,0
2022/8/27 5:30,0
2022/8/27 5:45,0
2022/8/27 6:00,0
2022/8/27 6:15,0
2022/8/27 6:30,0
2022/8/27 6:45,0
2022/8/27 7:00,0
2022/8/27 7:15,0
2022/8/27 7:30,0.001821457
2022/8/27 7:45,0.00246325
2022/8/27 8:00,0.003004675
2022/8/27 8:15,0.003683456
2022/8/27 8:30,0.00436702
2022/8/27 8:45,0.004965343
2022/8/27 9:00,0.005671008
2022/8/27 9:15,0.005816927
2022/8/27 9:30,0.005821427
2022/8/27 9:45,0.00651518
2022/8/27 10:00,0.007339715
2022/8/27 10:15,0.007831659
2022/8/27 10:30,0.008981855
2022/8/27 10:45,0.011021316
2022/8/27 11:00,0.012852145
2022/8/27 11:15,0.01525412
2022/8/27 11:30,0.019888954
2022/8/27 11:45,0.023276831
2022/8/27 12:00,0.026965215
2022/8/27 12:15,0.029904742
2022/8/27 12:30,0.034840596
2022/8/27 12:45,0.039896804
2022/8/27 13:00,0.045146751
2022/8/27 13:15,0.048978501
2022/8/27 13:30,0.049812539
2022/8/27 13:45,0.051976339
2022/8/27 14:00,0.058513459
2022/8/27 14:15,0.059018398
2022/8/27 14:30,0.065640949
2022/8/27 14:45,0.064490089
2022/8/27 15:00,0.066920741
2022/8/27 15:15,0.065873892
2022/8/27 15:30,0.062086545
2022/8/27 15:45,0.059904065
2022/8/27 16:00,0.058098285
2022/8/27 16:15,0.058213093
2022/8/27 16:30,0.054954921
2022/8/27 16:45,0.051290578
2022/8/27 17:00,0.045287756
2022/8/27 17:15,0.041940152
2022/8/27 17:30,0.03810024
2022/8/27 17:45,0.03300362
2022/8/27 18:00,0.030608736
2022/8/27 18:15,0.021855024
2022/8/27 18:30,0.017673636
2022/8/27 18:45,0.013130628
2022/8/27 19:00,0.008172714
2022/8/27 19:15,0.004038116
2022/8/27 19:30,0
2022/8/27 19:45,0
2022/8/27 20:00,0
2022/8/27 20:15,0
2022/8/27 20:30,0
2022/8/27 20:45,0
2022/8/27 21:00,0
2022/8/27 21:15,0
2022/8/27 21:30,0
2022/8/27 21:45,0
2022/8/27 22:00,0
2022/8/27 22:15,0
2022/8/27 22:30,0
2022/8/27 22:45,0
2022/8/27 23:00,0
2022/8/27 23:15,0
2022/8/27 23:30,0
2022/8/27 23:45,0
2022/8/28 0:00,0
2022/8/28 0:15,0
2022/8/28 0:30,0
2022/8/28 0:45,0
2022/8/28 1:00,0
2022/8/28 1:15,0
2022/8/28 1:30,0
2022/8/28 1:45,0
2022/8/28 2:00,0
2022/8/28 2:15,0
2022/8/28 2:30,0
2022/8/28 2:45,0
2022/8/28 3:00,0
2022/8/28 3:15,0
2022/8/28 3:30,0
2022/8/28 3:45,0
2022/8/28 4:00,0
2022/8/28 4:15,0
2022/8/28 4:30,0
2022/8/28 4:45,0
2022/8/28 5:00,0
2022/8/28 5:15,0
2022/8/28 5:30,0
2022/8/28 5:45,0
2022/8/28 6:00,0
2022/8/28 6:15,0
2022/8/28 6:30,0
2022/8/28 6:45,0
2022/8/28 7:00,0
2022/8/28 7:15,0
2022/8/28 7:30,0.017700319
2022/8/28 7:45,0.023695383
2022/8/28 8:00,0.0299202
2022/8/28 8:15,0.036968221
2022/8/28 8:30,0.04364287
2022/8/28 8:45,0.04844335
2022/8/28 9:00,0.056827309
2022/8/28 9:15,0.058091501
2022/8/28 9:30,0.057915034
2022/8/28 9:45,0.063771064
2022/8/28 10:00,0.0713574
2022/8/28 10:15,0.075317486
2022/8/28 10:30,0.086010229
2022/8/28 10:45,0.109923282
2022/8/28 11:00,0.132986466
2022/8/28 11:15,0.164896854
2022/8/28 11:30,0.211003313
2022/8/28 11:45,0.247056452
2022/8/28 12:00,0.279238548
2022/8/28 12:15,0.304819706
2022/8/28 12:30,0.347644585
2022/8/28 12:45,0.39295559
2022/8/28 13:00,0.439464527
2022/8/28 13:15,0.469309039
2022/8/28 13:30,0.495258378
2022/8/28 13:45,0.54075201
2022/8/28 14:00,0.616117113
2022/8/28 14:15,0.591171907
2022/8/28 14:30,0.637028561
2022/8/28 14:45,0.616371842
2022/8/28 15:00,0.647661964
2022/8/28 15:15,0.634737127
2022/8/28 15:30,0.583920001
2022/8/28 15:45,0.581062386
2022/8/28 16:00,0.554708708
2022/8/28 16:15,0.580822148
2022/8/28 16:30,0.526413144
2022/8/28 16:45,0.484594071
2022/8/28 17:00,0.412566391
2022/8/28 17:15,0.390566671
2022/8/28 17:30,0.363737421
2022/8/28 17:45,0.32361142
2022/8/28 18:00,0.302947682
2022/8/28 18:15,0.225744175
2022/8/28 18:30,0.180538264
2022/8/28 18:45,0.130989375
2022/8/28 19:00,0.07658613
2022/8/28 19:15,0.039307819
2022/8/28 19:30,0
2022/8/28 19:45,0
2022/8/28 20:00,0
2022/8/28 20:15,0
2022/8/28 20:30,0
2022/8/28 20:45,0
2022/8/28 21:00,0
2022/8/28 21:15,0
2022/8/28 21:30,0
2022/8/28 21:45,0
2022/8/28 22:00,0
2022/8/28 22:15,0
2022/8/28 22:30,0
2022/8/28 22:45,0
2022/8/28 23:00,0
2022/8/28 23:15,0
2022/8/28 23:30,0
2022/8/28 23:45,0
2022/8/29 0:00,0
2022/8/29 0:15,0
2022/8/29 0:30,0
2022/8/29 0:45,0
2022/8/29 1:00,0
2022/8/29 1:15,0
2022/8/29 1:30,0
2022/8/29 1:45,0
2022/8/29 2:00,0
2022/8/29 2:15,0
2022/8/29 2:30,0
2022/8/29 2:45,0
2022/8/29 3:00,0
2022/8/29 3:15,0
2022/8/29 3:30,0
2022/8/29 3:45,0
2022/8/29 4:00,0
2022/8/29 4:15,0
2022/8/29 4:30,0
2022/8/29 4:45,0
2022/8/29 5:00,0
2022/8/29 5:15,0
2022/8/29 5:30,0
2022/8/29 5:45,0
2022/8/29 6:00,0
2022/8/29 6:15,0
2022/8/29 6:30,0
2022/8/29 6:45,0
2022/8/29 7:00,0
2022/8/29 7:15,0
2022/8/29 7:30,0.018003752
2022/8/29 7:45,0.023425666
2022/8/29 8:00,0.027932864
2022/8/29 8:15,0.035034786
2022/8/29 8:30,0.042402321
2022/8/29 8:45,0.049202108
2022/8/29 9:00,0.054605401
2022/8/29 9:15,0.05562631
2022/8/29 9:30,0.055282064
2022/8/29 9:45,0.062048263
2022/8/29 10:00,0.067477442
2022/8/29 10:15,0.070172168
2022/8/29 10:30,0.082761093
2022/8/29 10:45,0.10243767
2022/8/29 11:00,0.122130656
2022/8/29 11:15,0.140330897
2022/8/29 11:30,0.183679184
2022/8/29 11:45,0.209381766
2022/8/29 12:00,0.242342391
2022/8/29 12:15,0.272336212
2022/8/29 12:30,0.325385473
2022/8/29 12:45,0.383554242
2022/8/29 13:00,0.429500839
2022/8/29 13:15,0.469719961
2022/8/29 13:30,0.48006984
2022/8/29 13:45,0.516886116
2022/8/29 14:00,0.579718235
2022/8/29 14:15,0.568415547
2022/8/29 14:30,0.623343161
2022/8/29 14:45,0.624857531
2022/8/29 15:00,0.651330703
2022/8/29 15:15,0.655375732
2022/8/29 15:30,0.591826384
2022/8/29 15:45,0.57504113
2022/8/29 16:00,0.556948855
2022/8/29 16:15,0.578263511
2022/8/29 16:30,0.549833411
2022/8/29 16:45,0.506165144
2022/8/29 17:00,0.452190225
2022/8/29 17:15,0.423085651
2022/8/29 17:30,0.384351063
2022/8/29 17:45,0.326479353
2022/8/29 18:00,0.295656712
2022/8/29 18:15,0.216605139
2022/8/29 18:30,0.175988847
2022/8/29 18:45,0.130952291
2022/8/29 19:00,0.07780325
2022/8/29 19:15,0.038856258
2022/8/29 19:30,0
2022/8/29 19:45,0
2022/8/29 20:00,0
2022/8/29 20:15,0
2022/8/29 20:30,0
2022/8/29 20:45,0
2022/8/29 21:00,0
2022/8/29 21:15,0
2022/8/29 21:30,0
2022/8/29 21:45,0
2022/8/29 22:00,0
2022/8/29 22:15,0
2022/8/29 22:30,0
2022/8/29 22:45,0
2022/8/29 23:00,0
2022/8/29 23:15,0
2022/8/29 23:30,0
2022/8/29 23:45,0
2022/8/30 0:00,0
2022/8/30 0:15,0
2022/8/30 0:30,0
2022/8/30 0:45,0
2022/8/30 1:00,0
2022/8/30 1:15,0
2022/8/30 1:30,0
2022/8/30 1:45,0
2022/8/30 2:00,0
2022/8/30 2:15,0
2022/8/30 2:30,0
2022/8/30 2:45,0
2022/8/30 3:00,0
2022/8/30 3:15,0
2022/8/30 3:30,0
2022/8/30 3:45,0
2022/8/30 4:00,0
2022/8/30 4:15,0
2022/8/30 4:30,0
2022/8/30 4:45,0
2022/8/30 5:00,0
2022/8/30 5:15,0
2022/8/30 5:30,0
2022/8/30 5:45,0
2022/8/30 6:00,0
2022/8/30 6:15,0
2022/8/30 6:30,0
2022/8/30 6:45,0
2022/8/30 7:00,0
2022/8/30 7:15,0
2022/8/30 7:30,0.017520925
2022/8/30 7:45,0.024154705
2022/8/30 8:00,0.029747601
2022/8/30 8:15,0.036857732
2022/8/30 8:30,0.043537431
2022/8/30 8:45,0.048914808
2022/8/30 9:00,0.054006405
2022/8/30 9:15,0.053590396
2022/8/30 9:30,0.053828247
2022/8/30 9:45,0.062658707
2022/8/30 10:00,0.07292392
2022/8/30 10:15,0.077844461
2022/8/30 10:30,0.088121674
2022/8/30 10:45,0.10720871
2022/8/30 11:00,0.128689851
2022/8/30 11:15,0.15401873
2022/8/30 11:30,0.197057787
2022/8/30 11:45,0.227643664
2022/8/30 12:00,0.258977228
2022/8/30 12:15,0.296492378
2022/8/30 12:30,0.348828658
2022/8/30 12:45,0.402543062
2022/8/30 13:00,0.448609171
2022/8/30 13:15,0.477646747
2022/8/30 13:30,0.485307845
2022/8/30 13:45,0.503329823
2022/8/30 14:00,0.560707826
2022/8/30 14:15,0.563442158
2022/8/30 14:30,0.626878734
2022/8/30 14:45,0.627303011
2022/8/30 15:00,0.656042558
2022/8/30 15:15,0.654157801
2022/8/30 15:30,0.60400608
2022/8/30 15:45,0.575317626
2022/8/30 16:00,0.550845269
2022/8/30 16:15,0.565920998
2022/8/30 16:30,0.540123496
2022/8/30 16:45,0.503662567
2022/8/30 17:00,0.431298214
2022/8/30 17:15,0.400264326
2022/8/30 17:30,0.364209334
2022/8/30 17:45,0.315307861
2022/8/30 18:00,0.292801351
2022/8/30 18:15,0.20790189
2022/8/30 18:30,0.168623088
2022/8/30 18:45,0.122142621
2022/8/30 19:00,0.078284316
2022/8/30 19:15,0.039144886
2022/8/30 19:30,0
2022/8/30 19:45,0
2022/8/30 20:00,0
2022/8/30 20:15,0
2022/8/30 20:30,0
2022/8/30 20:45,0
2022/8/30 21:00,0
2022/8/30 21:15,0
2022/8/30 21:30,0
2022/8/30 21:45,0
2022/8/30 22:00,0
2022/8/30 22:15,0
2022/8/30 22:30,0
2022/8/30 22:45,0
2022/8/30 23:00,0
2022/8/30 23:15,0
2022/8/30 23:30,0
2022/8/30 23:45,0
2022/8/31 0:00,0
2022/8/31 0:15,0
2022/8/31 0:30,0
2022/8/31 0:45,0
2022/8/31 1:00,0
2022/8/31 1:15,0
2022/8/31 1:30,0
2022/8/31 1:45,0
2022/8/31 2:00,0
2022/8/31 2:15,0
2022/8/31 2:30,0
2022/8/31 2:45,0
2022/8/31 3:00,0
2022/8/31 3:15,0
2022/8/31 3:30,0
2022/8/31 3:45,0
2022/8/31 4:00,0
2022/8/31 4:15,0
2022/8/31 4:30,0
2022/8/31 4:45,0
2022/8/31 5:00,0
2022/8/31 5:15,0
2022/8/31 5:30,0
2022/8/31 5:45,0
2022/8/31 6:00,0
2022/8/31 6:15,0
2022/8/31 6:30,0
2022/8/31 6:45,0
2022/8/31 7:00,0
2022/8/31 7:15,0
2022/8/31 7:30,0.017187858
2022/8/31 7:45,0.022809417
2022/8/31 8:00,0.029101791
2022/8/31 8:15,0.036292209
2022/8/31 8:30,0.042049681
2022/8/31 8:45,0.048073478
2022/8/31 9:00,0.054160968
2022/8/31 9:15,0.05549717
2022/8/31 9:30,0.054515054
2022/8/31 9:45,0.062379975
2022/8/31 10:00,0.071636057
2022/8/31 10:15,0.077168454
2022/8/31 10:30,0.087724173
2022/8/31 10:45,0.104901733
2022/8/31 11:00,0.125807953
2022/8/31 11:15,0.144361215
2022/8/31 11:30,0.19771053
2022/8/31 11:45,0.228347772
2022/8/31 12:00,0.270846484
2022/8/31 12:15,0.295963239
2022/8/31 12:30,0.340661968
2022/8/31 12:45,0.389750709
2022/8/31 13:00,0.433582717
2022/8/31 13:15,0.470590833
2022/8/31 13:30,0.480582977
2022/8/31 13:45,0.518269837
2022/8/31 14:00,0.583060083
2022/8/31 14:15,0.568481768
2022/8/31 14:30,0.603454333
2022/8/31 14:45,0.609120887
2022/8/31 15:00,0.657080568
2022/8/31 15:15,0.65402579
2022/8/31 15:30,0.590876038
2022/8/31 15:45,0.57032419
2022/8/31 16:00,0.557941687
2022/8/31 16:15,0.555981988
2022/8/31 16:30,0.522344054
2022/8/31 16:45,0.486457103
2022/8/31 17:00,0.4290748
2022/8/31 17:15,0.400710892
2022/8/31 17:30,0.367682305
2022/8/31 17:45,0.315862276
2022/8/31 18:00,0.297464654
2022/8/31 18:15,0.210834671
2022/8/31 18:30,0.175560894
2022/8/31 18:45,0.126368457
2022/8/31 19:00,0.08066171
2022/8/31 19:15,0.040363331
2022/8/31 19:30,0
2022/8/31 19:45,0
2022/8/31 20:00,0
2022/8/31 20:15,0
2022/8/31 20:30,0
2022/8/31 20:45,0
2022/8/31 21:00,0
2022/8/31 21:15,0
2022/8/31 21:30,0
2022/8/31 21:45,0
2022/8/31 22:00,0
2022/8/31 22:15,0
2022/8/31 22:30,0
2022/8/31 22:45,0
2022/8/31 23:00,0
2022/8/31 23:15,0
2022/8/31 23:30,0
2022/8/31 23:45,0
2022/9/1 0:00,0
2022/9/1 0:15,0
2022/9/1 0:30,0
2022/9/1 0:45,0
2022/9/1 1:00,0
2022/9/1 1:15,0
2022/9/1 1:30,0
2022/9/1 1:45,0
2022/9/1 2:00,0
2022/9/1 2:15,0
2022/9/1 2:30,0
2022/9/1 2:45,0
2022/9/1 3:00,0
2022/9/1 3:15,0
2022/9/1 3:30,0
2022/9/1 3:45,0
2022/9/1 4:00,0
2022/9/1 4:15,0
2022/9/1 4:30,0
2022/9/1 4:45,0
2022/9/1 5:00,0
2022/9/1 5:15,0
2022/9/1 5:30,0
2022/9/1 5:45,0
2022/9/1 6:00,0
2022/9/1 6:15,0
2022/9/1 6:30,0
2022/9/1 6:45,0
2022/9/1 7:00,0
2022/9/1 7:15,0
2022/9/1 7:30,0
2022/9/1 7:45,0
2022/9/1 8:00,0
2022/9/1 8:15,0.0187786
2022/9/1 8:30,0.02687897
2022/9/1 8:45,0.044233678
2022/9/1 9:00,0.053379065
2022/9/1 9:15,0.059034149
2022/9/1 9:30,0.059903252
2022/9/1 9:45,0.079594305
2022/9/1 10:00,0.097598397
2022/9/1 10:15,0.126153476
2022/9/1 10:30,0.149577082
2022/9/1 10:45,0.19405735
2022/9/1 11:00,0.204661242
2022/9/1 11:15,0.223904083
2022/9/1 11:30,0.256474382
2022/9/1 11:45,0.304291096
2022/9/1 12:00,0.264523795
2022/9/1 12:15,0.286710799
2022/9/1 12:30,0.366377188
2022/9/1 12:45,0.352493192
2022/9/1 13:00,0.419867898
2022/9/1 13:15,0.434725553
2022/9/1 13:30,0.539647353
2022/9/1 13:45,0.639155175
2022/9/1 14:00,0.574579326
2022/9/1 14:15,0.550574262
2022/9/1 14:30,0.53400202
2022/9/1 14:45,0.497665295
2022/9/1 15:00,0.44788096
2022/9/1 15:15,0.518054385
2022/9/1 15:30,0.510013986
2022/9/1 15:45,0.467265373
2022/9/1 16:00,0.460297211
2022/9/1 16:15,0.467122436
2022/9/1 16:30,0.36190361
2022/9/1 16:45,0.316751009
2022/9/1 17:00,0.290839912
2022/9/1 17:15,0.309670692
2022/9/1 17:30,0.257986754
2022/9/1 17:45,0.222377555
2022/9/1 18:00,0.165653128
2022/9/1 18:15,0.134598379
2022/9/1 18:30,0
2022/9/1 18:45,0
2022/9/1 19:00,0
2022/9/1 19:15,0
2022/9/1 19:30,0
2022/9/1 19:45,0
2022/9/1 20:00,0
2022/9/1 20:15,0
2022/9/1 20:30,0
2022/9/1 20:45,0
2022/9/1 21:00,0
2022/9/1 21:15,0
2022/9/1 21:30,0
2022/9/1 21:45,0
2022/9/1 22:00,0
2022/9/1 22:15,0
2022/9/1 22:30,0
2022/9/1 22:45,0
2022/9/1 23:00,0
2022/9/1 23:15,0
2022/9/1 23:30,0
2022/9/1 23:45,0
2022/9/2 0:00,0
2022/9/2 0:15,0
2022/9/2 0:30,0
2022/9/2 0:45,0
2022/9/2 1:00,0
2022/9/2 1:15,0
2022/9/2 1:30,0
2022/9/2 1:45,0
2022/9/2 2:00,0
2022/9/2 2:15,0
2022/9/2 2:30,0
2022/9/2 2:45,0
2022/9/2 3:00,0
2022/9/2 3:15,0
2022/9/2 3:30,0
2022/9/2 3:45,0
2022/9/2 4:00,0
2022/9/2 4:15,0
2022/9/2 4:30,0
2022/9/2 4:45,0
2022/9/2 5:00,0
2022/9/2 5:15,0
2022/9/2 5:30,0
2022/9/2 5:45,0
2022/9/2 6:00,0
2022/9/2 6:15,0
2022/9/2 6:30,0
2022/9/2 6:45,0
2022/9/2 7:00,0
2022/9/2 7:15,0
2022/9/2 7:30,0
2022/9/2 7:45,0
2022/9/2 8:00,0
2022/9/2 8:15,0.018712747
2022/9/2 8:30,0.025329743
2022/9/2 8:45,0.039418367
2022/9/2 9:00,0.049361696
2022/9/2 9:15,0.055890585
2022/9/2 9:30,0.06092312
2022/9/2 9:45,0.083030457
2022/9/2 10:00,0.096144409
2022/9/2 10:15,0.114317918
2022/9/2 10:30,0.138051601
2022/9/2 10:45,0.193194908
2022/9/2 11:00,0.208083666
2022/9/2 11:15,0.240296255
2022/9/2 11:30,0.24455654
2022/9/2 11:45,0.278188677
2022/9/2 12:00,0.257813694
2022/9/2 12:15,0.275505855
2022/9/2 12:30,0.384573012
2022/9/2 12:45,0.398303243
2022/9/2 13:00,0.429826635
2022/9/2 13:15,0.4094762
2022/9/2 13:30,0.489691664
2022/9/2 13:45,0.584313102
2022/9/2 14:00,0.580785015
2022/9/2 14:15,0.590954064
2022/9/2 14:30,0.581430313
2022/9/2 14:45,0.505952998
2022/9/2 15:00,0.420371769
2022/9/2 15:15,0.528236716
2022/9/2 15:30,0.535086735
2022/9/2 15:45,0.448563823
2022/9/2 16:00,0.440668497
2022/9/2 16:15,0.472756614
2022/9/2 16:30,0.366916182
2022/9/2 16:45,0.312468317
2022/9/2 17:00,0.287007849
2022/9/2 17:15,0.302056858
2022/9/2 17:30,0.225731376
2022/9/2 17:45,0.197111183
2022/9/2 18:00,0.165867576
2022/9/2 18:15,0.140704306
2022/9/2 18:30,0
2022/9/2 18:45,0
2022/9/2 19:00,0
2022/9/2 19:15,0
2022/9/2 19:30,0
2022/9/2 19:45,0
2022/9/2 20:00,0
2022/9/2 20:15,0
2022/9/2 20:30,0
2022/9/2 20:45,0
2022/9/2 21:00,0
2022/9/2 21:15,0
2022/9/2 21:30,0
2022/9/2 21:45,0
2022/9/2 22:00,0
2022/9/2 22:15,0
2022/9/2 22:30,0
2022/9/2 22:45,0
2022/9/2 23:00,0
2022/9/2 23:15,0
2022/9/2 23:30,0
2022/9/2 23:45,0
2022/9/3 0:00,0
2022/9/3 0:15,0
2022/9/3 0:30,0
2022/9/3 0:45,0
2022/9/3 1:00,0
2022/9/3 1:15,0
2022/9/3 1:30,0
2022/9/3 1:45,0
2022/9/3 2:00,0
2022/9/3 2:15,0
2022/9/3 2:30,0
2022/9/3 2:45,0
2022/9/3 3:00,0
2022/9/3 3:15,0
2022/9/3 3:30,0
2022/9/3 3:45,0
2022/9/3 4:00,0
2022/9/3 4:15,0
2022/9/3 4:30,0
2022/9/3 4:45,0
2022/9/3 5:00,0
2022/9/3 5:15,0
2022/9/3 5:30,0
2022/9/3 5:45,0
2022/9/3 6:00,0
2022/9/3 6:15,0
2022/9/3 6:30,0
2022/9/3 6:45,0
2022/9/3 7:00,0
2022/9/3 7:15,0
2022/9/3 7:30,0
2022/9/3 7:45,0
2022/9/3 8:00,0
2022/9/3 8:15,0.018031922
2022/9/3 8:30,0.025488872
2022/9/3 8:45,0.039305608
2022/9/3 9:00,0.049540481
2022/9/3 9:15,0.055080164
2022/9/3 9:30,0.056103919
2022/9/3 9:45,0.076111993
2022/9/3 10:00,0.090493777
2022/9/3 10:15,0.110974459
2022/9/3 10:30,0.134838666
2022/9/3 10:45,0.181706215
2022/9/3 11:00,0.196219476
2022/9/3 11:15,0.222375034
2022/9/3 11:30,0.247125062
2022/9/3 11:45,0.280025343
2022/9/3 12:00,0.257350677
2022/9/3 12:15,0.267265495
2022/9/3 12:30,0.332180216
2022/9/3 12:45,0.347636993
2022/9/3 13:00,0.404066808
2022/9/3 13:15,0.409338434
2022/9/3 13:30,0.482262666
2022/9/3 13:45,0.553241541
2022/9/3 14:00,0.527376437
2022/9/3 14:15,0.52954294
2022/9/3 14:30,0.533712513
2022/9/3 14:45,0.474173638
2022/9/3 15:00,0.418834484
2022/9/3 15:15,0.511880596
2022/9/3 15:30,0.492681978
2022/9/3 15:45,0.431718889
2022/9/3 16:00,0.429633823
2022/9/3 16:15,0.45495914
2022/9/3 16:30,0.337745938
2022/9/3 16:45,0.296009705
2022/9/3 17:00,0.277243786
2022/9/3 17:15,0.290011895
2022/9/3 17:30,0.229009571
2022/9/3 17:45,0.199166267
2022/9/3 18:00,0.163862888
2022/9/3 18:15,0.132940222
2022/9/3 18:30,0
2022/9/3 18:45,0
2022/9/3 19:00,0
2022/9/3 19:15,0
2022/9/3 19:30,0
2022/9/3 19:45,0
2022/9/3 20:00,0
2022/9/3 20:15,0
2022/9/3 20:30,0
2022/9/3 20:45,0
2022/9/3 21:00,0
2022/9/3 21:15,0
2022/9/3 21:30,0
2022/9/3 21:45,0
2022/9/3 22:00,0
2022/9/3 22:15,0
2022/9/3 22:30,0
2022/9/3 22:45,0
2022/9/3 23:00,0
2022/9/3 23:15,0
2022/9/3 23:30,0
2022/9/3 23:45,0
2022/9/4 0:00,0
2022/9/4 0:15,0
2022/9/4 0:30,0
2022/9/4 0:45,0
2022/9/4 1:00,0
2022/9/4 1:15,0
2022/9/4 1:30,0
2022/9/4 1:45,0
2022/9/4 2:00,0
2022/9/4 2:15,0
2022/9/4 2:30,0
2022/9/4 2:45,0
2022/9/4 3:00,0
2022/9/4 3:15,0
2022/9/4 3:30,0
2022/9/4 3:45,0
2022/9/4 4:00,0
2022/9/4 4:15,0
2022/9/4 4:30,0
2022/9/4 4:45,0
2022/9/4 5:00,0
2022/9/4 5:15,0
2022/9/4 5:30,0
2022/9/4 5:45,0
2022/9/4 6:00,0
2022/9/4 6:15,0
2022/9/4 6:30,0
2022/9/4 6:45,0
2022/9/4 7:00,0
2022/9/4 7:15,0
2022/9/4 7:30,0
2022/9/4 7:45,0
2022/9/4 8:00,0
2022/9/4 8:15,0.02153948
2022/9/4 8:30,0.030752535
2022/9/4 8:45,0.047921632
2022/9/4 9:00,0.060627163
2022/9/4 9:15,0.067038613
2022/9/4 9:30,0.068961887
2022/9/4 9:45,0.090357859
2022/9/4 10:00,0.107185569
2022/9/4 10:15,0.134913811
2022/9/4 10:30,0.16267379
2022/9/4 10:45,0.219271607
2022/9/4 11:00,0.229731905
2022/9/4 11:15,0.267554795
2022/9/4 11:30,0.294047128
2022/9/4 11:45,0.326360939
2022/9/4 12:00,0.30291817
2022/9/4 12:15,0.321573759
2022/9/4 12:30,0.396990328
2022/9/4 12:45,0.419955819
2022/9/4 13:00,0.506662579
2022/9/4 13:15,0.499949558
2022/9/4 13:30,0.578350881
2022/9/4 13:45,0.673061125
2022/9/4 14:00,0.664440381
2022/9/4 14:15,0.666905896
2022/9/4 14:30,0.675715111
2022/9/4 14:45,0.604106042
2022/9/4 15:00,0.500290132
2022/9/4 15:15,0.610409025
2022/9/4 15:30,0.61854157
2022/9/4 15:45,0.531674164
2022/9/4 16:00,0.510169689
2022/9/4 16:15,0.552527602
2022/9/4 16:30,0.420825074
2022/9/4 16:45,0.360055247
2022/9/4 17:00,0.342504796
2022/9/4 17:15,0.35925178
2022/9/4 17:30,0.281625547
2022/9/4 17:45,0.243920052
2022/9/4 18:00,0.197491605
2022/9/4 18:15,0.162210256
2022/9/4 18:30,0
2022/9/4 18:45,0
2022/9/4 19:00,0
2022/9/4 19:15,0
2022/9/4 19:30,0
2022/9/4 19:45,0
2022/9/4 20:00,0
2022/9/4 20:15,0
2022/9/4 20:30,0
2022/9/4 20:45,0
2022/9/4 21:00,0
2022/9/4 21:15,0
2022/9/4 21:30,0
2022/9/4 21:45,0
2022/9/4 22:00,0
2022/9/4 22:15,0
2022/9/4 22:30,0
2022/9/4 22:45,0
2022/9/4 23:00,0
2022/9/4 23:15,0
2022/9/4 23:30,0
2022/9/4 23:45,0
2022/9/5 0:00,0
2022/9/5 0:15,0
2022/9/5 0:30,0
2022/9/5 0:45,0
2022/9/5 1:00,0
2022/9/5 1:15,0
2022/9/5 1:30,0
2022/9/5 1:45,0
2022/9/5 2:00,0
2022/9/5 2:15,0
2022/9/5 2:30,0
2022/9/5 2:45,0
2022/9/5 3:00,0
2022/9/5 3:15,0
2022/9/5 3:30,0
2022/9/5 3:45,0
2022/9/5 4:00,0
2022/9/5 4:15,0
2022/9/5 4:30,0
2022/9/5 4:45,0
2022/9/5 5:00,0
2022/9/5 5:15,0
2022/9/5 5:30,0
2022/9/5 5:45,0
2022/9/5 6:00,0
2022/9/5 6:15,0
2022/9/5 6:30,0
2022/9/5 6:45,0
2022/9/5 7:00,0
2022/9/5 7:15,0
2022/9/5 7:30,0
2022/9/5 7:45,0
2022/9/5 8:00,0
2022/9/5 8:15,0.020478934
2022/9/5 8:30,0.028593381
2022/9/5 8:45,0.04330024
2022/9/5 9:00,0.053678114
2022/9/5 9:15,0.060902997
2022/9/5 9:30,0.066590183
2022/9/5 9:45,0.088679291
2022/9/5 10:00,0.104365148
2022/9/5 10:15,0.127432785
2022/9/5 10:30,0.150417751
2022/9/5 10:45,0.212652855
2022/9/5 11:00,0.231222923
2022/9/5 11:15,0.257425023
2022/9/5 11:30,0.282937602
2022/9/5 11:45,0.321700108
2022/9/5 12:00,0.292451512
2022/9/5 12:15,0.307113049
2022/9/5 12:30,0.379109445
2022/9/5 12:45,0.399145571
2022/9/5 13:00,0.488115121
2022/9/5 13:15,0.469471063
2022/9/5 13:30,0.558433332
2022/9/5 13:45,0.640279204
2022/9/5 14:00,0.614902599
2022/9/5 14:15,0.627491292
2022/9/5 14:30,0.613570231
2022/9/5 14:45,0.573507232
2022/9/5 15:00,0.472239152
2022/9/5 15:15,0.552225456
2022/9/5 15:30,0.556940924
2022/9/5 15:45,0.486833891
2022/9/5 16:00,0.480148084
2022/9/5 16:15,0.507437291
2022/9/5 16:30,0.388784954
2022/9/5 16:45,0.346271475
2022/9/5 17:00,0.313154695
2022/9/5 17:15,0.320072636
2022/9/5 17:30,0.257812389
2022/9/5 17:45,0.220129386
2022/9/5 18:00,0.178274812
2022/9/5 18:15,0.151661414
2022/9/5 18:30,0
2022/9/5 18:45,0
2022/9/5 19:00,0
2022/9/5 19:15,0
2022/9/5 19:30,0
2022/9/5 19:45,0
2022/9/5 20:00,0
2022/9/5 20:15,0
2022/9/5 20:30,0
2022/9/5 20:45,0
2022/9/5 21:00,0
2022/9/5 21:15,0
2022/9/5 21:30,0
2022/9/5 21:45,0
2022/9/5 22:00,0
2022/9/5 22:15,0
2022/9/5 22:30,0
2022/9/5 22:45,0
2022/9/5 23:00,0
2022/9/5 23:15,0
2022/9/5 23:30,0
2022/9/5 23:45,0
2022/9/6 0:00,0
2022/9/6 0:15,0
2022/9/6 0:30,0
2022/9/6 0:45,0
2022/9/6 1:00,0
2022/9/6 1:15,0
2022/9/6 1:30,0
2022/9/6 1:45,0
2022/9/6 2:00,0
2022/9/6 2:15,0
2022/9/6 2:30,0
2022/9/6 2:45,0
2022/9/6 3:00,0
2022/9/6 3:15,0
2022/9/6 3:30,0
2022/9/6 3:45,0
2022/9/6 4:00,0
2022/9/6 4:15,0
2022/9/6 4:30,0
2022/9/6 4:45,0
2022/9/6 5:00,0
2022/9/6 5:15,0
2022/9/6 5:30,0
2022/9/6 5:45,0
2022/9/6 6:00,0
2022/9/6 6:15,0
2022/9/6 6:30,0
2022/9/6 6:45,0
2022/9/6 7:00,0
2022/9/6 7:15,0
2022/9/6 7:30,0
2022/9/6 7:45,0
2022/9/6 8:00,0
2022/9/6 8:15,0.002077011
2022/9/6 8:30,0.002961287
2022/9/6 8:45,0.004522903
2022/9/6 9:00,0.005601355
2022/9/6 9:15,0.006288938
2022/9/6 9:30,0.006667939
2022/9/6 9:45,0.008979428
2022/9/6 10:00,0.010654557
2022/9/6 10:15,0.013192254
2022/9/6 10:30,0.015768662
2022/9/6 10:45,0.02167216
2022/9/6 11:00,0.023088654
2022/9/6 11:15,0.026277927
2022/9/6 11:30,0.028921923
2022/9/6 11:45,0.032668659
2022/9/6 12:00,0.029673912
2022/9/6 12:15,0.030921831
2022/9/6 12:30,0.03895468
2022/9/6 12:45,0.041308144
2022/9/6 13:00,0.048682504
2022/9/6 13:15,0.047257261
2022/9/6 13:30,0.055899195
2022/9/6 13:45,0.063939787
2022/9/6 14:00,0.061743144
2022/9/6 14:15,0.064364787
2022/9/6 14:30,0.063772392
2022/9/6 14:45,0.056954921
2022/9/6 15:00,0.048403077
2022/9/6 15:15,0.057952192
2022/9/6 15:30,0.058256816
2022/9/6 15:45,0.051206896
2022/9/6 16:00,0.04991354
2022/9/6 16:15,0.052258324
2022/9/6 16:30,0.038765133
2022/9/6 16:45,0.03384622
2022/9/6 17:00,0.031745241
2022/9/6 17:15,0.033032055
2022/9/6 17:30,0.026700825
2022/9/6 17:45,0.023314518
2022/9/6 18:00,0.018852914
2022/9/6 18:15,0.015442533
2022/9/6 18:30,0
2022/9/6 18:45,0
2022/9/6 19:00,0
2022/9/6 19:15,0
2022/9/6 19:30,0
2022/9/6 19:45,0
2022/9/6 20:00,0
2022/9/6 20:15,0
2022/9/6 20:30,0
2022/9/6 20:45,0
2022/9/6 21:00,0
2022/9/6 21:15,0
2022/9/6 21:30,0
2022/9/6 21:45,0
2022/9/6 22:00,0
2022/9/6 22:15,0
2022/9/6 22:30,0
2022/9/6 22:45,0
2022/9/6 23:00,0
2022/9/6 23:15,0
2022/9/6 23:30,0
2022/9/6 23:45,0
2022/9/7 0:00,0
2022/9/7 0:15,0
2022/9/7 0:30,0
2022/9/7 0:45,0
2022/9/7 1:00,0
2022/9/7 1:15,0
2022/9/7 1:30,0
2022/9/7 1:45,0
2022/9/7 2:00,0
2022/9/7 2:15,0
2022/9/7 2:30,0
2022/9/7 2:45,0
2022/9/7 3:00,0
2022/9/7 3:15,0
2022/9/7 3:30,0
2022/9/7 3:45,0
2022/9/7 4:00,0
2022/9/7 4:15,0
2022/9/7 4:30,0
2022/9/7 4:45,0
2022/9/7 5:00,0
2022/9/7 5:15,0
2022/9/7 5:30,0
2022/9/7 5:45,0
2022/9/7 6:00,0
2022/9/7 6:15,0
2022/9/7 6:30,0
2022/9/7 6:45,0
2022/9/7 7:00,0
2022/9/7 7:15,0
2022/9/7 7:30,0
2022/9/7 7:45,0
2022/9/7 8:00,0
2022/9/7 8:15,0.020541003
2022/9/7 8:30,0.028446674
2022/9/7 8:45,0.046107855
2022/9/7 9:00,0.055892259
2022/9/7 9:15,0.057526979
2022/9/7 9:30,0.064798077
2022/9/7 9:45,0.091388227
2022/9/7 10:00,0.10657681
2022/9/7 10:15,0.133843358
2022/9/7 10:30,0.155748807
2022/9/7 10:45,0.202005221
2022/9/7 11:00,0.214286858
2022/9/7 11:15,0.257252117
2022/9/7 11:30,0.294472429
2022/9/7 11:45,0.322929778
2022/9/7 12:00,0.280867579
2022/9/7 12:15,0.283922332
2022/9/7 12:30,0.348954824
2022/9/7 12:45,0.387015006
2022/9/7 13:00,0.467395801
2022/9/7 13:15,0.451059512
2022/9/7 13:30,0.559551976
2022/9/7 13:45,0.662603472
2022/9/7 14:00,0.607458964
2022/9/7 14:15,0.627749281
2022/9/7 14:30,0.630151687
2022/9/7 14:45,0.541152653
2022/9/7 15:00,0.448273697
2022/9/7 15:15,0.539454643
2022/9/7 15:30,0.568213415
2022/9/7 15:45,0.503080598
2022/9/7 16:00,0.484947699
2022/9/7 16:15,0.519978376
2022/9/7 16:30,0.378828226
2022/9/7 16:45,0.324972963
2022/9/7 17:00,0.304980349
2022/9/7 17:15,0.318330695
2022/9/7 17:30,0.246669255
2022/9/7 17:45,0.213875738
2022/9/7 18:00,0.184294747
2022/9/7 18:15,0.150083436
2022/9/7 18:30,0
2022/9/7 18:45,0
2022/9/7 19:00,0
2022/9/7 19:15,0
2022/9/7 19:30,0
2022/9/7 19:45,0
2022/9/7 20:00,0
2022/9/7 20:15,0
2022/9/7 20:30,0
2022/9/7 20:45,0
2022/9/7 21:00,0
2022/9/7 21:15,0
2022/9/7 21:30,0
2022/9/7 21:45,0
2022/9/7 22:00,0
2022/9/7 22:15,0
2022/9/7 22:30,0
2022/9/7 22:45,0
2022/9/7 23:00,0
2022/9/7 23:15,0
2022/9/7 23:30,0
2022/9/7 23:45,0
2022/9/8 0:00,0
2022/9/8 0:15,0
2022/9/8 0:30,0
2022/9/8 0:45,0
2022/9/8 1:00,0
2022/9/8 1:15,0
2022/9/8 1:30,0
2022/9/8 1:45,0
2022/9/8 2:00,0
2022/9/8 2:15,0
2022/9/8 2:30,0
2022/9/8 2:45,0
2022/9/8 3:00,0
2022/9/8 3:15,0
2022/9/8 3:30,0
2022/9/8 3:45,0
2022/9/8 4:00,0
2022/9/8 4:15,0
2022/9/8 4:30,0
2022/9/8 4:45,0
2022/9/8 5:00,0
2022/9/8 5:15,0
2022/9/8 5:30,0
2022/9/8 5:45,0
2022/9/8 6:00,0
2022/9/8 6:15,0
2022/9/8 6:30,0
2022/9/8 6:45,0
2022/9/8 7:00,0
2022/9/8 7:15,0
2022/9/8 7:30,0
2022/9/8 7:45,0
2022/9/8 8:00,0
2022/9/8 8:15,0.00255208
2022/9/8 8:30,0.003623417
2022/9/8 8:45,0.005520811
2022/9/8 9:00,0.006910566
2022/9/8 9:15,0.007745779
2022/9/8 9:30,0.008111887
2022/9/8 9:45,0.010880221
2022/9/8 10:00,0.012966909
2022/9/8 10:15,0.016346116
2022/9/8 10:30,0.019456294
2022/9/8 10:45,0.02612738
2022/9/8 11:00,0.028117781
2022/9/8 11:15,0.032228827
2022/9/8 11:30,0.035277453
2022/9/8 11:45,0.039632776
2022/9/8 12:00,0.035903274
2022/9/8 12:15,0.037690907
2022/9/8 12:30,0.048125991
2022/9/8 12:45,0.050998972
2022/9/8 13:00,0.059544764
2022/9/8 13:15,0.05805581
2022/9/8 13:30,0.068453862
2022/9/8 13:45,0.078685349
2022/9/8 14:00,0.076028262
2022/9/8 14:15,0.078147505
2022/9/8 14:30,0.077895771
2022/9/8 14:45,0.070140292
2022/9/8 15:00,0.059257897
2022/9/8 15:15,0.070350347
2022/9/8 15:30,0.070716771
2022/9/8 15:45,0.061573694
2022/9/8 16:00,0.060205247
2022/9/8 16:15,0.063974259
2022/9/8 16:30,0.048425402
2022/9/8 16:45,0.042314851
2022/9/8 17:00,0.039212759
2022/9/8 17:15,0.040887682
2022/9/8 17:30,0.032643069
2022/9/8 17:45,0.028461617
2022/9/8 18:00,0.022877179
2022/9/8 18:15,0.018720671
2022/9/8 18:30,0
2022/9/8 18:45,0
2022/9/8 19:00,0
2022/9/8 19:15,0
2022/9/8 19:30,0
2022/9/8 19:45,0
2022/9/8 20:00,0
2022/9/8 20:15,0
2022/9/8 20:30,0
2022/9/8 20:45,0
2022/9/8 21:00,0
2022/9/8 21:15,0
2022/9/8 21:30,0
2022/9/8 21:45,0
2022/9/8 22:00,0
2022/9/8 22:15,0
2022/9/8 22:30,0
2022/9/8 22:45,0
2022/9/8 23:00,0
2022/9/8 23:15,0
2022/9/8 23:30,0
2022/9/8 23:45,0
2022/9/9 0:00,0
2022/9/9 0:15,0
2022/9/9 0:30,0
2022/9/9 0:45,0
2022/9/9 1:00,0
2022/9/9 1:15,0
2022/9/9 1:30,0
2022/9/9 1:45,0
2022/9/9 2:00,0
2022/9/9 2:15,0
2022/9/9 2:30,0
2022/9/9 2:45,0
2022/9/9 3:00,0
2022/9/9 3:15,0
2022/9/9 3:30,0
2022/9/9 3:45,0
2022/9/9 4:00,0
2022/9/9 4:15,0
2022/9/9 4:30,0
2022/9/9 4:45,0
2022/9/9 5:00,0
2022/9/9 5:15,0
2022/9/9 5:30,0
2022/9/9 5:45,0
2022/9/9 6:00,0
2022/9/9 6:15,0
2022/9/9 6:30,0
2022/9/9 6:45,0
2022/9/9 7:00,0
2022/9/9 7:15,0
2022/9/9 7:30,0
2022/9/9 7:45,0
2022/9/9 8:00,0
2022/9/9 8:15,0.020850132
2022/9/9 8:30,0.029633167
2022/9/9 8:45,0.045322507
2022/9/9 9:00,0.057065551
2022/9/9 9:15,0.062979166
2022/9/9 9:30,0.067476751
2022/9/9 9:45,0.091812705
2022/9/9 10:00,0.108137096
2022/9/9 10:15,0.134799372
2022/9/9 10:30,0.16094765
2022/9/9 10:45,0.218476019
2022/9/9 11:00,0.232878486
2022/9/9 11:15,0.264895011
2022/9/9 11:30,0.288744654
2022/9/9 11:45,0.317777774
2022/9/9 12:00,0.287113028
2022/9/9 12:15,0.308682658
2022/9/9 12:30,0.391262358
2022/9/9 12:45,0.424251517
2022/9/9 13:00,0.503606598
2022/9/9 13:15,0.491402774
2022/9/9 13:30,0.567210299
2022/9/9 13:45,0.64831976
2022/9/9 14:00,0.629960024
2022/9/9 14:15,0.633000926
2022/9/9 14:30,0.624584197
2022/9/9 14:45,0.567721829
2022/9/9 15:00,0.496282775
2022/9/9 15:15,0.592444894
2022/9/9 15:30,0.590404712
2022/9/9 15:45,0.51295258
2022/9/9 16:00,0.483974743
2022/9/9 16:15,0.520137758
2022/9/9 16:30,0.396584731
2022/9/9 16:45,0.348327346
2022/9/9 17:00,0.322749434
2022/9/9 17:15,0.331758775
2022/9/9 17:30,0.25917643
2022/9/9 17:45,0.230493128
2022/9/9 18:00,0.192748301
2022/9/9 18:15,0.154060486
2022/9/9 18:30,0
2022/9/9 18:45,0
2022/9/9 19:00,0
2022/9/9 19:15,0
2022/9/9 19:30,0
2022/9/9 19:45,0
2022/9/9 20:00,0
2022/9/9 20:15,0
2022/9/9 20:30,0
2022/9/9 20:45,0
2022/9/9 21:00,0
2022/9/9 21:15,0
2022/9/9 21:30,0
2022/9/9 21:45,0
2022/9/9 22:00,0
2022/9/9 22:15,0
2022/9/9 22:30,0
2022/9/9 22:45,0
2022/9/9 23:00,0
2022/9/9 23:15,0
2022/9/9 23:30,0
2022/9/9 23:45,0
2022/9/10 0:00,0
2022/9/10 0:15,0
2022/9/10 0:30,0
2022/9/10 0:45,0
2022/9/10 1:00,0
2022/9/10 1:15,0
2022/9/10 1:30,0
2022/9/10 1:45,0
2022/9/10 2:00,0
2022/9/10 2:15,0
2022/9/10 2:30,0
2022/9/10 2:45,0
2022/9/10 3:00,0
2022/9/10 3:15,0
2022/9/10 3:30,0
2022/9/10 3:45,0
2022/9/10 4:00,0
2022/9/10 4:15,0
2022/9/10 4:30,0
2022/9/10 4:45,0
2022/9/10 5:00,0
2022/9/10 5:15,0
2022/9/10 5:30,0
2022/9/10 5:45,0
2022/9/10 6:00,0
2022/9/10 6:15,0
2022/9/10 6:30,0
2022/9/10 6:45,0
2022/9/10 7:00,0
2022/9/10 7:15,0
2022/9/10 7:30,0
2022/9/10 7:45,0
2022/9/10 8:00,0
2022/9/10 8:15,0.020841754
2022/9/10 8:30,0.028837867
2022/9/10 8:45,0.044739944
2022/9/10 9:00,0.056050459
2022/9/10 9:15,0.059757224
2022/9/10 9:30,0.061760893
2022/9/10 9:45,0.087155586
2022/9/10 10:00,0.10359311
2022/9/10 10:15,0.128883409
2022/9/10 10:30,0.148300611
2022/9/10 10:45,0.196181535
2022/9/10 11:00,0.214047166
2022/9/10 11:15,0.236898482
2022/9/10 11:30,0.264931434
2022/9/10 11:45,0.315275755
2022/9/10 12:00,0.279934726
2022/9/10 12:15,0.281403805
2022/9/10 12:30,0.359244286
2022/9/10 12:45,0.387823183
2022/9/10 13:00,0.487715269
2022/9/10 13:15,0.482126069
2022/9/10 13:30,0.549754041
2022/9/10 13:45,0.640349723
2022/9/10 14:00,0.594385227
2022/9/10 14:15,0.604499627
2022/9/10 14:30,0.582475423
2022/9/10 14:45,0.522214856
2022/9/10 15:00,0.477694547
2022/9/10 15:15,0.566330275
2022/9/10 15:30,0.557599407
2022/9/10 15:45,0.504509864
2022/9/10 16:00,0.496236682
2022/9/10 16:15,0.505534608
2022/9/10 16:30,0.368554323
2022/9/10 16:45,0.30382177
2022/9/10 17:00,0.300845764
2022/9/10 17:15,0.335050474
2022/9/10 17:30,0.26712071
2022/9/10 17:45,0.225299237
2022/9/10 18:00,0.176102192
2022/9/10 18:15,0.140685492
2022/9/10 18:30,0
2022/9/10 18:45,0
2022/9/10 19:00,0
2022/9/10 19:15,0
2022/9/10 19:30,0
2022/9/10 19:45,0
2022/9/10 20:00,0
2022/9/10 20:15,0
2022/9/10 20:30,0
2022/9/10 20:45,0
2022/9/10 21:00,0
2022/9/10 21:15,0
2022/9/10 21:30,0
2022/9/10 21:45,0
2022/9/10 22:00,0
2022/9/10 22:15,0
2022/9/10 22:30,0
2022/9/10 22:45,0
2022/9/10 23:00,0
2022/9/10 23:15,0
2022/9/10 23:30,0
2022/9/10 23:45,0
2022/9/11 0:00,0
2022/9/11 0:15,0
2022/9/11 0:30,0
2022/9/11 0:45,0
2022/9/11 1:00,0
2022/9/11 1:15,0
2022/9/11 1:30,0
2022/9/11 1:45,0
2022/9/11 2:00,0
2022/9/11 2:15,0
2022/9/11 2:30,0
2022/9/11 2:45,0
2022/9/11 3:00,0
2022/9/11 3:15,0
2022/9/11 3:30,0
2022/9/11 3:45,0
2022/9/11 4:00,0
2022/9/11 4:15,0
2022/9/11 4:30,0
2022/9/11 4:45,0
2022/9/11 5:00,0
2022/9/11 5:15,0
2022/9/11 5:30,0
2022/9/11 5:45,0
2022/9/11 6:00,0
2022/9/11 6:15,0
2022/9/11 6:30,0
2022/9/11 6:45,0
2022/9/11 7:00,0
2022/9/11 7:15,0
2022/9/11 7:30,0
2022/9/11 7:45,0
2022/9/11 8:00,0
2022/9/11 8:15,0.021396553
2022/9/11 8:30,0.031044709
2022/9/11 8:45,0.046703362
2022/9/11 9:00,0.057780496
2022/9/11 9:15,0.063739751
2022/9/11 9:30,0.066506506
2022/9/11 9:45,0.091464631
2022/9/11 10:00,0.109671892
2022/9/11 10:15,0.136202296
2022/9/11 10:30,0.16650706
2022/9/11 10:45,0.228319303
2022/9/11 11:00,0.239935339
2022/9/11 11:15,0.271949277
2022/9/11 11:30,0.294499769
2022/9/11 11:45,0.324602049
2022/9/11 12:00,0.297094983
2022/9/11 12:15,0.330331058
2022/9/11 12:30,0.409648292
2022/9/11 12:45,0.408652709
2022/9/11 13:00,0.484617654
2022/9/11 13:15,0.480970728
2022/9/11 13:30,0.577426303
2022/9/11 13:45,0.668617636
2022/9/11 14:00,0.642687041
2022/9/11 14:15,0.663962388
2022/9/11 14:30,0.639107822
2022/9/11 14:45,0.5720854
2022/9/11 15:00,0.506104203
2022/9/11 15:15,0.602584169
2022/9/11 15:30,0.585954222
2022/9/11 15:45,0.513292635
2022/9/11 16:00,0.52764426
2022/9/11 16:15,0.552075758
2022/9/11 16:30,0.397923696
2022/9/11 16:45,0.345057392
2022/9/11 17:00,0.31698068
2022/9/11 17:15,0.331844547
2022/9/11 17:30,0.269557712
2022/9/11 17:45,0.243151364
2022/9/11 18:00,0.198918944
2022/9/11 18:15,0.157736934
2022/9/11 18:30,0
2022/9/11 18:45,0
2022/9/11 19:00,0
2022/9/11 19:15,0
2022/9/11 19:30,0
2022/9/11 19:45,0
2022/9/11 20:00,0
2022/9/11 20:15,0
2022/9/11 20:30,0
2022/9/11 20:45,0
2022/9/11 21:00,0
2022/9/11 21:15,0
2022/9/11 21:30,0
2022/9/11 21:45,0
2022/9/11 22:00,0
2022/9/11 22:15,0
2022/9/11 22:30,0
2022/9/11 22:45,0
2022/9/11 23:00,0
2022/9/11 23:15,0
2022/9/11 23:30,0
2022/9/11 23:45,0
2022/9/12 0:00,0
2022/9/12 0:15,0
2022/9/12 0:30,0
2022/9/12 0:45,0
2022/9/12 1:00,0
2022/9/12 1:15,0
2022/9/12 1:30,0
2022/9/12 1:45,0
2022/9/12 2:00,0
2022/9/12 2:15,0
2022/9/12 2:30,0
2022/9/12 2:45,0
2022/9/12 3:00,0
2022/9/12 3:15,0
2022/9/12 3:30,0
2022/9/12 3:45,0
2022/9/12 4:00,0
2022/9/12 4:15,0
2022/9/12 4:30,0
2022/9/12 4:45,0
2022/9/12 5:00,0
2022/9/12 5:15,0
2022/9/12 5:30,0
2022/9/12 5:45,0
2022/9/12 6:00,0
2022/9/12 6:15,0
2022/9/12 6:30,0
2022/9/12 6:45,0
2022/9/12 7:00,0
2022/9/12 7:15,0
2022/9/12 7:30,0
2022/9/12 7:45,0
2022/9/12 8:00,0
2022/9/12 8:15,0.019652813
2022/9/12 8:30,0.026373216
2022/9/12 8:45,0.039607525
2022/9/12 9:00,0.051295192
2022/9/12 9:15,0.06082298
2022/9/12 9:30,0.067429194
2022/9/12 9:45,0.089362259
2022/9/12 10:00,0.100273371
2022/9/12 10:15,0.120554647
2022/9/12 10:30,0.140069484
2022/9/12 10:45,0.203156396
2022/9/12 11:00,0.217724534
2022/9/12 11:15,0.239612767
2022/9/12 11:30,0.26403304
2022/9/12 11:45,0.302967317
2022/9/12 12:00,0.254920582
2022/9/12 12:15,0.259222656
2022/9/12 12:30,0.359096149
2022/9/12 12:45,0.376278742
2022/9/12 13:00,0.428747437
2022/9/12 13:15,0.437754897
2022/9/12 13:30,0.516262406
2022/9/12 13:45,0.604114531
2022/9/12 14:00,0.614560809
2022/9/12 14:15,0.617774599
2022/9/12 14:30,0.603340918
2022/9/12 14:45,0.546188897
2022/9/12 15:00,0.456124516
2022/9/12 15:15,0.557268372
2022/9/12 15:30,0.565581684
2022/9/12 15:45,0.468660091
2022/9/12 16:00,0.482272023
2022/9/12 16:15,0.500325957
2022/9/12 16:30,0.347498482
2022/9/12 16:45,0.321830291
2022/9/12 17:00,0.305925122
2022/9/12 17:15,0.299920066
2022/9/12 17:30,0.249985279
2022/9/12 17:45,0.223225268
2022/9/12 18:00,0.17663789
2022/9/12 18:15,0.142241002
2022/9/12 18:30,0
2022/9/12 18:45,0
2022/9/12 19:00,0
2022/9/12 19:15,0
2022/9/12 19:30,0
2022/9/12 19:45,0
2022/9/12 20:00,0
2022/9/12 20:15,0
2022/9/12 20:30,0
2022/9/12 20:45,0
2022/9/12 21:00,0
2022/9/12 21:15,0
2022/9/12 21:30,0
2022/9/12 21:45,0
2022/9/12 22:00,0
2022/9/12 22:15,0
2022/9/12 22:30,0
2022/9/12 22:45,0
2022/9/12 23:00,0
2022/9/12 23:15,0
2022/9/12 23:30,0
2022/9/12 23:45,0
2022/9/13 0:00,0
2022/9/13 0:15,0
2022/9/13 0:30,0
2022/9/13 0:45,0
2022/9/13 1:00,0
2022/9/13 1:15,0
2022/9/13 1:30,0
2022/9/13 1:45,0
2022/9/13 2:00,0
2022/9/13 2:15,0
2022/9/13 2:30,0
2022/9/13 2:45,0
2022/9/13 3:00,0
2022/9/13 3:15,0
2022/9/13 3:30,0
2022/9/13 3:45,0
2022/9/13 4:00,0
2022/9/13 4:15,0
2022/9/13 4:30,0
2022/9/13 4:45,0
2022/9/13 5:00,0
2022/9/13 5:15,0
2022/9/13 5:30,0
2022/9/13 5:45,0
2022/9/13 6:00,0
2022/9/13 6:15,0
2022/9/13 6:30,0
2022/9/13 6:45,0
2022/9/13 7:00,0
2022/9/13 7:15,0
2022/9/13 7:30,0
2022/9/13 7:45,0
2022/9/13 8:00,0
2022/9/13 8:15,0.021539123
2022/9/13 8:30,0.032055726
2022/9/13 8:45,0.04983487
2022/9/13 9:00,0.05868594
2022/9/13 9:15,0.064980027
2022/9/13 9:30,0.069048286
2022/9/13 9:45,0.091627239
2022/9/13 10:00,0.110135645
2022/9/13 10:15,0.136994168
2022/9/13 10:30,0.164208572
2022/9/13 10:45,0.209887984
2022/9/13 11:00,0.221552745
2022/9/13 11:15,0.279517265
2022/9/13 11:30,0.312370144
2022/9/13 11:45,0.336592032
2022/9/13 12:00,0.306636541
2022/9/13 12:15,0.325729579
2022/9/13 12:30,0.41485552
2022/9/13 12:45,0.435846344
2022/9/13 13:00,0.503764745
2022/9/13 13:15,0.496525977
2022/9/13 13:30,0.585691848
2022/9/13 13:45,0.670885605
2022/9/13 14:00,0.663159053
2022/9/13 14:15,0.688983683
2022/9/13 14:30,0.675210104
2022/9/13 14:45,0.599359784
2022/9/13 15:00,0.498019347
2022/9/13 15:15,0.604162107
2022/9/13 15:30,0.628528616
2022/9/13 15:45,0.544571127
2022/9/13 16:00,0.515522353
2022/9/13 16:15,0.544867851
2022/9/13 16:30,0.423657536
2022/9/13 16:45,0.366433501
2022/9/13 17:00,0.337941408
2022/9/13 17:15,0.353287905
2022/9/13 17:30,0.272993931
2022/9/13 17:45,0.23992578
2022/9/13 18:00,0.199252237
2022/9/13 18:15,0.162334079
2022/9/13 18:30,0
2022/9/13 18:45,0
2022/9/13 19:00,0
2022/9/13 19:15,0
2022/9/13 19:30,0
2022/9/13 19:45,0
2022/9/13 20:00,0
2022/9/13 20:15,0
2022/9/13 20:30,0
2022/9/13 20:45,0
2022/9/13 21:00,0
2022/9/13 21:15,0
2022/9/13 21:30,0
2022/9/13 21:45,0
2022/9/13 22:00,0
2022/9/13 22:15,0
2022/9/13 22:30,0
2022/9/13 22:45,0
2022/9/13 23:00,0
2022/9/13 23:15,0
2022/9/13 23:30,0
2022/9/13 23:45,0
2022/9/14 0:00,0
2022/9/14 0:15,0
2022/9/14 0:30,0
2022/9/14 0:45,0
2022/9/14 1:00,0
2022/9/14 1:15,0
2022/9/14 1:30,0
2022/9/14 1:45,0
2022/9/14 2:00,0
2022/9/14 2:15,0
2022/9/14 2:30,0
2022/9/14 2:45,0
2022/9/14 3:00,0
2022/9/14 3:15,0
2022/9/14 3:30,0
2022/9/14 3:45,0
2022/9/14 4:00,0
2022/9/14 4:15,0
2022/9/14 4:30,0
2022/9/14 4:45,0
2022/9/14 5:00,0
2022/9/14 5:15,0
2022/9/14 5:30,0
2022/9/14 5:45,0
2022/9/14 6:00,0
2022/9/14 6:15,0
2022/9/14 6:30,0
2022/9/14 6:45,0
2022/9/14 7:00,0
2022/9/14 7:15,0
2022/9/14 7:30,0
2022/9/14 7:45,0
2022/9/14 8:00,0
2022/9/14 8:15,0.021084904
2022/9/14 8:30,0.029786515
2022/9/14 8:45,0.045848489
2022/9/14 9:00,0.053094858
2022/9/14 9:15,0.056525099
2022/9/14 9:30,0.059841818
2022/9/14 9:45,0.080013192
2022/9/14 10:00,0.095067418
2022/9/14 10:15,0.120047503
2022/9/14 10:30,0.151622502
2022/9/14 10:45,0.219595594
2022/9/14 11:00,0.234817246
2022/9/14 11:15,0.266896435
2022/9/14 11:30,0.285296911
2022/9/14 11:45,0.321318783
2022/9/14 12:00,0.29275322
2022/9/14 12:15,0.288914683
2022/9/14 12:30,0.375470382
2022/9/14 12:45,0.386200776
2022/9/14 13:00,0.443345975
2022/9/14 13:15,0.458938923
2022/9/14 13:30,0.513377128
2022/9/14 13:45,0.60187467
2022/9/14 14:00,0.638529083
2022/9/14 14:15,0.641272152
2022/9/14 14:30,0.63258477
2022/9/14 14:45,0.547216863
2022/9/14 15:00,0.430030704
2022/9/14 15:15,0.504221603
2022/9/14 15:30,0.543619632
2022/9/14 15:45,0.522059718
2022/9/14 16:00,0.501422126
2022/9/14 16:15,0.496959871
2022/9/14 16:30,0.378781912
2022/9/14 16:45,0.338844008
2022/9/14 17:00,0.325208976
2022/9/14 17:15,0.31430815
2022/9/14 17:30,0.242454741
2022/9/14 17:45,0.22424671
2022/9/14 18:00,0.182838693
2022/9/14 18:15,0.148681585
2022/9/14 18:30,0
2022/9/14 18:45,0
2022/9/14 19:00,0
2022/9/14 19:15,0
2022/9/14 19:30,0
2022/9/14 19:45,0
2022/9/14 20:00,0
2022/9/14 20:15,0
2022/9/14 20:30,0
2022/9/14 20:45,0
2022/9/14 21:00,0
2022/9/14 21:15,0
2022/9/14 21:30,0
2022/9/14 21:45,0
2022/9/14 22:00,0
2022/9/14 22:15,0
2022/9/14 22:30,0
2022/9/14 22:45,0
2022/9/14 23:00,0
2022/9/14 23:15,0
2022/9/14 23:30,0
2022/9/14 23:45,0
2022/9/15 0:00,0
2022/9/15 0:15,0
2022/9/15 0:30,0
2022/9/15 0:45,0
2022/9/15 1:00,0
2022/9/15 1:15,0
2022/9/15 1:30,0
2022/9/15 1:45,0
2022/9/15 2:00,0
2022/9/15 2:15,0
2022/9/15 2:30,0
2022/9/15 2:45,0
2022/9/15 3:00,0
2022/9/15 3:15,0
2022/9/15 3:30,0
2022/9/15 3:45,0
2022/9/15 4:00,0
2022/9/15 4:15,0
2022/9/15 4:30,0
2022/9/15 4:45,0
2022/9/15 5:00,0
2022/9/15 5:15,0
2022/9/15 5:30,0
2022/9/15 5:45,0
2022/9/15 6:00,0
2022/9/15 6:15,0
2022/9/15 6:30,0
2022/9/15 6:45,0
2022/9/15 7:00,0
2022/9/15 7:15,0
2022/9/15 7:30,0
2022/9/15 7:45,0
2022/9/15 8:00,0
2022/9/15 8:15,0.019375876
2022/9/15 8:30,0.026351437
2022/9/15 8:45,0.040743199
2022/9/15 9:00,0.050317323
2022/9/15 9:15,0.056475338
2022/9/15 9:30,0.059414647
2022/9/15 9:45,0.082248655
2022/9/15 10:00,0.101985368
2022/9/15 10:15,0.125873581
2022/9/15 10:30,0.152329076
2022/9/15 10:45,0.19941854
2022/9/15 11:00,0.204398938
2022/9/15 11:15,0.240453153
2022/9/15 11:30,0.26623369
2022/9/15 11:45,0.294083082
2022/9/15 12:00,0.252323471
2022/9/15 12:15,0.266901752
2022/9/15 12:30,0.352984614
2022/9/15 12:45,0.353385285
2022/9/15 13:00,0.423487442
2022/9/15 13:15,0.43393802
2022/9/15 13:30,0.500031829
2022/9/15 13:45,0.57163138
2022/9/15 14:00,0.542437349
2022/9/15 14:15,0.574773763
2022/9/15 14:30,0.630353813
2022/9/15 14:45,0.544299559
2022/9/15 15:00,0.43330675
2022/9/15 15:15,0.509943071
2022/9/15 15:30,0.501550802
2022/9/15 15:45,0.446672084
2022/9/15 16:00,0.451544491
2022/9/15 16:15,0.463432901
2022/9/15 16:30,0.347699257
2022/9/15 16:45,0.302744863
2022/9/15 17:00,0.273953065
2022/9/15 17:15,0.285983792
2022/9/15 17:30,0.228571962
2022/9/15 17:45,0.200575374
2022/9/15 18:00,0.163142591
2022/9/15 18:15,0.138324576
2022/9/15 18:30,0
2022/9/15 18:45,0
2022/9/15 19:00,0
2022/9/15 19:15,0
2022/9/15 19:30,0
2022/9/15 19:45,0
2022/9/15 20:00,0
2022/9/15 20:15,0
2022/9/15 20:30,0
2022/9/15 20:45,0
2022/9/15 21:00,0
2022/9/15 21:15,0
2022/9/15 21:30,0
2022/9/15 21:45,0
2022/9/15 22:00,0
2022/9/15 22:15,0
2022/9/15 22:30,0
2022/9/15 22:45,0
2022/9/15 23:00,0
2022/9/15 23:15,0
2022/9/15 23:30,0
2022/9/15 23:45,0
2022/9/16 0:00,0
2022/9/16 0:15,0
2022/9/16 0:30,0
2022/9/16 0:45,0
2022/9/16 1:00,0
2022/9/16 1:15,0
2022/9/16 1:30,0
2022/9/16 1:45,0
2022/9/16 2:00,0
2022/9/16 2:15,0
2022/9/16 2:30,0
2022/9/16 2:45,0
2022/9/16 3:00,0
2022/9/16 3:15,0
2022/9/16 3:30,0
2022/9/16 3:45,0
2022/9/16 4:00,0
2022/9/16 4:15,0
2022/9/16 4:30,0
2022/9/16 4:45,0
2022/9/16 5:00,0
2022/9/16 5:15,0
2022/9/16 5:30,0
2022/9/16 5:45,0
2022/9/16 6:00,0
2022/9/16 6:15,0
2022/9/16 6:30,0
2022/9/16 6:45,0
2022/9/16 7:00,0
2022/9/16 7:15,0
2022/9/16 7:30,0
2022/9/16 7:45,0
2022/9/16 8:00,0
2022/9/16 8:15,0.021338589
2022/9/16 8:30,0.03141611
2022/9/16 8:45,0.04837157
2022/9/16 9:00,0.059923385
2022/9/16 9:15,0.065993577
2022/9/16 9:30,0.067197535
2022/9/16 9:45,0.092467277
2022/9/16 10:00,0.108588539
2022/9/16 10:15,0.133808737
2022/9/16 10:30,0.161423153
2022/9/16 10:45,0.215229616
2022/9/16 11:00,0.223240092
2022/9/16 11:15,0.258599089
2022/9/16 11:30,0.292140834
2022/9/16 11:45,0.328756059
2022/9/16 12:00,0.292278714
2022/9/16 12:15,0.308076027
2022/9/16 12:30,0.398609388
2022/9/16 12:45,0.415145025
2022/9/16 13:00,0.492116715
2022/9/16 13:15,0.48747563
2022/9/16 13:30,0.575302417
2022/9/16 13:45,0.674838677
2022/9/16 14:00,0.646086354
2022/9/16 14:15,0.654592913
2022/9/16 14:30,0.659123519
2022/9/16 14:45,0.596283486
2022/9/16 15:00,0.495374018
2022/9/16 15:15,0.567350028
2022/9/16 15:30,0.583893702
2022/9/16 15:45,0.512635421
2022/9/16 16:00,0.504327668
2022/9/16 16:15,0.53974125
2022/9/16 16:30,0.401479115
2022/9/16 16:45,0.35451865
2022/9/16 17:00,0.331156096
2022/9/16 17:15,0.336348141
2022/9/16 17:30,0.267032895
2022/9/16 17:45,0.238700905
2022/9/16 18:00,0.186174627
2022/9/16 18:15,0.149881012
2022/9/16 18:30,0
2022/9/16 18:45,0
2022/9/16 19:00,0
2022/9/16 19:15,0
2022/9/16 19:30,0
2022/9/16 19:45,0
2022/9/16 20:00,0
2022/9/16 20:15,0
2022/9/16 20:30,0
2022/9/16 20:45,0
2022/9/16 21:00,0
2022/9/16 21:15,0
2022/9/16 21:30,0
2022/9/16 21:45,0
2022/9/16 22:00,0
2022/9/16 22:15,0
2022/9/16 22:30,0
2022/9/16 22:45,0
2022/9/16 23:00,0
2022/9/16 23:15,0
2022/9/16 23:30,0
2022/9/16 23:45,0
2022/9/17 0:00,0
2022/9/17 0:15,0
2022/9/17 0:30,0
2022/9/17 0:45,0
2022/9/17 1:00,0
2022/9/17 1:15,0
2022/9/17 1:30,0
2022/9/17 1:45,0
2022/9/17 2:00,0
2022/9/17 2:15,0
2022/9/17 2:30,0
2022/9/17 2:45,0
2022/9/17 3:00,0
2022/9/17 3:15,0
2022/9/17 3:30,0
2022/9/17 3:45,0
2022/9/17 4:00,0
2022/9/17 4:15,0
2022/9/17 4:30,0
2022/9/17 4:45,0
2022/9/17 5:00,0
2022/9/17 5:15,0
2022/9/17 5:30,0
2022/9/17 5:45,0
2022/9/17 6:00,0
2022/9/17 6:15,0
2022/9/17 6:30,0
2022/9/17 6:45,0
2022/9/17 7:00,0
2022/9/17 7:15,0
2022/9/17 7:30,0
2022/9/17 7:45,0
2022/9/17 8:00,0
2022/9/17 8:15,0.021242151
2022/9/17 8:30,0.030123612
2022/9/17 8:45,0.045331121
2022/9/17 9:00,0.057719005
2022/9/17 9:15,0.065122542
2022/9/17 9:30,0.067313009
2022/9/17 9:45,0.088634818
2022/9/17 10:00,0.104622031
2022/9/17 10:15,0.136112913
2022/9/17 10:30,0.165459051
2022/9/17 10:45,0.215475288
2022/9/17 11:00,0.229004857
2022/9/17 11:15,0.264190102
2022/9/17 11:30,0.29881629
2022/9/17 11:45,0.342707658
2022/9/17 12:00,0.305799569
2022/9/17 12:15,0.310927209
2022/9/17 12:30,0.384853205
2022/9/17 12:45,0.410825899
2022/9/17 13:00,0.488309804
2022/9/17 13:15,0.489827469
2022/9/17 13:30,0.576845572
2022/9/17 13:45,0.666706324
2022/9/17 14:00,0.653780631
2022/9/17 14:15,0.6707036
2022/9/17 14:30,0.651844677
2022/9/17 14:45,0.581993788
2022/9/17 15:00,0.499512407
2022/9/17 15:15,0.581062857
2022/9/17 15:30,0.581721817
2022/9/17 15:45,0.491740427
2022/9/17 16:00,0.487548403
2022/9/17 16:15,0.547933626
2022/9/17 16:30,0.41521416
2022/9/17 16:45,0.357824203
2022/9/17 17:00,0.32160955
2022/9/17 17:15,0.330645645
2022/9/17 17:30,0.269437526
2022/9/17 17:45,0.241823439
2022/9/17 18:00,0.193010128
2022/9/17 18:15,0.156051565
2022/9/17 18:30,0
2022/9/17 18:45,0
2022/9/17 19:00,0
2022/9/17 19:15,0
2022/9/17 19:30,0
2022/9/17 19:45,0
2022/9/17 20:00,0
2022/9/17 20:15,0
2022/9/17 20:30,0
2022/9/17 20:45,0
2022/9/17 21:00,0
2022/9/17 21:15,0
2022/9/17 21:30,0
2022/9/17 21:45,0
2022/9/17 22:00,0
2022/9/17 22:15,0
2022/9/17 22:30,0
2022/9/17 22:45,0
2022/9/17 23:00,0
2022/9/17 23:15,0
2022/9/17 23:30,0
2022/9/17 23:45,0
2022/9/18 0:00,0
2022/9/18 0:15,0
2022/9/18 0:30,0
2022/9/18 0:45,0
2022/9/18 1:00,0
2022/9/18 1:15,0
2022/9/18 1:30,0
2022/9/18 1:45,0
2022/9/18 2:00,0
2022/9/18 2:15,0
2022/9/18 2:30,0
2022/9/18 2:45,0
2022/9/18 3:00,0
2022/9/18 3:15,0
2022/9/18 3:30,0
2022/9/18 3:45,0
2022/9/18 4:00,0
2022/9/18 4:15,0
2022/9/18 4:30,0
2022/9/18 4:45,0
2022/9/18 5:00,0
2022/9/18 5:15,0
2022/9/18 5:30,0
2022/9/18 5:45,0
2022/9/18 6:00,0
2022/9/18 6:15,0
2022/9/18 6:30,0
2022/9/18 6:45,0
2022/9/18 7:00,0
2022/9/18 7:15,0
2022/9/18 7:30,0
2022/9/18 7:45,0
2022/9/18 8:00,0
2022/9/18 8:15,0.020521557
2022/9/18 8:30,0.027290072
2022/9/18 8:45,0.039999247
2022/9/18 9:00,0.051758658
2022/9/18 9:15,0.055015307
2022/9/18 9:30,0.057571425
2022/9/18 9:45,0.08415738
2022/9/18 10:00,0.104724211
2022/9/18 10:15,0.130696968
2022/9/18 10:30,0.151344089
2022/9/18 10:45,0.198394411
2022/9/18 11:00,0.214556422
2022/9/18 11:15,0.246866845
2022/9/18 11:30,0.269610122
2022/9/18 11:45,0.297384697
2022/9/18 12:00,0.271289664
2022/9/18 12:15,0.284635125
2022/9/18 12:30,0.35343006
2022/9/18 12:45,0.396023942
2022/9/18 13:00,0.465879043
2022/9/18 13:15,0.436571427
2022/9/18 13:30,0.527005015
2022/9/18 13:45,0.619990013
2022/9/18 14:00,0.573099797
2022/9/18 14:15,0.571665773
2022/9/18 14:30,0.559874953
2022/9/18 14:45,0.509581178
2022/9/18 15:00,0.452230964
2022/9/18 15:15,0.527425126
2022/9/18 15:30,0.527166291
2022/9/18 15:45,0.479798931
2022/9/18 16:00,0.463185601
2022/9/18 16:15,0.49184297
2022/9/18 16:30,0.379631174
2022/9/18 16:45,0.347780595
2022/9/18 17:00,0.323079902
2022/9/18 17:15,0.314339613
2022/9/18 17:30,0.252152263
2022/9/18 17:45,0.230005962
2022/9/18 18:00,0.181827845
2022/9/18 18:15,0.140894984
2022/9/18 18:30,0
2022/9/18 18:45,0
2022/9/18 19:00,0
2022/9/18 19:15,0
2022/9/18 19:30,0
2022/9/18 19:45,0
2022/9/18 20:00,0
2022/9/18 20:15,0
2022/9/18 20:30,0
2022/9/18 20:45,0
2022/9/18 21:00,0
2022/9/18 21:15,0
2022/9/18 21:30,0
2022/9/18 21:45,0
2022/9/18 22:00,0
2022/9/18 22:15,0
2022/9/18 22:30,0
2022/9/18 22:45,0
2022/9/18 23:00,0
2022/9/18 23:15,0
2022/9/18 23:30,0
2022/9/18 23:45,0
2022/9/19 0:00,0
2022/9/19 0:15,0
2022/9/19 0:30,0
2022/9/19 0:45,0
2022/9/19 1:00,0
2022/9/19 1:15,0
2022/9/19 1:30,0
2022/9/19 1:45,0
2022/9/19 2:00,0
2022/9/19 2:15,0
2022/9/19 2:30,0
2022/9/19 2:45,0
2022/9/19 3:00,0
2022/9/19 3:15,0
2022/9/19 3:30,0
2022/9/19 3:45,0
2022/9/19 4:00,0
2022/9/19 4:15,0
2022/9/19 4:30,0
2022/9/19 4:45,0
2022/9/19 5:00,0
2022/9/19 5:15,0
2022/9/19 5:30,0
2022/9/19 5:45,0
2022/9/19 6:00,0
2022/9/19 6:15,0
2022/9/19 6:30,0
2022/9/19 6:45,0
2022/9/19 7:00,0
2022/9/19 7:15,0
2022/9/19 7:30,0
2022/9/19 7:45,0
2022/9/19 8:00,0
2022/9/19 8:15,0.014384102
2022/9/19 8:30,0.019721197
2022/9/19 8:45,0.029482803
2022/9/19 9:00,0.038495676
2022/9/19 9:15,0.042676671
2022/9/19 9:30,0.044254349
2022/9/19 9:45,0.0596904
2022/9/19 10:00,0.070598735
2022/9/19 10:15,0.089074747
2022/9/19 10:30,0.11011946
2022/9/19 10:45,0.152079886
2022/9/19 11:00,0.157560565
2022/9/19 11:15,0.175234626
2022/9/19 11:30,0.194143712
2022/9/19 11:45,0.216415078
2022/9/19 12:00,0.199677106
2022/9/19 12:15,0.217495715
2022/9/19 12:30,0.265641059
2022/9/19 12:45,0.272246553
2022/9/19 13:00,0.320182116
2022/9/19 13:15,0.319391656
2022/9/19 13:30,0.374217861
2022/9/19 13:45,0.426386475
2022/9/19 14:00,0.420924335
2022/9/19 14:15,0.423240185
2022/9/19 14:30,0.421844931
2022/9/19 14:45,0.377402309
2022/9/19 15:00,0.3245028
2022/9/19 15:15,0.391707154
2022/9/19 15:30,0.380990542
2022/9/19 15:45,0.338707095
2022/9/19 16:00,0.332260663
2022/9/19 16:15,0.344892667
2022/9/19 16:30,0.266671439
2022/9/19 16:45,0.234833118
2022/9/19 17:00,0.217508485
2022/9/19 17:15,0.224626956
2022/9/19 17:30,0.179532474
2022/9/19 17:45,0.154533447
2022/9/19 18:00,0.123722038
2022/9/19 18:15,0.103689137
2022/9/19 18:30,0
2022/9/19 18:45,0
2022/9/19 19:00,0
2022/9/19 19:15,0
2022/9/19 19:30,0
2022/9/19 19:45,0
2022/9/19 20:00,0
2022/9/19 20:15,0
2022/9/19 20:30,0
2022/9/19 20:45,0
2022/9/19 21:00,0
2022/9/19 21:15,0
2022/9/19 21:30,0
2022/9/19 21:45,0
2022/9/19 22:00,0
2022/9/19 22:15,0
2022/9/19 22:30,0
2022/9/19 22:45,0
2022/9/19 23:00,0
2022/9/19 23:15,0
2022/9/19 23:30,0
2022/9/19 23:45,0
2022/9/20 0:00,0
2022/9/20 0:15,0
2022/9/20 0:30,0
2022/9/20 0:45,0
2022/9/20 1:00,0
2022/9/20 1:15,0
2022/9/20 1:30,0
2022/9/20 1:45,0
2022/9/20 2:00,0
2022/9/20 2:15,0
2022/9/20 2:30,0
2022/9/20 2:45,0
2022/9/20 3:00,0
2022/9/20 3:15,0
2022/9/20 3:30,0
2022/9/20 3:45,0
2022/9/20 4:00,0
2022/9/20 4:15,0
2022/9/20 4:30,0
2022/9/20 4:45,0
2022/9/20 5:00,0
2022/9/20 5:15,0
2022/9/20 5:30,0
2022/9/20 5:45,0
2022/9/20 6:00,0
2022/9/20 6:15,0
2022/9/20 6:30,0
2022/9/20 6:45,0
2022/9/20 7:00,0
2022/9/20 7:15,0
2022/9/20 7:30,0
2022/9/20 7:45,0
2022/9/20 8:00,0
2022/9/20 8:15,0.02130641
2022/9/20 8:30,0.030523936
2022/9/20 8:45,0.047281795
2022/9/20 9:00,0.059262561
2022/9/20 9:15,0.066946003
2022/9/20 9:30,0.070541907
2022/9/20 9:45,0.094738529
2022/9/20 10:00,0.114352095
2022/9/20 10:15,0.143071824
2022/9/20 10:30,0.166612689
2022/9/20 10:45,0.225523903
2022/9/20 11:00,0.239669881
2022/9/20 11:15,0.276330253
2022/9/20 11:30,0.306135927
2022/9/20 11:45,0.337877416
2022/9/20 12:00,0.316041567
2022/9/20 12:15,0.336695658
2022/9/20 12:30,0.417571175
2022/9/20 12:45,0.434139945
2022/9/20 13:00,0.505294895
2022/9/20 13:15,0.499614115
2022/9/20 13:30,0.607184837
2022/9/20 13:45,0.701876194
2022/9/20 14:00,0.655883581
2022/9/20 14:15,0.666679623
2022/9/20 14:30,0.677364558
2022/9/20 14:45,0.591716252
2022/9/20 15:00,0.512648362
2022/9/20 15:15,0.628714491
2022/9/20 15:30,0.599482606
2022/9/20 15:45,0.519242337
2022/9/20 16:00,0.525850489
2022/9/20 16:15,0.562544513
2022/9/20 16:30,0.40626248
2022/9/20 16:45,0.353342663
2022/9/20 17:00,0.332688331
2022/9/20 17:15,0.340841698
2022/9/20 17:30,0.280669807
2022/9/20 17:45,0.244378083
2022/9/20 18:00,0.191802577
2022/9/20 18:15,0.156736132
2022/9/20 18:30,0
2022/9/20 18:45,0
2022/9/20 19:00,0
2022/9/20 19:15,0
2022/9/20 19:30,0
2022/9/20 19:45,0
2022/9/20 20:00,0
2022/9/20 20:15,0
2022/9/20 20:30,0
2022/9/20 20:45,0
2022/9/20 21:00,0
2022/9/20 21:15,0
2022/9/20 21:30,0
2022/9/20 21:45,0
2022/9/20 22:00,0
2022/9/20 22:15,0
2022/9/20 22:30,0
2022/9/20 22:45,0
2022/9/20 23:00,0
2022/9/20 23:15,0
2022/9/20 23:30,0
2022/9/20 23:45,0
2022/9/21 0:00,0
2022/9/21 0:15,0
2022/9/21 0:30,0
2022/9/21 0:45,0
2022/9/21 1:00,0
2022/9/21 1:15,0
2022/9/21 1:30,0
2022/9/21 1:45,0
2022/9/21 2:00,0
2022/9/21 2:15,0
2022/9/21 2:30,0
2022/9/21 2:45,0
2022/9/21 3:00,0
2022/9/21 3:15,0
2022/9/21 3:30,0
2022/9/21 3:45,0
2022/9/21 4:00,0
2022/9/21 4:15,0
2022/9/21 4:30,0
2022/9/21 4:45,0
2022/9/21 5:00,0
2022/9/21 5:15,0
2022/9/21 5:30,0
2022/9/21 5:45,0
2022/9/21 6:00,0
2022/9/21 6:15,0
2022/9/21 6:30,0
2022/9/21 6:45,0
2022/9/21 7:00,0
2022/9/21 7:15,0
2022/9/21 7:30,0
2022/9/21 7:45,0
2022/9/21 8:00,0
2022/9/21 8:15,0.016496921
2022/9/21 8:30,0.023550008
2022/9/21 8:45,0.034228158
2022/9/21 9:00,0.042811349
2022/9/21 9:15,0.049248399
2022/9/21 9:30,0.051065758
2022/9/21 9:45,0.067520374
2022/9/21 10:00,0.0811493
2022/9/21 10:15,0.101508525
2022/9/21 10:30,0.122999793
2022/9/21 10:45,0.166720616
2022/9/21 11:00,0.177519099
2022/9/21 11:15,0.204375347
2022/9/21 11:30,0.223756525
2022/9/21 11:45,0.248475287
2022/9/21 12:00,0.224453276
2022/9/21 12:15,0.234757867
2022/9/21 12:30,0.298305428
2022/9/21 12:45,0.311052639
2022/9/21 13:00,0.36673457
2022/9/21 13:15,0.375125223
2022/9/21 13:30,0.430061872
2022/9/21 13:45,0.485031928
2022/9/21 14:00,0.474257204
2022/9/21 14:15,0.469185173
2022/9/21 14:30,0.461801938
2022/9/21 14:45,0.428090017
2022/9/21 15:00,0.361574112
2022/9/21 15:15,0.43502745
2022/9/21 15:30,0.440365035
2022/9/21 15:45,0.376685066
2022/9/21 16:00,0.358972724
2022/9/21 16:15,0.389331805
2022/9/21 16:30,0.299174456
2022/9/21 16:45,0.257929823
2022/9/21 17:00,0.240446325
2022/9/21 17:15,0.246671356
2022/9/21 17:30,0.198880473
2022/9/21 17:45,0.175252274
2022/9/21 18:00,0.140462962
2022/9/21 18:15,0.115103898
2022/9/21 18:30,0
2022/9/21 18:45,0
2022/9/21 19:00,0
2022/9/21 19:15,0
2022/9/21 19:30,0
2022/9/21 19:45,0
2022/9/21 20:00,0
2022/9/21 20:15,0
2022/9/21 20:30,0
2022/9/21 20:45,0
2022/9/21 21:00,0
2022/9/21 21:15,0
2022/9/21 21:30,0
2022/9/21 21:45,0
2022/9/21 22:00,0
2022/9/21 22:15,0
2022/9/21 22:30,0
2022/9/21 22:45,0
2022/9/21 23:00,0
2022/9/21 23:15,0
2022/9/21 23:30,0
2022/9/21 23:45,0
2022/9/22 0:00,0
2022/9/22 0:15,0
2022/9/22 0:30,0
2022/9/22 0:45,0
2022/9/22 1:00,0
2022/9/22 1:15,0
2022/9/22 1:30,0
2022/9/22 1:45,0
2022/9/22 2:00,0
2022/9/22 2:15,0
2022/9/22 2:30,0
2022/9/22 2:45,0
2022/9/22 3:00,0
2022/9/22 3:15,0
2022/9/22 3:30,0
2022/9/22 3:45,0
2022/9/22 4:00,0
2022/9/22 4:15,0
2022/9/22 4:30,0
2022/9/22 4:45,0
2022/9/22 5:00,0
2022/9/22 5:15,0
2022/9/22 5:30,0
2022/9/22 5:45,0
2022/9/22 6:00,0
2022/9/22 6:15,0
2022/9/22 6:30,0
2022/9/22 6:45,0
2022/9/22 7:00,0
2022/9/22 7:15,0
2022/9/22 7:30,0
2022/9/22 7:45,0
2022/9/22 8:00,0
2022/9/22 8:15,0.021186224
2022/9/22 8:30,0.030444561
2022/9/22 8:45,0.047802554
2022/9/22 9:00,0.057909216
2022/9/22 9:15,0.063795168
2022/9/22 9:30,0.069729879
2022/9/22 9:45,0.093198012
2022/9/22 10:00,0.108471104
2022/9/22 10:15,0.132387699
2022/9/22 10:30,0.157669811
2022/9/22 10:45,0.211937701
2022/9/22 11:00,0.234563809
2022/9/22 11:15,0.276577616
2022/9/22 11:30,0.299875708
2022/9/22 11:45,0.33107365
2022/9/22 12:00,0.29798304
2022/9/22 12:15,0.315976486
2022/9/22 12:30,0.394298199
2022/9/22 12:45,0.424980159
2022/9/22 13:00,0.50404224
2022/9/22 13:15,0.483182529
2022/9/22 13:30,0.589626041
2022/9/22 13:45,0.666443697
2022/9/22 14:00,0.631605463
2022/9/22 14:15,0.666021317
2022/9/22 14:30,0.668619017
2022/9/22 14:45,0.59791709
2022/9/22 15:00,0.494464421
2022/9/22 15:15,0.57708197
2022/9/22 15:30,0.591869846
2022/9/22 15:45,0.534515431
2022/9/22 16:00,0.526798801
2022/9/22 16:15,0.551623962
2022/9/22 16:30,0.397512229
2022/9/22 16:45,0.340715124
2022/9/22 17:00,0.322755066
2022/9/22 17:15,0.343851749
2022/9/22 17:30,0.279793581
2022/9/22 17:45,0.248412692
2022/9/22 18:00,0.201264597
2022/9/22 18:15,0.159026796
2022/9/22 18:30,0
2022/9/22 18:45,0
2022/9/22 19:00,0
2022/9/22 19:15,0
2022/9/22 19:30,0
2022/9/22 19:45,0
2022/9/22 20:00,0
2022/9/22 20:15,0
2022/9/22 20:30,0
2022/9/22 20:45,0
2022/9/22 21:00,0
2022/9/22 21:15,0
2022/9/22 21:30,0
2022/9/22 21:45,0
2022/9/22 22:00,0
2022/9/22 22:15,0
2022/9/22 22:30,0
2022/9/22 22:45,0
2022/9/22 23:00,0
2022/9/22 23:15,0
2022/9/22 23:30,0
2022/9/22 23:45,0
2022/9/23 0:00,0
2022/9/23 0:15,0
2022/9/23 0:30,0
2022/9/23 0:45,0
2022/9/23 1:00,0
2022/9/23 1:15,0
2022/9/23 1:30,0
2022/9/23 1:45,0
2022/9/23 2:00,0
2022/9/23 2:15,0
2022/9/23 2:30,0
2022/9/23 2:45,0
2022/9/23 3:00,0
2022/9/23 3:15,0
2022/9/23 3:30,0
2022/9/23 3:45,0
2022/9/23 4:00,0
2022/9/23 4:15,0
2022/9/23 4:30,0
2022/9/23 4:45,0
2022/9/23 5:00,0
2022/9/23 5:15,0
2022/9/23 5:30,0
2022/9/23 5:45,0
2022/9/23 6:00,0
2022/9/23 6:15,0
2022/9/23 6:30,0
2022/9/23 6:45,0
2022/9/23 7:00,0
2022/9/23 7:15,0
2022/9/23 7:30,0
2022/9/23 7:45,0
2022/9/23 8:00,0
2022/9/23 8:15,0.019381407
2022/9/23 8:30,0.026243843
2022/9/23 8:45,0.038122782
2022/9/23 9:00,0.050252807
2022/9/23 9:15,0.059852362
2022/9/23 9:30,0.062302592
2022/9/23 9:45,0.079895587
2022/9/23 10:00,0.089636386
2022/9/23 10:15,0.113927228
2022/9/23 10:30,0.14275166
2022/9/23 10:45,0.196140708
2022/9/23 11:00,0.196001248
2022/9/23 11:15,0.211424206
2022/9/23 11:30,0.237557967
2022/9/23 11:45,0.28424797
2022/9/23 12:00,0.276072284
2022/9/23 12:15,0.280936528
2022/9/23 12:30,0.350707459
2022/9/23 12:45,0.360240682
2022/9/23 13:00,0.414012646
2022/9/23 13:15,0.427873562
2022/9/23 13:30,0.49228728
2022/9/23 13:45,0.57403481
2022/9/23 14:00,0.575804517
2022/9/23 14:15,0.565951951
2022/9/23 14:30,0.58571439
2022/9/23 14:45,0.539548837
2022/9/23 15:00,0.444178112
2022/9/23 15:15,0.51968722
2022/9/23 15:30,0.508746867
2022/9/23 15:45,0.41906792
2022/9/23 16:00,0.416979509
2022/9/23 16:15,0.468374079
2022/9/23 16:30,0.327463612
2022/9/23 16:45,0.272376024
2022/9/23 17:00,0.271828552
2022/9/23 17:15,0.302145458
2022/9/23 17:30,0.246210973
2022/9/23 17:45,0.208378033
2022/9/23 18:00,0.160428085
2022/9/23 18:15,0.135517206
2022/9/23 18:30,0
2022/9/23 18:45,0
2022/9/23 19:00,0
2022/9/23 19:15,0
2022/9/23 19:30,0
2022/9/23 19:45,0
2022/9/23 20:00,0
2022/9/23 20:15,0
2022/9/23 20:30,0
2022/9/23 20:45,0
2022/9/23 21:00,0
2022/9/23 21:15,0
2022/9/23 21:30,0
2022/9/23 21:45,0
2022/9/23 22:00,0
2022/9/23 22:15,0
2022/9/23 22:30,0
2022/9/23 22:45,0
2022/9/23 23:00,0
2022/9/23 23:15,0
2022/9/23 23:30,0
2022/9/23 23:45,0
2022/9/24 0:00,0
2022/9/24 0:15,0
2022/9/24 0:30,0
2022/9/24 0:45,0
2022/9/24 1:00,0
2022/9/24 1:15,0
2022/9/24 1:30,0
2022/9/24 1:45,0
2022/9/24 2:00,0
2022/9/24 2:15,0
2022/9/24 2:30,0
2022/9/24 2:45,0
2022/9/24 3:00,0
2022/9/24 3:15,0
2022/9/24 3:30,0
2022/9/24 3:45,0
2022/9/24 4:00,0
2022/9/24 4:15,0
2022/9/24 4:30,0
2022/9/24 4:45,0
2022/9/24 5:00,0
2022/9/24 5:15,0
2022/9/24 5:30,0
2022/9/24 5:45,0
2022/9/24 6:00,0
2022/9/24 6:15,0
2022/9/24 6:30,0
2022/9/24 6:45,0
2022/9/24 7:00,0
2022/9/24 7:15,0
2022/9/24 7:30,0
2022/9/24 7:45,0
2022/9/24 8:00,0
2022/9/24 8:15,0.019894736
2022/9/24 8:30,0.02649273
2022/9/24 8:45,0.039305445
2022/9/24 9:00,0.050129104
2022/9/24 9:15,0.058765425
2022/9/24 9:30,0.064384754
2022/9/24 9:45,0.081554065
2022/9/24 10:00,0.094384238
2022/9/24 10:15,0.119308972
2022/9/24 10:30,0.141435389
2022/9/24 10:45,0.197466463
2022/9/24 11:00,0.214678679
2022/9/24 11:15,0.230091592
2022/9/24 11:30,0.250080568
2022/9/24 11:45,0.288936968
2022/9/24 12:00,0.252958117
2022/9/24 12:15,0.276578072
2022/9/24 12:30,0.354052481
2022/9/24 12:45,0.37458817
2022/9/24 13:00,0.434537878
2022/9/24 13:15,0.409462751
2022/9/24 13:30,0.499327805
2022/9/24 13:45,0.59135864
2022/9/24 14:00,0.550451315
2022/9/24 14:15,0.568462164
2022/9/24 14:30,0.59064479
2022/9/24 14:45,0.488259009
2022/9/24 15:00,0.424095634
2022/9/24 15:15,0.508222274
2022/9/24 15:30,0.507385651
2022/9/24 15:45,0.426408548
2022/9/24 16:00,0.419255515
2022/9/24 16:15,0.488794578
2022/9/24 16:30,0.363134132
2022/9/24 16:45,0.311715905
2022/9/24 17:00,0.293205518
2022/9/24 17:15,0.305867102
2022/9/24 17:30,0.231847005
2022/9/24 17:45,0.20061934
2022/9/24 18:00,0.168839786
2022/9/24 18:15,0.138438141
2022/9/24 18:30,0
2022/9/24 18:45,0
2022/9/24 19:00,0
2022/9/24 19:15,0
2022/9/24 19:30,0
2022/9/24 19:45,0
2022/9/24 20:00,0
2022/9/24 20:15,0
2022/9/24 20:30,0
2022/9/24 20:45,0
2022/9/24 21:00,0
2022/9/24 21:15,0
2022/9/24 21:30,0
2022/9/24 21:45,0
2022/9/24 22:00,0
2022/9/24 22:15,0
2022/9/24 22:30,0
2022/9/24 22:45,0
2022/9/24 23:00,0
2022/9/24 23:15,0
2022/9/24 23:30,0
2022/9/24 23:45,0
2022/9/25 0:00,0
2022/9/25 0:15,0
2022/9/25 0:30,0
2022/9/25 0:45,0
2022/9/25 1:00,0
2022/9/25 1:15,0
2022/9/25 1:30,0
2022/9/25 1:45,0
2022/9/25 2:00,0
2022/9/25 2:15,0
2022/9/25 2:30,0
2022/9/25 2:45,0
2022/9/25 3:00,0
2022/9/25 3:15,0
2022/9/25 3:30,0
2022/9/25 3:45,0
2022/9/25 4:00,0
2022/9/25 4:15,0
2022/9/25 4:30,0
2022/9/25 4:45,0
2022/9/25 5:00,0
2022/9/25 5:15,0
2022/9/25 5:30,0
2022/9/25 5:45,0
2022/9/25 6:00,0
2022/9/25 6:15,0
2022/9/25 6:30,0
2022/9/25 6:45,0
2022/9/25 7:00,0
2022/9/25 7:15,0
2022/9/25 7:30,0
2022/9/25 7:45,0
2022/9/25 8:00,0
2022/9/25 8:15,0.021754918
2022/9/25 8:30,0.03136578
2022/9/25 8:45,0.047513184
2022/9/25 9:00,0.059614115
2022/9/25 9:15,0.067760756
2022/9/25 9:30,0.07249277
2022/9/25 9:45,0.095395972
2022/9/25 10:00,0.109412165
2022/9/25 10:15,0.135300043
2022/9/25 10:30,0.165561475
2022/9/25 10:45,0.228228652
2022/9/25 11:00,0.240782376
2022/9/25 11:15,0.27775866
2022/9/25 11:30,0.301344029
2022/9/25 11:45,0.337087572
2022/9/25 12:00,0.313228671
2022/9/25 12:15,0.331657713
2022/9/25 12:30,0.419244928
2022/9/25 12:45,0.444008033
2022/9/25 13:00,0.519125751
2022/9/25 13:15,0.496955617
2022/9/25 13:30,0.583354927
2022/9/25 13:45,0.681630859
2022/9/25 14:00,0.652884289
2022/9/25 14:15,0.673557933
2022/9/25 14:30,0.657055943
2022/9/25 14:45,0.602758412
2022/9/25 15:00,0.521615181
2022/9/25 15:15,0.612382913
2022/9/25 15:30,0.618605846
2022/9/25 15:45,0.523182589
2022/9/25 16:00,0.501508464
2022/9/25 16:15,0.541849088
2022/9/25 16:30,0.419915841
2022/9/25 16:45,0.36510595
2022/9/25 17:00,0.33864176
2022/9/25 17:15,0.354576811
2022/9/25 17:30,0.284151052
2022/9/25 17:45,0.247688838
2022/9/25 18:00,0.19308524
2022/9/25 18:15,0.158017879
2022/9/25 18:30,0
2022/9/25 18:45,0
2022/9/25 19:00,0
2022/9/25 19:15,0
2022/9/25 19:30,0
2022/9/25 19:45,0
2022/9/25 20:00,0
2022/9/25 20:15,0
2022/9/25 20:30,0
2022/9/25 20:45,0
2022/9/25 21:00,0
2022/9/25 21:15,0
2022/9/25 21:30,0
2022/9/25 21:45,0
2022/9/25 22:00,0
2022/9/25 22:15,0
2022/9/25 22:30,0
2022/9/25 22:45,0
2022/9/25 23:00,0
2022/9/25 23:15,0
2022/9/25 23:30,0
2022/9/25 23:45,0
2022/9/26 0:00,0
2022/9/26 0:15,0
2022/9/26 0:30,0
2022/9/26 0:45,0
2022/9/26 1:00,0
2022/9/26 1:15,0
2022/9/26 1:30,0
2022/9/26 1:45,0
2022/9/26 2:00,0
2022/9/26 2:15,0
2022/9/26 2:30,0
2022/9/26 2:45,0
2022/9/26 3:00,0
2022/9/26 3:15,0
2022/9/26 3:30,0
2022/9/26 3:45,0
2022/9/26 4:00,0
2022/9/26 4:15,0
2022/9/26 4:30,0
2022/9/26 4:45,0
2022/9/26 5:00,0
2022/9/26 5:15,0
2022/9/26 5:30,0
2022/9/26 5:45,0
2022/9/26 6:00,0
2022/9/26 6:15,0
2022/9/26 6:30,0
2022/9/26 6:45,0
2022/9/26 7:00,0
2022/9/26 7:15,0
2022/9/26 7:30,0
2022/9/26 7:45,0
2022/9/26 8:00,0
2022/9/26 8:15,0.019412724
2022/9/26 8:30,0.026186048
2022/9/26 8:45,0.042106724
2022/9/26 9:00,0.053595792
2022/9/26 9:15,0.05862597
2022/9/26 9:30,0.06077854
2022/9/26 9:45,0.079537094
2022/9/26 10:00,0.096484253
2022/9/26 10:15,0.118402419
2022/9/26 10:30,0.144752018
2022/9/26 10:45,0.19817414
2022/9/26 11:00,0.206586187
2022/9/26 11:15,0.243572273
2022/9/26 11:30,0.271937924
2022/9/26 11:45,0.298859221
2022/9/26 12:00,0.266187335
2022/9/26 12:15,0.288047226
2022/9/26 12:30,0.37007237
2022/9/26 12:45,0.384055144
2022/9/26 13:00,0.431829017
2022/9/26 13:15,0.389184241
2022/9/26 13:30,0.439809975
2022/9/26 13:45,0.555585447
2022/9/26 14:00,0.56966872
2022/9/26 14:15,0.549794825
2022/9/26 14:30,0.558378852
2022/9/26 14:45,0.500927123
2022/9/26 15:00,0.428315132
2022/9/26 15:15,0.510984477
2022/9/26 15:30,0.485879987
2022/9/26 15:45,0.414732646
2022/9/26 16:00,0.441019472
2022/9/26 16:15,0.514799104
2022/9/26 16:30,0.363322592
2022/9/26 16:45,0.295910581
2022/9/26 17:00,0.28458217
2022/9/26 17:15,0.308935164
2022/9/26 17:30,0.236785675
2022/9/26 17:45,0.213072374
2022/9/26 18:00,0.178787136
2022/9/26 18:15,0.137042053
2022/9/26 18:30,0
2022/9/26 18:45,0
2022/9/26 19:00,0
2022/9/26 19:15,0
2022/9/26 19:30,0
2022/9/26 19:45,0
2022/9/26 20:00,0
2022/9/26 20:15,0
2022/9/26 20:30,0
2022/9/26 20:45,0
2022/9/26 21:00,0
2022/9/26 21:15,0
2022/9/26 21:30,0
2022/9/26 21:45,0
2022/9/26 22:00,0
2022/9/26 22:15,0
2022/9/26 22:30,0
2022/9/26 22:45,0
2022/9/26 23:00,0
2022/9/26 23:15,0
2022/9/26 23:30,0
2022/9/26 23:45,0
2022/9/27 0:00,0
2022/9/27 0:15,0
2022/9/27 0:30,0
2022/9/27 0:45,0
2022/9/27 1:00,0
2022/9/27 1:15,0
2022/9/27 1:30,0
2022/9/27 1:45,0
2022/9/27 2:00,0
2022/9/27 2:15,0
2022/9/27 2:30,0
2022/9/27 2:45,0
2022/9/27 3:00,0
2022/9/27 3:15,0
2022/9/27 3:30,0
2022/9/27 3:45,0
2022/9/27 4:00,0
2022/9/27 4:15,0
2022/9/27 4:30,0
2022/9/27 4:45,0
2022/9/27 5:00,0
2022/9/27 5:15,0
2022/9/27 5:30,0
2022/9/27 5:45,0
2022/9/27 6:00,0
2022/9/27 6:15,0
2022/9/27 6:30,0
2022/9/27 6:45,0
2022/9/27 7:00,0
2022/9/27 7:15,0
2022/9/27 7:30,0
2022/9/27 7:45,0
2022/9/27 8:00,0
2022/9/27 8:15,0.021422865
2022/9/27 8:30,0.028563706
2022/9/27 8:45,0.042356676
2022/9/27 9:00,0.056489762
2022/9/27 9:15,0.061406065
2022/9/27 9:30,0.063204362
2022/9/27 9:45,0.089752215
2022/9/27 10:00,0.106154622
2022/9/27 10:15,0.130164526
2022/9/27 10:30,0.164371261
2022/9/27 10:45,0.223657727
2022/9/27 11:00,0.217775889
2022/9/27 11:15,0.2421401
2022/9/27 11:30,0.27793926
2022/9/27 11:45,0.314697921
2022/9/27 12:00,0.292274982
2022/9/27 12:15,0.313943442
2022/9/27 12:30,0.382894991
2022/9/27 12:45,0.394546448
2022/9/27 13:00,0.472689425
2022/9/27 13:15,0.480045149
2022/9/27 13:30,0.576770544
2022/9/27 13:45,0.621152957
2022/9/27 14:00,0.565913049
2022/9/27 14:15,0.594276399
2022/9/27 14:30,0.596790161
2022/9/27 14:45,0.561744874
2022/9/27 15:00,0.494972402
2022/9/27 15:15,0.558750053
2022/9/27 15:30,0.56977993
2022/9/27 15:45,0.498988903
2022/9/27 16:00,0.460917481
2022/9/27 16:15,0.481802734
2022/9/27 16:30,0.367767117
2022/9/27 16:45,0.334091358
2022/9/27 17:00,0.312252029
2022/9/27 17:15,0.310112823
2022/9/27 17:30,0.246859294
2022/9/27 17:45,0.224655409
2022/9/27 18:00,0.184972423
2022/9/27 18:15,0.153561419
2022/9/27 18:30,0
2022/9/27 18:45,0
2022/9/27 19:00,0
2022/9/27 19:15,0
2022/9/27 19:30,0
2022/9/27 19:45,0
2022/9/27 20:00,0
2022/9/27 20:15,0
2022/9/27 20:30,0
2022/9/27 20:45,0
2022/9/27 21:00,0
2022/9/27 21:15,0
2022/9/27 21:30,0
2022/9/27 21:45,0
2022/9/27 22:00,0
2022/9/27 22:15,0
2022/9/27 22:30,0
2022/9/27 22:45,0
2022/9/27 23:00,0
2022/9/27 23:15,0
2022/9/27 23:30,0
2022/9/27 23:45,0
2022/9/28 0:00,0
2022/9/28 0:15,0
2022/9/28 0:30,0
2022/9/28 0:45,0
2022/9/28 1:00,0
2022/9/28 1:15,0
2022/9/28 1:30,0
2022/9/28 1:45,0
2022/9/28 2:00,0
2022/9/28 2:15,0
2022/9/28 2:30,0
2022/9/28 2:45,0
2022/9/28 3:00,0
2022/9/28 3:15,0
2022/9/28 3:30,0
2022/9/28 3:45,0
2022/9/28 4:00,0
2022/9/28 4:15,0
2022/9/28 4:30,0
2022/9/28 4:45,0
2022/9/28 5:00,0
2022/9/28 5:15,0
2022/9/28 5:30,0
2022/9/28 5:45,0
2022/9/28 6:00,0
2022/9/28 6:15,0
2022/9/28 6:30,0
2022/9/28 6:45,0
2022/9/28 7:00,0
2022/9/28 7:15,0
2022/9/28 7:30,0
2022/9/28 7:45,0
2022/9/28 8:00,0
2022/9/28 8:15,0.002129517
2022/9/28 8:30,0.003069527
2022/9/28 8:45,0.004785583
2022/9/28 9:00,0.005888817
2022/9/28 9:15,0.006544791
2022/9/28 9:30,0.006977238
2022/9/28 9:45,0.009289849
2022/9/28 10:00,0.010771371
2022/9/28 10:15,0.013548424
2022/9/28 10:30,0.016406879
2022/9/28 10:45,0.022202627
2022/9/28 11:00,0.023548871
2022/9/28 11:15,0.027400686
2022/9/28 11:30,0.030376811
2022/9/28 11:45,0.033496839
2022/9/28 12:00,0.030153211
2022/9/28 12:15,0.031851383
2022/9/28 12:30,0.040406823
2022/9/28 12:45,0.042202979
2022/9/28 13:00,0.049678361
2022/9/28 13:15,0.048884203
2022/9/28 13:30,0.057950722
2022/9/28 13:45,0.066655873
2022/9/28 14:00,0.064250655
2022/9/28 14:15,0.06578685
2022/9/28 14:30,0.06560779
2022/9/28 14:45,0.059570433
2022/9/28 15:00,0.050230973
2022/9/28 15:15,0.059426333
2022/9/28 15:30,0.059522328
2022/9/28 15:45,0.051835956
2022/9/28 16:00,0.050740718
2022/9/28 16:15,0.054591785
2022/9/28 16:30,0.040986312
2022/9/28 16:45,0.035286795
2022/9/28 17:00,0.032914297
2022/9/28 17:15,0.03471092
2022/9/28 17:30,0.02765459
2022/9/28 17:45,0.023891019
2022/9/28 18:00,0.019608845
2022/9/28 18:15,0.016217051
2022/9/28 18:30,0
2022/9/28 18:45,0
2022/9/28 19:00,0
2022/9/28 19:15,0
2022/9/28 19:30,0
2022/9/28 19:45,0
2022/9/28 20:00,0
2022/9/28 20:15,0
2022/9/28 20:30,0
2022/9/28 20:45,0
2022/9/28 21:00,0
2022/9/28 21:15,0
2022/9/28 21:30,0
2022/9/28 21:45,0
2022/9/28 22:00,0
2022/9/28 22:15,0
2022/9/28 22:30,0
2022/9/28 22:45,0
2022/9/28 23:00,0
2022/9/28 23:15,0
2022/9/28 23:30,0
2022/9/28 23:45,0
2022/9/29 0:00,0
2022/9/29 0:15,0
2022/9/29 0:30,0
2022/9/29 0:45,0
2022/9/29 1:00,0
2022/9/29 1:15,0
2022/9/29 1:30,0
2022/9/29 1:45,0
2022/9/29 2:00,0
2022/9/29 2:15,0
2022/9/29 2:30,0
2022/9/29 2:45,0
2022/9/29 3:00,0
2022/9/29 3:15,0
2022/9/29 3:30,0
2022/9/29 3:45,0
2022/9/29 4:00,0
2022/9/29 4:15,0
2022/9/29 4:30,0
2022/9/29 4:45,0
2022/9/29 5:00,0
2022/9/29 5:15,0
2022/9/29 5:30,0
2022/9/29 5:45,0
2022/9/29 6:00,0
2022/9/29 6:15,0
2022/9/29 6:30,0
2022/9/29 6:45,0
2022/9/29 7:00,0
2022/9/29 7:15,0
2022/9/29 7:30,0
2022/9/29 7:45,0
2022/9/29 8:00,0
2022/9/29 8:15,0.002693061
2022/9/29 8:30,0.003828869
2022/9/29 8:45,0.005823058
2022/9/29 9:00,0.007265947
2022/9/29 9:15,0.00815144
2022/9/29 9:30,0.008648745
2022/9/29 9:45,0.011611862
2022/9/29 10:00,0.01358428
2022/9/29 10:15,0.01701409
2022/9/29 10:30,0.020772105
2022/9/29 10:45,0.027873966
2022/9/29 11:00,0.029274645
2022/9/29 11:15,0.033736854
2022/9/29 11:30,0.037347909
2022/9/29 11:45,0.042176079
2022/9/29 12:00,0.038142417
2022/9/29 12:15,0.040057282
2022/9/29 12:30,0.051358793
2022/9/29 12:45,0.054085776
2022/9/29 13:00,0.062641424
2022/9/29 13:15,0.061005348
2022/9/29 13:30,0.072044227
2022/9/29 13:45,0.082679449
2022/9/29 14:00,0.079881047
2022/9/29 14:15,0.082788584
2022/9/29 14:30,0.082739689
2022/9/29 14:45,0.074449446
2022/9/29 15:00,0.062863085
2022/9/29 15:15,0.074677929
2022/9/29 15:30,0.075271708
2022/9/29 15:45,0.065692486
2022/9/29 16:00,0.064499667
2022/9/29 16:15,0.068328664
2022/9/29 16:30,0.051019106
2022/9/29 16:45,0.043525446
2022/9/29 17:00,0.040320859
2022/9/29 17:15,0.042566128
2022/9/29 17:30,0.034124389
2022/9/29 17:45,0.030063054
2022/9/29 18:00,0.024404797
2022/9/29 18:15,0.01979986
2022/9/29 18:30,0
2022/9/29 18:45,0
2022/9/29 19:00,0
2022/9/29 19:15,0
2022/9/29 19:30,0
2022/9/29 19:45,0
2022/9/29 20:00,0
2022/9/29 20:15,0
2022/9/29 20:30,0
2022/9/29 20:45,0
2022/9/29 21:00,0
2022/9/29 21:15,0
2022/9/29 21:30,0
2022/9/29 21:45,0
2022/9/29 22:00,0
2022/9/29 22:15,0
2022/9/29 22:30,0
2022/9/29 22:45,0
2022/9/29 23:00,0
2022/9/29 23:15,0
2022/9/29 23:30,0
2022/9/29 23:45,0
2022/9/30 0:00,0
2022/9/30 0:15,0
2022/9/30 0:30,0
2022/9/30 0:45,0
2022/9/30 1:00,0
2022/9/30 1:15,0
2022/9/30 1:30,0
2022/9/30 1:45,0
2022/9/30 2:00,0
2022/9/30 2:15,0
2022/9/30 2:30,0
2022/9/30 2:45,0
2022/9/30 3:00,0
2022/9/30 3:15,0
2022/9/30 3:30,0
2022/9/30 3:45,0
2022/9/30 4:00,0
2022/9/30 4:15,0
2022/9/30 4:30,0
2022/9/30 4:45,0
2022/9/30 5:00,0
2022/9/30 5:15,0
2022/9/30 5:30,0
2022/9/30 5:45,0
2022/9/30 6:00,0
2022/9/30 6:15,0
2022/9/30 6:30,0
2022/9/30 6:45,0
2022/9/30 7:00,0
2022/9/30 7:15,0
2022/9/30 7:30,0
2022/9/30 7:45,0
2022/9/30 8:00,0
2022/9/30 8:15,0.020727269
2022/9/30 8:30,0.027063188
2022/9/30 8:45,0.042386982
2022/9/30 9:00,0.053893151
2022/9/30 9:15,0.058825354
2022/9/30 9:30,0.064403107
2022/9/30 9:45,0.08738536
2022/9/30 10:00,0.104383351
2022/9/30 10:15,0.134264462
2022/9/30 10:30,0.161477345
2022/9/30 10:45,0.209980251
2022/9/30 11:00,0.231415968
2022/9/30 11:15,0.277882067
2022/9/30 11:30,0.29053938
2022/9/30 11:45,0.30214763
2022/9/30 12:00,0.283071142
2022/9/30 12:15,0.323532702
2022/9/30 12:30,0.401601829
2022/9/30 12:45,0.41163947
2022/9/30 13:00,0.486692504
2022/9/30 13:15,0.464545947
2022/9/30 13:30,0.561401982
2022/9/30 13:45,0.646831204
2022/9/30 14:00,0.613702869
2022/9/30 14:15,0.621393914
2022/9/30 14:30,0.632447547
2022/9/30 14:45,0.590522668
2022/9/30 15:00,0.477628321
2022/9/30 15:15,0.545971903
2022/9/30 15:30,0.56197435
2022/9/30 15:45,0.501038752
2022/9/30 16:00,0.496530815
2022/9/30 16:15,0.535739009
2022/9/30 16:30,0.37785106
2022/9/30 16:45,0.336211663
2022/9/30 17:00,0.330465497
2022/9/30 17:15,0.332985265
2022/9/30 17:30,0.257731418
2022/9/30 17:45,0.216146435
2022/9/30 18:00,0.181810116
2022/9/30 18:15,0.154632606
2022/9/30 18:30,0
2022/9/30 18:45,0
2022/9/30 19:00,0
2022/9/30 19:15,0
2022/9/30 19:30,0
2022/9/30 19:45,0
2022/9/30 20:00,0
2022/9/30 20:15,0
2022/9/30 20:30,0
2022/9/30 20:45,0
2022/9/30 21:00,0
2022/9/30 21:15,0
2022/9/30 21:30,0
2022/9/30 21:45,0
2022/9/30 22:00,0
2022/9/30 22:15,0
2022/9/30 22:30,0
2022/9/30 22:45,0
2022/9/30 23:00,0
2022/9/30 23:15,0
2022/9/30 23:30,0
2022/9/30 23:45,0
2022/10/1 0:00,0
2022/10/1 0:15,0
2022/10/1 0:30,0
2022/10/1 0:45,0
2022/10/1 1:00,0
2022/10/1 1:15,0
2022/10/1 1:30,0
2022/10/1 1:45,0
2022/10/1 2:00,0
2022/10/1 2:15,0
2022/10/1 2:30,0
2022/10/1 2:45,0
2022/10/1 3:00,0
2022/10/1 3:15,0
2022/10/1 3:30,0
2022/10/1 3:45,0
2022/10/1 4:00,0
2022/10/1 4:15,0
2022/10/1 4:30,0
2022/10/1 4:45,0
2022/10/1 5:00,0
2022/10/1 5:15,0
2022/10/1 5:30,0
2022/10/1 5:45,0
2022/10/1 6:00,0
2022/10/1 6:15,0
2022/10/1 6:30,0
2022/10/1 6:45,0
2022/10/1 7:00,0
2022/10/1 7:15,0
2022/10/1 7:30,0
2022/10/1 7:45,0
2022/10/1 8:00,0
2022/10/1 8:15,0
2022/10/1 8:30,0
2022/10/1 8:45,0.014784071
2022/10/1 9:00,0.022119837
2022/10/1 9:15,0.032735454
2022/10/1 9:30,0.060817618
2022/10/1 9:45,0.105062209
2022/10/1 10:00,0.12185457
2022/10/1 10:15,0.149048659
2022/10/1 10:30,0.177718027
2022/10/1 10:45,0.186640337
2022/10/1 11:00,0.191439888
2022/10/1 11:15,0.215479805
2022/10/1 11:30,0.298041213
2022/10/1 11:45,0.359635584
2022/10/1 12:00,0.40271354
2022/10/1 12:15,0.446026929
2022/10/1 12:30,0.493500519
2022/10/1 12:45,0.541383489
2022/10/1 13:00,0.540775122
2022/10/1 13:15,0.545860508
2022/10/1 13:30,0.522446004
2022/10/1 13:45,0.648900449
2022/10/1 14:00,0.660746123
2022/10/1 14:15,0.53632472
2022/10/1 14:30,0.486617658
2022/10/1 14:45,0.50673491
2022/10/1 15:00,0.467792382
2022/10/1 15:15,0.414758148
2022/10/1 15:30,0.427504032
2022/10/1 15:45,0.34365696
2022/10/1 16:00,0.283402529
2022/10/1 16:15,0.231056531
2022/10/1 16:30,0.222610574
2022/10/1 16:45,0.177742987
2022/10/1 17:00,0.171612693
2022/10/1 17:15,0.141743787
2022/10/1 17:30,0.137724539
2022/10/1 17:45,0
2022/10/1 18:00,0
2022/10/1 18:15,0
2022/10/1 18:30,0
2022/10/1 18:45,0
2022/10/1 19:00,0
2022/10/1 19:15,0
2022/10/1 19:30,0
2022/10/1 19:45,0
2022/10/1 20:00,0
2022/10/1 20:15,0
2022/10/1 20:30,0
2022/10/1 20:45,0
2022/10/1 21:00,0
2022/10/1 21:15,0
2022/10/1 21:30,0
2022/10/1 21:45,0
2022/10/1 22:00,0
2022/10/1 22:15,0
2022/10/1 22:30,0
2022/10/1 22:45,0
2022/10/1 23:00,0
2022/10/1 23:15,0
2022/10/1 23:30,0
2022/10/1 23:45,0
2022/10/2 0:00,0
2022/10/2 0:15,0
2022/10/2 0:30,0
2022/10/2 0:45,0
2022/10/2 1:00,0
2022/10/2 1:15,0
2022/10/2 1:30,0
2022/10/2 1:45,0
2022/10/2 2:00,0
2022/10/2 2:15,0
2022/10/2 2:30,0
2022/10/2 2:45,0
2022/10/2 3:00,0
2022/10/2 3:15,0
2022/10/2 3:30,0
2022/10/2 3:45,0
2022/10/2 4:00,0
2022/10/2 4:15,0
2022/10/2 4:30,0
2022/10/2 4:45,0
2022/10/2 5:00,0
2022/10/2 5:15,0
2022/10/2 5:30,0
2022/10/2 5:45,0
2022/10/2 6:00,0
2022/10/2 6:15,0
2022/10/2 6:30,0
2022/10/2 6:45,0
2022/10/2 7:00,0
2022/10/2 7:15,0
2022/10/2 7:30,0
2022/10/2 7:45,0
2022/10/2 8:00,0
2022/10/2 8:15,0
2022/10/2 8:30,0
2022/10/2 8:45,0.015060007
2022/10/2 9:00,0.022921217
2022/10/2 9:15,0.032759634
2022/10/2 9:30,0.056853403
2022/10/2 9:45,0.101423921
2022/10/2 10:00,0.127912127
2022/10/2 10:15,0.157562363
2022/10/2 10:30,0.173692648
2022/10/2 10:45,0.197063286
2022/10/2 11:00,0.215038313
2022/10/2 11:15,0.219151558
2022/10/2 11:30,0.292041215
2022/10/2 11:45,0.342057354
2022/10/2 12:00,0.396221529
2022/10/2 12:15,0.428608742
2022/10/2 12:30,0.456276061
2022/10/2 12:45,0.505267291
2022/10/2 13:00,0.544568377
2022/10/2 13:15,0.591427787
2022/10/2 13:30,0.554063386
2022/10/2 13:45,0.614008456
2022/10/2 14:00,0.623432349
2022/10/2 14:15,0.546224414
2022/10/2 14:30,0.448785275
2022/10/2 14:45,0.470761207
2022/10/2 15:00,0.480282459
2022/10/2 15:15,0.431738102
2022/10/2 15:30,0.426881919
2022/10/2 15:45,0.328438321
2022/10/2 16:00,0.284881355
2022/10/2 16:15,0.241580457
2022/10/2 16:30,0.21892363
2022/10/2 16:45,0.180216816
2022/10/2 17:00,0.181162131
2022/10/2 17:15,0.143860875
2022/10/2 17:30,0.12975037
2022/10/2 17:45,0
2022/10/2 18:00,0
2022/10/2 18:15,0
2022/10/2 18:30,0
2022/10/2 18:45,0
2022/10/2 19:00,0
2022/10/2 19:15,0
2022/10/2 19:30,0
2022/10/2 19:45,0
2022/10/2 20:00,0
2022/10/2 20:15,0
2022/10/2 20:30,0
2022/10/2 20:45,0
2022/10/2 21:00,0
2022/10/2 21:15,0
2022/10/2 21:30,0
2022/10/2 21:45,0
2022/10/2 22:00,0
2022/10/2 22:15,0
2022/10/2 22:30,0
2022/10/2 22:45,0
2022/10/2 23:00,0
2022/10/2 23:15,0
2022/10/2 23:30,0
2022/10/2 23:45,0
2022/10/3 0:00,0
2022/10/3 0:15,0
2022/10/3 0:30,0
2022/10/3 0:45,0
2022/10/3 1:00,0
2022/10/3 1:15,0
2022/10/3 1:30,0
2022/10/3 1:45,0
2022/10/3 2:00,0
2022/10/3 2:15,0
2022/10/3 2:30,0
2022/10/3 2:45,0
2022/10/3 3:00,0
2022/10/3 3:15,0
2022/10/3 3:30,0
2022/10/3 3:45,0
2022/10/3 4:00,0
2022/10/3 4:15,0
2022/10/3 4:30,0
2022/10/3 4:45,0
2022/10/3 5:00,0
2022/10/3 5:15,0
2022/10/3 5:30,0
2022/10/3 5:45,0
2022/10/3 6:00,0
2022/10/3 6:15,0
2022/10/3 6:30,0
2022/10/3 6:45,0
2022/10/3 7:00,0
2022/10/3 7:15,0
2022/10/3 7:30,0
2022/10/3 7:45,0
2022/10/3 8:00,0
2022/10/3 8:15,0
2022/10/3 8:30,0
2022/10/3 8:45,0.001224235
2022/10/3 9:00,0.001945939
2022/10/3 9:15,0.002900173
2022/10/3 9:30,0.005239211
2022/10/3 9:45,0.009163142
2022/10/3 10:00,0.01052895
2022/10/3 10:15,0.012771565
2022/10/3 10:30,0.015401971
2022/10/3 10:45,0.017648736
2022/10/3 11:00,0.018210001
2022/10/3 11:15,0.01885277
2022/10/3 11:30,0.026944886
2022/10/3 11:45,0.033375075
2022/10/3 12:00,0.038669672
2022/10/3 12:15,0.041207204
2022/10/3 12:30,0.043260381
2022/10/3 12:45,0.048506883
2022/10/3 13:00,0.048542978
2022/10/3 13:15,0.048105609
2022/10/3 13:30,0.045231313
2022/10/3 13:45,0.054140776
2022/10/3 14:00,0.055001425
2022/10/3 14:15,0.047441996
2022/10/3 14:30,0.04149891
2022/10/3 14:45,0.04174377
2022/10/3 15:00,0.041700376
2022/10/3 15:15,0.038626167
2022/10/3 15:30,0.037273175
2022/10/3 15:45,0.028489162
2022/10/3 16:00,0.024005257
2022/10/3 16:15,0.020071636
2022/10/3 16:30,0.018657381
2022/10/3 16:45,0.015296586
2022/10/3 17:00,0.015306439
2022/10/3 17:15,0.012340954
2022/10/3 17:30,0.011463452
2022/10/3 17:45,0
2022/10/3 18:00,0
2022/10/3 18:15,0
2022/10/3 18:30,0
2022/10/3 18:45,0
2022/10/3 19:00,0
2022/10/3 19:15,0
2022/10/3 19:30,0
2022/10/3 19:45,0
2022/10/3 20:00,0
2022/10/3 20:15,0
2022/10/3 20:30,0
2022/10/3 20:45,0
2022/10/3 21:00,0
2022/10/3 21:15,0
2022/10/3 21:30,0
2022/10/3 21:45,0
2022/10/3 22:00,0
2022/10/3 22:15,0
2022/10/3 22:30,0
2022/10/3 22:45,0
2022/10/3 23:00,0
2022/10/3 23:15,0
2022/10/3 23:30,0
2022/10/3 23:45,0
2022/10/4 0:00,0
2022/10/4 0:15,0
2022/10/4 0:30,0
2022/10/4 0:45,0
2022/10/4 1:00,0
2022/10/4 1:15,0
2022/10/4 1:30,0
2022/10/4 1:45,0
2022/10/4 2:00,0
2022/10/4 2:15,0
2022/10/4 2:30,0
2022/10/4 2:45,0
2022/10/4 3:00,0
2022/10/4 3:15,0
2022/10/4 3:30,0
2022/10/4 3:45,0
2022/10/4 4:00,0
2022/10/4 4:15,0
2022/10/4 4:30,0
2022/10/4 4:45,0
2022/10/4 5:00,0
2022/10/4 5:15,0
2022/10/4 5:30,0
2022/10/4 5:45,0
2022/10/4 6:00,0
2022/10/4 6:15,0
2022/10/4 6:30,0
2022/10/4 6:45,0
2022/10/4 7:00,0
2022/10/4 7:15,0
2022/10/4 7:30,0
2022/10/4 7:45,0
2022/10/4 8:00,0
2022/10/4 8:15,0
2022/10/4 8:30,0
2022/10/4 8:45,0.014769608
2022/10/4 9:00,0.023019966
2022/10/4 9:15,0.036315486
2022/10/4 9:30,0.064739765
2022/10/4 9:45,0.108837312
2022/10/4 10:00,0.127624696
2022/10/4 10:15,0.153622405
2022/10/4 10:30,0.185929658
2022/10/4 10:45,0.211882769
2022/10/4 11:00,0.214915311
2022/10/4 11:15,0.23684372
2022/10/4 11:30,0.339171909
2022/10/4 11:45,0.40027674
2022/10/4 12:00,0.479571949
2022/10/4 12:15,0.510697774
2022/10/4 12:30,0.518933721
2022/10/4 12:45,0.575146732
2022/10/4 13:00,0.59619466
2022/10/4 13:15,0.601244281
2022/10/4 13:30,0.558943222
2022/10/4 13:45,0.685032446
2022/10/4 14:00,0.702575846
2022/10/4 14:15,0.587523912
2022/10/4 14:30,0.502845074
2022/10/4 14:45,0.516044939
2022/10/4 15:00,0.530045081
2022/10/4 15:15,0.481069541
2022/10/4 15:30,0.463208994
2022/10/4 15:45,0.36092761
2022/10/4 16:00,0.302095913
2022/10/4 16:15,0.248316242
2022/10/4 16:30,0.223833149
2022/10/4 16:45,0.186263282
2022/10/4 17:00,0.199489203
2022/10/4 17:15,0.159773374
2022/10/4 17:30,0.142023227
2022/10/4 17:45,0
2022/10/4 18:00,0
2022/10/4 18:15,0
2022/10/4 18:30,0
2022/10/4 18:45,0
2022/10/4 19:00,0
2022/10/4 19:15,0
2022/10/4 19:30,0
2022/10/4 19:45,0
2022/10/4 20:00,0
2022/10/4 20:15,0
2022/10/4 20:30,0
2022/10/4 20:45,0
2022/10/4 21:00,0
2022/10/4 21:15,0
2022/10/4 21:30,0
2022/10/4 21:45,0
2022/10/4 22:00,0
2022/10/4 22:15,0
2022/10/4 22:30,0
2022/10/4 22:45,0
2022/10/4 23:00,0
2022/10/4 23:15,0
2022/10/4 23:30,0
2022/10/4 23:45,0
2022/10/5 0:00,0
2022/10/5 0:15,0
2022/10/5 0:30,0
2022/10/5 0:45,0
2022/10/5 1:00,0
2022/10/5 1:15,0
2022/10/5 1:30,0
2022/10/5 1:45,0
2022/10/5 2:00,0
2022/10/5 2:15,0
2022/10/5 2:30,0
2022/10/5 2:45,0
2022/10/5 3:00,0
2022/10/5 3:15,0
2022/10/5 3:30,0
2022/10/5 3:45,0
2022/10/5 4:00,0
2022/10/5 4:15,0
2022/10/5 4:30,0
2022/10/5 4:45,0
2022/10/5 5:00,0
2022/10/5 5:15,0
2022/10/5 5:30,0
2022/10/5 5:45,0
2022/10/5 6:00,0
2022/10/5 6:15,0
2022/10/5 6:30,0
2022/10/5 6:45,0
2022/10/5 7:00,0
2022/10/5 7:15,0
2022/10/5 7:30,0
2022/10/5 7:45,0
2022/10/5 8:00,0
2022/10/5 8:15,0
2022/10/5 8:30,0
2022/10/5 8:45,0.015409492
2022/10/5 9:00,0.022811133
2022/10/5 9:15,0.031911183
2022/10/5 9:30,0.062803224
2022/10/5 9:45,0.109921141
2022/10/5 10:00,0.120397757
2022/10/5 10:15,0.143468204
2022/10/5 10:30,0.169460108
2022/10/5 10:45,0.199216141
2022/10/5 11:00,0.205318529
2022/10/5 11:15,0.213790413
2022/10/5 11:30,0.330624558
2022/10/5 11:45,0.405090973
2022/10/5 12:00,0.433669162
2022/10/5 12:15,0.432294773
2022/10/5 12:30,0.461190763
2022/10/5 12:45,0.557671059
2022/10/5 13:00,0.569844527
2022/10/5 13:15,0.538757672
2022/10/5 13:30,0.497763877
2022/10/5 13:45,0.619121323
2022/10/5 14:00,0.647593282
2022/10/5 14:15,0.57173306
2022/10/5 14:30,0.501799605
2022/10/5 14:45,0.484486175
2022/10/5 15:00,0.459680906
2022/10/5 15:15,0.439233356
2022/10/5 15:30,0.439505704
2022/10/5 15:45,0.320207667
2022/10/5 16:00,0.270473341
2022/10/5 16:15,0.246262194
2022/10/5 16:30,0.229414557
2022/10/5 16:45,0.174711434
2022/10/5 17:00,0.170522953
2022/10/5 17:15,0.144533441
2022/10/5 17:30,0.138227166
2022/10/5 17:45,0
2022/10/5 18:00,0
2022/10/5 18:15,0
2022/10/5 18:30,0
2022/10/5 18:45,0
2022/10/5 19:00,0
2022/10/5 19:15,0
2022/10/5 19:30,0
2022/10/5 19:45,0
2022/10/5 20:00,0
2022/10/5 20:15,0
2022/10/5 20:30,0
2022/10/5 20:45,0
2022/10/5 21:00,0
2022/10/5 21:15,0
2022/10/5 21:30,0
2022/10/5 21:45,0
2022/10/5 22:00,0
2022/10/5 22:15,0
2022/10/5 22:30,0
2022/10/5 22:45,0
2022/10/5 23:00,0
2022/10/5 23:15,0
2022/10/5 23:30,0
2022/10/5 23:45,0
2022/10/6 0:00,0
2022/10/6 0:15,0
2022/10/6 0:30,0
2022/10/6 0:45,0
2022/10/6 1:00,0
2022/10/6 1:15,0
2022/10/6 1:30,0
2022/10/6 1:45,0
2022/10/6 2:00,0
2022/10/6 2:15,0
2022/10/6 2:30,0
2022/10/6 2:45,0
2022/10/6 3:00,0
2022/10/6 3:15,0
2022/10/6 3:30,0
2022/10/6 3:45,0
2022/10/6 4:00,0
2022/10/6 4:15,0
2022/10/6 4:30,0
2022/10/6 4:45,0
2022/10/6 5:00,0
2022/10/6 5:15,0
2022/10/6 5:30,0
2022/10/6 5:45,0
2022/10/6 6:00,0
2022/10/6 6:15,0
2022/10/6 6:30,0
2022/10/6 6:45,0
2022/10/6 7:00,0
2022/10/6 7:15,0
2022/10/6 7:30,0
2022/10/6 7:45,0
2022/10/6 8:00,0
2022/10/6 8:15,0
2022/10/6 8:30,0
2022/10/6 8:45,0.015074275
2022/10/6 9:00,0.023575125
2022/10/6 9:15,0.034371468
2022/10/6 9:30,0.063956964
2022/10/6 9:45,0.11441335
2022/10/6 10:00,0.128979916
2022/10/6 10:15,0.152747663
2022/10/6 10:30,0.187178138
2022/10/6 10:45,0.214548325
2022/10/6 11:00,0.220267356
2022/10/6 11:15,0.234039424
2022/10/6 11:30,0.327783597
2022/10/6 11:45,0.385962949
2022/10/6 12:00,0.452914643
2022/10/6 12:15,0.494884845
2022/10/6 12:30,0.51080793
2022/10/6 12:45,0.562727255
2022/10/6 13:00,0.584997166
2022/10/6 13:15,0.596530847
2022/10/6 13:30,0.559498562
2022/10/6 13:45,0.652218396
2022/10/6 14:00,0.663607745
2022/10/6 14:15,0.578581539
2022/10/6 14:30,0.492904179
2022/10/6 14:45,0.497718374
2022/10/6 15:00,0.522247783
2022/10/6 15:15,0.489959532
2022/10/6 15:30,0.468404714
2022/10/6 15:45,0.359081579
2022/10/6 16:00,0.297304395
2022/10/6 16:15,0.244297093
2022/10/6 16:30,0.226144904
2022/10/6 16:45,0.190819104
2022/10/6 17:00,0.195444738
2022/10/6 17:15,0.153571197
2022/10/6 17:30,0.138968672
2022/10/6 17:45,0
2022/10/6 18:00,0
2022/10/6 18:15,0
2022/10/6 18:30,0
2022/10/6 18:45,0
2022/10/6 19:00,0
2022/10/6 19:15,0
2022/10/6 19:30,0
2022/10/6 19:45,0
2022/10/6 20:00,0
2022/10/6 20:15,0
2022/10/6 20:30,0
2022/10/6 20:45,0
2022/10/6 21:00,0
2022/10/6 21:15,0
2022/10/6 21:30,0
2022/10/6 21:45,0
2022/10/6 22:00,0
2022/10/6 22:15,0
2022/10/6 22:30,0
2022/10/6 22:45,0
2022/10/6 23:00,0
2022/10/6 23:15,0
2022/10/6 23:30,0
2022/10/6 23:45,0
2022/10/7 0:00,0
2022/10/7 0:15,0
2022/10/7 0:30,0
2022/10/7 0:45,0
2022/10/7 1:00,0
2022/10/7 1:15,0
2022/10/7 1:30,0
2022/10/7 1:45,0
2022/10/7 2:00,0
2022/10/7 2:15,0
2022/10/7 2:30,0
2022/10/7 2:45,0
2022/10/7 3:00,0
2022/10/7 3:15,0
2022/10/7 3:30,0
2022/10/7 3:45,0
2022/10/7 4:00,0
2022/10/7 4:15,0
2022/10/7 4:30,0
2022/10/7 4:45,0
2022/10/7 5:00,0
2022/10/7 5:15,0
2022/10/7 5:30,0
2022/10/7 5:45,0
2022/10/7 6:00,0
2022/10/7 6:15,0
2022/10/7 6:30,0
2022/10/7 6:45,0
2022/10/7 7:00,0
2022/10/7 7:15,0
2022/10/7 7:30,0
2022/10/7 7:45,0
2022/10/7 8:00,0
2022/10/7 8:15,0
2022/10/7 8:30,0
2022/10/7 8:45,0.013889804
2022/10/7 9:00,0.021039717
2022/10/7 9:15,0.033827092
2022/10/7 9:30,0.064906826
2022/10/7 9:45,0.106455956
2022/10/7 10:00,0.119360679
2022/10/7 10:15,0.155643093
2022/10/7 10:30,0.180299987
2022/10/7 10:45,0.196561537
2022/10/7 11:00,0.21248384
2022/10/7 11:15,0.22687262
2022/10/7 11:30,0.317933602
2022/10/7 11:45,0.382654934
2022/10/7 12:00,0.426816211
2022/10/7 12:15,0.472771271
2022/10/7 12:30,0.507277424
2022/10/7 12:45,0.55708599
2022/10/7 13:00,0.572723022
2022/10/7 13:15,0.552559243
2022/10/7 13:30,0.510240444
2022/10/7 13:45,0.612804244
2022/10/7 14:00,0.606026721
2022/10/7 14:15,0.518629317
2022/10/7 14:30,0.460614007
2022/10/7 14:45,0.469184345
2022/10/7 15:00,0.476705657
2022/10/7 15:15,0.451898786
2022/10/7 15:30,0.432575848
2022/10/7 15:45,0.341424599
2022/10/7 16:00,0.281030381
2022/10/7 16:15,0.225389637
2022/10/7 16:30,0.21649825
2022/10/7 16:45,0.175542702
2022/10/7 17:00,0.168902866
2022/10/7 17:15,0.137723764
2022/10/7 17:30,0.132761875
2022/10/7 17:45,0
2022/10/7 18:00,0
2022/10/7 18:15,0
2022/10/7 18:30,0
2022/10/7 18:45,0
2022/10/7 19:00,0
2022/10/7 19:15,0
2022/10/7 19:30,0
2022/10/7 19:45,0
2022/10/7 20:00,0
2022/10/7 20:15,0
2022/10/7 20:30,0
2022/10/7 20:45,0
2022/10/7 21:00,0
2022/10/7 21:15,0
2022/10/7 21:30,0
2022/10/7 21:45,0
2022/10/7 22:00,0
2022/10/7 22:15,0
2022/10/7 22:30,0
2022/10/7 22:45,0
2022/10/7 23:00,0
2022/10/7 23:15,0
2022/10/7 23:30,0
2022/10/7 23:45,0
2022/10/8 0:00,0
2022/10/8 0:15,0
2022/10/8 0:30,0
2022/10/8 0:45,0
2022/10/8 1:00,0
2022/10/8 1:15,0
2022/10/8 1:30,0
2022/10/8 1:45,0
2022/10/8 2:00,0
2022/10/8 2:15,0
2022/10/8 2:30,0
2022/10/8 2:45,0
2022/10/8 3:00,0
2022/10/8 3:15,0
2022/10/8 3:30,0
2022/10/8 3:45,0
2022/10/8 4:00,0
2022/10/8 4:15,0
2022/10/8 4:30,0
2022/10/8 4:45,0
2022/10/8 5:00,0
2022/10/8 5:15,0
2022/10/8 5:30,0
2022/10/8 5:45,0
2022/10/8 6:00,0
2022/10/8 6:15,0
2022/10/8 6:30,0
2022/10/8 6:45,0
2022/10/8 7:00,0
2022/10/8 7:15,0
2022/10/8 7:30,0
2022/10/8 7:45,0
2022/10/8 8:00,0
2022/10/8 8:15,0
2022/10/8 8:30,0
2022/10/8 8:45,0.012087954
2022/10/8 9:00,0.018492632
2022/10/8 9:15,0.025816147
2022/10/8 9:30,0.047770028
2022/10/8 9:45,0.083629208
2022/10/8 10:00,0.097667432
2022/10/8 10:15,0.119017901
2022/10/8 10:30,0.143882351
2022/10/8 10:45,0.165896294
2022/10/8 11:00,0.172636702
2022/10/8 11:15,0.179261309
2022/10/8 11:30,0.255923451
2022/10/8 11:45,0.314885146
2022/10/8 12:00,0.35956777
2022/10/8 12:15,0.376556621
2022/10/8 12:30,0.389251979
2022/10/8 12:45,0.451818968
2022/10/8 13:00,0.457857136
2022/10/8 13:15,0.447140364
2022/10/8 13:30,0.422617567
2022/10/8 13:45,0.51651466
2022/10/8 14:00,0.532906261
2022/10/8 14:15,0.441589149
2022/10/8 14:30,0.385616678
2022/10/8 14:45,0.403519597
2022/10/8 15:00,0.390436208
2022/10/8 15:15,0.362653969
2022/10/8 15:30,0.364095095
2022/10/8 15:45,0.284875949
2022/10/8 16:00,0.234046196
2022/10/8 16:15,0.18936511
2022/10/8 16:30,0.176431191
2022/10/8 16:45,0.143152203
2022/10/8 17:00,0.146693883
2022/10/8 17:15,0.117782103
2022/10/8 17:30,0.105461948
2022/10/8 17:45,0
2022/10/8 18:00,0
2022/10/8 18:15,0
2022/10/8 18:30,0
2022/10/8 18:45,0
2022/10/8 19:00,0
2022/10/8 19:15,0
2022/10/8 19:30,0
2022/10/8 19:45,0
2022/10/8 20:00,0
2022/10/8 20:15,0
2022/10/8 20:30,0
2022/10/8 20:45,0
2022/10/8 21:00,0
2022/10/8 21:15,0
2022/10/8 21:30,0
2022/10/8 21:45,0
2022/10/8 22:00,0
2022/10/8 22:15,0
2022/10/8 22:30,0
2022/10/8 22:45,0
2022/10/8 23:00,0
2022/10/8 23:15,0
2022/10/8 23:30,0
2022/10/8 23:45,0
2022/10/9 0:00,0
2022/10/9 0:15,0
2022/10/9 0:30,0
2022/10/9 0:45,0
2022/10/9 1:00,0
2022/10/9 1:15,0
2022/10/9 1:30,0
2022/10/9 1:45,0
2022/10/9 2:00,0
2022/10/9 2:15,0
2022/10/9 2:30,0
2022/10/9 2:45,0
2022/10/9 3:00,0
2022/10/9 3:15,0
2022/10/9 3:30,0
2022/10/9 3:45,0
2022/10/9 4:00,0
2022/10/9 4:15,0
2022/10/9 4:30,0
2022/10/9 4:45,0
2022/10/9 5:00,0
2022/10/9 5:15,0
2022/10/9 5:30,0
2022/10/9 5:45,0
2022/10/9 6:00,0
2022/10/9 6:15,0
2022/10/9 6:30,0
2022/10/9 6:45,0
2022/10/9 7:00,0
2022/10/9 7:15,0
2022/10/9 7:30,0
2022/10/9 7:45,0
2022/10/9 8:00,0
2022/10/9 8:15,0
2022/10/9 8:30,0
2022/10/9 8:45,0.015711321
2022/10/9 9:00,0.024380914
2022/10/9 9:15,0.036800297
2022/10/9 9:30,0.068027004
2022/10/9 9:45,0.117511872
2022/10/9 10:00,0.134032536
2022/10/9 10:15,0.159024125
2022/10/9 10:30,0.188100215
2022/10/9 10:45,0.22382116
2022/10/9 11:00,0.236704451
2022/10/9 11:15,0.238540643
2022/10/9 11:30,0.344737735
2022/10/9 11:45,0.445542971
2022/10/9 12:00,0.51505705
2022/10/9 12:15,0.529747687
2022/10/9 12:30,0.552845972
2022/10/9 12:45,0.607979873
2022/10/9 13:00,0.631919688
2022/10/9 13:15,0.64702816
2022/10/9 13:30,0.589035478
2022/10/9 13:45,0.678965388
2022/10/9 14:00,0.711781446
2022/10/9 14:15,0.627663852
2022/10/9 14:30,0.55219387
2022/10/9 14:45,0.535982213
2022/10/9 15:00,0.53184919
2022/10/9 15:15,0.506214015
2022/10/9 15:30,0.471856022
2022/10/9 15:45,0.368297159
2022/10/9 16:00,0.304364461
2022/10/9 16:15,0.255003905
2022/10/9 16:30,0.24758112
2022/10/9 16:45,0.19845782
2022/10/9 17:00,0.194508059
2022/10/9 17:15,0.159497069
2022/10/9 17:30,0.149657798
2022/10/9 17:45,0
2022/10/9 18:00,0
2022/10/9 18:15,0
2022/10/9 18:30,0
2022/10/9 18:45,0
2022/10/9 19:00,0
2022/10/9 19:15,0
2022/10/9 19:30,0
2022/10/9 19:45,0
2022/10/9 20:00,0
2022/10/9 20:15,0
2022/10/9 20:30,0
2022/10/9 20:45,0
2022/10/9 21:00,0
2022/10/9 21:15,0
2022/10/9 21:30,0
2022/10/9 21:45,0
2022/10/9 22:00,0
2022/10/9 22:15,0
2022/10/9 22:30,0
2022/10/9 22:45,0
2022/10/9 23:00,0
2022/10/9 23:15,0
2022/10/9 23:30,0
2022/10/9 23:45,0
2022/10/10 0:00,0
2022/10/10 0:15,0
2022/10/10 0:30,0
2022/10/10 0:45,0
2022/10/10 1:00,0
2022/10/10 1:15,0
2022/10/10 1:30,0
2022/10/10 1:45,0
2022/10/10 2:00,0
2022/10/10 2:15,0
2022/10/10 2:30,0
2022/10/10 2:45,0
2022/10/10 3:00,0
2022/10/10 3:15,0
2022/10/10 3:30,0
2022/10/10 3:45,0
2022/10/10 4:00,0
2022/10/10 4:15,0
2022/10/10 4:30,0
2022/10/10 4:45,0
2022/10/10 5:00,0
2022/10/10 5:15,0
2022/10/10 5:30,0
2022/10/10 5:45,0
2022/10/10 6:00,0
2022/10/10 6:15,0
2022/10/10 6:30,0
2022/10/10 6:45,0
2022/10/10 7:00,0
2022/10/10 7:15,0
2022/10/10 7:30,0
2022/10/10 7:45,0
2022/10/10 8:00,0
2022/10/10 8:15,0
2022/10/10 8:30,0
2022/10/10 8:45,0.015897268
2022/10/10 9:00,0.025251757
2022/10/10 9:15,0.037115232
2022/10/10 9:30,0.067404791
2022/10/10 9:45,0.118604228
2022/10/10 10:00,0.140363923
2022/10/10 10:15,0.171707177
2022/10/10 10:30,0.196812414
2022/10/10 10:45,0.21969542
2022/10/10 11:00,0.232426973
2022/10/10 11:15,0.241989595
2022/10/10 11:30,0.350081595
2022/10/10 11:45,0.415689873
2022/10/10 12:00,0.480822294
2022/10/10 12:15,0.540092884
2022/10/10 12:30,0.56467314
2022/10/10 12:45,0.617382543
2022/10/10 13:00,0.613116652
2022/10/10 13:15,0.611838693
2022/10/10 13:30,0.570101818
2022/10/10 13:45,0.696738436
2022/10/10 14:00,0.737047688
2022/10/10 14:15,0.627955878
2022/10/10 14:30,0.547426491
2022/10/10 14:45,0.543309549
2022/10/10 15:00,0.534016397
2022/10/10 15:15,0.504441103
2022/10/10 15:30,0.486096524
2022/10/10 15:45,0.3776922
2022/10/10 16:00,0.316785795
2022/10/10 16:15,0.261024345
2022/10/10 16:30,0.246009959
2022/10/10 16:45,0.201302076
2022/10/10 17:00,0.195897695
2022/10/10 17:15,0.155398832
2022/10/10 17:30,0.14584119
2022/10/10 17:45,0
2022/10/10 18:00,0
2022/10/10 18:15,0
2022/10/10 18:30,0
2022/10/10 18:45,0
2022/10/10 19:00,0
2022/10/10 19:15,0
2022/10/10 19:30,0
2022/10/10 19:45,0
2022/10/10 20:00,0
2022/10/10 20:15,0
2022/10/10 20:30,0
2022/10/10 20:45,0
2022/10/10 21:00,0
2022/10/10 21:15,0
2022/10/10 21:30,0
2022/10/10 21:45,0
2022/10/10 22:00,0
2022/10/10 22:15,0
2022/10/10 22:30,0
2022/10/10 22:45,0
2022/10/10 23:00,0
2022/10/10 23:15,0
2022/10/10 23:30,0
2022/10/10 23:45,0
2022/10/11 0:00,0
2022/10/11 0:15,0
2022/10/11 0:30,0
2022/10/11 0:45,0
2022/10/11 1:00,0
2022/10/11 1:15,0
2022/10/11 1:30,0
2022/10/11 1:45,0
2022/10/11 2:00,0
2022/10/11 2:15,0
2022/10/11 2:30,0
2022/10/11 2:45,0
2022/10/11 3:00,0
2022/10/11 3:15,0
2022/10/11 3:30,0
2022/10/11 3:45,0
2022/10/11 4:00,0
2022/10/11 4:15,0
2022/10/11 4:30,0
2022/10/11 4:45,0
2022/10/11 5:00,0
2022/10/11 5:15,0
2022/10/11 5:30,0
2022/10/11 5:45,0
2022/10/11 6:00,0
2022/10/11 6:15,0
2022/10/11 6:30,0
2022/10/11 6:45,0
2022/10/11 7:00,0
2022/10/11 7:15,0
2022/10/11 7:30,0
2022/10/11 7:45,0
2022/10/11 8:00,0
2022/10/11 8:15,0
2022/10/11 8:30,0
2022/10/11 8:45,0.0151283
2022/10/11 9:00,0.023740531
2022/10/11 9:15,0.034326345
2022/10/11 9:30,0.064786896
2022/10/11 9:45,0.115776027
2022/10/11 10:00,0.13022888
2022/10/11 10:15,0.153414184
2022/10/11 10:30,0.178197086
2022/10/11 10:45,0.206567983
2022/10/11 11:00,0.220920877
2022/10/11 11:15,0.233291051
2022/10/11 11:30,0.332865705
2022/10/11 11:45,0.395355506
2022/10/11 12:00,0.459026558
2022/10/11 12:15,0.496645582
2022/10/11 12:30,0.512888834
2022/10/11 12:45,0.574596053
2022/10/11 13:00,0.585389161
2022/10/11 13:15,0.601728142
2022/10/11 13:30,0.555183335
2022/10/11 13:45,0.636935635
2022/10/11 14:00,0.680017293
2022/10/11 14:15,0.592671921
2022/10/11 14:30,0.512699032
2022/10/11 14:45,0.531183124
2022/10/11 15:00,0.511122447
2022/10/11 15:15,0.475120471
2022/10/11 15:30,0.471753532
2022/10/11 15:45,0.353788327
2022/10/11 16:00,0.299976395
2022/10/11 16:15,0.244592272
2022/10/11 16:30,0.220452306
2022/10/11 16:45,0.184187476
2022/10/11 17:00,0.181054265
2022/10/11 17:15,0.147257215
2022/10/11 17:30,0.142514725
2022/10/11 17:45,0
2022/10/11 18:00,0
2022/10/11 18:15,0
2022/10/11 18:30,0
2022/10/11 18:45,0
2022/10/11 19:00,0
2022/10/11 19:15,0
2022/10/11 19:30,0
2022/10/11 19:45,0
2022/10/11 20:00,0
2022/10/11 20:15,0
2022/10/11 20:30,0
2022/10/11 20:45,0
2022/10/11 21:00,0
2022/10/11 21:15,0
2022/10/11 21:30,0
2022/10/11 21:45,0
2022/10/11 22:00,0
2022/10/11 22:15,0
2022/10/11 22:30,0
2022/10/11 22:45,0
2022/10/11 23:00,0
2022/10/11 23:15,0
2022/10/11 23:30,0
2022/10/11 23:45,0
2022/10/12 0:00,0
2022/10/12 0:15,0
2022/10/12 0:30,0
2022/10/12 0:45,0
2022/10/12 1:00,0
2022/10/12 1:15,0
2022/10/12 1:30,0
2022/10/12 1:45,0
2022/10/12 2:00,0
2022/10/12 2:15,0
2022/10/12 2:30,0
2022/10/12 2:45,0
2022/10/12 3:00,0
2022/10/12 3:15,0
2022/10/12 3:30,0
2022/10/12 3:45,0
2022/10/12 4:00,0
2022/10/12 4:15,0
2022/10/12 4:30,0
2022/10/12 4:45,0
2022/10/12 5:00,0
2022/10/12 5:15,0
2022/10/12 5:30,0
2022/10/12 5:45,0
2022/10/12 6:00,0
2022/10/12 6:15,0
2022/10/12 6:30,0
2022/10/12 6:45,0
2022/10/12 7:00,0
2022/10/12 7:15,0
2022/10/12 7:30,0
2022/10/12 7:45,0
2022/10/12 8:00,0
2022/10/12 8:15,0
2022/10/12 8:30,0
2022/10/12 8:45,0.014371728
2022/10/12 9:00,0.022132874
2022/10/12 9:15,0.032663558
2022/10/12 9:30,0.059138561
2022/10/12 9:45,0.102869446
2022/10/12 10:00,0.122640315
2022/10/12 10:15,0.146975311
2022/10/12 10:30,0.169522285
2022/10/12 10:45,0.193898148
2022/10/12 11:00,0.206803614
2022/10/12 11:15,0.216917754
2022/10/12 11:30,0.313354997
2022/10/12 11:45,0.383798639
2022/10/12 12:00,0.431537819
2022/10/12 12:15,0.461108714
2022/10/12 12:30,0.489622853
2022/10/12 12:45,0.563343723
2022/10/12 13:00,0.563664009
2022/10/12 13:15,0.558059586
2022/10/12 13:30,0.516019883
2022/10/12 13:45,0.593211193
2022/10/12 14:00,0.63509612
2022/10/12 14:15,0.561784783
2022/10/12 14:30,0.476101375
2022/10/12 14:45,0.470986668
2022/10/12 15:00,0.480499944
2022/10/12 15:15,0.449115001
2022/10/12 15:30,0.433981591
2022/10/12 15:45,0.34236745
2022/10/12 16:00,0.286054323
2022/10/12 16:15,0.234822348
2022/10/12 16:30,0.221806033
2022/10/12 16:45,0.186279641
2022/10/12 17:00,0.180785928
2022/10/12 17:15,0.147706448
2022/10/12 17:30,0.137140231
2022/10/12 17:45,0
2022/10/12 18:00,0
2022/10/12 18:15,0
2022/10/12 18:30,0
2022/10/12 18:45,0
2022/10/12 19:00,0
2022/10/12 19:15,0
2022/10/12 19:30,0
2022/10/12 19:45,0
2022/10/12 20:00,0
2022/10/12 20:15,0
2022/10/12 20:30,0
2022/10/12 20:45,0
2022/10/12 21:00,0
2022/10/12 21:15,0
2022/10/12 21:30,0
2022/10/12 21:45,0
2022/10/12 22:00,0
2022/10/12 22:15,0
2022/10/12 22:30,0
2022/10/12 22:45,0
2022/10/12 23:00,0
2022/10/12 23:15,0
2022/10/12 23:30,0
2022/10/12 23:45,0
2022/10/13 0:00,0
2022/10/13 0:15,0
2022/10/13 0:30,0
2022/10/13 0:45,0
2022/10/13 1:00,0
2022/10/13 1:15,0
2022/10/13 1:30,0
2022/10/13 1:45,0
2022/10/13 2:00,0
2022/10/13 2:15,0
2022/10/13 2:30,0
2022/10/13 2:45,0
2022/10/13 3:00,0
2022/10/13 3:15,0
2022/10/13 3:30,0
2022/10/13 3:45,0
2022/10/13 4:00,0
2022/10/13 4:15,0
2022/10/13 4:30,0
2022/10/13 4:45,0
2022/10/13 5:00,0
2022/10/13 5:15,0
2022/10/13 5:30,0
2022/10/13 5:45,0
2022/10/13 6:00,0
2022/10/13 6:15,0
2022/10/13 6:30,0
2022/10/13 6:45,0
2022/10/13 7:00,0
2022/10/13 7:15,0
2022/10/13 7:30,0
2022/10/13 7:45,0
2022/10/13 8:00,0
2022/10/13 8:15,0
2022/10/13 8:30,0
2022/10/13 8:45,0.013798965
2022/10/13 9:00,0.021945694
2022/10/13 9:15,0.03354318
2022/10/13 9:30,0.060555523
2022/10/13 9:45,0.10880395
2022/10/13 10:00,0.124876859
2022/10/13 10:15,0.142762144
2022/10/13 10:30,0.164891481
2022/10/13 10:45,0.203113093
2022/10/13 11:00,0.201824199
2022/10/13 11:15,0.196592853
2022/10/13 11:30,0.291316565
2022/10/13 11:45,0.365776923
2022/10/13 12:00,0.431932007
2022/10/13 12:15,0.47408177
2022/10/13 12:30,0.492423764
2022/10/13 12:45,0.547496892
2022/10/13 13:00,0.558252457
2022/10/13 13:15,0.570025227
2022/10/13 13:30,0.533643354
2022/10/13 13:45,0.643142424
2022/10/13 14:00,0.669717459
2022/10/13 14:15,0.552410499
2022/10/13 14:30,0.455575436
2022/10/13 14:45,0.489276918
2022/10/13 15:00,0.522172294
2022/10/13 15:15,0.473750073
2022/10/13 15:30,0.46493714
2022/10/13 15:45,0.345274538
2022/10/13 16:00,0.275382246
2022/10/13 16:15,0.223638991
2022/10/13 16:30,0.212207807
2022/10/13 16:45,0.181686871
2022/10/13 17:00,0.181365465
2022/10/13 17:15,0.146997211
2022/10/13 17:30,0.128642309
2022/10/13 17:45,0
2022/10/13 18:00,0
2022/10/13 18:15,0
2022/10/13 18:30,0
2022/10/13 18:45,0
2022/10/13 19:00,0
2022/10/13 19:15,0
2022/10/13 19:30,0
2022/10/13 19:45,0
2022/10/13 20:00,0
2022/10/13 20:15,0
2022/10/13 20:30,0
2022/10/13 20:45,0
2022/10/13 21:00,0
2022/10/13 21:15,0
2022/10/13 21:30,0
2022/10/13 21:45,0
2022/10/13 22:00,0
2022/10/13 22:15,0
2022/10/13 22:30,0
2022/10/13 22:45,0
2022/10/13 23:00,0
2022/10/13 23:15,0
2022/10/13 23:30,0
2022/10/13 23:45,0
2022/10/14 0:00,0
2022/10/14 0:15,0
2022/10/14 0:30,0
2022/10/14 0:45,0
2022/10/14 1:00,0
2022/10/14 1:15,0
2022/10/14 1:30,0
2022/10/14 1:45,0
2022/10/14 2:00,0
2022/10/14 2:15,0
2022/10/14 2:30,0
2022/10/14 2:45,0
2022/10/14 3:00,0
2022/10/14 3:15,0
2022/10/14 3:30,0
2022/10/14 3:45,0
2022/10/14 4:00,0
2022/10/14 4:15,0
2022/10/14 4:30,0
2022/10/14 4:45,0
2022/10/14 5:00,0
2022/10/14 5:15,0
2022/10/14 5:30,0
2022/10/14 5:45,0
2022/10/14 6:00,0
2022/10/14 6:15,0
2022/10/14 6:30,0
2022/10/14 6:45,0
2022/10/14 7:00,0
2022/10/14 7:15,0
2022/10/14 7:30,0
2022/10/14 7:45,0
2022/10/14 8:00,0
2022/10/14 8:15,0
2022/10/14 8:30,0
2022/10/14 8:45,0.015354845
2022/10/14 9:00,0.024769152
2022/10/14 9:15,0.036921993
2022/10/14 9:30,0.065905275
2022/10/14 9:45,0.117694948
2022/10/14 10:00,0.133492052
2022/10/14 10:15,0.16220395
2022/10/14 10:30,0.198093327
2022/10/14 10:45,0.226547933
2022/10/14 11:00,0.231633315
2022/10/14 11:15,0.239895741
2022/10/14 11:30,0.356394937
2022/10/14 11:45,0.435319397
2022/10/14 12:00,0.4900293
2022/10/14 12:15,0.51761503
2022/10/14 12:30,0.539646233
2022/10/14 12:45,0.621680369
2022/10/14 13:00,0.632538235
2022/10/14 13:15,0.638626265
2022/10/14 13:30,0.576980287
2022/10/14 13:45,0.694680241
2022/10/14 14:00,0.744988426
2022/10/14 14:15,0.627144456
2022/10/14 14:30,0.539056157
2022/10/14 14:45,0.543038957
2022/10/14 15:00,0.535141955
2022/10/14 15:15,0.498481665
2022/10/14 15:30,0.482129
2022/10/14 15:45,0.375993737
2022/10/14 16:00,0.320195703
2022/10/14 16:15,0.269569166
2022/10/14 16:30,0.245290696
2022/10/14 16:45,0.195446222
2022/10/14 17:00,0.19847637
2022/10/14 17:15,0.158799943
2022/10/14 17:30,0.143786524
2022/10/14 17:45,0
2022/10/14 18:00,0
2022/10/14 18:15,0
2022/10/14 18:30,0
2022/10/14 18:45,0
2022/10/14 19:00,0
2022/10/14 19:15,0
2022/10/14 19:30,0
2022/10/14 19:45,0
2022/10/14 20:00,0
2022/10/14 20:15,0
2022/10/14 20:30,0
2022/10/14 20:45,0
2022/10/14 21:00,0
2022/10/14 21:15,0
2022/10/14 21:30,0
2022/10/14 21:45,0
2022/10/14 22:00,0
2022/10/14 22:15,0
2022/10/14 22:30,0
2022/10/14 22:45,0
2022/10/14 23:00,0
2022/10/14 23:15,0
2022/10/14 23:30,0
2022/10/14 23:45,0
2022/10/15 0:00,0
2022/10/15 0:15,0
2022/10/15 0:30,0
2022/10/15 0:45,0
2022/10/15 1:00,0
2022/10/15 1:15,0
2022/10/15 1:30,0
2022/10/15 1:45,0
2022/10/15 2:00,0
2022/10/15 2:15,0
2022/10/15 2:30,0
2022/10/15 2:45,0
2022/10/15 3:00,0
2022/10/15 3:15,0
2022/10/15 3:30,0
2022/10/15 3:45,0
2022/10/15 4:00,0
2022/10/15 4:15,0
2022/10/15 4:30,0
2022/10/15 4:45,0
2022/10/15 5:00,0
2022/10/15 5:15,0
2022/10/15 5:30,0
2022/10/15 5:45,0
2022/10/15 6:00,0
2022/10/15 6:15,0
2022/10/15 6:30,0
2022/10/15 6:45,0
2022/10/15 7:00,0
2022/10/15 7:15,0
2022/10/15 7:30,0
2022/10/15 7:45,0
2022/10/15 8:00,0
2022/10/15 8:15,0
2022/10/15 8:30,0
2022/10/15 8:45,0.015676635
2022/10/15 9:00,0.023774086
2022/10/15 9:15,0.032296631
2022/10/15 9:30,0.062164089
2022/10/15 9:45,0.105700607
2022/10/15 10:00,0.117535348
2022/10/15 10:15,0.149319641
2022/10/15 10:30,0.183002012
2022/10/15 10:45,0.209509595
2022/10/15 11:00,0.209563311
2022/10/15 11:15,0.210073473
2022/10/15 11:30,0.32199436
2022/10/15 11:45,0.413504934
2022/10/15 12:00,0.450990078
2022/10/15 12:15,0.452945141
2022/10/15 12:30,0.460089185
2022/10/15 12:45,0.554753472
2022/10/15 13:00,0.561122889
2022/10/15 13:15,0.558163213
2022/10/15 13:30,0.532208215
2022/10/15 13:45,0.617220904
2022/10/15 14:00,0.632944661
2022/10/15 14:15,0.552599693
2022/10/15 14:30,0.459710253
2022/10/15 14:45,0.464170076
2022/10/15 15:00,0.504237519
2022/10/15 15:15,0.500786086
2022/10/15 15:30,0.47063455
2022/10/15 15:45,0.33338543
2022/10/15 16:00,0.282468753
2022/10/15 16:15,0.239372183
2022/10/15 16:30,0.221466162
2022/10/15 16:45,0.175905396
2022/10/15 17:00,0.181941663
2022/10/15 17:15,0.148854097
2022/10/15 17:30,0.137136376
2022/10/15 17:45,0
2022/10/15 18:00,0
2022/10/15 18:15,0
2022/10/15 18:30,0
2022/10/15 18:45,0
2022/10/15 19:00,0
2022/10/15 19:15,0
2022/10/15 19:30,0
2022/10/15 19:45,0
2022/10/15 20:00,0
2022/10/15 20:15,0
2022/10/15 20:30,0
2022/10/15 20:45,0
2022/10/15 21:00,0
2022/10/15 21:15,0
2022/10/15 21:30,0
2022/10/15 21:45,0
2022/10/15 22:00,0
2022/10/15 22:15,0
2022/10/15 22:30,0
2022/10/15 22:45,0
2022/10/15 23:00,0
2022/10/15 23:15,0
2022/10/15 23:30,0
2022/10/15 23:45,0
2022/10/16 0:00,0
2022/10/16 0:15,0
2022/10/16 0:30,0
2022/10/16 0:45,0
2022/10/16 1:00,0
2022/10/16 1:15,0
2022/10/16 1:30,0
2022/10/16 1:45,0
2022/10/16 2:00,0
2022/10/16 2:15,0
2022/10/16 2:30,0
2022/10/16 2:45,0
2022/10/16 3:00,0
2022/10/16 3:15,0
2022/10/16 3:30,0
2022/10/16 3:45,0
2022/10/16 4:00,0
2022/10/16 4:15,0
2022/10/16 4:30,0
2022/10/16 4:45,0
2022/10/16 5:00,0
2022/10/16 5:15,0
2022/10/16 5:30,0
2022/10/16 5:45,0
2022/10/16 6:00,0
2022/10/16 6:15,0
2022/10/16 6:30,0
2022/10/16 6:45,0
2022/10/16 7:00,0
2022/10/16 7:15,0
2022/10/16 7:30,0
2022/10/16 7:45,0
2022/10/16 8:00,0
2022/10/16 8:15,0
2022/10/16 8:30,0
2022/10/16 8:45,0.015166087
2022/10/16 9:00,0.022910525
2022/10/16 9:15,0.032899617
2022/10/16 9:30,0.061713879
2022/10/16 9:45,0.108760811
2022/10/16 10:00,0.123988206
2022/10/16 10:15,0.152593463
2022/10/16 10:30,0.176209194
2022/10/16 10:45,0.2023019
2022/10/16 11:00,0.213039909
2022/10/16 11:15,0.210151398
2022/10/16 11:30,0.300058552
2022/10/16 11:45,0.374924033
2022/10/16 12:00,0.449220189
2022/10/16 12:15,0.502903327
2022/10/16 12:30,0.533826112
2022/10/16 12:45,0.595176025
2022/10/16 13:00,0.569426171
2022/10/16 13:15,0.570031664
2022/10/16 13:30,0.545783319
2022/10/16 13:45,0.618572358
2022/10/16 14:00,0.633999725
2022/10/16 14:15,0.536211153
2022/10/16 14:30,0.449081992
2022/10/16 14:45,0.481555432
2022/10/16 15:00,0.495305903
2022/10/16 15:15,0.463723201
2022/10/16 15:30,0.446294155
2022/10/16 15:45,0.337194202
2022/10/16 16:00,0.284024212
2022/10/16 16:15,0.236431527
2022/10/16 16:30,0.220999419
2022/10/16 16:45,0.18139198
2022/10/16 17:00,0.183490115
2022/10/16 17:15,0.141276104
2022/10/16 17:30,0.132278488
2022/10/16 17:45,0
2022/10/16 18:00,0
2022/10/16 18:15,0
2022/10/16 18:30,0
2022/10/16 18:45,0
2022/10/16 19:00,0
2022/10/16 19:15,0
2022/10/16 19:30,0
2022/10/16 19:45,0
2022/10/16 20:00,0
2022/10/16 20:15,0
2022/10/16 20:30,0
2022/10/16 20:45,0
2022/10/16 21:00,0
2022/10/16 21:15,0
2022/10/16 21:30,0
2022/10/16 21:45,0
2022/10/16 22:00,0
2022/10/16 22:15,0
2022/10/16 22:30,0
2022/10/16 22:45,0
2022/10/16 23:00,0
2022/10/16 23:15,0
2022/10/16 23:30,0
2022/10/16 23:45,0
2022/10/17 0:00,0
2022/10/17 0:15,0
2022/10/17 0:30,0
2022/10/17 0:45,0
2022/10/17 1:00,0
2022/10/17 1:15,0
2022/10/17 1:30,0
2022/10/17 1:45,0
2022/10/17 2:00,0
2022/10/17 2:15,0
2022/10/17 2:30,0
2022/10/17 2:45,0
2022/10/17 3:00,0
2022/10/17 3:15,0
2022/10/17 3:30,0
2022/10/17 3:45,0
2022/10/17 4:00,0
2022/10/17 4:15,0
2022/10/17 4:30,0
2022/10/17 4:45,0
2022/10/17 5:00,0
2022/10/17 5:15,0
2022/10/17 5:30,0
2022/10/17 5:45,0
2022/10/17 6:00,0
2022/10/17 6:15,0
2022/10/17 6:30,0
2022/10/17 6:45,0
2022/10/17 7:00,0
2022/10/17 7:15,0
2022/10/17 7:30,0
2022/10/17 7:45,0
2022/10/17 8:00,0
2022/10/17 8:15,0
2022/10/17 8:30,0
2022/10/17 8:45,0.015504831
2022/10/17 9:00,0.024353039
2022/10/17 9:15,0.037064282
2022/10/17 9:30,0.069177089
2022/10/17 9:45,0.113731216
2022/10/17 10:00,0.128061466
2022/10/17 10:15,0.159618849
2022/10/17 10:30,0.19016111
2022/10/17 10:45,0.219884396
2022/10/17 11:00,0.222405161
2022/10/17 11:15,0.23230182
2022/10/17 11:30,0.338013468
2022/10/17 11:45,0.407137766
2022/10/17 12:00,0.471366535
2022/10/17 12:15,0.490369636
2022/10/17 12:30,0.498503138
2022/10/17 12:45,0.571761085
2022/10/17 13:00,0.553483894
2022/10/17 13:15,0.57325244
2022/10/17 13:30,0.554983089
2022/10/17 13:45,0.654104451
2022/10/17 14:00,0.690291311
2022/10/17 14:15,0.572193303
2022/10/17 14:30,0.47808386
2022/10/17 14:45,0.512810873
2022/10/17 15:00,0.51919922
2022/10/17 15:15,0.474010765
2022/10/17 15:30,0.454614685
2022/10/17 15:45,0.33132894
2022/10/17 16:00,0.283122048
2022/10/17 16:15,0.239158427
2022/10/17 16:30,0.225182763
2022/10/17 16:45,0.187760872
2022/10/17 17:00,0.190730248
2022/10/17 17:15,0.146785119
2022/10/17 17:30,0.137047543
2022/10/17 17:45,0
2022/10/17 18:00,0
2022/10/17 18:15,0
2022/10/17 18:30,0
2022/10/17 18:45,0
2022/10/17 19:00,0
2022/10/17 19:15,0
2022/10/17 19:30,0
2022/10/17 19:45,0
2022/10/17 20:00,0
2022/10/17 20:15,0
2022/10/17 20:30,0
2022/10/17 20:45,0
2022/10/17 21:00,0
2022/10/17 21:15,0
2022/10/17 21:30,0
2022/10/17 21:45,0
2022/10/17 22:00,0
2022/10/17 22:15,0
2022/10/17 22:30,0
2022/10/17 22:45,0
2022/10/17 23:00,0
2022/10/17 23:15,0
2022/10/17 23:30,0
2022/10/17 23:45,0
2022/10/18 0:00,0
2022/10/18 0:15,0
2022/10/18 0:30,0
2022/10/18 0:45,0
2022/10/18 1:00,0
2022/10/18 1:15,0
2022/10/18 1:30,0
2022/10/18 1:45,0
2022/10/18 2:00,0
2022/10/18 2:15,0
2022/10/18 2:30,0
2022/10/18 2:45,0
2022/10/18 3:00,0
2022/10/18 3:15,0
2022/10/18 3:30,0
2022/10/18 3:45,0
2022/10/18 4:00,0
2022/10/18 4:15,0
2022/10/18 4:30,0
2022/10/18 4:45,0
2022/10/18 5:00,0
2022/10/18 5:15,0
2022/10/18 5:30,0
2022/10/18 5:45,0
2022/10/18 6:00,0
2022/10/18 6:15,0
2022/10/18 6:30,0
2022/10/18 6:45,0
2022/10/18 7:00,0
2022/10/18 7:15,0
2022/10/18 7:30,0
2022/10/18 7:45,0
2022/10/18 8:00,0
2022/10/18 8:15,0
2022/10/18 8:30,0
2022/10/18 8:45,0.001425853
2022/10/18 9:00,0.002268308
2022/10/18 9:15,0.003356093
2022/10/18 9:30,0.006149101
2022/10/18 9:45,0.010817096
2022/10/18 10:00,0.012249504
2022/10/18 10:15,0.014795358
2022/10/18 10:30,0.017617382
2022/10/18 10:45,0.020081229
2022/10/18 11:00,0.020957093
2022/10/18 11:15,0.021856365
2022/10/18 11:30,0.031253634
2022/10/18 11:45,0.038762364
2022/10/18 12:00,0.045087573
2022/10/18 12:15,0.047538024
2022/10/18 12:30,0.049449453
2022/10/18 12:45,0.055812406
2022/10/18 13:00,0.056359035
2022/10/18 13:15,0.056933046
2022/10/18 13:30,0.052961276
2022/10/18 13:45,0.062239901
2022/10/18 14:00,0.064621291
2022/10/18 14:15,0.055754835
2022/10/18 14:30,0.048654863
2022/10/18 14:45,0.049069439
2022/10/18 15:00,0.048942763
2022/10/18 15:15,0.045575823
2022/10/18 15:30,0.043766492
2022/10/18 15:45,0.033691987
2022/10/18 16:00,0.028143599
2022/10/18 16:15,0.023277248
2022/10/18 16:30,0.021903163
2022/10/18 16:45,0.017965647
2022/10/18 17:00,0.017936969
2022/10/18 17:15,0.014482193
2022/10/18 17:30,0.013466942
2022/10/18 17:45,0
2022/10/18 18:00,0
2022/10/18 18:15,0
2022/10/18 18:30,0
2022/10/18 18:45,0
2022/10/18 19:00,0
2022/10/18 19:15,0
2022/10/18 19:30,0
2022/10/18 19:45,0
2022/10/18 20:00,0
2022/10/18 20:15,0
2022/10/18 20:30,0
2022/10/18 20:45,0
2022/10/18 21:00,0
2022/10/18 21:15,0
2022/10/18 21:30,0
2022/10/18 21:45,0
2022/10/18 22:00,0
2022/10/18 22:15,0
2022/10/18 22:30,0
2022/10/18 22:45,0
2022/10/18 23:00,0
2022/10/18 23:15,0
2022/10/18 23:30,0
2022/10/18 23:45,0
2022/10/19 0:00,0
2022/10/19 0:15,0
2022/10/19 0:30,0
2022/10/19 0:45,0
2022/10/19 1:00,0
2022/10/19 1:15,0
2022/10/19 1:30,0
2022/10/19 1:45,0
2022/10/19 2:00,0
2022/10/19 2:15,0
2022/10/19 2:30,0
2022/10/19 2:45,0
2022/10/19 3:00,0
2022/10/19 3:15,0
2022/10/19 3:30,0
2022/10/19 3:45,0
2022/10/19 4:00,0
2022/10/19 4:15,0
2022/10/19 4:30,0
2022/10/19 4:45,0
2022/10/19 5:00,0
2022/10/19 5:15,0
2022/10/19 5:30,0
2022/10/19 5:45,0
2022/10/19 6:00,0
2022/10/19 6:15,0
2022/10/19 6:30,0
2022/10/19 6:45,0
2022/10/19 7:00,0
2022/10/19 7:15,0
2022/10/19 7:30,0
2022/10/19 7:45,0
2022/10/19 8:00,0
2022/10/19 8:15,0
2022/10/19 8:30,0
2022/10/19 8:45,0.014753815
2022/10/19 9:00,0.021962193
2022/10/19 9:15,0.031049565
2022/10/19 9:30,0.05582559
2022/10/19 9:45,0.103069715
2022/10/19 10:00,0.129563285
2022/10/19 10:15,0.160606741
2022/10/19 10:30,0.190821962
2022/10/19 10:45,0.210463654
2022/10/19 11:00,0.210360906
2022/10/19 11:15,0.214380736
2022/10/19 11:30,0.292028481
2022/10/19 11:45,0.380455264
2022/10/19 12:00,0.478123285
2022/10/19 12:15,0.488207211
2022/10/19 12:30,0.479494191
2022/10/19 12:45,0.53553402
2022/10/19 13:00,0.54813216
2022/10/19 13:15,0.56445167
2022/10/19 13:30,0.489534633
2022/10/19 13:45,0.581678574
2022/10/19 14:00,0.654296315
2022/10/19 14:15,0.56612775
2022/10/19 14:30,0.496574577
2022/10/19 14:45,0.489500149
2022/10/19 15:00,0.469431162
2022/10/19 15:15,0.441915177
2022/10/19 15:30,0.433107464
2022/10/19 15:45,0.317302846
2022/10/19 16:00,0.274218522
2022/10/19 16:15,0.229804818
2022/10/19 16:30,0.20234286
2022/10/19 16:45,0.168802163
2022/10/19 17:00,0.178151248
2022/10/19 17:15,0.156893757
2022/10/19 17:30,0.135257479
2022/10/19 17:45,0
2022/10/19 18:00,0
2022/10/19 18:15,0
2022/10/19 18:30,0
2022/10/19 18:45,0
2022/10/19 19:00,0
2022/10/19 19:15,0
2022/10/19 19:30,0
2022/10/19 19:45,0
2022/10/19 20:00,0
2022/10/19 20:15,0
2022/10/19 20:30,0
2022/10/19 20:45,0
2022/10/19 21:00,0
2022/10/19 21:15,0
2022/10/19 21:30,0
2022/10/19 21:45,0
2022/10/19 22:00,0
2022/10/19 22:15,0
2022/10/19 22:30,0
2022/10/19 22:45,0
2022/10/19 23:00,0
2022/10/19 23:15,0
2022/10/19 23:30,0
2022/10/19 23:45,0
2022/10/20 0:00,0
2022/10/20 0:15,0
2022/10/20 0:30,0
2022/10/20 0:45,0
2022/10/20 1:00,0
2022/10/20 1:15,0
2022/10/20 1:30,0
2022/10/20 1:45,0
2022/10/20 2:00,0
2022/10/20 2:15,0
2022/10/20 2:30,0
2022/10/20 2:45,0
2022/10/20 3:00,0
2022/10/20 3:15,0
2022/10/20 3:30,0
2022/10/20 3:45,0
2022/10/20 4:00,0
2022/10/20 4:15,0
2022/10/20 4:30,0
2022/10/20 4:45,0
2022/10/20 5:00,0
2022/10/20 5:15,0
2022/10/20 5:30,0
2022/10/20 5:45,0
2022/10/20 6:00,0
2022/10/20 6:15,0
2022/10/20 6:30,0
2022/10/20 6:45,0
2022/10/20 7:00,0
2022/10/20 7:15,0
2022/10/20 7:30,0
2022/10/20 7:45,0
2022/10/20 8:00,0
2022/10/20 8:15,0
2022/10/20 8:30,0
2022/10/20 8:45,0.014404134
2022/10/20 9:00,0.022419693
2022/10/20 9:15,0.034465339
2022/10/20 9:30,0.063206696
2022/10/20 9:45,0.11109723
2022/10/20 10:00,0.128717198
2022/10/20 10:15,0.153596016
2022/10/20 10:30,0.181064172
2022/10/20 10:45,0.199595163
2022/10/20 11:00,0.209989458
2022/10/20 11:15,0.219461007
2022/10/20 11:30,0.314835025
2022/10/20 11:45,0.404427489
2022/10/20 12:00,0.467638753
2022/10/20 12:15,0.48175695
2022/10/20 12:30,0.509200519
2022/10/20 12:45,0.588362364
2022/10/20 13:00,0.599637098
2022/10/20 13:15,0.599996822
2022/10/20 13:30,0.549695623
2022/10/20 13:45,0.648486781
2022/10/20 14:00,0.673474947
2022/10/20 14:15,0.581391518
2022/10/20 14:30,0.499659667
2022/10/20 14:45,0.503305122
2022/10/20 15:00,0.506754859
2022/10/20 15:15,0.462773215
2022/10/20 15:30,0.440029352
2022/10/20 15:45,0.339331147
2022/10/20 16:00,0.292580978
2022/10/20 16:15,0.245671602
2022/10/20 16:30,0.226253351
2022/10/20 16:45,0.188125141
2022/10/20 17:00,0.185305415
2022/10/20 17:15,0.146239306
2022/10/20 17:30,0.137876087
2022/10/20 17:45,0
2022/10/20 18:00,0
2022/10/20 18:15,0
2022/10/20 18:30,0
2022/10/20 18:45,0
2022/10/20 19:00,0
2022/10/20 19:15,0
2022/10/20 19:30,0
2022/10/20 19:45,0
2022/10/20 20:00,0
2022/10/20 20:15,0
2022/10/20 20:30,0
2022/10/20 20:45,0
2022/10/20 21:00,0
2022/10/20 21:15,0
2022/10/20 21:30,0
2022/10/20 21:45,0
2022/10/20 22:00,0
2022/10/20 22:15,0
2022/10/20 22:30,0
2022/10/20 22:45,0
2022/10/20 23:00,0
2022/10/20 23:15,0
2022/10/20 23:30,0
2022/10/20 23:45,0
2022/10/21 0:00,0
2022/10/21 0:15,0
2022/10/21 0:30,0
2022/10/21 0:45,0
2022/10/21 1:00,0
2022/10/21 1:15,0
2022/10/21 1:30,0
2022/10/21 1:45,0
2022/10/21 2:00,0
2022/10/21 2:15,0
2022/10/21 2:30,0
2022/10/21 2:45,0
2022/10/21 3:00,0
2022/10/21 3:15,0
2022/10/21 3:30,0
2022/10/21 3:45,0
2022/10/21 4:00,0
2022/10/21 4:15,0
2022/10/21 4:30,0
2022/10/21 4:45,0
2022/10/21 5:00,0
2022/10/21 5:15,0
2022/10/21 5:30,0
2022/10/21 5:45,0
2022/10/21 6:00,0
2022/10/21 6:15,0
2022/10/21 6:30,0
2022/10/21 6:45,0
2022/10/21 7:00,0
2022/10/21 7:15,0
2022/10/21 7:30,0
2022/10/21 7:45,0
2022/10/21 8:00,0
2022/10/21 8:15,0
2022/10/21 8:30,0
2022/10/21 8:45,0.014309501
2022/10/21 9:00,0.021645436
2022/10/21 9:15,0.030461248
2022/10/21 9:30,0.054987581
2022/10/21 9:45,0.099699768
2022/10/21 10:00,0.113401686
2022/10/21 10:15,0.136782159
2022/10/21 10:30,0.169992659
2022/10/21 10:45,0.192193051
2022/10/21 11:00,0.194786376
2022/10/21 11:15,0.20035415
2022/10/21 11:30,0.300573057
2022/10/21 11:45,0.362403106
2022/10/21 12:00,0.41904057
2022/10/21 12:15,0.449959368
2022/10/21 12:30,0.4497279
2022/10/21 12:45,0.532354147
2022/10/21 13:00,0.549595295
2022/10/21 13:15,0.554331809
2022/10/21 13:30,0.511889033
2022/10/21 13:45,0.562061164
2022/10/21 14:00,0.559283151
2022/10/21 14:15,0.499172384
2022/10/21 14:30,0.458170693
2022/10/21 14:45,0.474096473
2022/10/21 15:00,0.478960064
2022/10/21 15:15,0.45059308
2022/10/21 15:30,0.418423341
2022/10/21 15:45,0.31517598
2022/10/21 16:00,0.270652155
2022/10/21 16:15,0.221760973
2022/10/21 16:30,0.203178417
2022/10/21 16:45,0.170098095
2022/10/21 17:00,0.171858675
2022/10/21 17:15,0.137404239
2022/10/21 17:30,0.124925921
2022/10/21 17:45,0
2022/10/21 18:00,0
2022/10/21 18:15,0
2022/10/21 18:30,0
2022/10/21 18:45,0
2022/10/21 19:00,0
2022/10/21 19:15,0
2022/10/21 19:30,0
2022/10/21 19:45,0
2022/10/21 20:00,0
2022/10/21 20:15,0
2022/10/21 20:30,0
2022/10/21 20:45,0
2022/10/21 21:00,0
2022/10/21 21:15,0
2022/10/21 21:30,0
2022/10/21 21:45,0
2022/10/21 22:00,0
2022/10/21 22:15,0
2022/10/21 22:30,0
2022/10/21 22:45,0
2022/10/21 23:00,0
2022/10/21 23:15,0
2022/10/21 23:30,0
2022/10/21 23:45,0
2022/10/22 0:00,0
2022/10/22 0:15,0
2022/10/22 0:30,0
2022/10/22 0:45,0
2022/10/22 1:00,0
2022/10/22 1:15,0
2022/10/22 1:30,0
2022/10/22 1:45,0
2022/10/22 2:00,0
2022/10/22 2:15,0
2022/10/22 2:30,0
2022/10/22 2:45,0
2022/10/22 3:00,0
2022/10/22 3:15,0
2022/10/22 3:30,0
2022/10/22 3:45,0
2022/10/22 4:00,0
2022/10/22 4:15,0
2022/10/22 4:30,0
2022/10/22 4:45,0
2022/10/22 5:00,0
2022/10/22 5:15,0
2022/10/22 5:30,0
2022/10/22 5:45,0
2022/10/22 6:00,0
2022/10/22 6:15,0
2022/10/22 6:30,0
2022/10/22 6:45,0
2022/10/22 7:00,0
2022/10/22 7:15,0
2022/10/22 7:30,0
2022/10/22 7:45,0
2022/10/22 8:00,0
2022/10/22 8:15,0
2022/10/22 8:30,0
2022/10/22 8:45,0.012906325
2022/10/22 9:00,0.020761738
2022/10/22 9:15,0.031339823
2022/10/22 9:30,0.054409865
2022/10/22 9:45,0.094440162
2022/10/22 10:00,0.108583879
2022/10/22 10:15,0.129395358
2022/10/22 10:30,0.157841906
2022/10/22 10:45,0.181920145
2022/10/22 11:00,0.186139475
2022/10/22 11:15,0.197401139
2022/10/22 11:30,0.288455504
2022/10/22 11:45,0.35201936
2022/10/22 12:00,0.420409107
2022/10/22 12:15,0.451438908
2022/10/22 12:30,0.462545771
2022/10/22 12:45,0.50435975
2022/10/22 13:00,0.50413679
2022/10/22 13:15,0.51792469
2022/10/22 13:30,0.48615764
2022/10/22 13:45,0.58042476
2022/10/22 14:00,0.588441128
2022/10/22 14:15,0.509210412
2022/10/22 14:30,0.438092427
2022/10/22 14:45,0.441456822
2022/10/22 15:00,0.438347525
2022/10/22 15:15,0.40360019
2022/10/22 15:30,0.398252646
2022/10/22 15:45,0.310037251
2022/10/22 16:00,0.256345726
2022/10/22 16:15,0.211813896
2022/10/22 16:30,0.203349132
2022/10/22 16:45,0.167301302
2022/10/22 17:00,0.164238836
2022/10/22 17:15,0.130077715
2022/10/22 17:30,0.120724218
2022/10/22 17:45,0
2022/10/22 18:00,0
2022/10/22 18:15,0
2022/10/22 18:30,0
2022/10/22 18:45,0
2022/10/22 19:00,0
2022/10/22 19:15,0
2022/10/22 19:30,0
2022/10/22 19:45,0
2022/10/22 20:00,0
2022/10/22 20:15,0
2022/10/22 20:30,0
2022/10/22 20:45,0
2022/10/22 21:00,0
2022/10/22 21:15,0
2022/10/22 21:30,0
2022/10/22 21:45,0
2022/10/22 22:00,0
2022/10/22 22:15,0
2022/10/22 22:30,0
2022/10/22 22:45,0
2022/10/22 23:00,0
2022/10/22 23:15,0
2022/10/22 23:30,0
2022/10/22 23:45,0
2022/10/23 0:00,0
2022/10/23 0:15,0
2022/10/23 0:30,0
2022/10/23 0:45,0
2022/10/23 1:00,0
2022/10/23 1:15,0
2022/10/23 1:30,0
2022/10/23 1:45,0
2022/10/23 2:00,0
2022/10/23 2:15,0
2022/10/23 2:30,0
2022/10/23 2:45,0
2022/10/23 3:00,0
2022/10/23 3:15,0
2022/10/23 3:30,0
2022/10/23 3:45,0
2022/10/23 4:00,0
2022/10/23 4:15,0
2022/10/23 4:30,0
2022/10/23 4:45,0
2022/10/23 5:00,0
2022/10/23 5:15,0
2022/10/23 5:30,0
2022/10/23 5:45,0
2022/10/23 6:00,0
2022/10/23 6:15,0
2022/10/23 6:30,0
2022/10/23 6:45,0
2022/10/23 7:00,0
2022/10/23 7:15,0
2022/10/23 7:30,0
2022/10/23 7:45,0
2022/10/23 8:00,0
2022/10/23 8:15,0
2022/10/23 8:30,0
2022/10/23 8:45,0.015585035
2022/10/23 9:00,0.024863165
2022/10/23 9:15,0.036532777
2022/10/23 9:30,0.065804152
2022/10/23 9:45,0.114056735
2022/10/23 10:00,0.131996868
2022/10/23 10:15,0.162573405
2022/10/23 10:30,0.188435565
2022/10/23 10:45,0.217776047
2022/10/23 11:00,0.235197859
2022/10/23 11:15,0.24446822
2022/10/23 11:30,0.348480715
2022/10/23 11:45,0.424398065
2022/10/23 12:00,0.491251479
2022/10/23 12:15,0.520019306
2022/10/23 12:30,0.545996945
2022/10/23 12:45,0.606436914
2022/10/23 13:00,0.603944687
2022/10/23 13:15,0.628549579
2022/10/23 13:30,0.586299083
2022/10/23 13:45,0.675652929
2022/10/23 14:00,0.680719158
2022/10/23 14:15,0.596474897
2022/10/23 14:30,0.539438743
2022/10/23 14:45,0.549543597
2022/10/23 15:00,0.529917229
2022/10/23 15:15,0.498988963
2022/10/23 15:30,0.492741963
2022/10/23 15:45,0.365994191
2022/10/23 16:00,0.310133959
2022/10/23 16:15,0.260512706
2022/10/23 16:30,0.23907953
2022/10/23 16:45,0.198641032
2022/10/23 17:00,0.199820787
2022/10/23 17:15,0.159083092
2022/10/23 17:30,0.144686067
2022/10/23 17:45,0
2022/10/23 18:00,0
2022/10/23 18:15,0
2022/10/23 18:30,0
2022/10/23 18:45,0
2022/10/23 19:00,0
2022/10/23 19:15,0
2022/10/23 19:30,0
2022/10/23 19:45,0
2022/10/23 20:00,0
2022/10/23 20:15,0
2022/10/23 20:30,0
2022/10/23 20:45,0
2022/10/23 21:00,0
2022/10/23 21:15,0
2022/10/23 21:30,0
2022/10/23 21:45,0
2022/10/23 22:00,0
2022/10/23 22:15,0
2022/10/23 22:30,0
2022/10/23 22:45,0
2022/10/23 23:00,0
2022/10/23 23:15,0
2022/10/23 23:30,0
2022/10/23 23:45,0
2022/10/24 0:00,0
2022/10/24 0:15,0
2022/10/24 0:30,0
2022/10/24 0:45,0
2022/10/24 1:00,0
2022/10/24 1:15,0
2022/10/24 1:30,0
2022/10/24 1:45,0
2022/10/24 2:00,0
2022/10/24 2:15,0
2022/10/24 2:30,0
2022/10/24 2:45,0
2022/10/24 3:00,0
2022/10/24 3:15,0
2022/10/24 3:30,0
2022/10/24 3:45,0
2022/10/24 4:00,0
2022/10/24 4:15,0
2022/10/24 4:30,0
2022/10/24 4:45,0
2022/10/24 5:00,0
2022/10/24 5:15,0
2022/10/24 5:30,0
2022/10/24 5:45,0
2022/10/24 6:00,0
2022/10/24 6:15,0
2022/10/24 6:30,0
2022/10/24 6:45,0
2022/10/24 7:00,0
2022/10/24 7:15,0
2022/10/24 7:30,0
2022/10/24 7:45,0
2022/10/24 8:00,0
2022/10/24 8:15,0
2022/10/24 8:30,0
2022/10/24 8:45,0.015492852
2022/10/24 9:00,0.024165966
2022/10/24 9:15,0.035368293
2022/10/24 9:30,0.063546835
2022/10/24 9:45,0.109236074
2022/10/24 10:00,0.134698672
2022/10/24 10:15,0.16373792
2022/10/24 10:30,0.19267287
2022/10/24 10:45,0.215598893
2022/10/24 11:00,0.22277002
2022/10/24 11:15,0.239763863
2022/10/24 11:30,0.334894644
2022/10/24 11:45,0.410960635
2022/10/24 12:00,0.475088855
2022/10/24 12:15,0.505135019
2022/10/24 12:30,0.53409873
2022/10/24 12:45,0.603539716
2022/10/24 13:00,0.590943691
2022/10/24 13:15,0.579698462
2022/10/24 13:30,0.561117776
2022/10/24 13:45,0.667258523
2022/10/24 14:00,0.671532011
2022/10/24 14:15,0.573911165
2022/10/24 14:30,0.511159127
2022/10/24 14:45,0.511804407
2022/10/24 15:00,0.513686338
2022/10/24 15:15,0.495342699
2022/10/24 15:30,0.462337025
2022/10/24 15:45,0.35699158
2022/10/24 16:00,0.309658131
2022/10/24 16:15,0.246747656
2022/10/24 16:30,0.230017163
2022/10/24 16:45,0.195660836
2022/10/24 17:00,0.190069612
2022/10/24 17:15,0.149088382
2022/10/24 17:30,0.13784914
2022/10/24 17:45,0
2022/10/24 18:00,0
2022/10/24 18:15,0
2022/10/24 18:30,0
2022/10/24 18:45,0
2022/10/24 19:00,0
2022/10/24 19:15,0
2022/10/24 19:30,0
2022/10/24 19:45,0
2022/10/24 20:00,0
2022/10/24 20:15,0
2022/10/24 20:30,0
2022/10/24 20:45,0
2022/10/24 21:00,0
2022/10/24 21:15,0
2022/10/24 21:30,0
2022/10/24 21:45,0
2022/10/24 22:00,0
2022/10/24 22:15,0
2022/10/24 22:30,0
2022/10/24 22:45,0
2022/10/24 23:00,0
2022/10/24 23:15,0
2022/10/24 23:30,0
2022/10/24 23:45,0
2022/10/25 0:00,0
2022/10/25 0:15,0
2022/10/25 0:30,0
2022/10/25 0:45,0
2022/10/25 1:00,0
2022/10/25 1:15,0
2022/10/25 1:30,0
2022/10/25 1:45,0
2022/10/25 2:00,0
2022/10/25 2:15,0
2022/10/25 2:30,0
2022/10/25 2:45,0
2022/10/25 3:00,0
2022/10/25 3:15,0
2022/10/25 3:30,0
2022/10/25 3:45,0
2022/10/25 4:00,0
2022/10/25 4:15,0
2022/10/25 4:30,0
2022/10/25 4:45,0
2022/10/25 5:00,0
2022/10/25 5:15,0
2022/10/25 5:30,0
2022/10/25 5:45,0
2022/10/25 6:00,0
2022/10/25 6:15,0
2022/10/25 6:30,0
2022/10/25 6:45,0
2022/10/25 7:00,0
2022/10/25 7:15,0
2022/10/25 7:30,0
2022/10/25 7:45,0
2022/10/25 8:00,0
2022/10/25 8:15,0
2022/10/25 8:30,0
2022/10/25 8:45,0.014206678
2022/10/25 9:00,0.021817051
2022/10/25 9:15,0.032860398
2022/10/25 9:30,0.064123224
2022/10/25 9:45,0.111095159
2022/10/25 10:00,0.115114339
2022/10/25 10:15,0.141334506
2022/10/25 10:30,0.170834286
2022/10/25 10:45,0.180330167
2022/10/25 11:00,0.180768501
2022/10/25 11:15,0.20130293
2022/10/25 11:30,0.303710263
2022/10/25 11:45,0.37348675
2022/10/25 12:00,0.427899438
2022/10/25 12:15,0.447455966
2022/10/25 12:30,0.475393116
2022/10/25 12:45,0.545060087
2022/10/25 13:00,0.539904584
2022/10/25 13:15,0.559005047
2022/10/25 13:30,0.519423504
2022/10/25 13:45,0.610990173
2022/10/25 14:00,0.667601864
2022/10/25 14:15,0.53790764
2022/10/25 14:30,0.456158175
2022/10/25 14:45,0.494651054
2022/10/25 15:00,0.502403061
2022/10/25 15:15,0.476080873
2022/10/25 15:30,0.448568605
2022/10/25 15:45,0.321098807
2022/10/25 16:00,0.263476532
2022/10/25 16:15,0.233135605
2022/10/25 16:30,0.217617451
2022/10/25 16:45,0.170686243
2022/10/25 17:00,0.179969082
2022/10/25 17:15,0.148293295
2022/10/25 17:30,0.129746893
2022/10/25 17:45,0
2022/10/25 18:00,0
2022/10/25 18:15,0
2022/10/25 18:30,0
2022/10/25 18:45,0
2022/10/25 19:00,0
2022/10/25 19:15,0
2022/10/25 19:30,0
2022/10/25 19:45,0
2022/10/25 20:00,0
2022/10/25 20:15,0
2022/10/25 20:30,0
2022/10/25 20:45,0
2022/10/25 21:00,0
2022/10/25 21:15,0
2022/10/25 21:30,0
2022/10/25 21:45,0
2022/10/25 22:00,0
2022/10/25 22:15,0
2022/10/25 22:30,0
2022/10/25 22:45,0
2022/10/25 23:00,0
2022/10/25 23:15,0
2022/10/25 23:30,0
2022/10/25 23:45,0
2022/10/26 0:00,0
2022/10/26 0:15,0
2022/10/26 0:30,0
2022/10/26 0:45,0
2022/10/26 1:00,0
2022/10/26 1:15,0
2022/10/26 1:30,0
2022/10/26 1:45,0
2022/10/26 2:00,0
2022/10/26 2:15,0
2022/10/26 2:30,0
2022/10/26 2:45,0
2022/10/26 3:00,0
2022/10/26 3:15,0
2022/10/26 3:30,0
2022/10/26 3:45,0
2022/10/26 4:00,0
2022/10/26 4:15,0
2022/10/26 4:30,0
2022/10/26 4:45,0
2022/10/26 5:00,0
2022/10/26 5:15,0
2022/10/26 5:30,0
2022/10/26 5:45,0
2022/10/26 6:00,0
2022/10/26 6:15,0
2022/10/26 6:30,0
2022/10/26 6:45,0
2022/10/26 7:00,0
2022/10/26 7:15,0
2022/10/26 7:30,0
2022/10/26 7:45,0
2022/10/26 8:00,0
2022/10/26 8:15,0
2022/10/26 8:30,0
2022/10/26 8:45,0.014328798
2022/10/26 9:00,0.021742013
2022/10/26 9:15,0.031247329
2022/10/26 9:30,0.05885788
2022/10/26 9:45,0.104959007
2022/10/26 10:00,0.112758333
2022/10/26 10:15,0.138442068
2022/10/26 10:30,0.171978722
2022/10/26 10:45,0.199496583
2022/10/26 11:00,0.207525314
2022/10/26 11:15,0.214046992
2022/10/26 11:30,0.316279891
2022/10/26 11:45,0.38481614
2022/10/26 12:00,0.453866918
2022/10/26 12:15,0.455111129
2022/10/26 12:30,0.451885855
2022/10/26 12:45,0.534757372
2022/10/26 13:00,0.580397965
2022/10/26 13:15,0.563390044
2022/10/26 13:30,0.514635437
2022/10/26 13:45,0.616245284
2022/10/26 14:00,0.613749605
2022/10/26 14:15,0.564489407
2022/10/26 14:30,0.47352014
2022/10/26 14:45,0.458109565
2022/10/26 15:00,0.467311985
2022/10/26 15:15,0.426919867
2022/10/26 15:30,0.411975519
2022/10/26 15:45,0.313431201
2022/10/26 16:00,0.247721908
2022/10/26 16:15,0.201528467
2022/10/26 16:30,0.194409274
2022/10/26 16:45,0.16910332
2022/10/26 17:00,0.169325763
2022/10/26 17:15,0.131314184
2022/10/26 17:30,0.126755988
2022/10/26 17:45,0
2022/10/26 18:00,0
2022/10/26 18:15,0
2022/10/26 18:30,0
2022/10/26 18:45,0
2022/10/26 19:00,0
2022/10/26 19:15,0
2022/10/26 19:30,0
2022/10/26 19:45,0
2022/10/26 20:00,0
2022/10/26 20:15,0
2022/10/26 20:30,0
2022/10/26 20:45,0
2022/10/26 21:00,0
2022/10/26 21:15,0
2022/10/26 21:30,0
2022/10/26 21:45,0
2022/10/26 22:00,0
2022/10/26 22:15,0
2022/10/26 22:30,0
2022/10/26 22:45,0
2022/10/26 23:00,0
2022/10/26 23:15,0
2022/10/26 23:30,0
2022/10/26 23:45,0
2022/10/27 0:00,0
2022/10/27 0:15,0
2022/10/27 0:30,0
2022/10/27 0:45,0
2022/10/27 1:00,0
2022/10/27 1:15,0
2022/10/27 1:30,0
2022/10/27 1:45,0
2022/10/27 2:00,0
2022/10/27 2:15,0
2022/10/27 2:30,0
2022/10/27 2:45,0
2022/10/27 3:00,0
2022/10/27 3:15,0
2022/10/27 3:30,0
2022/10/27 3:45,0
2022/10/27 4:00,0
2022/10/27 4:15,0
2022/10/27 4:30,0
2022/10/27 4:45,0
2022/10/27 5:00,0
2022/10/27 5:15,0
2022/10/27 5:30,0
2022/10/27 5:45,0
2022/10/27 6:00,0
2022/10/27 6:15,0
2022/10/27 6:30,0
2022/10/27 6:45,0
2022/10/27 7:00,0
2022/10/27 7:15,0
2022/10/27 7:30,0
2022/10/27 7:45,0
2022/10/27 8:00,0
2022/10/27 8:15,0
2022/10/27 8:30,0
2022/10/27 8:45,0.015313949
2022/10/27 9:00,0.024451384
2022/10/27 9:15,0.037422749
2022/10/27 9:30,0.068105678
2022/10/27 9:45,0.115808512
2022/10/27 10:00,0.131437659
2022/10/27 10:15,0.159525262
2022/10/27 10:30,0.193429509
2022/10/27 10:45,0.219366457
2022/10/27 11:00,0.225790203
2022/10/27 11:15,0.231851958
2022/10/27 11:30,0.340653365
2022/10/27 11:45,0.431369312
2022/10/27 12:00,0.48597568
2022/10/27 12:15,0.50971901
2022/10/27 12:30,0.532887885
2022/10/27 12:45,0.607722016
2022/10/27 13:00,0.613029104
2022/10/27 13:15,0.604597359
2022/10/27 13:30,0.558082667
2022/10/27 13:45,0.690790264
2022/10/27 14:00,0.721944049
2022/10/27 14:15,0.607533924
2022/10/27 14:30,0.546442231
2022/10/27 14:45,0.537361135
2022/10/27 15:00,0.527438529
2022/10/27 15:15,0.505346497
2022/10/27 15:30,0.483437432
2022/10/27 15:45,0.368408221
2022/10/27 16:00,0.30888174
2022/10/27 16:15,0.260625527
2022/10/27 16:30,0.237738399
2022/10/27 16:45,0.187387886
2022/10/27 17:00,0.193810008
2022/10/27 17:15,0.15848735
2022/10/27 17:30,0.143959007
2022/10/27 17:45,0
2022/10/27 18:00,0
2022/10/27 18:15,0
2022/10/27 18:30,0
2022/10/27 18:45,0
2022/10/27 19:00,0
2022/10/27 19:15,0
2022/10/27 19:30,0
2022/10/27 19:45,0
2022/10/27 20:00,0
2022/10/27 20:15,0
2022/10/27 20:30,0
2022/10/27 20:45,0
2022/10/27 21:00,0
2022/10/27 21:15,0
2022/10/27 21:30,0
2022/10/27 21:45,0
2022/10/27 22:00,0
2022/10/27 22:15,0
2022/10/27 22:30,0
2022/10/27 22:45,0
2022/10/27 23:00,0
2022/10/27 23:15,0
2022/10/27 23:30,0
2022/10/27 23:45,0
2022/10/28 0:00,0
2022/10/28 0:15,0
2022/10/28 0:30,0
2022/10/28 0:45,0
2022/10/28 1:00,0
2022/10/28 1:15,0
2022/10/28 1:30,0
2022/10/28 1:45,0
2022/10/28 2:00,0
2022/10/28 2:15,0
2022/10/28 2:30,0
2022/10/28 2:45,0
2022/10/28 3:00,0
2022/10/28 3:15,0
2022/10/28 3:30,0
2022/10/28 3:45,0
2022/10/28 4:00,0
2022/10/28 4:15,0
2022/10/28 4:30,0
2022/10/28 4:45,0
2022/10/28 5:00,0
2022/10/28 5:15,0
2022/10/28 5:30,0
2022/10/28 5:45,0
2022/10/28 6:00,0
2022/10/28 6:15,0
2022/10/28 6:30,0
2022/10/28 6:45,0
2022/10/28 7:00,0
2022/10/28 7:15,0
2022/10/28 7:30,0
2022/10/28 7:45,0
2022/10/28 8:00,0
2022/10/28 8:15,0
2022/10/28 8:30,0
2022/10/28 8:45,0.014974432
2022/10/28 9:00,0.022106452
2022/10/28 9:15,0.033310772
2022/10/28 9:30,0.061160131
2022/10/28 9:45,0.106570489
2022/10/28 10:00,0.122770183
2022/10/28 10:15,0.137668972
2022/10/28 10:30,0.166053096
2022/10/28 10:45,0.204622299
2022/10/28 11:00,0.219039343
2022/10/28 11:15,0.230943351
2022/10/28 11:30,0.322298834
2022/10/28 11:45,0.371695872
2022/10/28 12:00,0.450752869
2022/10/28 12:15,0.512638071
2022/10/28 12:30,0.523958442
2022/10/28 12:45,0.528799806
2022/10/28 13:00,0.518350187
2022/10/28 13:15,0.569993515
2022/10/28 13:30,0.546730184
2022/10/28 13:45,0.617791953
2022/10/28 14:00,0.627518488
2022/10/28 14:15,0.571914326
2022/10/28 14:30,0.520627833
2022/10/28 14:45,0.520745175
2022/10/28 15:00,0.527793448
2022/10/28 15:15,0.482637146
2022/10/28 15:30,0.447134369
2022/10/28 15:45,0.345548851
2022/10/28 16:00,0.288152724
2022/10/28 16:15,0.238983837
2022/10/28 16:30,0.213785638
2022/10/28 16:45,0.183707748
2022/10/28 17:00,0.188153783
2022/10/28 17:15,0.145114281
2022/10/28 17:30,0.133913955
2022/10/28 17:45,0
2022/10/28 18:00,0
2022/10/28 18:15,0
2022/10/28 18:30,0
2022/10/28 18:45,0
2022/10/28 19:00,0
2022/10/28 19:15,0
2022/10/28 19:30,0
2022/10/28 19:45,0
2022/10/28 20:00,0
2022/10/28 20:15,0
2022/10/28 20:30,0
2022/10/28 20:45,0
2022/10/28 21:00,0
2022/10/28 21:15,0
2022/10/28 21:30,0
2022/10/28 21:45,0
2022/10/28 22:00,0
2022/10/28 22:15,0
2022/10/28 22:30,0
2022/10/28 22:45,0
2022/10/28 23:00,0
2022/10/28 23:15,0
2022/10/28 23:30,0
2022/10/28 23:45,0
2022/10/29 0:00,0
2022/10/29 0:15,0
2022/10/29 0:30,0
2022/10/29 0:45,0
2022/10/29 1:00,0
2022/10/29 1:15,0
2022/10/29 1:30,0
2022/10/29 1:45,0
2022/10/29 2:00,0
2022/10/29 2:15,0
2022/10/29 2:30,0
2022/10/29 2:45,0
2022/10/29 3:00,0
2022/10/29 3:15,0
2022/10/29 3:30,0
2022/10/29 3:45,0
2022/10/29 4:00,0
2022/10/29 4:15,0
2022/10/29 4:30,0
2022/10/29 4:45,0
2022/10/29 5:00,0
2022/10/29 5:15,0
2022/10/29 5:30,0
2022/10/29 5:45,0
2022/10/29 6:00,0
2022/10/29 6:15,0
2022/10/29 6:30,0
2022/10/29 6:45,0
2022/10/29 7:00,0
2022/10/29 7:15,0
2022/10/29 7:30,0
2022/10/29 7:45,0
2022/10/29 8:00,0
2022/10/29 8:15,0
2022/10/29 8:30,0
2022/10/29 8:45,0.01448938
2022/10/29 9:00,0.022591403
2022/10/29 9:15,0.035930596
2022/10/29 9:30,0.06395285
2022/10/29 9:45,0.10500046
2022/10/29 10:00,0.117515302
2022/10/29 10:15,0.146976713
2022/10/29 10:30,0.184006566
2022/10/29 10:45,0.204394742
2022/10/29 11:00,0.213988444
2022/10/29 11:15,0.222064198
2022/10/29 11:30,0.313085421
2022/10/29 11:45,0.387566652
2022/10/29 12:00,0.436819605
2022/10/29 12:15,0.470805859
2022/10/29 12:30,0.503687215
2022/10/29 12:45,0.569308444
2022/10/29 13:00,0.580757432
2022/10/29 13:15,0.55870382
2022/10/29 13:30,0.506756005
2022/10/29 13:45,0.609145077
2022/10/29 14:00,0.635149095
2022/10/29 14:15,0.569017431
2022/10/29 14:30,0.486478396
2022/10/29 14:45,0.486621691
2022/10/29 15:00,0.501567862
2022/10/29 15:15,0.455827926
2022/10/29 15:30,0.425699762
2022/10/29 15:45,0.341489076
2022/10/29 16:00,0.284727646
2022/10/29 16:15,0.222560023
2022/10/29 16:30,0.217191277
2022/10/29 16:45,0.189086199
2022/10/29 17:00,0.181499425
2022/10/29 17:15,0.135501881
2022/10/29 17:30,0.130351837
2022/10/29 17:45,0
2022/10/29 18:00,0
2022/10/29 18:15,0
2022/10/29 18:30,0
2022/10/29 18:45,0
2022/10/29 19:00,0
2022/10/29 19:15,0
2022/10/29 19:30,0
2022/10/29 19:45,0
2022/10/29 20:00,0
2022/10/29 20:15,0
2022/10/29 20:30,0
2022/10/29 20:45,0
2022/10/29 21:00,0
2022/10/29 21:15,0
2022/10/29 21:30,0
2022/10/29 21:45,0
2022/10/29 22:00,0
2022/10/29 22:15,0
2022/10/29 22:30,0
2022/10/29 22:45,0
2022/10/29 23:00,0
2022/10/29 23:15,0
2022/10/29 23:30,0
2022/10/29 23:45,0
2022/10/30 0:00,0
2022/10/30 0:15,0
2022/10/30 0:30,0
2022/10/30 0:45,0
2022/10/30 1:00,0
2022/10/30 1:15,0
2022/10/30 1:30,0
2022/10/30 1:45,0
2022/10/30 2:00,0
2022/10/30 2:15,0
2022/10/30 2:30,0
2022/10/30 2:45,0
2022/10/30 3:00,0
2022/10/30 3:15,0
2022/10/30 3:30,0
2022/10/30 3:45,0
2022/10/30 4:00,0
2022/10/30 4:15,0
2022/10/30 4:30,0
2022/10/30 4:45,0
2022/10/30 5:00,0
2022/10/30 5:15,0
2022/10/30 5:30,0
2022/10/30 5:45,0
2022/10/30 6:00,0
2022/10/30 6:15,0
2022/10/30 6:30,0
2022/10/30 6:45,0
2022/10/30 7:00,0
2022/10/30 7:15,0
2022/10/30 7:30,0
2022/10/30 7:45,0
2022/10/30 8:00,0
2022/10/30 8:15,0
2022/10/30 8:30,0
2022/10/30 8:45,0.015199697
2022/10/30 9:00,0.022324887
2022/10/30 9:15,0.030273361
2022/10/30 9:30,0.057895264
2022/10/30 9:45,0.10710881
2022/10/30 10:00,0.12053206
2022/10/30 10:15,0.137445041
2022/10/30 10:30,0.167571077
2022/10/30 10:45,0.199836297
2022/10/30 11:00,0.206653719
2022/10/30 11:15,0.205761951
2022/10/30 11:30,0.305131008
2022/10/30 11:45,0.388662878
2022/10/30 12:00,0.433989448
2022/10/30 12:15,0.44840919
2022/10/30 12:30,0.452066218
2022/10/30 12:45,0.490410437
2022/10/30 13:00,0.489993272
2022/10/30 13:15,0.525513069
2022/10/30 13:30,0.486426201
2022/10/30 13:45,0.577212337
2022/10/30 14:00,0.637596311
2022/10/30 14:15,0.552173667
2022/10/30 14:30,0.499665767
2022/10/30 14:45,0.484790522
2022/10/30 15:00,0.453216621
2022/10/30 15:15,0.43508081
2022/10/30 15:30,0.430673951
2022/10/30 15:45,0.3176376
2022/10/30 16:00,0.262773615
2022/10/30 16:15,0.22070012
2022/10/30 16:30,0.201100415
2022/10/30 16:45,0.173245012
2022/10/30 17:00,0.178666818
2022/10/30 17:15,0.142245115
2022/10/30 17:30,0.129552195
2022/10/30 17:45,0
2022/10/30 18:00,0
2022/10/30 18:15,0
2022/10/30 18:30,0
2022/10/30 18:45,0
2022/10/30 19:00,0
2022/10/30 19:15,0
2022/10/30 19:30,0
2022/10/30 19:45,0
2022/10/30 20:00,0
2022/10/30 20:15,0
2022/10/30 20:30,0
2022/10/30 20:45,0
2022/10/30 21:00,0
2022/10/30 21:15,0
2022/10/30 21:30,0
2022/10/30 21:45,0
2022/10/30 22:00,0
2022/10/30 22:15,0
2022/10/30 22:30,0
2022/10/30 22:45,0
2022/10/30 23:00,0
2022/10/30 23:15,0
2022/10/30 23:30,0
2022/10/30 23:45,0
2022/10/31 0:00,0
2022/10/31 0:15,0
2022/10/31 0:30,0
2022/10/31 0:45,0
2022/10/31 1:00,0
2022/10/31 1:15,0
2022/10/31 1:30,0
2022/10/31 1:45,0
2022/10/31 2:00,0
2022/10/31 2:15,0
2022/10/31 2:30,0
2022/10/31 2:45,0
2022/10/31 3:00,0
2022/10/31 3:15,0
2022/10/31 3:30,0
2022/10/31 3:45,0
2022/10/31 4:00,0
2022/10/31 4:15,0
2022/10/31 4:30,0
2022/10/31 4:45,0
2022/10/31 5:00,0
2022/10/31 5:15,0
2022/10/31 5:30,0
2022/10/31 5:45,0
2022/10/31 6:00,0
2022/10/31 6:15,0
2022/10/31 6:30,0
2022/10/31 6:45,0
2022/10/31 7:00,0
2022/10/31 7:15,0
2022/10/31 7:30,0
2022/10/31 7:45,0
2022/10/31 8:00,0
2022/10/31 8:15,0
2022/10/31 8:30,0
2022/10/31 8:45,0.01566451
2022/10/31 9:00,0.025051334
2022/10/31 9:15,0.037189227
2022/10/31 9:30,0.066818941
2022/10/31 9:45,0.116400468
2022/10/31 10:00,0.135792864
2022/10/31 10:15,0.164698832
2022/10/31 10:30,0.192655577
2022/10/31 10:45,0.220901927
2022/10/31 11:00,0.231436189
2022/10/31 11:15,0.242746822
2022/10/31 11:30,0.350576316
2022/10/31 11:45,0.437229769
2022/10/31 12:00,0.509081662
2022/10/31 12:15,0.540990482
2022/10/31 12:30,0.563714081
2022/10/31 12:45,0.635370946
2022/10/31 13:00,0.626838673
2022/10/31 13:15,0.632618247
2022/10/31 13:30,0.610075502
2022/10/31 13:45,0.697704704
2022/10/31 14:00,0.712024405
2022/10/31 14:15,0.617141208
2022/10/31 14:30,0.514435942
2022/10/31 14:45,0.525757427
2022/10/31 15:00,0.53058137
2022/10/31 15:15,0.49434129
2022/10/31 15:30,0.485683401
2022/10/31 15:45,0.370783432
2022/10/31 16:00,0.307881306
2022/10/31 16:15,0.251938294
2022/10/31 16:30,0.235759766
2022/10/31 16:45,0.199186581
2022/10/31 17:00,0.20828497
2022/10/31 17:15,0.168621327
2022/10/31 17:30,0.15251219
2022/10/31 17:45,0
2022/10/31 18:00,0
2022/10/31 18:15,0
2022/10/31 18:30,0
2022/10/31 18:45,0
2022/10/31 19:00,0
2022/10/31 19:15,0
2022/10/31 19:30,0
2022/10/31 19:45,0
2022/10/31 20:00,0
2022/10/31 20:15,0
2022/10/31 20:30,0
2022/10/31 20:45,0
2022/10/31 21:00,0
2022/10/31 21:15,0
2022/10/31 21:30,0
2022/10/31 21:45,0
2022/10/31 22:00,0
2022/10/31 22:15,0
2022/10/31 22:30,0
2022/10/31 22:45,0
2022/10/31 23:00,0
2022/10/31 23:15,0
2022/10/31 23:30,0
2022/10/31 23:45,0
2022/11/1 0:00,0
2022/11/1 0:15,0
2022/11/1 0:30,0
2022/11/1 0:45,0
2022/11/1 1:00,0
2022/11/1 1:15,0
2022/11/1 1:30,0
2022/11/1 1:45,0
2022/11/1 2:00,0
2022/11/1 2:15,0
2022/11/1 2:30,0
2022/11/1 2:45,0
2022/11/1 3:00,0
2022/11/1 3:15,0
2022/11/1 3:30,0
2022/11/1 3:45,0
2022/11/1 4:00,0
2022/11/1 4:15,0
2022/11/1 4:30,0
2022/11/1 4:45,0
2022/11/1 5:00,0
2022/11/1 5:15,0
2022/11/1 5:30,0
2022/11/1 5:45,0
2022/11/1 6:00,0
2022/11/1 6:15,0
2022/11/1 6:30,0
2022/11/1 6:45,0
2022/11/1 7:00,0
2022/11/1 7:15,0
2022/11/1 7:30,0
2022/11/1 7:45,0
2022/11/1 8:00,0
2022/11/1 8:15,0
2022/11/1 8:30,0
2022/11/1 8:45,0.010629741
2022/11/1 9:00,0.017825531
2022/11/1 9:15,0.030559104
2022/11/1 9:30,0.026292045
2022/11/1 9:45,0.030266044
2022/11/1 10:00,0.044173464
2022/11/1 10:15,0.045011232
2022/11/1 10:30,0.055633807
2022/11/1 10:45,0.065845054
2022/11/1 11:00,0.065086073
2022/11/1 11:15,0.077229272
2022/11/1 11:30,0.068010978
2022/11/1 11:45,0.068083916
2022/11/1 12:00,0.07063555
2022/11/1 12:15,0.064348201
2022/11/1 12:30,0.060845593
2022/11/1 12:45,0.05545702
2022/11/1 13:00,0.047482672
2022/11/1 13:15,0.035818594
2022/11/1 13:30,0.031192583
2022/11/1 13:45,0.024551154
2022/11/1 14:00,0.014802588
2022/11/1 14:15,0.011307609
2022/11/1 14:30,0.010447956
2022/11/1 14:45,0.007843253
2022/11/1 15:00,0.007770877
2022/11/1 15:15,0.007560383
2022/11/1 15:30,0.005002872
2022/11/1 15:45,0
2022/11/1 16:00,0
2022/11/1 16:15,0
2022/11/1 16:30,0
2022/11/1 16:45,0
2022/11/1 17:00,0
2022/11/1 17:15,0
2022/11/1 17:30,0
2022/11/1 17:45,0
2022/11/1 18:00,0
2022/11/1 18:15,0
2022/11/1 18:30,0
2022/11/1 18:45,0
2022/11/1 19:00,0
2022/11/1 19:15,0
2022/11/1 19:30,0
2022/11/1 19:45,0
2022/11/1 20:00,0
2022/11/1 20:15,0
2022/11/1 20:30,0
2022/11/1 20:45,0
2022/11/1 21:00,0
2022/11/1 21:15,0
2022/11/1 21:30,0
2022/11/1 21:45,0
2022/11/1 22:00,0
2022/11/1 22:15,0
2022/11/1 22:30,0
2022/11/1 22:45,0
2022/11/1 23:00,0
2022/11/1 23:15,0
2022/11/1 23:30,0
2022/11/1 23:45,0
2022/11/2 0:00,0
2022/11/2 0:15,0
2022/11/2 0:30,0
2022/11/2 0:45,0
2022/11/2 1:00,0
2022/11/2 1:15,0
2022/11/2 1:30,0
2022/11/2 1:45,0
2022/11/2 2:00,0
2022/11/2 2:15,0
2022/11/2 2:30,0
2022/11/2 2:45,0
2022/11/2 3:00,0
2022/11/2 3:15,0
2022/11/2 3:30,0
2022/11/2 3:45,0
2022/11/2 4:00,0
2022/11/2 4:15,0
2022/11/2 4:30,0
2022/11/2 4:45,0
2022/11/2 5:00,0
2022/11/2 5:15,0
2022/11/2 5:30,0
2022/11/2 5:45,0
2022/11/2 6:00,0
2022/11/2 6:15,0
2022/11/2 6:30,0
2022/11/2 6:45,0
2022/11/2 7:00,0
2022/11/2 7:15,0
2022/11/2 7:30,0
2022/11/2 7:45,0
2022/11/2 8:00,0
2022/11/2 8:15,0
2022/11/2 8:30,0
2022/11/2 8:45,0.111335398
2022/11/2 9:00,0.177389198
2022/11/2 9:15,0.299471914
2022/11/2 9:30,0.276184596
2022/11/2 9:45,0.321379333
2022/11/2 10:00,0.496931178
2022/11/2 10:15,0.487554438
2022/11/2 10:30,0.54395922
2022/11/2 10:45,0.712381531
2022/11/2 11:00,0.635601162
2022/11/2 11:15,0.755916981
2022/11/2 11:30,0.735841262
2022/11/2 11:45,0.63631219
2022/11/2 12:00,0.731404619
2022/11/2 12:15,0.614138379
2022/11/2 12:30,0.593267299
2022/11/2 12:45,0.507754862
2022/11/2 13:00,0.469255681
2022/11/2 13:15,0.342354904
2022/11/2 13:30,0.330517269
2022/11/2 13:45,0.260148302
2022/11/2 14:00,0.162518801
2022/11/2 14:15,0.12373
2022/11/2 14:30,0.098334961
2022/11/2 14:45,0.083473854
2022/11/2 15:00,0.076514511
2022/11/2 15:15,0.0744315
2022/11/2 15:30,0.048390084
2022/11/2 15:45,0
2022/11/2 16:00,0
2022/11/2 16:15,0
2022/11/2 16:30,0
2022/11/2 16:45,0
2022/11/2 17:00,0
2022/11/2 17:15,0
2022/11/2 17:30,0
2022/11/2 17:45,0
2022/11/2 18:00,0
2022/11/2 18:15,0
2022/11/2 18:30,0
2022/11/2 18:45,0
2022/11/2 19:00,0
2022/11/2 19:15,0
2022/11/2 19:30,0
2022/11/2 19:45,0
2022/11/2 20:00,0
2022/11/2 20:15,0
2022/11/2 20:30,0
2022/11/2 20:45,0
2022/11/2 21:00,0
2022/11/2 21:15,0
2022/11/2 21:30,0
2022/11/2 21:45,0
2022/11/2 22:00,0
2022/11/2 22:15,0
2022/11/2 22:30,0
2022/11/2 22:45,0
2022/11/2 23:00,0
2022/11/2 23:15,0
2022/11/2 23:30,0
2022/11/2 23:45,0
2022/11/3 0:00,0
2022/11/3 0:15,0
2022/11/3 0:30,0
2022/11/3 0:45,0
2022/11/3 1:00,0
2022/11/3 1:15,0
2022/11/3 1:30,0
2022/11/3 1:45,0
2022/11/3 2:00,0
2022/11/3 2:15,0
2022/11/3 2:30,0
2022/11/3 2:45,0
2022/11/3 3:00,0
2022/11/3 3:15,0
2022/11/3 3:30,0
2022/11/3 3:45,0
2022/11/3 4:00,0
2022/11/3 4:15,0
2022/11/3 4:30,0
2022/11/3 4:45,0
2022/11/3 5:00,0
2022/11/3 5:15,0
2022/11/3 5:30,0
2022/11/3 5:45,0
2022/11/3 6:00,0
2022/11/3 6:15,0
2022/11/3 6:30,0
2022/11/3 6:45,0
2022/11/3 7:00,0
2022/11/3 7:15,0
2022/11/3 7:30,0
2022/11/3 7:45,0
2022/11/3 8:00,0
2022/11/3 8:15,0
2022/11/3 8:30,0
2022/11/3 8:45,0.010464884
2022/11/3 9:00,0.017579261
2022/11/3 9:15,0.03014619
2022/11/3 9:30,0.025699684
2022/11/3 9:45,0.029973941
2022/11/3 10:00,0.043646342
2022/11/3 10:15,0.042569146
2022/11/3 10:30,0.054534509
2022/11/3 10:45,0.06646654
2022/11/3 11:00,0.064615408
2022/11/3 11:15,0.075499942
2022/11/3 11:30,0.065758159
2022/11/3 11:45,0.065990386
2022/11/3 12:00,0.069999414
2022/11/3 12:15,0.062893877
2022/11/3 12:30,0.060333723
2022/11/3 12:45,0.053104198
2022/11/3 13:00,0.047146269
2022/11/3 13:15,0.035472689
2022/11/3 13:30,0.030892501
2022/11/3 13:45,0.024462973
2022/11/3 14:00,0.01474892
2022/11/3 14:15,0.010984858
2022/11/3 14:30,0.0104381
2022/11/3 14:45,0.007857463
2022/11/3 15:00,0.007618376
2022/11/3 15:15,0.007373025
2022/11/3 15:30,0.004806447
2022/11/3 15:45,0
2022/11/3 16:00,0
2022/11/3 16:15,0
2022/11/3 16:30,0
2022/11/3 16:45,0
2022/11/3 17:00,0
2022/11/3 17:15,0
2022/11/3 17:30,0
2022/11/3 17:45,0
2022/11/3 18:00,0
2022/11/3 18:15,0
2022/11/3 18:30,0
2022/11/3 18:45,0
2022/11/3 19:00,0
2022/11/3 19:15,0
2022/11/3 19:30,0
2022/11/3 19:45,0
2022/11/3 20:00,0
2022/11/3 20:15,0
2022/11/3 20:30,0
2022/11/3 20:45,0
2022/11/3 21:00,0
2022/11/3 21:15,0
2022/11/3 21:30,0
2022/11/3 21:45,0
2022/11/3 22:00,0
2022/11/3 22:15,0
2022/11/3 22:30,0
2022/11/3 22:45,0
2022/11/3 23:00,0
2022/11/3 23:15,0
2022/11/3 23:30,0
2022/11/3 23:45,0
2022/11/4 0:00,0
2022/11/4 0:15,0
2022/11/4 0:30,0
2022/11/4 0:45,0
2022/11/4 1:00,0
2022/11/4 1:15,0
2022/11/4 1:30,0
2022/11/4 1:45,0
2022/11/4 2:00,0
2022/11/4 2:15,0
2022/11/4 2:30,0
2022/11/4 2:45,0
2022/11/4 3:00,0
2022/11/4 3:15,0
2022/11/4 3:30,0
2022/11/4 3:45,0
2022/11/4 4:00,0
2022/11/4 4:15,0
2022/11/4 4:30,0
2022/11/4 4:45,0
2022/11/4 5:00,0
2022/11/4 5:15,0
2022/11/4 5:30,0
2022/11/4 5:45,0
2022/11/4 6:00,0
2022/11/4 6:15,0
2022/11/4 6:30,0
2022/11/4 6:45,0
2022/11/4 7:00,0
2022/11/4 7:15,0
2022/11/4 7:30,0
2022/11/4 7:45,0
2022/11/4 8:00,0
2022/11/4 8:15,0
2022/11/4 8:30,0
2022/11/4 8:45,0.044399196
2022/11/4 9:00,0.077745181
2022/11/4 9:15,0.126408534
2022/11/4 9:30,0.113707344
2022/11/4 9:45,0.123481826
2022/11/4 10:00,0.18711367
2022/11/4 10:15,0.180781569
2022/11/4 10:30,0.227330503
2022/11/4 10:45,0.281987647
2022/11/4 11:00,0.271735447
2022/11/4 11:15,0.32779311
2022/11/4 11:30,0.270228368
2022/11/4 11:45,0.281851245
2022/11/4 12:00,0.292028031
2022/11/4 12:15,0.278632598
2022/11/4 12:30,0.249589042
2022/11/4 12:45,0.220706445
2022/11/4 13:00,0.191214042
2022/11/4 13:15,0.148149722
2022/11/4 13:30,0.136813818
2022/11/4 13:45,0.101746371
2022/11/4 14:00,0.064306533
2022/11/4 14:15,0.045805859
2022/11/4 14:30,0.044824223
2022/11/4 14:45,0.0333093
2022/11/4 15:00,0.033654228
2022/11/4 15:15,0.031789141
2022/11/4 15:30,0.021169544
2022/11/4 15:45,0
2022/11/4 16:00,0
2022/11/4 16:15,0
2022/11/4 16:30,0
2022/11/4 16:45,0
2022/11/4 17:00,0
2022/11/4 17:15,0
2022/11/4 17:30,0
2022/11/4 17:45,0
2022/11/4 18:00,0
2022/11/4 18:15,0
2022/11/4 18:30,0
2022/11/4 18:45,0
2022/11/4 19:00,0
2022/11/4 19:15,0
2022/11/4 19:30,0
2022/11/4 19:45,0
2022/11/4 20:00,0
2022/11/4 20:15,0
2022/11/4 20:30,0
2022/11/4 20:45,0
2022/11/4 21:00,0
2022/11/4 21:15,0
2022/11/4 21:30,0
2022/11/4 21:45,0
2022/11/4 22:00,0
2022/11/4 22:15,0
2022/11/4 22:30,0
2022/11/4 22:45,0
2022/11/4 23:00,0
2022/11/4 23:15,0
2022/11/4 23:30,0
2022/11/4 23:45,0
2022/11/5 0:00,0
2022/11/5 0:15,0
2022/11/5 0:30,0
2022/11/5 0:45,0
2022/11/5 1:00,0
2022/11/5 1:15,0
2022/11/5 1:30,0
2022/11/5 1:45,0
2022/11/5 2:00,0
2022/11/5 2:15,0
2022/11/5 2:30,0
2022/11/5 2:45,0
2022/11/5 3:00,0
2022/11/5 3:15,0
2022/11/5 3:30,0
2022/11/5 3:45,0
2022/11/5 4:00,0
2022/11/5 4:15,0
2022/11/5 4:30,0
2022/11/5 4:45,0
2022/11/5 5:00,0
2022/11/5 5:15,0
2022/11/5 5:30,0
2022/11/5 5:45,0
2022/11/5 6:00,0
2022/11/5 6:15,0
2022/11/5 6:30,0
2022/11/5 6:45,0
2022/11/5 7:00,0
2022/11/5 7:15,0
2022/11/5 7:30,0
2022/11/5 7:45,0
2022/11/5 8:00,0
2022/11/5 8:15,0
2022/11/5 8:30,0
2022/11/5 8:45,0.036188874
2022/11/5 9:00,0.060272263
2022/11/5 9:15,0.107392813
2022/11/5 9:30,0.085399981
2022/11/5 9:45,0.105153031
2022/11/5 10:00,0.156203512
2022/11/5 10:15,0.148746299
2022/11/5 10:30,0.182621701
2022/11/5 10:45,0.219421774
2022/11/5 11:00,0.230938401
2022/11/5 11:15,0.278681469
2022/11/5 11:30,0.241487621
2022/11/5 11:45,0.234542259
2022/11/5 12:00,0.229269854
2022/11/5 12:15,0.22686105
2022/11/5 12:30,0.206349413
2022/11/5 12:45,0.183749137
2022/11/5 13:00,0.166516248
2022/11/5 13:15,0.123686349
2022/11/5 13:30,0.108721755
2022/11/5 13:45,0.082874982
2022/11/5 14:00,0.051978622
2022/11/5 14:15,0.03796421
2022/11/5 14:30,0.034414699
2022/11/5 14:45,0.02733348
2022/11/5 15:00,0.026072786
2022/11/5 15:15,0.025684455
2022/11/5 15:30,0.016889425
2022/11/5 15:45,0
2022/11/5 16:00,0
2022/11/5 16:15,0
2022/11/5 16:30,0
2022/11/5 16:45,0
2022/11/5 17:00,0
2022/11/5 17:15,0
2022/11/5 17:30,0
2022/11/5 17:45,0
2022/11/5 18:00,0
2022/11/5 18:15,0
2022/11/5 18:30,0
2022/11/5 18:45,0
2022/11/5 19:00,0
2022/11/5 19:15,0
2022/11/5 19:30,0
2022/11/5 19:45,0
2022/11/5 20:00,0
2022/11/5 20:15,0
2022/11/5 20:30,0
2022/11/5 20:45,0
2022/11/5 21:00,0
2022/11/5 21:15,0
2022/11/5 21:30,0
2022/11/5 21:45,0
2022/11/5 22:00,0
2022/11/5 22:15,0
2022/11/5 22:30,0
2022/11/5 22:45,0
2022/11/5 23:00,0
2022/11/5 23:15,0
2022/11/5 23:30,0
2022/11/5 23:45,0
2022/11/6 0:00,0
2022/11/6 0:15,0
2022/11/6 0:30,0
2022/11/6 0:45,0
2022/11/6 1:00,0
2022/11/6 1:15,0
2022/11/6 1:30,0
2022/11/6 1:45,0
2022/11/6 2:00,0
2022/11/6 2:15,0
2022/11/6 2:30,0
2022/11/6 2:45,0
2022/11/6 3:00,0
2022/11/6 3:15,0
2022/11/6 3:30,0
2022/11/6 3:45,0
2022/11/6 4:00,0
2022/11/6 4:15,0
2022/11/6 4:30,0
2022/11/6 4:45,0
2022/11/6 5:00,0
2022/11/6 5:15,0
2022/11/6 5:30,0
2022/11/6 5:45,0
2022/11/6 6:00,0
2022/11/6 6:15,0
2022/11/6 6:30,0
2022/11/6 6:45,0
2022/11/6 7:00,0
2022/11/6 7:15,0
2022/11/6 7:30,0
2022/11/6 7:45,0
2022/11/6 8:00,0
2022/11/6 8:15,0
2022/11/6 8:30,0
2022/11/6 8:45,0.110327868
2022/11/6 9:00,0.184391023
2022/11/6 9:15,0.271184034
2022/11/6 9:30,0.232068935
2022/11/6 9:45,0.309934502
2022/11/6 10:00,0.490312067
2022/11/6 10:15,0.442668975
2022/11/6 10:30,0.508646821
2022/11/6 10:45,0.661102867
2022/11/6 11:00,0.679248765
2022/11/6 11:15,0.765552714
2022/11/6 11:30,0.722726385
2022/11/6 11:45,0.733721932
2022/11/6 12:00,0.710759311
2022/11/6 12:15,0.632200982
2022/11/6 12:30,0.574170255
2022/11/6 12:45,0.557281998
2022/11/6 13:00,0.469462132
2022/11/6 13:15,0.35245666
2022/11/6 13:30,0.345069276
2022/11/6 13:45,0.253081667
2022/11/6 14:00,0.147804767
2022/11/6 14:15,0.120195904
2022/11/6 14:30,0.105664729
2022/11/6 14:45,0.081798911
2022/11/6 15:00,0.074193382
2022/11/6 15:15,0.077809581
2022/11/6 15:30,0.045626858
2022/11/6 15:45,0
2022/11/6 16:00,0
2022/11/6 16:15,0
2022/11/6 16:30,0
2022/11/6 16:45,0
2022/11/6 17:00,0
2022/11/6 17:15,0
2022/11/6 17:30,0
2022/11/6 17:45,0
2022/11/6 18:00,0
2022/11/6 18:15,0
2022/11/6 18:30,0
2022/11/6 18:45,0
2022/11/6 19:00,0
2022/11/6 19:15,0
2022/11/6 19:30,0
2022/11/6 19:45,0
2022/11/6 20:00,0
2022/11/6 20:15,0
2022/11/6 20:30,0
2022/11/6 20:45,0
2022/11/6 21:00,0
2022/11/6 21:15,0
2022/11/6 21:30,0
2022/11/6 21:45,0
2022/11/6 22:00,0
2022/11/6 22:15,0
2022/11/6 22:30,0
2022/11/6 22:45,0
2022/11/6 23:00,0
2022/11/6 23:15,0
2022/11/6 23:30,0
2022/11/6 23:45,0
2022/11/7 0:00,0
2022/11/7 0:15,0
2022/11/7 0:30,0
2022/11/7 0:45,0
2022/11/7 1:00,0
2022/11/7 1:15,0
2022/11/7 1:30,0
2022/11/7 1:45,0
2022/11/7 2:00,0
2022/11/7 2:15,0
2022/11/7 2:30,0
2022/11/7 2:45,0
2022/11/7 3:00,0
2022/11/7 3:15,0
2022/11/7 3:30,0
2022/11/7 3:45,0
2022/11/7 4:00,0
2022/11/7 4:15,0
2022/11/7 4:30,0
2022/11/7 4:45,0
2022/11/7 5:00,0
2022/11/7 5:15,0
2022/11/7 5:30,0
2022/11/7 5:45,0
2022/11/7 6:00,0
2022/11/7 6:15,0
2022/11/7 6:30,0
2022/11/7 6:45,0
2022/11/7 7:00,0
2022/11/7 7:15,0
2022/11/7 7:30,0
2022/11/7 7:45,0
2022/11/7 8:00,0
2022/11/7 8:15,0
2022/11/7 8:30,0
2022/11/7 8:45,0.092792229
2022/11/7 9:00,0.150199368
2022/11/7 9:15,0.313660029
2022/11/7 9:30,0.23893871
2022/11/7 9:45,0.294639122
2022/11/7 10:00,0.411281174
2022/11/7 10:15,0.437323473
2022/11/7 10:30,0.523780755
2022/11/7 10:45,0.584226002
2022/11/7 11:00,0.578880243
2022/11/7 11:15,0.706479848
2022/11/7 11:30,0.684153313
2022/11/7 11:45,0.605586732
2022/11/7 12:00,0.702493458
2022/11/7 12:15,0.6083942
2022/11/7 12:30,0.603936566
2022/11/7 12:45,0.51910564
2022/11/7 13:00,0.466299086
2022/11/7 13:15,0.35493924
2022/11/7 13:30,0.316024083
2022/11/7 13:45,0.212204104
2022/11/7 14:00,0.145671736
2022/11/7 14:15,0.108450969
2022/11/7 14:30,0.097467524
2022/11/7 14:45,0.077366744
2022/11/7 15:00,0.073693928
2022/11/7 15:15,0.069307729
2022/11/7 15:30,0.045611808
2022/11/7 15:45,0
2022/11/7 16:00,0
2022/11/7 16:15,0
2022/11/7 16:30,0
2022/11/7 16:45,0
2022/11/7 17:00,0
2022/11/7 17:15,0
2022/11/7 17:30,0
2022/11/7 17:45,0
2022/11/7 18:00,0
2022/11/7 18:15,0
2022/11/7 18:30,0
2022/11/7 18:45,0
2022/11/7 19:00,0
2022/11/7 19:15,0
2022/11/7 19:30,0
2022/11/7 19:45,0
2022/11/7 20:00,0
2022/11/7 20:15,0
2022/11/7 20:30,0
2022/11/7 20:45,0
2022/11/7 21:00,0
2022/11/7 21:15,0
2022/11/7 21:30,0
2022/11/7 21:45,0
2022/11/7 22:00,0
2022/11/7 22:15,0
2022/11/7 22:30,0
2022/11/7 22:45,0
2022/11/7 23:00,0
2022/11/7 23:15,0
2022/11/7 23:30,0
2022/11/7 23:45,0
2022/11/8 0:00,0
2022/11/8 0:15,0
2022/11/8 0:30,0
2022/11/8 0:45,0
2022/11/8 1:00,0
2022/11/8 1:15,0
2022/11/8 1:30,0
2022/11/8 1:45,0
2022/11/8 2:00,0
2022/11/8 2:15,0
2022/11/8 2:30,0
2022/11/8 2:45,0
2022/11/8 3:00,0
2022/11/8 3:15,0
2022/11/8 3:30,0
2022/11/8 3:45,0
2022/11/8 4:00,0
2022/11/8 4:15,0
2022/11/8 4:30,0
2022/11/8 4:45,0
2022/11/8 5:00,0
2022/11/8 5:15,0
2022/11/8 5:30,0
2022/11/8 5:45,0
2022/11/8 6:00,0
2022/11/8 6:15,0
2022/11/8 6:30,0
2022/11/8 6:45,0
2022/11/8 7:00,0
2022/11/8 7:15,0
2022/11/8 7:30,0
2022/11/8 7:45,0
2022/11/8 8:00,0
2022/11/8 8:15,0
2022/11/8 8:30,0
2022/11/8 8:45,0.1039083
2022/11/8 9:00,0.178987125
2022/11/8 9:15,0.321637836
2022/11/8 9:30,0.272883338
2022/11/8 9:45,0.324825386
2022/11/8 10:00,0.450560292
2022/11/8 10:15,0.462319317
2022/11/8 10:30,0.561990719
2022/11/8 10:45,0.700117406
2022/11/8 11:00,0.699969996
2022/11/8 11:15,0.829075663
2022/11/8 11:30,0.703726645
2022/11/8 11:45,0.708273866
2022/11/8 12:00,0.721099281
2022/11/8 12:15,0.654378081
2022/11/8 12:30,0.635093861
2022/11/8 12:45,0.558460033
2022/11/8 13:00,0.464987872
2022/11/8 13:15,0.374239162
2022/11/8 13:30,0.329364111
2022/11/8 13:45,0.23084614
2022/11/8 14:00,0.160782121
2022/11/8 14:15,0.109238014
2022/11/8 14:30,0.106205646
2022/11/8 14:45,0.080833563
2022/11/8 15:00,0.081028622
2022/11/8 15:15,0.075716251
2022/11/8 15:30,0.052063534
2022/11/8 15:45,0
2022/11/8 16:00,0
2022/11/8 16:15,0
2022/11/8 16:30,0
2022/11/8 16:45,0
2022/11/8 17:00,0
2022/11/8 17:15,0
2022/11/8 17:30,0
2022/11/8 17:45,0
2022/11/8 18:00,0
2022/11/8 18:15,0
2022/11/8 18:30,0
2022/11/8 18:45,0
2022/11/8 19:00,0
2022/11/8 19:15,0
2022/11/8 19:30,0
2022/11/8 19:45,0
2022/11/8 20:00,0
2022/11/8 20:15,0
2022/11/8 20:30,0
2022/11/8 20:45,0
2022/11/8 21:00,0
2022/11/8 21:15,0
2022/11/8 21:30,0
2022/11/8 21:45,0
2022/11/8 22:00,0
2022/11/8 22:15,0
2022/11/8 22:30,0
2022/11/8 22:45,0
2022/11/8 23:00,0
2022/11/8 23:15,0
2022/11/8 23:30,0
2022/11/8 23:45,0
2022/11/9 0:00,0
2022/11/9 0:15,0
2022/11/9 0:30,0
2022/11/9 0:45,0
2022/11/9 1:00,0
2022/11/9 1:15,0
2022/11/9 1:30,0
2022/11/9 1:45,0
2022/11/9 2:00,0
2022/11/9 2:15,0
2022/11/9 2:30,0
2022/11/9 2:45,0
2022/11/9 3:00,0
2022/11/9 3:15,0
2022/11/9 3:30,0
2022/11/9 3:45,0
2022/11/9 4:00,0
2022/11/9 4:15,0
2022/11/9 4:30,0
2022/11/9 4:45,0
2022/11/9 5:00,0
2022/11/9 5:15,0
2022/11/9 5:30,0
2022/11/9 5:45,0
2022/11/9 6:00,0
2022/11/9 6:15,0
2022/11/9 6:30,0
2022/11/9 6:45,0
2022/11/9 7:00,0
2022/11/9 7:15,0
2022/11/9 7:30,0
2022/11/9 7:45,0
2022/11/9 8:00,0
2022/11/9 8:15,0
2022/11/9 8:30,0
2022/11/9 8:45,0.102950257
2022/11/9 9:00,0.177110597
2022/11/9 9:15,0.334088406
2022/11/9 9:30,0.258015594
2022/11/9 9:45,0.299555596
2022/11/9 10:00,0.409944391
2022/11/9 10:15,0.434373545
2022/11/9 10:30,0.551704089
2022/11/9 10:45,0.66738821
2022/11/9 11:00,0.645767863
2022/11/9 11:15,0.816167437
2022/11/9 11:30,0.626827138
2022/11/9 11:45,0.640070447
2022/11/9 12:00,0.634502674
2022/11/9 12:15,0.575169117
2022/11/9 12:30,0.608926837
2022/11/9 12:45,0.491548745
2022/11/9 13:00,0.457248597
2022/11/9 13:15,0.361277442
2022/11/9 13:30,0.316004219
2022/11/9 13:45,0.25389597
2022/11/9 14:00,0.141101703
2022/11/9 14:15,0.09849247
2022/11/9 14:30,0.096339165
2022/11/9 14:45,0.075772847
2022/11/9 15:00,0.078959745
2022/11/9 15:15,0.076013573
2022/11/9 15:30,0.049927174
2022/11/9 15:45,0
2022/11/9 16:00,0
2022/11/9 16:15,0
2022/11/9 16:30,0
2022/11/9 16:45,0
2022/11/9 17:00,0
2022/11/9 17:15,0
2022/11/9 17:30,0
2022/11/9 17:45,0
2022/11/9 18:00,0
2022/11/9 18:15,0
2022/11/9 18:30,0
2022/11/9 18:45,0
2022/11/9 19:00,0
2022/11/9 19:15,0
2022/11/9 19:30,0
2022/11/9 19:45,0
2022/11/9 20:00,0
2022/11/9 20:15,0
2022/11/9 20:30,0
2022/11/9 20:45,0
2022/11/9 21:00,0
2022/11/9 21:15,0
2022/11/9 21:30,0
2022/11/9 21:45,0
2022/11/9 22:00,0
2022/11/9 22:15,0
2022/11/9 22:30,0
2022/11/9 22:45,0
2022/11/9 23:00,0
2022/11/9 23:15,0
2022/11/9 23:30,0
2022/11/9 23:45,0
2022/11/10 0:00,0
2022/11/10 0:15,0
2022/11/10 0:30,0
2022/11/10 0:45,0
2022/11/10 1:00,0
2022/11/10 1:15,0
2022/11/10 1:30,0
2022/11/10 1:45,0
2022/11/10 2:00,0
2022/11/10 2:15,0
2022/11/10 2:30,0
2022/11/10 2:45,0
2022/11/10 3:00,0
2022/11/10 3:15,0
2022/11/10 3:30,0
2022/11/10 3:45,0
2022/11/10 4:00,0
2022/11/10 4:15,0
2022/11/10 4:30,0
2022/11/10 4:45,0
2022/11/10 5:00,0
2022/11/10 5:15,0
2022/11/10 5:30,0
2022/11/10 5:45,0
2022/11/10 6:00,0
2022/11/10 6:15,0
2022/11/10 6:30,0
2022/11/10 6:45,0
2022/11/10 7:00,0
2022/11/10 7:15,0
2022/11/10 7:30,0
2022/11/10 7:45,0
2022/11/10 8:00,0
2022/11/10 8:15,0
2022/11/10 8:30,0
2022/11/10 8:45,0.105673061
2022/11/10 9:00,0.175780728
2022/11/10 9:15,0.317438542
2022/11/10 9:30,0.273708971
2022/11/10 9:45,0.29770875
2022/11/10 10:00,0.463889155
2022/11/10 10:15,0.446375941
2022/11/10 10:30,0.622392477
2022/11/10 10:45,0.668939454
2022/11/10 11:00,0.643849112
2022/11/10 11:15,0.799638905
2022/11/10 11:30,0.730556268
2022/11/10 11:45,0.616636436
2022/11/10 12:00,0.720999255
2022/11/10 12:15,0.68475019
2022/11/10 12:30,0.592866827
2022/11/10 12:45,0.545346327
2022/11/10 13:00,0.550591165
2022/11/10 13:15,0.354734844
2022/11/10 13:30,0.327190284
2022/11/10 13:45,0.246022011
2022/11/10 14:00,0.149470566
2022/11/10 14:15,0.106587298
2022/11/10 14:30,0.110719477
2022/11/10 14:45,0.077316227
2022/11/10 15:00,0.079515237
2022/11/10 15:15,0.073897073
2022/11/10 15:30,0.051995721
2022/11/10 15:45,0
2022/11/10 16:00,0
2022/11/10 16:15,0
2022/11/10 16:30,0
2022/11/10 16:45,0
2022/11/10 17:00,0
2022/11/10 17:15,0
2022/11/10 17:30,0
2022/11/10 17:45,0
2022/11/10 18:00,0
2022/11/10 18:15,0
2022/11/10 18:30,0
2022/11/10 18:45,0
2022/11/10 19:00,0
2022/11/10 19:15,0
2022/11/10 19:30,0
2022/11/10 19:45,0
2022/11/10 20:00,0
2022/11/10 20:15,0
2022/11/10 20:30,0
2022/11/10 20:45,0
2022/11/10 21:00,0
2022/11/10 21:15,0
2022/11/10 21:30,0
2022/11/10 21:45,0
2022/11/10 22:00,0
2022/11/10 22:15,0
2022/11/10 22:30,0
2022/11/10 22:45,0
2022/11/10 23:00,0
2022/11/10 23:15,0
2022/11/10 23:30,0
2022/11/10 23:45,0
2022/11/11 0:00,0
2022/11/11 0:15,0
2022/11/11 0:30,0
2022/11/11 0:45,0
2022/11/11 1:00,0
2022/11/11 1:15,0
2022/11/11 1:30,0
2022/11/11 1:45,0
2022/11/11 2:00,0
2022/11/11 2:15,0
2022/11/11 2:30,0
2022/11/11 2:45,0
2022/11/11 3:00,0
2022/11/11 3:15,0
2022/11/11 3:30,0
2022/11/11 3:45,0
2022/11/11 4:00,0
2022/11/11 4:15,0
2022/11/11 4:30,0
2022/11/11 4:45,0
2022/11/11 5:00,0
2022/11/11 5:15,0
2022/11/11 5:30,0
2022/11/11 5:45,0
2022/11/11 6:00,0
2022/11/11 6:15,0
2022/11/11 6:30,0
2022/11/11 6:45,0
2022/11/11 7:00,0
2022/11/11 7:15,0
2022/11/11 7:30,0
2022/11/11 7:45,0
2022/11/11 8:00,0
2022/11/11 8:15,0
2022/11/11 8:30,0
2022/11/11 8:45,0.103602103
2022/11/11 9:00,0.176846593
2022/11/11 9:15,0.298704335
2022/11/11 9:30,0.260644684
2022/11/11 9:45,0.300167662
2022/11/11 10:00,0.429526114
2022/11/11 10:15,0.443390888
2022/11/11 10:30,0.536527771
2022/11/11 10:45,0.65921669
2022/11/11 11:00,0.680339153
2022/11/11 11:15,0.788401938
2022/11/11 11:30,0.700172435
2022/11/11 11:45,0.677843646
2022/11/11 12:00,0.74016818
2022/11/11 12:15,0.666780925
2022/11/11 12:30,0.635364514
2022/11/11 12:45,0.555221417
2022/11/11 13:00,0.491080465
2022/11/11 13:15,0.354961137
2022/11/11 13:30,0.30744293
2022/11/11 13:45,0.248761972
2022/11/11 14:00,0.146012081
2022/11/11 14:15,0.10846877
2022/11/11 14:30,0.107900918
2022/11/11 14:45,0.07594082
2022/11/11 15:00,0.074983929
2022/11/11 15:15,0.077437892
2022/11/11 15:30,0.048890108
2022/11/11 15:45,0
2022/11/11 16:00,0
2022/11/11 16:15,0
2022/11/11 16:30,0
2022/11/11 16:45,0
2022/11/11 17:00,0
2022/11/11 17:15,0
2022/11/11 17:30,0
2022/11/11 17:45,0
2022/11/11 18:00,0
2022/11/11 18:15,0
2022/11/11 18:30,0
2022/11/11 18:45,0
2022/11/11 19:00,0
2022/11/11 19:15,0
2022/11/11 19:30,0
2022/11/11 19:45,0
2022/11/11 20:00,0
2022/11/11 20:15,0
2022/11/11 20:30,0
2022/11/11 20:45,0
2022/11/11 21:00,0
2022/11/11 21:15,0
2022/11/11 21:30,0
2022/11/11 21:45,0
2022/11/11 22:00,0
2022/11/11 22:15,0
2022/11/11 22:30,0
2022/11/11 22:45,0
2022/11/11 23:00,0
2022/11/11 23:15,0
2022/11/11 23:30,0
2022/11/11 23:45,0
2022/11/12 0:00,0
2022/11/12 0:15,0
2022/11/12 0:30,0
2022/11/12 0:45,0
2022/11/12 1:00,0
2022/11/12 1:15,0
2022/11/12 1:30,0
2022/11/12 1:45,0
2022/11/12 2:00,0
2022/11/12 2:15,0
2022/11/12 2:30,0
2022/11/12 2:45,0
2022/11/12 3:00,0
2022/11/12 3:15,0
2022/11/12 3:30,0
2022/11/12 3:45,0
2022/11/12 4:00,0
2022/11/12 4:15,0
2022/11/12 4:30,0
2022/11/12 4:45,0
2022/11/12 5:00,0
2022/11/12 5:15,0
2022/11/12 5:30,0
2022/11/12 5:45,0
2022/11/12 6:00,0
2022/11/12 6:15,0
2022/11/12 6:30,0
2022/11/12 6:45,0
2022/11/12 7:00,0
2022/11/12 7:15,0
2022/11/12 7:30,0
2022/11/12 7:45,0
2022/11/12 8:00,0
2022/11/12 8:15,0
2022/11/12 8:30,0
2022/11/12 8:45,0.098845333
2022/11/12 9:00,0.162128636
2022/11/12 9:15,0.270651724
2022/11/12 9:30,0.216376371
2022/11/12 9:45,0.298756747
2022/11/12 10:00,0.435925209
2022/11/12 10:15,0.405288599
2022/11/12 10:30,0.488718255
2022/11/12 10:45,0.562752782
2022/11/12 11:00,0.607245197
2022/11/12 11:15,0.760613471
2022/11/12 11:30,0.687224889
2022/11/12 11:45,0.678457013
2022/11/12 12:00,0.635071453
2022/11/12 12:15,0.601782501
2022/11/12 12:30,0.595323924
2022/11/12 12:45,0.529069948
2022/11/12 13:00,0.396918673
2022/11/12 13:15,0.319001342
2022/11/12 13:30,0.320839415
2022/11/12 13:45,0.215408086
2022/11/12 14:00,0.135382977
2022/11/12 14:15,0.100670623
2022/11/12 14:30,0.092665825
2022/11/12 14:45,0.07364156
2022/11/12 15:00,0.077227543
2022/11/12 15:15,0.074921911
2022/11/12 15:30,0.043581732
2022/11/12 15:45,0
2022/11/12 16:00,0
2022/11/12 16:15,0
2022/11/12 16:30,0
2022/11/12 16:45,0
2022/11/12 17:00,0
2022/11/12 17:15,0
2022/11/12 17:30,0
2022/11/12 17:45,0
2022/11/12 18:00,0
2022/11/12 18:15,0
2022/11/12 18:30,0
2022/11/12 18:45,0
2022/11/12 19:00,0
2022/11/12 19:15,0
2022/11/12 19:30,0
2022/11/12 19:45,0
2022/11/12 20:00,0
2022/11/12 20:15,0
2022/11/12 20:30,0
2022/11/12 20:45,0
2022/11/12 21:00,0
2022/11/12 21:15,0
2022/11/12 21:30,0
2022/11/12 21:45,0
2022/11/12 22:00,0
2022/11/12 22:15,0
2022/11/12 22:30,0
2022/11/12 22:45,0
2022/11/12 23:00,0
2022/11/12 23:15,0
2022/11/12 23:30,0
2022/11/12 23:45,0
2022/11/13 0:00,0
2022/11/13 0:15,0
2022/11/13 0:30,0
2022/11/13 0:45,0
2022/11/13 1:00,0
2022/11/13 1:15,0
2022/11/13 1:30,0
2022/11/13 1:45,0
2022/11/13 2:00,0
2022/11/13 2:15,0
2022/11/13 2:30,0
2022/11/13 2:45,0
2022/11/13 3:00,0
2022/11/13 3:15,0
2022/11/13 3:30,0
2022/11/13 3:45,0
2022/11/13 4:00,0
2022/11/13 4:15,0
2022/11/13 4:30,0
2022/11/13 4:45,0
2022/11/13 5:00,0
2022/11/13 5:15,0
2022/11/13 5:30,0
2022/11/13 5:45,0
2022/11/13 6:00,0
2022/11/13 6:15,0
2022/11/13 6:30,0
2022/11/13 6:45,0
2022/11/13 7:00,0
2022/11/13 7:15,0
2022/11/13 7:30,0
2022/11/13 7:45,0
2022/11/13 8:00,0
2022/11/13 8:15,0
2022/11/13 8:30,0
2022/11/13 8:45,0.043536602
2022/11/13 9:00,0.073785351
2022/11/13 9:15,0.135164146
2022/11/13 9:30,0.109616091
2022/11/13 9:45,0.12105428
2022/11/13 10:00,0.179107995
2022/11/13 10:15,0.174900467
2022/11/13 10:30,0.238276671
2022/11/13 10:45,0.279850552
2022/11/13 11:00,0.273688007
2022/11/13 11:15,0.325965582
2022/11/13 11:30,0.292334482
2022/11/13 11:45,0.270210841
2022/11/13 12:00,0.308366536
2022/11/13 12:15,0.266801462
2022/11/13 12:30,0.264805052
2022/11/13 12:45,0.213472076
2022/11/13 13:00,0.209007749
2022/11/13 13:15,0.156039332
2022/11/13 13:30,0.128834126
2022/11/13 13:45,0.09665005
2022/11/13 14:00,0.064039284
2022/11/13 14:15,0.04688201
2022/11/13 14:30,0.042809011
2022/11/13 14:45,0.031327474
2022/11/13 15:00,0.033635406
2022/11/13 15:15,0.031188865
2022/11/13 15:30,0.020639576
2022/11/13 15:45,0
2022/11/13 16:00,0
2022/11/13 16:15,0
2022/11/13 16:30,0
2022/11/13 16:45,0
2022/11/13 17:00,0
2022/11/13 17:15,0
2022/11/13 17:30,0
2022/11/13 17:45,0
2022/11/13 18:00,0
2022/11/13 18:15,0
2022/11/13 18:30,0
2022/11/13 18:45,0
2022/11/13 19:00,0
2022/11/13 19:15,0
2022/11/13 19:30,0
2022/11/13 19:45,0
2022/11/13 20:00,0
2022/11/13 20:15,0
2022/11/13 20:30,0
2022/11/13 20:45,0
2022/11/13 21:00,0
2022/11/13 21:15,0
2022/11/13 21:30,0
2022/11/13 21:45,0
2022/11/13 22:00,0
2022/11/13 22:15,0
2022/11/13 22:30,0
2022/11/13 22:45,0
2022/11/13 23:00,0
2022/11/13 23:15,0
2022/11/13 23:30,0
2022/11/13 23:45,0
2022/11/14 0:00,0
2022/11/14 0:15,0
2022/11/14 0:30,0
2022/11/14 0:45,0
2022/11/14 1:00,0
2022/11/14 1:15,0
2022/11/14 1:30,0
2022/11/14 1:45,0
2022/11/14 2:00,0
2022/11/14 2:15,0
2022/11/14 2:30,0
2022/11/14 2:45,0
2022/11/14 3:00,0
2022/11/14 3:15,0
2022/11/14 3:30,0
2022/11/14 3:45,0
2022/11/14 4:00,0
2022/11/14 4:15,0
2022/11/14 4:30,0
2022/11/14 4:45,0
2022/11/14 5:00,0
2022/11/14 5:15,0
2022/11/14 5:30,0
2022/11/14 5:45,0
2022/11/14 6:00,0
2022/11/14 6:15,0
2022/11/14 6:30,0
2022/11/14 6:45,0
2022/11/14 7:00,0
2022/11/14 7:15,0
2022/11/14 7:30,0
2022/11/14 7:45,0
2022/11/14 8:00,0
2022/11/14 8:15,0
2022/11/14 8:30,0
2022/11/14 8:45,0.104515148
2022/11/14 9:00,0.176343636
2022/11/14 9:15,0.307160405
2022/11/14 9:30,0.269055619
2022/11/14 9:45,0.303596187
2022/11/14 10:00,0.457651341
2022/11/14 10:15,0.4355723
2022/11/14 10:30,0.551355154
2022/11/14 10:45,0.681201394
2022/11/14 11:00,0.653052754
2022/11/14 11:15,0.765242201
2022/11/14 11:30,0.670231002
2022/11/14 11:45,0.671676934
2022/11/14 12:00,0.73033418
2022/11/14 12:15,0.617458432
2022/11/14 12:30,0.635963587
2022/11/14 12:45,0.542696246
2022/11/14 13:00,0.497185152
2022/11/14 13:15,0.375498998
2022/11/14 13:30,0.313488729
2022/11/14 13:45,0.230995039
2022/11/14 14:00,0.1512851
2022/11/14 14:15,0.108402753
2022/11/14 14:30,0.103595272
2022/11/14 14:45,0.079354515
2022/11/14 15:00,0.079943354
2022/11/14 15:15,0.074538959
2022/11/14 15:30,0.050304367
2022/11/14 15:45,0
2022/11/14 16:00,0
2022/11/14 16:15,0
2022/11/14 16:30,0
2022/11/14 16:45,0
2022/11/14 17:00,0
2022/11/14 17:15,0
2022/11/14 17:30,0
2022/11/14 17:45,0
2022/11/14 18:00,0
2022/11/14 18:15,0
2022/11/14 18:30,0
2022/11/14 18:45,0
2022/11/14 19:00,0
2022/11/14 19:15,0
2022/11/14 19:30,0
2022/11/14 19:45,0
2022/11/14 20:00,0
2022/11/14 20:15,0
2022/11/14 20:30,0
2022/11/14 20:45,0
2022/11/14 21:00,0
2022/11/14 21:15,0
2022/11/14 21:30,0
2022/11/14 21:45,0
2022/11/14 22:00,0
2022/11/14 22:15,0
2022/11/14 22:30,0
2022/11/14 22:45,0
2022/11/14 23:00,0
2022/11/14 23:15,0
2022/11/14 23:30,0
2022/11/14 23:45,0
2022/11/15 0:00,0
2022/11/15 0:15,0
2022/11/15 0:30,0
2022/11/15 0:45,0
2022/11/15 1:00,0
2022/11/15 1:15,0
2022/11/15 1:30,0
2022/11/15 1:45,0
2022/11/15 2:00,0
2022/11/15 2:15,0
2022/11/15 2:30,0
2022/11/15 2:45,0
2022/11/15 3:00,0
2022/11/15 3:15,0
2022/11/15 3:30,0
2022/11/15 3:45,0
2022/11/15 4:00,0
2022/11/15 4:15,0
2022/11/15 4:30,0
2022/11/15 4:45,0
2022/11/15 5:00,0
2022/11/15 5:15,0
2022/11/15 5:30,0
2022/11/15 5:45,0
2022/11/15 6:00,0
2022/11/15 6:15,0
2022/11/15 6:30,0
2022/11/15 6:45,0
2022/11/15 7:00,0
2022/11/15 7:15,0
2022/11/15 7:30,0
2022/11/15 7:45,0
2022/11/15 8:00,0
2022/11/15 8:15,0
2022/11/15 8:30,0
2022/11/15 8:45,0.094437092
2022/11/15 9:00,0.165392206
2022/11/15 9:15,0.278121951
2022/11/15 9:30,0.255993382
2022/11/15 9:45,0.282171359
2022/11/15 10:00,0.415200684
2022/11/15 10:15,0.417844156
2022/11/15 10:30,0.540500906
2022/11/15 10:45,0.617498068
2022/11/15 11:00,0.631342816
2022/11/15 11:15,0.713823078
2022/11/15 11:30,0.594595881
2022/11/15 11:45,0.555878094
2022/11/15 12:00,0.697270224
2022/11/15 12:15,0.641205157
2022/11/15 12:30,0.546489701
2022/11/15 12:45,0.53215866
2022/11/15 13:00,0.407755433
2022/11/15 13:15,0.331759806
2022/11/15 13:30,0.279560957
2022/11/15 13:45,0.224537767
2022/11/15 14:00,0.140827314
2022/11/15 14:15,0.106484518
2022/11/15 14:30,0.095695767
2022/11/15 14:45,0.073163927
2022/11/15 15:00,0.066646118
2022/11/15 15:15,0.072252226
2022/11/15 15:30,0.048186209
2022/11/15 15:45,0
2022/11/15 16:00,0
2022/11/15 16:15,0
2022/11/15 16:30,0
2022/11/15 16:45,0
2022/11/15 17:00,0
2022/11/15 17:15,0
2022/11/15 17:30,0
2022/11/15 17:45,0
2022/11/15 18:00,0
2022/11/15 18:15,0
2022/11/15 18:30,0
2022/11/15 18:45,0
2022/11/15 19:00,0
2022/11/15 19:15,0
2022/11/15 19:30,0
2022/11/15 19:45,0
2022/11/15 20:00,0
2022/11/15 20:15,0
2022/11/15 20:30,0
2022/11/15 20:45,0
2022/11/15 21:00,0
2022/11/15 21:15,0
2022/11/15 21:30,0
2022/11/15 21:45,0
2022/11/15 22:00,0
2022/11/15 22:15,0
2022/11/15 22:30,0
2022/11/15 22:45,0
2022/11/15 23:00,0
2022/11/15 23:15,0
2022/11/15 23:30,0
2022/11/15 23:45,0
2022/11/16 0:00,0
2022/11/16 0:15,0
2022/11/16 0:30,0
2022/11/16 0:45,0
2022/11/16 1:00,0
2022/11/16 1:15,0
2022/11/16 1:30,0
2022/11/16 1:45,0
2022/11/16 2:00,0
2022/11/16 2:15,0
2022/11/16 2:30,0
2022/11/16 2:45,0
2022/11/16 3:00,0
2022/11/16 3:15,0
2022/11/16 3:30,0
2022/11/16 3:45,0
2022/11/16 4:00,0
2022/11/16 4:15,0
2022/11/16 4:30,0
2022/11/16 4:45,0
2022/11/16 5:00,0
2022/11/16 5:15,0
2022/11/16 5:30,0
2022/11/16 5:45,0
2022/11/16 6:00,0
2022/11/16 6:15,0
2022/11/16 6:30,0
2022/11/16 6:45,0
2022/11/16 7:00,0
2022/11/16 7:15,0
2022/11/16 7:30,0
2022/11/16 7:45,0
2022/11/16 8:00,0
2022/11/16 8:15,0
2022/11/16 8:30,0
2022/11/16 8:45,0.098947458
2022/11/16 9:00,0.167507585
2022/11/16 9:15,0.295741939
2022/11/16 9:30,0.218776409
2022/11/16 9:45,0.273340936
2022/11/16 10:00,0.364365048
2022/11/16 10:15,0.423993307
2022/11/16 10:30,0.477978742
2022/11/16 10:45,0.642729299
2022/11/16 11:00,0.600518137
2022/11/16 11:15,0.675872521
2022/11/16 11:30,0.577703113
2022/11/16 11:45,0.625147333
2022/11/16 12:00,0.678840916
2022/11/16 12:15,0.666395654
2022/11/16 12:30,0.592634687
2022/11/16 12:45,0.498514173
2022/11/16 13:00,0.464743693
2022/11/16 13:15,0.343286852
2022/11/16 13:30,0.292651229
2022/11/16 13:45,0.243982683
2022/11/16 14:00,0.133055197
2022/11/16 14:15,0.093035217
2022/11/16 14:30,0.101624324
2022/11/16 14:45,0.074204923
2022/11/16 15:00,0.062605411
2022/11/16 15:15,0.064585815
2022/11/16 15:30,0.04671571
2022/11/16 15:45,0
2022/11/16 16:00,0
2022/11/16 16:15,0
2022/11/16 16:30,0
2022/11/16 16:45,0
2022/11/16 17:00,0
2022/11/16 17:15,0
2022/11/16 17:30,0
2022/11/16 17:45,0
2022/11/16 18:00,0
2022/11/16 18:15,0
2022/11/16 18:30,0
2022/11/16 18:45,0
2022/11/16 19:00,0
2022/11/16 19:15,0
2022/11/16 19:30,0
2022/11/16 19:45,0
2022/11/16 20:00,0
2022/11/16 20:15,0
2022/11/16 20:30,0
2022/11/16 20:45,0
2022/11/16 21:00,0
2022/11/16 21:15,0
2022/11/16 21:30,0
2022/11/16 21:45,0
2022/11/16 22:00,0
2022/11/16 22:15,0
2022/11/16 22:30,0
2022/11/16 22:45,0
2022/11/16 23:00,0
2022/11/16 23:15,0
2022/11/16 23:30,0
2022/11/16 23:45,0
2022/11/17 0:00,0
2022/11/17 0:15,0
2022/11/17 0:30,0
2022/11/17 0:45,0
2022/11/17 1:00,0
2022/11/17 1:15,0
2022/11/17 1:30,0
2022/11/17 1:45,0
2022/11/17 2:00,0
2022/11/17 2:15,0
2022/11/17 2:30,0
2022/11/17 2:45,0
2022/11/17 3:00,0
2022/11/17 3:15,0
2022/11/17 3:30,0
2022/11/17 3:45,0
2022/11/17 4:00,0
2022/11/17 4:15,0
2022/11/17 4:30,0
2022/11/17 4:45,0
2022/11/17 5:00,0
2022/11/17 5:15,0
2022/11/17 5:30,0
2022/11/17 5:45,0
2022/11/17 6:00,0
2022/11/17 6:15,0
2022/11/17 6:30,0
2022/11/17 6:45,0
2022/11/17 7:00,0
2022/11/17 7:15,0
2022/11/17 7:30,0
2022/11/17 7:45,0
2022/11/17 8:00,0
2022/11/17 8:15,0
2022/11/17 8:30,0
2022/11/17 8:45,0.099772209
2022/11/17 9:00,0.154650063
2022/11/17 9:15,0.303785135
2022/11/17 9:30,0.247302138
2022/11/17 9:45,0.307847884
2022/11/17 10:00,0.391519152
2022/11/17 10:15,0.425798212
2022/11/17 10:30,0.528184949
2022/11/17 10:45,0.701544963
2022/11/17 11:00,0.597257506
2022/11/17 11:15,0.76741701
2022/11/17 11:30,0.625927791
2022/11/17 11:45,0.613801489
2022/11/17 12:00,0.630176623
2022/11/17 12:15,0.611291622
2022/11/17 12:30,0.54058475
2022/11/17 12:45,0.489110168
2022/11/17 13:00,0.491330733
2022/11/17 13:15,0.346555468
2022/11/17 13:30,0.305631561
2022/11/17 13:45,0.229628008
2022/11/17 14:00,0.146758477
2022/11/17 14:15,0.108169958
2022/11/17 14:30,0.08876001
2022/11/17 14:45,0.07405562
2022/11/17 15:00,0.07381668
2022/11/17 15:15,0.07368287
2022/11/17 15:30,0.048716211
2022/11/17 15:45,0
2022/11/17 16:00,0
2022/11/17 16:15,0
2022/11/17 16:30,0
2022/11/17 16:45,0
2022/11/17 17:00,0
2022/11/17 17:15,0
2022/11/17 17:30,0
2022/11/17 17:45,0
2022/11/17 18:00,0
2022/11/17 18:15,0
2022/11/17 18:30,0
2022/11/17 18:45,0
2022/11/17 19:00,0
2022/11/17 19:15,0
2022/11/17 19:30,0
2022/11/17 19:45,0
2022/11/17 20:00,0
2022/11/17 20:15,0
2022/11/17 20:30,0
2022/11/17 20:45,0
2022/11/17 21:00,0
2022/11/17 21:15,0
2022/11/17 21:30,0
2022/11/17 21:45,0
2022/11/17 22:00,0
2022/11/17 22:15,0
2022/11/17 22:30,0
2022/11/17 22:45,0
2022/11/17 23:00,0
2022/11/17 23:15,0
2022/11/17 23:30,0
2022/11/17 23:45,0
2022/11/18 0:00,0
2022/11/18 0:15,0
2022/11/18 0:30,0
2022/11/18 0:45,0
2022/11/18 1:00,0
2022/11/18 1:15,0
2022/11/18 1:30,0
2022/11/18 1:45,0
2022/11/18 2:00,0
2022/11/18 2:15,0
2022/11/18 2:30,0
2022/11/18 2:45,0
2022/11/18 3:00,0
2022/11/18 3:15,0
2022/11/18 3:30,0
2022/11/18 3:45,0
2022/11/18 4:00,0
2022/11/18 4:15,0
2022/11/18 4:30,0
2022/11/18 4:45,0
2022/11/18 5:00,0
2022/11/18 5:15,0
2022/11/18 5:30,0
2022/11/18 5:45,0
2022/11/18 6:00,0
2022/11/18 6:15,0
2022/11/18 6:30,0
2022/11/18 6:45,0
2022/11/18 7:00,0
2022/11/18 7:15,0
2022/11/18 7:30,0
2022/11/18 7:45,0
2022/11/18 8:00,0
2022/11/18 8:15,0
2022/11/18 8:30,0
2022/11/18 8:45,0.110662126
2022/11/18 9:00,0.168246551
2022/11/18 9:15,0.295305472
2022/11/18 9:30,0.232655627
2022/11/18 9:45,0.306986743
2022/11/18 10:00,0.430234041
2022/11/18 10:15,0.49167945
2022/11/18 10:30,0.580702229
2022/11/18 10:45,0.672736038
2022/11/18 11:00,0.614379684
2022/11/18 11:15,0.76522838
2022/11/18 11:30,0.620645669
2022/11/18 11:45,0.598294186
2022/11/18 12:00,0.696459736
2022/11/18 12:15,0.677939964
2022/11/18 12:30,0.615085163
2022/11/18 12:45,0.551664451
2022/11/18 13:00,0.467309234
2022/11/18 13:15,0.370994032
2022/11/18 13:30,0.292197351
2022/11/18 13:45,0.248843162
2022/11/18 14:00,0.145138684
2022/11/18 14:15,0.106839033
2022/11/18 14:30,0.114976631
2022/11/18 14:45,0.071349703
2022/11/18 15:00,0.077738211
2022/11/18 15:15,0.068709066
2022/11/18 15:30,0.05515172
2022/11/18 15:45,0
2022/11/18 16:00,0
2022/11/18 16:15,0
2022/11/18 16:30,0
2022/11/18 16:45,0
2022/11/18 17:00,0
2022/11/18 17:15,0
2022/11/18 17:30,0
2022/11/18 17:45,0
2022/11/18 18:00,0
2022/11/18 18:15,0
2022/11/18 18:30,0
2022/11/18 18:45,0
2022/11/18 19:00,0
2022/11/18 19:15,0
2022/11/18 19:30,0
2022/11/18 19:45,0
2022/11/18 20:00,0
2022/11/18 20:15,0
2022/11/18 20:30,0
2022/11/18 20:45,0
2022/11/18 21:00,0
2022/11/18 21:15,0
2022/11/18 21:30,0
2022/11/18 21:45,0
2022/11/18 22:00,0
2022/11/18 22:15,0
2022/11/18 22:30,0
2022/11/18 22:45,0
2022/11/18 23:00,0
2022/11/18 23:15,0
2022/11/18 23:30,0
2022/11/18 23:45,0
2022/11/19 0:00,0
2022/11/19 0:15,0
2022/11/19 0:30,0
2022/11/19 0:45,0
2022/11/19 1:00,0
2022/11/19 1:15,0
2022/11/19 1:30,0
2022/11/19 1:45,0
2022/11/19 2:00,0
2022/11/19 2:15,0
2022/11/19 2:30,0
2022/11/19 2:45,0
2022/11/19 3:00,0
2022/11/19 3:15,0
2022/11/19 3:30,0
2022/11/19 3:45,0
2022/11/19 4:00,0
2022/11/19 4:15,0
2022/11/19 4:30,0
2022/11/19 4:45,0
2022/11/19 5:00,0
2022/11/19 5:15,0
2022/11/19 5:30,0
2022/11/19 5:45,0
2022/11/19 6:00,0
2022/11/19 6:15,0
2022/11/19 6:30,0
2022/11/19 6:45,0
2022/11/19 7:00,0
2022/11/19 7:15,0
2022/11/19 7:30,0
2022/11/19 7:45,0
2022/11/19 8:00,0
2022/11/19 8:15,0
2022/11/19 8:30,0
2022/11/19 8:45,0.106215504
2022/11/19 9:00,0.184648754
2022/11/19 9:15,0.320036143
2022/11/19 9:30,0.270382634
2022/11/19 9:45,0.326237923
2022/11/19 10:00,0.462832767
2022/11/19 10:15,0.434531711
2022/11/19 10:30,0.570892042
2022/11/19 10:45,0.708505663
2022/11/19 11:00,0.663006049
2022/11/19 11:15,0.766259459
2022/11/19 11:30,0.674398757
2022/11/19 11:45,0.724345183
2022/11/19 12:00,0.752492398
2022/11/19 12:15,0.687275406
2022/11/19 12:30,0.621578888
2022/11/19 12:45,0.551028285
2022/11/19 13:00,0.498065691
2022/11/19 13:15,0.374221801
2022/11/19 13:30,0.317628457
2022/11/19 13:45,0.249032249
2022/11/19 14:00,0.159237747
2022/11/19 14:15,0.113841985
2022/11/19 14:30,0.10825991
2022/11/19 14:45,0.077465338
2022/11/19 15:00,0.082322908
2022/11/19 15:15,0.076616035
2022/11/19 15:30,0.04776848
2022/11/19 15:45,0
2022/11/19 16:00,0
2022/11/19 16:15,0
2022/11/19 16:30,0
2022/11/19 16:45,0
2022/11/19 17:00,0
2022/11/19 17:15,0
2022/11/19 17:30,0
2022/11/19 17:45,0
2022/11/19 18:00,0
2022/11/19 18:15,0
2022/11/19 18:30,0
2022/11/19 18:45,0
2022/11/19 19:00,0
2022/11/19 19:15,0
2022/11/19 19:30,0
2022/11/19 19:45,0
2022/11/19 20:00,0
2022/11/19 20:15,0
2022/11/19 20:30,0
2022/11/19 20:45,0
2022/11/19 21:00,0
2022/11/19 21:15,0
2022/11/19 21:30,0
2022/11/19 21:45,0
2022/11/19 22:00,0
2022/11/19 22:15,0
2022/11/19 22:30,0
2022/11/19 22:45,0
2022/11/19 23:00,0
2022/11/19 23:15,0
2022/11/19 23:30,0
2022/11/19 23:45,0
2022/11/20 0:00,0
2022/11/20 0:15,0
2022/11/20 0:30,0
2022/11/20 0:45,0
2022/11/20 1:00,0
2022/11/20 1:15,0
2022/11/20 1:30,0
2022/11/20 1:45,0
2022/11/20 2:00,0
2022/11/20 2:15,0
2022/11/20 2:30,0
2022/11/20 2:45,0
2022/11/20 3:00,0
2022/11/20 3:15,0
2022/11/20 3:30,0
2022/11/20 3:45,0
2022/11/20 4:00,0
2022/11/20 4:15,0
2022/11/20 4:30,0
2022/11/20 4:45,0
2022/11/20 5:00,0
2022/11/20 5:15,0
2022/11/20 5:30,0
2022/11/20 5:45,0
2022/11/20 6:00,0
2022/11/20 6:15,0
2022/11/20 6:30,0
2022/11/20 6:45,0
2022/11/20 7:00,0
2022/11/20 7:15,0
2022/11/20 7:30,0
2022/11/20 7:45,0
2022/11/20 8:00,0
2022/11/20 8:15,0
2022/11/20 8:30,0
2022/11/20 8:45,0.104650066
2022/11/20 9:00,0.182166511
2022/11/20 9:15,0.313385182
2022/11/20 9:30,0.262423188
2022/11/20 9:45,0.298756257
2022/11/20 10:00,0.442449799
2022/11/20 10:15,0.442294498
2022/11/20 10:30,0.549487307
2022/11/20 10:45,0.628323526
2022/11/20 11:00,0.635177308
2022/11/20 11:15,0.773411323
2022/11/20 11:30,0.674817887
2022/11/20 11:45,0.685384505
2022/11/20 12:00,0.688381538
2022/11/20 12:15,0.658099572
2022/11/20 12:30,0.626899468
2022/11/20 12:45,0.561931885
2022/11/20 13:00,0.474552715
2022/11/20 13:15,0.351270419
2022/11/20 13:30,0.324537542
2022/11/20 13:45,0.244025162
2022/11/20 14:00,0.148395804
2022/11/20 14:15,0.104537418
2022/11/20 14:30,0.105253485
2022/11/20 14:45,0.07600521
2022/11/20 15:00,0.07199883
2022/11/20 15:15,0.078268644
2022/11/20 15:30,0.048778839
2022/11/20 15:45,0
2022/11/20 16:00,0
2022/11/20 16:15,0
2022/11/20 16:30,0
2022/11/20 16:45,0
2022/11/20 17:00,0
2022/11/20 17:15,0
2022/11/20 17:30,0
2022/11/20 17:45,0
2022/11/20 18:00,0
2022/11/20 18:15,0
2022/11/20 18:30,0
2022/11/20 18:45,0
2022/11/20 19:00,0
2022/11/20 19:15,0
2022/11/20 19:30,0
2022/11/20 19:45,0
2022/11/20 20:00,0
2022/11/20 20:15,0
2022/11/20 20:30,0
2022/11/20 20:45,0
2022/11/20 21:00,0
2022/11/20 21:15,0
2022/11/20 21:30,0
2022/11/20 21:45,0
2022/11/20 22:00,0
2022/11/20 22:15,0
2022/11/20 22:30,0
2022/11/20 22:45,0
2022/11/20 23:00,0
2022/11/20 23:15,0
2022/11/20 23:30,0
2022/11/20 23:45,0
2022/11/21 0:00,0
2022/11/21 0:15,0
2022/11/21 0:30,0
2022/11/21 0:45,0
2022/11/21 1:00,0
2022/11/21 1:15,0
2022/11/21 1:30,0
2022/11/21 1:45,0
2022/11/21 2:00,0
2022/11/21 2:15,0
2022/11/21 2:30,0
2022/11/21 2:45,0
2022/11/21 3:00,0
2022/11/21 3:15,0
2022/11/21 3:30,0
2022/11/21 3:45,0
2022/11/21 4:00,0
2022/11/21 4:15,0
2022/11/21 4:30,0
2022/11/21 4:45,0
2022/11/21 5:00,0
2022/11/21 5:15,0
2022/11/21 5:30,0
2022/11/21 5:45,0
2022/11/21 6:00,0
2022/11/21 6:15,0
2022/11/21 6:30,0
2022/11/21 6:45,0
2022/11/21 7:00,0
2022/11/21 7:15,0
2022/11/21 7:30,0
2022/11/21 7:45,0
2022/11/21 8:00,0
2022/11/21 8:15,0
2022/11/21 8:30,0
2022/11/21 8:45,0.094160727
2022/11/21 9:00,0.176363443
2022/11/21 9:15,0.318190205
2022/11/21 9:30,0.265160778
2022/11/21 9:45,0.317166595
2022/11/21 10:00,0.449559783
2022/11/21 10:15,0.380585252
2022/11/21 10:30,0.529952924
2022/11/21 10:45,0.703166119
2022/11/21 11:00,0.625128526
2022/11/21 11:15,0.771370289
2022/11/21 11:30,0.625293886
2022/11/21 11:45,0.703958792
2022/11/21 12:00,0.69691001
2022/11/21 12:15,0.670895405
2022/11/21 12:30,0.650650623
2022/11/21 12:45,0.524419119
2022/11/21 13:00,0.447768782
2022/11/21 13:15,0.33348567
2022/11/21 13:30,0.314724455
2022/11/21 13:45,0.239263016
2022/11/21 14:00,0.154563674
2022/11/21 14:15,0.115220916
2022/11/21 14:30,0.101287196
2022/11/21 14:45,0.084388124
2022/11/21 15:00,0.067408184
2022/11/21 15:15,0.076862608
2022/11/21 15:30,0.050413292
2022/11/21 15:45,0
2022/11/21 16:00,0
2022/11/21 16:15,0
2022/11/21 16:30,0
2022/11/21 16:45,0
2022/11/21 17:00,0
2022/11/21 17:15,0
2022/11/21 17:30,0
2022/11/21 17:45,0
2022/11/21 18:00,0
2022/11/21 18:15,0
2022/11/21 18:30,0
2022/11/21 18:45,0
2022/11/21 19:00,0
2022/11/21 19:15,0
2022/11/21 19:30,0
2022/11/21 19:45,0
2022/11/21 20:00,0
2022/11/21 20:15,0
2022/11/21 20:30,0
2022/11/21 20:45,0
2022/11/21 21:00,0
2022/11/21 21:15,0
2022/11/21 21:30,0
2022/11/21 21:45,0
2022/11/21 22:00,0
2022/11/21 22:15,0
2022/11/21 22:30,0
2022/11/21 22:45,0
2022/11/21 23:00,0
2022/11/21 23:15,0
2022/11/21 23:30,0
2022/11/21 23:45,0
2022/11/22 0:00,0
2022/11/22 0:15,0
2022/11/22 0:30,0
2022/11/22 0:45,0
2022/11/22 1:00,0
2022/11/22 1:15,0
2022/11/22 1:30,0
2022/11/22 1:45,0
2022/11/22 2:00,0
2022/11/22 2:15,0
2022/11/22 2:30,0
2022/11/22 2:45,0
2022/11/22 3:00,0
2022/11/22 3:15,0
2022/11/22 3:30,0
2022/11/22 3:45,0
2022/11/22 4:00,0
2022/11/22 4:15,0
2022/11/22 4:30,0
2022/11/22 4:45,0
2022/11/22 5:00,0
2022/11/22 5:15,0
2022/11/22 5:30,0
2022/11/22 5:45,0
2022/11/22 6:00,0
2022/11/22 6:15,0
2022/11/22 6:30,0
2022/11/22 6:45,0
2022/11/22 7:00,0
2022/11/22 7:15,0
2022/11/22 7:30,0
2022/11/22 7:45,0
2022/11/22 8:00,0
2022/11/22 8:15,0
2022/11/22 8:30,0
2022/11/22 8:45,0.110386632
2022/11/22 9:00,0.170445194
2022/11/22 9:15,0.307407173
2022/11/22 9:30,0.254723285
2022/11/22 9:45,0.304863992
2022/11/22 10:00,0.426461953
2022/11/22 10:15,0.408197956
2022/11/22 10:30,0.520413927
2022/11/22 10:45,0.606019477
2022/11/22 11:00,0.660232408
2022/11/22 11:15,0.746640543
2022/11/22 11:30,0.701834591
2022/11/22 11:45,0.598181385
2022/11/22 12:00,0.646637884
2022/11/22 12:15,0.604926815
2022/11/22 12:30,0.585935359
2022/11/22 12:45,0.538179642
2022/11/22 13:00,0.516826009
2022/11/22 13:15,0.358012372
2022/11/22 13:30,0.293157807
2022/11/22 13:45,0.243282658
2022/11/22 14:00,0.143046755
2022/11/22 14:15,0.116722343
2022/11/22 14:30,0.106701399
2022/11/22 14:45,0.073193389
2022/11/22 15:00,0.079936563
2022/11/22 15:15,0.07622053
2022/11/22 15:30,0.050496442
2022/11/22 15:45,0
2022/11/22 16:00,0
2022/11/22 16:15,0
2022/11/22 16:30,0
2022/11/22 16:45,0
2022/11/22 17:00,0
2022/11/22 17:15,0
2022/11/22 17:30,0
2022/11/22 17:45,0
2022/11/22 18:00,0
2022/11/22 18:15,0
2022/11/22 18:30,0
2022/11/22 18:45,0
2022/11/22 19:00,0
2022/11/22 19:15,0
2022/11/22 19:30,0
2022/11/22 19:45,0
2022/11/22 20:00,0
2022/11/22 20:15,0
2022/11/22 20:30,0
2022/11/22 20:45,0
2022/11/22 21:00,0
2022/11/22 21:15,0
2022/11/22 21:30,0
2022/11/22 21:45,0
2022/11/22 22:00,0
2022/11/22 22:15,0
2022/11/22 22:30,0
2022/11/22 22:45,0
2022/11/22 23:00,0
2022/11/22 23:15,0
2022/11/22 23:30,0
2022/11/22 23:45,0
2022/11/23 0:00,0
2022/11/23 0:15,0
2022/11/23 0:30,0
2022/11/23 0:45,0
2022/11/23 1:00,0
2022/11/23 1:15,0
2022/11/23 1:30,0
2022/11/23 1:45,0
2022/11/23 2:00,0
2022/11/23 2:15,0
2022/11/23 2:30,0
2022/11/23 2:45,0
2022/11/23 3:00,0
2022/11/23 3:15,0
2022/11/23 3:30,0
2022/11/23 3:45,0
2022/11/23 4:00,0
2022/11/23 4:15,0
2022/11/23 4:30,0
2022/11/23 4:45,0
2022/11/23 5:00,0
2022/11/23 5:15,0
2022/11/23 5:30,0
2022/11/23 5:45,0
2022/11/23 6:00,0
2022/11/23 6:15,0
2022/11/23 6:30,0
2022/11/23 6:45,0
2022/11/23 7:00,0
2022/11/23 7:15,0
2022/11/23 7:30,0
2022/11/23 7:45,0
2022/11/23 8:00,0
2022/11/23 8:15,0
2022/11/23 8:30,0
2022/11/23 8:45,0.103053845
2022/11/23 9:00,0.147040923
2022/11/23 9:15,0.289384085
2022/11/23 9:30,0.245663263
2022/11/23 9:45,0.31725447
2022/11/23 10:00,0.43287556
2022/11/23 10:15,0.415017184
2022/11/23 10:30,0.479649753
2022/11/23 10:45,0.695724103
2022/11/23 11:00,0.641009273
2022/11/23 11:15,0.731626619
2022/11/23 11:30,0.645219828
2022/11/23 11:45,0.67740374
2022/11/23 12:00,0.654094428
2022/11/23 12:15,0.62440266
2022/11/23 12:30,0.600186472
2022/11/23 12:45,0.515237779
2022/11/23 13:00,0.446962508
2022/11/23 13:15,0.328721428
2022/11/23 13:30,0.27000239
2022/11/23 13:45,0.219692849
2022/11/23 14:00,0.144906193
2022/11/23 14:15,0.111290723
2022/11/23 14:30,0.106461233
2022/11/23 14:45,0.073048844
2022/11/23 15:00,0.071004748
2022/11/23 15:15,0.073796825
2022/11/23 15:30,0.043893974
2022/11/23 15:45,0
2022/11/23 16:00,0
2022/11/23 16:15,0
2022/11/23 16:30,0
2022/11/23 16:45,0
2022/11/23 17:00,0
2022/11/23 17:15,0
2022/11/23 17:30,0
2022/11/23 17:45,0
2022/11/23 18:00,0
2022/11/23 18:15,0
2022/11/23 18:30,0
2022/11/23 18:45,0
2022/11/23 19:00,0
2022/11/23 19:15,0
2022/11/23 19:30,0
2022/11/23 19:45,0
2022/11/23 20:00,0
2022/11/23 20:15,0
2022/11/23 20:30,0
2022/11/23 20:45,0
2022/11/23 21:00,0
2022/11/23 21:15,0
2022/11/23 21:30,0
2022/11/23 21:45,0
2022/11/23 22:00,0
2022/11/23 22:15,0
2022/11/23 22:30,0
2022/11/23 22:45,0
2022/11/23 23:00,0
2022/11/23 23:15,0
2022/11/23 23:30,0
2022/11/23 23:45,0
2022/11/24 0:00,0
2022/11/24 0:15,0
2022/11/24 0:30,0
2022/11/24 0:45,0
2022/11/24 1:00,0
2022/11/24 1:15,0
2022/11/24 1:30,0
2022/11/24 1:45,0
2022/11/24 2:00,0
2022/11/24 2:15,0
2022/11/24 2:30,0
2022/11/24 2:45,0
2022/11/24 3:00,0
2022/11/24 3:15,0
2022/11/24 3:30,0
2022/11/24 3:45,0
2022/11/24 4:00,0
2022/11/24 4:15,0
2022/11/24 4:30,0
2022/11/24 4:45,0
2022/11/24 5:00,0
2022/11/24 5:15,0
2022/11/24 5:30,0
2022/11/24 5:45,0
2022/11/24 6:00,0
2022/11/24 6:15,0
2022/11/24 6:30,0
2022/11/24 6:45,0
2022/11/24 7:00,0
2022/11/24 7:15,0
2022/11/24 7:30,0
2022/11/24 7:45,0
2022/11/24 8:00,0
2022/11/24 8:15,0
2022/11/24 8:30,0
2022/11/24 8:45,0.114782117
2022/11/24 9:00,0.172745063
2022/11/24 9:15,0.292442898
2022/11/24 9:30,0.246332568
2022/11/24 9:45,0.320080861
2022/11/24 10:00,0.44213516
2022/11/24 10:15,0.461162683
2022/11/24 10:30,0.56657916
2022/11/24 10:45,0.607303757
2022/11/24 11:00,0.645178381
2022/11/24 11:15,0.735095617
2022/11/24 11:30,0.617822118
2022/11/24 11:45,0.715124754
2022/11/24 12:00,0.689382509
2022/11/24 12:15,0.654494321
2022/11/24 12:30,0.615981873
2022/11/24 12:45,0.590294072
2022/11/24 13:00,0.458556421
2022/11/24 13:15,0.403192659
2022/11/24 13:30,0.330754279
2022/11/24 13:45,0.261440579
2022/11/24 14:00,0.152233009
2022/11/24 14:15,0.106549387
2022/11/24 14:30,0.110152832
2022/11/24 14:45,0.077433696
2022/11/24 15:00,0.074891572
2022/11/24 15:15,0.075563076
2022/11/24 15:30,0.055589906
2022/11/24 15:45,0
2022/11/24 16:00,0
2022/11/24 16:15,0
2022/11/24 16:30,0
2022/11/24 16:45,0
2022/11/24 17:00,0
2022/11/24 17:15,0
2022/11/24 17:30,0
2022/11/24 17:45,0
2022/11/24 18:00,0
2022/11/24 18:15,0
2022/11/24 18:30,0
2022/11/24 18:45,0
2022/11/24 19:00,0
2022/11/24 19:15,0
2022/11/24 19:30,0
2022/11/24 19:45,0
2022/11/24 20:00,0
2022/11/24 20:15,0
2022/11/24 20:30,0
2022/11/24 20:45,0
2022/11/24 21:00,0
2022/11/24 21:15,0
2022/11/24 21:30,0
2022/11/24 21:45,0
2022/11/24 22:00,0
2022/11/24 22:15,0
2022/11/24 22:30,0
2022/11/24 22:45,0
2022/11/24 23:00,0
2022/11/24 23:15,0
2022/11/24 23:30,0
2022/11/24 23:45,0
2022/11/25 0:00,0
2022/11/25 0:15,0
2022/11/25 0:30,0
2022/11/25 0:45,0
2022/11/25 1:00,0
2022/11/25 1:15,0
2022/11/25 1:30,0
2022/11/25 1:45,0
2022/11/25 2:00,0
2022/11/25 2:15,0
2022/11/25 2:30,0
2022/11/25 2:45,0
2022/11/25 3:00,0
2022/11/25 3:15,0
2022/11/25 3:30,0
2022/11/25 3:45,0
2022/11/25 4:00,0
2022/11/25 4:15,0
2022/11/25 4:30,0
2022/11/25 4:45,0
2022/11/25 5:00,0
2022/11/25 5:15,0
2022/11/25 5:30,0
2022/11/25 5:45,0
2022/11/25 6:00,0
2022/11/25 6:15,0
2022/11/25 6:30,0
2022/11/25 6:45,0
2022/11/25 7:00,0
2022/11/25 7:15,0
2022/11/25 7:30,0
2022/11/25 7:45,0
2022/11/25 8:00,0
2022/11/25 8:15,0
2022/11/25 8:30,0
2022/11/25 8:45,0.108610343
2022/11/25 9:00,0.157134833
2022/11/25 9:15,0.310304302
2022/11/25 9:30,0.263937171
2022/11/25 9:45,0.328759863
2022/11/25 10:00,0.414544549
2022/11/25 10:15,0.411535345
2022/11/25 10:30,0.558287484
2022/11/25 10:45,0.668656922
2022/11/25 11:00,0.632089186
2022/11/25 11:15,0.746777228
2022/11/25 11:30,0.662107487
2022/11/25 11:45,0.704338047
2022/11/25 12:00,0.740888902
2022/11/25 12:15,0.632609232
2022/11/25 12:30,0.628123897
2022/11/25 12:45,0.597800159
2022/11/25 13:00,0.492405804
2022/11/25 13:15,0.386269165
2022/11/25 13:30,0.307358211
2022/11/25 13:45,0.216457403
2022/11/25 14:00,0.152505012
2022/11/25 14:15,0.111910739
2022/11/25 14:30,0.104845032
2022/11/25 14:45,0.077221685
2022/11/25 15:00,0.078774985
2022/11/25 15:15,0.074942442
2022/11/25 15:30,0.048591202
2022/11/25 15:45,0
2022/11/25 16:00,0
2022/11/25 16:15,0
2022/11/25 16:30,0
2022/11/25 16:45,0
2022/11/25 17:00,0
2022/11/25 17:15,0
2022/11/25 17:30,0
2022/11/25 17:45,0
2022/11/25 18:00,0
2022/11/25 18:15,0
2022/11/25 18:30,0
2022/11/25 18:45,0
2022/11/25 19:00,0
2022/11/25 19:15,0
2022/11/25 19:30,0
2022/11/25 19:45,0
2022/11/25 20:00,0
2022/11/25 20:15,0
2022/11/25 20:30,0
2022/11/25 20:45,0
2022/11/25 21:00,0
2022/11/25 21:15,0
2022/11/25 21:30,0
2022/11/25 21:45,0
2022/11/25 22:00,0
2022/11/25 22:15,0
2022/11/25 22:30,0
2022/11/25 22:45,0
2022/11/25 23:00,0
2022/11/25 23:15,0
2022/11/25 23:30,0
2022/11/25 23:45,0
2022/11/26 0:00,0
2022/11/26 0:15,0
2022/11/26 0:30,0
2022/11/26 0:45,0
2022/11/26 1:00,0
2022/11/26 1:15,0
2022/11/26 1:30,0
2022/11/26 1:45,0
2022/11/26 2:00,0
2022/11/26 2:15,0
2022/11/26 2:30,0
2022/11/26 2:45,0
2022/11/26 3:00,0
2022/11/26 3:15,0
2022/11/26 3:30,0
2022/11/26 3:45,0
2022/11/26 4:00,0
2022/11/26 4:15,0
2022/11/26 4:30,0
2022/11/26 4:45,0
2022/11/26 5:00,0
2022/11/26 5:15,0
2022/11/26 5:30,0
2022/11/26 5:45,0
2022/11/26 6:00,0
2022/11/26 6:15,0
2022/11/26 6:30,0
2022/11/26 6:45,0
2022/11/26 7:00,0
2022/11/26 7:15,0
2022/11/26 7:30,0
2022/11/26 7:45,0
2022/11/26 8:00,0
2022/11/26 8:15,0
2022/11/26 8:30,0
2022/11/26 8:45,0.013121189
2022/11/26 9:00,0.021882675
2022/11/26 9:15,0.038031174
2022/11/26 9:30,0.032414975
2022/11/26 9:45,0.038385081
2022/11/26 10:00,0.054284538
2022/11/26 10:15,0.055183191
2022/11/26 10:30,0.06917679
2022/11/26 10:45,0.083191019
2022/11/26 11:00,0.080511509
2022/11/26 11:15,0.094320227
2022/11/26 11:30,0.083470533
2022/11/26 11:45,0.083933094
2022/11/26 12:00,0.087538222
2022/11/26 12:15,0.080567239
2022/11/26 12:30,0.075741774
2022/11/26 12:45,0.067683874
2022/11/26 13:00,0.059693325
2022/11/26 13:15,0.045062751
2022/11/26 13:30,0.03863931
2022/11/26 13:45,0.030160834
2022/11/26 14:00,0.018473068
2022/11/26 14:15,0.013867971
2022/11/26 14:30,0.013074677
2022/11/26 14:45,0.009640944
2022/11/26 15:00,0.009491962
2022/11/26 15:15,0.009333564
2022/11/26 15:30,0.006192314
2022/11/26 15:45,0
2022/11/26 16:00,0
2022/11/26 16:15,0
2022/11/26 16:30,0
2022/11/26 16:45,0
2022/11/26 17:00,0
2022/11/26 17:15,0
2022/11/26 17:30,0
2022/11/26 17:45,0
2022/11/26 18:00,0
2022/11/26 18:15,0
2022/11/26 18:30,0
2022/11/26 18:45,0
2022/11/26 19:00,0
2022/11/26 19:15,0
2022/11/26 19:30,0
2022/11/26 19:45,0
2022/11/26 20:00,0
2022/11/26 20:15,0
2022/11/26 20:30,0
2022/11/26 20:45,0
2022/11/26 21:00,0
2022/11/26 21:15,0
2022/11/26 21:30,0
2022/11/26 21:45,0
2022/11/26 22:00,0
2022/11/26 22:15,0
2022/11/26 22:30,0
2022/11/26 22:45,0
2022/11/26 23:00,0
2022/11/26 23:15,0
2022/11/26 23:30,0
2022/11/26 23:45,0
2022/11/27 0:00,0
2022/11/27 0:15,0
2022/11/27 0:30,0
2022/11/27 0:45,0
2022/11/27 1:00,0
2022/11/27 1:15,0
2022/11/27 1:30,0
2022/11/27 1:45,0
2022/11/27 2:00,0
2022/11/27 2:15,0
2022/11/27 2:30,0
2022/11/27 2:45,0
2022/11/27 3:00,0
2022/11/27 3:15,0
2022/11/27 3:30,0
2022/11/27 3:45,0
2022/11/27 4:00,0
2022/11/27 4:15,0
2022/11/27 4:30,0
2022/11/27 4:45,0
2022/11/27 5:00,0
2022/11/27 5:15,0
2022/11/27 5:30,0
2022/11/27 5:45,0
2022/11/27 6:00,0
2022/11/27 6:15,0
2022/11/27 6:30,0
2022/11/27 6:45,0
2022/11/27 7:00,0
2022/11/27 7:15,0
2022/11/27 7:30,0
2022/11/27 7:45,0
2022/11/27 8:00,0
2022/11/27 8:15,0
2022/11/27 8:30,0
2022/11/27 8:45,0.103446525
2022/11/27 9:00,0.161285991
2022/11/27 9:15,0.287952449
2022/11/27 9:30,0.241908534
2022/11/27 9:45,0.306978635
2022/11/27 10:00,0.467953399
2022/11/27 10:15,0.378526047
2022/11/27 10:30,0.48127922
2022/11/27 10:45,0.635003296
2022/11/27 11:00,0.630666064
2022/11/27 11:15,0.735420751
2022/11/27 11:30,0.670618628
2022/11/27 11:45,0.613409673
2022/11/27 12:00,0.635893037
2022/11/27 12:15,0.661804592
2022/11/27 12:30,0.594160565
2022/11/27 12:45,0.553445619
2022/11/27 13:00,0.467815084
2022/11/27 13:15,0.312275442
2022/11/27 13:30,0.276812424
2022/11/27 13:45,0.256370873
2022/11/27 14:00,0.141332813
2022/11/27 14:15,0.112732372
2022/11/27 14:30,0.096656148
2022/11/27 14:45,0.066693165
2022/11/27 15:00,0.071096076
2022/11/27 15:15,0.073016707
2022/11/27 15:30,0.04583786
2022/11/27 15:45,0
2022/11/27 16:00,0
2022/11/27 16:15,0
2022/11/27 16:30,0
2022/11/27 16:45,0
2022/11/27 17:00,0
2022/11/27 17:15,0
2022/11/27 17:30,0
2022/11/27 17:45,0
2022/11/27 18:00,0
2022/11/27 18:15,0
2022/11/27 18:30,0
2022/11/27 18:45,0
2022/11/27 19:00,0
2022/11/27 19:15,0
2022/11/27 19:30,0
2022/11/27 19:45,0
2022/11/27 20:00,0
2022/11/27 20:15,0
2022/11/27 20:30,0
2022/11/27 20:45,0
2022/11/27 21:00,0
2022/11/27 21:15,0
2022/11/27 21:30,0
2022/11/27 21:45,0
2022/11/27 22:00,0
2022/11/27 22:15,0
2022/11/27 22:30,0
2022/11/27 22:45,0
2022/11/27 23:00,0
2022/11/27 23:15,0
2022/11/27 23:30,0
2022/11/27 23:45,0
2022/11/28 0:00,0
2022/11/28 0:15,0
2022/11/28 0:30,0
2022/11/28 0:45,0
2022/11/28 1:00,0
2022/11/28 1:15,0
2022/11/28 1:30,0
2022/11/28 1:45,0
2022/11/28 2:00,0
2022/11/28 2:15,0
2022/11/28 2:30,0
2022/11/28 2:45,0
2022/11/28 3:00,0
2022/11/28 3:15,0
2022/11/28 3:30,0
2022/11/28 3:45,0
2022/11/28 4:00,0
2022/11/28 4:15,0
2022/11/28 4:30,0
2022/11/28 4:45,0
2022/11/28 5:00,0
2022/11/28 5:15,0
2022/11/28 5:30,0
2022/11/28 5:45,0
2022/11/28 6:00,0
2022/11/28 6:15,0
2022/11/28 6:30,0
2022/11/28 6:45,0
2022/11/28 7:00,0
2022/11/28 7:15,0
2022/11/28 7:30,0
2022/11/28 7:45,0
2022/11/28 8:00,0
2022/11/28 8:15,0
2022/11/28 8:30,0
2022/11/28 8:45,0.106631636
2022/11/28 9:00,0.176239245
2022/11/28 9:15,0.323911245
2022/11/28 9:30,0.25096375
2022/11/28 9:45,0.285909495
2022/11/28 10:00,0.440844311
2022/11/28 10:15,0.422403451
2022/11/28 10:30,0.494154945
2022/11/28 10:45,0.670993405
2022/11/28 11:00,0.591424398
2022/11/28 11:15,0.756704646
2022/11/28 11:30,0.632167458
2022/11/28 11:45,0.609394513
2022/11/28 12:00,0.623437452
2022/11/28 12:15,0.642393435
2022/11/28 12:30,0.515879969
2022/11/28 12:45,0.522853538
2022/11/28 13:00,0.458797037
2022/11/28 13:15,0.34987274
2022/11/28 13:30,0.298662798
2022/11/28 13:45,0.252237083
2022/11/28 14:00,0.130851161
2022/11/28 14:15,0.095451785
2022/11/28 14:30,0.10588145
2022/11/28 14:45,0.076866468
2022/11/28 15:00,0.072286636
2022/11/28 15:15,0.073125195
2022/11/28 15:30,0.045450788
2022/11/28 15:45,0
2022/11/28 16:00,0
2022/11/28 16:15,0
2022/11/28 16:30,0
2022/11/28 16:45,0
2022/11/28 17:00,0
2022/11/28 17:15,0
2022/11/28 17:30,0
2022/11/28 17:45,0
2022/11/28 18:00,0
2022/11/28 18:15,0
2022/11/28 18:30,0
2022/11/28 18:45,0
2022/11/28 19:00,0
2022/11/28 19:15,0
2022/11/28 19:30,0
2022/11/28 19:45,0
2022/11/28 20:00,0
2022/11/28 20:15,0
2022/11/28 20:30,0
2022/11/28 20:45,0
2022/11/28 21:00,0
2022/11/28 21:15,0
2022/11/28 21:30,0
2022/11/28 21:45,0
2022/11/28 22:00,0
2022/11/28 22:15,0
2022/11/28 22:30,0
2022/11/28 22:45,0
2022/11/28 23:00,0
2022/11/28 23:15,0
2022/11/28 23:30,0
2022/11/28 23:45,0
2022/11/29 0:00,0
2022/11/29 0:15,0
2022/11/29 0:30,0
2022/11/29 0:45,0
2022/11/29 1:00,0
2022/11/29 1:15,0
2022/11/29 1:30,0
2022/11/29 1:45,0
2022/11/29 2:00,0
2022/11/29 2:15,0
2022/11/29 2:30,0
2022/11/29 2:45,0
2022/11/29 3:00,0
2022/11/29 3:15,0
2022/11/29 3:30,0
2022/11/29 3:45,0
2022/11/29 4:00,0
2022/11/29 4:15,0
2022/11/29 4:30,0
2022/11/29 4:45,0
2022/11/29 5:00,0
2022/11/29 5:15,0
2022/11/29 5:30,0
2022/11/29 5:45,0
2022/11/29 6:00,0
2022/11/29 6:15,0
2022/11/29 6:30,0
2022/11/29 6:45,0
2022/11/29 7:00,0
2022/11/29 7:15,0
2022/11/29 7:30,0
2022/11/29 7:45,0
2022/11/29 8:00,0
2022/11/29 8:15,0
2022/11/29 8:30,0
2022/11/29 8:45,0.009498904
2022/11/29 9:00,0.016477438
2022/11/29 9:15,0.027516388
2022/11/29 9:30,0.024099032
2022/11/29 9:45,0.027895373
2022/11/29 10:00,0.039968314
2022/11/29 10:15,0.038851458
2022/11/29 10:30,0.049661831
2022/11/29 10:45,0.060123457
2022/11/29 11:00,0.059375237
2022/11/29 11:15,0.070556799
2022/11/29 11:30,0.061242153
2022/11/29 11:45,0.061595604
2022/11/29 12:00,0.063349492
2022/11/29 12:15,0.057696296
2022/11/29 12:30,0.054294514
2022/11/29 12:45,0.048509236
2022/11/29 13:00,0.042987892
2022/11/29 13:15,0.03242603
2022/11/29 13:30,0.027935387
2022/11/29 13:45,0.02223874
2022/11/29 14:00,0.013380315
2022/11/29 14:15,0.010104255
2022/11/29 14:30,0.009386698
2022/11/29 14:45,0.006925345
2022/11/29 15:00,0.00698104
2022/11/29 15:15,0.006846578
2022/11/29 15:30,0.004536657
2022/11/29 15:45,0
2022/11/29 16:00,0
2022/11/29 16:15,0
2022/11/29 16:30,0
2022/11/29 16:45,0
2022/11/29 17:00,0
2022/11/29 17:15,0
2022/11/29 17:30,0
2022/11/29 17:45,0
2022/11/29 18:00,0
2022/11/29 18:15,0
2022/11/29 18:30,0
2022/11/29 18:45,0
2022/11/29 19:00,0
2022/11/29 19:15,0
2022/11/29 19:30,0
2022/11/29 19:45,0
2022/11/29 20:00,0
2022/11/29 20:15,0
2022/11/29 20:30,0
2022/11/29 20:45,0
2022/11/29 21:00,0
2022/11/29 21:15,0
2022/11/29 21:30,0
2022/11/29 21:45,0
2022/11/29 22:00,0
2022/11/29 22:15,0
2022/11/29 22:30,0
2022/11/29 22:45,0
2022/11/29 23:00,0
2022/11/29 23:15,0
2022/11/29 23:30,0
2022/11/29 23:45,0
2022/11/30 0:00,0
2022/11/30 0:15,0
2022/11/30 0:30,0
2022/11/30 0:45,0
2022/11/30 1:00,0
2022/11/30 1:15,0
2022/11/30 1:30,0
2022/11/30 1:45,0
2022/11/30 2:00,0
2022/11/30 2:15,0
2022/11/30 2:30,0
2022/11/30 2:45,0
2022/11/30 3:00,0
2022/11/30 3:15,0
2022/11/30 3:30,0
2022/11/30 3:45,0
2022/11/30 4:00,0
2022/11/30 4:15,0
2022/11/30 4:30,0
2022/11/30 4:45,0
2022/11/30 5:00,0
2022/11/30 5:15,0
2022/11/30 5:30,0
2022/11/30 5:45,0
2022/11/30 6:00,0
2022/11/30 6:15,0
2022/11/30 6:30,0
2022/11/30 6:45,0
2022/11/30 7:00,0
2022/11/30 7:15,0
2022/11/30 7:30,0
2022/11/30 7:45,0
2022/11/30 8:00,0
2022/11/30 8:15,0
2022/11/30 8:30,0
2022/11/30 8:45,0.110386786
2022/11/30 9:00,0.184785902
2022/11/30 9:15,0.308971953
2022/11/30 9:30,0.271041734
2022/11/30 9:45,0.285210649
2022/11/30 10:00,0.417982158
2022/11/30 10:15,0.44458082
2022/11/30 10:30,0.540684782
2022/11/30 10:45,0.721393747
2022/11/30 11:00,0.633885194
2022/11/30 11:15,0.780131692
2022/11/30 11:30,0.636381731
2022/11/30 11:45,0.689664104
2022/11/30 12:00,0.705159797
2022/11/30 12:15,0.679022867
2022/11/30 12:30,0.576134655
2022/11/30 12:45,0.531594424
2022/11/30 13:00,0.468405533
2022/11/30 13:15,0.383800899
2022/11/30 13:30,0.352864662
2022/11/30 13:45,0.251762375
2022/11/30 14:00,0.145279943
2022/11/30 14:15,0.10600554
2022/11/30 14:30,0.105194948
2022/11/30 14:45,0.079503184
2022/11/30 15:00,0.075536639
2022/11/30 15:15,0.077481463
2022/11/30 15:30,0.047145653
2022/11/30 15:45,0
2022/11/30 16:00,0
2022/11/30 16:15,0
2022/11/30 16:30,0
2022/11/30 16:45,0
2022/11/30 17:00,0
2022/11/30 17:15,0
2022/11/30 17:30,0
2022/11/30 17:45,0
2022/11/30 18:00,0
2022/11/30 18:15,0
2022/11/30 18:30,0
2022/11/30 18:45,0
2022/11/30 19:00,0
2022/11/30 19:15,0
2022/11/30 19:30,0
2022/11/30 19:45,0
2022/11/30 20:00,0
2022/11/30 20:15,0
2022/11/30 20:30,0
2022/11/30 20:45,0
2022/11/30 21:00,0
2022/11/30 21:15,0
2022/11/30 21:30,0
2022/11/30 21:45,0
2022/11/30 22:00,0
2022/11/30 22:15,0
2022/11/30 22:30,0
2022/11/30 22:45,0
2022/11/30 23:00,0
2022/11/30 23:15,0
2022/11/30 23:30,0
2022/11/30 23:45,0
2022/12/1 0:00,0
2022/12/1 0:15,0
2022/12/1 0:30,0
2022/12/1 0:45,0
2022/12/1 1:00,0
2022/12/1 1:15,0
2022/12/1 1:30,0
2022/12/1 1:45,0
2022/12/1 2:00,0
2022/12/1 2:15,0
2022/12/1 2:30,0
2022/12/1 2:45,0
2022/12/1 3:00,0
2022/12/1 3:15,0
2022/12/1 3:30,0
2022/12/1 3:45,0
2022/12/1 4:00,0
2022/12/1 4:15,0
2022/12/1 4:30,0
2022/12/1 4:45,0
2022/12/1 5:00,0
2022/12/1 5:15,0
2022/12/1 5:30,0
2022/12/1 5:45,0
2022/12/1 6:00,0
2022/12/1 6:15,0
2022/12/1 6:30,0
2022/12/1 6:45,0
2022/12/1 7:00,0
2022/12/1 7:15,0
2022/12/1 7:30,0
2022/12/1 7:45,0
2022/12/1 8:00,0
2022/12/1 8:15,0
2022/12/1 8:30,0
2022/12/1 8:45,0
2022/12/1 9:00,0
2022/12/1 9:15,0
2022/12/1 9:30,0
2022/12/1 9:45,0.01601723
2022/12/1 10:00,0.019175641
2022/12/1 10:15,0.023589003
2022/12/1 10:30,0.015088122
2022/12/1 10:45,0.00555105
2022/12/1 11:00,0.005716181
2022/12/1 11:15,0.00916708
2022/12/1 11:30,0.022310874
2022/12/1 11:45,0.022637685
2022/12/1 12:00,0.023124441
2022/12/1 12:15,0.019772025
2022/12/1 12:30,0.008919234
2022/12/1 12:45,0.00612135
2022/12/1 13:00,0.004559588
2022/12/1 13:15,0.005406484
2022/12/1 13:30,0.005676887
2022/12/1 13:45,0.005334718
2022/12/1 14:00,0.004064421
2022/12/1 14:15,0.003741679
2022/12/1 14:30,0.002698138
2022/12/1 14:45,0.002338596
2022/12/1 15:00,0
2022/12/1 15:15,0
2022/12/1 15:30,0
2022/12/1 15:45,0
2022/12/1 16:00,0
2022/12/1 16:15,0
2022/12/1 16:30,0
2022/12/1 16:45,0
2022/12/1 17:00,0
2022/12/1 17:15,0
2022/12/1 17:30,0
2022/12/1 17:45,0
2022/12/1 18:00,0
2022/12/1 18:15,0
2022/12/1 18:30,0
2022/12/1 18:45,0
2022/12/1 19:00,0
2022/12/1 19:15,0
2022/12/1 19:30,0
2022/12/1 19:45,0
2022/12/1 20:00,0
2022/12/1 20:15,0
2022/12/1 20:30,0
2022/12/1 20:45,0
2022/12/1 21:00,0
2022/12/1 21:15,0
2022/12/1 21:30,0
2022/12/1 21:45,0
2022/12/1 22:00,0
2022/12/1 22:15,0
2022/12/1 22:30,0
2022/12/1 22:45,0
2022/12/1 23:00,0
2022/12/1 23:15,0
2022/12/1 23:30,0
2022/12/1 23:45,0
2022/12/2 0:00,0
2022/12/2 0:15,0
2022/12/2 0:30,0
2022/12/2 0:45,0
2022/12/2 1:00,0
2022/12/2 1:15,0
2022/12/2 1:30,0
2022/12/2 1:45,0
2022/12/2 2:00,0
2022/12/2 2:15,0
2022/12/2 2:30,0
2022/12/2 2:45,0
2022/12/2 3:00,0
2022/12/2 3:15,0
2022/12/2 3:30,0
2022/12/2 3:45,0
2022/12/2 4:00,0
2022/12/2 4:15,0
2022/12/2 4:30,0
2022/12/2 4:45,0
2022/12/2 5:00,0
2022/12/2 5:15,0
2022/12/2 5:30,0
2022/12/2 5:45,0
2022/12/2 6:00,0
2022/12/2 6:15,0
2022/12/2 6:30,0
2022/12/2 6:45,0
2022/12/2 7:00,0
2022/12/2 7:15,0
2022/12/2 7:30,0
2022/12/2 7:45,0
2022/12/2 8:00,0
2022/12/2 8:15,0
2022/12/2 8:30,0
2022/12/2 8:45,0
2022/12/2 9:00,0
2022/12/2 9:15,0
2022/12/2 9:30,0
2022/12/2 9:45,0.354255319
2022/12/2 10:00,0.410924179
2022/12/2 10:15,0.581591828
2022/12/2 10:30,0.328601225
2022/12/2 10:45,0.138968863
2022/12/2 11:00,0.12253316
2022/12/2 11:15,0.237080512
2022/12/2 11:30,0.518594808
2022/12/2 11:45,0.496840205
2022/12/2 12:00,0.510702231
2022/12/2 12:15,0.461237599
2022/12/2 12:30,0.191018008
2022/12/2 12:45,0.144777605
2022/12/2 13:00,0.10429311
2022/12/2 13:15,0.130628151
2022/12/2 13:30,0.130702537
2022/12/2 13:45,0.116654422
2022/12/2 14:00,0.089902051
2022/12/2 14:15,0.085218515
2022/12/2 14:30,0.063321375
2022/12/2 14:45,0.053702981
2022/12/2 15:00,0
2022/12/2 15:15,0
2022/12/2 15:30,0
2022/12/2 15:45,0
2022/12/2 16:00,0
2022/12/2 16:15,0
2022/12/2 16:30,0
2022/12/2 16:45,0
2022/12/2 17:00,0
2022/12/2 17:15,0
2022/12/2 17:30,0
2022/12/2 17:45,0
2022/12/2 18:00,0
2022/12/2 18:15,0
2022/12/2 18:30,0
2022/12/2 18:45,0
2022/12/2 19:00,0
2022/12/2 19:15,0
2022/12/2 19:30,0
2022/12/2 19:45,0
2022/12/2 20:00,0
2022/12/2 20:15,0
2022/12/2 20:30,0
2022/12/2 20:45,0
2022/12/2 21:00,0
2022/12/2 21:15,0
2022/12/2 21:30,0
2022/12/2 21:45,0
2022/12/2 22:00,0
2022/12/2 22:15,0
2022/12/2 22:30,0
2022/12/2 22:45,0
2022/12/2 23:00,0
2022/12/2 23:15,0
2022/12/2 23:30,0
2022/12/2 23:45,0
2022/12/3 0:00,0
2022/12/3 0:15,0
2022/12/3 0:30,0
2022/12/3 0:45,0
2022/12/3 1:00,0
2022/12/3 1:15,0
2022/12/3 1:30,0
2022/12/3 1:45,0
2022/12/3 2:00,0
2022/12/3 2:15,0
2022/12/3 2:30,0
2022/12/3 2:45,0
2022/12/3 3:00,0
2022/12/3 3:15,0
2022/12/3 3:30,0
2022/12/3 3:45,0
2022/12/3 4:00,0
2022/12/3 4:15,0
2022/12/3 4:30,0
2022/12/3 4:45,0
2022/12/3 5:00,0
2022/12/3 5:15,0
2022/12/3 5:30,0
2022/12/3 5:45,0
2022/12/3 6:00,0
2022/12/3 6:15,0
2022/12/3 6:30,0
2022/12/3 6:45,0
2022/12/3 7:00,0
2022/12/3 7:15,0
2022/12/3 7:30,0
2022/12/3 7:45,0
2022/12/3 8:00,0
2022/12/3 8:15,0
2022/12/3 8:30,0
2022/12/3 8:45,0
2022/12/3 9:00,0
2022/12/3 9:15,0
2022/12/3 9:30,0
2022/12/3 9:45,0.017278379
2022/12/3 10:00,0.021334795
2022/12/3 10:15,0.025935125
2022/12/3 10:30,0.016233955
2022/12/3 10:45,0.005949443
2022/12/3 11:00,0.006486433
2022/12/3 11:15,0.010101753
2022/12/3 11:30,0.024457932
2022/12/3 11:45,0.025327188
2022/12/3 12:00,0.025078084
2022/12/3 12:15,0.020983362
2022/12/3 12:30,0.009713223
2022/12/3 12:45,0.006690878
2022/12/3 13:00,0.004968986
2022/12/3 13:15,0.005830041
2022/12/3 13:30,0.006409893
2022/12/3 13:45,0.005741413
2022/12/3 14:00,0.004455848
2022/12/3 14:15,0.004120892
2022/12/3 14:30,0.002881075
2022/12/3 14:45,0.002521579
2022/12/3 15:00,0
2022/12/3 15:15,0
2022/12/3 15:30,0
2022/12/3 15:45,0
2022/12/3 16:00,0
2022/12/3 16:15,0
2022/12/3 16:30,0
2022/12/3 16:45,0
2022/12/3 17:00,0
2022/12/3 17:15,0
2022/12/3 17:30,0
2022/12/3 17:45,0
2022/12/3 18:00,0
2022/12/3 18:15,0
2022/12/3 18:30,0
2022/12/3 18:45,0
2022/12/3 19:00,0
2022/12/3 19:15,0
2022/12/3 19:30,0
2022/12/3 19:45,0
2022/12/3 20:00,0
2022/12/3 20:15,0
2022/12/3 20:30,0
2022/12/3 20:45,0
2022/12/3 21:00,0
2022/12/3 21:15,0
2022/12/3 21:30,0
2022/12/3 21:45,0
2022/12/3 22:00,0
2022/12/3 22:15,0
2022/12/3 22:30,0
2022/12/3 22:45,0
2022/12/3 23:00,0
2022/12/3 23:15,0
2022/12/3 23:30,0
2022/12/3 23:45,0
2022/12/4 0:00,0
2022/12/4 0:15,0
2022/12/4 0:30,0
2022/12/4 0:45,0
2022/12/4 1:00,0
2022/12/4 1:15,0
2022/12/4 1:30,0
2022/12/4 1:45,0
2022/12/4 2:00,0
2022/12/4 2:15,0
2022/12/4 2:30,0
2022/12/4 2:45,0
2022/12/4 3:00,0
2022/12/4 3:15,0
2022/12/4 3:30,0
2022/12/4 3:45,0
2022/12/4 4:00,0
2022/12/4 4:15,0
2022/12/4 4:30,0
2022/12/4 4:45,0
2022/12/4 5:00,0
2022/12/4 5:15,0
2022/12/4 5:30,0
2022/12/4 5:45,0
2022/12/4 6:00,0
2022/12/4 6:15,0
2022/12/4 6:30,0
2022/12/4 6:45,0
2022/12/4 7:00,0
2022/12/4 7:15,0
2022/12/4 7:30,0
2022/12/4 7:45,0
2022/12/4 8:00,0
2022/12/4 8:15,0
2022/12/4 8:30,0
2022/12/4 8:45,0
2022/12/4 9:00,0
2022/12/4 9:15,0
2022/12/4 9:30,0
2022/12/4 9:45,0.37883844
2022/12/4 10:00,0.501565389
2022/12/4 10:15,0.633601548
2022/12/4 10:30,0.382124826
2022/12/4 10:45,0.134350919
2022/12/4 11:00,0.147167779
2022/12/4 11:15,0.247260406
2022/12/4 11:30,0.582162636
2022/12/4 11:45,0.605518938
2022/12/4 12:00,0.588408849
2022/12/4 12:15,0.523275875
2022/12/4 12:30,0.239377743
2022/12/4 12:45,0.158648146
2022/12/4 13:00,0.120842293
2022/12/4 13:15,0.136012794
2022/12/4 13:30,0.154208303
2022/12/4 13:45,0.136583846
2022/12/4 14:00,0.106792795
2022/12/4 14:15,0.096754811
2022/12/4 14:30,0.069052081
2022/12/4 14:45,0.062586634
2022/12/4 15:00,0
2022/12/4 15:15,0
2022/12/4 15:30,0
2022/12/4 15:45,0
2022/12/4 16:00,0
2022/12/4 16:15,0
2022/12/4 16:30,0
2022/12/4 16:45,0
2022/12/4 17:00,0
2022/12/4 17:15,0
2022/12/4 17:30,0
2022/12/4 17:45,0
2022/12/4 18:00,0
2022/12/4 18:15,0
2022/12/4 18:30,0
2022/12/4 18:45,0
2022/12/4 19:00,0
2022/12/4 19:15,0
2022/12/4 19:30,0
2022/12/4 19:45,0
2022/12/4 20:00,0
2022/12/4 20:15,0
2022/12/4 20:30,0
2022/12/4 20:45,0
2022/12/4 21:00,0
2022/12/4 21:15,0
2022/12/4 21:30,0
2022/12/4 21:45,0
2022/12/4 22:00,0
2022/12/4 22:15,0
2022/12/4 22:30,0
2022/12/4 22:45,0
2022/12/4 23:00,0
2022/12/4 23:15,0
2022/12/4 23:30,0
2022/12/4 23:45,0
2022/12/5 0:00,0
2022/12/5 0:15,0
2022/12/5 0:30,0
2022/12/5 0:45,0
2022/12/5 1:00,0
2022/12/5 1:15,0
2022/12/5 1:30,0
2022/12/5 1:45,0
2022/12/5 2:00,0
2022/12/5 2:15,0
2022/12/5 2:30,0
2022/12/5 2:45,0
2022/12/5 3:00,0
2022/12/5 3:15,0
2022/12/5 3:30,0
2022/12/5 3:45,0
2022/12/5 4:00,0
2022/12/5 4:15,0
2022/12/5 4:30,0
2022/12/5 4:45,0
2022/12/5 5:00,0
2022/12/5 5:15,0
2022/12/5 5:30,0
2022/12/5 5:45,0
2022/12/5 6:00,0
2022/12/5 6:15,0
2022/12/5 6:30,0
2022/12/5 6:45,0
2022/12/5 7:00,0
2022/12/5 7:15,0
2022/12/5 7:30,0
2022/12/5 7:45,0
2022/12/5 8:00,0
2022/12/5 8:15,0
2022/12/5 8:30,0
2022/12/5 8:45,0
2022/12/5 9:00,0
2022/12/5 9:15,0
2022/12/5 9:30,0
2022/12/5 9:45,0.409092518
2022/12/5 10:00,0.44551724
2022/12/5 10:15,0.648916214
2022/12/5 10:30,0.375158871
2022/12/5 10:45,0.134135095
2022/12/5 11:00,0.140581513
2022/12/5 11:15,0.222624904
2022/12/5 11:30,0.533842855
2022/12/5 11:45,0.576852623
2022/12/5 12:00,0.564064514
2022/12/5 12:15,0.506056398
2022/12/5 12:30,0.232272509
2022/12/5 12:45,0.149003393
2022/12/5 13:00,0.12285737
2022/12/5 13:15,0.144372029
2022/12/5 13:30,0.144223635
2022/12/5 13:45,0.128253576
2022/12/5 14:00,0.099853869
2022/12/5 14:15,0.082351668
2022/12/5 14:30,0.065943229
2022/12/5 14:45,0.056081236
2022/12/5 15:00,0
2022/12/5 15:15,0
2022/12/5 15:30,0
2022/12/5 15:45,0
2022/12/5 16:00,0
2022/12/5 16:15,0
2022/12/5 16:30,0
2022/12/5 16:45,0
2022/12/5 17:00,0
2022/12/5 17:15,0
2022/12/5 17:30,0
2022/12/5 17:45,0
2022/12/5 18:00,0
2022/12/5 18:15,0
2022/12/5 18:30,0
2022/12/5 18:45,0
2022/12/5 19:00,0
2022/12/5 19:15,0
2022/12/5 19:30,0
2022/12/5 19:45,0
2022/12/5 20:00,0
2022/12/5 20:15,0
2022/12/5 20:30,0
2022/12/5 20:45,0
2022/12/5 21:00,0
2022/12/5 21:15,0
2022/12/5 21:30,0
2022/12/5 21:45,0
2022/12/5 22:00,0
2022/12/5 22:15,0
2022/12/5 22:30,0
2022/12/5 22:45,0
2022/12/5 23:00,0
2022/12/5 23:15,0
2022/12/5 23:30,0
2022/12/5 23:45,0
2022/12/6 0:00,0
2022/12/6 0:15,0
2022/12/6 0:30,0
2022/12/6 0:45,0
2022/12/6 1:00,0
2022/12/6 1:15,0
2022/12/6 1:30,0
2022/12/6 1:45,0
2022/12/6 2:00,0
2022/12/6 2:15,0
2022/12/6 2:30,0
2022/12/6 2:45,0
2022/12/6 3:00,0
2022/12/6 3:15,0
2022/12/6 3:30,0
2022/12/6 3:45,0
2022/12/6 4:00,0
2022/12/6 4:15,0
2022/12/6 4:30,0
2022/12/6 4:45,0
2022/12/6 5:00,0
2022/12/6 5:15,0
2022/12/6 5:30,0
2022/12/6 5:45,0
2022/12/6 6:00,0
2022/12/6 6:15,0
2022/12/6 6:30,0
2022/12/6 6:45,0
2022/12/6 7:00,0
2022/12/6 7:15,0
2022/12/6 7:30,0
2022/12/6 7:45,0
2022/12/6 8:00,0
2022/12/6 8:15,0
2022/12/6 8:30,0
2022/12/6 8:45,0
2022/12/6 9:00,0
2022/12/6 9:15,0
2022/12/6 9:30,0
2022/12/6 9:45,0.422131323
2022/12/6 10:00,0.477409162
2022/12/6 10:15,0.639343768
2022/12/6 10:30,0.382114642
2022/12/6 10:45,0.123524864
2022/12/6 11:00,0.144973277
2022/12/6 11:15,0.227397365
2022/12/6 11:30,0.554356467
2022/12/6 11:45,0.532985903
2022/12/6 12:00,0.523198999
2022/12/6 12:15,0.470917753
2022/12/6 12:30,0.222631133
2022/12/6 12:45,0.137243038
2022/12/6 13:00,0.109517573
2022/12/6 13:15,0.131357671
2022/12/6 13:30,0.135214056
2022/12/6 13:45,0.131696474
2022/12/6 14:00,0.095665271
2022/12/6 14:15,0.095939121
2022/12/6 14:30,0.061468075
2022/12/6 14:45,0.062889609
2022/12/6 15:00,0
2022/12/6 15:15,0
2022/12/6 15:30,0
2022/12/6 15:45,0
2022/12/6 16:00,0
2022/12/6 16:15,0
2022/12/6 16:30,0
2022/12/6 16:45,0
2022/12/6 17:00,0
2022/12/6 17:15,0
2022/12/6 17:30,0
2022/12/6 17:45,0
2022/12/6 18:00,0
2022/12/6 18:15,0
2022/12/6 18:30,0
2022/12/6 18:45,0
2022/12/6 19:00,0
2022/12/6 19:15,0
2022/12/6 19:30,0
2022/12/6 19:45,0
2022/12/6 20:00,0
2022/12/6 20:15,0
2022/12/6 20:30,0
2022/12/6 20:45,0
2022/12/6 21:00,0
2022/12/6 21:15,0
2022/12/6 21:30,0
2022/12/6 21:45,0
2022/12/6 22:00,0
2022/12/6 22:15,0
2022/12/6 22:30,0
2022/12/6 22:45,0
2022/12/6 23:00,0
2022/12/6 23:15,0
2022/12/6 23:30,0
2022/12/6 23:45,0
2022/12/7 0:00,0
2022/12/7 0:15,0
2022/12/7 0:30,0
2022/12/7 0:45,0
2022/12/7 1:00,0
2022/12/7 1:15,0
2022/12/7 1:30,0
2022/12/7 1:45,0
2022/12/7 2:00,0
2022/12/7 2:15,0
2022/12/7 2:30,0
2022/12/7 2:45,0
2022/12/7 3:00,0
2022/12/7 3:15,0
2022/12/7 3:30,0
2022/12/7 3:45,0
2022/12/7 4:00,0
2022/12/7 4:15,0
2022/12/7 4:30,0
2022/12/7 4:45,0
2022/12/7 5:00,0
2022/12/7 5:15,0
2022/12/7 5:30,0
2022/12/7 5:45,0
2022/12/7 6:00,0
2022/12/7 6:15,0
2022/12/7 6:30,0
2022/12/7 6:45,0
2022/12/7 7:00,0
2022/12/7 7:15,0
2022/12/7 7:30,0
2022/12/7 7:45,0
2022/12/7 8:00,0
2022/12/7 8:15,0
2022/12/7 8:30,0
2022/12/7 8:45,0
2022/12/7 9:00,0
2022/12/7 9:15,0
2022/12/7 9:30,0
2022/12/7 9:45,0.375150299
2022/12/7 10:00,0.436889241
2022/12/7 10:15,0.531816669
2022/12/7 10:30,0.346079826
2022/12/7 10:45,0.138947014
2022/12/7 11:00,0.123403999
2022/12/7 11:15,0.224566293
2022/12/7 11:30,0.5052864
2022/12/7 11:45,0.508808293
2022/12/7 12:00,0.524934736
2022/12/7 12:15,0.426747655
2022/12/7 12:30,0.208141403
2022/12/7 12:45,0.13430413
2022/12/7 13:00,0.11704942
2022/12/7 13:15,0.125562265
2022/12/7 13:30,0.145670578
2022/12/7 13:45,0.120599394
2022/12/7 14:00,0.085399113
2022/12/7 14:15,0.091170448
2022/12/7 14:30,0.0549227
2022/12/7 14:45,0.058500168
2022/12/7 15:00,0
2022/12/7 15:15,0
2022/12/7 15:30,0
2022/12/7 15:45,0
2022/12/7 16:00,0
2022/12/7 16:15,0
2022/12/7 16:30,0
2022/12/7 16:45,0
2022/12/7 17:00,0
2022/12/7 17:15,0
2022/12/7 17:30,0
2022/12/7 17:45,0
2022/12/7 18:00,0
2022/12/7 18:15,0
2022/12/7 18:30,0
2022/12/7 18:45,0
2022/12/7 19:00,0
2022/12/7 19:15,0
2022/12/7 19:30,0
2022/12/7 19:45,0
2022/12/7 20:00,0
2022/12/7 20:15,0
2022/12/7 20:30,0
2022/12/7 20:45,0
2022/12/7 21:00,0
2022/12/7 21:15,0
2022/12/7 21:30,0
2022/12/7 21:45,0
2022/12/7 22:00,0
2022/12/7 22:15,0
2022/12/7 22:30,0
2022/12/7 22:45,0
2022/12/7 23:00,0
2022/12/7 23:15,0
2022/12/7 23:30,0
2022/12/7 23:45,0
2022/12/8 0:00,0
2022/12/8 0:15,0
2022/12/8 0:30,0
2022/12/8 0:45,0
2022/12/8 1:00,0
2022/12/8 1:15,0
2022/12/8 1:30,0
2022/12/8 1:45,0
2022/12/8 2:00,0
2022/12/8 2:15,0
2022/12/8 2:30,0
2022/12/8 2:45,0
2022/12/8 3:00,0
2022/12/8 3:15,0
2022/12/8 3:30,0
2022/12/8 3:45,0
2022/12/8 4:00,0
2022/12/8 4:15,0
2022/12/8 4:30,0
2022/12/8 4:45,0
2022/12/8 5:00,0
2022/12/8 5:15,0
2022/12/8 5:30,0
2022/12/8 5:45,0
2022/12/8 6:00,0
2022/12/8 6:15,0
2022/12/8 6:30,0
2022/12/8 6:45,0
2022/12/8 7:00,0
2022/12/8 7:15,0
2022/12/8 7:30,0
2022/12/8 7:45,0
2022/12/8 8:00,0
2022/12/8 8:15,0
2022/12/8 8:30,0
2022/12/8 8:45,0
2022/12/8 9:00,0
2022/12/8 9:15,0
2022/12/8 9:30,0
2022/12/8 9:45,0.379663765
2022/12/8 10:00,0.448324501
2022/12/8 10:15,0.581613516
2022/12/8 10:30,0.326761405
2022/12/8 10:45,0.149886281
2022/12/8 11:00,0.141861184
2022/12/8 11:15,0.215559087
2022/12/8 11:30,0.517249299
2022/12/8 11:45,0.55772411
2022/12/8 12:00,0.541145339
2022/12/8 12:15,0.482572222
2022/12/8 12:30,0.207336776
2022/12/8 12:45,0.14674978
2022/12/8 13:00,0.103839822
2022/12/8 13:15,0.124180066
2022/12/8 13:30,0.152306864
2022/12/8 13:45,0.122196222
2022/12/8 14:00,0.095254442
2022/12/8 14:15,0.091257796
2022/12/8 14:30,0.058077692
2022/12/8 14:45,0.054695784
2022/12/8 15:00,0
2022/12/8 15:15,0
2022/12/8 15:30,0
2022/12/8 15:45,0
2022/12/8 16:00,0
2022/12/8 16:15,0
2022/12/8 16:30,0
2022/12/8 16:45,0
2022/12/8 17:00,0
2022/12/8 17:15,0
2022/12/8 17:30,0
2022/12/8 17:45,0
2022/12/8 18:00,0
2022/12/8 18:15,0
2022/12/8 18:30,0
2022/12/8 18:45,0
2022/12/8 19:00,0
2022/12/8 19:15,0
2022/12/8 19:30,0
2022/12/8 19:45,0
2022/12/8 20:00,0
2022/12/8 20:15,0
2022/12/8 20:30,0
2022/12/8 20:45,0
2022/12/8 21:00,0
2022/12/8 21:15,0
2022/12/8 21:30,0
2022/12/8 21:45,0
2022/12/8 22:00,0
2022/12/8 22:15,0
2022/12/8 22:30,0
2022/12/8 22:45,0
2022/12/8 23:00,0
2022/12/8 23:15,0
2022/12/8 23:30,0
2022/12/8 23:45,0
2022/12/9 0:00,0
2022/12/9 0:15,0
2022/12/9 0:30,0
2022/12/9 0:45,0
2022/12/9 1:00,0
2022/12/9 1:15,0
2022/12/9 1:30,0
2022/12/9 1:45,0
2022/12/9 2:00,0
2022/12/9 2:15,0
2022/12/9 2:30,0
2022/12/9 2:45,0
2022/12/9 3:00,0
2022/12/9 3:15,0
2022/12/9 3:30,0
2022/12/9 3:45,0
2022/12/9 4:00,0
2022/12/9 4:15,0
2022/12/9 4:30,0
2022/12/9 4:45,0
2022/12/9 5:00,0
2022/12/9 5:15,0
2022/12/9 5:30,0
2022/12/9 5:45,0
2022/12/9 6:00,0
2022/12/9 6:15,0
2022/12/9 6:30,0
2022/12/9 6:45,0
2022/12/9 7:00,0
2022/12/9 7:15,0
2022/12/9 7:30,0
2022/12/9 7:45,0
2022/12/9 8:00,0
2022/12/9 8:15,0
2022/12/9 8:30,0
2022/12/9 8:45,0
2022/12/9 9:00,0
2022/12/9 9:15,0
2022/12/9 9:30,0
2022/12/9 9:45,0.370507196
2022/12/9 10:00,0.468137612
2022/12/9 10:15,0.543460118
2022/12/9 10:30,0.351548214
2022/12/9 10:45,0.136617845
2022/12/9 11:00,0.157656326
2022/12/9 11:15,0.233196895
2022/12/9 11:30,0.605830629
2022/12/9 11:45,0.542334734
2022/12/9 12:00,0.576321244
2022/12/9 12:15,0.489178322
2022/12/9 12:30,0.237482277
2022/12/9 12:45,0.148568655
2022/12/9 13:00,0.118984807
2022/12/9 13:15,0.12849625
2022/12/9 13:30,0.133535693
2022/12/9 13:45,0.123962882
2022/12/9 14:00,0.088446673
2022/12/9 14:15,0.089633612
2022/12/9 14:30,0.067229551
2022/12/9 14:45,0.061074464
2022/12/9 15:00,0
2022/12/9 15:15,0
2022/12/9 15:30,0
2022/12/9 15:45,0
2022/12/9 16:00,0
2022/12/9 16:15,0
2022/12/9 16:30,0
2022/12/9 16:45,0
2022/12/9 17:00,0
2022/12/9 17:15,0
2022/12/9 17:30,0
2022/12/9 17:45,0
2022/12/9 18:00,0
2022/12/9 18:15,0
2022/12/9 18:30,0
2022/12/9 18:45,0
2022/12/9 19:00,0
2022/12/9 19:15,0
2022/12/9 19:30,0
2022/12/9 19:45,0
2022/12/9 20:00,0
2022/12/9 20:15,0
2022/12/9 20:30,0
2022/12/9 20:45,0
2022/12/9 21:00,0
2022/12/9 21:15,0
2022/12/9 21:30,0
2022/12/9 21:45,0
2022/12/9 22:00,0
2022/12/9 22:15,0
2022/12/9 22:30,0
2022/12/9 22:45,0
2022/12/9 23:00,0
2022/12/9 23:15,0
2022/12/9 23:30,0
2022/12/9 23:45,0
2022/12/10 0:00,0
2022/12/10 0:15,0
2022/12/10 0:30,0
2022/12/10 0:45,0
2022/12/10 1:00,0
2022/12/10 1:15,0
2022/12/10 1:30,0
2022/12/10 1:45,0
2022/12/10 2:00,0
2022/12/10 2:15,0
2022/12/10 2:30,0
2022/12/10 2:45,0
2022/12/10 3:00,0
2022/12/10 3:15,0
2022/12/10 3:30,0
2022/12/10 3:45,0
2022/12/10 4:00,0
2022/12/10 4:15,0
2022/12/10 4:30,0
2022/12/10 4:45,0
2022/12/10 5:00,0
2022/12/10 5:15,0
2022/12/10 5:30,0
2022/12/10 5:45,0
2022/12/10 6:00,0
2022/12/10 6:15,0
2022/12/10 6:30,0
2022/12/10 6:45,0
2022/12/10 7:00,0
2022/12/10 7:15,0
2022/12/10 7:30,0
2022/12/10 7:45,0
2022/12/10 8:00,0
2022/12/10 8:15,0
2022/12/10 8:30,0
2022/12/10 8:45,0
2022/12/10 9:00,0
2022/12/10 9:15,0
2022/12/10 9:30,0
2022/12/10 9:45,0.412883338
2022/12/10 10:00,0.494938754
2022/12/10 10:15,0.577897598
2022/12/10 10:30,0.35900907
2022/12/10 10:45,0.149484758
2022/12/10 11:00,0.152339715
2022/12/10 11:15,0.242291989
2022/12/10 11:30,0.537950798
2022/12/10 11:45,0.516317267
2022/12/10 12:00,0.561229425
2022/12/10 12:15,0.502872858
2022/12/10 12:30,0.191470318
2022/12/10 12:45,0.133803435
2022/12/10 13:00,0.121269898
2022/12/10 13:15,0.142754264
2022/12/10 13:30,0.146750645
2022/12/10 13:45,0.139552844
2022/12/10 14:00,0.09793267
2022/12/10 14:15,0.095646202
2022/12/10 14:30,0.063172167
2022/12/10 14:45,0.056626185
2022/12/10 15:00,0
2022/12/10 15:15,0
2022/12/10 15:30,0
2022/12/10 15:45,0
2022/12/10 16:00,0
2022/12/10 16:15,0
2022/12/10 16:30,0
2022/12/10 16:45,0
2022/12/10 17:00,0
2022/12/10 17:15,0
2022/12/10 17:30,0
2022/12/10 17:45,0
2022/12/10 18:00,0
2022/12/10 18:15,0
2022/12/10 18:30,0
2022/12/10 18:45,0
2022/12/10 19:00,0
2022/12/10 19:15,0
2022/12/10 19:30,0
2022/12/10 19:45,0
2022/12/10 20:00,0
2022/12/10 20:15,0
2022/12/10 20:30,0
2022/12/10 20:45,0
2022/12/10 21:00,0
2022/12/10 21:15,0
2022/12/10 21:30,0
2022/12/10 21:45,0
2022/12/10 22:00,0
2022/12/10 22:15,0
2022/12/10 22:30,0
2022/12/10 22:45,0
2022/12/10 23:00,0
2022/12/10 23:15,0
2022/12/10 23:30,0
2022/12/10 23:45,0
2022/12/11 0:00,0
2022/12/11 0:15,0
2022/12/11 0:30,0
2022/12/11 0:45,0
2022/12/11 1:00,0
2022/12/11 1:15,0
2022/12/11 1:30,0
2022/12/11 1:45,0
2022/12/11 2:00,0
2022/12/11 2:15,0
2022/12/11 2:30,0
2022/12/11 2:45,0
2022/12/11 3:00,0
2022/12/11 3:15,0
2022/12/11 3:30,0
2022/12/11 3:45,0
2022/12/11 4:00,0
2022/12/11 4:15,0
2022/12/11 4:30,0
2022/12/11 4:45,0
2022/12/11 5:00,0
2022/12/11 5:15,0
2022/12/11 5:30,0
2022/12/11 5:45,0
2022/12/11 6:00,0
2022/12/11 6:15,0
2022/12/11 6:30,0
2022/12/11 6:45,0
2022/12/11 7:00,0
2022/12/11 7:15,0
2022/12/11 7:30,0
2022/12/11 7:45,0
2022/12/11 8:00,0
2022/12/11 8:15,0
2022/12/11 8:30,0
2022/12/11 8:45,0
2022/12/11 9:00,0
2022/12/11 9:15,0
2022/12/11 9:30,0
2022/12/11 9:45,0.015606126
2022/12/11 10:00,0.018377617
2022/12/11 10:15,0.022855363
2022/12/11 10:30,0.014336596
2022/12/11 10:45,0.005360211
2022/12/11 11:00,0.005624381
2022/12/11 11:15,0.00905548
2022/12/11 11:30,0.021902129
2022/12/11 11:45,0.022277595
2022/12/11 12:00,0.022041906
2022/12/11 12:15,0.018869322
2022/12/11 12:30,0.008853012
2022/12/11 12:45,0.006004958
2022/12/11 13:00,0.004470551
2022/12/11 13:15,0.005183003
2022/12/11 13:30,0.005568769
2022/12/11 13:45,0.005155315
2022/12/11 14:00,0.003942721
2022/12/11 14:15,0.003619113
2022/12/11 14:30,0.002556964
2022/12/11 14:45,0.002280831
2022/12/11 15:00,0
2022/12/11 15:15,0
2022/12/11 15:30,0
2022/12/11 15:45,0
2022/12/11 16:00,0
2022/12/11 16:15,0
2022/12/11 16:30,0
2022/12/11 16:45,0
2022/12/11 17:00,0
2022/12/11 17:15,0
2022/12/11 17:30,0
2022/12/11 17:45,0
2022/12/11 18:00,0
2022/12/11 18:15,0
2022/12/11 18:30,0
2022/12/11 18:45,0
2022/12/11 19:00,0
2022/12/11 19:15,0
2022/12/11 19:30,0
2022/12/11 19:45,0
2022/12/11 20:00,0
2022/12/11 20:15,0
2022/12/11 20:30,0
2022/12/11 20:45,0
2022/12/11 21:00,0
2022/12/11 21:15,0
2022/12/11 21:30,0
2022/12/11 21:45,0
2022/12/11 22:00,0
2022/12/11 22:15,0
2022/12/11 22:30,0
2022/12/11 22:45,0
2022/12/11 23:00,0
2022/12/11 23:15,0
2022/12/11 23:30,0
2022/12/11 23:45,0
2022/12/12 0:00,0
2022/12/12 0:15,0
2022/12/12 0:30,0
2022/12/12 0:45,0
2022/12/12 1:00,0
2022/12/12 1:15,0
2022/12/12 1:30,0
2022/12/12 1:45,0
2022/12/12 2:00,0
2022/12/12 2:15,0
2022/12/12 2:30,0
2022/12/12 2:45,0
2022/12/12 3:00,0
2022/12/12 3:15,0
2022/12/12 3:30,0
2022/12/12 3:45,0
2022/12/12 4:00,0
2022/12/12 4:15,0
2022/12/12 4:30,0
2022/12/12 4:45,0
2022/12/12 5:00,0
2022/12/12 5:15,0
2022/12/12 5:30,0
2022/12/12 5:45,0
2022/12/12 6:00,0
2022/12/12 6:15,0
2022/12/12 6:30,0
2022/12/12 6:45,0
2022/12/12 7:00,0
2022/12/12 7:15,0
2022/12/12 7:30,0
2022/12/12 7:45,0
2022/12/12 8:00,0
2022/12/12 8:15,0
2022/12/12 8:30,0
2022/12/12 8:45,0
2022/12/12 9:00,0
2022/12/12 9:15,0
2022/12/12 9:30,0
2022/12/12 9:45,0.403520326
2022/12/12 10:00,0.419598707
2022/12/12 10:15,0.567602532
2022/12/12 10:30,0.346669823
2022/12/12 10:45,0.128360883
2022/12/12 11:00,0.130314156
2022/12/12 11:15,0.219362639
2022/12/12 11:30,0.523311849
2022/12/12 11:45,0.589137761
2022/12/12 12:00,0.549649775
2022/12/12 12:15,0.449026145
2022/12/12 12:30,0.222593363
2022/12/12 12:45,0.137525659
2022/12/12 13:00,0.106020366
2022/12/12 13:15,0.139785755
2022/12/12 13:30,0.142546667
2022/12/12 13:45,0.112309595
2022/12/12 14:00,0.097779228
2022/12/12 14:15,0.085121989
2022/12/12 14:30,0.063250621
2022/12/12 14:45,0.058601108
2022/12/12 15:00,0
2022/12/12 15:15,0
2022/12/12 15:30,0
2022/12/12 15:45,0
2022/12/12 16:00,0
2022/12/12 16:15,0
2022/12/12 16:30,0
2022/12/12 16:45,0
2022/12/12 17:00,0
2022/12/12 17:15,0
2022/12/12 17:30,0
2022/12/12 17:45,0
2022/12/12 18:00,0
2022/12/12 18:15,0
2022/12/12 18:30,0
2022/12/12 18:45,0
2022/12/12 19:00,0
2022/12/12 19:15,0
2022/12/12 19:30,0
2022/12/12 19:45,0
2022/12/12 20:00,0
2022/12/12 20:15,0
2022/12/12 20:30,0
2022/12/12 20:45,0
2022/12/12 21:00,0
2022/12/12 21:15,0
2022/12/12 21:30,0
2022/12/12 21:45,0
2022/12/12 22:00,0
2022/12/12 22:15,0
2022/12/12 22:30,0
2022/12/12 22:45,0
2022/12/12 23:00,0
2022/12/12 23:15,0
2022/12/12 23:30,0
2022/12/12 23:45,0
2022/12/13 0:00,0
2022/12/13 0:15,0
2022/12/13 0:30,0
2022/12/13 0:45,0
2022/12/13 1:00,0
2022/12/13 1:15,0
2022/12/13 1:30,0
2022/12/13 1:45,0
2022/12/13 2:00,0
2022/12/13 2:15,0
2022/12/13 2:30,0
2022/12/13 2:45,0
2022/12/13 3:00,0
2022/12/13 3:15,0
2022/12/13 3:30,0
2022/12/13 3:45,0
2022/12/13 4:00,0
2022/12/13 4:15,0
2022/12/13 4:30,0
2022/12/13 4:45,0
2022/12/13 5:00,0
2022/12/13 5:15,0
2022/12/13 5:30,0
2022/12/13 5:45,0
2022/12/13 6:00,0
2022/12/13 6:15,0
2022/12/13 6:30,0
2022/12/13 6:45,0
2022/12/13 7:00,0
2022/12/13 7:15,0
2022/12/13 7:30,0
2022/12/13 7:45,0
2022/12/13 8:00,0
2022/12/13 8:15,0
2022/12/13 8:30,0
2022/12/13 8:45,0
2022/12/13 9:00,0
2022/12/13 9:15,0
2022/12/13 9:30,0
2022/12/13 9:45,0.413649008
2022/12/13 10:00,0.434621651
2022/12/13 10:15,0.647815597
2022/12/13 10:30,0.381283006
2022/12/13 10:45,0.131200582
2022/12/13 11:00,0.157238402
2022/12/13 11:15,0.229951895
2022/12/13 11:30,0.542611507
2022/12/13 11:45,0.523890837
2022/12/13 12:00,0.568796374
2022/12/13 12:15,0.498647712
2022/12/13 12:30,0.229098458
2022/12/13 12:45,0.153367326
2022/12/13 13:00,0.105313985
2022/12/13 13:15,0.142740771
2022/12/13 13:30,0.151480311
2022/12/13 13:45,0.141441908
2022/12/13 14:00,0.098085918
2022/12/13 14:15,0.091229345
2022/12/13 14:30,0.06900663
2022/12/13 14:45,0.054496153
2022/12/13 15:00,0
2022/12/13 15:15,0
2022/12/13 15:30,0
2022/12/13 15:45,0
2022/12/13 16:00,0
2022/12/13 16:15,0
2022/12/13 16:30,0
2022/12/13 16:45,0
2022/12/13 17:00,0
2022/12/13 17:15,0
2022/12/13 17:30,0
2022/12/13 17:45,0
2022/12/13 18:00,0
2022/12/13 18:15,0
2022/12/13 18:30,0
2022/12/13 18:45,0
2022/12/13 19:00,0
2022/12/13 19:15,0
2022/12/13 19:30,0
2022/12/13 19:45,0
2022/12/13 20:00,0
2022/12/13 20:15,0
2022/12/13 20:30,0
2022/12/13 20:45,0
2022/12/13 21:00,0
2022/12/13 21:15,0
2022/12/13 21:30,0
2022/12/13 21:45,0
2022/12/13 22:00,0
2022/12/13 22:15,0
2022/12/13 22:30,0
2022/12/13 22:45,0
2022/12/13 23:00,0
2022/12/13 23:15,0
2022/12/13 23:30,0
2022/12/13 23:45,0
2022/12/14 0:00,0
2022/12/14 0:15,0
2022/12/14 0:30,0
2022/12/14 0:45,0
2022/12/14 1:00,0
2022/12/14 1:15,0
2022/12/14 1:30,0
2022/12/14 1:45,0
2022/12/14 2:00,0
2022/12/14 2:15,0
2022/12/14 2:30,0
2022/12/14 2:45,0
2022/12/14 3:00,0
2022/12/14 3:15,0
2022/12/14 3:30,0
2022/12/14 3:45,0
2022/12/14 4:00,0
2022/12/14 4:15,0
2022/12/14 4:30,0
2022/12/14 4:45,0
2022/12/14 5:00,0
2022/12/14 5:15,0
2022/12/14 5:30,0
2022/12/14 5:45,0
2022/12/14 6:00,0
2022/12/14 6:15,0
2022/12/14 6:30,0
2022/12/14 6:45,0
2022/12/14 7:00,0
2022/12/14 7:15,0
2022/12/14 7:30,0
2022/12/14 7:45,0
2022/12/14 8:00,0
2022/12/14 8:15,0
2022/12/14 8:30,0
2022/12/14 8:45,0
2022/12/14 9:00,0
2022/12/14 9:15,0
2022/12/14 9:30,0
2022/12/14 9:45,0.019903254
2022/12/14 10:00,0.023565708
2022/12/14 10:15,0.029217203
2022/12/14 10:30,0.018281012
2022/12/14 10:45,0.006844933
2022/12/14 11:00,0.007218741
2022/12/14 11:15,0.011455869
2022/12/14 11:30,0.02759637
2022/12/14 11:45,0.028615872
2022/12/14 12:00,0.028477439
2022/12/14 12:15,0.024348378
2022/12/14 12:30,0.011146053
2022/12/14 12:45,0.007587927
2022/12/14 13:00,0.005800933
2022/12/14 13:15,0.006600886
2022/12/14 13:30,0.007294258
2022/12/14 13:45,0.006728229
2022/12/14 14:00,0.005046712
2022/12/14 14:15,0.004724537
2022/12/14 14:30,0.003297884
2022/12/14 14:45,0.002855505
2022/12/14 15:00,0
2022/12/14 15:15,0
2022/12/14 15:30,0
2022/12/14 15:45,0
2022/12/14 16:00,0
2022/12/14 16:15,0
2022/12/14 16:30,0
2022/12/14 16:45,0
2022/12/14 17:00,0
2022/12/14 17:15,0
2022/12/14 17:30,0
2022/12/14 17:45,0
2022/12/14 18:00,0
2022/12/14 18:15,0
2022/12/14 18:30,0
2022/12/14 18:45,0
2022/12/14 19:00,0
2022/12/14 19:15,0
2022/12/14 19:30,0
2022/12/14 19:45,0
2022/12/14 20:00,0
2022/12/14 20:15,0
2022/12/14 20:30,0
2022/12/14 20:45,0
2022/12/14 21:00,0
2022/12/14 21:15,0
2022/12/14 21:30,0
2022/12/14 21:45,0
2022/12/14 22:00,0
2022/12/14 22:15,0
2022/12/14 22:30,0
2022/12/14 22:45,0
2022/12/14 23:00,0
2022/12/14 23:15,0
2022/12/14 23:30,0
2022/12/14 23:45,0
2022/12/15 0:00,0
2022/12/15 0:15,0
2022/12/15 0:30,0
2022/12/15 0:45,0
2022/12/15 1:00,0
2022/12/15 1:15,0
2022/12/15 1:30,0
2022/12/15 1:45,0
2022/12/15 2:00,0
2022/12/15 2:15,0
2022/12/15 2:30,0
2022/12/15 2:45,0
2022/12/15 3:00,0
2022/12/15 3:15,0
2022/12/15 3:30,0
2022/12/15 3:45,0
2022/12/15 4:00,0
2022/12/15 4:15,0
2022/12/15 4:30,0
2022/12/15 4:45,0
2022/12/15 5:00,0
2022/12/15 5:15,0
2022/12/15 5:30,0
2022/12/15 5:45,0
2022/12/15 6:00,0
2022/12/15 6:15,0
2022/12/15 6:30,0
2022/12/15 6:45,0
2022/12/15 7:00,0
2022/12/15 7:15,0
2022/12/15 7:30,0
2022/12/15 7:45,0
2022/12/15 8:00,0
2022/12/15 8:15,0
2022/12/15 8:30,0
2022/12/15 8:45,0
2022/12/15 9:00,0
2022/12/15 9:15,0
2022/12/15 9:30,0
2022/12/15 9:45,0.338966629
2022/12/15 10:00,0.409877559
2022/12/15 10:15,0.568149338
2022/12/15 10:30,0.341331085
2022/12/15 10:45,0.133270898
2022/12/15 11:00,0.133873437
2022/12/15 11:15,0.202401678
2022/12/15 11:30,0.530002855
2022/12/15 11:45,0.509945796
2022/12/15 12:00,0.536863236
2022/12/15 12:15,0.429656631
2022/12/15 12:30,0.199077967
2022/12/15 12:45,0.129264337
2022/12/15 13:00,0.105921839
2022/12/15 13:15,0.125579696
2022/12/15 13:30,0.138676984
2022/12/15 13:45,0.113909409
2022/12/15 14:00,0.090979393
2022/12/15 14:15,0.084349344
2022/12/15 14:30,0.062133485
2022/12/15 14:45,0.050278624
2022/12/15 15:00,0
2022/12/15 15:15,0
2022/12/15 15:30,0
2022/12/15 15:45,0
2022/12/15 16:00,0
2022/12/15 16:15,0
2022/12/15 16:30,0
2022/12/15 16:45,0
2022/12/15 17:00,0
2022/12/15 17:15,0
2022/12/15 17:30,0
2022/12/15 17:45,0
2022/12/15 18:00,0
2022/12/15 18:15,0
2022/12/15 18:30,0
2022/12/15 18:45,0
2022/12/15 19:00,0
2022/12/15 19:15,0
2022/12/15 19:30,0
2022/12/15 19:45,0
2022/12/15 20:00,0
2022/12/15 20:15,0
2022/12/15 20:30,0
2022/12/15 20:45,0
2022/12/15 21:00,0
2022/12/15 21:15,0
2022/12/15 21:30,0
2022/12/15 21:45,0
2022/12/15 22:00,0
2022/12/15 22:15,0
2022/12/15 22:30,0
2022/12/15 22:45,0
2022/12/15 23:00,0
2022/12/15 23:15,0
2022/12/15 23:30,0
2022/12/15 23:45,0
2022/12/16 0:00,0
2022/12/16 0:15,0
2022/12/16 0:30,0
2022/12/16 0:45,0
2022/12/16 1:00,0
2022/12/16 1:15,0
2022/12/16 1:30,0
2022/12/16 1:45,0
2022/12/16 2:00,0
2022/12/16 2:15,0
2022/12/16 2:30,0
2022/12/16 2:45,0
2022/12/16 3:00,0
2022/12/16 3:15,0
2022/12/16 3:30,0
2022/12/16 3:45,0
2022/12/16 4:00,0
2022/12/16 4:15,0
2022/12/16 4:30,0
2022/12/16 4:45,0
2022/12/16 5:00,0
2022/12/16 5:15,0
2022/12/16 5:30,0
2022/12/16 5:45,0
2022/12/16 6:00,0
2022/12/16 6:15,0
2022/12/16 6:30,0
2022/12/16 6:45,0
2022/12/16 7:00,0
2022/12/16 7:15,0
2022/12/16 7:30,0
2022/12/16 7:45,0
2022/12/16 8:00,0
2022/12/16 8:15,0
2022/12/16 8:30,0
2022/12/16 8:45,0
2022/12/16 9:00,0
2022/12/16 9:15,0
2022/12/16 9:30,0
2022/12/16 9:45,0.370146122
2022/12/16 10:00,0.456773252
2022/12/16 10:15,0.563636579
2022/12/16 10:30,0.36542308
2022/12/16 10:45,0.125445044
2022/12/16 11:00,0.138713208
2022/12/16 11:15,0.228913781
2022/12/16 11:30,0.54299557
2022/12/16 11:45,0.558079222
2022/12/16 12:00,0.571582118
2022/12/16 12:15,0.467480234
2022/12/16 12:30,0.226210467
2022/12/16 12:45,0.150017457
2022/12/16 13:00,0.116362561
2022/12/16 13:15,0.131346762
2022/12/16 13:30,0.133152123
2022/12/16 13:45,0.132575949
2022/12/16 14:00,0.094881542
2022/12/16 14:15,0.093957733
2022/12/16 14:30,0.065901623
2022/12/16 14:45,0.056437021
2022/12/16 15:00,0
2022/12/16 15:15,0
2022/12/16 15:30,0
2022/12/16 15:45,0
2022/12/16 16:00,0
2022/12/16 16:15,0
2022/12/16 16:30,0
2022/12/16 16:45,0
2022/12/16 17:00,0
2022/12/16 17:15,0
2022/12/16 17:30,0
2022/12/16 17:45,0
2022/12/16 18:00,0
2022/12/16 18:15,0
2022/12/16 18:30,0
2022/12/16 18:45,0
2022/12/16 19:00,0
2022/12/16 19:15,0
2022/12/16 19:30,0
2022/12/16 19:45,0
2022/12/16 20:00,0
2022/12/16 20:15,0
2022/12/16 20:30,0
2022/12/16 20:45,0
2022/12/16 21:00,0
2022/12/16 21:15,0
2022/12/16 21:30,0
2022/12/16 21:45,0
2022/12/16 22:00,0
2022/12/16 22:15,0
2022/12/16 22:30,0
2022/12/16 22:45,0
2022/12/16 23:00,0
2022/12/16 23:15,0
2022/12/16 23:30,0
2022/12/16 23:45,0
2022/12/17 0:00,0
2022/12/17 0:15,0
2022/12/17 0:30,0
2022/12/17 0:45,0
2022/12/17 1:00,0
2022/12/17 1:15,0
2022/12/17 1:30,0
2022/12/17 1:45,0
2022/12/17 2:00,0
2022/12/17 2:15,0
2022/12/17 2:30,0
2022/12/17 2:45,0
2022/12/17 3:00,0
2022/12/17 3:15,0
2022/12/17 3:30,0
2022/12/17 3:45,0
2022/12/17 4:00,0
2022/12/17 4:15,0
2022/12/17 4:30,0
2022/12/17 4:45,0
2022/12/17 5:00,0
2022/12/17 5:15,0
2022/12/17 5:30,0
2022/12/17 5:45,0
2022/12/17 6:00,0
2022/12/17 6:15,0
2022/12/17 6:30,0
2022/12/17 6:45,0
2022/12/17 7:00,0
2022/12/17 7:15,0
2022/12/17 7:30,0
2022/12/17 7:45,0
2022/12/17 8:00,0
2022/12/17 8:15,0
2022/12/17 8:30,0
2022/12/17 8:45,0
2022/12/17 9:00,0
2022/12/17 9:15,0
2022/12/17 9:30,0
2022/12/17 9:45,0.232253663
2022/12/17 10:00,0.274551673
2022/12/17 10:15,0.333725319
2022/12/17 10:30,0.223361293
2022/12/17 10:45,0.082514661
2022/12/17 11:00,0.085379813
2022/12/17 11:15,0.136283419
2022/12/17 11:30,0.308532803
2022/12/17 11:45,0.315557258
2022/12/17 12:00,0.323951203
2022/12/17 12:15,0.279880215
2022/12/17 12:30,0.137722225
2022/12/17 12:45,0.089421345
2022/12/17 13:00,0.06717926
2022/12/17 13:15,0.081191478
2022/12/17 13:30,0.082578587
2022/12/17 13:45,0.078422571
2022/12/17 14:00,0.059056803
2022/12/17 14:15,0.054918166
2022/12/17 14:30,0.040022113
2022/12/17 14:45,0.033788373
2022/12/17 15:00,0
2022/12/17 15:15,0
2022/12/17 15:30,0
2022/12/17 15:45,0
2022/12/17 16:00,0
2022/12/17 16:15,0
2022/12/17 16:30,0
2022/12/17 16:45,0
2022/12/17 17:00,0
2022/12/17 17:15,0
2022/12/17 17:30,0
2022/12/17 17:45,0
2022/12/17 18:00,0
2022/12/17 18:15,0
2022/12/17 18:30,0
2022/12/17 18:45,0
2022/12/17 19:00,0
2022/12/17 19:15,0
2022/12/17 19:30,0
2022/12/17 19:45,0
2022/12/17 20:00,0
2022/12/17 20:15,0
2022/12/17 20:30,0
2022/12/17 20:45,0
2022/12/17 21:00,0
2022/12/17 21:15,0
2022/12/17 21:30,0
2022/12/17 21:45,0
2022/12/17 22:00,0
2022/12/17 22:15,0
2022/12/17 22:30,0
2022/12/17 22:45,0
2022/12/17 23:00,0
2022/12/17 23:15,0
2022/12/17 23:30,0
2022/12/17 23:45,0
2022/12/18 0:00,0
2022/12/18 0:15,0
2022/12/18 0:30,0
2022/12/18 0:45,0
2022/12/18 1:00,0
2022/12/18 1:15,0
2022/12/18 1:30,0
2022/12/18 1:45,0
2022/12/18 2:00,0
2022/12/18 2:15,0
2022/12/18 2:30,0
2022/12/18 2:45,0
2022/12/18 3:00,0
2022/12/18 3:15,0
2022/12/18 3:30,0
2022/12/18 3:45,0
2022/12/18 4:00,0
2022/12/18 4:15,0
2022/12/18 4:30,0
2022/12/18 4:45,0
2022/12/18 5:00,0
2022/12/18 5:15,0
2022/12/18 5:30,0
2022/12/18 5:45,0
2022/12/18 6:00,0
2022/12/18 6:15,0
2022/12/18 6:30,0
2022/12/18 6:45,0
2022/12/18 7:00,0
2022/12/18 7:15,0
2022/12/18 7:30,0
2022/12/18 7:45,0
2022/12/18 8:00,0
2022/12/18 8:15,0
2022/12/18 8:30,0
2022/12/18 8:45,0
2022/12/18 9:00,0
2022/12/18 9:15,0
2022/12/18 9:30,0
2022/12/18 9:45,0.27724524
2022/12/18 10:00,0.334935539
2022/12/18 10:15,0.419285298
2022/12/18 10:30,0.245342655
2022/12/18 10:45,0.100534149
2022/12/18 11:00,0.099173439
2022/12/18 11:15,0.159730243
2022/12/18 11:30,0.365220507
2022/12/18 11:45,0.395635924
2022/12/18 12:00,0.398599407
2022/12/18 12:15,0.350389932
2022/12/18 12:30,0.155123706
2022/12/18 12:45,0.106704033
2022/12/18 13:00,0.074937253
2022/12/18 13:15,0.093300955
2022/12/18 13:30,0.09959903
2022/12/18 13:45,0.089309473
2022/12/18 14:00,0.07435879
2022/12/18 14:15,0.062601755
2022/12/18 14:30,0.045156556
2022/12/18 14:45,0.041397849
2022/12/18 15:00,0
2022/12/18 15:15,0
2022/12/18 15:30,0
2022/12/18 15:45,0
2022/12/18 16:00,0
2022/12/18 16:15,0
2022/12/18 16:30,0
2022/12/18 16:45,0
2022/12/18 17:00,0
2022/12/18 17:15,0
2022/12/18 17:30,0
2022/12/18 17:45,0
2022/12/18 18:00,0
2022/12/18 18:15,0
2022/12/18 18:30,0
2022/12/18 18:45,0
2022/12/18 19:00,0
2022/12/18 19:15,0
2022/12/18 19:30,0
2022/12/18 19:45,0
2022/12/18 20:00,0
2022/12/18 20:15,0
2022/12/18 20:30,0
2022/12/18 20:45,0
2022/12/18 21:00,0
2022/12/18 21:15,0
2022/12/18 21:30,0
2022/12/18 21:45,0
2022/12/18 22:00,0
2022/12/18 22:15,0
2022/12/18 22:30,0
2022/12/18 22:45,0
2022/12/18 23:00,0
2022/12/18 23:15,0
2022/12/18 23:30,0
2022/12/18 23:45,0
2022/12/19 0:00,0
2022/12/19 0:15,0
2022/12/19 0:30,0
2022/12/19 0:45,0
2022/12/19 1:00,0
2022/12/19 1:15,0
2022/12/19 1:30,0
2022/12/19 1:45,0
2022/12/19 2:00,0
2022/12/19 2:15,0
2022/12/19 2:30,0
2022/12/19 2:45,0
2022/12/19 3:00,0
2022/12/19 3:15,0
2022/12/19 3:30,0
2022/12/19 3:45,0
2022/12/19 4:00,0
2022/12/19 4:15,0
2022/12/19 4:30,0
2022/12/19 4:45,0
2022/12/19 5:00,0
2022/12/19 5:15,0
2022/12/19 5:30,0
2022/12/19 5:45,0
2022/12/19 6:00,0
2022/12/19 6:15,0
2022/12/19 6:30,0
2022/12/19 6:45,0
2022/12/19 7:00,0
2022/12/19 7:15,0
2022/12/19 7:30,0
2022/12/19 7:45,0
2022/12/19 8:00,0
2022/12/19 8:15,0
2022/12/19 8:30,0
2022/12/19 8:45,0
2022/12/19 9:00,0
2022/12/19 9:15,0
2022/12/19 9:30,0
2022/12/19 9:45,0.395208659
2022/12/19 10:00,0.527355007
2022/12/19 10:15,0.658858291
2022/12/19 10:30,0.384650235
2022/12/19 10:45,0.154986013
2022/12/19 11:00,0.160666279
2022/12/19 11:15,0.244949498
2022/12/19 11:30,0.609669802
2022/12/19 11:45,0.607191366
2022/12/19 12:00,0.622926837
2022/12/19 12:15,0.512784627
2022/12/19 12:30,0.23759701
2022/12/19 12:45,0.16523879
2022/12/19 13:00,0.123377013
2022/12/19 13:15,0.145635611
2022/12/19 13:30,0.153984543
2022/12/19 13:45,0.142444084
2022/12/19 14:00,0.111624072
2022/12/19 14:15,0.098570903
2022/12/19 14:30,0.070448066
2022/12/19 14:45,0.064341937
2022/12/19 15:00,0
2022/12/19 15:15,0
2022/12/19 15:30,0
2022/12/19 15:45,0
2022/12/19 16:00,0
2022/12/19 16:15,0
2022/12/19 16:30,0
2022/12/19 16:45,0
2022/12/19 17:00,0
2022/12/19 17:15,0
2022/12/19 17:30,0
2022/12/19 17:45,0
2022/12/19 18:00,0
2022/12/19 18:15,0
2022/12/19 18:30,0
2022/12/19 18:45,0
2022/12/19 19:00,0
2022/12/19 19:15,0
2022/12/19 19:30,0
2022/12/19 19:45,0
2022/12/19 20:00,0
2022/12/19 20:15,0
2022/12/19 20:30,0
2022/12/19 20:45,0
2022/12/19 21:00,0
2022/12/19 21:15,0
2022/12/19 21:30,0
2022/12/19 21:45,0
2022/12/19 22:00,0
2022/12/19 22:15,0
2022/12/19 22:30,0
2022/12/19 22:45,0
2022/12/19 23:00,0
2022/12/19 23:15,0
2022/12/19 23:30,0
2022/12/19 23:45,0
2022/12/20 0:00,0
2022/12/20 0:15,0
2022/12/20 0:30,0
2022/12/20 0:45,0
2022/12/20 1:00,0
2022/12/20 1:15,0
2022/12/20 1:30,0
2022/12/20 1:45,0
2022/12/20 2:00,0
2022/12/20 2:15,0
2022/12/20 2:30,0
2022/12/20 2:45,0
2022/12/20 3:00,0
2022/12/20 3:15,0
2022/12/20 3:30,0
2022/12/20 3:45,0
2022/12/20 4:00,0
2022/12/20 4:15,0
2022/12/20 4:30,0
2022/12/20 4:45,0
2022/12/20 5:00,0
2022/12/20 5:15,0
2022/12/20 5:30,0
2022/12/20 5:45,0
2022/12/20 6:00,0
2022/12/20 6:15,0
2022/12/20 6:30,0
2022/12/20 6:45,0
2022/12/20 7:00,0
2022/12/20 7:15,0
2022/12/20 7:30,0
2022/12/20 7:45,0
2022/12/20 8:00,0
2022/12/20 8:15,0
2022/12/20 8:30,0
2022/12/20 8:45,0
2022/12/20 9:00,0
2022/12/20 9:15,0
2022/12/20 9:30,0
2022/12/20 9:45,0.017840273
2022/12/20 10:00,0.021115413
2022/12/20 10:15,0.02645817
2022/12/20 10:30,0.016695793
2022/12/20 10:45,0.006316982
2022/12/20 11:00,0.006478752
2022/12/20 11:15,0.010159662
2022/12/20 11:30,0.025104476
2022/12/20 11:45,0.025628459
2022/12/20 12:00,0.024996033
2022/12/20 12:15,0.021967452
2022/12/20 12:30,0.009971777
2022/12/20 12:45,0.006923843
2022/12/20 13:00,0.005128055
2022/12/20 13:15,0.005894423
2022/12/20 13:30,0.006449322
2022/12/20 13:45,0.00601336
2022/12/20 14:00,0.004557337
2022/12/20 14:15,0.004162956
2022/12/20 14:30,0.00301349
2022/12/20 14:45,0.002605008
2022/12/20 15:00,0
2022/12/20 15:15,0
2022/12/20 15:30,0
2022/12/20 15:45,0
2022/12/20 16:00,0
2022/12/20 16:15,0
2022/12/20 16:30,0
2022/12/20 16:45,0
2022/12/20 17:00,0
2022/12/20 17:15,0
2022/12/20 17:30,0
2022/12/20 17:45,0
2022/12/20 18:00,0
2022/12/20 18:15,0
2022/12/20 18:30,0
2022/12/20 18:45,0
2022/12/20 19:00,0
2022/12/20 19:15,0
2022/12/20 19:30,0
2022/12/20 19:45,0
2022/12/20 20:00,0
2022/12/20 20:15,0
2022/12/20 20:30,0
2022/12/20 20:45,0
2022/12/20 21:00,0
2022/12/20 21:15,0
2022/12/20 21:30,0
2022/12/20 21:45,0
2022/12/20 22:00,0
2022/12/20 22:15,0
2022/12/20 22:30,0
2022/12/20 22:45,0
2022/12/20 23:00,0
2022/12/20 23:15,0
2022/12/20 23:30,0
2022/12/20 23:45,0
2022/12/21 0:00,0
2022/12/21 0:15,0
2022/12/21 0:30,0
2022/12/21 0:45,0
2022/12/21 1:00,0
2022/12/21 1:15,0
2022/12/21 1:30,0
2022/12/21 1:45,0
2022/12/21 2:00,0
2022/12/21 2:15,0
2022/12/21 2:30,0
2022/12/21 2:45,0
2022/12/21 3:00,0
2022/12/21 3:15,0
2022/12/21 3:30,0
2022/12/21 3:45,0
2022/12/21 4:00,0
2022/12/21 4:15,0
2022/12/21 4:30,0
2022/12/21 4:45,0
2022/12/21 5:00,0
2022/12/21 5:15,0
2022/12/21 5:30,0
2022/12/21 5:45,0
2022/12/21 6:00,0
2022/12/21 6:15,0
2022/12/21 6:30,0
2022/12/21 6:45,0
2022/12/21 7:00,0
2022/12/21 7:15,0
2022/12/21 7:30,0
2022/12/21 7:45,0
2022/12/21 8:00,0
2022/12/21 8:15,0
2022/12/21 8:30,0
2022/12/21 8:45,0
2022/12/21 9:00,0
2022/12/21 9:15,0
2022/12/21 9:30,0
2022/12/21 9:45,0.404315983
2022/12/21 10:00,0.401294469
2022/12/21 10:15,0.530728043
2022/12/21 10:30,0.350175835
2022/12/21 10:45,0.137041075
2022/12/21 11:00,0.143452032
2022/12/21 11:15,0.230544899
2022/12/21 11:30,0.512173965
2022/12/21 11:45,0.47978615
2022/12/21 12:00,0.507742964
2022/12/21 12:15,0.42070057
2022/12/21 12:30,0.201378491
2022/12/21 12:45,0.139092321
2022/12/21 13:00,0.103196276
2022/12/21 13:15,0.115942177
2022/12/21 13:30,0.120973314
2022/12/21 13:45,0.116732961
2022/12/21 14:00,0.101824193
2022/12/21 14:15,0.085223038
2022/12/21 14:30,0.063151142
2022/12/21 14:45,0.056091938
2022/12/21 15:00,0
2022/12/21 15:15,0
2022/12/21 15:30,0
2022/12/21 15:45,0
2022/12/21 16:00,0
2022/12/21 16:15,0
2022/12/21 16:30,0
2022/12/21 16:45,0
2022/12/21 17:00,0
2022/12/21 17:15,0
2022/12/21 17:30,0
2022/12/21 17:45,0
2022/12/21 18:00,0
2022/12/21 18:15,0
2022/12/21 18:30,0
2022/12/21 18:45,0
2022/12/21 19:00,0
2022/12/21 19:15,0
2022/12/21 19:30,0
2022/12/21 19:45,0
2022/12/21 20:00,0
2022/12/21 20:15,0
2022/12/21 20:30,0
2022/12/21 20:45,0
2022/12/21 21:00,0
2022/12/21 21:15,0
2022/12/21 21:30,0
2022/12/21 21:45,0
2022/12/21 22:00,0
2022/12/21 22:15,0
2022/12/21 22:30,0
2022/12/21 22:45,0
2022/12/21 23:00,0
2022/12/21 23:15,0
2022/12/21 23:30,0
2022/12/21 23:45,0
2022/12/22 0:00,0
2022/12/22 0:15,0
2022/12/22 0:30,0
2022/12/22 0:45,0
2022/12/22 1:00,0
2022/12/22 1:15,0
2022/12/22 1:30,0
2022/12/22 1:45,0
2022/12/22 2:00,0
2022/12/22 2:15,0
2022/12/22 2:30,0
2022/12/22 2:45,0
2022/12/22 3:00,0
2022/12/22 3:15,0
2022/12/22 3:30,0
2022/12/22 3:45,0
2022/12/22 4:00,0
2022/12/22 4:15,0
2022/12/22 4:30,0
2022/12/22 4:45,0
2022/12/22 5:00,0
2022/12/22 5:15,0
2022/12/22 5:30,0
2022/12/22 5:45,0
2022/12/22 6:00,0
2022/12/22 6:15,0
2022/12/22 6:30,0
2022/12/22 6:45,0
2022/12/22 7:00,0
2022/12/22 7:15,0
2022/12/22 7:30,0
2022/12/22 7:45,0
2022/12/22 8:00,0
2022/12/22 8:15,0
2022/12/22 8:30,0
2022/12/22 8:45,0
2022/12/22 9:00,0
2022/12/22 9:15,0
2022/12/22 9:30,0
2022/12/22 9:45,0.401943071
2022/12/22 10:00,0.468218803
2022/12/22 10:15,0.566791221
2022/12/22 10:30,0.370586354
2022/12/22 10:45,0.1304353
2022/12/22 11:00,0.147628445
2022/12/22 11:15,0.214741056
2022/12/22 11:30,0.531287836
2022/12/22 11:45,0.548417239
2022/12/22 12:00,0.57642476
2022/12/22 12:15,0.496791158
2022/12/22 12:30,0.224249618
2022/12/22 12:45,0.153421366
2022/12/22 13:00,0.113321583
2022/12/22 13:15,0.132268304
2022/12/22 13:30,0.139704697
2022/12/22 13:45,0.127157824
2022/12/22 14:00,0.098712731
2022/12/22 14:15,0.088567335
2022/12/22 14:30,0.066126131
2022/12/22 14:45,0.055467204
2022/12/22 15:00,0
2022/12/22 15:15,0
2022/12/22 15:30,0
2022/12/22 15:45,0
2022/12/22 16:00,0
2022/12/22 16:15,0
2022/12/22 16:30,0
2022/12/22 16:45,0
2022/12/22 17:00,0
2022/12/22 17:15,0
2022/12/22 17:30,0
2022/12/22 17:45,0
2022/12/22 18:00,0
2022/12/22 18:15,0
2022/12/22 18:30,0
2022/12/22 18:45,0
2022/12/22 19:00,0
2022/12/22 19:15,0
2022/12/22 19:30,0
2022/12/22 19:45,0
2022/12/22 20:00,0
2022/12/22 20:15,0
2022/12/22 20:30,0
2022/12/22 20:45,0
2022/12/22 21:00,0
2022/12/22 21:15,0
2022/12/22 21:30,0
2022/12/22 21:45,0
2022/12/22 22:00,0
2022/12/22 22:15,0
2022/12/22 22:30,0
2022/12/22 22:45,0
2022/12/22 23:00,0
2022/12/22 23:15,0
2022/12/22 23:30,0
2022/12/22 23:45,0
2022/12/23 0:00,0
2022/12/23 0:15,0
2022/12/23 0:30,0
2022/12/23 0:45,0
2022/12/23 1:00,0
2022/12/23 1:15,0
2022/12/23 1:30,0
2022/12/23 1:45,0
2022/12/23 2:00,0
2022/12/23 2:15,0
2022/12/23 2:30,0
2022/12/23 2:45,0
2022/12/23 3:00,0
2022/12/23 3:15,0
2022/12/23 3:30,0
2022/12/23 3:45,0
2022/12/23 4:00,0
2022/12/23 4:15,0
2022/12/23 4:30,0
2022/12/23 4:45,0
2022/12/23 5:00,0
2022/12/23 5:15,0
2022/12/23 5:30,0
2022/12/23 5:45,0
2022/12/23 6:00,0
2022/12/23 6:15,0
2022/12/23 6:30,0
2022/12/23 6:45,0
2022/12/23 7:00,0
2022/12/23 7:15,0
2022/12/23 7:30,0
2022/12/23 7:45,0
2022/12/23 8:00,0
2022/12/23 8:15,0
2022/12/23 8:30,0
2022/12/23 8:45,0
2022/12/23 9:00,0
2022/12/23 9:15,0
2022/12/23 9:30,0
2022/12/23 9:45,0.404145333
2022/12/23 10:00,0.482795115
2022/12/23 10:15,0.586576941
2022/12/23 10:30,0.373888336
2022/12/23 10:45,0.134558797
2022/12/23 11:00,0.151121147
2022/12/23 11:15,0.226857442
2022/12/23 11:30,0.559297302
2022/12/23 11:45,0.546677891
2022/12/23 12:00,0.560975114
2022/12/23 12:15,0.490011847
2022/12/23 12:30,0.216271908
2022/12/23 12:45,0.159899969
2022/12/23 13:00,0.114678023
2022/12/23 13:15,0.138504118
2022/12/23 13:30,0.143599215
2022/12/23 13:45,0.128241299
2022/12/23 14:00,0.10263531
2022/12/23 14:15,0.097194099
2022/12/23 14:30,0.068976457
2022/12/23 14:45,0.057616985
2022/12/23 15:00,0
2022/12/23 15:15,0
2022/12/23 15:30,0
2022/12/23 15:45,0
2022/12/23 16:00,0
2022/12/23 16:15,0
2022/12/23 16:30,0
2022/12/23 16:45,0
2022/12/23 17:00,0
2022/12/23 17:15,0
2022/12/23 17:30,0
2022/12/23 17:45,0
2022/12/23 18:00,0
2022/12/23 18:15,0
2022/12/23 18:30,0
2022/12/23 18:45,0
2022/12/23 19:00,0
2022/12/23 19:15,0
2022/12/23 19:30,0
2022/12/23 19:45,0
2022/12/23 20:00,0
2022/12/23 20:15,0
2022/12/23 20:30,0
2022/12/23 20:45,0
2022/12/23 21:00,0
2022/12/23 21:15,0
2022/12/23 21:30,0
2022/12/23 21:45,0
2022/12/23 22:00,0
2022/12/23 22:15,0
2022/12/23 22:30,0
2022/12/23 22:45,0
2022/12/23 23:00,0
2022/12/23 23:15,0
2022/12/23 23:30,0
2022/12/23 23:45,0
2022/12/24 0:00,0
2022/12/24 0:15,0
2022/12/24 0:30,0
2022/12/24 0:45,0
2022/12/24 1:00,0
2022/12/24 1:15,0
2022/12/24 1:30,0
2022/12/24 1:45,0
2022/12/24 2:00,0
2022/12/24 2:15,0
2022/12/24 2:30,0
2022/12/24 2:45,0
2022/12/24 3:00,0
2022/12/24 3:15,0
2022/12/24 3:30,0
2022/12/24 3:45,0
2022/12/24 4:00,0
2022/12/24 4:15,0
2022/12/24 4:30,0
2022/12/24 4:45,0
2022/12/24 5:00,0
2022/12/24 5:15,0
2022/12/24 5:30,0
2022/12/24 5:45,0
2022/12/24 6:00,0
2022/12/24 6:15,0
2022/12/24 6:30,0
2022/12/24 6:45,0
2022/12/24 7:00,0
2022/12/24 7:15,0
2022/12/24 7:30,0
2022/12/24 7:45,0
2022/12/24 8:00,0
2022/12/24 8:15,0
2022/12/24 8:30,0
2022/12/24 8:45,0
2022/12/24 9:00,0
2022/12/24 9:15,0
2022/12/24 9:30,0
2022/12/24 9:45,0.37656276
2022/12/24 10:00,0.523759693
2022/12/24 10:15,0.618142767
2022/12/24 10:30,0.378466322
2022/12/24 10:45,0.14572941
2022/12/24 11:00,0.142936226
2022/12/24 11:15,0.24929946
2022/12/24 11:30,0.594515868
2022/12/24 11:45,0.553459531
2022/12/24 12:00,0.524617257
2022/12/24 12:15,0.513919519
2022/12/24 12:30,0.196341098
2022/12/24 12:45,0.135263254
2022/12/24 13:00,0.108693255
2022/12/24 13:15,0.118494913
2022/12/24 13:30,0.144315947
2022/12/24 13:45,0.133982277
2022/12/24 14:00,0.093284073
2022/12/24 14:15,0.103285944
2022/12/24 14:30,0.066979453
2022/12/24 14:45,0.058640665
2022/12/24 15:00,0
2022/12/24 15:15,0
2022/12/24 15:30,0
2022/12/24 15:45,0
2022/12/24 16:00,0
2022/12/24 16:15,0
2022/12/24 16:30,0
2022/12/24 16:45,0
2022/12/24 17:00,0
2022/12/24 17:15,0
2022/12/24 17:30,0
2022/12/24 17:45,0
2022/12/24 18:00,0
2022/12/24 18:15,0
2022/12/24 18:30,0
2022/12/24 18:45,0
2022/12/24 19:00,0
2022/12/24 19:15,0
2022/12/24 19:30,0
2022/12/24 19:45,0
2022/12/24 20:00,0
2022/12/24 20:15,0
2022/12/24 20:30,0
2022/12/24 20:45,0
2022/12/24 21:00,0
2022/12/24 21:15,0
2022/12/24 21:30,0
2022/12/24 21:45,0
2022/12/24 22:00,0
2022/12/24 22:15,0
2022/12/24 22:30,0
2022/12/24 22:45,0
2022/12/24 23:00,0
2022/12/24 23:15,0
2022/12/24 23:30,0
2022/12/24 23:45,0
2022/12/25 0:00,0
2022/12/25 0:15,0
2022/12/25 0:30,0
2022/12/25 0:45,0
2022/12/25 1:00,0
2022/12/25 1:15,0
2022/12/25 1:30,0
2022/12/25 1:45,0
2022/12/25 2:00,0
2022/12/25 2:15,0
2022/12/25 2:30,0
2022/12/25 2:45,0
2022/12/25 3:00,0
2022/12/25 3:15,0
2022/12/25 3:30,0
2022/12/25 3:45,0
2022/12/25 4:00,0
2022/12/25 4:15,0
2022/12/25 4:30,0
2022/12/25 4:45,0
2022/12/25 5:00,0
2022/12/25 5:15,0
2022/12/25 5:30,0
2022/12/25 5:45,0
2022/12/25 6:00,0
2022/12/25 6:15,0
2022/12/25 6:30,0
2022/12/25 6:45,0
2022/12/25 7:00,0
2022/12/25 7:15,0
2022/12/25 7:30,0
2022/12/25 7:45,0
2022/12/25 8:00,0
2022/12/25 8:15,0
2022/12/25 8:30,0
2022/12/25 8:45,0
2022/12/25 9:00,0
2022/12/25 9:15,0
2022/12/25 9:30,0
2022/12/25 9:45,0.38678831
2022/12/25 10:00,0.458805567
2022/12/25 10:15,0.602278088
2022/12/25 10:30,0.388594653
2022/12/25 10:45,0.138745277
2022/12/25 11:00,0.147127009
2022/12/25 11:15,0.227876611
2022/12/25 11:30,0.551940289
2022/12/25 11:45,0.595213273
2022/12/25 12:00,0.571187357
2022/12/25 12:15,0.491856691
2022/12/25 12:30,0.223010058
2022/12/25 12:45,0.151701177
2022/12/25 13:00,0.120053632
2022/12/25 13:15,0.135307048
2022/12/25 13:30,0.144386986
2022/12/25 13:45,0.133193316
2022/12/25 14:00,0.102874197
2022/12/25 14:15,0.090981545
2022/12/25 14:30,0.063412693
2022/12/25 14:45,0.05744004
2022/12/25 15:00,0
2022/12/25 15:15,0
2022/12/25 15:30,0
2022/12/25 15:45,0
2022/12/25 16:00,0
2022/12/25 16:15,0
2022/12/25 16:30,0
2022/12/25 16:45,0
2022/12/25 17:00,0
2022/12/25 17:15,0
2022/12/25 17:30,0
2022/12/25 17:45,0
2022/12/25 18:00,0
2022/12/25 18:15,0
2022/12/25 18:30,0
2022/12/25 18:45,0
2022/12/25 19:00,0
2022/12/25 19:15,0
2022/12/25 19:30,0
2022/12/25 19:45,0
2022/12/25 20:00,0
2022/12/25 20:15,0
2022/12/25 20:30,0
2022/12/25 20:45,0
2022/12/25 21:00,0
2022/12/25 21:15,0
2022/12/25 21:30,0
2022/12/25 21:45,0
2022/12/25 22:00,0
2022/12/25 22:15,0
2022/12/25 22:30,0
2022/12/25 22:45,0
2022/12/25 23:00,0
2022/12/25 23:15,0
2022/12/25 23:30,0
2022/12/25 23:45,0
2022/12/26 0:00,0
2022/12/26 0:15,0
2022/12/26 0:30,0
2022/12/26 0:45,0
2022/12/26 1:00,0
2022/12/26 1:15,0
2022/12/26 1:30,0
2022/12/26 1:45,0
2022/12/26 2:00,0
2022/12/26 2:15,0
2022/12/26 2:30,0
2022/12/26 2:45,0
2022/12/26 3:00,0
2022/12/26 3:15,0
2022/12/26 3:30,0
2022/12/26 3:45,0
2022/12/26 4:00,0
2022/12/26 4:15,0
2022/12/26 4:30,0
2022/12/26 4:45,0
2022/12/26 5:00,0
2022/12/26 5:15,0
2022/12/26 5:30,0
2022/12/26 5:45,0
2022/12/26 6:00,0
2022/12/26 6:15,0
2022/12/26 6:30,0
2022/12/26 6:45,0
2022/12/26 7:00,0
2022/12/26 7:15,0
2022/12/26 7:30,0
2022/12/26 7:45,0
2022/12/26 8:00,0
2022/12/26 8:15,0
2022/12/26 8:30,0
2022/12/26 8:45,0
2022/12/26 9:00,0
2022/12/26 9:15,0
2022/12/26 9:30,0
2022/12/26 9:45,0.397961257
2022/12/26 10:00,0.468209778
2022/12/26 10:15,0.604220631
2022/12/26 10:30,0.393740368
2022/12/26 10:45,0.131915941
2022/12/26 11:00,0.150438995
2022/12/26 11:15,0.241494488
2022/12/26 11:30,0.564579584
2022/12/26 11:45,0.59489268
2022/12/26 12:00,0.605649891
2022/12/26 12:15,0.480328427
2022/12/26 12:30,0.227817112
2022/12/26 12:45,0.156377702
2022/12/26 13:00,0.112541926
2022/12/26 13:15,0.131769175
2022/12/26 13:30,0.148865836
2022/12/26 13:45,0.123747422
2022/12/26 14:00,0.10035447
2022/12/26 14:15,0.102197529
2022/12/26 14:30,0.068466591
2022/12/26 14:45,0.05691089
2022/12/26 15:00,0
2022/12/26 15:15,0
2022/12/26 15:30,0
2022/12/26 15:45,0
2022/12/26 16:00,0
2022/12/26 16:15,0
2022/12/26 16:30,0
2022/12/26 16:45,0
2022/12/26 17:00,0
2022/12/26 17:15,0
2022/12/26 17:30,0
2022/12/26 17:45,0
2022/12/26 18:00,0
2022/12/26 18:15,0
2022/12/26 18:30,0
2022/12/26 18:45,0
2022/12/26 19:00,0
2022/12/26 19:15,0
2022/12/26 19:30,0
2022/12/26 19:45,0
2022/12/26 20:00,0
2022/12/26 20:15,0
2022/12/26 20:30,0
2022/12/26 20:45,0
2022/12/26 21:00,0
2022/12/26 21:15,0
2022/12/26 21:30,0
2022/12/26 21:45,0
2022/12/26 22:00,0
2022/12/26 22:15,0
2022/12/26 22:30,0
2022/12/26 22:45,0
2022/12/26 23:00,0
2022/12/26 23:15,0
2022/12/26 23:30,0
2022/12/26 23:45,0
2022/12/27 0:00,0
2022/12/27 0:15,0
2022/12/27 0:30,0
2022/12/27 0:45,0
2022/12/27 1:00,0
2022/12/27 1:15,0
2022/12/27 1:30,0
2022/12/27 1:45,0
2022/12/27 2:00,0
2022/12/27 2:15,0
2022/12/27 2:30,0
2022/12/27 2:45,0
2022/12/27 3:00,0
2022/12/27 3:15,0
2022/12/27 3:30,0
2022/12/27 3:45,0
2022/12/27 4:00,0
2022/12/27 4:15,0
2022/12/27 4:30,0
2022/12/27 4:45,0
2022/12/27 5:00,0
2022/12/27 5:15,0
2022/12/27 5:30,0
2022/12/27 5:45,0
2022/12/27 6:00,0
2022/12/27 6:15,0
2022/12/27 6:30,0
2022/12/27 6:45,0
2022/12/27 7:00,0
2022/12/27 7:15,0
2022/12/27 7:30,0
2022/12/27 7:45,0
2022/12/27 8:00,0
2022/12/27 8:15,0
2022/12/27 8:30,0
2022/12/27 8:45,0
2022/12/27 9:00,0
2022/12/27 9:15,0
2022/12/27 9:30,0
2022/12/27 9:45,0.017300007
2022/12/27 10:00,0.01990053
2022/12/27 10:15,0.025807655
2022/12/27 10:30,0.015704303
2022/12/27 10:45,0.005975308
2022/12/27 11:00,0.006327245
2022/12/27 11:15,0.010031548
2022/12/27 11:30,0.023803422
2022/12/27 11:45,0.024485247
2022/12/27 12:00,0.024429426
2022/12/27 12:15,0.021224895
2022/12/27 12:30,0.009694503
2022/12/27 12:45,0.006651435
2022/12/27 13:00,0.004962768
2022/12/27 13:15,0.005735906
2022/12/27 13:30,0.006143953
2022/12/27 13:45,0.005672078
2022/12/27 14:00,0.004363855
2022/12/27 14:15,0.004005173
2022/12/27 14:30,0.002886621
2022/12/27 14:45,0.002511835
2022/12/27 15:00,0
2022/12/27 15:15,0
2022/12/27 15:30,0
2022/12/27 15:45,0
2022/12/27 16:00,0
2022/12/27 16:15,0
2022/12/27 16:30,0
2022/12/27 16:45,0
2022/12/27 17:00,0
2022/12/27 17:15,0
2022/12/27 17:30,0
2022/12/27 17:45,0
2022/12/27 18:00,0
2022/12/27 18:15,0
2022/12/27 18:30,0
2022/12/27 18:45,0
2022/12/27 19:00,0
2022/12/27 19:15,0
2022/12/27 19:30,0
2022/12/27 19:45,0
2022/12/27 20:00,0
2022/12/27 20:15,0
2022/12/27 20:30,0
2022/12/27 20:45,0
2022/12/27 21:00,0
2022/12/27 21:15,0
2022/12/27 21:30,0
2022/12/27 21:45,0
2022/12/27 22:00,0
2022/12/27 22:15,0
2022/12/27 22:30,0
2022/12/27 22:45,0
2022/12/27 23:00,0
2022/12/27 23:15,0
2022/12/27 23:30,0
2022/12/27 23:45,0
2022/12/28 0:00,0
2022/12/28 0:15,0
2022/12/28 0:30,0
2022/12/28 0:45,0
2022/12/28 1:00,0
2022/12/28 1:15,0
2022/12/28 1:30,0
2022/12/28 1:45,0
2022/12/28 2:00,0
2022/12/28 2:15,0
2022/12/28 2:30,0
2022/12/28 2:45,0
2022/12/28 3:00,0
2022/12/28 3:15,0
2022/12/28 3:30,0
2022/12/28 3:45,0
2022/12/28 4:00,0
2022/12/28 4:15,0
2022/12/28 4:30,0
2022/12/28 4:45,0
2022/12/28 5:00,0
2022/12/28 5:15,0
2022/12/28 5:30,0
2022/12/28 5:45,0
2022/12/28 6:00,0
2022/12/28 6:15,0
2022/12/28 6:30,0
2022/12/28 6:45,0
2022/12/28 7:00,0
2022/12/28 7:15,0
2022/12/28 7:30,0
2022/12/28 7:45,0
2022/12/28 8:00,0
2022/12/28 8:15,0
2022/12/28 8:30,0
2022/12/28 8:45,0
2022/12/28 9:00,0
2022/12/28 9:15,0
2022/12/28 9:30,0
2022/12/28 9:45,0.413954801
2022/12/28 10:00,0.474917257
2022/12/28 10:15,0.614040616
2022/12/28 10:30,0.370733377
2022/12/28 10:45,0.141176419
2022/12/28 11:00,0.139483406
2022/12/28 11:15,0.233456577
2022/12/28 11:30,0.574194773
2022/12/28 11:45,0.533826407
2022/12/28 12:00,0.571618624
2022/12/28 12:15,0.474785061
2022/12/28 12:30,0.219113574
2022/12/28 12:45,0.147782026
2022/12/28 13:00,0.12026162
2022/12/28 13:15,0.126271604
2022/12/28 13:30,0.145698541
2022/12/28 13:45,0.135386349
2022/12/28 14:00,0.10633659
2022/12/28 14:15,0.092389812
2022/12/28 14:30,0.066464331
2022/12/28 14:45,0.059410513
2022/12/28 15:00,0
2022/12/28 15:15,0
2022/12/28 15:30,0
2022/12/28 15:45,0
2022/12/28 16:00,0
2022/12/28 16:15,0
2022/12/28 16:30,0
2022/12/28 16:45,0
2022/12/28 17:00,0
2022/12/28 17:15,0
2022/12/28 17:30,0
2022/12/28 17:45,0
2022/12/28 18:00,0
2022/12/28 18:15,0
2022/12/28 18:30,0
2022/12/28 18:45,0
2022/12/28 19:00,0
2022/12/28 19:15,0
2022/12/28 19:30,0
2022/12/28 19:45,0
2022/12/28 20:00,0
2022/12/28 20:15,0
2022/12/28 20:30,0
2022/12/28 20:45,0
2022/12/28 21:00,0
2022/12/28 21:15,0
2022/12/28 21:30,0
2022/12/28 21:45,0
2022/12/28 22:00,0
2022/12/28 22:15,0
2022/12/28 22:30,0
2022/12/28 22:45,0
2022/12/28 23:00,0
2022/12/28 23:15,0
2022/12/28 23:30,0
2022/12/28 23:45,0
2022/12/29 0:00,0
2022/12/29 0:15,0
2022/12/29 0:30,0
2022/12/29 0:45,0
2022/12/29 1:00,0
2022/12/29 1:15,0
2022/12/29 1:30,0
2022/12/29 1:45,0
2022/12/29 2:00,0
2022/12/29 2:15,0
2022/12/29 2:30,0
2022/12/29 2:45,0
2022/12/29 3:00,0
2022/12/29 3:15,0
2022/12/29 3:30,0
2022/12/29 3:45,0
2022/12/29 4:00,0
2022/12/29 4:15,0
2022/12/29 4:30,0
2022/12/29 4:45,0
2022/12/29 5:00,0
2022/12/29 5:15,0
2022/12/29 5:30,0
2022/12/29 5:45,0
2022/12/29 6:00,0
2022/12/29 6:15,0
2022/12/29 6:30,0
2022/12/29 6:45,0
2022/12/29 7:00,0
2022/12/29 7:15,0
2022/12/29 7:30,0
2022/12/29 7:45,0
2022/12/29 8:00,0
2022/12/29 8:15,0
2022/12/29 8:30,0
2022/12/29 8:45,0
2022/12/29 9:00,0
2022/12/29 9:15,0
2022/12/29 9:30,0
2022/12/29 9:45,0.015952839
2022/12/29 10:00,0.019078488
2022/12/29 10:15,0.024489334
2022/12/29 10:30,0.015307609
2022/12/29 10:45,0.005737899
2022/12/29 11:00,0.005956121
2022/12/29 11:15,0.009463563
2022/12/29 11:30,0.022415513
2022/12/29 11:45,0.023326641
2022/12/29 12:00,0.023494393
2022/12/29 12:15,0.020119148
2022/12/29 12:30,0.009169411
2022/12/29 12:45,0.006402595
2022/12/29 13:00,0.004682011
2022/12/29 13:15,0.005676225
2022/12/29 13:30,0.005859145
2022/12/29 13:45,0.005372819
2022/12/29 14:00,0.004186395
2022/12/29 14:15,0.003834263
2022/12/29 14:30,0.002667572
2022/12/29 14:45,0.002381649
2022/12/29 15:00,0
2022/12/29 15:15,0
2022/12/29 15:30,0
2022/12/29 15:45,0
2022/12/29 16:00,0
2022/12/29 16:15,0
2022/12/29 16:30,0
2022/12/29 16:45,0
2022/12/29 17:00,0
2022/12/29 17:15,0
2022/12/29 17:30,0
2022/12/29 17:45,0
2022/12/29 18:00,0
2022/12/29 18:15,0
2022/12/29 18:30,0
2022/12/29 18:45,0
2022/12/29 19:00,0
2022/12/29 19:15,0
2022/12/29 19:30,0
2022/12/29 19:45,0
2022/12/29 20:00,0
2022/12/29 20:15,0
2022/12/29 20:30,0
2022/12/29 20:45,0
2022/12/29 21:00,0
2022/12/29 21:15,0
2022/12/29 21:30,0
2022/12/29 21:45,0
2022/12/29 22:00,0
2022/12/29 22:15,0
2022/12/29 22:30,0
2022/12/29 22:45,0
2022/12/29 23:00,0
2022/12/29 23:15,0
2022/12/29 23:30,0
2022/12/29 23:45,0
2022/12/30 0:00,0
2022/12/30 0:15,0
2022/12/30 0:30,0
2022/12/30 0:45,0
2022/12/30 1:00,0
2022/12/30 1:15,0
2022/12/30 1:30,0
2022/12/30 1:45,0
2022/12/30 2:00,0
2022/12/30 2:15,0
2022/12/30 2:30,0
2022/12/30 2:45,0
2022/12/30 3:00,0
2022/12/30 3:15,0
2022/12/30 3:30,0
2022/12/30 3:45,0
2022/12/30 4:00,0
2022/12/30 4:15,0
2022/12/30 4:30,0
2022/12/30 4:45,0
2022/12/30 5:00,0
2022/12/30 5:15,0
2022/12/30 5:30,0
2022/12/30 5:45,0
2022/12/30 6:00,0
2022/12/30 6:15,0
2022/12/30 6:30,0
2022/12/30 6:45,0
2022/12/30 7:00,0
2022/12/30 7:15,0
2022/12/30 7:30,0
2022/12/30 7:45,0
2022/12/30 8:00,0
2022/12/30 8:15,0
2022/12/30 8:30,0
2022/12/30 8:45,0
2022/12/30 9:00,0
2022/12/30 9:15,0
2022/12/30 9:30,0
2022/12/30 9:45,0.363061899
2022/12/30 10:00,0.464030311
2022/12/30 10:15,0.537049789
2022/12/30 10:30,0.351781831
2022/12/30 10:45,0.136078558
2022/12/30 11:00,0.140046692
2022/12/30 11:15,0.226133018
2022/12/30 11:30,0.46862609
2022/12/30 11:45,0.528993317
2022/12/30 12:00,0.522494046
2022/12/30 12:15,0.417445028
2022/12/30 12:30,0.199984279
2022/12/30 12:45,0.130656277
2022/12/30 13:00,0.11190701
2022/12/30 13:15,0.143889971
2022/12/30 13:30,0.14375615
2022/12/30 13:45,0.135982909
2022/12/30 14:00,0.102490885
2022/12/30 14:15,0.094381112
2022/12/30 14:30,0.068368793
2022/12/30 14:45,0.050327179
2022/12/30 15:00,0
2022/12/30 15:15,0
2022/12/30 15:30,0
2022/12/30 15:45,0
2022/12/30 16:00,0
2022/12/30 16:15,0
2022/12/30 16:30,0
2022/12/30 16:45,0
2022/12/30 17:00,0
2022/12/30 17:15,0
2022/12/30 17:30,0
2022/12/30 17:45,0
2022/12/30 18:00,0
2022/12/30 18:15,0
2022/12/30 18:30,0
2022/12/30 18:45,0
2022/12/30 19:00,0
2022/12/30 19:15,0
2022/12/30 19:30,0
2022/12/30 19:45,0
2022/12/30 20:00,0
2022/12/30 20:15,0
2022/12/30 20:30,0
2022/12/30 20:45,0
2022/12/30 21:00,0
2022/12/30 21:15,0
2022/12/30 21:30,0
2022/12/30 21:45,0
2022/12/30 22:00,0
2022/12/30 22:15,0
2022/12/30 22:30,0
2022/12/30 22:45,0
2022/12/30 23:00,0
2022/12/30 23:15,0
2022/12/30 23:30,0
2022/12/30 23:45,0
2022/12/31 0:00,0
2022/12/31 0:15,0
2022/12/31 0:30,0
2022/12/31 0:45,0
2022/12/31 1:00,0
2022/12/31 1:15,0
2022/12/31 1:30,0
2022/12/31 1:45,0
2022/12/31 2:00,0
2022/12/31 2:15,0
2022/12/31 2:30,0
2022/12/31 2:45,0
2022/12/31 3:00,0
2022/12/31 3:15,0
2022/12/31 3:30,0
2022/12/31 3:45,0
2022/12/31 4:00,0
2022/12/31 4:15,0
2022/12/31 4:30,0
2022/12/31 4:45,0
2022/12/31 5:00,0
2022/12/31 5:15,0
2022/12/31 5:30,0
2022/12/31 5:45,0
2022/12/31 6:00,0
2022/12/31 6:15,0
2022/12/31 6:30,0
2022/12/31 6:45,0
2022/12/31 7:00,0
2022/12/31 7:15,0
2022/12/31 7:30,0
2022/12/31 7:45,0
2022/12/31 8:00,0
2022/12/31 8:15,0
2022/12/31 8:30,0
2022/12/31 8:45,0
2022/12/31 9:00,0
2022/12/31 9:15,0
2022/12/31 9:30,0
2022/12/31 9:45,0.318649508
2022/12/31 10:00,0.40013258
2022/12/31 10:15,0.582730677
2022/12/31 10:30,0.356263803
2022/12/31 10:45,0.129335965
2022/12/31 11:00,0.137939213
2022/12/31 11:15,0.214240665
2022/12/31 11:30,0.522132733
2022/12/31 11:45,0.529146679
2022/12/31 12:00,0.552005458
2022/12/31 12:15,0.452474167
2022/12/31 12:30,0.213345876
2022/12/31 12:45,0.142194832
2022/12/31 13:00,0.109023931
2022/12/31 13:15,0.120409641
2022/12/31 13:30,0.133106859
2022/12/31 13:45,0.111442252
2022/12/31 14:00,0.099542396
2022/12/31 14:15,0.080010539
2022/12/31 14:30,0.062833276
2022/12/31 14:45,0.051579276
2022/12/31 15:00,0
2022/12/31 15:15,0
2022/12/31 15:30,0
2022/12/31 15:45,0
2022/12/31 16:00,0
2022/12/31 16:15,0
2022/12/31 16:30,0
2022/12/31 16:45,0
2022/12/31 17:00,0
2022/12/31 17:15,0
2022/12/31 17:30,0
2022/12/31 17:45,0
2022/12/31 18:00,0
2022/12/31 18:15,0
2022/12/31 18:30,0
2022/12/31 18:45,0
2022/12/31 19:00,0
2022/12/31 19:15,0
2022/12/31 19:30,0
2022/12/31 19:45,0
2022/12/31 20:00,0
2022/12/31 20:15,0
2022/12/31 20:30,0
2022/12/31 20:45,0
2022/12/31 21:00,0
2022/12/31 21:15,0
2022/12/31 21:30,0
2022/12/31 21:45,0
2022/12/31 22:00,0
2022/12/31 22:15,0
2022/12/31 22:30,0
2022/12/31 22:45,0
2022/12/31 23:00,0
2022/12/31 23:15,0
2022/12/31 23:30,0
2022/12/31 23:45,0
2023/1/1 0:00,0
2023/1/1 0:15,0
2023/1/1 0:30,0
2023/1/1 0:45,0
2023/1/1 1:00,0
2023/1/1 1:15,0
2023/1/1 1:30,0
2023/1/1 1:45,0
2023/1/1 2:00,0
2023/1/1 2:15,0
2023/1/1 2:30,0
2023/1/1 2:45,0
2023/1/1 3:00,0
2023/1/1 3:15,0
2023/1/1 3:30,0
2023/1/1 3:45,0
2023/1/1 4:00,0
2023/1/1 4:15,0
2023/1/1 4:30,0
2023/1/1 4:45,0
2023/1/1 5:00,0
2023/1/1 5:15,0
2023/1/1 5:30,0
2023/1/1 5:45,0
2023/1/1 6:00,0
2023/1/1 6:15,0
2023/1/1 6:30,0
2023/1/1 6:45,0
2023/1/1 7:00,0.010896502
2023/1/1 7:15,0.0187332
2023/1/1 7:30,0.027585158
2023/1/1 7:45,0.036348573
2023/1/1 8:00,0.039928612
2023/1/1 8:15,0.045937897
2023/1/1 8:30,0.055661555
2023/1/1 8:45,0.057947791
2023/1/1 9:00,0.063282266
2023/1/1 9:15,0.063944892
2023/1/1 9:30,0.06208188
2023/1/1 9:45,0.061522302
2023/1/1 10:00,0.068022045
2023/1/1 10:15,0.074562488
2023/1/1 10:30,0.078808118
2023/1/1 10:45,0.085704492
2023/1/1 11:00,0.097101524
2023/1/1 11:15,0.120638028
2023/1/1 11:30,0.138839052
2023/1/1 11:45,0.190324549
2023/1/1 12:00,0.27206979
2023/1/1 12:15,0.294010999
2023/1/1 12:30,0.326992004
2023/1/1 12:45,0.366414176
2023/1/1 13:00,0.400646156
2023/1/1 13:15,0.439467497
2023/1/1 13:30,0.479029481
2023/1/1 13:45,0.497438542
2023/1/1 14:00,0.491147356
2023/1/1 14:15,0.478325501
2023/1/1 14:30,0.504040935
2023/1/1 14:45,0.529318241
2023/1/1 15:00,0.52019172
2023/1/1 15:15,0.459558761
2023/1/1 15:30,0.469221704
2023/1/1 15:45,0.463445171
2023/1/1 16:00,0.431676394
2023/1/1 16:15,0.393707926
2023/1/1 16:30,0.377684273
2023/1/1 16:45,0.354773154
2023/1/1 17:00,0.334186926
2023/1/1 17:15,0.300055939
2023/1/1 17:30,0.279096889
2023/1/1 17:45,0.252041049
2023/1/1 18:00,0.227885315
2023/1/1 18:15,0.190317505
2023/1/1 18:30,0.144150767
2023/1/1 18:45,0.101765251
2023/1/1 19:00,0.074759037
2023/1/1 19:15,0.044027716
2023/1/1 19:30,0.02719999
2023/1/1 19:45,0.01718251
2023/1/1 20:00,0.009397906
2023/1/1 20:15,0
2023/1/1 20:30,0
2023/1/1 20:45,0
2023/1/1 21:00,0
2023/1/1 21:15,0
2023/1/1 21:30,0
2023/1/1 21:45,0
2023/1/1 22:00,0
2023/1/1 22:15,0
2023/1/1 22:30,0
2023/1/1 22:45,0
2023/1/1 23:00,0
2023/1/1 23:15,0
2023/1/1 23:30,0
2023/1/1 23:45,0
2023/1/2 0:00,0
2023/1/2 0:15,0
2023/1/2 0:30,0
2023/1/2 0:45,0
2023/1/2 1:00,0
2023/1/2 1:15,0
2023/1/2 1:30,0
2023/1/2 1:45,0
2023/1/2 2:00,0
2023/1/2 2:15,0
2023/1/2 2:30,0
2023/1/2 2:45,0
2023/1/2 3:00,0
2023/1/2 3:15,0
2023/1/2 3:30,0
2023/1/2 3:45,0
2023/1/2 4:00,0
2023/1/2 4:15,0
2023/1/2 4:30,0
2023/1/2 4:45,0
2023/1/2 5:00,0
2023/1/2 5:15,0
2023/1/2 5:30,0
2023/1/2 5:45,0
2023/1/2 6:00,0
2023/1/2 6:15,0
2023/1/2 6:30,0
2023/1/2 6:45,0
2023/1/2 7:00,0.011712997
2023/1/2 7:15,0.019295727
2023/1/2 7:30,0.028341209
2023/1/2 7:45,0.038281228
2023/1/2 8:00,0.043856056
2023/1/2 8:15,0.049845274
2023/1/2 8:30,0.057041957
2023/1/2 8:45,0.059692679
2023/1/2 9:00,0.063958129
2023/1/2 9:15,0.065292657
2023/1/2 9:30,0.06430657
2023/1/2 9:45,0.062970496
2023/1/2 10:00,0.070056051
2023/1/2 10:15,0.076581045
2023/1/2 10:30,0.084026868
2023/1/2 10:45,0.093133842
2023/1/2 11:00,0.102825422
2023/1/2 11:15,0.12969907
2023/1/2 11:30,0.146498135
2023/1/2 11:45,0.203324798
2023/1/2 12:00,0.27793792
2023/1/2 12:15,0.308327189
2023/1/2 12:30,0.346709367
2023/1/2 12:45,0.396763659
2023/1/2 13:00,0.438024765
2023/1/2 13:15,0.487457164
2023/1/2 13:30,0.523072145
2023/1/2 13:45,0.519896336
2023/1/2 14:00,0.52091198
2023/1/2 14:15,0.51677948
2023/1/2 14:30,0.564494604
2023/1/2 14:45,0.5592607
2023/1/2 15:00,0.563749859
2023/1/2 15:15,0.500774545
2023/1/2 15:30,0.49290755
2023/1/2 15:45,0.466131834
2023/1/2 16:00,0.447833721
2023/1/2 16:15,0.431322308
2023/1/2 16:30,0.402121937
2023/1/2 16:45,0.361405137
2023/1/2 17:00,0.347876203
2023/1/2 17:15,0.332967624
2023/1/2 17:30,0.314706937
2023/1/2 17:45,0.265578793
2023/1/2 18:00,0.233562323
2023/1/2 18:15,0.193735987
2023/1/2 18:30,0.159080619
2023/1/2 18:45,0.112661968
2023/1/2 19:00,0.080808014
2023/1/2 19:15,0.046388162
2023/1/2 19:30,0.028567007
2023/1/2 19:45,0.018111852
2023/1/2 20:00,0.00982372
2023/1/2 20:15,0
2023/1/2 20:30,0
2023/1/2 20:45,0
2023/1/2 21:00,0
2023/1/2 21:15,0
2023/1/2 21:30,0
2023/1/2 21:45,0
2023/1/2 22:00,0
2023/1/2 22:15,0
2023/1/2 22:30,0
2023/1/2 22:45,0
2023/1/2 23:00,0
2023/1/2 23:15,0
2023/1/2 23:30,0
2023/1/2 23:45,0
2023/1/3 0:00,0
2023/1/3 0:15,0
2023/1/3 0:30,0
2023/1/3 0:45,0
2023/1/3 1:00,0
2023/1/3 1:15,0
2023/1/3 1:30,0
2023/1/3 1:45,0
2023/1/3 2:00,0
2023/1/3 2:15,0
2023/1/3 2:30,0
2023/1/3 2:45,0
2023/1/3 3:00,0
2023/1/3 3:15,0
2023/1/3 3:30,0
2023/1/3 3:45,0
2023/1/3 4:00,0
2023/1/3 4:15,0
2023/1/3 4:30,0
2023/1/3 4:45,0
2023/1/3 5:00,0
2023/1/3 5:15,0
2023/1/3 5:30,0
2023/1/3 5:45,0
2023/1/3 6:00,0
2023/1/3 6:15,0
2023/1/3 6:30,0
2023/1/3 6:45,0
2023/1/3 7:00,0.011528611
2023/1/3 7:15,0.020300874
2023/1/3 7:30,0.02980205
2023/1/3 7:45,0.038967958
2023/1/3 8:00,0.040005867
2023/1/3 8:15,0.047793118
2023/1/3 8:30,0.059386203
2023/1/3 8:45,0.064405008
2023/1/3 9:00,0.065143853
2023/1/3 9:15,0.06375449
2023/1/3 9:30,0.06052566
2023/1/3 9:45,0.061464529
2023/1/3 10:00,0.067184845
2023/1/3 10:15,0.073729909
2023/1/3 10:30,0.080710548
2023/1/3 10:45,0.087065054
2023/1/3 11:00,0.099983012
2023/1/3 11:15,0.118676668
2023/1/3 11:30,0.142037574
2023/1/3 11:45,0.199028865
2023/1/3 12:00,0.289231161
2023/1/3 12:15,0.313905781
2023/1/3 12:30,0.347182851
2023/1/3 12:45,0.391197544
2023/1/3 13:00,0.415591274
2023/1/3 13:15,0.436588398
2023/1/3 13:30,0.479256224
2023/1/3 13:45,0.481482367
2023/1/3 14:00,0.485900505
2023/1/3 14:15,0.478292098
2023/1/3 14:30,0.509083534
2023/1/3 14:45,0.556111972
2023/1/3 15:00,0.525279597
2023/1/3 15:15,0.485340478
2023/1/3 15:30,0.46696446
2023/1/3 15:45,0.481280903
2023/1/3 16:00,0.466573983
2023/1/3 16:15,0.451719866
2023/1/3 16:30,0.417115528
2023/1/3 16:45,0.373308965
2023/1/3 17:00,0.341478092
2023/1/3 17:15,0.318397807
2023/1/3 17:30,0.282664403
2023/1/3 17:45,0.25002005
2023/1/3 18:00,0.221475978
2023/1/3 18:15,0.194864604
2023/1/3 18:30,0.149596022
2023/1/3 18:45,0.100397369
2023/1/3 19:00,0.071944594
2023/1/3 19:15,0.042446571
2023/1/3 19:30,0.027549456
2023/1/3 19:45,0.017334409
2023/1/3 20:00,0.009564594
2023/1/3 20:15,0
2023/1/3 20:30,0
2023/1/3 20:45,0
2023/1/3 21:00,0
2023/1/3 21:15,0
2023/1/3 21:30,0
2023/1/3 21:45,0
2023/1/3 22:00,0
2023/1/3 22:15,0
2023/1/3 22:30,0
2023/1/3 22:45,0
2023/1/3 23:00,0
2023/1/3 23:15,0
2023/1/3 23:30,0
2023/1/3 23:45,0
2023/1/4 0:00,0
2023/1/4 0:15,0
2023/1/4 0:30,0
2023/1/4 0:45,0
2023/1/4 1:00,0
2023/1/4 1:15,0
2023/1/4 1:30,0
2023/1/4 1:45,0
2023/1/4 2:00,0
2023/1/4 2:15,0
2023/1/4 2:30,0
2023/1/4 2:45,0
2023/1/4 3:00,0
2023/1/4 3:15,0
2023/1/4 3:30,0
2023/1/4 3:45,0
2023/1/4 4:00,0
2023/1/4 4:15,0
2023/1/4 4:30,0
2023/1/4 4:45,0
2023/1/4 5:00,0
2023/1/4 5:15,0
2023/1/4 5:30,0
2023/1/4 5:45,0
2023/1/4 6:00,0
2023/1/4 6:15,0
2023/1/4 6:30,0
2023/1/4 6:45,0
2023/1/4 7:00,0.01199652
2023/1/4 7:15,0.019640487
2023/1/4 7:30,0.027498195
2023/1/4 7:45,0.036887724
2023/1/4 8:00,0.041329809
2023/1/4 8:15,0.048867594
2023/1/4 8:30,0.05901501
2023/1/4 8:45,0.061905688
2023/1/4 9:00,0.06194437
2023/1/4 9:15,0.06177718
2023/1/4 9:30,0.062650778
2023/1/4 9:45,0.066775682
2023/1/4 10:00,0.070392908
2023/1/4 10:15,0.074233413
2023/1/4 10:30,0.080607092
2023/1/4 10:45,0.091726165
2023/1/4 11:00,0.104344837
2023/1/4 11:15,0.126407743
2023/1/4 11:30,0.144078784
2023/1/4 11:45,0.199459759
2023/1/4 12:00,0.287287371
2023/1/4 12:15,0.316001873
2023/1/4 12:30,0.360390901
2023/1/4 12:45,0.401941983
2023/1/4 13:00,0.43311646
2023/1/4 13:15,0.459210868
2023/1/4 13:30,0.510399494
2023/1/4 13:45,0.521476094
2023/1/4 14:00,0.537197891
2023/1/4 14:15,0.526047804
2023/1/4 14:30,0.561958227
2023/1/4 14:45,0.60816478
2023/1/4 15:00,0.588852646
2023/1/4 15:15,0.53794535
2023/1/4 15:30,0.495340103
2023/1/4 15:45,0.47927922
2023/1/4 16:00,0.468654522
2023/1/4 16:15,0.450279111
2023/1/4 16:30,0.441105093
2023/1/4 16:45,0.382669555
2023/1/4 17:00,0.362192332
2023/1/4 17:15,0.320056069
2023/1/4 17:30,0.308266125
2023/1/4 17:45,0.271275599
2023/1/4 18:00,0.240245364
2023/1/4 18:15,0.195028287
2023/1/4 18:30,0.147411795
2023/1/4 18:45,0.105683549
2023/1/4 19:00,0.077150228
2023/1/4 19:15,0.045208356
2023/1/4 19:30,0.028282155
2023/1/4 19:45,0.017859612
2023/1/4 20:00,0.009978133
2023/1/4 20:15,0
2023/1/4 20:30,0
2023/1/4 20:45,0
2023/1/4 21:00,0
2023/1/4 21:15,0
2023/1/4 21:30,0
2023/1/4 21:45,0
2023/1/4 22:00,0
2023/1/4 22:15,0
2023/1/4 22:30,0
2023/1/4 22:45,0
2023/1/4 23:00,0
2023/1/4 23:15,0
2023/1/4 23:30,0
2023/1/4 23:45,0
2023/1/5 0:00,0
2023/1/5 0:15,0
2023/1/5 0:30,0
2023/1/5 0:45,0
2023/1/5 1:00,0
2023/1/5 1:15,0
2023/1/5 1:30,0
2023/1/5 1:45,0
2023/1/5 2:00,0
2023/1/5 2:15,0
2023/1/5 2:30,0
2023/1/5 2:45,0
2023/1/5 3:00,0
2023/1/5 3:15,0
2023/1/5 3:30,0
2023/1/5 3:45,0
2023/1/5 4:00,0
2023/1/5 4:15,0
2023/1/5 4:30,0
2023/1/5 4:45,0
2023/1/5 5:00,0
2023/1/5 5:15,0
2023/1/5 5:30,0
2023/1/5 5:45,0
2023/1/5 6:00,0
2023/1/5 6:15,0
2023/1/5 6:30,0
2023/1/5 6:45,0
2023/1/5 7:00,0.011498929
2023/1/5 7:15,0.018859852
2023/1/5 7:30,0.026857597
2023/1/5 7:45,0.036717005
2023/1/5 8:00,0.042474599
2023/1/5 8:15,0.049913923
2023/1/5 8:30,0.059555283
2023/1/5 8:45,0.062338029
2023/1/5 9:00,0.066764375
2023/1/5 9:15,0.068503813
2023/1/5 9:30,0.067780467
2023/1/5 9:45,0.065847095
2023/1/5 10:00,0.067764438
2023/1/5 10:15,0.071110165
2023/1/5 10:30,0.075375484
2023/1/5 10:45,0.086182022
2023/1/5 11:00,0.100673685
2023/1/5 11:15,0.127484218
2023/1/5 11:30,0.140227527
2023/1/5 11:45,0.191695583
2023/1/5 12:00,0.283016423
2023/1/5 12:15,0.334820562
2023/1/5 12:30,0.363880967
2023/1/5 12:45,0.373163622
2023/1/5 13:00,0.381323435
2023/1/5 13:15,0.426731376
2023/1/5 13:30,0.479987648
2023/1/5 13:45,0.499986824
2023/1/5 14:00,0.512608877
2023/1/5 14:15,0.520420389
2023/1/5 14:30,0.570480278
2023/1/5 14:45,0.574800279
2023/1/5 15:00,0.564671456
2023/1/5 15:15,0.494154041
2023/1/5 15:30,0.464528469
2023/1/5 15:45,0.447466848
2023/1/5 16:00,0.441085222
2023/1/5 16:15,0.427724804
2023/1/5 16:30,0.414758236
2023/1/5 16:45,0.380641948
2023/1/5 17:00,0.370026976
2023/1/5 17:15,0.330226644
2023/1/5 17:30,0.310111572
2023/1/5 17:45,0.265411423
2023/1/5 18:00,0.23752528
2023/1/5 18:15,0.183387746
2023/1/5 18:30,0.144194272
2023/1/5 18:45,0.104519406
2023/1/5 19:00,0.07884561
2023/1/5 19:15,0.047137102
2023/1/5 19:30,0.028690115
2023/1/5 19:45,0.018319763
2023/1/5 20:00,0.009928592
2023/1/5 20:15,0
2023/1/5 20:30,0
2023/1/5 20:45,0
2023/1/5 21:00,0
2023/1/5 21:15,0
2023/1/5 21:30,0
2023/1/5 21:45,0
2023/1/5 22:00,0
2023/1/5 22:15,0
2023/1/5 22:30,0
2023/1/5 22:45,0
2023/1/5 23:00,0
2023/1/5 23:15,0
2023/1/5 23:30,0
2023/1/5 23:45,0
2023/1/6 0:00,0
2023/1/6 0:15,0
2023/1/6 0:30,0
2023/1/6 0:45,0
2023/1/6 1:00,0
2023/1/6 1:15,0
2023/1/6 1:30,0
2023/1/6 1:45,0
2023/1/6 2:00,0
2023/1/6 2:15,0
2023/1/6 2:30,0
2023/1/6 2:45,0
2023/1/6 3:00,0
2023/1/6 3:15,0
2023/1/6 3:30,0
2023/1/6 3:45,0
2023/1/6 4:00,0
2023/1/6 4:15,0
2023/1/6 4:30,0
2023/1/6 4:45,0
2023/1/6 5:00,0
2023/1/6 5:15,0
2023/1/6 5:30,0
2023/1/6 5:45,0
2023/1/6 6:00,0
2023/1/6 6:15,0
2023/1/6 6:30,0
2023/1/6 6:45,0
2023/1/6 7:00,0.012144618
2023/1/6 7:15,0.020286466
2023/1/6 7:30,0.027701965
2023/1/6 7:45,0.035945164
2023/1/6 8:00,0.040234071
2023/1/6 8:15,0.04824817
2023/1/6 8:30,0.055500676
2023/1/6 8:45,0.057850008
2023/1/6 9:00,0.060621018
2023/1/6 9:15,0.067944903
2023/1/6 9:30,0.066399482
2023/1/6 9:45,0.071386069
2023/1/6 10:00,0.06982371
2023/1/6 10:15,0.07609889
2023/1/6 10:30,0.078257841
2023/1/6 10:45,0.092967132
2023/1/6 11:00,0.107366823
2023/1/6 11:15,0.129959911
2023/1/6 11:30,0.143208712
2023/1/6 11:45,0.194684864
2023/1/6 12:00,0.289558326
2023/1/6 12:15,0.324721566
2023/1/6 12:30,0.354080887
2023/1/6 12:45,0.374519449
2023/1/6 13:00,0.397575459
2023/1/6 13:15,0.442027902
2023/1/6 13:30,0.486092918
2023/1/6 13:45,0.50002081
2023/1/6 14:00,0.540797736
2023/1/6 14:15,0.551412383
2023/1/6 14:30,0.607209905
2023/1/6 14:45,0.589501335
2023/1/6 15:00,0.561853727
2023/1/6 15:15,0.480604577
2023/1/6 15:30,0.459889771
2023/1/6 15:45,0.461415323
2023/1/6 16:00,0.471274736
2023/1/6 16:15,0.465885886
2023/1/6 16:30,0.450611354
2023/1/6 16:45,0.393370823
2023/1/6 17:00,0.373429481
2023/1/6 17:15,0.336052387
2023/1/6 17:30,0.308460744
2023/1/6 17:45,0.263391822
2023/1/6 18:00,0.231597728
2023/1/6 18:15,0.198458778
2023/1/6 18:30,0.158235099
2023/1/6 18:45,0.112490504
2023/1/6 19:00,0.078355948
2023/1/6 19:15,0.046386
2023/1/6 19:30,0.029686212
2023/1/6 19:45,0.019894818
2023/1/6 20:00,0.010608406
2023/1/6 20:15,0
2023/1/6 20:30,0
2023/1/6 20:45,0
2023/1/6 21:00,0
2023/1/6 21:15,0
2023/1/6 21:30,0
2023/1/6 21:45,0
2023/1/6 22:00,0
2023/1/6 22:15,0
2023/1/6 22:30,0
2023/1/6 22:45,0
2023/1/6 23:00,0
2023/1/6 23:15,0
2023/1/6 23:30,0
2023/1/6 23:45,0
2023/1/7 0:00,0
2023/1/7 0:15,0
2023/1/7 0:30,0
2023/1/7 0:45,0
2023/1/7 1:00,0
2023/1/7 1:15,0
2023/1/7 1:30,0
2023/1/7 1:45,0
2023/1/7 2:00,0
2023/1/7 2:15,0
2023/1/7 2:30,0
2023/1/7 2:45,0
2023/1/7 3:00,0
2023/1/7 3:15,0
2023/1/7 3:30,0
2023/1/7 3:45,0
2023/1/7 4:00,0
2023/1/7 4:15,0
2023/1/7 4:30,0
2023/1/7 4:45,0
2023/1/7 5:00,0
2023/1/7 5:15,0
2023/1/7 5:30,0
2023/1/7 5:45,0
2023/1/7 6:00,0
2023/1/7 6:15,0
2023/1/7 6:30,0
2023/1/7 6:45,0
2023/1/7 7:00,0.012458125
2023/1/7 7:15,0.021160612
2023/1/7 7:30,0.030305608
2023/1/7 7:45,0.040938136
2023/1/7 8:00,0.045849676
2023/1/7 8:15,0.050938156
2023/1/7 8:30,0.061493711
2023/1/7 8:45,0.061465473
2023/1/7 9:00,0.06594995
2023/1/7 9:15,0.066948619
2023/1/7 9:30,0.068409136
2023/1/7 9:45,0.070349118
2023/1/7 10:00,0.07010053
2023/1/7 10:15,0.073980119
2023/1/7 10:30,0.076496027
2023/1/7 10:45,0.09047087
2023/1/7 11:00,0.104970427
2023/1/7 11:15,0.128270291
2023/1/7 11:30,0.150141314
2023/1/7 11:45,0.200194135
2023/1/7 12:00,0.28781199
2023/1/7 12:15,0.316623118
2023/1/7 12:30,0.359116018
2023/1/7 12:45,0.402010451
2023/1/7 13:00,0.418731245
2023/1/7 13:15,0.444308796
2023/1/7 13:30,0.505431914
2023/1/7 13:45,0.540389477
2023/1/7 14:00,0.586647836
2023/1/7 14:15,0.565888051
2023/1/7 14:30,0.584626665
2023/1/7 14:45,0.596667498
2023/1/7 15:00,0.580889947
2023/1/7 15:15,0.521683001
2023/1/7 15:30,0.474712623
2023/1/7 15:45,0.476579375
2023/1/7 16:00,0.480362402
2023/1/7 16:15,0.475328213
2023/1/7 16:30,0.436634378
2023/1/7 16:45,0.385059172
2023/1/7 17:00,0.369790525
2023/1/7 17:15,0.344501687
2023/1/7 17:30,0.325776196
2023/1/7 17:45,0.286144234
2023/1/7 18:00,0.256196963
2023/1/7 18:15,0.205890529
2023/1/7 18:30,0.15774281
2023/1/7 18:45,0.109819938
2023/1/7 19:00,0.081718045
2023/1/7 19:15,0.047503404
2023/1/7 19:30,0.029897779
2023/1/7 19:45,0.018401115
2023/1/7 20:00,0.010155001
2023/1/7 20:15,0
2023/1/7 20:30,0
2023/1/7 20:45,0
2023/1/7 21:00,0
2023/1/7 21:15,0
2023/1/7 21:30,0
2023/1/7 21:45,0
2023/1/7 22:00,0
2023/1/7 22:15,0
2023/1/7 22:30,0
2023/1/7 22:45,0
2023/1/7 23:00,0
2023/1/7 23:15,0
2023/1/7 23:30,0
2023/1/7 23:45,0
2023/1/8 0:00,0
2023/1/8 0:15,0
2023/1/8 0:30,0
2023/1/8 0:45,0
2023/1/8 1:00,0
2023/1/8 1:15,0
2023/1/8 1:30,0
2023/1/8 1:45,0
2023/1/8 2:00,0
2023/1/8 2:15,0
2023/1/8 2:30,0
2023/1/8 2:45,0
2023/1/8 3:00,0
2023/1/8 3:15,0
2023/1/8 3:30,0
2023/1/8 3:45,0
2023/1/8 4:00,0
2023/1/8 4:15,0
2023/1/8 4:30,0
2023/1/8 4:45,0
2023/1/8 5:00,0
2023/1/8 5:15,0
2023/1/8 5:30,0
2023/1/8 5:45,0
2023/1/8 6:00,0
2023/1/8 6:15,0
2023/1/8 6:30,0
2023/1/8 6:45,0
2023/1/8 7:00,0.012714249
2023/1/8 7:15,0.021639199
2023/1/8 7:30,0.030984696
2023/1/8 7:45,0.040445351
2023/1/8 8:00,0.045980533
2023/1/8 8:15,0.053333502
2023/1/8 8:30,0.063661137
2023/1/8 8:45,0.066083813
2023/1/8 9:00,0.069649913
2023/1/8 9:15,0.071510844
2023/1/8 9:30,0.070645186
2023/1/8 9:45,0.073373334
2023/1/8 10:00,0.077030182
2023/1/8 10:15,0.081473942
2023/1/8 10:30,0.085864986
2023/1/8 10:45,0.096498382
2023/1/8 11:00,0.11344033
2023/1/8 11:15,0.137455515
2023/1/8 11:30,0.155291435
2023/1/8 11:45,0.210103164
2023/1/8 12:00,0.301196025
2023/1/8 12:15,0.338404347
2023/1/8 12:30,0.374958108
2023/1/8 12:45,0.420989513
2023/1/8 13:00,0.447531919
2023/1/8 13:15,0.486713631
2023/1/8 13:30,0.533804737
2023/1/8 13:45,0.56044248
2023/1/8 14:00,0.576036615
2023/1/8 14:15,0.572570119
2023/1/8 14:30,0.600368969
2023/1/8 14:45,0.618776392
2023/1/8 15:00,0.593422716
2023/1/8 15:15,0.540417039
2023/1/8 15:30,0.52100871
2023/1/8 15:45,0.519084593
2023/1/8 16:00,0.499097524
2023/1/8 16:15,0.484230982
2023/1/8 16:30,0.461667601
2023/1/8 16:45,0.415706557
2023/1/8 17:00,0.397239822
2023/1/8 17:15,0.353936462
2023/1/8 17:30,0.332639424
2023/1/8 17:45,0.292309816
2023/1/8 18:00,0.266177318
2023/1/8 18:15,0.219459085
2023/1/8 18:30,0.169151325
2023/1/8 18:45,0.118496316
2023/1/8 19:00,0.086926561
2023/1/8 19:15,0.05040249
2023/1/8 19:30,0.031314906
2023/1/8 19:45,0.019369569
2023/1/8 20:00,0.010310973
2023/1/8 20:15,0
2023/1/8 20:30,0
2023/1/8 20:45,0
2023/1/8 21:00,0
2023/1/8 21:15,0
2023/1/8 21:30,0
2023/1/8 21:45,0
2023/1/8 22:00,0
2023/1/8 22:15,0
2023/1/8 22:30,0
2023/1/8 22:45,0
2023/1/8 23:00,0
2023/1/8 23:15,0
2023/1/8 23:30,0
2023/1/8 23:45,0
2023/1/9 0:00,0
2023/1/9 0:15,0
2023/1/9 0:30,0
2023/1/9 0:45,0
2023/1/9 1:00,0
2023/1/9 1:15,0
2023/1/9 1:30,0
2023/1/9 1:45,0
2023/1/9 2:00,0
2023/1/9 2:15,0
2023/1/9 2:30,0
2023/1/9 2:45,0
2023/1/9 3:00,0
2023/1/9 3:15,0
2023/1/9 3:30,0
2023/1/9 3:45,0
2023/1/9 4:00,0
2023/1/9 4:15,0
2023/1/9 4:30,0
2023/1/9 4:45,0
2023/1/9 5:00,0
2023/1/9 5:15,0
2023/1/9 5:30,0
2023/1/9 5:45,0
2023/1/9 6:00,0
2023/1/9 6:15,0
2023/1/9 6:30,0
2023/1/9 6:45,0
2023/1/9 7:00,0.00112833
2023/1/9 7:15,0.001950249
2023/1/9 7:30,0.002822512
2023/1/9 7:45,0.003777055
2023/1/9 8:00,0.004181171
2023/1/9 8:15,0.004855937
2023/1/9 8:30,0.005802034
2023/1/9 8:45,0.005997396
2023/1/9 9:00,0.006289656
2023/1/9 9:15,0.00641008
2023/1/9 9:30,0.006417592
2023/1/9 9:45,0.006557225
2023/1/9 10:00,0.006941524
2023/1/9 10:15,0.007347874
2023/1/9 10:30,0.007825303
2023/1/9 10:45,0.008802738
2023/1/9 11:00,0.010277311
2023/1/9 11:15,0.012601748
2023/1/9 11:30,0.014181729
2023/1/9 11:45,0.019098187
2023/1/9 12:00,0.027209222
2023/1/9 12:15,0.030306819
2023/1/9 12:30,0.033947441
2023/1/9 12:45,0.037627992
2023/1/9 13:00,0.04028994
2023/1/9 13:15,0.044481729
2023/1/9 13:30,0.049505268
2023/1/9 13:45,0.0509753
2023/1/9 14:00,0.051459291
2023/1/9 14:15,0.050814999
2023/1/9 14:30,0.054352721
2023/1/9 14:45,0.056495213
2023/1/9 15:00,0.054875536
2023/1/9 15:15,0.049559348
2023/1/9 15:30,0.048289081
2023/1/9 15:45,0.047491618
2023/1/9 16:00,0.04605021
2023/1/9 16:15,0.04338699
2023/1/9 16:30,0.041331726
2023/1/9 16:45,0.036639488
2023/1/9 17:00,0.035114294
2023/1/9 17:15,0.031310826
2023/1/9 17:30,0.02942188
2023/1/9 17:45,0.025989583
2023/1/9 18:00,0.023757546
2023/1/9 18:15,0.019579861
2023/1/9 18:30,0.014963014
2023/1/9 18:45,0.010590851
2023/1/9 19:00,0.007741195
2023/1/9 19:15,0.00452939
2023/1/9 19:30,0.002799867
2023/1/9 19:45,0.001752758
2023/1/9 20:00,0.00093852
2023/1/9 20:15,0
2023/1/9 20:30,0
2023/1/9 20:45,0
2023/1/9 21:00,0
2023/1/9 21:15,0
2023/1/9 21:30,0
2023/1/9 21:45,0
2023/1/9 22:00,0
2023/1/9 22:15,0
2023/1/9 22:30,0
2023/1/9 22:45,0
2023/1/9 23:00,0
2023/1/9 23:15,0
2023/1/9 23:30,0
2023/1/9 23:45,0
2023/1/10 0:00,0
2023/1/10 0:15,0
2023/1/10 0:30,0
2023/1/10 0:45,0
2023/1/10 1:00,0
2023/1/10 1:15,0
2023/1/10 1:30,0
2023/1/10 1:45,0
2023/1/10 2:00,0
2023/1/10 2:15,0
2023/1/10 2:30,0
2023/1/10 2:45,0
2023/1/10 3:00,0
2023/1/10 3:15,0
2023/1/10 3:30,0
2023/1/10 3:45,0
2023/1/10 4:00,0
2023/1/10 4:15,0
2023/1/10 4:30,0
2023/1/10 4:45,0
2023/1/10 5:00,0
2023/1/10 5:15,0
2023/1/10 5:30,0
2023/1/10 5:45,0
2023/1/10 6:00,0
2023/1/10 6:15,0
2023/1/10 6:30,0
2023/1/10 6:45,0
2023/1/10 7:00,0.001552704
2023/1/10 7:15,0.002661701
2023/1/10 7:30,0.003850265
2023/1/10 7:45,0.005137338
2023/1/10 8:00,0.005741636
2023/1/10 8:15,0.006652619
2023/1/10 8:30,0.007927729
2023/1/10 8:45,0.008185484
2023/1/10 9:00,0.008549312
2023/1/10 9:15,0.008742337
2023/1/10 9:30,0.008728828
2023/1/10 9:45,0.00901842
2023/1/10 10:00,0.009544277
2023/1/10 10:15,0.010207781
2023/1/10 10:30,0.010802985
2023/1/10 10:45,0.012097778
2023/1/10 11:00,0.013971842
2023/1/10 11:15,0.017182717
2023/1/10 11:30,0.019444216
2023/1/10 11:45,0.02621566
2023/1/10 12:00,0.037446175
2023/1/10 12:15,0.041956364
2023/1/10 12:30,0.046674786
2023/1/10 12:45,0.051680929
2023/1/10 13:00,0.055087641
2023/1/10 13:15,0.061581057
2023/1/10 13:30,0.068059254
2023/1/10 13:45,0.070056088
2023/1/10 14:00,0.069927694
2023/1/10 14:15,0.069234772
2023/1/10 14:30,0.073538409
2023/1/10 14:45,0.077056448
2023/1/10 15:00,0.074657699
2023/1/10 15:15,0.067378185
2023/1/10 15:30,0.065531731
2023/1/10 15:45,0.064792972
2023/1/10 16:00,0.063203213
2023/1/10 16:15,0.059504179
2023/1/10 16:30,0.056467444
2023/1/10 16:45,0.050213985
2023/1/10 17:00,0.048272765
2023/1/10 17:15,0.042895513
2023/1/10 17:30,0.040379409
2023/1/10 17:45,0.035574321
2023/1/10 18:00,0.03265811
2023/1/10 18:15,0.026973491
2023/1/10 18:30,0.02071123
2023/1/10 18:45,0.014669895
2023/1/10 19:00,0.010722629
2023/1/10 19:15,0.006294757
2023/1/10 19:30,0.003878816
2023/1/10 19:45,0.00244492
2023/1/10 20:00,0.001300827
2023/1/10 20:15,0
2023/1/10 20:30,0
2023/1/10 20:45,0
2023/1/10 21:00,0
2023/1/10 21:15,0
2023/1/10 21:30,0
2023/1/10 21:45,0
2023/1/10 22:00,0
2023/1/10 22:15,0
2023/1/10 22:30,0
2023/1/10 22:45,0
2023/1/10 23:00,0
2023/1/10 23:15,0
2023/1/10 23:30,0
2023/1/10 23:45,0
2023/1/11 0:00,0
2023/1/11 0:15,0
2023/1/11 0:30,0
2023/1/11 0:45,0
2023/1/11 1:00,0
2023/1/11 1:15,0
2023/1/11 1:30,0
2023/1/11 1:45,0
2023/1/11 2:00,0
2023/1/11 2:15,0
2023/1/11 2:30,0
2023/1/11 2:45,0
2023/1/11 3:00,0
2023/1/11 3:15,0
2023/1/11 3:30,0
2023/1/11 3:45,0
2023/1/11 4:00,0
2023/1/11 4:15,0
2023/1/11 4:30,0
2023/1/11 4:45,0
2023/1/11 5:00,0
2023/1/11 5:15,0
2023/1/11 5:30,0
2023/1/11 5:45,0
2023/1/11 6:00,0
2023/1/11 6:15,0
2023/1/11 6:30,0
2023/1/11 6:45,0
2023/1/11 7:00,0.012165927
2023/1/11 7:15,0.020488947
2023/1/11 7:30,0.02879812
2023/1/11 7:45,0.036879302
2023/1/11 8:00,0.040912915
2023/1/11 8:15,0.047626474
2023/1/11 8:30,0.057869617
2023/1/11 8:45,0.057838028
2023/1/11 9:00,0.062660487
2023/1/11 9:15,0.066293531
2023/1/11 9:30,0.070665364
2023/1/11 9:45,0.071821297
2023/1/11 10:00,0.072784202
2023/1/11 10:15,0.075333279
2023/1/11 10:30,0.07992969
2023/1/11 10:45,0.091530722
2023/1/11 11:00,0.104957333
2023/1/11 11:15,0.121959148
2023/1/11 11:30,0.136934106
2023/1/11 11:45,0.18477006
2023/1/11 12:00,0.264885713
2023/1/11 12:15,0.287745355
2023/1/11 12:30,0.323058645
2023/1/11 12:45,0.373023636
2023/1/11 13:00,0.420387396
2023/1/11 13:15,0.473354856
2023/1/11 13:30,0.533658232
2023/1/11 13:45,0.52698722
2023/1/11 14:00,0.527906943
2023/1/11 14:15,0.504613887
2023/1/11 14:30,0.543070841
2023/1/11 14:45,0.561607419
2023/1/11 15:00,0.561916977
2023/1/11 15:15,0.514651508
2023/1/11 15:30,0.501294117
2023/1/11 15:45,0.4981596
2023/1/11 16:00,0.472220669
2023/1/11 16:15,0.445051083
2023/1/11 16:30,0.394878962
2023/1/11 16:45,0.361062131
2023/1/11 17:00,0.34979181
2023/1/11 17:15,0.322360474
2023/1/11 17:30,0.298485468
2023/1/11 17:45,0.267572775
2023/1/11 18:00,0.242830916
2023/1/11 18:15,0.202255376
2023/1/11 18:30,0.152041352
2023/1/11 18:45,0.111966826
2023/1/11 19:00,0.079702646
2023/1/11 19:15,0.046709302
2023/1/11 19:30,0.027488842
2023/1/11 19:45,0.017763175
2023/1/11 20:00,0.009619471
2023/1/11 20:15,0
2023/1/11 20:30,0
2023/1/11 20:45,0
2023/1/11 21:00,0
2023/1/11 21:15,0
2023/1/11 21:30,0
2023/1/11 21:45,0
2023/1/11 22:00,0
2023/1/11 22:15,0
2023/1/11 22:30,0
2023/1/11 22:45,0
2023/1/11 23:00,0
2023/1/11 23:15,0
2023/1/11 23:30,0
2023/1/11 23:45,0
2023/1/12 0:00,0
2023/1/12 0:15,0
2023/1/12 0:30,0
2023/1/12 0:45,0
2023/1/12 1:00,0
2023/1/12 1:15,0
2023/1/12 1:30,0
2023/1/12 1:45,0
2023/1/12 2:00,0
2023/1/12 2:15,0
2023/1/12 2:30,0
2023/1/12 2:45,0
2023/1/12 3:00,0
2023/1/12 3:15,0
2023/1/12 3:30,0
2023/1/12 3:45,0
2023/1/12 4:00,0
2023/1/12 4:15,0
2023/1/12 4:30,0
2023/1/12 4:45,0
2023/1/12 5:00,0
2023/1/12 5:15,0
2023/1/12 5:30,0
2023/1/12 5:45,0
2023/1/12 6:00,0
2023/1/12 6:15,0
2023/1/12 6:30,0
2023/1/12 6:45,0
2023/1/12 7:00,0.011492556
2023/1/12 7:15,0.020039094
2023/1/12 7:30,0.029213019
2023/1/12 7:45,0.039301781
2023/1/12 8:00,0.043754957
2023/1/12 8:15,0.049399641
2023/1/12 8:30,0.059408397
2023/1/12 8:45,0.061337366
2023/1/12 9:00,0.065099558
2023/1/12 9:15,0.065979114
2023/1/12 9:30,0.065247756
2023/1/12 9:45,0.065334167
2023/1/12 10:00,0.070996871
2023/1/12 10:15,0.075960857
2023/1/12 10:30,0.084640567
2023/1/12 10:45,0.094567642
2023/1/12 11:00,0.10951598
2023/1/12 11:15,0.133247578
2023/1/12 11:30,0.149909179
2023/1/12 11:45,0.199758526
2023/1/12 12:00,0.280748759
2023/1/12 12:15,0.311199711
2023/1/12 12:30,0.347689551
2023/1/12 12:45,0.387629105
2023/1/12 13:00,0.403982592
2023/1/12 13:15,0.440123732
2023/1/12 13:30,0.485423592
2023/1/12 13:45,0.519615165
2023/1/12 14:00,0.536232347
2023/1/12 14:15,0.527392042
2023/1/12 14:30,0.555070192
2023/1/12 14:45,0.578197835
2023/1/12 15:00,0.582686918
2023/1/12 15:15,0.530167494
2023/1/12 15:30,0.51764064
2023/1/12 15:45,0.506940645
2023/1/12 16:00,0.481789051
2023/1/12 16:15,0.455319802
2023/1/12 16:30,0.423576934
2023/1/12 16:45,0.379462877
2023/1/12 17:00,0.360293162
2023/1/12 17:15,0.330374618
2023/1/12 17:30,0.30703119
2023/1/12 17:45,0.273329254
2023/1/12 18:00,0.243593971
2023/1/12 18:15,0.205233388
2023/1/12 18:30,0.15659295
2023/1/12 18:45,0.110375984
2023/1/12 19:00,0.078102551
2023/1/12 19:15,0.045448437
2023/1/12 19:30,0.028067848
2023/1/12 19:45,0.018025672
2023/1/12 20:00,0.009650701
2023/1/12 20:15,0
2023/1/12 20:30,0
2023/1/12 20:45,0
2023/1/12 21:00,0
2023/1/12 21:15,0
2023/1/12 21:30,0
2023/1/12 21:45,0
2023/1/12 22:00,0
2023/1/12 22:15,0
2023/1/12 22:30,0
2023/1/12 22:45,0
2023/1/12 23:00,0
2023/1/12 23:15,0
2023/1/12 23:30,0
2023/1/12 23:45,0
2023/1/13 0:00,0
2023/1/13 0:15,0
2023/1/13 0:30,0
2023/1/13 0:45,0
2023/1/13 1:00,0
2023/1/13 1:15,0
2023/1/13 1:30,0
2023/1/13 1:45,0
2023/1/13 2:00,0
2023/1/13 2:15,0
2023/1/13 2:30,0
2023/1/13 2:45,0
2023/1/13 3:00,0
2023/1/13 3:15,0
2023/1/13 3:30,0
2023/1/13 3:45,0
2023/1/13 4:00,0
2023/1/13 4:15,0
2023/1/13 4:30,0
2023/1/13 4:45,0
2023/1/13 5:00,0
2023/1/13 5:15,0
2023/1/13 5:30,0
2023/1/13 5:45,0
2023/1/13 6:00,0
2023/1/13 6:15,0
2023/1/13 6:30,0
2023/1/13 6:45,0
2023/1/13 7:00,0.001536324
2023/1/13 7:15,0.002655575
2023/1/13 7:30,0.003827818
2023/1/13 7:45,0.005079588
2023/1/13 8:00,0.005669134
2023/1/13 8:15,0.006535822
2023/1/13 8:30,0.007828726
2023/1/13 8:45,0.008039111
2023/1/13 9:00,0.008493061
2023/1/13 9:15,0.008720139
2023/1/13 9:30,0.00872077
2023/1/13 9:45,0.008929904
2023/1/13 10:00,0.009261067
2023/1/13 10:15,0.009871559
2023/1/13 10:30,0.010473304
2023/1/13 10:45,0.011883529
2023/1/13 11:00,0.013648404
2023/1/13 11:15,0.016724739
2023/1/13 11:30,0.018937403
2023/1/13 11:45,0.025730742
2023/1/13 12:00,0.036839208
2023/1/13 12:15,0.040968957
2023/1/13 12:30,0.045641979
2023/1/13 12:45,0.050384451
2023/1/13 13:00,0.053906324
2023/1/13 13:15,0.059908037
2023/1/13 13:30,0.066737064
2023/1/13 13:45,0.068295736
2023/1/13 14:00,0.068934749
2023/1/13 14:15,0.067754049
2023/1/13 14:30,0.072592355
2023/1/13 14:45,0.075118796
2023/1/13 15:00,0.072787461
2023/1/13 15:15,0.06587102
2023/1/13 15:30,0.064590479
2023/1/13 15:45,0.064143927
2023/1/13 16:00,0.062155932
2023/1/13 16:15,0.058213353
2023/1/13 16:30,0.055056615
2023/1/13 16:45,0.048699519
2023/1/13 17:00,0.04710744
2023/1/13 17:15,0.042386366
2023/1/13 17:30,0.040073589
2023/1/13 17:45,0.034986872
2023/1/13 18:00,0.031828055
2023/1/13 18:15,0.026504514
2023/1/13 18:30,0.020347235
2023/1/13 18:45,0.014436709
2023/1/13 19:00,0.010485649
2023/1/13 19:15,0.006184447
2023/1/13 19:30,0.003822864
2023/1/13 19:45,0.002391577
2023/1/13 20:00,0.001271891
2023/1/13 20:15,0
2023/1/13 20:30,0
2023/1/13 20:45,0
2023/1/13 21:00,0
2023/1/13 21:15,0
2023/1/13 21:30,0
2023/1/13 21:45,0
2023/1/13 22:00,0
2023/1/13 22:15,0
2023/1/13 22:30,0
2023/1/13 22:45,0
2023/1/13 23:00,0
2023/1/13 23:15,0
2023/1/13 23:30,0
2023/1/13 23:45,0
2023/1/14 0:00,0
2023/1/14 0:15,0
2023/1/14 0:30,0
2023/1/14 0:45,0
2023/1/14 1:00,0
2023/1/14 1:15,0
2023/1/14 1:30,0
2023/1/14 1:45,0
2023/1/14 2:00,0
2023/1/14 2:15,0
2023/1/14 2:30,0
2023/1/14 2:45,0
2023/1/14 3:00,0
2023/1/14 3:15,0
2023/1/14 3:30,0
2023/1/14 3:45,0
2023/1/14 4:00,0
2023/1/14 4:15,0
2023/1/14 4:30,0
2023/1/14 4:45,0
2023/1/14 5:00,0
2023/1/14 5:15,0
2023/1/14 5:30,0
2023/1/14 5:45,0
2023/1/14 6:00,0
2023/1/14 6:15,0
2023/1/14 6:30,0
2023/1/14 6:45,0
2023/1/14 7:00,0.011011022
2023/1/14 7:15,0.018155182
2023/1/14 7:30,0.027172639
2023/1/14 7:45,0.037048434
2023/1/14 8:00,0.042109748
2023/1/14 8:15,0.048797433
2023/1/14 8:30,0.057814017
2023/1/14 8:45,0.059870098
2023/1/14 9:00,0.064637044
2023/1/14 9:15,0.065887525
2023/1/14 9:30,0.067248045
2023/1/14 9:45,0.066236248
2023/1/14 10:00,0.071592845
2023/1/14 10:15,0.076016741
2023/1/14 10:30,0.084809892
2023/1/14 10:45,0.090094099
2023/1/14 11:00,0.102675084
2023/1/14 11:15,0.121707598
2023/1/14 11:30,0.142376782
2023/1/14 11:45,0.192575357
2023/1/14 12:00,0.280318902
2023/1/14 12:15,0.311875488
2023/1/14 12:30,0.345007201
2023/1/14 12:45,0.376687146
2023/1/14 13:00,0.410955778
2023/1/14 13:15,0.454623343
2023/1/14 13:30,0.523653797
2023/1/14 13:45,0.525024778
2023/1/14 14:00,0.539832524
2023/1/14 14:15,0.51590486
2023/1/14 14:30,0.555904615
2023/1/14 14:45,0.570875855
2023/1/14 15:00,0.550953365
2023/1/14 15:15,0.492823541
2023/1/14 15:30,0.460907465
2023/1/14 15:45,0.454225968
2023/1/14 16:00,0.430570513
2023/1/14 16:15,0.420114214
2023/1/14 16:30,0.388544761
2023/1/14 16:45,0.353336444
2023/1/14 17:00,0.338454133
2023/1/14 17:15,0.31189141
2023/1/14 17:30,0.292582845
2023/1/14 17:45,0.263639512
2023/1/14 18:00,0.227911836
2023/1/14 18:15,0.185444149
2023/1/14 18:30,0.140705741
2023/1/14 18:45,0.105945412
2023/1/14 19:00,0.079179403
2023/1/14 19:15,0.046285833
2023/1/14 19:30,0.02796175
2023/1/14 19:45,0.017028176
2023/1/14 20:00,0.009237576
2023/1/14 20:15,0
2023/1/14 20:30,0
2023/1/14 20:45,0
2023/1/14 21:00,0
2023/1/14 21:15,0
2023/1/14 21:30,0
2023/1/14 21:45,0
2023/1/14 22:00,0
2023/1/14 22:15,0
2023/1/14 22:30,0
2023/1/14 22:45,0
2023/1/14 23:00,0
2023/1/14 23:15,0
2023/1/14 23:30,0
2023/1/14 23:45,0
2023/1/15 0:00,0
2023/1/15 0:15,0
2023/1/15 0:30,0
2023/1/15 0:45,0
2023/1/15 1:00,0
2023/1/15 1:15,0
2023/1/15 1:30,0
2023/1/15 1:45,0
2023/1/15 2:00,0
2023/1/15 2:15,0
2023/1/15 2:30,0
2023/1/15 2:45,0
2023/1/15 3:00,0
2023/1/15 3:15,0
2023/1/15 3:30,0
2023/1/15 3:45,0
2023/1/15 4:00,0
2023/1/15 4:15,0
2023/1/15 4:30,0
2023/1/15 4:45,0
2023/1/15 5:00,0
2023/1/15 5:15,0
2023/1/15 5:30,0
2023/1/15 5:45,0
2023/1/15 6:00,0
2023/1/15 6:15,0
2023/1/15 6:30,0
2023/1/15 6:45,0
2023/1/15 7:00,0.012203795
2023/1/15 7:15,0.021134851
2023/1/15 7:30,0.030038903
2023/1/15 7:45,0.039132447
2023/1/15 8:00,0.042777073
2023/1/15 8:15,0.049809518
2023/1/15 8:30,0.060380484
2023/1/15 8:45,0.063511729
2023/1/15 9:00,0.066761461
2023/1/15 9:15,0.067459127
2023/1/15 9:30,0.067482786
2023/1/15 9:45,0.070493004
2023/1/15 10:00,0.07595314
2023/1/15 10:15,0.081242151
2023/1/15 10:30,0.084528429
2023/1/15 10:45,0.091760825
2023/1/15 11:00,0.104135125
2023/1/15 11:15,0.130388247
2023/1/15 11:30,0.152255308
2023/1/15 11:45,0.204476471
2023/1/15 12:00,0.284808883
2023/1/15 12:15,0.312901857
2023/1/15 12:30,0.349325707
2023/1/15 12:45,0.392864185
2023/1/15 13:00,0.423196728
2023/1/15 13:15,0.472265384
2023/1/15 13:30,0.519122045
2023/1/15 13:45,0.542948939
2023/1/15 14:00,0.550069209
2023/1/15 14:15,0.543196453
2023/1/15 14:30,0.56614902
2023/1/15 14:45,0.587672296
2023/1/15 15:00,0.571466714
2023/1/15 15:15,0.520619639
2023/1/15 15:30,0.516127487
2023/1/15 15:45,0.508967475
2023/1/15 16:00,0.488651112
2023/1/15 16:15,0.453616445
2023/1/15 16:30,0.429589221
2023/1/15 16:45,0.386186883
2023/1/15 17:00,0.365354475
2023/1/15 17:15,0.326884585
2023/1/15 17:30,0.308594217
2023/1/15 17:45,0.27748114
2023/1/15 18:00,0.2561377
2023/1/15 18:15,0.211921254
2023/1/15 18:30,0.164724978
2023/1/15 18:45,0.112685378
2023/1/15 19:00,0.080655062
2023/1/15 19:15,0.04685051
2023/1/15 19:30,0.029753173
2023/1/15 19:45,0.018501611
2023/1/15 20:00,0.009776635
2023/1/15 20:15,0
2023/1/15 20:30,0
2023/1/15 20:45,0
2023/1/15 21:00,0
2023/1/15 21:15,0
2023/1/15 21:30,0
2023/1/15 21:45,0
2023/1/15 22:00,0
2023/1/15 22:15,0
2023/1/15 22:30,0
2023/1/15 22:45,0
2023/1/15 23:00,0
2023/1/15 23:15,0
2023/1/15 23:30,0
2023/1/15 23:45,0
2023/1/16 0:00,0
2023/1/16 0:15,0
2023/1/16 0:30,0
2023/1/16 0:45,0
2023/1/16 1:00,0
2023/1/16 1:15,0
2023/1/16 1:30,0
2023/1/16 1:45,0
2023/1/16 2:00,0
2023/1/16 2:15,0
2023/1/16 2:30,0
2023/1/16 2:45,0
2023/1/16 3:00,0
2023/1/16 3:15,0
2023/1/16 3:30,0
2023/1/16 3:45,0
2023/1/16 4:00,0
2023/1/16 4:15,0
2023/1/16 4:30,0
2023/1/16 4:45,0
2023/1/16 5:00,0
2023/1/16 5:15,0
2023/1/16 5:30,0
2023/1/16 5:45,0
2023/1/16 6:00,0
2023/1/16 6:15,0
2023/1/16 6:30,0
2023/1/16 6:45,0
2023/1/16 7:00,0.011669142
2023/1/16 7:15,0.020008556
2023/1/16 7:30,0.029118368
2023/1/16 7:45,0.039020338
2023/1/16 8:00,0.044128737
2023/1/16 8:15,0.051360388
2023/1/16 8:30,0.061376911
2023/1/16 8:45,0.062964092
2023/1/16 9:00,0.065160436
2023/1/16 9:15,0.066659493
2023/1/16 9:30,0.067307207
2023/1/16 9:45,0.071167271
2023/1/16 10:00,0.073488704
2023/1/16 10:15,0.078253774
2023/1/16 10:30,0.082705865
2023/1/16 10:45,0.094483611
2023/1/16 11:00,0.10816942
2023/1/16 11:15,0.130983783
2023/1/16 11:30,0.148088297
2023/1/16 11:45,0.202000035
2023/1/16 12:00,0.292348875
2023/1/16 12:15,0.324794235
2023/1/16 12:30,0.360254576
2023/1/16 12:45,0.396978649
2023/1/16 13:00,0.42295149
2023/1/16 13:15,0.470888824
2023/1/16 13:30,0.527718854
2023/1/16 13:45,0.545838926
2023/1/16 14:00,0.55051879
2023/1/16 14:15,0.528496548
2023/1/16 14:30,0.569536401
2023/1/16 14:45,0.588808974
2023/1/16 15:00,0.573582681
2023/1/16 15:15,0.504717409
2023/1/16 15:30,0.491807493
2023/1/16 15:45,0.4914901
2023/1/16 16:00,0.487650093
2023/1/16 16:15,0.450935771
2023/1/16 16:30,0.426679702
2023/1/16 16:45,0.377915756
2023/1/16 17:00,0.365057345
2023/1/16 17:15,0.327765327
2023/1/16 17:30,0.31175573
2023/1/16 17:45,0.272608905
2023/1/16 18:00,0.243989381
2023/1/16 18:15,0.200528075
2023/1/16 18:30,0.157820962
2023/1/16 18:45,0.114876501
2023/1/16 19:00,0.083307041
2023/1/16 19:15,0.049112815
2023/1/16 19:30,0.03017666
2023/1/16 19:45,0.018799045
2023/1/16 20:00,0.009853702
2023/1/16 20:15,0
2023/1/16 20:30,0
2023/1/16 20:45,0
2023/1/16 21:00,0
2023/1/16 21:15,0
2023/1/16 21:30,0
2023/1/16 21:45,0
2023/1/16 22:00,0
2023/1/16 22:15,0
2023/1/16 22:30,0
2023/1/16 22:45,0
2023/1/16 23:00,0
2023/1/16 23:15,0
2023/1/16 23:30,0
2023/1/16 23:45,0
2023/1/17 0:00,0
2023/1/17 0:15,0
2023/1/17 0:30,0
2023/1/17 0:45,0
2023/1/17 1:00,0
2023/1/17 1:15,0
2023/1/17 1:30,0
2023/1/17 1:45,0
2023/1/17 2:00,0
2023/1/17 2:15,0
2023/1/17 2:30,0
2023/1/17 2:45,0
2023/1/17 3:00,0
2023/1/17 3:15,0
2023/1/17 3:30,0
2023/1/17 3:45,0
2023/1/17 4:00,0
2023/1/17 4:15,0
2023/1/17 4:30,0
2023/1/17 4:45,0
2023/1/17 5:00,0
2023/1/17 5:15,0
2023/1/17 5:30,0
2023/1/17 5:45,0
2023/1/17 6:00,0
2023/1/17 6:15,0
2023/1/17 6:30,0
2023/1/17 6:45,0
2023/1/17 7:00,0.012676516
2023/1/17 7:15,0.022078488
2023/1/17 7:30,0.031825205
2023/1/17 7:45,0.042405734
2023/1/17 8:00,0.046581112
2023/1/17 8:15,0.053431159
2023/1/17 8:30,0.06365192
2023/1/17 8:45,0.066465217
2023/1/17 9:00,0.070124948
2023/1/17 9:15,0.071129956
2023/1/17 9:30,0.070816923
2023/1/17 9:45,0.073481637
2023/1/17 10:00,0.076991766
2023/1/17 10:15,0.082363812
2023/1/17 10:30,0.087798945
2023/1/17 10:45,0.099585146
2023/1/17 11:00,0.116131659
2023/1/17 11:15,0.141632141
2023/1/17 11:30,0.163438144
2023/1/17 11:45,0.217215741
2023/1/17 12:00,0.30668075
2023/1/17 12:15,0.341752453
2023/1/17 12:30,0.382892621
2023/1/17 12:45,0.422659104
2023/1/17 13:00,0.448975039
2023/1/17 13:15,0.497580289
2023/1/17 13:30,0.558896725
2023/1/17 13:45,0.561787323
2023/1/17 14:00,0.563623988
2023/1/17 14:15,0.548654846
2023/1/17 14:30,0.584559411
2023/1/17 14:45,0.605003123
2023/1/17 15:00,0.584705389
2023/1/17 15:15,0.540166405
2023/1/17 15:30,0.544699695
2023/1/17 15:45,0.542780611
2023/1/17 16:00,0.534336031
2023/1/17 16:15,0.48715846
2023/1/17 16:30,0.457426711
2023/1/17 16:45,0.401664025
2023/1/17 17:00,0.388046271
2023/1/17 17:15,0.350376439
2023/1/17 17:30,0.32567689
2023/1/17 17:45,0.28888297
2023/1/17 18:00,0.265692504
2023/1/17 18:15,0.217681632
2023/1/17 18:30,0.168562596
2023/1/17 18:45,0.119523606
2023/1/17 19:00,0.089755643
2023/1/17 19:15,0.052203966
2023/1/17 19:30,0.031711513
2023/1/17 19:45,0.019834518
2023/1/17 20:00,0.010475641
2023/1/17 20:15,0
2023/1/17 20:30,0
2023/1/17 20:45,0
2023/1/17 21:00,0
2023/1/17 21:15,0
2023/1/17 21:30,0
2023/1/17 21:45,0
2023/1/17 22:00,0
2023/1/17 22:15,0
2023/1/17 22:30,0
2023/1/17 22:45,0
2023/1/17 23:00,0
2023/1/17 23:15,0
2023/1/17 23:30,0
2023/1/17 23:45,0
2023/1/18 0:00,0
2023/1/18 0:15,0
2023/1/18 0:30,0
2023/1/18 0:45,0
2023/1/18 1:00,0
2023/1/18 1:15,0
2023/1/18 1:30,0
2023/1/18 1:45,0
2023/1/18 2:00,0
2023/1/18 2:15,0
2023/1/18 2:30,0
2023/1/18 2:45,0
2023/1/18 3:00,0
2023/1/18 3:15,0
2023/1/18 3:30,0
2023/1/18 3:45,0
2023/1/18 4:00,0
2023/1/18 4:15,0
2023/1/18 4:30,0
2023/1/18 4:45,0
2023/1/18 5:00,0
2023/1/18 5:15,0
2023/1/18 5:30,0
2023/1/18 5:45,0
2023/1/18 6:00,0
2023/1/18 6:15,0
2023/1/18 6:30,0
2023/1/18 6:45,0
2023/1/18 7:00,0.012428896
2023/1/18 7:15,0.021501434
2023/1/18 7:30,0.030353422
2023/1/18 7:45,0.040077243
2023/1/18 8:00,0.042999297
2023/1/18 8:15,0.051546448
2023/1/18 8:30,0.05934932
2023/1/18 8:45,0.062373627
2023/1/18 9:00,0.06305484
2023/1/18 9:15,0.066256991
2023/1/18 9:30,0.067344673
2023/1/18 9:45,0.069418303
2023/1/18 10:00,0.07351597
2023/1/18 10:15,0.074657758
2023/1/18 10:30,0.079277025
2023/1/18 10:45,0.087428735
2023/1/18 11:00,0.102358085
2023/1/18 11:15,0.130506999
2023/1/18 11:30,0.154478385
2023/1/18 11:45,0.209380457
2023/1/18 12:00,0.29029304
2023/1/18 12:15,0.30962178
2023/1/18 12:30,0.346988453
2023/1/18 12:45,0.382454756
2023/1/18 13:00,0.416467019
2023/1/18 13:15,0.45636534
2023/1/18 13:30,0.513432519
2023/1/18 13:45,0.523601499
2023/1/18 14:00,0.532497868
2023/1/18 14:15,0.528328253
2023/1/18 14:30,0.552256509
2023/1/18 14:45,0.562273959
2023/1/18 15:00,0.548453917
2023/1/18 15:15,0.4964502
2023/1/18 15:30,0.496441333
2023/1/18 15:45,0.484266215
2023/1/18 16:00,0.47369408
2023/1/18 16:15,0.443487124
2023/1/18 16:30,0.415707604
2023/1/18 16:45,0.377841273
2023/1/18 17:00,0.368536387
2023/1/18 17:15,0.334226444
2023/1/18 17:30,0.316065277
2023/1/18 17:45,0.270209776
2023/1/18 18:00,0.245884881
2023/1/18 18:15,0.202687865
2023/1/18 18:30,0.160346828
2023/1/18 18:45,0.113550786
2023/1/18 19:00,0.081349801
2023/1/18 19:15,0.04871952
2023/1/18 19:30,0.030579384
2023/1/18 19:45,0.020017098
2023/1/18 20:00,0.010603132
2023/1/18 20:15,0
2023/1/18 20:30,0
2023/1/18 20:45,0
2023/1/18 21:00,0
2023/1/18 21:15,0
2023/1/18 21:30,0
2023/1/18 21:45,0
2023/1/18 22:00,0
2023/1/18 22:15,0
2023/1/18 22:30,0
2023/1/18 22:45,0
2023/1/18 23:00,0
2023/1/18 23:15,0
2023/1/18 23:30,0
2023/1/18 23:45,0
2023/1/19 0:00,0
2023/1/19 0:15,0
2023/1/19 0:30,0
2023/1/19 0:45,0
2023/1/19 1:00,0
2023/1/19 1:15,0
2023/1/19 1:30,0
2023/1/19 1:45,0
2023/1/19 2:00,0
2023/1/19 2:15,0
2023/1/19 2:30,0
2023/1/19 2:45,0
2023/1/19 3:00,0
2023/1/19 3:15,0
2023/1/19 3:30,0
2023/1/19 3:45,0
2023/1/19 4:00,0
2023/1/19 4:15,0
2023/1/19 4:30,0
2023/1/19 4:45,0
2023/1/19 5:00,0
2023/1/19 5:15,0
2023/1/19 5:30,0
2023/1/19 5:45,0
2023/1/19 6:00,0
2023/1/19 6:15,0
2023/1/19 6:30,0
2023/1/19 6:45,0
2023/1/19 7:00,0.001327215
2023/1/19 7:15,0.002275166
2023/1/19 7:30,0.003256079
2023/1/19 7:45,0.004374395
2023/1/19 8:00,0.004886625
2023/1/19 8:15,0.005674163
2023/1/19 8:30,0.006730945
2023/1/19 8:45,0.00698097
2023/1/19 9:00,0.00740052
2023/1/19 9:15,0.007596533
2023/1/19 9:30,0.007623175
2023/1/19 9:45,0.007816084
2023/1/19 10:00,0.008243157
2023/1/19 10:15,0.008793461
2023/1/19 10:30,0.009341588
2023/1/19 10:45,0.010463713
2023/1/19 11:00,0.011970016
2023/1/19 11:15,0.014555772
2023/1/19 11:30,0.016442546
2023/1/19 11:45,0.022423227
2023/1/19 12:00,0.03203885
2023/1/19 12:15,0.035610788
2023/1/19 12:30,0.039383178
2023/1/19 12:45,0.043586151
2023/1/19 13:00,0.046864128
2023/1/19 13:15,0.052208059
2023/1/19 13:30,0.058109258
2023/1/19 13:45,0.059548729
2023/1/19 14:00,0.059883002
2023/1/19 14:15,0.059243129
2023/1/19 14:30,0.063204225
2023/1/19 14:45,0.065401187
2023/1/19 15:00,0.063725843
2023/1/19 15:15,0.057903612
2023/1/19 15:30,0.056697603
2023/1/19 15:45,0.055668409
2023/1/19 16:00,0.054042122
2023/1/19 16:15,0.050844502
2023/1/19 16:30,0.048289958
2023/1/19 16:45,0.04300064
2023/1/19 17:00,0.041254593
2023/1/19 17:15,0.036889171
2023/1/19 17:30,0.034528339
2023/1/19 17:45,0.030418666
2023/1/19 18:00,0.027947928
2023/1/19 18:15,0.023149248
2023/1/19 18:30,0.017776708
2023/1/19 18:45,0.012623148
2023/1/19 19:00,0.009153848
2023/1/19 19:15,0.005384877
2023/1/19 19:30,0.003310436
2023/1/19 19:45,0.002079657
2023/1/19 20:00,0.001106578
2023/1/19 20:15,0
2023/1/19 20:30,0
2023/1/19 20:45,0
2023/1/19 21:00,0
2023/1/19 21:15,0
2023/1/19 21:30,0
2023/1/19 21:45,0
2023/1/19 22:00,0
2023/1/19 22:15,0
2023/1/19 22:30,0
2023/1/19 22:45,0
2023/1/19 23:00,0
2023/1/19 23:15,0
2023/1/19 23:30,0
2023/1/19 23:45,0
2023/1/20 0:00,0
2023/1/20 0:15,0
2023/1/20 0:30,0
2023/1/20 0:45,0
2023/1/20 1:00,0
2023/1/20 1:15,0
2023/1/20 1:30,0
2023/1/20 1:45,0
2023/1/20 2:00,0
2023/1/20 2:15,0
2023/1/20 2:30,0
2023/1/20 2:45,0
2023/1/20 3:00,0
2023/1/20 3:15,0
2023/1/20 3:30,0
2023/1/20 3:45,0
2023/1/20 4:00,0
2023/1/20 4:15,0
2023/1/20 4:30,0
2023/1/20 4:45,0
2023/1/20 5:00,0
2023/1/20 5:15,0
2023/1/20 5:30,0
2023/1/20 5:45,0
2023/1/20 6:00,0
2023/1/20 6:15,0
2023/1/20 6:30,0
2023/1/20 6:45,0
2023/1/20 7:00,0.011354895
2023/1/20 7:15,0.01887133
2023/1/20 7:30,0.02627491
2023/1/20 7:45,0.034577447
2023/1/20 8:00,0.038025992
2023/1/20 8:15,0.046365133
2023/1/20 8:30,0.056748328
2023/1/20 8:45,0.060893869
2023/1/20 9:00,0.063354972
2023/1/20 9:15,0.062172736
2023/1/20 9:30,0.059830349
2023/1/20 9:45,0.061482391
2023/1/20 10:00,0.066495559
2023/1/20 10:15,0.073618408
2023/1/20 10:30,0.080096738
2023/1/20 10:45,0.09119664
2023/1/20 11:00,0.104284067
2023/1/20 11:15,0.124235845
2023/1/20 11:30,0.140854992
2023/1/20 11:45,0.191156427
2023/1/20 12:00,0.266986812
2023/1/20 12:15,0.288474916
2023/1/20 12:30,0.31432976
2023/1/20 12:45,0.351427073
2023/1/20 13:00,0.376210036
2023/1/20 13:15,0.429523416
2023/1/20 13:30,0.460664691
2023/1/20 13:45,0.479399078
2023/1/20 14:00,0.482009278
2023/1/20 14:15,0.508316445
2023/1/20 14:30,0.5491645
2023/1/20 14:45,0.542447941
2023/1/20 15:00,0.529286283
2023/1/20 15:15,0.473928123
2023/1/20 15:30,0.464985246
2023/1/20 15:45,0.44138806
2023/1/20 16:00,0.425873833
2023/1/20 16:15,0.406842104
2023/1/20 16:30,0.38211185
2023/1/20 16:45,0.346924852
2023/1/20 17:00,0.342517139
2023/1/20 17:15,0.317157112
2023/1/20 17:30,0.293244906
2023/1/20 17:45,0.258358328
2023/1/20 18:00,0.235740198
2023/1/20 18:15,0.204270308
2023/1/20 18:30,0.157330192
2023/1/20 18:45,0.109513968
2023/1/20 19:00,0.076078097
2023/1/20 19:15,0.0443844
2023/1/20 19:30,0.027216433
2023/1/20 19:45,0.017007265
2023/1/20 20:00,0.009228971
2023/1/20 20:15,0
2023/1/20 20:30,0
2023/1/20 20:45,0
2023/1/20 21:00,0
2023/1/20 21:15,0
2023/1/20 21:30,0
2023/1/20 21:45,0
2023/1/20 22:00,0
2023/1/20 22:15,0
2023/1/20 22:30,0
2023/1/20 22:45,0
2023/1/20 23:00,0
2023/1/20 23:15,0
2023/1/20 23:30,0
2023/1/20 23:45,0
2023/1/21 0:00,0
2023/1/21 0:15,0
2023/1/21 0:30,0
2023/1/21 0:45,0
2023/1/21 1:00,0
2023/1/21 1:15,0
2023/1/21 1:30,0
2023/1/21 1:45,0
2023/1/21 2:00,0
2023/1/21 2:15,0
2023/1/21 2:30,0
2023/1/21 2:45,0
2023/1/21 3:00,0
2023/1/21 3:15,0
2023/1/21 3:30,0
2023/1/21 3:45,0
2023/1/21 4:00,0
2023/1/21 4:15,0
2023/1/21 4:30,0
2023/1/21 4:45,0
2023/1/21 5:00,0
2023/1/21 5:15,0
2023/1/21 5:30,0
2023/1/21 5:45,0
2023/1/21 6:00,0
2023/1/21 6:15,0
2023/1/21 6:30,0
2023/1/21 6:45,0
2023/1/21 7:00,0.001120153
2023/1/21 7:15,0.001921354
2023/1/21 7:30,0.002769506
2023/1/21 7:45,0.00366103
2023/1/21 8:00,0.004079185
2023/1/21 8:15,0.004720147
2023/1/21 8:30,0.005705808
2023/1/21 8:45,0.005931353
2023/1/21 9:00,0.006231968
2023/1/21 9:15,0.006379029
2023/1/21 9:30,0.006345141
2023/1/21 9:45,0.006560582
2023/1/21 10:00,0.006919373
2023/1/21 10:15,0.007407279
2023/1/21 10:30,0.007775365
2023/1/21 10:45,0.008687705
2023/1/21 11:00,0.010006228
2023/1/21 11:15,0.012338142
2023/1/21 11:30,0.014032357
2023/1/21 11:45,0.018984751
2023/1/21 12:00,0.026956429
2023/1/21 12:15,0.029778459
2023/1/21 12:30,0.033136637
2023/1/21 12:45,0.036957716
2023/1/21 13:00,0.039776635
2023/1/21 13:15,0.044308073
2023/1/21 13:30,0.049320724
2023/1/21 13:45,0.050500147
2023/1/21 14:00,0.05083598
2023/1/21 14:15,0.050034011
2023/1/21 14:30,0.053683633
2023/1/21 14:45,0.055802027
2023/1/21 15:00,0.053767132
2023/1/21 15:15,0.048613997
2023/1/21 15:30,0.047354863
2023/1/21 15:45,0.04692334
2023/1/21 16:00,0.04534409
2023/1/21 16:15,0.04270835
2023/1/21 16:30,0.040683962
2023/1/21 16:45,0.036027691
2023/1/21 17:00,0.034645358
2023/1/21 17:15,0.031121553
2023/1/21 17:30,0.02965796
2023/1/21 17:45,0.026090415
2023/1/21 18:00,0.023670657
2023/1/21 18:15,0.019368359
2023/1/21 18:30,0.014901277
2023/1/21 18:45,0.010578195
2023/1/21 19:00,0.007732838
2023/1/21 19:15,0.004487843
2023/1/21 19:30,0.002762797
2023/1/21 19:45,0.001740113
2023/1/21 20:00,0.000934544
2023/1/21 20:15,0
2023/1/21 20:30,0
2023/1/21 20:45,0
2023/1/21 21:00,0
2023/1/21 21:15,0
2023/1/21 21:30,0
2023/1/21 21:45,0
2023/1/21 22:00,0
2023/1/21 22:15,0
2023/1/21 22:30,0
2023/1/21 22:45,0
2023/1/21 23:00,0
2023/1/21 23:15,0
2023/1/21 23:30,0
2023/1/21 23:45,0
2023/1/22 0:00,0
2023/1/22 0:15,0
2023/1/22 0:30,0
2023/1/22 0:45,0
2023/1/22 1:00,0
2023/1/22 1:15,0
2023/1/22 1:30,0
2023/1/22 1:45,0
2023/1/22 2:00,0
2023/1/22 2:15,0
2023/1/22 2:30,0
2023/1/22 2:45,0
2023/1/22 3:00,0
2023/1/22 3:15,0
2023/1/22 3:30,0
2023/1/22 3:45,0
2023/1/22 4:00,0
2023/1/22 4:15,0
2023/1/22 4:30,0
2023/1/22 4:45,0
2023/1/22 5:00,0
2023/1/22 5:15,0
2023/1/22 5:30,0
2023/1/22 5:45,0
2023/1/22 6:00,0
2023/1/22 6:15,0
2023/1/22 6:30,0
2023/1/22 6:45,0
2023/1/22 7:00,0.001139906
2023/1/22 7:15,0.001969849
2023/1/22 7:30,0.002845588
2023/1/22 7:45,0.003813384
2023/1/22 8:00,0.004247244
2023/1/22 8:15,0.004930628
2023/1/22 8:30,0.005910097
2023/1/22 8:45,0.006108853
2023/1/22 9:00,0.006437328
2023/1/22 9:15,0.006567303
2023/1/22 9:30,0.006562578
2023/1/22 9:45,0.006713596
2023/1/22 10:00,0.007091628
2023/1/22 10:15,0.007601298
2023/1/22 10:30,0.008043467
2023/1/22 10:45,0.009020599
2023/1/22 11:00,0.010245051
2023/1/22 11:15,0.012615179
2023/1/22 11:30,0.014337023
2023/1/22 11:45,0.019542152
2023/1/22 12:00,0.027876555
2023/1/22 12:15,0.0310701
2023/1/22 12:30,0.034780569
2023/1/22 12:45,0.038737135
2023/1/22 13:00,0.041372259
2023/1/22 13:15,0.045775394
2023/1/22 13:30,0.050897128
2023/1/22 13:45,0.052356449
2023/1/22 14:00,0.052789068
2023/1/22 14:15,0.05176876
2023/1/22 14:30,0.054923857
2023/1/22 14:45,0.056893077
2023/1/22 15:00,0.055153774
2023/1/22 15:15,0.049904812
2023/1/22 15:30,0.048690365
2023/1/22 15:45,0.047973631
2023/1/22 16:00,0.046572181
2023/1/22 16:15,0.043728182
2023/1/22 16:30,0.04142122
2023/1/22 16:45,0.036944118
2023/1/22 17:00,0.035652012
2023/1/22 17:15,0.03210626
2023/1/22 17:30,0.03012024
2023/1/22 17:45,0.026479541
2023/1/22 18:00,0.02420936
2023/1/22 18:15,0.020122577
2023/1/22 18:30,0.015487508
2023/1/22 18:45,0.011028967
2023/1/22 19:00,0.008007355
2023/1/22 19:15,0.004701042
2023/1/22 19:30,0.002887261
2023/1/22 19:45,0.001813902
2023/1/22 20:00,0.000963038
2023/1/22 20:15,0
2023/1/22 20:30,0
2023/1/22 20:45,0
2023/1/22 21:00,0
2023/1/22 21:15,0
2023/1/22 21:30,0
2023/1/22 21:45,0
2023/1/22 22:00,0
2023/1/22 22:15,0
2023/1/22 22:30,0
2023/1/22 22:45,0
2023/1/22 23:00,0
2023/1/22 23:15,0
2023/1/22 23:30,0
2023/1/22 23:45,0
2023/1/23 0:00,0
2023/1/23 0:15,0
2023/1/23 0:30,0
2023/1/23 0:45,0
2023/1/23 1:00,0
2023/1/23 1:15,0
2023/1/23 1:30,0
2023/1/23 1:45,0
2023/1/23 2:00,0
2023/1/23 2:15,0
2023/1/23 2:30,0
2023/1/23 2:45,0
2023/1/23 3:00,0
2023/1/23 3:15,0
2023/1/23 3:30,0
2023/1/23 3:45,0
2023/1/23 4:00,0
2023/1/23 4:15,0
2023/1/23 4:30,0
2023/1/23 4:45,0
2023/1/23 5:00,0
2023/1/23 5:15,0
2023/1/23 5:30,0
2023/1/23 5:45,0
2023/1/23 6:00,0
2023/1/23 6:15,0
2023/1/23 6:30,0
2023/1/23 6:45,0
2023/1/23 7:00,0.003755288
2023/1/23 7:15,0.006520828
2023/1/23 7:30,0.009275802
2023/1/23 7:45,0.012036741
2023/1/23 8:00,0.013443526
2023/1/23 8:15,0.015851473
2023/1/23 8:30,0.019467534
2023/1/23 8:45,0.019714503
2023/1/23 9:00,0.020484255
2023/1/23 9:15,0.020656279
2023/1/23 9:30,0.0210232
2023/1/23 9:45,0.021441632
2023/1/23 10:00,0.022787905
2023/1/23 10:15,0.023893815
2023/1/23 10:30,0.025136926
2023/1/23 10:45,0.028231228
2023/1/23 11:00,0.032793053
2023/1/23 11:15,0.040535726
2023/1/23 11:30,0.046343576
2023/1/23 11:45,0.062295169
2023/1/23 12:00,0.087269427
2023/1/23 12:15,0.095558536
2023/1/23 12:30,0.10928659
2023/1/23 12:45,0.125005966
2023/1/23 13:00,0.136754387
2023/1/23 13:15,0.147708751
2023/1/23 13:30,0.165094732
2023/1/23 13:45,0.165328093
2023/1/23 14:00,0.168175425
2023/1/23 14:15,0.165000517
2023/1/23 14:30,0.179016834
2023/1/23 14:45,0.18517637
2023/1/23 15:00,0.180911254
2023/1/23 15:15,0.163078357
2023/1/23 15:30,0.159048788
2023/1/23 15:45,0.154718424
2023/1/23 16:00,0.151803539
2023/1/23 16:15,0.143910314
2023/1/23 16:30,0.137292817
2023/1/23 16:45,0.118281874
2023/1/23 17:00,0.111838707
2023/1/23 17:15,0.101001254
2023/1/23 17:30,0.096909697
2023/1/23 17:45,0.085859637
2023/1/23 18:00,0.078739223
2023/1/23 18:15,0.065763671
2023/1/23 18:30,0.050283859
2023/1/23 18:45,0.035341904
2023/1/23 19:00,0.025459452
2023/1/23 19:15,0.014898502
2023/1/23 19:30,0.009157179
2023/1/23 19:45,0.005740578
2023/1/23 20:00,0.003103418
2023/1/23 20:15,0
2023/1/23 20:30,0
2023/1/23 20:45,0
2023/1/23 21:00,0
2023/1/23 21:15,0
2023/1/23 21:30,0
2023/1/23 21:45,0
2023/1/23 22:00,0
2023/1/23 22:15,0
2023/1/23 22:30,0
2023/1/23 22:45,0
2023/1/23 23:00,0
2023/1/23 23:15,0
2023/1/23 23:30,0
2023/1/23 23:45,0
2023/1/24 0:00,0
2023/1/24 0:15,0
2023/1/24 0:30,0
2023/1/24 0:45,0
2023/1/24 1:00,0
2023/1/24 1:15,0
2023/1/24 1:30,0
2023/1/24 1:45,0
2023/1/24 2:00,0
2023/1/24 2:15,0
2023/1/24 2:30,0
2023/1/24 2:45,0
2023/1/24 3:00,0
2023/1/24 3:15,0
2023/1/24 3:30,0
2023/1/24 3:45,0
2023/1/24 4:00,0
2023/1/24 4:15,0
2023/1/24 4:30,0
2023/1/24 4:45,0
2023/1/24 5:00,0
2023/1/24 5:15,0
2023/1/24 5:30,0
2023/1/24 5:45,0
2023/1/24 6:00,0
2023/1/24 6:15,0
2023/1/24 6:30,0
2023/1/24 6:45,0
2023/1/24 7:00,0.011813795
2023/1/24 7:15,0.020164122
2023/1/24 7:30,0.028471582
2023/1/24 7:45,0.037905283
2023/1/24 8:00,0.042579131
2023/1/24 8:15,0.050584672
2023/1/24 8:30,0.058935843
2023/1/24 8:45,0.06074069
2023/1/24 9:00,0.063582013
2023/1/24 9:15,0.065658477
2023/1/24 9:30,0.06520514
2023/1/24 9:45,0.065758656
2023/1/24 10:00,0.069418816
2023/1/24 10:15,0.073729385
2023/1/24 10:30,0.078609697
2023/1/24 10:45,0.088657802
2023/1/24 11:00,0.103549974
2023/1/24 11:15,0.127662993
2023/1/24 11:30,0.146886747
2023/1/24 11:45,0.200108121
2023/1/24 12:00,0.281195623
2023/1/24 12:15,0.313347789
2023/1/24 12:30,0.357446882
2023/1/24 12:45,0.405226471
2023/1/24 13:00,0.422956882
2023/1/24 13:15,0.460591727
2023/1/24 13:30,0.505166209
2023/1/24 13:45,0.525839107
2023/1/24 14:00,0.524355431
2023/1/24 14:15,0.527219453
2023/1/24 14:30,0.56345628
2023/1/24 14:45,0.581408527
2023/1/24 15:00,0.563053275
2023/1/24 15:15,0.502408398
2023/1/24 15:30,0.487970776
2023/1/24 15:45,0.471710238
2023/1/24 16:00,0.460172383
2023/1/24 16:15,0.447970217
2023/1/24 16:30,0.440275131
2023/1/24 16:45,0.392828248
2023/1/24 17:00,0.37015311
2023/1/24 17:15,0.320487959
2023/1/24 17:30,0.308044342
2023/1/24 17:45,0.272122355
2023/1/24 18:00,0.249735309
2023/1/24 18:15,0.204344472
2023/1/24 18:30,0.15937494
2023/1/24 18:45,0.112265525
2023/1/24 19:00,0.080425217
2023/1/24 19:15,0.046736604
2023/1/24 19:30,0.029499191
2023/1/24 19:45,0.018642261
2023/1/24 20:00,0.009820532
2023/1/24 20:15,0
2023/1/24 20:30,0
2023/1/24 20:45,0
2023/1/24 21:00,0
2023/1/24 21:15,0
2023/1/24 21:30,0
2023/1/24 21:45,0
2023/1/24 22:00,0
2023/1/24 22:15,0
2023/1/24 22:30,0
2023/1/24 22:45,0
2023/1/24 23:00,0
2023/1/24 23:15,0
2023/1/24 23:30,0
2023/1/24 23:45,0
2023/1/25 0:00,0
2023/1/25 0:15,0
2023/1/25 0:30,0
2023/1/25 0:45,0
2023/1/25 1:00,0
2023/1/25 1:15,0
2023/1/25 1:30,0
2023/1/25 1:45,0
2023/1/25 2:00,0
2023/1/25 2:15,0
2023/1/25 2:30,0
2023/1/25 2:45,0
2023/1/25 3:00,0
2023/1/25 3:15,0
2023/1/25 3:30,0
2023/1/25 3:45,0
2023/1/25 4:00,0
2023/1/25 4:15,0
2023/1/25 4:30,0
2023/1/25 4:45,0
2023/1/25 5:00,0
2023/1/25 5:15,0
2023/1/25 5:30,0
2023/1/25 5:45,0
2023/1/25 6:00,0
2023/1/25 6:15,0
2023/1/25 6:30,0
2023/1/25 6:45,0
2023/1/25 7:00,0.01187399
2023/1/25 7:15,0.019999547
2023/1/25 7:30,0.028096751
2023/1/25 7:45,0.036189929
2023/1/25 8:00,0.041319653
2023/1/25 8:15,0.047434294
2023/1/25 8:30,0.056904152
2023/1/25 8:45,0.058013177
2023/1/25 9:00,0.06201517
2023/1/25 9:15,0.065469253
2023/1/25 9:30,0.063710862
2023/1/25 9:45,0.063686451
2023/1/25 10:00,0.064924605
2023/1/25 10:15,0.073164158
2023/1/25 10:30,0.081414692
2023/1/25 10:45,0.093058007
2023/1/25 11:00,0.104673782
2023/1/25 11:15,0.125807185
2023/1/25 11:30,0.144232895
2023/1/25 11:45,0.197496794
2023/1/25 12:00,0.282643207
2023/1/25 12:15,0.316413192
2023/1/25 12:30,0.349578443
2023/1/25 12:45,0.374523978
2023/1/25 13:00,0.382819136
2023/1/25 13:15,0.417902897
2023/1/25 13:30,0.482763173
2023/1/25 13:45,0.505218375
2023/1/25 14:00,0.497399751
2023/1/25 14:15,0.489287962
2023/1/25 14:30,0.527776544
2023/1/25 14:45,0.562159861
2023/1/25 15:00,0.549063119
2023/1/25 15:15,0.515604187
2023/1/25 15:30,0.509582192
2023/1/25 15:45,0.503359276
2023/1/25 16:00,0.482303461
2023/1/25 16:15,0.450544964
2023/1/25 16:30,0.415578407
2023/1/25 16:45,0.37380708
2023/1/25 17:00,0.360330333
2023/1/25 17:15,0.329046184
2023/1/25 17:30,0.302323252
2023/1/25 17:45,0.262058223
2023/1/25 18:00,0.23766732
2023/1/25 18:15,0.1936662
2023/1/25 18:30,0.142565739
2023/1/25 18:45,0.10068538
2023/1/25 19:00,0.074128013
2023/1/25 19:15,0.046173438
2023/1/25 19:30,0.028618674
2023/1/25 19:45,0.017937146
2023/1/25 20:00,0.009666373
2023/1/25 20:15,0
2023/1/25 20:30,0
2023/1/25 20:45,0
2023/1/25 21:00,0
2023/1/25 21:15,0
2023/1/25 21:30,0
2023/1/25 21:45,0
2023/1/25 22:00,0
2023/1/25 22:15,0
2023/1/25 22:30,0
2023/1/25 22:45,0
2023/1/25 23:00,0
2023/1/25 23:15,0
2023/1/25 23:30,0
2023/1/25 23:45,0
2023/1/26 0:00,0
2023/1/26 0:15,0
2023/1/26 0:30,0
2023/1/26 0:45,0
2023/1/26 1:00,0
2023/1/26 1:15,0
2023/1/26 1:30,0
2023/1/26 1:45,0
2023/1/26 2:00,0
2023/1/26 2:15,0
2023/1/26 2:30,0
2023/1/26 2:45,0
2023/1/26 3:00,0
2023/1/26 3:15,0
2023/1/26 3:30,0
2023/1/26 3:45,0
2023/1/26 4:00,0
2023/1/26 4:15,0
2023/1/26 4:30,0
2023/1/26 4:45,0
2023/1/26 5:00,0
2023/1/26 5:15,0
2023/1/26 5:30,0
2023/1/26 5:45,0
2023/1/26 6:00,0
2023/1/26 6:15,0
2023/1/26 6:30,0
2023/1/26 6:45,0
2023/1/26 7:00,0.003647193
2023/1/26 7:15,0.006262553
2023/1/26 7:30,0.009004226
2023/1/26 7:45,0.012111343
2023/1/26 8:00,0.013384496
2023/1/26 8:15,0.015659518
2023/1/26 8:30,0.018545784
2023/1/26 8:45,0.01907388
2023/1/26 9:00,0.02011209
2023/1/26 9:15,0.021029262
2023/1/26 9:30,0.021736029
2023/1/26 9:45,0.021775432
2023/1/26 10:00,0.022825526
2023/1/26 10:15,0.023615827
2023/1/26 10:30,0.025262356
2023/1/26 10:45,0.027886435
2023/1/26 11:00,0.032035311
2023/1/26 11:15,0.039473547
2023/1/26 11:30,0.045306486
2023/1/26 11:45,0.062020188
2023/1/26 12:00,0.088213842
2023/1/26 12:15,0.097217507
2023/1/26 12:30,0.107042782
2023/1/26 12:45,0.119585555
2023/1/26 13:00,0.1257791
2023/1/26 13:15,0.142112486
2023/1/26 13:30,0.157197397
2023/1/26 13:45,0.165573825
2023/1/26 14:00,0.16527705
2023/1/26 14:15,0.162447469
2023/1/26 14:30,0.171780362
2023/1/26 14:45,0.176433934
2023/1/26 15:00,0.173191165
2023/1/26 15:15,0.158367447
2023/1/26 15:30,0.15714018
2023/1/26 15:45,0.153509986
2023/1/26 16:00,0.146972596
2023/1/26 16:15,0.137602528
2023/1/26 16:30,0.129843315
2023/1/26 16:45,0.114689291
2023/1/26 17:00,0.110301665
2023/1/26 17:15,0.099850961
2023/1/26 17:30,0.097195668
2023/1/26 17:45,0.085301566
2023/1/26 18:00,0.076904843
2023/1/26 18:15,0.062603373
2023/1/26 18:30,0.048703326
2023/1/26 18:45,0.035066212
2023/1/26 19:00,0.025476948
2023/1/26 19:15,0.014665241
2023/1/26 19:30,0.008908011
2023/1/26 19:45,0.005636267
2023/1/26 20:00,0.003048621
2023/1/26 20:15,0
2023/1/26 20:30,0
2023/1/26 20:45,0
2023/1/26 21:00,0
2023/1/26 21:15,0
2023/1/26 21:30,0
2023/1/26 21:45,0
2023/1/26 22:00,0
2023/1/26 22:15,0
2023/1/26 22:30,0
2023/1/26 22:45,0
2023/1/26 23:00,0
2023/1/26 23:15,0
2023/1/26 23:30,0
2023/1/26 23:45,0
2023/1/27 0:00,0
2023/1/27 0:15,0
2023/1/27 0:30,0
2023/1/27 0:45,0
2023/1/27 1:00,0
2023/1/27 1:15,0
2023/1/27 1:30,0
2023/1/27 1:45,0
2023/1/27 2:00,0
2023/1/27 2:15,0
2023/1/27 2:30,0
2023/1/27 2:45,0
2023/1/27 3:00,0
2023/1/27 3:15,0
2023/1/27 3:30,0
2023/1/27 3:45,0
2023/1/27 4:00,0
2023/1/27 4:15,0
2023/1/27 4:30,0
2023/1/27 4:45,0
2023/1/27 5:00,0
2023/1/27 5:15,0
2023/1/27 5:30,0
2023/1/27 5:45,0
2023/1/27 6:00,0
2023/1/27 6:15,0
2023/1/27 6:30,0
2023/1/27 6:45,0
2023/1/27 7:00,0.011348657
2023/1/27 7:15,0.019114534
2023/1/27 7:30,0.027033088
2023/1/27 7:45,0.035989976
2023/1/27 8:00,0.040195096
2023/1/27 8:15,0.046673108
2023/1/27 8:30,0.056115356
2023/1/27 8:45,0.058734245
2023/1/27 9:00,0.062140402
2023/1/27 9:15,0.063135725
2023/1/27 9:30,0.061605872
2023/1/27 9:45,0.061891937
2023/1/27 10:00,0.067543205
2023/1/27 10:15,0.07545379
2023/1/27 10:30,0.077577681
2023/1/27 10:45,0.084956372
2023/1/27 11:00,0.09527144
2023/1/27 11:15,0.124117489
2023/1/27 11:30,0.14334186
2023/1/27 11:45,0.192263349
2023/1/27 12:00,0.271032803
2023/1/27 12:15,0.297689091
2023/1/27 12:30,0.344384652
2023/1/27 12:45,0.391340936
2023/1/27 13:00,0.431871955
2023/1/27 13:15,0.470603905
2023/1/27 13:30,0.502581912
2023/1/27 13:45,0.501567678
2023/1/27 14:00,0.496435793
2023/1/27 14:15,0.509842513
2023/1/27 14:30,0.538971829
2023/1/27 14:45,0.569175464
2023/1/27 15:00,0.529658514
2023/1/27 15:15,0.481185908
2023/1/27 15:30,0.453941556
2023/1/27 15:45,0.449106296
2023/1/27 16:00,0.445337023
2023/1/27 16:15,0.430387855
2023/1/27 16:30,0.41730327
2023/1/27 16:45,0.361675211
2023/1/27 17:00,0.34910461
2023/1/27 17:15,0.304556093
2023/1/27 17:30,0.271739761
2023/1/27 17:45,0.236333039
2023/1/27 18:00,0.213627394
2023/1/27 18:15,0.190144058
2023/1/27 18:30,0.141209385
2023/1/27 18:45,0.103038448
2023/1/27 19:00,0.074345024
2023/1/27 19:15,0.043316588
2023/1/27 19:30,0.027413732
2023/1/27 19:45,0.016583866
2023/1/27 20:00,0.009346987
2023/1/27 20:15,0
2023/1/27 20:30,0
2023/1/27 20:45,0
2023/1/27 21:00,0
2023/1/27 21:15,0
2023/1/27 21:30,0
2023/1/27 21:45,0
2023/1/27 22:00,0
2023/1/27 22:15,0
2023/1/27 22:30,0
2023/1/27 22:45,0
2023/1/27 23:00,0
2023/1/27 23:15,0
2023/1/27 23:30,0
2023/1/27 23:45,0
2023/1/28 0:00,0
2023/1/28 0:15,0
2023/1/28 0:30,0
2023/1/28 0:45,0
2023/1/28 1:00,0
2023/1/28 1:15,0
2023/1/28 1:30,0
2023/1/28 1:45,0
2023/1/28 2:00,0
2023/1/28 2:15,0
2023/1/28 2:30,0
2023/1/28 2:45,0
2023/1/28 3:00,0
2023/1/28 3:15,0
2023/1/28 3:30,0
2023/1/28 3:45,0
2023/1/28 4:00,0
2023/1/28 4:15,0
2023/1/28 4:30,0
2023/1/28 4:45,0
2023/1/28 5:00,0
2023/1/28 5:15,0
2023/1/28 5:30,0
2023/1/28 5:45,0
2023/1/28 6:00,0
2023/1/28 6:15,0
2023/1/28 6:30,0
2023/1/28 6:45,0
2023/1/28 7:00,0.011547525
2023/1/28 7:15,0.019221144
2023/1/28 7:30,0.027750232
2023/1/28 7:45,0.036962477
2023/1/28 8:00,0.042161247
2023/1/28 8:15,0.048332651
2023/1/28 8:30,0.058112507
2023/1/28 8:45,0.059176161
2023/1/28 9:00,0.062744614
2023/1/28 9:15,0.063228065
2023/1/28 9:30,0.061923326
2023/1/28 9:45,0.061750282
2023/1/28 10:00,0.063108208
2023/1/28 10:15,0.070040212
2023/1/28 10:30,0.074764516
2023/1/28 10:45,0.086123828
2023/1/28 11:00,0.098149429
2023/1/28 11:15,0.119041749
2023/1/28 11:30,0.1316625
2023/1/28 11:45,0.17900878
2023/1/28 12:00,0.267574202
2023/1/28 12:15,0.308379419
2023/1/28 12:30,0.339957277
2023/1/28 12:45,0.357148477
2023/1/28 13:00,0.370491541
2023/1/28 13:15,0.406387798
2023/1/28 13:30,0.457166511
2023/1/28 13:45,0.491857111
2023/1/28 14:00,0.507043959
2023/1/28 14:15,0.508205247
2023/1/28 14:30,0.517769448
2023/1/28 14:45,0.516903388
2023/1/28 15:00,0.497666527
2023/1/28 15:15,0.446006857
2023/1/28 15:30,0.445812282
2023/1/28 15:45,0.443241613
2023/1/28 16:00,0.45068069
2023/1/28 16:15,0.423797594
2023/1/28 16:30,0.399222911
2023/1/28 16:45,0.341848569
2023/1/28 17:00,0.335143337
2023/1/28 17:15,0.294763293
2023/1/28 17:30,0.286588563
2023/1/28 17:45,0.250393634
2023/1/28 18:00,0.239134751
2023/1/28 18:15,0.189401221
2023/1/28 18:30,0.144766234
2023/1/28 18:45,0.101770498
2023/1/28 19:00,0.076528375
2023/1/28 19:15,0.043180382
2023/1/28 19:30,0.025781524
2023/1/28 19:45,0.016895583
2023/1/28 20:00,0.00957672
2023/1/28 20:15,0
2023/1/28 20:30,0
2023/1/28 20:45,0
2023/1/28 21:00,0
2023/1/28 21:15,0
2023/1/28 21:30,0
2023/1/28 21:45,0
2023/1/28 22:00,0
2023/1/28 22:15,0
2023/1/28 22:30,0
2023/1/28 22:45,0
2023/1/28 23:00,0
2023/1/28 23:15,0
2023/1/28 23:30,0
2023/1/28 23:45,0
2023/1/29 0:00,0
2023/1/29 0:15,0
2023/1/29 0:30,0
2023/1/29 0:45,0
2023/1/29 1:00,0
2023/1/29 1:15,0
2023/1/29 1:30,0
2023/1/29 1:45,0
2023/1/29 2:00,0
2023/1/29 2:15,0
2023/1/29 2:30,0
2023/1/29 2:45,0
2023/1/29 3:00,0
2023/1/29 3:15,0
2023/1/29 3:30,0
2023/1/29 3:45,0
2023/1/29 4:00,0
2023/1/29 4:15,0
2023/1/29 4:30,0
2023/1/29 4:45,0
2023/1/29 5:00,0
2023/1/29 5:15,0
2023/1/29 5:30,0
2023/1/29 5:45,0
2023/1/29 6:00,0
2023/1/29 6:15,0
2023/1/29 6:30,0
2023/1/29 6:45,0
2023/1/29 7:00,0.012716325
2023/1/29 7:15,0.022057132
2023/1/29 7:30,0.031476454
2023/1/29 7:45,0.042753109
2023/1/29 8:00,0.047005579
2023/1/29 8:15,0.054143699
2023/1/29 8:30,0.064701495
2023/1/29 8:45,0.0673977
2023/1/29 9:00,0.071453167
2023/1/29 9:15,0.072205097
2023/1/29 9:30,0.072527439
2023/1/29 9:45,0.074289271
2023/1/29 10:00,0.079495205
2023/1/29 10:15,0.083080069
2023/1/29 10:30,0.088811561
2023/1/29 10:45,0.098019201
2023/1/29 11:00,0.116406995
2023/1/29 11:15,0.140779724
2023/1/29 11:30,0.161823679
2023/1/29 11:45,0.215104115
2023/1/29 12:00,0.307768396
2023/1/29 12:15,0.342761193
2023/1/29 12:30,0.381296332
2023/1/29 12:45,0.427306522
2023/1/29 13:00,0.456336816
2023/1/29 13:15,0.50864126
2023/1/29 13:30,0.559913469
2023/1/29 13:45,0.569133815
2023/1/29 14:00,0.568886966
2023/1/29 14:15,0.566571776
2023/1/29 14:30,0.599509241
2023/1/29 14:45,0.631229206
2023/1/29 15:00,0.617325479
2023/1/29 15:15,0.569940073
2023/1/29 15:30,0.547625373
2023/1/29 15:45,0.532116378
2023/1/29 16:00,0.504836373
2023/1/29 16:15,0.487229096
2023/1/29 16:30,0.465722938
2023/1/29 16:45,0.423459325
2023/1/29 17:00,0.394271944
2023/1/29 17:15,0.348408942
2023/1/29 17:30,0.32165322
2023/1/29 17:45,0.289327766
2023/1/29 18:00,0.271521393
2023/1/29 18:15,0.225232622
2023/1/29 18:30,0.171879352
2023/1/29 18:45,0.120662541
2023/1/29 19:00,0.088518334
2023/1/29 19:15,0.051948543
2023/1/29 19:30,0.031987583
2023/1/29 19:45,0.020029765
2023/1/29 20:00,0.010685121
2023/1/29 20:15,0
2023/1/29 20:30,0
2023/1/29 20:45,0
2023/1/29 21:00,0
2023/1/29 21:15,0
2023/1/29 21:30,0
2023/1/29 21:45,0
2023/1/29 22:00,0
2023/1/29 22:15,0
2023/1/29 22:30,0
2023/1/29 22:45,0
2023/1/29 23:00,0
2023/1/29 23:15,0
2023/1/29 23:30,0
2023/1/29 23:45,0
2023/1/30 0:00,0
2023/1/30 0:15,0
2023/1/30 0:30,0
2023/1/30 0:45,0
2023/1/30 1:00,0
2023/1/30 1:15,0
2023/1/30 1:30,0
2023/1/30 1:45,0
2023/1/30 2:00,0
2023/1/30 2:15,0
2023/1/30 2:30,0
2023/1/30 2:45,0
2023/1/30 3:00,0
2023/1/30 3:15,0
2023/1/30 3:30,0
2023/1/30 3:45,0
2023/1/30 4:00,0
2023/1/30 4:15,0
2023/1/30 4:30,0
2023/1/30 4:45,0
2023/1/30 5:00,0
2023/1/30 5:15,0
2023/1/30 5:30,0
2023/1/30 5:45,0
2023/1/30 6:00,0
2023/1/30 6:15,0
2023/1/30 6:30,0
2023/1/30 6:45,0
2023/1/30 7:00,0.01181553
2023/1/30 7:15,0.019696223
2023/1/30 7:30,0.028806767
2023/1/30 7:45,0.039420042
2023/1/30 8:00,0.043773534
2023/1/30 8:15,0.050108455
2023/1/30 8:30,0.057359953
2023/1/30 8:45,0.059082245
2023/1/30 9:00,0.061820607
2023/1/30 9:15,0.0661928
2023/1/30 9:30,0.067923177
2023/1/30 9:45,0.06896918
2023/1/30 10:00,0.073483694
2023/1/30 10:15,0.075840834
2023/1/30 10:30,0.08034076
2023/1/30 10:45,0.086632563
2023/1/30 11:00,0.10413404
2023/1/30 11:15,0.132447316
2023/1/30 11:30,0.148242548
2023/1/30 11:45,0.196658636
2023/1/30 12:00,0.270914684
2023/1/30 12:15,0.309811043
2023/1/30 12:30,0.362069977
2023/1/30 12:45,0.404518481
2023/1/30 13:00,0.428223521
2023/1/30 13:15,0.455963154
2023/1/30 13:30,0.49472641
2023/1/30 13:45,0.499830592
2023/1/30 14:00,0.499606235
2023/1/30 14:15,0.504858994
2023/1/30 14:30,0.538222317
2023/1/30 14:45,0.566566064
2023/1/30 15:00,0.546874372
2023/1/30 15:15,0.521754694
2023/1/30 15:30,0.487428762
2023/1/30 15:45,0.501339666
2023/1/30 16:00,0.472916285
2023/1/30 16:15,0.461960873
2023/1/30 16:30,0.412853128
2023/1/30 16:45,0.360344098
2023/1/30 17:00,0.352972425
2023/1/30 17:15,0.325120489
2023/1/30 17:30,0.308690792
2023/1/30 17:45,0.269058068
2023/1/30 18:00,0.248034029
2023/1/30 18:15,0.201266324
2023/1/30 18:30,0.154632931
2023/1/30 18:45,0.107090902
2023/1/30 19:00,0.081733488
2023/1/30 19:15,0.047071006
2023/1/30 19:30,0.029119013
2023/1/30 19:45,0.017774539
2023/1/30 20:00,0.009751158
2023/1/30 20:15,0
2023/1/30 20:30,0
2023/1/30 20:45,0
2023/1/30 21:00,0
2023/1/30 21:15,0
2023/1/30 21:30,0
2023/1/30 21:45,0
2023/1/30 22:00,0
2023/1/30 22:15,0
2023/1/30 22:30,0
2023/1/30 22:45,0
2023/1/30 23:00,0
2023/1/30 23:15,0
2023/1/30 23:30,0
2023/1/30 23:45,0
2023/1/31 0:00,0
2023/1/31 0:15,0
2023/1/31 0:30,0
2023/1/31 0:45,0
2023/1/31 1:00,0
2023/1/31 1:15,0
2023/1/31 1:30,0
2023/1/31 1:45,0
2023/1/31 2:00,0
2023/1/31 2:15,0
2023/1/31 2:30,0
2023/1/31 2:45,0
2023/1/31 3:00,0
2023/1/31 3:15,0
2023/1/31 3:30,0
2023/1/31 3:45,0
2023/1/31 4:00,0
2023/1/31 4:15,0
2023/1/31 4:30,0
2023/1/31 4:45,0
2023/1/31 5:00,0
2023/1/31 5:15,0
2023/1/31 5:30,0
2023/1/31 5:45,0
2023/1/31 6:00,0
2023/1/31 6:15,0
2023/1/31 6:30,0
2023/1/31 6:45,0
2023/1/31 7:00,0.012112287
2023/1/31 7:15,0.020990123
2023/1/31 7:30,0.030892772
2023/1/31 7:45,0.041421385
2023/1/31 8:00,0.046045169
2023/1/31 8:15,0.052615305
2023/1/31 8:30,0.063874329
2023/1/31 8:45,0.065306819
2023/1/31 9:00,0.068833612
2023/1/31 9:15,0.07062601
2023/1/31 9:30,0.071140782
2023/1/31 9:45,0.072132481
2023/1/31 10:00,0.074570992
2023/1/31 10:15,0.079470293
2023/1/31 10:30,0.085594476
2023/1/31 10:45,0.097842353
2023/1/31 11:00,0.116134412
2023/1/31 11:15,0.141847608
2023/1/31 11:30,0.15924636
2023/1/31 11:45,0.20966952
2023/1/31 12:00,0.297378087
2023/1/31 12:15,0.330225628
2023/1/31 12:30,0.369861367
2023/1/31 12:45,0.422310829
2023/1/31 13:00,0.455344857
2023/1/31 13:15,0.509735412
2023/1/31 13:30,0.564264806
2023/1/31 13:45,0.57525188
2023/1/31 14:00,0.574797332
2023/1/31 14:15,0.560599108
2023/1/31 14:30,0.600025294
2023/1/31 14:45,0.625741171
2023/1/31 15:00,0.614262117
2023/1/31 15:15,0.563776648
2023/1/31 15:30,0.544711231
2023/1/31 15:45,0.535918308
2023/1/31 16:00,0.50981053
2023/1/31 16:15,0.488899042
2023/1/31 16:30,0.453445565
2023/1/31 16:45,0.389984132
2023/1/31 17:00,0.372196022
2023/1/31 17:15,0.334944115
2023/1/31 17:30,0.322744885
2023/1/31 17:45,0.287505027
2023/1/31 18:00,0.26370042
2023/1/31 18:15,0.218711091
2023/1/31 18:30,0.169059392
2023/1/31 18:45,0.119671496
2023/1/31 19:00,0.086854326
2023/1/31 19:15,0.050378403
2023/1/31 19:30,0.031389863
2023/1/31 19:45,0.019722886
2023/1/31 20:00,0.010418658
2023/1/31 20:15,0
2023/1/31 20:30,0
2023/1/31 20:45,0
2023/1/31 21:00,0
2023/1/31 21:15,0
2023/1/31 21:30,0
2023/1/31 21:45,0
2023/1/31 22:00,0
2023/1/31 22:15,0
2023/1/31 22:30,0
2023/1/31 22:45,0
2023/1/31 23:00,0
2023/1/31 23:15,0
2023/1/31 23:30,0
2023/1/31 23:45,0
2023/2/1 0:00,0
2023/2/1 0:15,0
2023/2/1 0:30,0
2023/2/1 0:45,0
2023/2/1 1:00,0
2023/2/1 1:15,0
2023/2/1 1:30,0
2023/2/1 1:45,0
2023/2/1 2:00,0
2023/2/1 2:15,0
2023/2/1 2:30,0
2023/2/1 2:45,0
2023/2/1 3:00,0
2023/2/1 3:15,0
2023/2/1 3:30,0
2023/2/1 3:45,0
2023/2/1 4:00,0
2023/2/1 4:15,0
2023/2/1 4:30,0
2023/2/1 4:45,0
2023/2/1 5:00,0
2023/2/1 5:15,0
2023/2/1 5:30,0
2023/2/1 5:45,0
2023/2/1 6:00,0
2023/2/1 6:15,0
2023/2/1 6:30,0
2023/2/1 6:45,0
2023/2/1 7:00,0
2023/2/1 7:15,0
2023/2/1 7:30,0.016577835
2023/2/1 7:45,0.022431885
2023/2/1 8:00,0.027856572
2023/2/1 8:15,0.034306076
2023/2/1 8:30,0.038116043
2023/2/1 8:45,0.04246102
2023/2/1 9:00,0.04887916
2023/2/1 9:15,0.052705286
2023/2/1 9:30,0.05523673
2023/2/1 9:45,0.061333149
2023/2/1 10:00,0.068179904
2023/2/1 10:15,0.072195709
2023/2/1 10:30,0.081952093
2023/2/1 10:45,0.105291519
2023/2/1 11:00,0.123195029
2023/2/1 11:15,0.143689397
2023/2/1 11:30,0.17968171
2023/2/1 11:45,0.202586886
2023/2/1 12:00,0.23400333
2023/2/1 12:15,0.26342542
2023/2/1 12:30,0.316862854
2023/2/1 12:45,0.360431042
2023/2/1 13:00,0.413407079
2023/2/1 13:15,0.457896692
2023/2/1 13:30,0.473314123
2023/2/1 13:45,0.475105079
2023/2/1 14:00,0.511250119
2023/2/1 14:15,0.529507581
2023/2/1 14:30,0.588521385
2023/2/1 14:45,0.598755888
2023/2/1 15:00,0.625386352
2023/2/1 15:15,0.628705709
2023/2/1 15:30,0.589388015
2023/2/1 15:45,0.553958106
2023/2/1 16:00,0.526105329
2023/2/1 16:15,0.519464097
2023/2/1 16:30,0.486840153
2023/2/1 16:45,0.455659781
2023/2/1 17:00,0.399136432
2023/2/1 17:15,0.376239791
2023/2/1 17:30,0.335204916
2023/2/1 17:45,0.29327726
2023/2/1 18:00,0.276663031
2023/2/1 18:15,0.198617881
2023/2/1 18:30,0.163816124
2023/2/1 18:45,0.115747044
2023/2/1 19:00,0.073836898
2023/2/1 19:15,0.036361848
2023/2/1 19:30,0
2023/2/1 19:45,0
2023/2/1 20:00,0
2023/2/1 20:15,0
2023/2/1 20:30,0
2023/2/1 20:45,0
2023/2/1 21:00,0
2023/2/1 21:15,0
2023/2/1 21:30,0
2023/2/1 21:45,0
2023/2/1 22:00,0
2023/2/1 22:15,0
2023/2/1 22:30,0
2023/2/1 22:45,0
2023/2/1 23:00,0
2023/2/1 23:15,0
2023/2/1 23:30,0
2023/2/1 23:45,0
2023/2/2 0:00,0
2023/2/2 0:15,0
2023/2/2 0:30,0
2023/2/2 0:45,0
2023/2/2 1:00,0
2023/2/2 1:15,0
2023/2/2 1:30,0
2023/2/2 1:45,0
2023/2/2 2:00,0
2023/2/2 2:15,0
2023/2/2 2:30,0
2023/2/2 2:45,0
2023/2/2 3:00,0
2023/2/2 3:15,0
2023/2/2 3:30,0
2023/2/2 3:45,0
2023/2/2 4:00,0
2023/2/2 4:15,0
2023/2/2 4:30,0
2023/2/2 4:45,0
2023/2/2 5:00,0
2023/2/2 5:15,0
2023/2/2 5:30,0
2023/2/2 5:45,0
2023/2/2 6:00,0
2023/2/2 6:15,0
2023/2/2 6:30,0
2023/2/2 6:45,0
2023/2/2 7:00,0
2023/2/2 7:15,0
2023/2/2 7:30,0.016683326
2023/2/2 7:45,0.02204019
2023/2/2 8:00,0.026382527
2023/2/2 8:15,0.033018455
2023/2/2 8:30,0.039586273
2023/2/2 8:45,0.04428307
2023/2/2 9:00,0.050875952
2023/2/2 9:15,0.051624706
2023/2/2 9:30,0.051740399
2023/2/2 9:45,0.057085633
2023/2/2 10:00,0.062804516
2023/2/2 10:15,0.069059631
2023/2/2 10:30,0.081467697
2023/2/2 10:45,0.103784589
2023/2/2 11:00,0.118423994
2023/2/2 11:15,0.138611031
2023/2/2 11:30,0.178466907
2023/2/2 11:45,0.209512962
2023/2/2 12:00,0.232959811
2023/2/2 12:15,0.250603274
2023/2/2 12:30,0.296887959
2023/2/2 12:45,0.361771166
2023/2/2 13:00,0.415566963
2023/2/2 13:15,0.445549625
2023/2/2 13:30,0.423918128
2023/2/2 13:45,0.457590826
2023/2/2 14:00,0.514592849
2023/2/2 14:15,0.524233166
2023/2/2 14:30,0.553692087
2023/2/2 14:45,0.541584042
2023/2/2 15:00,0.573439951
2023/2/2 15:15,0.579132432
2023/2/2 15:30,0.550262245
2023/2/2 15:45,0.54738472
2023/2/2 16:00,0.55590696
2023/2/2 16:15,0.559632186
2023/2/2 16:30,0.514454213
2023/2/2 16:45,0.46940149
2023/2/2 17:00,0.410506345
2023/2/2 17:15,0.387438473
2023/2/2 17:30,0.337363706
2023/2/2 17:45,0.289918173
2023/2/2 18:00,0.262616799
2023/2/2 18:15,0.19794271
2023/2/2 18:30,0.159193449
2023/2/2 18:45,0.116918485
2023/2/2 19:00,0.068734939
2023/2/2 19:15,0.035165811
2023/2/2 19:30,0
2023/2/2 19:45,0
2023/2/2 20:00,0
2023/2/2 20:15,0
2023/2/2 20:30,0
2023/2/2 20:45,0
2023/2/2 21:00,0
2023/2/2 21:15,0
2023/2/2 21:30,0
2023/2/2 21:45,0
2023/2/2 22:00,0
2023/2/2 22:15,0
2023/2/2 22:30,0
2023/2/2 22:45,0
2023/2/2 23:00,0
2023/2/2 23:15,0
2023/2/2 23:30,0
2023/2/2 23:45,0
2023/2/3 0:00,0
2023/2/3 0:15,0
2023/2/3 0:30,0
2023/2/3 0:45,0
2023/2/3 1:00,0
2023/2/3 1:15,0
2023/2/3 1:30,0
2023/2/3 1:45,0
2023/2/3 2:00,0
2023/2/3 2:15,0
2023/2/3 2:30,0
2023/2/3 2:45,0
2023/2/3 3:00,0
2023/2/3 3:15,0
2023/2/3 3:30,0
2023/2/3 3:45,0
2023/2/3 4:00,0
2023/2/3 4:15,0
2023/2/3 4:30,0
2023/2/3 4:45,0
2023/2/3 5:00,0
2023/2/3 5:15,0
2023/2/3 5:30,0
2023/2/3 5:45,0
2023/2/3 6:00,0
2023/2/3 6:15,0
2023/2/3 6:30,0
2023/2/3 6:45,0
2023/2/3 7:00,0
2023/2/3 7:15,0
2023/2/3 7:30,0.01878913
2023/2/3 7:45,0.025035631
2023/2/3 8:00,0.029347335
2023/2/3 8:15,0.035556542
2023/2/3 8:30,0.044011496
2023/2/3 8:45,0.051246927
2023/2/3 9:00,0.057439682
2023/2/3 9:15,0.054832982
2023/2/3 9:30,0.055822648
2023/2/3 9:45,0.061653908
2023/2/3 10:00,0.070114746
2023/2/3 10:15,0.076362147
2023/2/3 10:30,0.087300658
2023/2/3 10:45,0.107652631
2023/2/3 11:00,0.118775772
2023/2/3 11:15,0.143906108
2023/2/3 11:30,0.186367365
2023/2/3 11:45,0.223303355
2023/2/3 12:00,0.253043425
2023/2/3 12:15,0.283346034
2023/2/3 12:30,0.327761575
2023/2/3 12:45,0.392304068
2023/2/3 13:00,0.438641946
2023/2/3 13:15,0.483276982
2023/2/3 13:30,0.471309155
2023/2/3 13:45,0.511687765
2023/2/3 14:00,0.588662204
2023/2/3 14:15,0.620095002
2023/2/3 14:30,0.671686222
2023/2/3 14:45,0.654497836
2023/2/3 15:00,0.662810362
2023/2/3 15:15,0.6385252
2023/2/3 15:30,0.598441249
2023/2/3 15:45,0.578230391
2023/2/3 16:00,0.585503509
2023/2/3 16:15,0.586690883
2023/2/3 16:30,0.557544304
2023/2/3 16:45,0.499673724
2023/2/3 17:00,0.427935179
2023/2/3 17:15,0.397191479
2023/2/3 17:30,0.36507465
2023/2/3 17:45,0.318128143
2023/2/3 18:00,0.293243383
2023/2/3 18:15,0.217007797
2023/2/3 18:30,0.183723632
2023/2/3 18:45,0.137083656
2023/2/3 19:00,0.082124528
2023/2/3 19:15,0.040326544
2023/2/3 19:30,0
2023/2/3 19:45,0
2023/2/3 20:00,0
2023/2/3 20:15,0
2023/2/3 20:30,0
2023/2/3 20:45,0
2023/2/3 21:00,0
2023/2/3 21:15,0
2023/2/3 21:30,0
2023/2/3 21:45,0
2023/2/3 22:00,0
2023/2/3 22:15,0
2023/2/3 22:30,0
2023/2/3 22:45,0
2023/2/3 23:00,0
2023/2/3 23:15,0
2023/2/3 23:30,0
2023/2/3 23:45,0
2023/2/4 0:00,0
2023/2/4 0:15,0
2023/2/4 0:30,0
2023/2/4 0:45,0
2023/2/4 1:00,0
2023/2/4 1:15,0
2023/2/4 1:30,0
2023/2/4 1:45,0
2023/2/4 2:00,0
2023/2/4 2:15,0
2023/2/4 2:30,0
2023/2/4 2:45,0
2023/2/4 3:00,0
2023/2/4 3:15,0
2023/2/4 3:30,0
2023/2/4 3:45,0
2023/2/4 4:00,0
2023/2/4 4:15,0
2023/2/4 4:30,0
2023/2/4 4:45,0
2023/2/4 5:00,0
2023/2/4 5:15,0
2023/2/4 5:30,0
2023/2/4 5:45,0
2023/2/4 6:00,0
2023/2/4 6:15,0
2023/2/4 6:30,0
2023/2/4 6:45,0
2023/2/4 7:00,0
2023/2/4 7:15,0
2023/2/4 7:30,0.017054292
2023/2/4 7:45,0.022911256
2023/2/4 8:00,0.027101451
2023/2/4 8:15,0.032870327
2023/2/4 8:30,0.036964143
2023/2/4 8:45,0.042008596
2023/2/4 9:00,0.046872231
2023/2/4 9:15,0.049610293
2023/2/4 9:30,0.050594021
2023/2/4 9:45,0.057950276
2023/2/4 10:00,0.068072047
2023/2/4 10:15,0.07405233
2023/2/4 10:30,0.084566487
2023/2/4 10:45,0.099147018
2023/2/4 11:00,0.11577107
2023/2/4 11:15,0.136808441
2023/2/4 11:30,0.182638151
2023/2/4 11:45,0.20925783
2023/2/4 12:00,0.238788792
2023/2/4 12:15,0.267095202
2023/2/4 12:30,0.313436879
2023/2/4 12:45,0.366079913
2023/2/4 13:00,0.404475466
2023/2/4 13:15,0.435371489
2023/2/4 13:30,0.441740778
2023/2/4 13:45,0.469235095
2023/2/4 14:00,0.523834407
2023/2/4 14:15,0.510640814
2023/2/4 14:30,0.57797672
2023/2/4 14:45,0.579626633
2023/2/4 15:00,0.608653043
2023/2/4 15:15,0.582611917
2023/2/4 15:30,0.550257716
2023/2/4 15:45,0.540501922
2023/2/4 16:00,0.508507094
2023/2/4 16:15,0.510687938
2023/2/4 16:30,0.491481445
2023/2/4 16:45,0.474312592
2023/2/4 17:00,0.416101316
2023/2/4 17:15,0.37895516
2023/2/4 17:30,0.34592879
2023/2/4 17:45,0.291231059
2023/2/4 18:00,0.265633528
2023/2/4 18:15,0.191368847
2023/2/4 18:30,0.150978577
2023/2/4 18:45,0.110272439
2023/2/4 19:00,0.066377488
2023/2/4 19:15,0.035100244
2023/2/4 19:30,0
2023/2/4 19:45,0
2023/2/4 20:00,0
2023/2/4 20:15,0
2023/2/4 20:30,0
2023/2/4 20:45,0
2023/2/4 21:00,0
2023/2/4 21:15,0
2023/2/4 21:30,0
2023/2/4 21:45,0
2023/2/4 22:00,0
2023/2/4 22:15,0
2023/2/4 22:30,0
2023/2/4 22:45,0
2023/2/4 23:00,0
2023/2/4 23:15,0
2023/2/4 23:30,0
2023/2/4 23:45,0
2023/2/5 0:00,0
2023/2/5 0:15,0
2023/2/5 0:30,0
2023/2/5 0:45,0
2023/2/5 1:00,0
2023/2/5 1:15,0
2023/2/5 1:30,0
2023/2/5 1:45,0
2023/2/5 2:00,0
2023/2/5 2:15,0
2023/2/5 2:30,0
2023/2/5 2:45,0
2023/2/5 3:00,0
2023/2/5 3:15,0
2023/2/5 3:30,0
2023/2/5 3:45,0
2023/2/5 4:00,0
2023/2/5 4:15,0
2023/2/5 4:30,0
2023/2/5 4:45,0
2023/2/5 5:00,0
2023/2/5 5:15,0
2023/2/5 5:30,0
2023/2/5 5:45,0
2023/2/5 6:00,0
2023/2/5 6:15,0
2023/2/5 6:30,0
2023/2/5 6:45,0
2023/2/5 7:00,0
2023/2/5 7:15,0
2023/2/5 7:30,0.018706247
2023/2/5 7:45,0.025179421
2023/2/5 8:00,0.030242178
2023/2/5 8:15,0.037194586
2023/2/5 8:30,0.04284332
2023/2/5 8:45,0.048256117
2023/2/5 9:00,0.056237578
2023/2/5 9:15,0.058908053
2023/2/5 9:30,0.059001769
2023/2/5 9:45,0.064573275
2023/2/5 10:00,0.072256276
2023/2/5 10:15,0.079251812
2023/2/5 10:30,0.091628162
2023/2/5 10:45,0.111054862
2023/2/5 11:00,0.125026467
2023/2/5 11:15,0.148512191
2023/2/5 11:30,0.197572633
2023/2/5 11:45,0.23505549
2023/2/5 12:00,0.273141376
2023/2/5 12:15,0.308763973
2023/2/5 12:30,0.356984905
2023/2/5 12:45,0.412096496
2023/2/5 13:00,0.432331876
2023/2/5 13:15,0.470538844
2023/2/5 13:30,0.470593999
2023/2/5 13:45,0.505542939
2023/2/5 14:00,0.558344729
2023/2/5 14:15,0.564771424
2023/2/5 14:30,0.636954401
2023/2/5 14:45,0.635992775
2023/2/5 15:00,0.67301051
2023/2/5 15:15,0.667609647
2023/2/5 15:30,0.604176414
2023/2/5 15:45,0.544762704
2023/2/5 16:00,0.530899603
2023/2/5 16:15,0.554396776
2023/2/5 16:30,0.562732035
2023/2/5 16:45,0.519954712
2023/2/5 17:00,0.460555393
2023/2/5 17:15,0.42088639
2023/2/5 17:30,0.37757033
2023/2/5 17:45,0.321732551
2023/2/5 18:00,0.293329006
2023/2/5 18:15,0.213249948
2023/2/5 18:30,0.17561203
2023/2/5 18:45,0.129284731
2023/2/5 19:00,0.078860478
2023/2/5 19:15,0.03947152
2023/2/5 19:30,0
2023/2/5 19:45,0
2023/2/5 20:00,0
2023/2/5 20:15,0
2023/2/5 20:30,0
2023/2/5 20:45,0
2023/2/5 21:00,0
2023/2/5 21:15,0
2023/2/5 21:30,0
2023/2/5 21:45,0
2023/2/5 22:00,0
2023/2/5 22:15,0
2023/2/5 22:30,0
2023/2/5 22:45,0
2023/2/5 23:00,0
2023/2/5 23:15,0
2023/2/5 23:30,0
2023/2/5 23:45,0
2023/2/6 0:00,0
2023/2/6 0:15,0
2023/2/6 0:30,0
2023/2/6 0:45,0
2023/2/6 1:00,0
2023/2/6 1:15,0
2023/2/6 1:30,0
2023/2/6 1:45,0
2023/2/6 2:00,0
2023/2/6 2:15,0
2023/2/6 2:30,0
2023/2/6 2:45,0
2023/2/6 3:00,0
2023/2/6 3:15,0
2023/2/6 3:30,0
2023/2/6 3:45,0
2023/2/6 4:00,0
2023/2/6 4:15,0
2023/2/6 4:30,0
2023/2/6 4:45,0
2023/2/6 5:00,0
2023/2/6 5:15,0
2023/2/6 5:30,0
2023/2/6 5:45,0
2023/2/6 6:00,0
2023/2/6 6:15,0
2023/2/6 6:30,0
2023/2/6 6:45,0
2023/2/6 7:00,0
2023/2/6 7:15,0
2023/2/6 7:30,0.0020886
2023/2/6 7:45,0.002830995
2023/2/6 8:00,0.003474402
2023/2/6 8:15,0.004280221
2023/2/6 8:30,0.005079728
2023/2/6 8:45,0.005789539
2023/2/6 9:00,0.006583265
2023/2/6 9:15,0.006688596
2023/2/6 9:30,0.006682863
2023/2/6 9:45,0.007524259
2023/2/6 10:00,0.008579116
2023/2/6 10:15,0.009109457
2023/2/6 10:30,0.010413262
2023/2/6 10:45,0.012792026
2023/2/6 11:00,0.014868197
2023/2/6 11:15,0.017686824
2023/2/6 11:30,0.022944638
2023/2/6 11:45,0.026911947
2023/2/6 12:00,0.031261771
2023/2/6 12:15,0.03463894
2023/2/6 12:30,0.040606676
2023/2/6 12:45,0.046457211
2023/2/6 13:00,0.052715307
2023/2/6 13:15,0.057498148
2023/2/6 13:30,0.058034299
2023/2/6 13:45,0.060717635
2023/2/6 14:00,0.067339088
2023/2/6 14:15,0.068114673
2023/2/6 14:30,0.07447685
2023/2/6 14:45,0.074057323
2023/2/6 15:00,0.077016108
2023/2/6 15:15,0.077097095
2023/2/6 15:30,0.071813549
2023/2/6 15:45,0.068722823
2023/2/6 16:00,0.066295453
2023/2/6 16:15,0.067082454
2023/2/6 16:30,0.06355955
2023/2/6 16:45,0.059573672
2023/2/6 17:00,0.052333405
2023/2/6 17:15,0.048882553
2023/2/6 17:30,0.044008729
2023/2/6 17:45,0.03826795
2023/2/6 18:00,0.034941487
2023/2/6 18:15,0.024990386
2023/2/6 18:30,0.020035022
2023/2/6 18:45,0.014959634
2023/2/6 19:00,0.00937283
2023/2/6 19:15,0.004660402
2023/2/6 19:30,0
2023/2/6 19:45,0
2023/2/6 20:00,0
2023/2/6 20:15,0
2023/2/6 20:30,0
2023/2/6 20:45,0
2023/2/6 21:00,0
2023/2/6 21:15,0
2023/2/6 21:30,0
2023/2/6 21:45,0
2023/2/6 22:00,0
2023/2/6 22:15,0
2023/2/6 22:30,0
2023/2/6 22:45,0
2023/2/6 23:00,0
2023/2/6 23:15,0
2023/2/6 23:30,0
2023/2/6 23:45,0
2023/2/7 0:00,0
2023/2/7 0:15,0
2023/2/7 0:30,0
2023/2/7 0:45,0
2023/2/7 1:00,0
2023/2/7 1:15,0
2023/2/7 1:30,0
2023/2/7 1:45,0
2023/2/7 2:00,0
2023/2/7 2:15,0
2023/2/7 2:30,0
2023/2/7 2:45,0
2023/2/7 3:00,0
2023/2/7 3:15,0
2023/2/7 3:30,0
2023/2/7 3:45,0
2023/2/7 4:00,0
2023/2/7 4:15,0
2023/2/7 4:30,0
2023/2/7 4:45,0
2023/2/7 5:00,0
2023/2/7 5:15,0
2023/2/7 5:30,0
2023/2/7 5:45,0
2023/2/7 6:00,0
2023/2/7 6:15,0
2023/2/7 6:30,0
2023/2/7 6:45,0
2023/2/7 7:00,0
2023/2/7 7:15,0
2023/2/7 7:30,0.01797818
2023/2/7 7:45,0.023772536
2023/2/7 8:00,0.028010646
2023/2/7 8:15,0.035558178
2023/2/7 8:30,0.044166968
2023/2/7 8:45,0.050433231
2023/2/7 9:00,0.056736897
2023/2/7 9:15,0.053860708
2023/2/7 9:30,0.055799559
2023/2/7 9:45,0.061156191
2023/2/7 10:00,0.070621535
2023/2/7 10:15,0.070564499
2023/2/7 10:30,0.083241521
2023/2/7 10:45,0.103344318
2023/2/7 11:00,0.126219555
2023/2/7 11:15,0.147432368
2023/2/7 11:30,0.190398696
2023/2/7 11:45,0.223915844
2023/2/7 12:00,0.259074981
2023/2/7 12:15,0.300603811
2023/2/7 12:30,0.358944679
2023/2/7 12:45,0.407892512
2023/2/7 13:00,0.449476468
2023/2/7 13:15,0.476050077
2023/2/7 13:30,0.478819172
2023/2/7 13:45,0.501512937
2023/2/7 14:00,0.556314192
2023/2/7 14:15,0.570038142
2023/2/7 14:30,0.622022797
2023/2/7 14:45,0.63571379
2023/2/7 15:00,0.672085818
2023/2/7 15:15,0.673112594
2023/2/7 15:30,0.604442034
2023/2/7 15:45,0.547537361
2023/2/7 16:00,0.513540883
2023/2/7 16:15,0.538159404
2023/2/7 16:30,0.517862477
2023/2/7 16:45,0.486753208
2023/2/7 17:00,0.399195815
2023/2/7 17:15,0.385444095
2023/2/7 17:30,0.350031999
2023/2/7 17:45,0.314807082
2023/2/7 18:00,0.279807177
2023/2/7 18:15,0.200289593
2023/2/7 18:30,0.159068809
2023/2/7 18:45,0.118148703
2023/2/7 19:00,0.075350694
2023/2/7 19:15,0.038821905
2023/2/7 19:30,0
2023/2/7 19:45,0
2023/2/7 20:00,0
2023/2/7 20:15,0
2023/2/7 20:30,0
2023/2/7 20:45,0
2023/2/7 21:00,0
2023/2/7 21:15,0
2023/2/7 21:30,0
2023/2/7 21:45,0
2023/2/7 22:00,0
2023/2/7 22:15,0
2023/2/7 22:30,0
2023/2/7 22:45,0
2023/2/7 23:00,0
2023/2/7 23:15,0
2023/2/7 23:30,0
2023/2/7 23:45,0
2023/2/8 0:00,0
2023/2/8 0:15,0
2023/2/8 0:30,0
2023/2/8 0:45,0
2023/2/8 1:00,0
2023/2/8 1:15,0
2023/2/8 1:30,0
2023/2/8 1:45,0
2023/2/8 2:00,0
2023/2/8 2:15,0
2023/2/8 2:30,0
2023/2/8 2:45,0
2023/2/8 3:00,0
2023/2/8 3:15,0
2023/2/8 3:30,0
2023/2/8 3:45,0
2023/2/8 4:00,0
2023/2/8 4:15,0
2023/2/8 4:30,0
2023/2/8 4:45,0
2023/2/8 5:00,0
2023/2/8 5:15,0
2023/2/8 5:30,0
2023/2/8 5:45,0
2023/2/8 6:00,0
2023/2/8 6:15,0
2023/2/8 6:30,0
2023/2/8 6:45,0
2023/2/8 7:00,0
2023/2/8 7:15,0
2023/2/8 7:30,0.018491019
2023/2/8 7:45,0.024985927
2023/2/8 8:00,0.029987235
2023/2/8 8:15,0.03677995
2023/2/8 8:30,0.043796171
2023/2/8 8:45,0.051194357
2023/2/8 9:00,0.057861231
2023/2/8 9:15,0.058679558
2023/2/8 9:30,0.058757254
2023/2/8 9:45,0.065721054
2023/2/8 10:00,0.073664198
2023/2/8 10:15,0.076992273
2023/2/8 10:30,0.089395946
2023/2/8 10:45,0.113538884
2023/2/8 11:00,0.134956527
2023/2/8 11:15,0.158949783
2023/2/8 11:30,0.203018916
2023/2/8 11:45,0.230248085
2023/2/8 12:00,0.274143606
2023/2/8 12:15,0.311220519
2023/2/8 12:30,0.375556391
2023/2/8 12:45,0.4206407
2023/2/8 13:00,0.470143015
2023/2/8 13:15,0.497608583
2023/2/8 13:30,0.520151918
2023/2/8 13:45,0.540241879
2023/2/8 14:00,0.616217112
2023/2/8 14:15,0.61415526
2023/2/8 14:30,0.675213133
2023/2/8 14:45,0.649905986
2023/2/8 15:00,0.675418069
2023/2/8 15:15,0.67921272
2023/2/8 15:30,0.662992995
2023/2/8 15:45,0.634523762
2023/2/8 16:00,0.595034882
2023/2/8 16:15,0.583248471
2023/2/8 16:30,0.55681225
2023/2/8 16:45,0.526768141
2023/2/8 17:00,0.452672717
2023/2/8 17:15,0.410737308
2023/2/8 17:30,0.375473023
2023/2/8 17:45,0.335556466
2023/2/8 18:00,0.318677702
2023/2/8 18:15,0.230048028
2023/2/8 18:30,0.183707575
2023/2/8 18:45,0.133491312
2023/2/8 19:00,0.082058738
2023/2/8 19:15,0.04078454
2023/2/8 19:30,0
2023/2/8 19:45,0
2023/2/8 20:00,0
2023/2/8 20:15,0
2023/2/8 20:30,0
2023/2/8 20:45,0
2023/2/8 21:00,0
2023/2/8 21:15,0
2023/2/8 21:30,0
2023/2/8 21:45,0
2023/2/8 22:00,0
2023/2/8 22:15,0
2023/2/8 22:30,0
2023/2/8 22:45,0
2023/2/8 23:00,0
2023/2/8 23:15,0
2023/2/8 23:30,0
2023/2/8 23:45,0
2023/2/9 0:00,0
2023/2/9 0:15,0
2023/2/9 0:30,0
2023/2/9 0:45,0
2023/2/9 1:00,0
2023/2/9 1:15,0
2023/2/9 1:30,0
2023/2/9 1:45,0
2023/2/9 2:00,0
2023/2/9 2:15,0
2023/2/9 2:30,0
2023/2/9 2:45,0
2023/2/9 3:00,0
2023/2/9 3:15,0
2023/2/9 3:30,0
2023/2/9 3:45,0
2023/2/9 4:00,0
2023/2/9 4:15,0
2023/2/9 4:30,0
2023/2/9 4:45,0
2023/2/9 5:00,0
2023/2/9 5:15,0
2023/2/9 5:30,0
2023/2/9 5:45,0
2023/2/9 6:00,0
2023/2/9 6:15,0
2023/2/9 6:30,0
2023/2/9 6:45,0
2023/2/9 7:00,0
2023/2/9 7:15,0
2023/2/9 7:30,0.017212226
2023/2/9 7:45,0.022324706
2023/2/9 8:00,0.028229297
2023/2/9 8:15,0.034946561
2023/2/9 8:30,0.041907387
2023/2/9 8:45,0.046608132
2023/2/9 9:00,0.05225253
2023/2/9 9:15,0.054295956
2023/2/9 9:30,0.056246828
2023/2/9 9:45,0.06459558
2023/2/9 10:00,0.071595125
2023/2/9 10:15,0.075257621
2023/2/9 10:30,0.084442786
2023/2/9 10:45,0.105135267
2023/2/9 11:00,0.122397541
2023/2/9 11:15,0.145227149
2023/2/9 11:30,0.182913934
2023/2/9 11:45,0.21404076
2023/2/9 12:00,0.24737377
2023/2/9 12:15,0.28973876
2023/2/9 12:30,0.342445953
2023/2/9 12:45,0.406926217
2023/2/9 13:00,0.450553947
2023/2/9 13:15,0.475845963
2023/2/9 13:30,0.465760119
2023/2/9 13:45,0.471624384
2023/2/9 14:00,0.537053415
2023/2/9 14:15,0.543911925
2023/2/9 14:30,0.616349877
2023/2/9 14:45,0.614486687
2023/2/9 15:00,0.641671893
2023/2/9 15:15,0.634493886
2023/2/9 15:30,0.585538097
2023/2/9 15:45,0.569796314
2023/2/9 16:00,0.563589621
2023/2/9 16:15,0.574300501
2023/2/9 16:30,0.543601851
2023/2/9 16:45,0.511238819
2023/2/9 17:00,0.442063863
2023/2/9 17:15,0.395286346
2023/2/9 17:30,0.342712767
2023/2/9 17:45,0.30506276
2023/2/9 18:00,0.293721915
2023/2/9 18:15,0.20801312
2023/2/9 18:30,0.164990096
2023/2/9 18:45,0.1214159
2023/2/9 19:00,0.077437868
2023/2/9 19:15,0.039190458
2023/2/9 19:30,0
2023/2/9 19:45,0
2023/2/9 20:00,0
2023/2/9 20:15,0
2023/2/9 20:30,0
2023/2/9 20:45,0
2023/2/9 21:00,0
2023/2/9 21:15,0
2023/2/9 21:30,0
2023/2/9 21:45,0
2023/2/9 22:00,0
2023/2/9 22:15,0
2023/2/9 22:30,0
2023/2/9 22:45,0
2023/2/9 23:00,0
2023/2/9 23:15,0
2023/2/9 23:30,0
2023/2/9 23:45,0
2023/2/10 0:00,0
2023/2/10 0:15,0
2023/2/10 0:30,0
2023/2/10 0:45,0
2023/2/10 1:00,0
2023/2/10 1:15,0
2023/2/10 1:30,0
2023/2/10 1:45,0
2023/2/10 2:00,0
2023/2/10 2:15,0
2023/2/10 2:30,0
2023/2/10 2:45,0
2023/2/10 3:00,0
2023/2/10 3:15,0
2023/2/10 3:30,0
2023/2/10 3:45,0
2023/2/10 4:00,0
2023/2/10 4:15,0
2023/2/10 4:30,0
2023/2/10 4:45,0
2023/2/10 5:00,0
2023/2/10 5:15,0
2023/2/10 5:30,0
2023/2/10 5:45,0
2023/2/10 6:00,0
2023/2/10 6:15,0
2023/2/10 6:30,0
2023/2/10 6:45,0
2023/2/10 7:00,0
2023/2/10 7:15,0
2023/2/10 7:30,0.001962201
2023/2/10 7:45,0.002641357
2023/2/10 8:00,0.003235472
2023/2/10 8:15,0.003972119
2023/2/10 8:30,0.004725588
2023/2/10 8:45,0.005415646
2023/2/10 9:00,0.006158247
2023/2/10 9:15,0.006274904
2023/2/10 9:30,0.006253286
2023/2/10 9:45,0.007068443
2023/2/10 10:00,0.007990716
2023/2/10 10:15,0.008410583
2023/2/10 10:30,0.009558975
2023/2/10 10:45,0.011717911
2023/2/10 11:00,0.013743316
2023/2/10 11:15,0.016290022
2023/2/10 11:30,0.021339092
2023/2/10 11:45,0.024997387
2023/2/10 12:00,0.028921833
2023/2/10 12:15,0.032200206
2023/2/10 12:30,0.037800536
2023/2/10 12:45,0.043238488
2023/2/10 13:00,0.048349557
2023/2/10 13:15,0.052374881
2023/2/10 13:30,0.05303922
2023/2/10 13:45,0.056173322
2023/2/10 14:00,0.062940296
2023/2/10 14:15,0.063827309
2023/2/10 14:30,0.070195362
2023/2/10 14:45,0.069762733
2023/2/10 15:00,0.072101594
2023/2/10 15:15,0.071118747
2023/2/10 15:30,0.065979036
2023/2/10 15:45,0.064102534
2023/2/10 16:00,0.062485173
2023/2/10 16:15,0.06302257
2023/2/10 16:30,0.059225801
2023/2/10 16:45,0.054965005
2023/2/10 17:00,0.048337905
2023/2/10 17:15,0.0449556
2023/2/10 17:30,0.040774852
2023/2/10 17:45,0.035470253
2023/2/10 18:00,0.032901784
2023/2/10 18:15,0.023584233
2023/2/10 18:30,0.018944921
2023/2/10 18:45,0.014037144
2023/2/10 19:00,0.008713151
2023/2/10 19:15,0.00432085
2023/2/10 19:30,0
2023/2/10 19:45,0
2023/2/10 20:00,0
2023/2/10 20:15,0
2023/2/10 20:30,0
2023/2/10 20:45,0
2023/2/10 21:00,0
2023/2/10 21:15,0
2023/2/10 21:30,0
2023/2/10 21:45,0
2023/2/10 22:00,0
2023/2/10 22:15,0
2023/2/10 22:30,0
2023/2/10 22:45,0
2023/2/10 23:00,0
2023/2/10 23:15,0
2023/2/10 23:30,0
2023/2/10 23:45,0
2023/2/11 0:00,0
2023/2/11 0:15,0
2023/2/11 0:30,0
2023/2/11 0:45,0
2023/2/11 1:00,0
2023/2/11 1:15,0
2023/2/11 1:30,0
2023/2/11 1:45,0
2023/2/11 2:00,0
2023/2/11 2:15,0
2023/2/11 2:30,0
2023/2/11 2:45,0
2023/2/11 3:00,0
2023/2/11 3:15,0
2023/2/11 3:30,0
2023/2/11 3:45,0
2023/2/11 4:00,0
2023/2/11 4:15,0
2023/2/11 4:30,0
2023/2/11 4:45,0
2023/2/11 5:00,0
2023/2/11 5:15,0
2023/2/11 5:30,0
2023/2/11 5:45,0
2023/2/11 6:00,0
2023/2/11 6:15,0
2023/2/11 6:30,0
2023/2/11 6:45,0
2023/2/11 7:00,0
2023/2/11 7:15,0
2023/2/11 7:30,0.018685992
2023/2/11 7:45,0.02527239
2023/2/11 8:00,0.02965512
2023/2/11 8:15,0.034701241
2023/2/11 8:30,0.040506663
2023/2/11 8:45,0.045777729
2023/2/11 9:00,0.052294213
2023/2/11 9:15,0.053696235
2023/2/11 9:30,0.054789225
2023/2/11 9:45,0.060827883
2023/2/11 10:00,0.069320217
2023/2/11 10:15,0.075323659
2023/2/11 10:30,0.088734865
2023/2/11 10:45,0.107857837
2023/2/11 11:00,0.124041307
2023/2/11 11:15,0.148461919
2023/2/11 11:30,0.19160916
2023/2/11 11:45,0.225853789
2023/2/11 12:00,0.254501002
2023/2/11 12:15,0.288815238
2023/2/11 12:30,0.340385387
2023/2/11 12:45,0.414309642
2023/2/11 13:00,0.45091827
2023/2/11 13:15,0.498611229
2023/2/11 13:30,0.486168291
2023/2/11 13:45,0.51139447
2023/2/11 14:00,0.570083416
2023/2/11 14:15,0.576718598
2023/2/11 14:30,0.663871981
2023/2/11 14:45,0.648427995
2023/2/11 15:00,0.665725549
2023/2/11 15:15,0.635953666
2023/2/11 15:30,0.58181404
2023/2/11 15:45,0.54043992
2023/2/11 16:00,0.52994117
2023/2/11 16:15,0.516371742
2023/2/11 16:30,0.501971743
2023/2/11 16:45,0.475043155
2023/2/11 17:00,0.429211807
2023/2/11 17:15,0.381732458
2023/2/11 17:30,0.332954103
2023/2/11 17:45,0.28699433
2023/2/11 18:00,0.276074386
2023/2/11 18:15,0.19938489
2023/2/11 18:30,0.160997402
2023/2/11 18:45,0.12212859
2023/2/11 19:00,0.076499536
2023/2/11 19:15,0.039388182
2023/2/11 19:30,0
2023/2/11 19:45,0
2023/2/11 20:00,0
2023/2/11 20:15,0
2023/2/11 20:30,0
2023/2/11 20:45,0
2023/2/11 21:00,0
2023/2/11 21:15,0
2023/2/11 21:30,0
2023/2/11 21:45,0
2023/2/11 22:00,0
2023/2/11 22:15,0
2023/2/11 22:30,0
2023/2/11 22:45,0
2023/2/11 23:00,0
2023/2/11 23:15,0
2023/2/11 23:30,0
2023/2/11 23:45,0
2023/2/12 0:00,0
2023/2/12 0:15,0
2023/2/12 0:30,0
2023/2/12 0:45,0
2023/2/12 1:00,0
2023/2/12 1:15,0
2023/2/12 1:30,0
2023/2/12 1:45,0
2023/2/12 2:00,0
2023/2/12 2:15,0
2023/2/12 2:30,0
2023/2/12 2:45,0
2023/2/12 3:00,0
2023/2/12 3:15,0
2023/2/12 3:30,0
2023/2/12 3:45,0
2023/2/12 4:00,0
2023/2/12 4:15,0
2023/2/12 4:30,0
2023/2/12 4:45,0
2023/2/12 5:00,0
2023/2/12 5:15,0
2023/2/12 5:30,0
2023/2/12 5:45,0
2023/2/12 6:00,0
2023/2/12 6:15,0
2023/2/12 6:30,0
2023/2/12 6:45,0
2023/2/12 7:00,0
2023/2/12 7:15,0
2023/2/12 7:30,0.002352779
2023/2/12 7:45,0.003188235
2023/2/12 8:00,0.003902142
2023/2/12 8:15,0.004792679
2023/2/12 8:30,0.005683973
2023/2/12 8:45,0.006452346
2023/2/12 9:00,0.007329091
2023/2/12 9:15,0.007448451
2023/2/12 9:30,0.007461808
2023/2/12 9:45,0.008406321
2023/2/12 10:00,0.009553883
2023/2/12 10:15,0.010117667
2023/2/12 10:30,0.011678893
2023/2/12 10:45,0.014400962
2023/2/12 11:00,0.017016574
2023/2/12 11:15,0.020186274
2023/2/12 11:30,0.026117109
2023/2/12 11:45,0.03021091
2023/2/12 12:00,0.034794308
2023/2/12 12:15,0.03880272
2023/2/12 12:30,0.045255077
2023/2/12 12:45,0.051770745
2023/2/12 13:00,0.058548058
2023/2/12 13:15,0.063573358
2023/2/12 13:30,0.06487344
2023/2/12 13:45,0.067993915
2023/2/12 14:00,0.076397958
2023/2/12 14:15,0.07688606
2023/2/12 14:30,0.084541353
2023/2/12 14:45,0.083621834
2023/2/12 15:00,0.087299694
2023/2/12 15:15,0.086424235
2023/2/12 15:30,0.080788004
2023/2/12 15:45,0.077545212
2023/2/12 16:00,0.075570713
2023/2/12 16:15,0.076422617
2023/2/12 16:30,0.071763035
2023/2/12 16:45,0.066183271
2023/2/12 17:00,0.057705964
2023/2/12 17:15,0.053838975
2023/2/12 17:30,0.048441678
2023/2/12 17:45,0.042272431
2023/2/12 18:00,0.039066043
2023/2/12 18:15,0.028365679
2023/2/12 18:30,0.022763279
2023/2/12 18:45,0.016849896
2023/2/12 19:00,0.010495421
2023/2/12 19:15,0.005221252
2023/2/12 19:30,0
2023/2/12 19:45,0
2023/2/12 20:00,0
2023/2/12 20:15,0
2023/2/12 20:30,0
2023/2/12 20:45,0
2023/2/12 21:00,0
2023/2/12 21:15,0
2023/2/12 21:30,0
2023/2/12 21:45,0
2023/2/12 22:00,0
2023/2/12 22:15,0
2023/2/12 22:30,0
2023/2/12 22:45,0
2023/2/12 23:00,0
2023/2/12 23:15,0
2023/2/12 23:30,0
2023/2/12 23:45,0
2023/2/13 0:00,0
2023/2/13 0:15,0
2023/2/13 0:30,0
2023/2/13 0:45,0
2023/2/13 1:00,0
2023/2/13 1:15,0
2023/2/13 1:30,0
2023/2/13 1:45,0
2023/2/13 2:00,0
2023/2/13 2:15,0
2023/2/13 2:30,0
2023/2/13 2:45,0
2023/2/13 3:00,0
2023/2/13 3:15,0
2023/2/13 3:30,0
2023/2/13 3:45,0
2023/2/13 4:00,0
2023/2/13 4:15,0
2023/2/13 4:30,0
2023/2/13 4:45,0
2023/2/13 5:00,0
2023/2/13 5:15,0
2023/2/13 5:30,0
2023/2/13 5:45,0
2023/2/13 6:00,0
2023/2/13 6:15,0
2023/2/13 6:30,0
2023/2/13 6:45,0
2023/2/13 7:00,0
2023/2/13 7:15,0
2023/2/13 7:30,0.001906028
2023/2/13 7:45,0.002575632
2023/2/13 8:00,0.003165155
2023/2/13 8:15,0.003885938
2023/2/13 8:30,0.004619875
2023/2/13 8:45,0.0052629
2023/2/13 9:00,0.005938079
2023/2/13 9:15,0.006033768
2023/2/13 9:30,0.006045273
2023/2/13 9:45,0.00684376
2023/2/13 10:00,0.007726062
2023/2/13 10:15,0.008207138
2023/2/13 10:30,0.009387412
2023/2/13 10:45,0.011604014
2023/2/13 11:00,0.013587778
2023/2/13 11:15,0.016154989
2023/2/13 11:30,0.020996179
2023/2/13 11:45,0.024268555
2023/2/13 12:00,0.02794781
2023/2/13 12:15,0.031252311
2023/2/13 12:30,0.036829358
2023/2/13 12:45,0.042519887
2023/2/13 13:00,0.047908103
2023/2/13 13:15,0.051847817
2023/2/13 13:30,0.052521184
2023/2/13 13:45,0.055192453
2023/2/13 14:00,0.061568672
2023/2/13 14:15,0.062672406
2023/2/13 14:30,0.068341341
2023/2/13 14:45,0.067959123
2023/2/13 15:00,0.06988577
2023/2/13 15:15,0.069508163
2023/2/13 15:30,0.064694894
2023/2/13 15:45,0.062585074
2023/2/13 16:00,0.060798455
2023/2/13 16:15,0.061307333
2023/2/13 16:30,0.057343946
2023/2/13 16:45,0.053391864
2023/2/13 17:00,0.046772772
2023/2/13 17:15,0.043737151
2023/2/13 17:30,0.039443747
2023/2/13 17:45,0.03446891
2023/2/13 18:00,0.031847979
2023/2/13 18:15,0.023070804
2023/2/13 18:30,0.018543784
2023/2/13 18:45,0.013697885
2023/2/13 19:00,0.008464161
2023/2/13 19:15,0.004202795
2023/2/13 19:30,0
2023/2/13 19:45,0
2023/2/13 20:00,0
2023/2/13 20:15,0
2023/2/13 20:30,0
2023/2/13 20:45,0
2023/2/13 21:00,0
2023/2/13 21:15,0
2023/2/13 21:30,0
2023/2/13 21:45,0
2023/2/13 22:00,0
2023/2/13 22:15,0
2023/2/13 22:30,0
2023/2/13 22:45,0
2023/2/13 23:00,0
2023/2/13 23:15,0
2023/2/13 23:30,0
2023/2/13 23:45,0
2023/2/14 0:00,0
2023/2/14 0:15,0
2023/2/14 0:30,0
2023/2/14 0:45,0
2023/2/14 1:00,0
2023/2/14 1:15,0
2023/2/14 1:30,0
2023/2/14 1:45,0
2023/2/14 2:00,0
2023/2/14 2:15,0
2023/2/14 2:30,0
2023/2/14 2:45,0
2023/2/14 3:00,0
2023/2/14 3:15,0
2023/2/14 3:30,0
2023/2/14 3:45,0
2023/2/14 4:00,0
2023/2/14 4:15,0
2023/2/14 4:30,0
2023/2/14 4:45,0
2023/2/14 5:00,0
2023/2/14 5:15,0
2023/2/14 5:30,0
2023/2/14 5:45,0
2023/2/14 6:00,0
2023/2/14 6:15,0
2023/2/14 6:30,0
2023/2/14 6:45,0
2023/2/14 7:00,0
2023/2/14 7:15,0
2023/2/14 7:30,0.00233339
2023/2/14 7:45,0.003142356
2023/2/14 8:00,0.00384283
2023/2/14 8:15,0.00476016
2023/2/14 8:30,0.005626623
2023/2/14 8:45,0.006451092
2023/2/14 9:00,0.007331502
2023/2/14 9:15,0.007497885
2023/2/14 9:30,0.007519989
2023/2/14 9:45,0.008464684
2023/2/14 10:00,0.009566166
2023/2/14 10:15,0.01008049
2023/2/14 10:30,0.011543387
2023/2/14 10:45,0.014249825
2023/2/14 11:00,0.016667026
2023/2/14 11:15,0.019778808
2023/2/14 11:30,0.025747533
2023/2/14 11:45,0.030160794
2023/2/14 12:00,0.034766992
2023/2/14 12:15,0.038701036
2023/2/14 12:30,0.045514884
2023/2/14 12:45,0.052197032
2023/2/14 13:00,0.058582107
2023/2/14 13:15,0.063059351
2023/2/14 13:30,0.06386085
2023/2/14 13:45,0.067318073
2023/2/14 14:00,0.075304927
2023/2/14 14:15,0.076267329
2023/2/14 14:30,0.083094901
2023/2/14 14:45,0.08271949
2023/2/14 15:00,0.086461252
2023/2/14 15:15,0.08645911
2023/2/14 15:30,0.080251569
2023/2/14 15:45,0.076870265
2023/2/14 16:00,0.074781776
2023/2/14 16:15,0.075962208
2023/2/14 16:30,0.071686677
2023/2/14 16:45,0.066509567
2023/2/14 17:00,0.058088406
2023/2/14 17:15,0.053708663
2023/2/14 17:30,0.048885555
2023/2/14 17:45,0.042512292
2023/2/14 18:00,0.039492888
2023/2/14 18:15,0.028390855
2023/2/14 18:30,0.022863889
2023/2/14 18:45,0.016865025
2023/2/14 19:00,0.010402606
2023/2/14 19:15,0.00516627
2023/2/14 19:30,0
2023/2/14 19:45,0
2023/2/14 20:00,0
2023/2/14 20:15,0
2023/2/14 20:30,0
2023/2/14 20:45,0
2023/2/14 21:00,0
2023/2/14 21:15,0
2023/2/14 21:30,0
2023/2/14 21:45,0
2023/2/14 22:00,0
2023/2/14 22:15,0
2023/2/14 22:30,0
2023/2/14 22:45,0
2023/2/14 23:00,0
2023/2/14 23:15,0
2023/2/14 23:30,0
2023/2/14 23:45,0
2023/2/15 0:00,0
2023/2/15 0:15,0
2023/2/15 0:30,0
2023/2/15 0:45,0
2023/2/15 1:00,0
2023/2/15 1:15,0
2023/2/15 1:30,0
2023/2/15 1:45,0
2023/2/15 2:00,0
2023/2/15 2:15,0
2023/2/15 2:30,0
2023/2/15 2:45,0
2023/2/15 3:00,0
2023/2/15 3:15,0
2023/2/15 3:30,0
2023/2/15 3:45,0
2023/2/15 4:00,0
2023/2/15 4:15,0
2023/2/15 4:30,0
2023/2/15 4:45,0
2023/2/15 5:00,0
2023/2/15 5:15,0
2023/2/15 5:30,0
2023/2/15 5:45,0
2023/2/15 6:00,0
2023/2/15 6:15,0
2023/2/15 6:30,0
2023/2/15 6:45,0
2023/2/15 7:00,0
2023/2/15 7:15,0
2023/2/15 7:30,0.017992045
2023/2/15 7:45,0.024474804
2023/2/15 8:00,0.029874371
2023/2/15 8:15,0.037069536
2023/2/15 8:30,0.043761295
2023/2/15 8:45,0.048989584
2023/2/15 9:00,0.055373334
2023/2/15 9:15,0.057004242
2023/2/15 9:30,0.05888811
2023/2/15 9:45,0.06722064
2023/2/15 10:00,0.074836687
2023/2/15 10:15,0.079931063
2023/2/15 10:30,0.092874309
2023/2/15 10:45,0.115797473
2023/2/15 11:00,0.134332953
2023/2/15 11:15,0.155930004
2023/2/15 11:30,0.201269898
2023/2/15 11:45,0.235347623
2023/2/15 12:00,0.27107158
2023/2/15 12:15,0.304105946
2023/2/15 12:30,0.356744061
2023/2/15 12:45,0.405522061
2023/2/15 13:00,0.458011147
2023/2/15 13:15,0.491083174
2023/2/15 13:30,0.507175514
2023/2/15 13:45,0.540947854
2023/2/15 14:00,0.605299242
2023/2/15 14:15,0.606442732
2023/2/15 14:30,0.651491292
2023/2/15 14:45,0.646642076
2023/2/15 15:00,0.671115109
2023/2/15 15:15,0.679327174
2023/2/15 15:30,0.63125938
2023/2/15 15:45,0.611812101
2023/2/15 16:00,0.583442594
2023/2/15 16:15,0.602401321
2023/2/15 16:30,0.565409739
2023/2/15 16:45,0.516543818
2023/2/15 17:00,0.45198319
2023/2/15 17:15,0.422710649
2023/2/15 17:30,0.38972691
2023/2/15 17:45,0.339146749
2023/2/15 18:00,0.313166674
2023/2/15 18:15,0.223668267
2023/2/15 18:30,0.174702296
2023/2/15 18:45,0.126294334
2023/2/15 19:00,0.07932098
2023/2/15 19:15,0.040055873
2023/2/15 19:30,0
2023/2/15 19:45,0
2023/2/15 20:00,0
2023/2/15 20:15,0
2023/2/15 20:30,0
2023/2/15 20:45,0
2023/2/15 21:00,0
2023/2/15 21:15,0
2023/2/15 21:30,0
2023/2/15 21:45,0
2023/2/15 22:00,0
2023/2/15 22:15,0
2023/2/15 22:30,0
2023/2/15 22:45,0
2023/2/15 23:00,0
2023/2/15 23:15,0
2023/2/15 23:30,0
2023/2/15 23:45,0
2023/2/16 0:00,0
2023/2/16 0:15,0
2023/2/16 0:30,0
2023/2/16 0:45,0
2023/2/16 1:00,0
2023/2/16 1:15,0
2023/2/16 1:30,0
2023/2/16 1:45,0
2023/2/16 2:00,0
2023/2/16 2:15,0
2023/2/16 2:30,0
2023/2/16 2:45,0
2023/2/16 3:00,0
2023/2/16 3:15,0
2023/2/16 3:30,0
2023/2/16 3:45,0
2023/2/16 4:00,0
2023/2/16 4:15,0
2023/2/16 4:30,0
2023/2/16 4:45,0
2023/2/16 5:00,0
2023/2/16 5:15,0
2023/2/16 5:30,0
2023/2/16 5:45,0
2023/2/16 6:00,0
2023/2/16 6:15,0
2023/2/16 6:30,0
2023/2/16 6:45,0
2023/2/16 7:00,0
2023/2/16 7:15,0
2023/2/16 7:30,0.017457661
2023/2/16 7:45,0.023560682
2023/2/16 8:00,0.029678872
2023/2/16 8:15,0.039488088
2023/2/16 8:30,0.046876898
2023/2/16 8:45,0.05248508
2023/2/16 9:00,0.057377296
2023/2/16 9:15,0.058312352
2023/2/16 9:30,0.05943694
2023/2/16 9:45,0.064981705
2023/2/16 10:00,0.07245489
2023/2/16 10:15,0.073566472
2023/2/16 10:30,0.084384062
2023/2/16 10:45,0.101900119
2023/2/16 11:00,0.120954773
2023/2/16 11:15,0.147078375
2023/2/16 11:30,0.195608082
2023/2/16 11:45,0.233847938
2023/2/16 12:00,0.268836826
2023/2/16 12:15,0.308238187
2023/2/16 12:30,0.362311867
2023/2/16 12:45,0.412374551
2023/2/16 13:00,0.439541151
2023/2/16 13:15,0.466070144
2023/2/16 13:30,0.465844
2023/2/16 13:45,0.493728742
2023/2/16 14:00,0.554117597
2023/2/16 14:15,0.557531046
2023/2/16 14:30,0.623010884
2023/2/16 14:45,0.634905919
2023/2/16 15:00,0.677906502
2023/2/16 15:15,0.669119177
2023/2/16 15:30,0.60902113
2023/2/16 15:45,0.588747169
2023/2/16 16:00,0.558900961
2023/2/16 16:15,0.561059435
2023/2/16 16:30,0.528457355
2023/2/16 16:45,0.50938078
2023/2/16 17:00,0.451029139
2023/2/16 17:15,0.413100613
2023/2/16 17:30,0.363802841
2023/2/16 17:45,0.322330343
2023/2/16 18:00,0.302008111
2023/2/16 18:15,0.215792954
2023/2/16 18:30,0.171649722
2023/2/16 18:45,0.124352797
2023/2/16 19:00,0.079846463
2023/2/16 19:15,0.040331797
2023/2/16 19:30,0
2023/2/16 19:45,0
2023/2/16 20:00,0
2023/2/16 20:15,0
2023/2/16 20:30,0
2023/2/16 20:45,0
2023/2/16 21:00,0
2023/2/16 21:15,0
2023/2/16 21:30,0
2023/2/16 21:45,0
2023/2/16 22:00,0
2023/2/16 22:15,0
2023/2/16 22:30,0
2023/2/16 22:45,0
2023/2/16 23:00,0
2023/2/16 23:15,0
2023/2/16 23:30,0
2023/2/16 23:45,0
2023/2/17 0:00,0
2023/2/17 0:15,0
2023/2/17 0:30,0
2023/2/17 0:45,0
2023/2/17 1:00,0
2023/2/17 1:15,0
2023/2/17 1:30,0
2023/2/17 1:45,0
2023/2/17 2:00,0
2023/2/17 2:15,0
2023/2/17 2:30,0
2023/2/17 2:45,0
2023/2/17 3:00,0
2023/2/17 3:15,0
2023/2/17 3:30,0
2023/2/17 3:45,0
2023/2/17 4:00,0
2023/2/17 4:15,0
2023/2/17 4:30,0
2023/2/17 4:45,0
2023/2/17 5:00,0
2023/2/17 5:15,0
2023/2/17 5:30,0
2023/2/17 5:45,0
2023/2/17 6:00,0
2023/2/17 6:15,0
2023/2/17 6:30,0
2023/2/17 6:45,0
2023/2/17 7:00,0
2023/2/17 7:15,0
2023/2/17 7:30,0.017563603
2023/2/17 7:45,0.022571325
2023/2/17 8:00,0.028074073
2023/2/17 8:15,0.033834366
2023/2/17 8:30,0.041835501
2023/2/17 8:45,0.047097673
2023/2/17 9:00,0.056140022
2023/2/17 9:15,0.05571365
2023/2/17 9:30,0.056150086
2023/2/17 9:45,0.062829295
2023/2/17 10:00,0.072341136
2023/2/17 10:15,0.075092279
2023/2/17 10:30,0.084486859
2023/2/17 10:45,0.102797595
2023/2/17 11:00,0.116760589
2023/2/17 11:15,0.136502393
2023/2/17 11:30,0.180621286
2023/2/17 11:45,0.217894806
2023/2/17 12:00,0.254024041
2023/2/17 12:15,0.277538492
2023/2/17 12:30,0.326388918
2023/2/17 12:45,0.36931612
2023/2/17 13:00,0.400024776
2023/2/17 13:15,0.420432011
2023/2/17 13:30,0.419076736
2023/2/17 13:45,0.451736497
2023/2/17 14:00,0.528979756
2023/2/17 14:15,0.551528744
2023/2/17 14:30,0.61785886
2023/2/17 14:45,0.613149754
2023/2/17 15:00,0.640730895
2023/2/17 15:15,0.644821542
2023/2/17 15:30,0.594158512
2023/2/17 15:45,0.56121158
2023/2/17 16:00,0.542665034
2023/2/17 16:15,0.538362419
2023/2/17 16:30,0.506061616
2023/2/17 16:45,0.479732637
2023/2/17 17:00,0.42376218
2023/2/17 17:15,0.393200289
2023/2/17 17:30,0.348614345
2023/2/17 17:45,0.30952632
2023/2/17 18:00,0.294323956
2023/2/17 18:15,0.205515985
2023/2/17 18:30,0.161059271
2023/2/17 18:45,0.116574631
2023/2/17 19:00,0.073401734
2023/2/17 19:15,0.037725857
2023/2/17 19:30,0
2023/2/17 19:45,0
2023/2/17 20:00,0
2023/2/17 20:15,0
2023/2/17 20:30,0
2023/2/17 20:45,0
2023/2/17 21:00,0
2023/2/17 21:15,0
2023/2/17 21:30,0
2023/2/17 21:45,0
2023/2/17 22:00,0
2023/2/17 22:15,0
2023/2/17 22:30,0
2023/2/17 22:45,0
2023/2/17 23:00,0
2023/2/17 23:15,0
2023/2/17 23:30,0
2023/2/17 23:45,0
2023/2/18 0:00,0
2023/2/18 0:15,0
2023/2/18 0:30,0
2023/2/18 0:45,0
2023/2/18 1:00,0
2023/2/18 1:15,0
2023/2/18 1:30,0
2023/2/18 1:45,0
2023/2/18 2:00,0
2023/2/18 2:15,0
2023/2/18 2:30,0
2023/2/18 2:45,0
2023/2/18 3:00,0
2023/2/18 3:15,0
2023/2/18 3:30,0
2023/2/18 3:45,0
2023/2/18 4:00,0
2023/2/18 4:15,0
2023/2/18 4:30,0
2023/2/18 4:45,0
2023/2/18 5:00,0
2023/2/18 5:15,0
2023/2/18 5:30,0
2023/2/18 5:45,0
2023/2/18 6:00,0
2023/2/18 6:15,0
2023/2/18 6:30,0
2023/2/18 6:45,0
2023/2/18 7:00,0
2023/2/18 7:15,0
2023/2/18 7:30,0.001918766
2023/2/18 7:45,0.002593591
2023/2/18 8:00,0.003146387
2023/2/18 8:15,0.003859835
2023/2/18 8:30,0.004592243
2023/2/18 8:45,0.005238874
2023/2/18 9:00,0.005982977
2023/2/18 9:15,0.006058611
2023/2/18 9:30,0.006111832
2023/2/18 9:45,0.006864176
2023/2/18 10:00,0.007765158
2023/2/18 10:15,0.00822353
2023/2/18 10:30,0.009429533
2023/2/18 10:45,0.01167895
2023/2/18 11:00,0.013557444
2023/2/18 11:15,0.016112986
2023/2/18 11:30,0.020987364
2023/2/18 11:45,0.024307888
2023/2/18 12:00,0.028000688
2023/2/18 12:15,0.031268763
2023/2/18 12:30,0.036761094
2023/2/18 12:45,0.042144782
2023/2/18 13:00,0.047252066
2023/2/18 13:15,0.051478119
2023/2/18 13:30,0.051896291
2023/2/18 13:45,0.054316762
2023/2/18 14:00,0.060509473
2023/2/18 14:15,0.061309529
2023/2/18 14:30,0.067700798
2023/2/18 14:45,0.0676074
2023/2/18 15:00,0.070576694
2023/2/18 15:15,0.069446719
2023/2/18 15:30,0.064742914
2023/2/18 15:45,0.062247361
2023/2/18 16:00,0.060754299
2023/2/18 16:15,0.061389536
2023/2/18 16:30,0.057796372
2023/2/18 16:45,0.053686859
2023/2/18 17:00,0.046924614
2023/2/18 17:15,0.043552355
2023/2/18 17:30,0.039223731
2023/2/18 17:45,0.03401117
2023/2/18 18:00,0.031424977
2023/2/18 18:15,0.022917235
2023/2/18 18:30,0.018449029
2023/2/18 18:45,0.013680098
2023/2/18 19:00,0.00842909
2023/2/18 19:15,0.004194747
2023/2/18 19:30,0
2023/2/18 19:45,0
2023/2/18 20:00,0
2023/2/18 20:15,0
2023/2/18 20:30,0
2023/2/18 20:45,0
2023/2/18 21:00,0
2023/2/18 21:15,0
2023/2/18 21:30,0
2023/2/18 21:45,0
2023/2/18 22:00,0
2023/2/18 22:15,0
2023/2/18 22:30,0
2023/2/18 22:45,0
2023/2/18 23:00,0
2023/2/18 23:15,0
2023/2/18 23:30,0
2023/2/18 23:45,0
2023/2/19 0:00,0
2023/2/19 0:15,0
2023/2/19 0:30,0
2023/2/19 0:45,0
2023/2/19 1:00,0
2023/2/19 1:15,0
2023/2/19 1:30,0
2023/2/19 1:45,0
2023/2/19 2:00,0
2023/2/19 2:15,0
2023/2/19 2:30,0
2023/2/19 2:45,0
2023/2/19 3:00,0
2023/2/19 3:15,0
2023/2/19 3:30,0
2023/2/19 3:45,0
2023/2/19 4:00,0
2023/2/19 4:15,0
2023/2/19 4:30,0
2023/2/19 4:45,0
2023/2/19 5:00,0
2023/2/19 5:15,0
2023/2/19 5:30,0
2023/2/19 5:45,0
2023/2/19 6:00,0
2023/2/19 6:15,0
2023/2/19 6:30,0
2023/2/19 6:45,0
2023/2/19 7:00,0
2023/2/19 7:15,0
2023/2/19 7:30,0.019128914
2023/2/19 7:45,0.026182454
2023/2/19 8:00,0.032090958
2023/2/19 8:15,0.038806922
2023/2/19 8:30,0.045782492
2023/2/19 8:45,0.052112543
2023/2/19 9:00,0.059230378
2023/2/19 9:15,0.060665551
2023/2/19 9:30,0.059763746
2023/2/19 9:45,0.068340188
2023/2/19 10:00,0.077891979
2023/2/19 10:15,0.083555141
2023/2/19 10:30,0.095093623
2023/2/19 10:45,0.114997869
2023/2/19 11:00,0.13316842
2023/2/19 11:15,0.156942238
2023/2/19 11:30,0.204055115
2023/2/19 11:45,0.239055292
2023/2/19 12:00,0.272153867
2023/2/19 12:15,0.303577235
2023/2/19 12:30,0.361133245
2023/2/19 12:45,0.41358972
2023/2/19 13:00,0.463729991
2023/2/19 13:15,0.503246108
2023/2/19 13:30,0.51129339
2023/2/19 13:45,0.539987994
2023/2/19 14:00,0.604964319
2023/2/19 14:15,0.622845172
2023/2/19 14:30,0.684759071
2023/2/19 14:45,0.681130385
2023/2/19 15:00,0.701203141
2023/2/19 15:15,0.689114902
2023/2/19 15:30,0.641199741
2023/2/19 15:45,0.616154918
2023/2/19 16:00,0.605212471
2023/2/19 16:15,0.597896149
2023/2/19 16:30,0.563495718
2023/2/19 16:45,0.526498249
2023/2/19 17:00,0.460102332
2023/2/19 17:15,0.424300279
2023/2/19 17:30,0.380853103
2023/2/19 17:45,0.329035162
2023/2/19 18:00,0.314422955
2023/2/19 18:15,0.227605565
2023/2/19 18:30,0.18731074
2023/2/19 18:45,0.135740499
2023/2/19 19:00,0.082936299
2023/2/19 19:15,0.040902745
2023/2/19 19:30,0
2023/2/19 19:45,0
2023/2/19 20:00,0
2023/2/19 20:15,0
2023/2/19 20:30,0
2023/2/19 20:45,0
2023/2/19 21:00,0
2023/2/19 21:15,0
2023/2/19 21:30,0
2023/2/19 21:45,0
2023/2/19 22:00,0
2023/2/19 22:15,0
2023/2/19 22:30,0
2023/2/19 22:45,0
2023/2/19 23:00,0
2023/2/19 23:15,0
2023/2/19 23:30,0
2023/2/19 23:45,0
2023/2/20 0:00,0
2023/2/20 0:15,0
2023/2/20 0:30,0
2023/2/20 0:45,0
2023/2/20 1:00,0
2023/2/20 1:15,0
2023/2/20 1:30,0
2023/2/20 1:45,0
2023/2/20 2:00,0
2023/2/20 2:15,0
2023/2/20 2:30,0
2023/2/20 2:45,0
2023/2/20 3:00,0
2023/2/20 3:15,0
2023/2/20 3:30,0
2023/2/20 3:45,0
2023/2/20 4:00,0
2023/2/20 4:15,0
2023/2/20 4:30,0
2023/2/20 4:45,0
2023/2/20 5:00,0
2023/2/20 5:15,0
2023/2/20 5:30,0
2023/2/20 5:45,0
2023/2/20 6:00,0
2023/2/20 6:15,0
2023/2/20 6:30,0
2023/2/20 6:45,0
2023/2/20 7:00,0
2023/2/20 7:15,0
2023/2/20 7:30,0.017088749
2023/2/20 7:45,0.02316385
2023/2/20 8:00,0.028009409
2023/2/20 8:15,0.034661466
2023/2/20 8:30,0.04076019
2023/2/20 8:45,0.047436939
2023/2/20 9:00,0.05396928
2023/2/20 9:15,0.054217097
2023/2/20 9:30,0.051331805
2023/2/20 9:45,0.059844321
2023/2/20 10:00,0.068724424
2023/2/20 10:15,0.077113835
2023/2/20 10:30,0.083509466
2023/2/20 10:45,0.100671927
2023/2/20 11:00,0.115396409
2023/2/20 11:15,0.143203888
2023/2/20 11:30,0.188299922
2023/2/20 11:45,0.225023019
2023/2/20 12:00,0.250848428
2023/2/20 12:15,0.277052213
2023/2/20 12:30,0.312429219
2023/2/20 12:45,0.369915216
2023/2/20 13:00,0.421355841
2023/2/20 13:15,0.47353738
2023/2/20 13:30,0.474428035
2023/2/20 13:45,0.498834631
2023/2/20 14:00,0.52562325
2023/2/20 14:15,0.535659764
2023/2/20 14:30,0.592858699
2023/2/20 14:45,0.606960811
2023/2/20 15:00,0.635033535
2023/2/20 15:15,0.631134905
2023/2/20 15:30,0.602658798
2023/2/20 15:45,0.585262685
2023/2/20 16:00,0.556129345
2023/2/20 16:15,0.550877078
2023/2/20 16:30,0.509494819
2023/2/20 16:45,0.481946251
2023/2/20 17:00,0.440648697
2023/2/20 17:15,0.411789689
2023/2/20 17:30,0.363422289
2023/2/20 17:45,0.302291376
2023/2/20 18:00,0.268172409
2023/2/20 18:15,0.196438171
2023/2/20 18:30,0.155716154
2023/2/20 18:45,0.119487907
2023/2/20 19:00,0.073721993
2023/2/20 19:15,0.038040622
2023/2/20 19:30,0
2023/2/20 19:45,0
2023/2/20 20:00,0
2023/2/20 20:15,0
2023/2/20 20:30,0
2023/2/20 20:45,0
2023/2/20 21:00,0
2023/2/20 21:15,0
2023/2/20 21:30,0
2023/2/20 21:45,0
2023/2/20 22:00,0
2023/2/20 22:15,0
2023/2/20 22:30,0
2023/2/20 22:45,0
2023/2/20 23:00,0
2023/2/20 23:15,0
2023/2/20 23:30,0
2023/2/20 23:45,0
2023/2/21 0:00,0
2023/2/21 0:15,0
2023/2/21 0:30,0
2023/2/21 0:45,0
2023/2/21 1:00,0
2023/2/21 1:15,0
2023/2/21 1:30,0
2023/2/21 1:45,0
2023/2/21 2:00,0
2023/2/21 2:15,0
2023/2/21 2:30,0
2023/2/21 2:45,0
2023/2/21 3:00,0
2023/2/21 3:15,0
2023/2/21 3:30,0
2023/2/21 3:45,0
2023/2/21 4:00,0
2023/2/21 4:15,0
2023/2/21 4:30,0
2023/2/21 4:45,0
2023/2/21 5:00,0
2023/2/21 5:15,0
2023/2/21 5:30,0
2023/2/21 5:45,0
2023/2/21 6:00,0
2023/2/21 6:15,0
2023/2/21 6:30,0
2023/2/21 6:45,0
2023/2/21 7:00,0
2023/2/21 7:15,0
2023/2/21 7:30,0.018087693
2023/2/21 7:45,0.024191095
2023/2/21 8:00,0.029565752
2023/2/21 8:15,0.035852647
2023/2/21 8:30,0.041055948
2023/2/21 8:45,0.047638745
2023/2/21 9:00,0.053565504
2023/2/21 9:15,0.056980905
2023/2/21 9:30,0.056435509
2023/2/21 9:45,0.065832162
2023/2/21 10:00,0.072901959
2023/2/21 10:15,0.074488437
2023/2/21 10:30,0.083879827
2023/2/21 10:45,0.104770004
2023/2/21 11:00,0.126357211
2023/2/21 11:15,0.154000314
2023/2/21 11:30,0.201007302
2023/2/21 11:45,0.230322798
2023/2/21 12:00,0.262604669
2023/2/21 12:15,0.285215628
2023/2/21 12:30,0.339201592
2023/2/21 12:45,0.374857853
2023/2/21 13:00,0.420953845
2023/2/21 13:15,0.431116923
2023/2/21 13:30,0.453185259
2023/2/21 13:45,0.495335283
2023/2/21 14:00,0.57942923
2023/2/21 14:15,0.592177481
2023/2/21 14:30,0.647032154
2023/2/21 14:45,0.627878319
2023/2/21 15:00,0.650588742
2023/2/21 15:15,0.648474689
2023/2/21 15:30,0.645097464
2023/2/21 15:45,0.59024135
2023/2/21 16:00,0.52662483
2023/2/21 16:15,0.508043898
2023/2/21 16:30,0.50433371
2023/2/21 16:45,0.477672783
2023/2/21 17:00,0.41608719
2023/2/21 17:15,0.375878646
2023/2/21 17:30,0.350801249
2023/2/21 17:45,0.308239555
2023/2/21 18:00,0.290779227
2023/2/21 18:15,0.210895429
2023/2/21 18:30,0.166989983
2023/2/21 18:45,0.121044757
2023/2/21 19:00,0.077059255
2023/2/21 19:15,0.039623249
2023/2/21 19:30,0
2023/2/21 19:45,0
2023/2/21 20:00,0
2023/2/21 20:15,0
2023/2/21 20:30,0
2023/2/21 20:45,0
2023/2/21 21:00,0
2023/2/21 21:15,0
2023/2/21 21:30,0
2023/2/21 21:45,0
2023/2/21 22:00,0
2023/2/21 22:15,0
2023/2/21 22:30,0
2023/2/21 22:45,0
2023/2/21 23:00,0
2023/2/21 23:15,0
2023/2/21 23:30,0
2023/2/21 23:45,0
2023/2/22 0:00,0
2023/2/22 0:15,0
2023/2/22 0:30,0
2023/2/22 0:45,0
2023/2/22 1:00,0
2023/2/22 1:15,0
2023/2/22 1:30,0
2023/2/22 1:45,0
2023/2/22 2:00,0
2023/2/22 2:15,0
2023/2/22 2:30,0
2023/2/22 2:45,0
2023/2/22 3:00,0
2023/2/22 3:15,0
2023/2/22 3:30,0
2023/2/22 3:45,0
2023/2/22 4:00,0
2023/2/22 4:15,0
2023/2/22 4:30,0
2023/2/22 4:45,0
2023/2/22 5:00,0
2023/2/22 5:15,0
2023/2/22 5:30,0
2023/2/22 5:45,0
2023/2/22 6:00,0
2023/2/22 6:15,0
2023/2/22 6:30,0
2023/2/22 6:45,0
2023/2/22 7:00,0
2023/2/22 7:15,0
2023/2/22 7:30,0.015419883
2023/2/22 7:45,0.020798399
2023/2/22 8:00,0.025157864
2023/2/22 8:15,0.030981774
2023/2/22 8:30,0.036336
2023/2/22 8:45,0.041406971
2023/2/22 9:00,0.046705268
2023/2/22 9:15,0.048241696
2023/2/22 9:30,0.049093336
2023/2/22 9:45,0.056173909
2023/2/22 10:00,0.063526597
2023/2/22 10:15,0.066952468
2023/2/22 10:30,0.076689693
2023/2/22 10:45,0.095850106
2023/2/22 11:00,0.11372881
2023/2/22 11:15,0.133401153
2023/2/22 11:30,0.169462176
2023/2/22 11:45,0.195518853
2023/2/22 12:00,0.232873577
2023/2/22 12:15,0.256448972
2023/2/22 12:30,0.305455049
2023/2/22 12:45,0.347655514
2023/2/22 13:00,0.393245218
2023/2/22 13:15,0.414625676
2023/2/22 13:30,0.421257688
2023/2/22 13:45,0.443936383
2023/2/22 14:00,0.500594807
2023/2/22 14:15,0.488612496
2023/2/22 14:30,0.536122532
2023/2/22 14:45,0.533817121
2023/2/22 15:00,0.577044337
2023/2/22 15:15,0.587570835
2023/2/22 15:30,0.538185767
2023/2/22 15:45,0.519462713
2023/2/22 16:00,0.493861656
2023/2/22 16:15,0.509049191
2023/2/22 16:30,0.477873386
2023/2/22 16:45,0.447056005
2023/2/22 17:00,0.399702391
2023/2/22 17:15,0.368881481
2023/2/22 17:30,0.335628485
2023/2/22 17:45,0.283279554
2023/2/22 18:00,0.258466762
2023/2/22 18:15,0.188863341
2023/2/22 18:30,0.151850161
2023/2/22 18:45,0.113011763
2023/2/22 19:00,0.067718167
2023/2/22 19:15,0.034142201
2023/2/22 19:30,0
2023/2/22 19:45,0
2023/2/22 20:00,0
2023/2/22 20:15,0
2023/2/22 20:30,0
2023/2/22 20:45,0
2023/2/22 21:00,0
2023/2/22 21:15,0
2023/2/22 21:30,0
2023/2/22 21:45,0
2023/2/22 22:00,0
2023/2/22 22:15,0
2023/2/22 22:30,0
2023/2/22 22:45,0
2023/2/22 23:00,0
2023/2/22 23:15,0
2023/2/22 23:30,0
2023/2/22 23:45,0
2023/2/23 0:00,0
2023/2/23 0:15,0
2023/2/23 0:30,0
2023/2/23 0:45,0
2023/2/23 1:00,0
2023/2/23 1:15,0
2023/2/23 1:30,0
2023/2/23 1:45,0
2023/2/23 2:00,0
2023/2/23 2:15,0
2023/2/23 2:30,0
2023/2/23 2:45,0
2023/2/23 3:00,0
2023/2/23 3:15,0
2023/2/23 3:30,0
2023/2/23 3:45,0
2023/2/23 4:00,0
2023/2/23 4:15,0
2023/2/23 4:30,0
2023/2/23 4:45,0
2023/2/23 5:00,0
2023/2/23 5:15,0
2023/2/23 5:30,0
2023/2/23 5:45,0
2023/2/23 6:00,0
2023/2/23 6:15,0
2023/2/23 6:30,0
2023/2/23 6:45,0
2023/2/23 7:00,0
2023/2/23 7:15,0
2023/2/23 7:30,0.017019584
2023/2/23 7:45,0.022051546
2023/2/23 8:00,0.026219484
2023/2/23 8:15,0.031373688
2023/2/23 8:30,0.038053401
2023/2/23 8:45,0.044350816
2023/2/23 9:00,0.051058584
2023/2/23 9:15,0.051772651
2023/2/23 9:30,0.051957776
2023/2/23 9:45,0.057912795
2023/2/23 10:00,0.066074537
2023/2/23 10:15,0.068962134
2023/2/23 10:30,0.078599001
2023/2/23 10:45,0.0961722
2023/2/23 11:00,0.113995382
2023/2/23 11:15,0.137990984
2023/2/23 11:30,0.176950259
2023/2/23 11:45,0.203768719
2023/2/23 12:00,0.227057025
2023/2/23 12:15,0.261713148
2023/2/23 12:30,0.313402116
2023/2/23 12:45,0.370269447
2023/2/23 13:00,0.412721898
2023/2/23 13:15,0.437284443
2023/2/23 13:30,0.431225617
2023/2/23 13:45,0.452311036
2023/2/23 14:00,0.508291371
2023/2/23 14:15,0.523987642
2023/2/23 14:30,0.573397924
2023/2/23 14:45,0.568957566
2023/2/23 15:00,0.573860527
2023/2/23 15:15,0.556942492
2023/2/23 15:30,0.510840888
2023/2/23 15:45,0.512092133
2023/2/23 16:00,0.512406046
2023/2/23 16:15,0.518621113
2023/2/23 16:30,0.479232748
2023/2/23 16:45,0.445310446
2023/2/23 17:00,0.393204783
2023/2/23 17:15,0.36730738
2023/2/23 17:30,0.320224079
2023/2/23 17:45,0.275759155
2023/2/23 18:00,0.257888264
2023/2/23 18:15,0.190827804
2023/2/23 18:30,0.160584235
2023/2/23 18:45,0.117436752
2023/2/23 19:00,0.071531773
2023/2/23 19:15,0.035348259
2023/2/23 19:30,0
2023/2/23 19:45,0
2023/2/23 20:00,0
2023/2/23 20:15,0
2023/2/23 20:30,0
2023/2/23 20:45,0
2023/2/23 21:00,0
2023/2/23 21:15,0
2023/2/23 21:30,0
2023/2/23 21:45,0
2023/2/23 22:00,0
2023/2/23 22:15,0
2023/2/23 22:30,0
2023/2/23 22:45,0
2023/2/23 23:00,0
2023/2/23 23:15,0
2023/2/23 23:30,0
2023/2/23 23:45,0
2023/2/24 0:00,0
2023/2/24 0:15,0
2023/2/24 0:30,0
2023/2/24 0:45,0
2023/2/24 1:00,0
2023/2/24 1:15,0
2023/2/24 1:30,0
2023/2/24 1:45,0
2023/2/24 2:00,0
2023/2/24 2:15,0
2023/2/24 2:30,0
2023/2/24 2:45,0
2023/2/24 3:00,0
2023/2/24 3:15,0
2023/2/24 3:30,0
2023/2/24 3:45,0
2023/2/24 4:00,0
2023/2/24 4:15,0
2023/2/24 4:30,0
2023/2/24 4:45,0
2023/2/24 5:00,0
2023/2/24 5:15,0
2023/2/24 5:30,0
2023/2/24 5:45,0
2023/2/24 6:00,0
2023/2/24 6:15,0
2023/2/24 6:30,0
2023/2/24 6:45,0
2023/2/24 7:00,0
2023/2/24 7:15,0
2023/2/24 7:30,0.017206115
2023/2/24 7:45,0.022394474
2023/2/24 8:00,0.027469363
2023/2/24 8:15,0.033842807
2023/2/24 8:30,0.040306302
2023/2/24 8:45,0.045890035
2023/2/24 9:00,0.050473269
2023/2/24 9:15,0.053097793
2023/2/24 9:30,0.055116388
2023/2/24 9:45,0.061243213
2023/2/24 10:00,0.067416937
2023/2/24 10:15,0.069651756
2023/2/24 10:30,0.083674955
2023/2/24 10:45,0.10743381
2023/2/24 11:00,0.126884551
2023/2/24 11:15,0.14785383
2023/2/24 11:30,0.185862041
2023/2/24 11:45,0.213280101
2023/2/24 12:00,0.248115823
2023/2/24 12:15,0.271229709
2023/2/24 12:30,0.327214959
2023/2/24 12:45,0.376505725
2023/2/24 13:00,0.43265282
2023/2/24 13:15,0.460405654
2023/2/24 13:30,0.45477957
2023/2/24 13:45,0.4884003
2023/2/24 14:00,0.528990507
2023/2/24 14:15,0.533627525
2023/2/24 14:30,0.558050111
2023/2/24 14:45,0.585877953
2023/2/24 15:00,0.628626319
2023/2/24 15:15,0.629373264
2023/2/24 15:30,0.5645694
2023/2/24 15:45,0.516240237
2023/2/24 16:00,0.51608764
2023/2/24 16:15,0.51159991
2023/2/24 16:30,0.499143361
2023/2/24 16:45,0.46166942
2023/2/24 17:00,0.409423515
2023/2/24 17:15,0.378363466
2023/2/24 17:30,0.338087598
2023/2/24 17:45,0.303843147
2023/2/24 18:00,0.287505494
2023/2/24 18:15,0.21055262
2023/2/24 18:30,0.166701135
2023/2/24 18:45,0.119726101
2023/2/24 19:00,0.07382582
2023/2/24 19:15,0.037374988
2023/2/24 19:30,0
2023/2/24 19:45,0
2023/2/24 20:00,0
2023/2/24 20:15,0
2023/2/24 20:30,0
2023/2/24 20:45,0
2023/2/24 21:00,0
2023/2/24 21:15,0
2023/2/24 21:30,0
2023/2/24 21:45,0
2023/2/24 22:00,0
2023/2/24 22:15,0
2023/2/24 22:30,0
2023/2/24 22:45,0
2023/2/24 23:00,0
2023/2/24 23:15,0
2023/2/24 23:30,0
2023/2/24 23:45,0
2023/2/25 0:00,0
2023/2/25 0:15,0
2023/2/25 0:30,0
2023/2/25 0:45,0
2023/2/25 1:00,0
2023/2/25 1:15,0
2023/2/25 1:30,0
2023/2/25 1:45,0
2023/2/25 2:00,0
2023/2/25 2:15,0
2023/2/25 2:30,0
2023/2/25 2:45,0
2023/2/25 3:00,0
2023/2/25 3:15,0
2023/2/25 3:30,0
2023/2/25 3:45,0
2023/2/25 4:00,0
2023/2/25 4:15,0
2023/2/25 4:30,0
2023/2/25 4:45,0
2023/2/25 5:00,0
2023/2/25 5:15,0
2023/2/25 5:30,0
2023/2/25 5:45,0
2023/2/25 6:00,0
2023/2/25 6:15,0
2023/2/25 6:30,0
2023/2/25 6:45,0
2023/2/25 7:00,0
2023/2/25 7:15,0
2023/2/25 7:30,0.013306109
2023/2/25 7:45,0.017464657
2023/2/25 8:00,0.021168953
2023/2/25 8:15,0.025685357
2023/2/25 8:30,0.031157013
2023/2/25 8:45,0.035100526
2023/2/25 9:00,0.040272034
2023/2/25 9:15,0.040985403
2023/2/25 9:30,0.041619325
2023/2/25 9:45,0.046763387
2023/2/25 10:00,0.052424828
2023/2/25 10:15,0.05478051
2023/2/25 10:30,0.063278184
2023/2/25 10:45,0.079170778
2023/2/25 11:00,0.092133016
2023/2/25 11:15,0.111378263
2023/2/25 11:30,0.145602937
2023/2/25 11:45,0.170690723
2023/2/25 12:00,0.189482296
2023/2/25 12:15,0.213528806
2023/2/25 12:30,0.253457203
2023/2/25 12:45,0.289364877
2023/2/25 13:00,0.318153726
2023/2/25 13:15,0.341134976
2023/2/25 13:30,0.352504202
2023/2/25 13:45,0.369857227
2023/2/25 14:00,0.417901928
2023/2/25 14:15,0.430035306
2023/2/25 14:30,0.4690478
2023/2/25 14:45,0.452924142
2023/2/25 15:00,0.47063359
2023/2/25 15:15,0.479348512
2023/2/25 15:30,0.462624194
2023/2/25 15:45,0.434649116
2023/2/25 16:00,0.418123135
2023/2/25 16:15,0.41603686
2023/2/25 16:30,0.392617882
2023/2/25 16:45,0.359149436
2023/2/25 17:00,0.318884344
2023/2/25 17:15,0.301362989
2023/2/25 17:30,0.272736204
2023/2/25 17:45,0.231784968
2023/2/25 18:00,0.211119955
2023/2/25 18:15,0.155871525
2023/2/25 18:30,0.1276653
2023/2/25 18:45,0.097392478
2023/2/25 19:00,0.059145904
2023/2/25 19:15,0.029314606
2023/2/25 19:30,0
2023/2/25 19:45,0
2023/2/25 20:00,0
2023/2/25 20:15,0
2023/2/25 20:30,0
2023/2/25 20:45,0
2023/2/25 21:00,0
2023/2/25 21:15,0
2023/2/25 21:30,0
2023/2/25 21:45,0
2023/2/25 22:00,0
2023/2/25 22:15,0
2023/2/25 22:30,0
2023/2/25 22:45,0
2023/2/25 23:00,0
2023/2/25 23:15,0
2023/2/25 23:30,0
2023/2/25 23:45,0
2023/2/26 0:00,0
2023/2/26 0:15,0
2023/2/26 0:30,0
2023/2/26 0:45,0
2023/2/26 1:00,0
2023/2/26 1:15,0
2023/2/26 1:30,0
2023/2/26 1:45,0
2023/2/26 2:00,0
2023/2/26 2:15,0
2023/2/26 2:30,0
2023/2/26 2:45,0
2023/2/26 3:00,0
2023/2/26 3:15,0
2023/2/26 3:30,0
2023/2/26 3:45,0
2023/2/26 4:00,0
2023/2/26 4:15,0
2023/2/26 4:30,0
2023/2/26 4:45,0
2023/2/26 5:00,0
2023/2/26 5:15,0
2023/2/26 5:30,0
2023/2/26 5:45,0
2023/2/26 6:00,0
2023/2/26 6:15,0
2023/2/26 6:30,0
2023/2/26 6:45,0
2023/2/26 7:00,0
2023/2/26 7:15,0
2023/2/26 7:30,0.017130692
2023/2/26 7:45,0.022728116
2023/2/26 8:00,0.02801308
2023/2/26 8:15,0.033554296
2023/2/26 8:30,0.0402996
2023/2/26 8:45,0.047520401
2023/2/26 9:00,0.05583936
2023/2/26 9:15,0.057817262
2023/2/26 9:30,0.057310369
2023/2/26 9:45,0.064398351
2023/2/26 10:00,0.070446442
2023/2/26 10:15,0.074127827
2023/2/26 10:30,0.083770222
2023/2/26 10:45,0.106731746
2023/2/26 11:00,0.125272863
2023/2/26 11:15,0.151853885
2023/2/26 11:30,0.194569163
2023/2/26 11:45,0.221372834
2023/2/26 12:00,0.246534675
2023/2/26 12:15,0.275663498
2023/2/26 12:30,0.319894623
2023/2/26 12:45,0.37554594
2023/2/26 13:00,0.412032491
2023/2/26 13:15,0.455790484
2023/2/26 13:30,0.448022233
2023/2/26 13:45,0.478547476
2023/2/26 14:00,0.531040293
2023/2/26 14:15,0.56377108
2023/2/26 14:30,0.624785789
2023/2/26 14:45,0.619587671
2023/2/26 15:00,0.603701126
2023/2/26 15:15,0.596980295
2023/2/26 15:30,0.585748826
2023/2/26 15:45,0.579392596
2023/2/26 16:00,0.562963696
2023/2/26 16:15,0.525383324
2023/2/26 16:30,0.504135523
2023/2/26 16:45,0.472273435
2023/2/26 17:00,0.432494934
2023/2/26 17:15,0.386176359
2023/2/26 17:30,0.337554586
2023/2/26 17:45,0.289986785
2023/2/26 18:00,0.282082325
2023/2/26 18:15,0.205328405
2023/2/26 18:30,0.165362804
2023/2/26 18:45,0.119981202
2023/2/26 19:00,0.072267411
2023/2/26 19:15,0.036883005
2023/2/26 19:30,0
2023/2/26 19:45,0
2023/2/26 20:00,0
2023/2/26 20:15,0
2023/2/26 20:30,0
2023/2/26 20:45,0
2023/2/26 21:00,0
2023/2/26 21:15,0
2023/2/26 21:30,0
2023/2/26 21:45,0
2023/2/26 22:00,0
2023/2/26 22:15,0
2023/2/26 22:30,0
2023/2/26 22:45,0
2023/2/26 23:00,0
2023/2/26 23:15,0
2023/2/26 23:30,0
2023/2/26 23:45,0
2023/2/27 0:00,0
2023/2/27 0:15,0
2023/2/27 0:30,0
2023/2/27 0:45,0
2023/2/27 1:00,0
2023/2/27 1:15,0
2023/2/27 1:30,0
2023/2/27 1:45,0
2023/2/27 2:00,0
2023/2/27 2:15,0
2023/2/27 2:30,0
2023/2/27 2:45,0
2023/2/27 3:00,0
2023/2/27 3:15,0
2023/2/27 3:30,0
2023/2/27 3:45,0
2023/2/27 4:00,0
2023/2/27 4:15,0
2023/2/27 4:30,0
2023/2/27 4:45,0
2023/2/27 5:00,0
2023/2/27 5:15,0
2023/2/27 5:30,0
2023/2/27 5:45,0
2023/2/27 6:00,0
2023/2/27 6:15,0
2023/2/27 6:30,0
2023/2/27 6:45,0
2023/2/27 7:00,0
2023/2/27 7:15,0
2023/2/27 7:30,0.017763973
2023/2/27 7:45,0.024027868
2023/2/27 8:00,0.029986214
2023/2/27 8:15,0.037698981
2023/2/27 8:30,0.044820192
2023/2/27 8:45,0.050806616
2023/2/27 9:00,0.056693774
2023/2/27 9:15,0.057615805
2023/2/27 9:30,0.057646768
2023/2/27 9:45,0.06503691
2023/2/27 10:00,0.073162695
2023/2/27 10:15,0.077366585
2023/2/27 10:30,0.087358009
2023/2/27 10:45,0.107841779
2023/2/27 11:00,0.124268914
2023/2/27 11:15,0.150324022
2023/2/27 11:30,0.19670333
2023/2/27 11:45,0.234535306
2023/2/27 12:00,0.268316065
2023/2/27 12:15,0.294444237
2023/2/27 12:30,0.336270938
2023/2/27 12:45,0.388165559
2023/2/27 13:00,0.449706759
2023/2/27 13:15,0.499283897
2023/2/27 13:30,0.495118233
2023/2/27 13:45,0.513886013
2023/2/27 14:00,0.567823649
2023/2/27 14:15,0.583455099
2023/2/27 14:30,0.648900709
2023/2/27 14:45,0.650737651
2023/2/27 15:00,0.685437802
2023/2/27 15:15,0.676079778
2023/2/27 15:30,0.622622207
2023/2/27 15:45,0.590031878
2023/2/27 16:00,0.568391813
2023/2/27 16:15,0.582087439
2023/2/27 16:30,0.556709454
2023/2/27 16:45,0.514737983
2023/2/27 17:00,0.454658899
2023/2/27 17:15,0.412659488
2023/2/27 17:30,0.368693133
2023/2/27 17:45,0.311369388
2023/2/27 18:00,0.296310023
2023/2/27 18:15,0.216085593
2023/2/27 18:30,0.172663668
2023/2/27 18:45,0.12533845
2023/2/27 19:00,0.077984431
2023/2/27 19:15,0.039255115
2023/2/27 19:30,0
2023/2/27 19:45,0
2023/2/27 20:00,0
2023/2/27 20:15,0
2023/2/27 20:30,0
2023/2/27 20:45,0
2023/2/27 21:00,0
2023/2/27 21:15,0
2023/2/27 21:30,0
2023/2/27 21:45,0
2023/2/27 22:00,0
2023/2/27 22:15,0
2023/2/27 22:30,0
2023/2/27 22:45,0
2023/2/27 23:00,0
2023/2/27 23:15,0
2023/2/27 23:30,0
2023/2/27 23:45,0
2023/2/28 0:00,0
2023/2/28 0:15,0
2023/2/28 0:30,0
2023/2/28 0:45,0
2023/2/28 1:00,0
2023/2/28 1:15,0
2023/2/28 1:30,0
2023/2/28 1:45,0
2023/2/28 2:00,0
2023/2/28 2:15,0
2023/2/28 2:30,0
2023/2/28 2:45,0
2023/2/28 3:00,0
2023/2/28 3:15,0
2023/2/28 3:30,0
2023/2/28 3:45,0
2023/2/28 4:00,0
2023/2/28 4:15,0
2023/2/28 4:30,0
2023/2/28 4:45,0
2023/2/28 5:00,0
2023/2/28 5:15,0
2023/2/28 5:30,0
2023/2/28 5:45,0
2023/2/28 6:00,0
2023/2/28 6:15,0
2023/2/28 6:30,0
2023/2/28 6:45,0
2023/2/28 7:00,0
2023/2/28 7:15,0
2023/2/28 7:30,0.002078263
2023/2/28 7:45,0.002791174
2023/2/28 8:00,0.00340805
2023/2/28 8:15,0.004174174
2023/2/28 8:30,0.004997495
2023/2/28 8:45,0.005701288
2023/2/28 9:00,0.006456728
2023/2/28 9:15,0.006551448
2023/2/28 9:30,0.006586954
2023/2/28 9:45,0.007388477
2023/2/28 10:00,0.008371172
2023/2/28 10:15,0.008844686
2023/2/28 10:30,0.010170843
2023/2/28 10:45,0.012546824
2023/2/28 11:00,0.014747125
2023/2/28 11:15,0.017491746
2023/2/28 11:30,0.022789379
2023/2/28 11:45,0.02643901
2023/2/28 12:00,0.030656327
2023/2/28 12:15,0.034029302
2023/2/28 12:30,0.039966934
2023/2/28 12:45,0.045539927
2023/2/28 13:00,0.051238883
2023/2/28 13:15,0.055914214
2023/2/28 13:30,0.05681983
2023/2/28 13:45,0.059697676
2023/2/28 14:00,0.065893264
2023/2/28 14:15,0.066562329
2023/2/28 14:30,0.072973254
2023/2/28 14:45,0.073119832
2023/2/28 15:00,0.076107861
2023/2/28 15:15,0.075757386
2023/2/28 15:30,0.070505684
2023/2/28 15:45,0.067767857
2023/2/28 16:00,0.065810014
2023/2/28 16:15,0.066067464
2023/2/28 16:30,0.062467956
2023/2/28 16:45,0.057878938
2023/2/28 17:00,0.050937999
2023/2/28 17:15,0.04739947
2023/2/28 17:30,0.042798425
2023/2/28 17:45,0.037040658
2023/2/28 18:00,0.034148463
2023/2/28 18:15,0.024717727
2023/2/28 18:30,0.020061483
2023/2/28 18:45,0.014889938
2023/2/28 19:00,0.009204236
2023/2/28 19:15,0.004556141
2023/2/28 19:30,0
2023/2/28 19:45,0
2023/2/28 20:00,0
2023/2/28 20:15,0
2023/2/28 20:30,0
2023/2/28 20:45,0
2023/2/28 21:00,0
2023/2/28 21:15,0
2023/2/28 21:30,0
2023/2/28 21:45,0
2023/2/28 22:00,0
2023/2/28 22:15,0
2023/2/28 22:30,0
2023/2/28 22:45,0
2023/2/28 23:00,0
2023/2/28 23:15,0
2023/2/28 23:30,0
2023/2/28 23:45,0
2023/3/1 0:00,0
2023/3/1 0:15,0
2023/3/1 0:30,0
2023/3/1 0:45,0
2023/3/1 1:00,0
2023/3/1 1:15,0
2023/3/1 1:30,0
2023/3/1 1:45,0
2023/3/1 2:00,0
2023/3/1 2:15,0
2023/3/1 2:30,0
2023/3/1 2:45,0
2023/3/1 3:00,0
2023/3/1 3:15,0
2023/3/1 3:30,0
2023/3/1 3:45,0
2023/3/1 4:00,0
2023/3/1 4:15,0
2023/3/1 4:30,0
2023/3/1 4:45,0
2023/3/1 5:00,0
2023/3/1 5:15,0
2023/3/1 5:30,0
2023/3/1 5:45,0
2023/3/1 6:00,0
2023/3/1 6:15,0
2023/3/1 6:30,0
2023/3/1 6:45,0
2023/3/1 7:00,0
2023/3/1 7:15,0
2023/3/1 7:30,0
2023/3/1 7:45,0
2023/3/1 8:00,0
2023/3/1 8:15,0.016685976
2023/3/1 8:30,0.023740561
2023/3/1 8:45,0.036442561
2023/3/1 9:00,0.045548794
2023/3/1 9:15,0.051786307
2023/3/1 9:30,0.05400004
2023/3/1 9:45,0.071133488
2023/3/1 10:00,0.083843933
2023/3/1 10:15,0.106951236
2023/3/1 10:30,0.12932707
2023/3/1 10:45,0.173367917
2023/3/1 11:00,0.182417453
2023/3/1 11:15,0.211131184
2023/3/1 11:30,0.233945259
2023/3/1 11:45,0.257440192
2023/3/1 12:00,0.233958586
2023/3/1 12:15,0.247597381
2023/3/1 12:30,0.3156727
2023/3/1 12:45,0.328357555
2023/3/1 13:00,0.37790889
2023/3/1 13:15,0.372796752
2023/3/1 13:30,0.449374897
2023/3/1 13:45,0.509505847
2023/3/1 14:00,0.488965958
2023/3/1 14:15,0.515399722
2023/3/1 14:30,0.506645403
2023/3/1 14:45,0.444286011
2023/3/1 15:00,0.384285269
2023/3/1 15:15,0.458683143
2023/3/1 15:30,0.44807358
2023/3/1 15:45,0.399506747
2023/3/1 16:00,0.407796516
2023/3/1 16:15,0.422049384
2023/3/1 16:30,0.314883834
2023/3/1 16:45,0.281291321
2023/3/1 17:00,0.252404292
2023/3/1 17:15,0.259364485
2023/3/1 17:30,0.214392816
2023/3/1 17:45,0.191471572
2023/3/1 18:00,0.150700642
2023/3/1 18:15,0.120174852
2023/3/1 18:30,0
2023/3/1 18:45,0
2023/3/1 19:00,0
2023/3/1 19:15,0
2023/3/1 19:30,0
2023/3/1 19:45,0
2023/3/1 20:00,0
2023/3/1 20:15,0
2023/3/1 20:30,0
2023/3/1 20:45,0
2023/3/1 21:00,0
2023/3/1 21:15,0
2023/3/1 21:30,0
2023/3/1 21:45,0
2023/3/1 22:00,0
2023/3/1 22:15,0
2023/3/1 22:30,0
2023/3/1 22:45,0
2023/3/1 23:00,0
2023/3/1 23:15,0
2023/3/1 23:30,0
2023/3/1 23:45,0
2023/3/2 0:00,0
2023/3/2 0:15,0
2023/3/2 0:30,0
2023/3/2 0:45,0
2023/3/2 1:00,0
2023/3/2 1:15,0
2023/3/2 1:30,0
2023/3/2 1:45,0
2023/3/2 2:00,0
2023/3/2 2:15,0
2023/3/2 2:30,0
2023/3/2 2:45,0
2023/3/2 3:00,0
2023/3/2 3:15,0
2023/3/2 3:30,0
2023/3/2 3:45,0
2023/3/2 4:00,0
2023/3/2 4:15,0
2023/3/2 4:30,0
2023/3/2 4:45,0
2023/3/2 5:00,0
2023/3/2 5:15,0
2023/3/2 5:30,0
2023/3/2 5:45,0
2023/3/2 6:00,0
2023/3/2 6:15,0
2023/3/2 6:30,0
2023/3/2 6:45,0
2023/3/2 7:00,0
2023/3/2 7:15,0
2023/3/2 7:30,0
2023/3/2 7:45,0
2023/3/2 8:00,0
2023/3/2 8:15,0.002393492
2023/3/2 8:30,0.003434708
2023/3/2 8:45,0.005248098
2023/3/2 9:00,0.006520418
2023/3/2 9:15,0.007272213
2023/3/2 9:30,0.007672849
2023/3/2 9:45,0.010346895
2023/3/2 10:00,0.012138096
2023/3/2 10:15,0.015003264
2023/3/2 10:30,0.017911387
2023/3/2 10:45,0.02441779
2023/3/2 11:00,0.026063683
2023/3/2 11:15,0.030257462
2023/3/2 11:30,0.033719267
2023/3/2 11:45,0.037208402
2023/3/2 12:00,0.033614388
2023/3/2 12:15,0.035829772
2023/3/2 12:30,0.045819364
2023/3/2 12:45,0.047601717
2023/3/2 13:00,0.05519153
2023/3/2 13:15,0.05356416
2023/3/2 13:30,0.063254155
2023/3/2 13:45,0.073581397
2023/3/2 14:00,0.071221413
2023/3/2 14:15,0.074074855
2023/3/2 14:30,0.074232074
2023/3/2 14:45,0.065887999
2023/3/2 15:00,0.05548395
2023/3/2 15:15,0.066207407
2023/3/2 15:30,0.066586233
2023/3/2 15:45,0.05805211
2023/3/2 16:00,0.056642063
2023/3/2 16:15,0.060729533
2023/3/2 16:30,0.045145069
2023/3/2 16:45,0.038897416
2023/3/2 17:00,0.036724334
2023/3/2 17:15,0.038353136
2023/3/2 17:30,0.030223153
2023/3/2 17:45,0.026452744
2023/3/2 18:00,0.021477141
2023/3/2 18:15,0.017625396
2023/3/2 18:30,0
2023/3/2 18:45,0
2023/3/2 19:00,0
2023/3/2 19:15,0
2023/3/2 19:30,0
2023/3/2 19:45,0
2023/3/2 20:00,0
2023/3/2 20:15,0
2023/3/2 20:30,0
2023/3/2 20:45,0
2023/3/2 21:00,0
2023/3/2 21:15,0
2023/3/2 21:30,0
2023/3/2 21:45,0
2023/3/2 22:00,0
2023/3/2 22:15,0
2023/3/2 22:30,0
2023/3/2 22:45,0
2023/3/2 23:00,0
2023/3/2 23:15,0
2023/3/2 23:30,0
2023/3/2 23:45,0
2023/3/3 0:00,0
2023/3/3 0:15,0
2023/3/3 0:30,0
2023/3/3 0:45,0
2023/3/3 1:00,0
2023/3/3 1:15,0
2023/3/3 1:30,0
2023/3/3 1:45,0
2023/3/3 2:00,0
2023/3/3 2:15,0
2023/3/3 2:30,0
2023/3/3 2:45,0
2023/3/3 3:00,0
2023/3/3 3:15,0
2023/3/3 3:30,0
2023/3/3 3:45,0
2023/3/3 4:00,0
2023/3/3 4:15,0
2023/3/3 4:30,0
2023/3/3 4:45,0
2023/3/3 5:00,0
2023/3/3 5:15,0
2023/3/3 5:30,0
2023/3/3 5:45,0
2023/3/3 6:00,0
2023/3/3 6:15,0
2023/3/3 6:30,0
2023/3/3 6:45,0
2023/3/3 7:00,0
2023/3/3 7:15,0
2023/3/3 7:30,0
2023/3/3 7:45,0
2023/3/3 8:00,0
2023/3/3 8:15,0.0209924
2023/3/3 8:30,0.03002754
2023/3/3 8:45,0.045896803
2023/3/3 9:00,0.058478217
2023/3/3 9:15,0.065430142
2023/3/3 9:30,0.065321911
2023/3/3 9:45,0.084868975
2023/3/3 10:00,0.102078486
2023/3/3 10:15,0.130249542
2023/3/3 10:30,0.15758941
2023/3/3 10:45,0.210781219
2023/3/3 11:00,0.225496823
2023/3/3 11:15,0.267672245
2023/3/3 11:30,0.291522851
2023/3/3 11:45,0.333316255
2023/3/3 12:00,0.301326327
2023/3/3 12:15,0.299138299
2023/3/3 12:30,0.39157224
2023/3/3 12:45,0.429352865
2023/3/3 13:00,0.503712243
2023/3/3 13:15,0.475536903
2023/3/3 13:30,0.558618496
2023/3/3 13:45,0.655963697
2023/3/3 14:00,0.623426291
2023/3/3 14:15,0.640647286
2023/3/3 14:30,0.640695124
2023/3/3 14:45,0.572787595
2023/3/3 15:00,0.502002124
2023/3/3 15:15,0.595454447
2023/3/3 15:30,0.575342072
2023/3/3 15:45,0.498030515
2023/3/3 16:00,0.507350124
2023/3/3 16:15,0.532621718
2023/3/3 16:30,0.379525489
2023/3/3 16:45,0.341387436
2023/3/3 17:00,0.329670671
2023/3/3 17:15,0.336126918
2023/3/3 17:30,0.260596585
2023/3/3 17:45,0.23123558
2023/3/3 18:00,0.188371487
2023/3/3 18:15,0.155170781
2023/3/3 18:30,0
2023/3/3 18:45,0
2023/3/3 19:00,0
2023/3/3 19:15,0
2023/3/3 19:30,0
2023/3/3 19:45,0
2023/3/3 20:00,0
2023/3/3 20:15,0
2023/3/3 20:30,0
2023/3/3 20:45,0
2023/3/3 21:00,0
2023/3/3 21:15,0
2023/3/3 21:30,0
2023/3/3 21:45,0
2023/3/3 22:00,0
2023/3/3 22:15,0
2023/3/3 22:30,0
2023/3/3 22:45,0
2023/3/3 23:00,0
2023/3/3 23:15,0
2023/3/3 23:30,0
2023/3/3 23:45,0
2023/3/4 0:00,0
2023/3/4 0:15,0
2023/3/4 0:30,0
2023/3/4 0:45,0
2023/3/4 1:00,0
2023/3/4 1:15,0
2023/3/4 1:30,0
2023/3/4 1:45,0
2023/3/4 2:00,0
2023/3/4 2:15,0
2023/3/4 2:30,0
2023/3/4 2:45,0
2023/3/4 3:00,0
2023/3/4 3:15,0
2023/3/4 3:30,0
2023/3/4 3:45,0
2023/3/4 4:00,0
2023/3/4 4:15,0
2023/3/4 4:30,0
2023/3/4 4:45,0
2023/3/4 5:00,0
2023/3/4 5:15,0
2023/3/4 5:30,0
2023/3/4 5:45,0
2023/3/4 6:00,0
2023/3/4 6:15,0
2023/3/4 6:30,0
2023/3/4 6:45,0
2023/3/4 7:00,0
2023/3/4 7:15,0
2023/3/4 7:30,0
2023/3/4 7:45,0
2023/3/4 8:00,0
2023/3/4 8:15,0.00224917
2023/3/4 8:30,0.003224533
2023/3/4 8:45,0.004986886
2023/3/4 9:00,0.006198343
2023/3/4 9:15,0.006829128
2023/3/4 9:30,0.007261334
2023/3/4 9:45,0.009848573
2023/3/4 10:00,0.011484638
2023/3/4 10:15,0.014267556
2023/3/4 10:30,0.017220734
2023/3/4 10:45,0.02340292
2023/3/4 11:00,0.02488478
2023/3/4 11:15,0.028653844
2023/3/4 11:30,0.031566257
2023/3/4 11:45,0.035043293
2023/3/4 12:00,0.031782085
2023/3/4 12:15,0.033562139
2023/3/4 12:30,0.042983741
2023/3/4 12:45,0.045442348
2023/3/4 13:00,0.052603918
2023/3/4 13:15,0.051216219
2023/3/4 13:30,0.06085783
2023/3/4 13:45,0.069785946
2023/3/4 14:00,0.067129739
2023/3/4 14:15,0.069497098
2023/3/4 14:30,0.069639755
2023/3/4 14:45,0.062844614
2023/3/4 15:00,0.052983676
2023/3/4 15:15,0.062191257
2023/3/4 15:30,0.061970814
2023/3/4 15:45,0.054639748
2023/3/4 16:00,0.05421775
2023/3/4 16:15,0.057610157
2023/3/4 16:30,0.04259463
2023/3/4 16:45,0.03680497
2023/3/4 17:00,0.034458639
2023/3/4 17:15,0.035946186
2023/3/4 17:30,0.028510213
2023/3/4 17:45,0.025010139
2023/3/4 18:00,0.020506857
2023/3/4 18:15,0.016797725
2023/3/4 18:30,0
2023/3/4 18:45,0
2023/3/4 19:00,0
2023/3/4 19:15,0
2023/3/4 19:30,0
2023/3/4 19:45,0
2023/3/4 20:00,0
2023/3/4 20:15,0
2023/3/4 20:30,0
2023/3/4 20:45,0
2023/3/4 21:00,0
2023/3/4 21:15,0
2023/3/4 21:30,0
2023/3/4 21:45,0
2023/3/4 22:00,0
2023/3/4 22:15,0
2023/3/4 22:30,0
2023/3/4 22:45,0
2023/3/4 23:00,0
2023/3/4 23:15,0
2023/3/4 23:30,0
2023/3/4 23:45,0
2023/3/5 0:00,0
2023/3/5 0:15,0
2023/3/5 0:30,0
2023/3/5 0:45,0
2023/3/5 1:00,0
2023/3/5 1:15,0
2023/3/5 1:30,0
2023/3/5 1:45,0
2023/3/5 2:00,0
2023/3/5 2:15,0
2023/3/5 2:30,0
2023/3/5 2:45,0
2023/3/5 3:00,0
2023/3/5 3:15,0
2023/3/5 3:30,0
2023/3/5 3:45,0
2023/3/5 4:00,0
2023/3/5 4:15,0
2023/3/5 4:30,0
2023/3/5 4:45,0
2023/3/5 5:00,0
2023/3/5 5:15,0
2023/3/5 5:30,0
2023/3/5 5:45,0
2023/3/5 6:00,0
2023/3/5 6:15,0
2023/3/5 6:30,0
2023/3/5 6:45,0
2023/3/5 7:00,0
2023/3/5 7:15,0
2023/3/5 7:30,0
2023/3/5 7:45,0
2023/3/5 8:00,0
2023/3/5 8:15,0.021957191
2023/3/5 8:30,0.031595267
2023/3/5 8:45,0.048331296
2023/3/5 9:00,0.059055327
2023/3/5 9:15,0.066706256
2023/3/5 9:30,0.070524068
2023/3/5 9:45,0.09580348
2023/3/5 10:00,0.113693112
2023/3/5 10:15,0.138993128
2023/3/5 10:30,0.167473791
2023/3/5 10:45,0.228122419
2023/3/5 11:00,0.244075319
2023/3/5 11:15,0.271917975
2023/3/5 11:30,0.291509749
2023/3/5 11:45,0.335726496
2023/3/5 12:00,0.321991443
2023/3/5 12:15,0.342463856
2023/3/5 12:30,0.425119013
2023/3/5 12:45,0.445048278
2023/3/5 13:00,0.525940278
2023/3/5 13:15,0.51424801
2023/3/5 13:30,0.60367141
2023/3/5 13:45,0.691353733
2023/3/5 14:00,0.643280144
2023/3/5 14:15,0.652293336
2023/3/5 14:30,0.681584782
2023/3/5 14:45,0.628424781
2023/3/5 15:00,0.527893732
2023/3/5 15:15,0.621373252
2023/3/5 15:30,0.614015752
2023/3/5 15:45,0.522935347
2023/3/5 16:00,0.514542662
2023/3/5 16:15,0.543112466
2023/3/5 16:30,0.40827638
2023/3/5 16:45,0.366247706
2023/3/5 17:00,0.350968456
2023/3/5 17:15,0.367313853
2023/3/5 17:30,0.288034958
2023/3/5 17:45,0.253780328
2023/3/5 18:00,0.204938147
2023/3/5 18:15,0.162574367
2023/3/5 18:30,0
2023/3/5 18:45,0
2023/3/5 19:00,0
2023/3/5 19:15,0
2023/3/5 19:30,0
2023/3/5 19:45,0
2023/3/5 20:00,0
2023/3/5 20:15,0
2023/3/5 20:30,0
2023/3/5 20:45,0
2023/3/5 21:00,0
2023/3/5 21:15,0
2023/3/5 21:30,0
2023/3/5 21:45,0
2023/3/5 22:00,0
2023/3/5 22:15,0
2023/3/5 22:30,0
2023/3/5 22:45,0
2023/3/5 23:00,0
2023/3/5 23:15,0
2023/3/5 23:30,0
2023/3/5 23:45,0
2023/3/6 0:00,0
2023/3/6 0:15,0
2023/3/6 0:30,0
2023/3/6 0:45,0
2023/3/6 1:00,0
2023/3/6 1:15,0
2023/3/6 1:30,0
2023/3/6 1:45,0
2023/3/6 2:00,0
2023/3/6 2:15,0
2023/3/6 2:30,0
2023/3/6 2:45,0
2023/3/6 3:00,0
2023/3/6 3:15,0
2023/3/6 3:30,0
2023/3/6 3:45,0
2023/3/6 4:00,0
2023/3/6 4:15,0
2023/3/6 4:30,0
2023/3/6 4:45,0
2023/3/6 5:00,0
2023/3/6 5:15,0
2023/3/6 5:30,0
2023/3/6 5:45,0
2023/3/6 6:00,0
2023/3/6 6:15,0
2023/3/6 6:30,0
2023/3/6 6:45,0
2023/3/6 7:00,0
2023/3/6 7:15,0
2023/3/6 7:30,0
2023/3/6 7:45,0
2023/3/6 8:00,0
2023/3/6 8:15,0.021272571
2023/3/6 8:30,0.027919781
2023/3/6 8:45,0.041274708
2023/3/6 9:00,0.054747888
2023/3/6 9:15,0.064583791
2023/3/6 9:30,0.069422074
2023/3/6 9:45,0.09185472
2023/3/6 10:00,0.105546126
2023/3/6 10:15,0.12732208
2023/3/6 10:30,0.151969889
2023/3/6 10:45,0.213826114
2023/3/6 11:00,0.223051103
2023/3/6 11:15,0.259017587
2023/3/6 11:30,0.291362037
2023/3/6 11:45,0.317565772
2023/3/6 12:00,0.287201166
2023/3/6 12:15,0.304092613
2023/3/6 12:30,0.38926023
2023/3/6 12:45,0.398103239
2023/3/6 13:00,0.469007764
2023/3/6 13:15,0.465330391
2023/3/6 13:30,0.527872875
2023/3/6 13:45,0.624776262
2023/3/6 14:00,0.618944018
2023/3/6 14:15,0.611495454
2023/3/6 14:30,0.61711286
2023/3/6 14:45,0.580046418
2023/3/6 15:00,0.496893376
2023/3/6 15:15,0.598670263
2023/3/6 15:30,0.593405188
2023/3/6 15:45,0.508780056
2023/3/6 16:00,0.506652394
2023/3/6 16:15,0.544804833
2023/3/6 16:30,0.406404846
2023/3/6 16:45,0.340656163
2023/3/6 17:00,0.315567495
2023/3/6 17:15,0.335274753
2023/3/6 17:30,0.267738766
2023/3/6 17:45,0.233726945
2023/3/6 18:00,0.189702109
2023/3/6 18:15,0.148325892
2023/3/6 18:30,0
2023/3/6 18:45,0
2023/3/6 19:00,0
2023/3/6 19:15,0
2023/3/6 19:30,0
2023/3/6 19:45,0
2023/3/6 20:00,0
2023/3/6 20:15,0
2023/3/6 20:30,0
2023/3/6 20:45,0
2023/3/6 21:00,0
2023/3/6 21:15,0
2023/3/6 21:30,0
2023/3/6 21:45,0
2023/3/6 22:00,0
2023/3/6 22:15,0
2023/3/6 22:30,0
2023/3/6 22:45,0
2023/3/6 23:00,0
2023/3/6 23:15,0
2023/3/6 23:30,0
2023/3/6 23:45,0
2023/3/7 0:00,0
2023/3/7 0:15,0
2023/3/7 0:30,0
2023/3/7 0:45,0
2023/3/7 1:00,0
2023/3/7 1:15,0
2023/3/7 1:30,0
2023/3/7 1:45,0
2023/3/7 2:00,0
2023/3/7 2:15,0
2023/3/7 2:30,0
2023/3/7 2:45,0
2023/3/7 3:00,0
2023/3/7 3:15,0
2023/3/7 3:30,0
2023/3/7 3:45,0
2023/3/7 4:00,0
2023/3/7 4:15,0
2023/3/7 4:30,0
2023/3/7 4:45,0
2023/3/7 5:00,0
2023/3/7 5:15,0
2023/3/7 5:30,0
2023/3/7 5:45,0
2023/3/7 6:00,0
2023/3/7 6:15,0
2023/3/7 6:30,0
2023/3/7 6:45,0
2023/3/7 7:00,0
2023/3/7 7:15,0
2023/3/7 7:30,0
2023/3/7 7:45,0
2023/3/7 8:00,0
2023/3/7 8:15,0.016475305
2023/3/7 8:30,0.02321185
2023/3/7 8:45,0.035138102
2023/3/7 9:00,0.043617443
2023/3/7 9:15,0.049304906
2023/3/7 9:30,0.052522023
2023/3/7 9:45,0.071520457
2023/3/7 10:00,0.083604983
2023/3/7 10:15,0.10001178
2023/3/7 10:30,0.118447987
2023/3/7 10:45,0.166897291
2023/3/7 11:00,0.183596576
2023/3/7 11:15,0.211278271
2023/3/7 11:30,0.227480509
2023/3/7 11:45,0.250309931
2023/3/7 12:00,0.228461935
2023/3/7 12:15,0.245923512
2023/3/7 12:30,0.311628998
2023/3/7 12:45,0.3242891
2023/3/7 13:00,0.382790419
2023/3/7 13:15,0.375557294
2023/3/7 13:30,0.446050274
2023/3/7 13:45,0.506521409
2023/3/7 14:00,0.471427363
2023/3/7 14:15,0.48558729
2023/3/7 14:30,0.500149932
2023/3/7 14:45,0.459759338
2023/3/7 15:00,0.395764079
2023/3/7 15:15,0.460307076
2023/3/7 15:30,0.450621224
2023/3/7 15:45,0.398959281
2023/3/7 16:00,0.393027195
2023/3/7 16:15,0.411715203
2023/3/7 16:30,0.302368468
2023/3/7 16:45,0.260887871
2023/3/7 17:00,0.245481661
2023/3/7 17:15,0.262548401
2023/3/7 17:30,0.20853653
2023/3/7 17:45,0.186592444
2023/3/7 18:00,0.155284042
2023/3/7 18:15,0.125577651
2023/3/7 18:30,0
2023/3/7 18:45,0
2023/3/7 19:00,0
2023/3/7 19:15,0
2023/3/7 19:30,0
2023/3/7 19:45,0
2023/3/7 20:00,0
2023/3/7 20:15,0
2023/3/7 20:30,0
2023/3/7 20:45,0
2023/3/7 21:00,0
2023/3/7 21:15,0
2023/3/7 21:30,0
2023/3/7 21:45,0
2023/3/7 22:00,0
2023/3/7 22:15,0
2023/3/7 22:30,0
2023/3/7 22:45,0
2023/3/7 23:00,0
2023/3/7 23:15,0
2023/3/7 23:30,0
2023/3/7 23:45,0
2023/3/8 0:00,0
2023/3/8 0:15,0
2023/3/8 0:30,0
2023/3/8 0:45,0
2023/3/8 1:00,0
2023/3/8 1:15,0
2023/3/8 1:30,0
2023/3/8 1:45,0
2023/3/8 2:00,0
2023/3/8 2:15,0
2023/3/8 2:30,0
2023/3/8 2:45,0
2023/3/8 3:00,0
2023/3/8 3:15,0
2023/3/8 3:30,0
2023/3/8 3:45,0
2023/3/8 4:00,0
2023/3/8 4:15,0
2023/3/8 4:30,0
2023/3/8 4:45,0
2023/3/8 5:00,0
2023/3/8 5:15,0
2023/3/8 5:30,0
2023/3/8 5:45,0
2023/3/8 6:00,0
2023/3/8 6:15,0
2023/3/8 6:30,0
2023/3/8 6:45,0
2023/3/8 7:00,0
2023/3/8 7:15,0
2023/3/8 7:30,0
2023/3/8 7:45,0
2023/3/8 8:00,0
2023/3/8 8:15,0.020608309
2023/3/8 8:30,0.029590582
2023/3/8 8:45,0.047470131
2023/3/8 9:00,0.058035283
2023/3/8 9:15,0.062979763
2023/3/8 9:30,0.069102691
2023/3/8 9:45,0.093851262
2023/3/8 10:00,0.107069401
2023/3/8 10:15,0.134922148
2023/3/8 10:30,0.165382695
2023/3/8 10:45,0.224581576
2023/3/8 11:00,0.239757595
2023/3/8 11:15,0.270311401
2023/3/8 11:30,0.301305231
2023/3/8 11:45,0.34162727
2023/3/8 12:00,0.306018482
2023/3/8 12:15,0.323474036
2023/3/8 12:30,0.39947762
2023/3/8 12:45,0.41163967
2023/3/8 13:00,0.486942534
2023/3/8 13:15,0.488404637
2023/3/8 13:30,0.590698029
2023/3/8 13:45,0.675703876
2023/3/8 14:00,0.641586851
2023/3/8 14:15,0.648896892
2023/3/8 14:30,0.650477466
2023/3/8 14:45,0.58512426
2023/3/8 15:00,0.495238649
2023/3/8 15:15,0.580114796
2023/3/8 15:30,0.578593683
2023/3/8 15:45,0.518245531
2023/3/8 16:00,0.512584415
2023/3/8 16:15,0.543696433
2023/3/8 16:30,0.406612503
2023/3/8 16:45,0.350207963
2023/3/8 17:00,0.319787711
2023/3/8 17:15,0.338313537
2023/3/8 17:30,0.268471402
2023/3/8 17:45,0.23094739
2023/3/8 18:00,0.1929925
2023/3/8 18:15,0.16143324
2023/3/8 18:30,0
2023/3/8 18:45,0
2023/3/8 19:00,0
2023/3/8 19:15,0
2023/3/8 19:30,0
2023/3/8 19:45,0
2023/3/8 20:00,0
2023/3/8 20:15,0
2023/3/8 20:30,0
2023/3/8 20:45,0
2023/3/8 21:00,0
2023/3/8 21:15,0
2023/3/8 21:30,0
2023/3/8 21:45,0
2023/3/8 22:00,0
2023/3/8 22:15,0
2023/3/8 22:30,0
2023/3/8 22:45,0
2023/3/8 23:00,0
2023/3/8 23:15,0
2023/3/8 23:30,0
2023/3/8 23:45,0
2023/3/9 0:00,0
2023/3/9 0:15,0
2023/3/9 0:30,0
2023/3/9 0:45,0
2023/3/9 1:00,0
2023/3/9 1:15,0
2023/3/9 1:30,0
2023/3/9 1:45,0
2023/3/9 2:00,0
2023/3/9 2:15,0
2023/3/9 2:30,0
2023/3/9 2:45,0
2023/3/9 3:00,0
2023/3/9 3:15,0
2023/3/9 3:30,0
2023/3/9 3:45,0
2023/3/9 4:00,0
2023/3/9 4:15,0
2023/3/9 4:30,0
2023/3/9 4:45,0
2023/3/9 5:00,0
2023/3/9 5:15,0
2023/3/9 5:30,0
2023/3/9 5:45,0
2023/3/9 6:00,0
2023/3/9 6:15,0
2023/3/9 6:30,0
2023/3/9 6:45,0
2023/3/9 7:00,0
2023/3/9 7:15,0
2023/3/9 7:30,0
2023/3/9 7:45,0
2023/3/9 8:00,0
2023/3/9 8:15,0.02125206
2023/3/9 8:30,0.030946014
2023/3/9 8:45,0.04845828
2023/3/9 9:00,0.058726465
2023/3/9 9:15,0.065727766
2023/3/9 9:30,0.069550451
2023/3/9 9:45,0.094255916
2023/3/9 10:00,0.113031324
2023/3/9 10:15,0.144008906
2023/3/9 10:30,0.175043182
2023/3/9 10:45,0.223950649
2023/3/9 11:00,0.22945911
2023/3/9 11:15,0.274055595
2023/3/9 11:30,0.305037758
2023/3/9 11:45,0.341455903
2023/3/9 12:00,0.307458829
2023/3/9 12:15,0.327614641
2023/3/9 12:30,0.430657999
2023/3/9 12:45,0.444140091
2023/3/9 13:00,0.507674051
2023/3/9 13:15,0.502810386
2023/3/9 13:30,0.593751307
2023/3/9 13:45,0.687813874
2023/3/9 14:00,0.66403165
2023/3/9 14:15,0.66451749
2023/3/9 14:30,0.655307165
2023/3/9 14:45,0.588067162
2023/3/9 15:00,0.507639993
2023/3/9 15:15,0.627702044
2023/3/9 15:30,0.617409325
2023/3/9 15:45,0.516088143
2023/3/9 16:00,0.523689705
2023/3/9 16:15,0.553380755
2023/3/9 16:30,0.403635016
2023/3/9 16:45,0.35194843
2023/3/9 17:00,0.330789358
2023/3/9 17:15,0.352083169
2023/3/9 17:30,0.277031315
2023/3/9 17:45,0.238093765
2023/3/9 18:00,0.191561503
2023/3/9 18:15,0.163473501
2023/3/9 18:30,0
2023/3/9 18:45,0
2023/3/9 19:00,0
2023/3/9 19:15,0
2023/3/9 19:30,0
2023/3/9 19:45,0
2023/3/9 20:00,0
2023/3/9 20:15,0
2023/3/9 20:30,0
2023/3/9 20:45,0
2023/3/9 21:00,0
2023/3/9 21:15,0
2023/3/9 21:30,0
2023/3/9 21:45,0
2023/3/9 22:00,0
2023/3/9 22:15,0
2023/3/9 22:30,0
2023/3/9 22:45,0
2023/3/9 23:00,0
2023/3/9 23:15,0
2023/3/9 23:30,0
2023/3/9 23:45,0
2023/3/10 0:00,0
2023/3/10 0:15,0
2023/3/10 0:30,0
2023/3/10 0:45,0
2023/3/10 1:00,0
2023/3/10 1:15,0
2023/3/10 1:30,0
2023/3/10 1:45,0
2023/3/10 2:00,0
2023/3/10 2:15,0
2023/3/10 2:30,0
2023/3/10 2:45,0
2023/3/10 3:00,0
2023/3/10 3:15,0
2023/3/10 3:30,0
2023/3/10 3:45,0
2023/3/10 4:00,0
2023/3/10 4:15,0
2023/3/10 4:30,0
2023/3/10 4:45,0
2023/3/10 5:00,0
2023/3/10 5:15,0
2023/3/10 5:30,0
2023/3/10 5:45,0
2023/3/10 6:00,0
2023/3/10 6:15,0
2023/3/10 6:30,0
2023/3/10 6:45,0
2023/3/10 7:00,0
2023/3/10 7:15,0
2023/3/10 7:30,0
2023/3/10 7:45,0
2023/3/10 8:00,0
2023/3/10 8:15,0.019829735
2023/3/10 8:30,0.028407629
2023/3/10 8:45,0.044475106
2023/3/10 9:00,0.055919152
2023/3/10 9:15,0.062030897
2023/3/10 9:30,0.063797719
2023/3/10 9:45,0.085964904
2023/3/10 10:00,0.101992016
2023/3/10 10:15,0.128644232
2023/3/10 10:30,0.152451071
2023/3/10 10:45,0.205906427
2023/3/10 11:00,0.222887394
2023/3/10 11:15,0.258981183
2023/3/10 11:30,0.291046747
2023/3/10 11:45,0.320385558
2023/3/10 12:00,0.288502871
2023/3/10 12:15,0.304228172
2023/3/10 12:30,0.381851474
2023/3/10 12:45,0.401052557
2023/3/10 13:00,0.464327244
2023/3/10 13:15,0.471716874
2023/3/10 13:30,0.576229579
2023/3/10 13:45,0.641990212
2023/3/10 14:00,0.61654668
2023/3/10 14:15,0.637765215
2023/3/10 14:30,0.609945251
2023/3/10 14:45,0.545721047
2023/3/10 15:00,0.480038009
2023/3/10 15:15,0.580246885
2023/3/10 15:30,0.573046269
2023/3/10 15:45,0.50471684
2023/3/10 16:00,0.501744214
2023/3/10 16:15,0.512823192
2023/3/10 16:30,0.37110087
2023/3/10 16:45,0.333043494
2023/3/10 17:00,0.322227797
2023/3/10 17:15,0.332409409
2023/3/10 17:30,0.258185561
2023/3/10 17:45,0.226781261
2023/3/10 18:00,0.188606946
2023/3/10 18:15,0.153720161
2023/3/10 18:30,0
2023/3/10 18:45,0
2023/3/10 19:00,0
2023/3/10 19:15,0
2023/3/10 19:30,0
2023/3/10 19:45,0
2023/3/10 20:00,0
2023/3/10 20:15,0
2023/3/10 20:30,0
2023/3/10 20:45,0
2023/3/10 21:00,0
2023/3/10 21:15,0
2023/3/10 21:30,0
2023/3/10 21:45,0
2023/3/10 22:00,0
2023/3/10 22:15,0
2023/3/10 22:30,0
2023/3/10 22:45,0
2023/3/10 23:00,0
2023/3/10 23:15,0
2023/3/10 23:30,0
2023/3/10 23:45,0
2023/3/11 0:00,0
2023/3/11 0:15,0
2023/3/11 0:30,0
2023/3/11 0:45,0
2023/3/11 1:00,0
2023/3/11 1:15,0
2023/3/11 1:30,0
2023/3/11 1:45,0
2023/3/11 2:00,0
2023/3/11 2:15,0
2023/3/11 2:30,0
2023/3/11 2:45,0
2023/3/11 3:00,0
2023/3/11 3:15,0
2023/3/11 3:30,0
2023/3/11 3:45,0
2023/3/11 4:00,0
2023/3/11 4:15,0
2023/3/11 4:30,0
2023/3/11 4:45,0
2023/3/11 5:00,0
2023/3/11 5:15,0
2023/3/11 5:30,0
2023/3/11 5:45,0
2023/3/11 6:00,0
2023/3/11 6:15,0
2023/3/11 6:30,0
2023/3/11 6:45,0
2023/3/11 7:00,0
2023/3/11 7:15,0
2023/3/11 7:30,0
2023/3/11 7:45,0
2023/3/11 8:00,0
2023/3/11 8:15,0.019644617
2023/3/11 8:30,0.026721366
2023/3/11 8:45,0.039819143
2023/3/11 9:00,0.050788975
2023/3/11 9:15,0.05746633
2023/3/11 9:30,0.060961672
2023/3/11 9:45,0.086810358
2023/3/11 10:00,0.099991194
2023/3/11 10:15,0.120436283
2023/3/11 10:30,0.142258581
2023/3/11 10:45,0.186218303
2023/3/11 11:00,0.205986238
2023/3/11 11:15,0.225901749
2023/3/11 11:30,0.254498551
2023/3/11 11:45,0.297496867
2023/3/11 12:00,0.262095386
2023/3/11 12:15,0.275800837
2023/3/11 12:30,0.360471969
2023/3/11 12:45,0.379377003
2023/3/11 13:00,0.432828367
2023/3/11 13:15,0.427991159
2023/3/11 13:30,0.513291155
2023/3/11 13:45,0.575524848
2023/3/11 14:00,0.557070611
2023/3/11 14:15,0.627075412
2023/3/11 14:30,0.601088436
2023/3/11 14:45,0.51547852
2023/3/11 15:00,0.444910804
2023/3/11 15:15,0.525048891
2023/3/11 15:30,0.508307255
2023/3/11 15:45,0.460404699
2023/3/11 16:00,0.467016216
2023/3/11 16:15,0.473205019
2023/3/11 16:30,0.345418192
2023/3/11 16:45,0.290818221
2023/3/11 17:00,0.266972338
2023/3/11 17:15,0.305645793
2023/3/11 17:30,0.266961409
2023/3/11 17:45,0.224578077
2023/3/11 18:00,0.17452165
2023/3/11 18:15,0.145289927
2023/3/11 18:30,0
2023/3/11 18:45,0
2023/3/11 19:00,0
2023/3/11 19:15,0
2023/3/11 19:30,0
2023/3/11 19:45,0
2023/3/11 20:00,0
2023/3/11 20:15,0
2023/3/11 20:30,0
2023/3/11 20:45,0
2023/3/11 21:00,0
2023/3/11 21:15,0
2023/3/11 21:30,0
2023/3/11 21:45,0
2023/3/11 22:00,0
2023/3/11 22:15,0
2023/3/11 22:30,0
2023/3/11 22:45,0
2023/3/11 23:00,0
2023/3/11 23:15,0
2023/3/11 23:30,0
2023/3/11 23:45,0
2023/3/12 0:00,0
2023/3/12 0:15,0
2023/3/12 0:30,0
2023/3/12 0:45,0
2023/3/12 1:00,0
2023/3/12 1:15,0
2023/3/12 1:30,0
2023/3/12 1:45,0
2023/3/12 2:00,0
2023/3/12 2:15,0
2023/3/12 2:30,0
2023/3/12 2:45,0
2023/3/12 3:00,0
2023/3/12 3:15,0
2023/3/12 3:30,0
2023/3/12 3:45,0
2023/3/12 4:00,0
2023/3/12 4:15,0
2023/3/12 4:30,0
2023/3/12 4:45,0
2023/3/12 5:00,0
2023/3/12 5:15,0
2023/3/12 5:30,0
2023/3/12 5:45,0
2023/3/12 6:00,0
2023/3/12 6:15,0
2023/3/12 6:30,0
2023/3/12 6:45,0
2023/3/12 7:00,0
2023/3/12 7:15,0
2023/3/12 7:30,0
2023/3/12 7:45,0
2023/3/12 8:00,0
2023/3/12 8:15,0.020633032
2023/3/12 8:30,0.030033276
2023/3/12 8:45,0.045947442
2023/3/12 9:00,0.055281599
2023/3/12 9:15,0.063240577
2023/3/12 9:30,0.063371507
2023/3/12 9:45,0.085300786
2023/3/12 10:00,0.103594259
2023/3/12 10:15,0.126711022
2023/3/12 10:30,0.156844792
2023/3/12 10:45,0.20430965
2023/3/12 11:00,0.2109548
2023/3/12 11:15,0.248965741
2023/3/12 11:30,0.276255331
2023/3/12 11:45,0.306831011
2023/3/12 12:00,0.284267008
2023/3/12 12:15,0.308115922
2023/3/12 12:30,0.382665711
2023/3/12 12:45,0.382154964
2023/3/12 13:00,0.449578888
2023/3/12 13:15,0.455574226
2023/3/12 13:30,0.520910302
2023/3/12 13:45,0.588801487
2023/3/12 14:00,0.616952465
2023/3/12 14:15,0.638315147
2023/3/12 14:30,0.599385317
2023/3/12 14:45,0.550175202
2023/3/12 15:00,0.458534056
2023/3/12 15:15,0.533707578
2023/3/12 15:30,0.543746125
2023/3/12 15:45,0.463278213
2023/3/12 16:00,0.451337634
2023/3/12 16:15,0.482440096
2023/3/12 16:30,0.374015607
2023/3/12 16:45,0.330468258
2023/3/12 17:00,0.296151251
2023/3/12 17:15,0.298013885
2023/3/12 17:30,0.235739336
2023/3/12 17:45,0.203747898
2023/3/12 18:00,0.171059376
2023/3/12 18:15,0.142954719
2023/3/12 18:30,0
2023/3/12 18:45,0
2023/3/12 19:00,0
2023/3/12 19:15,0
2023/3/12 19:30,0
2023/3/12 19:45,0
2023/3/12 20:00,0
2023/3/12 20:15,0
2023/3/12 20:30,0
2023/3/12 20:45,0
2023/3/12 21:00,0
2023/3/12 21:15,0
2023/3/12 21:30,0
2023/3/12 21:45,0
2023/3/12 22:00,0
2023/3/12 22:15,0
2023/3/12 22:30,0
2023/3/12 22:45,0
2023/3/12 23:00,0
2023/3/12 23:15,0
2023/3/12 23:30,0
2023/3/12 23:45,0
2023/3/13 0:00,0
2023/3/13 0:15,0
2023/3/13 0:30,0
2023/3/13 0:45,0
2023/3/13 1:00,0
2023/3/13 1:15,0
2023/3/13 1:30,0
2023/3/13 1:45,0
2023/3/13 2:00,0
2023/3/13 2:15,0
2023/3/13 2:30,0
2023/3/13 2:45,0
2023/3/13 3:00,0
2023/3/13 3:15,0
2023/3/13 3:30,0
2023/3/13 3:45,0
2023/3/13 4:00,0
2023/3/13 4:15,0
2023/3/13 4:30,0
2023/3/13 4:45,0
2023/3/13 5:00,0
2023/3/13 5:15,0
2023/3/13 5:30,0
2023/3/13 5:45,0
2023/3/13 6:00,0
2023/3/13 6:15,0
2023/3/13 6:30,0
2023/3/13 6:45,0
2023/3/13 7:00,0
2023/3/13 7:15,0
2023/3/13 7:30,0
2023/3/13 7:45,0
2023/3/13 8:00,0
2023/3/13 8:15,0.020615026
2023/3/13 8:30,0.027887741
2023/3/13 8:45,0.042568384
2023/3/13 9:00,0.051828066
2023/3/13 9:15,0.059052882
2023/3/13 9:30,0.064080443
2023/3/13 9:45,0.088964831
2023/3/13 10:00,0.109696449
2023/3/13 10:15,0.132705148
2023/3/13 10:30,0.155262663
2023/3/13 10:45,0.213298489
2023/3/13 11:00,0.225764421
2023/3/13 11:15,0.255491626
2023/3/13 11:30,0.283654488
2023/3/13 11:45,0.31804146
2023/3/13 12:00,0.292499797
2023/3/13 12:15,0.303985271
2023/3/13 12:30,0.352915798
2023/3/13 12:45,0.370994443
2023/3/13 13:00,0.452541216
2023/3/13 13:15,0.453038673
2023/3/13 13:30,0.547977978
2023/3/13 13:45,0.662942162
2023/3/13 14:00,0.671161592
2023/3/13 14:15,0.667047493
2023/3/13 14:30,0.596106511
2023/3/13 14:45,0.54381578
2023/3/13 15:00,0.478723565
2023/3/13 15:15,0.552640876
2023/3/13 15:30,0.562832826
2023/3/13 15:45,0.504215549
2023/3/13 16:00,0.487807351
2023/3/13 16:15,0.496364251
2023/3/13 16:30,0.378694592
2023/3/13 16:45,0.338134457
2023/3/13 17:00,0.322547732
2023/3/13 17:15,0.330203969
2023/3/13 17:30,0.26797447
2023/3/13 17:45,0.239900532
2023/3/13 18:00,0.201849868
2023/3/13 18:15,0.156167067
2023/3/13 18:30,0
2023/3/13 18:45,0
2023/3/13 19:00,0
2023/3/13 19:15,0
2023/3/13 19:30,0
2023/3/13 19:45,0
2023/3/13 20:00,0
2023/3/13 20:15,0
2023/3/13 20:30,0
2023/3/13 20:45,0
2023/3/13 21:00,0
2023/3/13 21:15,0
2023/3/13 21:30,0
2023/3/13 21:45,0
2023/3/13 22:00,0
2023/3/13 22:15,0
2023/3/13 22:30,0
2023/3/13 22:45,0
2023/3/13 23:00,0
2023/3/13 23:15,0
2023/3/13 23:30,0
2023/3/13 23:45,0
2023/3/14 0:00,0
2023/3/14 0:15,0
2023/3/14 0:30,0
2023/3/14 0:45,0
2023/3/14 1:00,0
2023/3/14 1:15,0
2023/3/14 1:30,0
2023/3/14 1:45,0
2023/3/14 2:00,0
2023/3/14 2:15,0
2023/3/14 2:30,0
2023/3/14 2:45,0
2023/3/14 3:00,0
2023/3/14 3:15,0
2023/3/14 3:30,0
2023/3/14 3:45,0
2023/3/14 4:00,0
2023/3/14 4:15,0
2023/3/14 4:30,0
2023/3/14 4:45,0
2023/3/14 5:00,0
2023/3/14 5:15,0
2023/3/14 5:30,0
2023/3/14 5:45,0
2023/3/14 6:00,0
2023/3/14 6:15,0
2023/3/14 6:30,0
2023/3/14 6:45,0
2023/3/14 7:00,0
2023/3/14 7:15,0
2023/3/14 7:30,0
2023/3/14 7:45,0
2023/3/14 8:00,0
2023/3/14 8:15,0.002664791
2023/3/14 8:30,0.003795583
2023/3/14 8:45,0.005816011
2023/3/14 9:00,0.007269621
2023/3/14 9:15,0.008151665
2023/3/14 9:30,0.008528164
2023/3/14 9:45,0.011375894
2023/3/14 10:00,0.013503433
2023/3/14 10:15,0.016967334
2023/3/14 10:30,0.020502502
2023/3/14 10:45,0.027838913
2023/3/14 11:00,0.029555873
2023/3/14 11:15,0.033662609
2023/3/14 11:30,0.036879068
2023/3/14 11:45,0.041354703
2023/3/14 12:00,0.037543107
2023/3/14 12:15,0.03935688
2023/3/14 12:30,0.050154418
2023/3/14 12:45,0.053236952
2023/3/14 13:00,0.062765745
2023/3/14 13:15,0.060922933
2023/3/14 13:30,0.071383425
2023/3/14 13:45,0.082003541
2023/3/14 14:00,0.079066483
2023/3/14 14:15,0.081623851
2023/3/14 14:30,0.08188718
2023/3/14 14:45,0.07423618
2023/3/14 15:00,0.063125985
2023/3/14 15:15,0.074763777
2023/3/14 15:30,0.074660855
2023/3/14 15:45,0.06529962
2023/3/14 16:00,0.06421464
2023/3/14 16:15,0.067921395
2023/3/14 16:30,0.050192306
2023/3/14 16:45,0.043521289
2023/3/14 17:00,0.041030684
2023/3/14 17:15,0.042841685
2023/3/14 17:30,0.034055615
2023/3/14 17:45,0.029812476
2023/3/14 18:00,0.024181713
2023/3/14 18:15,0.019777524
2023/3/14 18:30,0
2023/3/14 18:45,0
2023/3/14 19:00,0
2023/3/14 19:15,0
2023/3/14 19:30,0
2023/3/14 19:45,0
2023/3/14 20:00,0
2023/3/14 20:15,0
2023/3/14 20:30,0
2023/3/14 20:45,0
2023/3/14 21:00,0
2023/3/14 21:15,0
2023/3/14 21:30,0
2023/3/14 21:45,0
2023/3/14 22:00,0
2023/3/14 22:15,0
2023/3/14 22:30,0
2023/3/14 22:45,0
2023/3/14 23:00,0
2023/3/14 23:15,0
2023/3/14 23:30,0
2023/3/14 23:45,0
2023/3/15 0:00,0
2023/3/15 0:15,0
2023/3/15 0:30,0
2023/3/15 0:45,0
2023/3/15 1:00,0
2023/3/15 1:15,0
2023/3/15 1:30,0
2023/3/15 1:45,0
2023/3/15 2:00,0
2023/3/15 2:15,0
2023/3/15 2:30,0
2023/3/15 2:45,0
2023/3/15 3:00,0
2023/3/15 3:15,0
2023/3/15 3:30,0
2023/3/15 3:45,0
2023/3/15 4:00,0
2023/3/15 4:15,0
2023/3/15 4:30,0
2023/3/15 4:45,0
2023/3/15 5:00,0
2023/3/15 5:15,0
2023/3/15 5:30,0
2023/3/15 5:45,0
2023/3/15 6:00,0
2023/3/15 6:15,0
2023/3/15 6:30,0
2023/3/15 6:45,0
2023/3/15 7:00,0
2023/3/15 7:15,0
2023/3/15 7:30,0
2023/3/15 7:45,0
2023/3/15 8:00,0
2023/3/15 8:15,0.021499606
2023/3/15 8:30,0.030530156
2023/3/15 8:45,0.044421929
2023/3/15 9:00,0.053885124
2023/3/15 9:15,0.060526216
2023/3/15 9:30,0.064301367
2023/3/15 9:45,0.085370407
2023/3/15 10:00,0.104182102
2023/3/15 10:15,0.13687775
2023/3/15 10:30,0.16008526
2023/3/15 10:45,0.212515541
2023/3/15 11:00,0.221051954
2023/3/15 11:15,0.25041464
2023/3/15 11:30,0.277950329
2023/3/15 11:45,0.315363108
2023/3/15 12:00,0.289409085
2023/3/15 12:15,0.287236449
2023/3/15 12:30,0.343147834
2023/3/15 12:45,0.354672625
2023/3/15 13:00,0.414049749
2023/3/15 13:15,0.419146924
2023/3/15 13:30,0.517707902
2023/3/15 13:45,0.627144762
2023/3/15 14:00,0.616057356
2023/3/15 14:15,0.615031037
2023/3/15 14:30,0.590120178
2023/3/15 14:45,0.529791934
2023/3/15 15:00,0.472148933
2023/3/15 15:15,0.56327063
2023/3/15 15:30,0.557716597
2023/3/15 15:45,0.509635736
2023/3/15 16:00,0.480649647
2023/3/15 16:15,0.486740979
2023/3/15 16:30,0.367647443
2023/3/15 16:45,0.314474424
2023/3/15 17:00,0.29542886
2023/3/15 17:15,0.300974331
2023/3/15 17:30,0.2455444
2023/3/15 17:45,0.224677015
2023/3/15 18:00,0.187050047
2023/3/15 18:15,0.155018572
2023/3/15 18:30,0
2023/3/15 18:45,0
2023/3/15 19:00,0
2023/3/15 19:15,0
2023/3/15 19:30,0
2023/3/15 19:45,0
2023/3/15 20:00,0
2023/3/15 20:15,0
2023/3/15 20:30,0
2023/3/15 20:45,0
2023/3/15 21:00,0
2023/3/15 21:15,0
2023/3/15 21:30,0
2023/3/15 21:45,0
2023/3/15 22:00,0
2023/3/15 22:15,0
2023/3/15 22:30,0
2023/3/15 22:45,0
2023/3/15 23:00,0
2023/3/15 23:15,0
2023/3/15 23:30,0
2023/3/15 23:45,0
2023/3/16 0:00,0
2023/3/16 0:15,0
2023/3/16 0:30,0
2023/3/16 0:45,0
2023/3/16 1:00,0
2023/3/16 1:15,0
2023/3/16 1:30,0
2023/3/16 1:45,0
2023/3/16 2:00,0
2023/3/16 2:15,0
2023/3/16 2:30,0
2023/3/16 2:45,0
2023/3/16 3:00,0
2023/3/16 3:15,0
2023/3/16 3:30,0
2023/3/16 3:45,0
2023/3/16 4:00,0
2023/3/16 4:15,0
2023/3/16 4:30,0
2023/3/16 4:45,0
2023/3/16 5:00,0
2023/3/16 5:15,0
2023/3/16 5:30,0
2023/3/16 5:45,0
2023/3/16 6:00,0
2023/3/16 6:15,0
2023/3/16 6:30,0
2023/3/16 6:45,0
2023/3/16 7:00,0
2023/3/16 7:15,0
2023/3/16 7:30,0
2023/3/16 7:45,0
2023/3/16 8:00,0
2023/3/16 8:15,0.021037604
2023/3/16 8:30,0.028362116
2023/3/16 8:45,0.040174699
2023/3/16 9:00,0.0526733
2023/3/16 9:15,0.061855931
2023/3/16 9:30,0.063291159
2023/3/16 9:45,0.085891997
2023/3/16 10:00,0.10145486
2023/3/16 10:15,0.126194817
2023/3/16 10:30,0.149731463
2023/3/16 10:45,0.19709248
2023/3/16 11:00,0.209744873
2023/3/16 11:15,0.239460187
2023/3/16 11:30,0.244334171
2023/3/16 11:45,0.274244362
2023/3/16 12:00,0.285756966
2023/3/16 12:15,0.313758871
2023/3/16 12:30,0.372814972
2023/3/16 12:45,0.415534765
2023/3/16 13:00,0.474991269
2023/3/16 13:15,0.445297945
2023/3/16 13:30,0.555165528
2023/3/16 13:45,0.601640737
2023/3/16 14:00,0.558415026
2023/3/16 14:15,0.5783088
2023/3/16 14:30,0.60297114
2023/3/16 14:45,0.555176732
2023/3/16 15:00,0.477347382
2023/3/16 15:15,0.573033593
2023/3/16 15:30,0.526110645
2023/3/16 15:45,0.454329903
2023/3/16 16:00,0.468478735
2023/3/16 16:15,0.521897461
2023/3/16 16:30,0.396924678
2023/3/16 16:45,0.32999188
2023/3/16 17:00,0.301870461
2023/3/16 17:15,0.321090537
2023/3/16 17:30,0.263395515
2023/3/16 17:45,0.233614912
2023/3/16 18:00,0.183329506
2023/3/16 18:15,0.144375945
2023/3/16 18:30,0
2023/3/16 18:45,0
2023/3/16 19:00,0
2023/3/16 19:15,0
2023/3/16 19:30,0
2023/3/16 19:45,0
2023/3/16 20:00,0
2023/3/16 20:15,0
2023/3/16 20:30,0
2023/3/16 20:45,0
2023/3/16 21:00,0
2023/3/16 21:15,0
2023/3/16 21:30,0
2023/3/16 21:45,0
2023/3/16 22:00,0
2023/3/16 22:15,0
2023/3/16 22:30,0
2023/3/16 22:45,0
2023/3/16 23:00,0
2023/3/16 23:15,0
2023/3/16 23:30,0
2023/3/16 23:45,0
2023/3/17 0:00,0
2023/3/17 0:15,0
2023/3/17 0:30,0
2023/3/17 0:45,0
2023/3/17 1:00,0
2023/3/17 1:15,0
2023/3/17 1:30,0
2023/3/17 1:45,0
2023/3/17 2:00,0
2023/3/17 2:15,0
2023/3/17 2:30,0
2023/3/17 2:45,0
2023/3/17 3:00,0
2023/3/17 3:15,0
2023/3/17 3:30,0
2023/3/17 3:45,0
2023/3/17 4:00,0
2023/3/17 4:15,0
2023/3/17 4:30,0
2023/3/17 4:45,0
2023/3/17 5:00,0
2023/3/17 5:15,0
2023/3/17 5:30,0
2023/3/17 5:45,0
2023/3/17 6:00,0
2023/3/17 6:15,0
2023/3/17 6:30,0
2023/3/17 6:45,0
2023/3/17 7:00,0
2023/3/17 7:15,0
2023/3/17 7:30,0
2023/3/17 7:45,0
2023/3/17 8:00,0
2023/3/17 8:15,0.020661974
2023/3/17 8:30,0.030256861
2023/3/17 8:45,0.047043475
2023/3/17 9:00,0.058476505
2023/3/17 9:15,0.064971844
2023/3/17 9:30,0.068906197
2023/3/17 9:45,0.092826649
2023/3/17 10:00,0.107682368
2023/3/17 10:15,0.135187275
2023/3/17 10:30,0.160465297
2023/3/17 10:45,0.212473027
2023/3/17 11:00,0.22481973
2023/3/17 11:15,0.268503515
2023/3/17 11:30,0.300094721
2023/3/17 11:45,0.326102879
2023/3/17 12:00,0.291178384
2023/3/17 12:15,0.317250652
2023/3/17 12:30,0.409184069
2023/3/17 12:45,0.424369984
2023/3/17 13:00,0.491402375
2023/3/17 13:15,0.458139643
2023/3/17 13:30,0.544353425
2023/3/17 13:45,0.648643454
2023/3/17 14:00,0.637451688
2023/3/17 14:15,0.644282405
2023/3/17 14:30,0.618494838
2023/3/17 14:45,0.563035338
2023/3/17 15:00,0.498613975
2023/3/17 15:15,0.59711038
2023/3/17 15:30,0.57290293
2023/3/17 15:45,0.494175487
2023/3/17 16:00,0.498948732
2023/3/17 16:15,0.543961415
2023/3/17 16:30,0.40092751
2023/3/17 16:45,0.339585983
2023/3/17 17:00,0.31705016
2023/3/17 17:15,0.338668503
2023/3/17 17:30,0.278820403
2023/3/17 17:45,0.239965408
2023/3/17 18:00,0.190272005
2023/3/17 18:15,0.160123168
2023/3/17 18:30,0
2023/3/17 18:45,0
2023/3/17 19:00,0
2023/3/17 19:15,0
2023/3/17 19:30,0
2023/3/17 19:45,0
2023/3/17 20:00,0
2023/3/17 20:15,0
2023/3/17 20:30,0
2023/3/17 20:45,0
2023/3/17 21:00,0
2023/3/17 21:15,0
2023/3/17 21:30,0
2023/3/17 21:45,0
2023/3/17 22:00,0
2023/3/17 22:15,0
2023/3/17 22:30,0
2023/3/17 22:45,0
2023/3/17 23:00,0
2023/3/17 23:15,0
2023/3/17 23:30,0
2023/3/17 23:45,0
2023/3/18 0:00,0
2023/3/18 0:15,0
2023/3/18 0:30,0
2023/3/18 0:45,0
2023/3/18 1:00,0
2023/3/18 1:15,0
2023/3/18 1:30,0
2023/3/18 1:45,0
2023/3/18 2:00,0
2023/3/18 2:15,0
2023/3/18 2:30,0
2023/3/18 2:45,0
2023/3/18 3:00,0
2023/3/18 3:15,0
2023/3/18 3:30,0
2023/3/18 3:45,0
2023/3/18 4:00,0
2023/3/18 4:15,0
2023/3/18 4:30,0
2023/3/18 4:45,0
2023/3/18 5:00,0
2023/3/18 5:15,0
2023/3/18 5:30,0
2023/3/18 5:45,0
2023/3/18 6:00,0
2023/3/18 6:15,0
2023/3/18 6:30,0
2023/3/18 6:45,0
2023/3/18 7:00,0
2023/3/18 7:15,0
2023/3/18 7:30,0
2023/3/18 7:45,0
2023/3/18 8:00,0
2023/3/18 8:15,0.018377969
2023/3/18 8:30,0.024564609
2023/3/18 8:45,0.039749943
2023/3/18 9:00,0.051717837
2023/3/18 9:15,0.05705431
2023/3/18 9:30,0.060580529
2023/3/18 9:45,0.083912423
2023/3/18 10:00,0.096595824
2023/3/18 10:15,0.123209356
2023/3/18 10:30,0.149282252
2023/3/18 10:45,0.197123576
2023/3/18 11:00,0.207043585
2023/3/18 11:15,0.223021037
2023/3/18 11:30,0.253941133
2023/3/18 11:45,0.306181703
2023/3/18 12:00,0.264986294
2023/3/18 12:15,0.269083631
2023/3/18 12:30,0.35347566
2023/3/18 12:45,0.376709873
2023/3/18 13:00,0.449616067
2023/3/18 13:15,0.437703263
2023/3/18 13:30,0.482086338
2023/3/18 13:45,0.515377108
2023/3/18 14:00,0.536703783
2023/3/18 14:15,0.604896582
2023/3/18 14:30,0.615796452
2023/3/18 14:45,0.550263345
2023/3/18 15:00,0.469563251
2023/3/18 15:15,0.544811207
2023/3/18 15:30,0.51160339
2023/3/18 15:45,0.443438755
2023/3/18 16:00,0.458165878
2023/3/18 16:15,0.489936327
2023/3/18 16:30,0.338451453
2023/3/18 16:45,0.283102602
2023/3/18 17:00,0.261566434
2023/3/18 17:15,0.289470333
2023/3/18 17:30,0.247691773
2023/3/18 17:45,0.214914075
2023/3/18 18:00,0.168153232
2023/3/18 18:15,0.134677275
2023/3/18 18:30,0
2023/3/18 18:45,0
2023/3/18 19:00,0
2023/3/18 19:15,0
2023/3/18 19:30,0
2023/3/18 19:45,0
2023/3/18 20:00,0
2023/3/18 20:15,0
2023/3/18 20:30,0
2023/3/18 20:45,0
2023/3/18 21:00,0
2023/3/18 21:15,0
2023/3/18 21:30,0
2023/3/18 21:45,0
2023/3/18 22:00,0
2023/3/18 22:15,0
2023/3/18 22:30,0
2023/3/18 22:45,0
2023/3/18 23:00,0
2023/3/18 23:15,0
2023/3/18 23:30,0
2023/3/18 23:45,0
2023/3/19 0:00,0
2023/3/19 0:15,0
2023/3/19 0:30,0
2023/3/19 0:45,0
2023/3/19 1:00,0
2023/3/19 1:15,0
2023/3/19 1:30,0
2023/3/19 1:45,0
2023/3/19 2:00,0
2023/3/19 2:15,0
2023/3/19 2:30,0
2023/3/19 2:45,0
2023/3/19 3:00,0
2023/3/19 3:15,0
2023/3/19 3:30,0
2023/3/19 3:45,0
2023/3/19 4:00,0
2023/3/19 4:15,0
2023/3/19 4:30,0
2023/3/19 4:45,0
2023/3/19 5:00,0
2023/3/19 5:15,0
2023/3/19 5:30,0
2023/3/19 5:45,0
2023/3/19 6:00,0
2023/3/19 6:15,0
2023/3/19 6:30,0
2023/3/19 6:45,0
2023/3/19 7:00,0
2023/3/19 7:15,0
2023/3/19 7:30,0
2023/3/19 7:45,0
2023/3/19 8:00,0
2023/3/19 8:15,0.002427725
2023/3/19 8:30,0.003452375
2023/3/19 8:45,0.005283043
2023/3/19 9:00,0.006567895
2023/3/19 9:15,0.007337114
2023/3/19 9:30,0.007769475
2023/3/19 9:45,0.010409152
2023/3/19 10:00,0.012319556
2023/3/19 10:15,0.015493711
2023/3/19 10:30,0.018608567
2023/3/19 10:45,0.025007844
2023/3/19 11:00,0.026505642
2023/3/19 11:15,0.030592315
2023/3/19 11:30,0.033872722
2023/3/19 11:45,0.038370749
2023/3/19 12:00,0.034868017
2023/3/19 12:15,0.036479639
2023/3/19 12:30,0.046234819
2023/3/19 12:45,0.048006636
2023/3/19 13:00,0.05605341
2023/3/19 13:15,0.055007474
2023/3/19 13:30,0.065708675
2023/3/19 13:45,0.076186132
2023/3/19 14:00,0.073301933
2023/3/19 14:15,0.074668435
2023/3/19 14:30,0.073583422
2023/3/19 14:45,0.066902934
2023/3/19 15:00,0.057439611
2023/3/19 15:15,0.067957533
2023/3/19 15:30,0.067002904
2023/3/19 15:45,0.05849002
2023/3/19 16:00,0.057506486
2023/3/19 16:15,0.062081085
2023/3/19 16:30,0.046423755
2023/3/19 16:45,0.039722787
2023/3/19 17:00,0.037424788
2023/3/19 17:15,0.038992501
2023/3/19 17:30,0.030825429
2023/3/19 17:45,0.026956719
2023/3/19 18:00,0.021963059
2023/3/19 18:15,0.017973516
2023/3/19 18:30,0
2023/3/19 18:45,0
2023/3/19 19:00,0
2023/3/19 19:15,0
2023/3/19 19:30,0
2023/3/19 19:45,0
2023/3/19 20:00,0
2023/3/19 20:15,0
2023/3/19 20:30,0
2023/3/19 20:45,0
2023/3/19 21:00,0
2023/3/19 21:15,0
2023/3/19 21:30,0
2023/3/19 21:45,0
2023/3/19 22:00,0
2023/3/19 22:15,0
2023/3/19 22:30,0
2023/3/19 22:45,0
2023/3/19 23:00,0
2023/3/19 23:15,0
2023/3/19 23:30,0
2023/3/19 23:45,0
2023/3/20 0:00,0
2023/3/20 0:15,0
2023/3/20 0:30,0
2023/3/20 0:45,0
2023/3/20 1:00,0
2023/3/20 1:15,0
2023/3/20 1:30,0
2023/3/20 1:45,0
2023/3/20 2:00,0
2023/3/20 2:15,0
2023/3/20 2:30,0
2023/3/20 2:45,0
2023/3/20 3:00,0
2023/3/20 3:15,0
2023/3/20 3:30,0
2023/3/20 3:45,0
2023/3/20 4:00,0
2023/3/20 4:15,0
2023/3/20 4:30,0
2023/3/20 4:45,0
2023/3/20 5:00,0
2023/3/20 5:15,0
2023/3/20 5:30,0
2023/3/20 5:45,0
2023/3/20 6:00,0
2023/3/20 6:15,0
2023/3/20 6:30,0
2023/3/20 6:45,0
2023/3/20 7:00,0
2023/3/20 7:15,0
2023/3/20 7:30,0
2023/3/20 7:45,0
2023/3/20 8:00,0
2023/3/20 8:15,0.021033465
2023/3/20 8:30,0.029972694
2023/3/20 8:45,0.044732569
2023/3/20 9:00,0.055167119
2023/3/20 9:15,0.061877407
2023/3/20 9:30,0.062764035
2023/3/20 9:45,0.085794811
2023/3/20 10:00,0.102390783
2023/3/20 10:15,0.127290088
2023/3/20 10:30,0.154763254
2023/3/20 10:45,0.213559844
2023/3/20 11:00,0.227648395
2023/3/20 11:15,0.253699951
2023/3/20 11:30,0.266508884
2023/3/20 11:45,0.288037454
2023/3/20 12:00,0.270517278
2023/3/20 12:15,0.298711449
2023/3/20 12:30,0.371917937
2023/3/20 12:45,0.377937275
2023/3/20 13:00,0.471677611
2023/3/20 13:15,0.472539781
2023/3/20 13:30,0.552525544
2023/3/20 13:45,0.625019809
2023/3/20 14:00,0.623535372
2023/3/20 14:15,0.661095008
2023/3/20 14:30,0.612604845
2023/3/20 14:45,0.568470535
2023/3/20 15:00,0.478730826
2023/3/20 15:15,0.572786927
2023/3/20 15:30,0.582901811
2023/3/20 15:45,0.471418016
2023/3/20 16:00,0.491370056
2023/3/20 16:15,0.542218746
2023/3/20 16:30,0.371057401
2023/3/20 16:45,0.310175106
2023/3/20 17:00,0.29526102
2023/3/20 17:15,0.312084933
2023/3/20 17:30,0.248421449
2023/3/20 17:45,0.2103958
2023/3/20 18:00,0.170918552
2023/3/20 18:15,0.14346474
2023/3/20 18:30,0
2023/3/20 18:45,0
2023/3/20 19:00,0
2023/3/20 19:15,0
2023/3/20 19:30,0
2023/3/20 19:45,0
2023/3/20 20:00,0
2023/3/20 20:15,0
2023/3/20 20:30,0
2023/3/20 20:45,0
2023/3/20 21:00,0
2023/3/20 21:15,0
2023/3/20 21:30,0
2023/3/20 21:45,0
2023/3/20 22:00,0
2023/3/20 22:15,0
2023/3/20 22:30,0
2023/3/20 22:45,0
2023/3/20 23:00,0
2023/3/20 23:15,0
2023/3/20 23:30,0
2023/3/20 23:45,0
2023/3/21 0:00,0
2023/3/21 0:15,0
2023/3/21 0:30,0
2023/3/21 0:45,0
2023/3/21 1:00,0
2023/3/21 1:15,0
2023/3/21 1:30,0
2023/3/21 1:45,0
2023/3/21 2:00,0
2023/3/21 2:15,0
2023/3/21 2:30,0
2023/3/21 2:45,0
2023/3/21 3:00,0
2023/3/21 3:15,0
2023/3/21 3:30,0
2023/3/21 3:45,0
2023/3/21 4:00,0
2023/3/21 4:15,0
2023/3/21 4:30,0
2023/3/21 4:45,0
2023/3/21 5:00,0
2023/3/21 5:15,0
2023/3/21 5:30,0
2023/3/21 5:45,0
2023/3/21 6:00,0
2023/3/21 6:15,0
2023/3/21 6:30,0
2023/3/21 6:45,0
2023/3/21 7:00,0
2023/3/21 7:15,0
2023/3/21 7:30,0
2023/3/21 7:45,0
2023/3/21 8:00,0
2023/3/21 8:15,0.020725413
2023/3/21 8:30,0.027746996
2023/3/21 8:45,0.043646389
2023/3/21 9:00,0.058907839
2023/3/21 9:15,0.063867253
2023/3/21 9:30,0.06628851
2023/3/21 9:45,0.092230713
2023/3/21 10:00,0.10377517
2023/3/21 10:15,0.128322891
2023/3/21 10:30,0.155632884
2023/3/21 10:45,0.213841558
2023/3/21 11:00,0.229283642
2023/3/21 11:15,0.252527552
2023/3/21 11:30,0.282238041
2023/3/21 11:45,0.329695664
2023/3/21 12:00,0.305693675
2023/3/21 12:15,0.317826918
2023/3/21 12:30,0.385405512
2023/3/21 12:45,0.403664226
2023/3/21 13:00,0.495484136
2023/3/21 13:15,0.471746719
2023/3/21 13:30,0.545465036
2023/3/21 13:45,0.645642904
2023/3/21 14:00,0.641843376
2023/3/21 14:15,0.661374802
2023/3/21 14:30,0.608462316
2023/3/21 14:45,0.543854991
2023/3/21 15:00,0.486618516
2023/3/21 15:15,0.572552065
2023/3/21 15:30,0.549366856
2023/3/21 15:45,0.461800242
2023/3/21 16:00,0.452699581
2023/3/21 16:15,0.501732079
2023/3/21 16:30,0.384976328
2023/3/21 16:45,0.332149464
2023/3/21 17:00,0.318116871
2023/3/21 17:15,0.32161236
2023/3/21 17:30,0.253478576
2023/3/21 17:45,0.245124674
2023/3/21 18:00,0.193965139
2023/3/21 18:15,0.147886312
2023/3/21 18:30,0
2023/3/21 18:45,0
2023/3/21 19:00,0
2023/3/21 19:15,0
2023/3/21 19:30,0
2023/3/21 19:45,0
2023/3/21 20:00,0
2023/3/21 20:15,0
2023/3/21 20:30,0
2023/3/21 20:45,0
2023/3/21 21:00,0
2023/3/21 21:15,0
2023/3/21 21:30,0
2023/3/21 21:45,0
2023/3/21 22:00,0
2023/3/21 22:15,0
2023/3/21 22:30,0
2023/3/21 22:45,0
2023/3/21 23:00,0
2023/3/21 23:15,0
2023/3/21 23:30,0
2023/3/21 23:45,0
2023/3/22 0:00,0
2023/3/22 0:15,0
2023/3/22 0:30,0
2023/3/22 0:45,0
2023/3/22 1:00,0
2023/3/22 1:15,0
2023/3/22 1:30,0
2023/3/22 1:45,0
2023/3/22 2:00,0
2023/3/22 2:15,0
2023/3/22 2:30,0
2023/3/22 2:45,0
2023/3/22 3:00,0
2023/3/22 3:15,0
2023/3/22 3:30,0
2023/3/22 3:45,0
2023/3/22 4:00,0
2023/3/22 4:15,0
2023/3/22 4:30,0
2023/3/22 4:45,0
2023/3/22 5:00,0
2023/3/22 5:15,0
2023/3/22 5:30,0
2023/3/22 5:45,0
2023/3/22 6:00,0
2023/3/22 6:15,0
2023/3/22 6:30,0
2023/3/22 6:45,0
2023/3/22 7:00,0
2023/3/22 7:15,0
2023/3/22 7:30,0
2023/3/22 7:45,0
2023/3/22 8:00,0
2023/3/22 8:15,0.018937756
2023/3/22 8:30,0.02561263
2023/3/22 8:45,0.041808298
2023/3/22 9:00,0.053180558
2023/3/22 9:15,0.05813876
2023/3/22 9:30,0.059905601
2023/3/22 9:45,0.078706137
2023/3/22 10:00,0.09485653
2023/3/22 10:15,0.124295665
2023/3/22 10:30,0.154807253
2023/3/22 10:45,0.204897559
2023/3/22 11:00,0.211449933
2023/3/22 11:15,0.244999066
2023/3/22 11:30,0.268827656
2023/3/22 11:45,0.292647265
2023/3/22 12:00,0.266803034
2023/3/22 12:15,0.279147683
2023/3/22 12:30,0.349422928
2023/3/22 12:45,0.389940381
2023/3/22 13:00,0.479086888
2023/3/22 13:15,0.445970867
2023/3/22 13:30,0.521607493
2023/3/22 13:45,0.6089333
2023/3/22 14:00,0.593126703
2023/3/22 14:15,0.601445039
2023/3/22 14:30,0.599102713
2023/3/22 14:45,0.551151344
2023/3/22 15:00,0.45885801
2023/3/22 15:15,0.559913268
2023/3/22 15:30,0.527800044
2023/3/22 15:45,0.416080946
2023/3/22 16:00,0.442738162
2023/3/22 16:15,0.520239709
2023/3/22 16:30,0.373580561
2023/3/22 16:45,0.32017402
2023/3/22 17:00,0.304591947
2023/3/22 17:15,0.31091447
2023/3/22 17:30,0.232391189
2023/3/22 17:45,0.203570914
2023/3/22 18:00,0.178942126
2023/3/22 18:15,0.143114026
2023/3/22 18:30,0
2023/3/22 18:45,0
2023/3/22 19:00,0
2023/3/22 19:15,0
2023/3/22 19:30,0
2023/3/22 19:45,0
2023/3/22 20:00,0
2023/3/22 20:15,0
2023/3/22 20:30,0
2023/3/22 20:45,0
2023/3/22 21:00,0
2023/3/22 21:15,0
2023/3/22 21:30,0
2023/3/22 21:45,0
2023/3/22 22:00,0
2023/3/22 22:15,0
2023/3/22 22:30,0
2023/3/22 22:45,0
2023/3/22 23:00,0
2023/3/22 23:15,0
2023/3/22 23:30,0
2023/3/22 23:45,0
2023/3/23 0:00,0
2023/3/23 0:15,0
2023/3/23 0:30,0
2023/3/23 0:45,0
2023/3/23 1:00,0
2023/3/23 1:15,0
2023/3/23 1:30,0
2023/3/23 1:45,0
2023/3/23 2:00,0
2023/3/23 2:15,0
2023/3/23 2:30,0
2023/3/23 2:45,0
2023/3/23 3:00,0
2023/3/23 3:15,0
2023/3/23 3:30,0
2023/3/23 3:45,0
2023/3/23 4:00,0
2023/3/23 4:15,0
2023/3/23 4:30,0
2023/3/23 4:45,0
2023/3/23 5:00,0
2023/3/23 5:15,0
2023/3/23 5:30,0
2023/3/23 5:45,0
2023/3/23 6:00,0
2023/3/23 6:15,0
2023/3/23 6:30,0
2023/3/23 6:45,0
2023/3/23 7:00,0
2023/3/23 7:15,0
2023/3/23 7:30,0
2023/3/23 7:45,0
2023/3/23 8:00,0
2023/3/23 8:15,0.002751075
2023/3/23 8:30,0.003925863
2023/3/23 8:45,0.005955766
2023/3/23 9:00,0.007455031
2023/3/23 9:15,0.008392813
2023/3/23 9:30,0.008862641
2023/3/23 9:45,0.011852672
2023/3/23 10:00,0.013901566
2023/3/23 10:15,0.017491339
2023/3/23 10:30,0.021134256
2023/3/23 10:45,0.028385951
2023/3/23 11:00,0.030101056
2023/3/23 11:15,0.03493238
2023/3/23 11:30,0.038469328
2023/3/23 11:45,0.042986687
2023/3/23 12:00,0.03912531
2023/3/23 12:15,0.041415296
2023/3/23 12:30,0.052616762
2023/3/23 12:45,0.054508758
2023/3/23 13:00,0.063370857
2023/3/23 13:15,0.061972474
2023/3/23 13:30,0.07336034
2023/3/23 13:45,0.085160925
2023/3/23 14:00,0.082972353
2023/3/23 14:15,0.085021471
2023/3/23 14:30,0.084421204
2023/3/23 14:45,0.076655884
2023/3/23 15:00,0.06425552
2023/3/23 15:15,0.0755605
2023/3/23 15:30,0.075687993
2023/3/23 15:45,0.066006246
2023/3/23 16:00,0.065575952
2023/3/23 16:15,0.070092563
2023/3/23 16:30,0.052072249
2023/3/23 16:45,0.045024948
2023/3/23 17:00,0.041724538
2023/3/23 17:15,0.043740939
2023/3/23 17:30,0.03517778
2023/3/23 17:45,0.030798458
2023/3/23 18:00,0.024862517
2023/3/23 18:15,0.020281138
2023/3/23 18:30,0
2023/3/23 18:45,0
2023/3/23 19:00,0
2023/3/23 19:15,0
2023/3/23 19:30,0
2023/3/23 19:45,0
2023/3/23 20:00,0
2023/3/23 20:15,0
2023/3/23 20:30,0
2023/3/23 20:45,0
2023/3/23 21:00,0
2023/3/23 21:15,0
2023/3/23 21:30,0
2023/3/23 21:45,0
2023/3/23 22:00,0
2023/3/23 22:15,0
2023/3/23 22:30,0
2023/3/23 22:45,0
2023/3/23 23:00,0
2023/3/23 23:15,0
2023/3/23 23:30,0
2023/3/23 23:45,0
2023/3/24 0:00,0
2023/3/24 0:15,0
2023/3/24 0:30,0
2023/3/24 0:45,0
2023/3/24 1:00,0
2023/3/24 1:15,0
2023/3/24 1:30,0
2023/3/24 1:45,0
2023/3/24 2:00,0
2023/3/24 2:15,0
2023/3/24 2:30,0
2023/3/24 2:45,0
2023/3/24 3:00,0
2023/3/24 3:15,0
2023/3/24 3:30,0
2023/3/24 3:45,0
2023/3/24 4:00,0
2023/3/24 4:15,0
2023/3/24 4:30,0
2023/3/24 4:45,0
2023/3/24 5:00,0
2023/3/24 5:15,0
2023/3/24 5:30,0
2023/3/24 5:45,0
2023/3/24 6:00,0
2023/3/24 6:15,0
2023/3/24 6:30,0
2023/3/24 6:45,0
2023/3/24 7:00,0
2023/3/24 7:15,0
2023/3/24 7:30,0
2023/3/24 7:45,0
2023/3/24 8:00,0
2023/3/24 8:15,0.002299473
2023/3/24 8:30,0.00333237
2023/3/24 8:45,0.005102758
2023/3/24 9:00,0.006284589
2023/3/24 9:15,0.006941051
2023/3/24 9:30,0.007278418
2023/3/24 9:45,0.009855018
2023/3/24 10:00,0.011552713
2023/3/24 10:15,0.014371203
2023/3/24 10:30,0.017387142
2023/3/24 10:45,0.023567866
2023/3/24 11:00,0.025274047
2023/3/24 11:15,0.029155424
2023/3/24 11:30,0.031944976
2023/3/24 11:45,0.035621572
2023/3/24 12:00,0.032033723
2023/3/24 12:15,0.034002108
2023/3/24 12:30,0.044024205
2023/3/24 12:45,0.045736308
2023/3/24 13:00,0.053502362
2023/3/24 13:15,0.052602277
2023/3/24 13:30,0.061706229
2023/3/24 13:45,0.071002658
2023/3/24 14:00,0.069423788
2023/3/24 14:15,0.070830171
2023/3/24 14:30,0.069650356
2023/3/24 14:45,0.064120733
2023/3/24 15:00,0.053896878
2023/3/24 15:15,0.063565082
2023/3/24 15:30,0.06418335
2023/3/24 15:45,0.055588532
2023/3/24 16:00,0.054351502
2023/3/24 16:15,0.058343927
2023/3/24 16:30,0.043562737
2023/3/24 16:45,0.03699008
2023/3/24 17:00,0.034691646
2023/3/24 17:15,0.036751889
2023/3/24 17:30,0.029410647
2023/3/24 17:45,0.025759195
2023/3/24 18:00,0.020872565
2023/3/24 18:15,0.016923656
2023/3/24 18:30,0
2023/3/24 18:45,0
2023/3/24 19:00,0
2023/3/24 19:15,0
2023/3/24 19:30,0
2023/3/24 19:45,0
2023/3/24 20:00,0
2023/3/24 20:15,0
2023/3/24 20:30,0
2023/3/24 20:45,0
2023/3/24 21:00,0
2023/3/24 21:15,0
2023/3/24 21:30,0
2023/3/24 21:45,0
2023/3/24 22:00,0
2023/3/24 22:15,0
2023/3/24 22:30,0
2023/3/24 22:45,0
2023/3/24 23:00,0
2023/3/24 23:15,0
2023/3/24 23:30,0
2023/3/24 23:45,0
2023/3/25 0:00,0
2023/3/25 0:15,0
2023/3/25 0:30,0
2023/3/25 0:45,0
2023/3/25 1:00,0
2023/3/25 1:15,0
2023/3/25 1:30,0
2023/3/25 1:45,0
2023/3/25 2:00,0
2023/3/25 2:15,0
2023/3/25 2:30,0
2023/3/25 2:45,0
2023/3/25 3:00,0
2023/3/25 3:15,0
2023/3/25 3:30,0
2023/3/25 3:45,0
2023/3/25 4:00,0
2023/3/25 4:15,0
2023/3/25 4:30,0
2023/3/25 4:45,0
2023/3/25 5:00,0
2023/3/25 5:15,0
2023/3/25 5:30,0
2023/3/25 5:45,0
2023/3/25 6:00,0
2023/3/25 6:15,0
2023/3/25 6:30,0
2023/3/25 6:45,0
2023/3/25 7:00,0
2023/3/25 7:15,0
2023/3/25 7:30,0
2023/3/25 7:45,0
2023/3/25 8:00,0
2023/3/25 8:15,0.021654387
2023/3/25 8:30,0.031447488
2023/3/25 8:45,0.046846279
2023/3/25 9:00,0.056753866
2023/3/25 9:15,0.063976278
2023/3/25 9:30,0.068520662
2023/3/25 9:45,0.093090299
2023/3/25 10:00,0.110862547
2023/3/25 10:15,0.139005428
2023/3/25 10:30,0.166903245
2023/3/25 10:45,0.228977297
2023/3/25 11:00,0.243956507
2023/3/25 11:15,0.275351368
2023/3/25 11:30,0.307790209
2023/3/25 11:45,0.337955018
2023/3/25 12:00,0.302088628
2023/3/25 12:15,0.331793472
2023/3/25 12:30,0.418133706
2023/3/25 12:45,0.423493943
2023/3/25 13:00,0.498245565
2023/3/25 13:15,0.486458989
2023/3/25 13:30,0.594521601
2023/3/25 13:45,0.690961872
2023/3/25 14:00,0.665372067
2023/3/25 14:15,0.673878265
2023/3/25 14:30,0.640043428
2023/3/25 14:45,0.590662755
2023/3/25 15:00,0.503495278
2023/3/25 15:15,0.579806424
2023/3/25 15:30,0.590263464
2023/3/25 15:45,0.520353226
2023/3/25 16:00,0.518217786
2023/3/25 16:15,0.568937921
2023/3/25 16:30,0.418956297
2023/3/25 16:45,0.355703835
2023/3/25 17:00,0.336387708
2023/3/25 17:15,0.354639734
2023/3/25 17:30,0.271868999
2023/3/25 17:45,0.233183189
2023/3/25 18:00,0.191787602
2023/3/25 18:15,0.160414305
2023/3/25 18:30,0
2023/3/25 18:45,0
2023/3/25 19:00,0
2023/3/25 19:15,0
2023/3/25 19:30,0
2023/3/25 19:45,0
2023/3/25 20:00,0
2023/3/25 20:15,0
2023/3/25 20:30,0
2023/3/25 20:45,0
2023/3/25 21:00,0
2023/3/25 21:15,0
2023/3/25 21:30,0
2023/3/25 21:45,0
2023/3/25 22:00,0
2023/3/25 22:15,0
2023/3/25 22:30,0
2023/3/25 22:45,0
2023/3/25 23:00,0
2023/3/25 23:15,0
2023/3/25 23:30,0
2023/3/25 23:45,0
2023/3/26 0:00,0
2023/3/26 0:15,0
2023/3/26 0:30,0
2023/3/26 0:45,0
2023/3/26 1:00,0
2023/3/26 1:15,0
2023/3/26 1:30,0
2023/3/26 1:45,0
2023/3/26 2:00,0
2023/3/26 2:15,0
2023/3/26 2:30,0
2023/3/26 2:45,0
2023/3/26 3:00,0
2023/3/26 3:15,0
2023/3/26 3:30,0
2023/3/26 3:45,0
2023/3/26 4:00,0
2023/3/26 4:15,0
2023/3/26 4:30,0
2023/3/26 4:45,0
2023/3/26 5:00,0
2023/3/26 5:15,0
2023/3/26 5:30,0
2023/3/26 5:45,0
2023/3/26 6:00,0
2023/3/26 6:15,0
2023/3/26 6:30,0
2023/3/26 6:45,0
2023/3/26 7:00,0
2023/3/26 7:15,0
2023/3/26 7:30,0
2023/3/26 7:45,0
2023/3/26 8:00,0
2023/3/26 8:15,0.019790267
2023/3/26 8:30,0.028750214
2023/3/26 8:45,0.045354841
2023/3/26 9:00,0.055246736
2023/3/26 9:15,0.061471392
2023/3/26 9:30,0.065065623
2023/3/26 9:45,0.08602205
2023/3/26 10:00,0.103557163
2023/3/26 10:15,0.131802717
2023/3/26 10:30,0.154732537
2023/3/26 10:45,0.208364383
2023/3/26 11:00,0.224844998
2023/3/26 11:15,0.254679218
2023/3/26 11:30,0.277752513
2023/3/26 11:45,0.318304701
2023/3/26 12:00,0.293066519
2023/3/26 12:15,0.315891549
2023/3/26 12:30,0.393549194
2023/3/26 12:45,0.405115822
2023/3/26 13:00,0.470492913
2023/3/26 13:15,0.457531337
2023/3/26 13:30,0.546003615
2023/3/26 13:45,0.645384002
2023/3/26 14:00,0.609698204
2023/3/26 14:15,0.610051016
2023/3/26 14:30,0.619705
2023/3/26 14:45,0.56471376
2023/3/26 15:00,0.486440888
2023/3/26 15:15,0.563062674
2023/3/26 15:30,0.554613531
2023/3/26 15:45,0.495319997
2023/3/26 16:00,0.504425776
2023/3/26 16:15,0.523709203
2023/3/26 16:30,0.380216983
2023/3/26 16:45,0.335427308
2023/3/26 17:00,0.308446642
2023/3/26 17:15,0.320333992
2023/3/26 17:30,0.256904582
2023/3/26 17:45,0.226459325
2023/3/26 18:00,0.189248243
2023/3/26 18:15,0.153827876
2023/3/26 18:30,0
2023/3/26 18:45,0
2023/3/26 19:00,0
2023/3/26 19:15,0
2023/3/26 19:30,0
2023/3/26 19:45,0
2023/3/26 20:00,0
2023/3/26 20:15,0
2023/3/26 20:30,0
2023/3/26 20:45,0
2023/3/26 21:00,0
2023/3/26 21:15,0
2023/3/26 21:30,0
2023/3/26 21:45,0
2023/3/26 22:00,0
2023/3/26 22:15,0
2023/3/26 22:30,0
2023/3/26 22:45,0
2023/3/26 23:00,0
2023/3/26 23:15,0
2023/3/26 23:30,0
2023/3/26 23:45,0
2023/3/27 0:00,0
2023/3/27 0:15,0
2023/3/27 0:30,0
2023/3/27 0:45,0
2023/3/27 1:00,0
2023/3/27 1:15,0
2023/3/27 1:30,0
2023/3/27 1:45,0
2023/3/27 2:00,0
2023/3/27 2:15,0
2023/3/27 2:30,0
2023/3/27 2:45,0
2023/3/27 3:00,0
2023/3/27 3:15,0
2023/3/27 3:30,0
2023/3/27 3:45,0
2023/3/27 4:00,0
2023/3/27 4:15,0
2023/3/27 4:30,0
2023/3/27 4:45,0
2023/3/27 5:00,0
2023/3/27 5:15,0
2023/3/27 5:30,0
2023/3/27 5:45,0
2023/3/27 6:00,0
2023/3/27 6:15,0
2023/3/27 6:30,0
2023/3/27 6:45,0
2023/3/27 7:00,0
2023/3/27 7:15,0
2023/3/27 7:30,0
2023/3/27 7:45,0
2023/3/27 8:00,0
2023/3/27 8:15,0.019202945
2023/3/27 8:30,0.027171936
2023/3/27 8:45,0.04252749
2023/3/27 9:00,0.052048447
2023/3/27 9:15,0.057189033
2023/3/27 9:30,0.059467804
2023/3/27 9:45,0.082546058
2023/3/27 10:00,0.099537254
2023/3/27 10:15,0.12421793
2023/3/27 10:30,0.154514464
2023/3/27 10:45,0.203678094
2023/3/27 11:00,0.206902678
2023/3/27 11:15,0.236405973
2023/3/27 11:30,0.270708597
2023/3/27 11:45,0.309745374
2023/3/27 12:00,0.262564574
2023/3/27 12:15,0.278077481
2023/3/27 12:30,0.382305142
2023/3/27 12:45,0.383630863
2023/3/27 13:00,0.416232271
2023/3/27 13:15,0.414028808
2023/3/27 13:30,0.491312446
2023/3/27 13:45,0.575838318
2023/3/27 14:00,0.566328344
2023/3/27 14:15,0.581878678
2023/3/27 14:30,0.591023024
2023/3/27 14:45,0.526165603
2023/3/27 15:00,0.416385186
2023/3/27 15:15,0.51380738
2023/3/27 15:30,0.539383332
2023/3/27 15:45,0.465995319
2023/3/27 16:00,0.431949374
2023/3/27 16:15,0.468207314
2023/3/27 16:30,0.356428889
2023/3/27 16:45,0.300311306
2023/3/27 17:00,0.293423942
2023/3/27 17:15,0.305108044
2023/3/27 17:30,0.240125531
2023/3/27 17:45,0.213793394
2023/3/27 18:00,0.171463909
2023/3/27 18:15,0.142957255
2023/3/27 18:30,0
2023/3/27 18:45,0
2023/3/27 19:00,0
2023/3/27 19:15,0
2023/3/27 19:30,0
2023/3/27 19:45,0
2023/3/27 20:00,0
2023/3/27 20:15,0
2023/3/27 20:30,0
2023/3/27 20:45,0
2023/3/27 21:00,0
2023/3/27 21:15,0
2023/3/27 21:30,0
2023/3/27 21:45,0
2023/3/27 22:00,0
2023/3/27 22:15,0
2023/3/27 22:30,0
2023/3/27 22:45,0
2023/3/27 23:00,0
2023/3/27 23:15,0
2023/3/27 23:30,0
2023/3/27 23:45,0
2023/3/28 0:00,0
2023/3/28 0:15,0
2023/3/28 0:30,0
2023/3/28 0:45,0
2023/3/28 1:00,0
2023/3/28 1:15,0
2023/3/28 1:30,0
2023/3/28 1:45,0
2023/3/28 2:00,0
2023/3/28 2:15,0
2023/3/28 2:30,0
2023/3/28 2:45,0
2023/3/28 3:00,0
2023/3/28 3:15,0
2023/3/28 3:30,0
2023/3/28 3:45,0
2023/3/28 4:00,0
2023/3/28 4:15,0
2023/3/28 4:30,0
2023/3/28 4:45,0
2023/3/28 5:00,0
2023/3/28 5:15,0
2023/3/28 5:30,0
2023/3/28 5:45,0
2023/3/28 6:00,0
2023/3/28 6:15,0
2023/3/28 6:30,0
2023/3/28 6:45,0
2023/3/28 7:00,0
2023/3/28 7:15,0
2023/3/28 7:30,0
2023/3/28 7:45,0
2023/3/28 8:00,0
2023/3/28 8:15,0.021307548
2023/3/28 8:30,0.031083431
2023/3/28 8:45,0.045819076
2023/3/28 9:00,0.056082333
2023/3/28 9:15,0.065357962
2023/3/28 9:30,0.06986083
2023/3/28 9:45,0.094547766
2023/3/28 10:00,0.109294244
2023/3/28 10:15,0.129032614
2023/3/28 10:30,0.161669504
2023/3/28 10:45,0.228107086
2023/3/28 11:00,0.237769495
2023/3/28 11:15,0.261340814
2023/3/28 11:30,0.287103849
2023/3/28 11:45,0.32946498
2023/3/28 12:00,0.309578977
2023/3/28 12:15,0.329241494
2023/3/28 12:30,0.419190104
2023/3/28 12:45,0.436925854
2023/3/28 13:00,0.48720857
2023/3/28 13:15,0.477770866
2023/3/28 13:30,0.572883057
2023/3/28 13:45,0.650116
2023/3/28 14:00,0.620821289
2023/3/28 14:15,0.635491851
2023/3/28 14:30,0.653558459
2023/3/28 14:45,0.580076236
2023/3/28 15:00,0.485957063
2023/3/28 15:15,0.586793858
2023/3/28 15:30,0.585675905
2023/3/28 15:45,0.514395808
2023/3/28 16:00,0.500400318
2023/3/28 16:15,0.533315216
2023/3/28 16:30,0.405489114
2023/3/28 16:45,0.354644935
2023/3/28 17:00,0.328298526
2023/3/28 17:15,0.332581469
2023/3/28 17:30,0.261005872
2023/3/28 17:45,0.231563913
2023/3/28 18:00,0.195930683
2023/3/28 18:15,0.160696269
2023/3/28 18:30,0
2023/3/28 18:45,0
2023/3/28 19:00,0
2023/3/28 19:15,0
2023/3/28 19:30,0
2023/3/28 19:45,0
2023/3/28 20:00,0
2023/3/28 20:15,0
2023/3/28 20:30,0
2023/3/28 20:45,0
2023/3/28 21:00,0
2023/3/28 21:15,0
2023/3/28 21:30,0
2023/3/28 21:45,0
2023/3/28 22:00,0
2023/3/28 22:15,0
2023/3/28 22:30,0
2023/3/28 22:45,0
2023/3/28 23:00,0
2023/3/28 23:15,0
2023/3/28 23:30,0
2023/3/28 23:45,0
2023/3/29 0:00,0
2023/3/29 0:15,0
2023/3/29 0:30,0
2023/3/29 0:45,0
2023/3/29 1:00,0
2023/3/29 1:15,0
2023/3/29 1:30,0
2023/3/29 1:45,0
2023/3/29 2:00,0
2023/3/29 2:15,0
2023/3/29 2:30,0
2023/3/29 2:45,0
2023/3/29 3:00,0
2023/3/29 3:15,0
2023/3/29 3:30,0
2023/3/29 3:45,0
2023/3/29 4:00,0
2023/3/29 4:15,0
2023/3/29 4:30,0
2023/3/29 4:45,0
2023/3/29 5:00,0
2023/3/29 5:15,0
2023/3/29 5:30,0
2023/3/29 5:45,0
2023/3/29 6:00,0
2023/3/29 6:15,0
2023/3/29 6:30,0
2023/3/29 6:45,0
2023/3/29 7:00,0
2023/3/29 7:15,0
2023/3/29 7:30,0
2023/3/29 7:45,0
2023/3/29 8:00,0
2023/3/29 8:15,0.020225124
2023/3/29 8:30,0.02738839
2023/3/29 8:45,0.042494545
2023/3/29 9:00,0.054204076
2023/3/29 9:15,0.059317637
2023/3/29 9:30,0.062818264
2023/3/29 9:45,0.087001309
2023/3/29 10:00,0.10084684
2023/3/29 10:15,0.1305091
2023/3/29 10:30,0.165755051
2023/3/29 10:45,0.209186567
2023/3/29 11:00,0.223164284
2023/3/29 11:15,0.265421248
2023/3/29 11:30,0.274820522
2023/3/29 11:45,0.292538863
2023/3/29 12:00,0.259866579
2023/3/29 12:15,0.277100685
2023/3/29 12:30,0.362529766
2023/3/29 12:45,0.37918109
2023/3/29 13:00,0.443501074
2023/3/29 13:15,0.444279665
2023/3/29 13:30,0.508978545
2023/3/29 13:45,0.56863539
2023/3/29 14:00,0.54523314
2023/3/29 14:15,0.601160353
2023/3/29 14:30,0.632797246
2023/3/29 14:45,0.539189831
2023/3/29 15:00,0.456605818
2023/3/29 15:15,0.56970898
2023/3/29 15:30,0.542221955
2023/3/29 15:45,0.455115004
2023/3/29 16:00,0.465046114
2023/3/29 16:15,0.489343189
2023/3/29 16:30,0.350864733
2023/3/29 16:45,0.305338007
2023/3/29 17:00,0.29305652
2023/3/29 17:15,0.300544052
2023/3/29 17:30,0.243700614
2023/3/29 17:45,0.220916849
2023/3/29 18:00,0.185048068
2023/3/29 18:15,0.153840075
2023/3/29 18:30,0
2023/3/29 18:45,0
2023/3/29 19:00,0
2023/3/29 19:15,0
2023/3/29 19:30,0
2023/3/29 19:45,0
2023/3/29 20:00,0
2023/3/29 20:15,0
2023/3/29 20:30,0
2023/3/29 20:45,0
2023/3/29 21:00,0
2023/3/29 21:15,0
2023/3/29 21:30,0
2023/3/29 21:45,0
2023/3/29 22:00,0
2023/3/29 22:15,0
2023/3/29 22:30,0
2023/3/29 22:45,0
2023/3/29 23:00,0
2023/3/29 23:15,0
2023/3/29 23:30,0
2023/3/29 23:45,0
2023/3/30 0:00,0
2023/3/30 0:15,0
2023/3/30 0:30,0
2023/3/30 0:45,0
2023/3/30 1:00,0
2023/3/30 1:15,0
2023/3/30 1:30,0
2023/3/30 1:45,0
2023/3/30 2:00,0
2023/3/30 2:15,0
2023/3/30 2:30,0
2023/3/30 2:45,0
2023/3/30 3:00,0
2023/3/30 3:15,0
2023/3/30 3:30,0
2023/3/30 3:45,0
2023/3/30 4:00,0
2023/3/30 4:15,0
2023/3/30 4:30,0
2023/3/30 4:45,0
2023/3/30 5:00,0
2023/3/30 5:15,0
2023/3/30 5:30,0
2023/3/30 5:45,0
2023/3/30 6:00,0
2023/3/30 6:15,0
2023/3/30 6:30,0
2023/3/30 6:45,0
2023/3/30 7:00,0
2023/3/30 7:15,0
2023/3/30 7:30,0
2023/3/30 7:45,0
2023/3/30 8:00,0
2023/3/30 8:15,0.002039268
2023/3/30 8:30,0.002935571
2023/3/30 8:45,0.004529124
2023/3/30 9:00,0.005559579
2023/3/30 9:15,0.006203483
2023/3/30 9:30,0.006656762
2023/3/30 9:45,0.009071934
2023/3/30 10:00,0.010655146
2023/3/30 10:15,0.013133943
2023/3/30 10:30,0.015571244
2023/3/30 10:45,0.021390992
2023/3/30 11:00,0.022859167
2023/3/30 11:15,0.025819009
2023/3/30 11:30,0.028431638
2023/3/30 11:45,0.032289422
2023/3/30 12:00,0.029132102
2023/3/30 12:15,0.030355492
2023/3/30 12:30,0.038853675
2023/3/30 12:45,0.040665776
2023/3/30 13:00,0.047861337
2023/3/30 13:15,0.047118371
2023/3/30 13:30,0.055406248
2023/3/30 13:45,0.064077139
2023/3/30 14:00,0.062379462
2023/3/30 14:15,0.063507589
2023/3/30 14:30,0.062803087
2023/3/30 14:45,0.056515171
2023/3/30 15:00,0.048020796
2023/3/30 15:15,0.057637083
2023/3/30 15:30,0.057912855
2023/3/30 15:45,0.049915882
2023/3/30 16:00,0.049272232
2023/3/30 16:15,0.052614411
2023/3/30 16:30,0.038746483
2023/3/30 16:45,0.03347722
2023/3/30 17:00,0.03125284
2023/3/30 17:15,0.032744331
2023/3/30 17:30,0.026350254
2023/3/30 17:45,0.023181077
2023/3/30 18:00,0.018848863
2023/3/30 18:15,0.015345248
2023/3/30 18:30,0
2023/3/30 18:45,0
2023/3/30 19:00,0
2023/3/30 19:15,0
2023/3/30 19:30,0
2023/3/30 19:45,0
2023/3/30 20:00,0
2023/3/30 20:15,0
2023/3/30 20:30,0
2023/3/30 20:45,0
2023/3/30 21:00,0
2023/3/30 21:15,0
2023/3/30 21:30,0
2023/3/30 21:45,0
2023/3/30 22:00,0
2023/3/30 22:15,0
2023/3/30 22:30,0
2023/3/30 22:45,0
2023/3/30 23:00,0
2023/3/30 23:15,0
2023/3/30 23:30,0
2023/3/30 23:45,0
2023/3/31 0:00,0
2023/3/31 0:15,0
2023/3/31 0:30,0
2023/3/31 0:45,0
2023/3/31 1:00,0
2023/3/31 1:15,0
2023/3/31 1:30,0
2023/3/31 1:45,0
2023/3/31 2:00,0
2023/3/31 2:15,0
2023/3/31 2:30,0
2023/3/31 2:45,0
2023/3/31 3:00,0
2023/3/31 3:15,0
2023/3/31 3:30,0
2023/3/31 3:45,0
2023/3/31 4:00,0
2023/3/31 4:15,0
2023/3/31 4:30,0
2023/3/31 4:45,0
2023/3/31 5:00,0
2023/3/31 5:15,0
2023/3/31 5:30,0
2023/3/31 5:45,0
2023/3/31 6:00,0
2023/3/31 6:15,0
2023/3/31 6:30,0
2023/3/31 6:45,0
2023/3/31 7:00,0
2023/3/31 7:15,0
2023/3/31 7:30,0
2023/3/31 7:45,0
2023/3/31 8:00,0
2023/3/31 8:15,0.019936461
2023/3/31 8:30,0.02843533
2023/3/31 8:45,0.044058639
2023/3/31 9:00,0.055324496
2023/3/31 9:15,0.062402706
2023/3/31 9:30,0.066843847
2023/3/31 9:45,0.087909353
2023/3/31 10:00,0.101645254
2023/3/31 10:15,0.123482858
2023/3/31 10:30,0.147681443
2023/3/31 10:45,0.206714309
2023/3/31 11:00,0.220839533
2023/3/31 11:15,0.252087587
2023/3/31 11:30,0.276296053
2023/3/31 11:45,0.308177717
2023/3/31 12:00,0.286532599
2023/3/31 12:15,0.302029442
2023/3/31 12:30,0.37622362
2023/3/31 12:45,0.394008899
2023/3/31 13:00,0.457702778
2023/3/31 13:15,0.443967636
2023/3/31 13:30,0.533973479
2023/3/31 13:45,0.6376454
2023/3/31 14:00,0.614677043
2023/3/31 14:15,0.615100524
2023/3/31 14:30,0.597923626
2023/3/31 14:45,0.551931329
2023/3/31 15:00,0.4786594
2023/3/31 15:15,0.563412494
2023/3/31 15:30,0.561382547
2023/3/31 15:45,0.478236077
2023/3/31 16:00,0.480892026
2023/3/31 16:15,0.527136868
2023/3/31 16:30,0.38803543
2023/3/31 16:45,0.329907983
2023/3/31 17:00,0.300214295
2023/3/31 17:15,0.321992277
2023/3/31 17:30,0.25671136
2023/3/31 17:45,0.222265357
2023/3/31 18:00,0.184178265
2023/3/31 18:15,0.149078825
2023/3/31 18:30,0
2023/3/31 18:45,0
2023/3/31 19:00,0
2023/3/31 19:15,0
2023/3/31 19:30,0
2023/3/31 19:45,0
2023/3/31 20:00,0
2023/3/31 20:15,0
2023/3/31 20:30,0
2023/3/31 20:45,0
2023/3/31 21:00,0
2023/3/31 21:15,0
2023/3/31 21:30,0
2023/3/31 21:45,0
2023/3/31 22:00,0
2023/3/31 22:15,0
2023/3/31 22:30,0
2023/3/31 22:45,0
2023/3/31 23:00,0
2023/3/31 23:15,0
2023/3/31 23:30,0
2023/3/31 23:45,0
2023/4/1 0:00,0
2023/4/1 0:15,0
2023/4/1 0:30,0
2023/4/1 0:45,0
2023/4/1 1:00,0
2023/4/1 1:15,0
2023/4/1 1:30,0
2023/4/1 1:45,0
2023/4/1 2:00,0
2023/4/1 2:15,0
2023/4/1 2:30,0
2023/4/1 2:45,0
2023/4/1 3:00,0
2023/4/1 3:15,0
2023/4/1 3:30,0
2023/4/1 3:45,0
2023/4/1 4:00,0
2023/4/1 4:15,0
2023/4/1 4:30,0
2023/4/1 4:45,0
2023/4/1 5:00,0
2023/4/1 5:15,0
2023/4/1 5:30,0
2023/4/1 5:45,0
2023/4/1 6:00,0
2023/4/1 6:15,0
2023/4/1 6:30,0
2023/4/1 6:45,0
2023/4/1 7:00,0
2023/4/1 7:15,0
2023/4/1 7:30,0
2023/4/1 7:45,0
2023/4/1 8:00,0
2023/4/1 8:15,0
2023/4/1 8:30,0
2023/4/1 8:45,0.014308712
2023/4/1 9:00,0.022488628
2023/4/1 9:15,0.033521519
2023/4/1 9:30,0.062212534
2023/4/1 9:45,0.107817284
2023/4/1 10:00,0.123341509
2023/4/1 10:15,0.14632012
2023/4/1 10:30,0.174459779
2023/4/1 10:45,0.205180804
2023/4/1 11:00,0.210218513
2023/4/1 11:15,0.209848504
2023/4/1 11:30,0.306021076
2023/4/1 11:45,0.384478471
2023/4/1 12:00,0.437544775
2023/4/1 12:15,0.468661364
2023/4/1 12:30,0.483301002
2023/4/1 12:45,0.545210048
2023/4/1 13:00,0.564356549
2023/4/1 13:15,0.572828903
2023/4/1 13:30,0.535066801
2023/4/1 13:45,0.614947092
2023/4/1 14:00,0.611080335
2023/4/1 14:15,0.540367885
2023/4/1 14:30,0.481688992
2023/4/1 14:45,0.474567744
2023/4/1 15:00,0.47213097
2023/4/1 15:15,0.441041187
2023/4/1 15:30,0.417260381
2023/4/1 15:45,0.325581883
2023/4/1 16:00,0.279193696
2023/4/1 16:15,0.231404231
2023/4/1 16:30,0.215194203
2023/4/1 16:45,0.173763781
2023/4/1 17:00,0.172150669
2023/4/1 17:15,0.140646963
2023/4/1 17:30,0.129293453
2023/4/1 17:45,0
2023/4/1 18:00,0
2023/4/1 18:15,0
2023/4/1 18:30,0
2023/4/1 18:45,0
2023/4/1 19:00,0
2023/4/1 19:15,0
2023/4/1 19:30,0
2023/4/1 19:45,0
2023/4/1 20:00,0
2023/4/1 20:15,0
2023/4/1 20:30,0
2023/4/1 20:45,0
2023/4/1 21:00,0
2023/4/1 21:15,0
2023/4/1 21:30,0
2023/4/1 21:45,0
2023/4/1 22:00,0
2023/4/1 22:15,0
2023/4/1 22:30,0
2023/4/1 22:45,0
2023/4/1 23:00,0
2023/4/1 23:15,0
2023/4/1 23:30,0
2023/4/1 23:45,0
2023/4/2 0:00,0
2023/4/2 0:15,0
2023/4/2 0:30,0
2023/4/2 0:45,0
2023/4/2 1:00,0
2023/4/2 1:15,0
2023/4/2 1:30,0
2023/4/2 1:45,0
2023/4/2 2:00,0
2023/4/2 2:15,0
2023/4/2 2:30,0
2023/4/2 2:45,0
2023/4/2 3:00,0
2023/4/2 3:15,0
2023/4/2 3:30,0
2023/4/2 3:45,0
2023/4/2 4:00,0
2023/4/2 4:15,0
2023/4/2 4:30,0
2023/4/2 4:45,0
2023/4/2 5:00,0
2023/4/2 5:15,0
2023/4/2 5:30,0
2023/4/2 5:45,0
2023/4/2 6:00,0
2023/4/2 6:15,0
2023/4/2 6:30,0
2023/4/2 6:45,0
2023/4/2 7:00,0
2023/4/2 7:15,0
2023/4/2 7:30,0
2023/4/2 7:45,0
2023/4/2 8:00,0
2023/4/2 8:15,0
2023/4/2 8:30,0
2023/4/2 8:45,0.015694724
2023/4/2 9:00,0.02440887
2023/4/2 9:15,0.036890578
2023/4/2 9:30,0.069125236
2023/4/2 9:45,0.117886867
2023/4/2 10:00,0.133816014
2023/4/2 10:15,0.166438924
2023/4/2 10:30,0.198183064
2023/4/2 10:45,0.224519779
2023/4/2 11:00,0.232468404
2023/4/2 11:15,0.241751473
2023/4/2 11:30,0.35347381
2023/4/2 11:45,0.430680526
2023/4/2 12:00,0.498620969
2023/4/2 12:15,0.531500143
2023/4/2 12:30,0.545306717
2023/4/2 12:45,0.621048718
2023/4/2 13:00,0.624934818
2023/4/2 13:15,0.630191298
2023/4/2 13:30,0.600281191
2023/4/2 13:45,0.696372109
2023/4/2 14:00,0.707754423
2023/4/2 14:15,0.621323846
2023/4/2 14:30,0.540405215
2023/4/2 14:45,0.528240333
2023/4/2 15:00,0.533888224
2023/4/2 15:15,0.499920947
2023/4/2 15:30,0.48131062
2023/4/2 15:45,0.36501836
2023/4/2 16:00,0.301421877
2023/4/2 16:15,0.257860492
2023/4/2 16:30,0.234322097
2023/4/2 16:45,0.193820718
2023/4/2 17:00,0.201236946
2023/4/2 17:15,0.161376635
2023/4/2 17:30,0.149457314
2023/4/2 17:45,0
2023/4/2 18:00,0
2023/4/2 18:15,0
2023/4/2 18:30,0
2023/4/2 18:45,0
2023/4/2 19:00,0
2023/4/2 19:15,0
2023/4/2 19:30,0
2023/4/2 19:45,0
2023/4/2 20:00,0
2023/4/2 20:15,0
2023/4/2 20:30,0
2023/4/2 20:45,0
2023/4/2 21:00,0
2023/4/2 21:15,0
2023/4/2 21:30,0
2023/4/2 21:45,0
2023/4/2 22:00,0
2023/4/2 22:15,0
2023/4/2 22:30,0
2023/4/2 22:45,0
2023/4/2 23:00,0
2023/4/2 23:15,0
2023/4/2 23:30,0
2023/4/2 23:45,0
2023/4/3 0:00,0
2023/4/3 0:15,0
2023/4/3 0:30,0
2023/4/3 0:45,0
2023/4/3 1:00,0
2023/4/3 1:15,0
2023/4/3 1:30,0
2023/4/3 1:45,0
2023/4/3 2:00,0
2023/4/3 2:15,0
2023/4/3 2:30,0
2023/4/3 2:45,0
2023/4/3 3:00,0
2023/4/3 3:15,0
2023/4/3 3:30,0
2023/4/3 3:45,0
2023/4/3 4:00,0
2023/4/3 4:15,0
2023/4/3 4:30,0
2023/4/3 4:45,0
2023/4/3 5:00,0
2023/4/3 5:15,0
2023/4/3 5:30,0
2023/4/3 5:45,0
2023/4/3 6:00,0
2023/4/3 6:15,0
2023/4/3 6:30,0
2023/4/3 6:45,0
2023/4/3 7:00,0
2023/4/3 7:15,0
2023/4/3 7:30,0
2023/4/3 7:45,0
2023/4/3 8:00,0
2023/4/3 8:15,0
2023/4/3 8:30,0
2023/4/3 8:45,0.016414574
2023/4/3 9:00,0.025656394
2023/4/3 9:15,0.037586442
2023/4/3 9:30,0.067980543
2023/4/3 9:45,0.118351577
2023/4/3 10:00,0.137233899
2023/4/3 10:15,0.164818626
2023/4/3 10:30,0.202659375
2023/4/3 10:45,0.225776831
2023/4/3 11:00,0.23579517
2023/4/3 11:15,0.254807491
2023/4/3 11:30,0.366625512
2023/4/3 11:45,0.441404972
2023/4/3 12:00,0.494897838
2023/4/3 12:15,0.533760575
2023/4/3 12:30,0.561338776
2023/4/3 12:45,0.60458325
2023/4/3 13:00,0.599605778
2023/4/3 13:15,0.619380617
2023/4/3 13:30,0.601885461
2023/4/3 13:45,0.710587391
2023/4/3 14:00,0.726201177
2023/4/3 14:15,0.635835768
2023/4/3 14:30,0.550538036
2023/4/3 14:45,0.544026804
2023/4/3 15:00,0.549620161
2023/4/3 15:15,0.509994871
2023/4/3 15:30,0.482920138
2023/4/3 15:45,0.370293224
2023/4/3 16:00,0.309784977
2023/4/3 16:15,0.26991197
2023/4/3 16:30,0.252981371
2023/4/3 16:45,0.202757968
2023/4/3 17:00,0.195783744
2023/4/3 17:15,0.159920682
2023/4/3 17:30,0.153973047
2023/4/3 17:45,0
2023/4/3 18:00,0
2023/4/3 18:15,0
2023/4/3 18:30,0
2023/4/3 18:45,0
2023/4/3 19:00,0
2023/4/3 19:15,0
2023/4/3 19:30,0
2023/4/3 19:45,0
2023/4/3 20:00,0
2023/4/3 20:15,0
2023/4/3 20:30,0
2023/4/3 20:45,0
2023/4/3 21:00,0
2023/4/3 21:15,0
2023/4/3 21:30,0
2023/4/3 21:45,0
2023/4/3 22:00,0
2023/4/3 22:15,0
2023/4/3 22:30,0
2023/4/3 22:45,0
2023/4/3 23:00,0
2023/4/3 23:15,0
2023/4/3 23:30,0
2023/4/3 23:45,0
2023/4/4 0:00,0
2023/4/4 0:15,0
2023/4/4 0:30,0
2023/4/4 0:45,0
2023/4/4 1:00,0
2023/4/4 1:15,0
2023/4/4 1:30,0
2023/4/4 1:45,0
2023/4/4 2:00,0
2023/4/4 2:15,0
2023/4/4 2:30,0
2023/4/4 2:45,0
2023/4/4 3:00,0
2023/4/4 3:15,0
2023/4/4 3:30,0
2023/4/4 3:45,0
2023/4/4 4:00,0
2023/4/4 4:15,0
2023/4/4 4:30,0
2023/4/4 4:45,0
2023/4/4 5:00,0
2023/4/4 5:15,0
2023/4/4 5:30,0
2023/4/4 5:45,0
2023/4/4 6:00,0
2023/4/4 6:15,0
2023/4/4 6:30,0
2023/4/4 6:45,0
2023/4/4 7:00,0
2023/4/4 7:15,0
2023/4/4 7:30,0
2023/4/4 7:45,0
2023/4/4 8:00,0
2023/4/4 8:15,0
2023/4/4 8:30,0
2023/4/4 8:45,0.011948567
2023/4/4 9:00,0.018361835
2023/4/4 9:15,0.027545958
2023/4/4 9:30,0.051903157
2023/4/4 9:45,0.088976587
2023/4/4 10:00,0.099775509
2023/4/4 10:15,0.123643916
2023/4/4 10:30,0.149779108
2023/4/4 10:45,0.167644255
2023/4/4 11:00,0.168194394
2023/4/4 11:15,0.17530536
2023/4/4 11:30,0.25710594
2023/4/4 11:45,0.315504764
2023/4/4 12:00,0.364585018
2023/4/4 12:15,0.396991229
2023/4/4 12:30,0.418052348
2023/4/4 12:45,0.46938213
2023/4/4 13:00,0.473514636
2023/4/4 13:15,0.477162541
2023/4/4 13:30,0.449043154
2023/4/4 13:45,0.530153345
2023/4/4 14:00,0.531300154
2023/4/4 14:15,0.452794127
2023/4/4 14:30,0.408599759
2023/4/4 14:45,0.410521465
2023/4/4 15:00,0.407680655
2023/4/4 15:15,0.381624789
2023/4/4 15:30,0.375203815
2023/4/4 15:45,0.291783101
2023/4/4 16:00,0.237017955
2023/4/4 16:15,0.196607062
2023/4/4 16:30,0.18386844
2023/4/4 16:45,0.149508891
2023/4/4 17:00,0.15147672
2023/4/4 17:15,0.124700886
2023/4/4 17:30,0.11300958
2023/4/4 17:45,0
2023/4/4 18:00,0
2023/4/4 18:15,0
2023/4/4 18:30,0
2023/4/4 18:45,0
2023/4/4 19:00,0
2023/4/4 19:15,0
2023/4/4 19:30,0
2023/4/4 19:45,0
2023/4/4 20:00,0
2023/4/4 20:15,0
2023/4/4 20:30,0
2023/4/4 20:45,0
2023/4/4 21:00,0
2023/4/4 21:15,0
2023/4/4 21:30,0
2023/4/4 21:45,0
2023/4/4 22:00,0
2023/4/4 22:15,0
2023/4/4 22:30,0
2023/4/4 22:45,0
2023/4/4 23:00,0
2023/4/4 23:15,0
2023/4/4 23:30,0
2023/4/4 23:45,0
2023/4/5 0:00,0
2023/4/5 0:15,0
2023/4/5 0:30,0
2023/4/5 0:45,0
2023/4/5 1:00,0
2023/4/5 1:15,0
2023/4/5 1:30,0
2023/4/5 1:45,0
2023/4/5 2:00,0
2023/4/5 2:15,0
2023/4/5 2:30,0
2023/4/5 2:45,0
2023/4/5 3:00,0
2023/4/5 3:15,0
2023/4/5 3:30,0
2023/4/5 3:45,0
2023/4/5 4:00,0
2023/4/5 4:15,0
2023/4/5 4:30,0
2023/4/5 4:45,0
2023/4/5 5:00,0
2023/4/5 5:15,0
2023/4/5 5:30,0
2023/4/5 5:45,0
2023/4/5 6:00,0
2023/4/5 6:15,0
2023/4/5 6:30,0
2023/4/5 6:45,0
2023/4/5 7:00,0
2023/4/5 7:15,0
2023/4/5 7:30,0
2023/4/5 7:45,0
2023/4/5 8:00,0
2023/4/5 8:15,0
2023/4/5 8:30,0
2023/4/5 8:45,0.01517756
2023/4/5 9:00,0.023429911
2023/4/5 9:15,0.034944932
2023/4/5 9:30,0.063913435
2023/4/5 9:45,0.109318226
2023/4/5 10:00,0.130380387
2023/4/5 10:15,0.161207119
2023/4/5 10:30,0.191318743
2023/4/5 10:45,0.216295479
2023/4/5 11:00,0.218892214
2023/4/5 11:15,0.228743316
2023/4/5 11:30,0.337545806
2023/4/5 11:45,0.41878614
2023/4/5 12:00,0.485619247
2023/4/5 12:15,0.523335659
2023/4/5 12:30,0.541408972
2023/4/5 12:45,0.585765051
2023/4/5 13:00,0.598801497
2023/4/5 13:15,0.603535895
2023/4/5 13:30,0.554091874
2023/4/5 13:45,0.671316004
2023/4/5 14:00,0.712521108
2023/4/5 14:15,0.614088178
2023/4/5 14:30,0.533607357
2023/4/5 14:45,0.524912687
2023/4/5 15:00,0.503835866
2023/4/5 15:15,0.488030852
2023/4/5 15:30,0.482705271
2023/4/5 15:45,0.36904631
2023/4/5 16:00,0.298799329
2023/4/5 16:15,0.249195341
2023/4/5 16:30,0.241264174
2023/4/5 16:45,0.198165994
2023/4/5 17:00,0.197233756
2023/4/5 17:15,0.161221274
2023/4/5 17:30,0.139491041
2023/4/5 17:45,0
2023/4/5 18:00,0
2023/4/5 18:15,0
2023/4/5 18:30,0
2023/4/5 18:45,0
2023/4/5 19:00,0
2023/4/5 19:15,0
2023/4/5 19:30,0
2023/4/5 19:45,0
2023/4/5 20:00,0
2023/4/5 20:15,0
2023/4/5 20:30,0
2023/4/5 20:45,0
2023/4/5 21:00,0
2023/4/5 21:15,0
2023/4/5 21:30,0
2023/4/5 21:45,0
2023/4/5 22:00,0
2023/4/5 22:15,0
2023/4/5 22:30,0
2023/4/5 22:45,0
2023/4/5 23:00,0
2023/4/5 23:15,0
2023/4/5 23:30,0
2023/4/5 23:45,0
2023/4/6 0:00,0
2023/4/6 0:15,0
2023/4/6 0:30,0
2023/4/6 0:45,0
2023/4/6 1:00,0
2023/4/6 1:15,0
2023/4/6 1:30,0
2023/4/6 1:45,0
2023/4/6 2:00,0
2023/4/6 2:15,0
2023/4/6 2:30,0
2023/4/6 2:45,0
2023/4/6 3:00,0
2023/4/6 3:15,0
2023/4/6 3:30,0
2023/4/6 3:45,0
2023/4/6 4:00,0
2023/4/6 4:15,0
2023/4/6 4:30,0
2023/4/6 4:45,0
2023/4/6 5:00,0
2023/4/6 5:15,0
2023/4/6 5:30,0
2023/4/6 5:45,0
2023/4/6 6:00,0
2023/4/6 6:15,0
2023/4/6 6:30,0
2023/4/6 6:45,0
2023/4/6 7:00,0
2023/4/6 7:15,0
2023/4/6 7:30,0
2023/4/6 7:45,0
2023/4/6 8:00,0
2023/4/6 8:15,0
2023/4/6 8:30,0
2023/4/6 8:45,0.001510287
2023/4/6 9:00,0.002388145
2023/4/6 9:15,0.003564807
2023/4/6 9:30,0.006487769
2023/4/6 9:45,0.011263838
2023/4/6 10:00,0.013000915
2023/4/6 10:15,0.015752673
2023/4/6 10:30,0.018887657
2023/4/6 10:45,0.021310232
2023/4/6 11:00,0.022047363
2023/4/6 11:15,0.023027503
2023/4/6 11:30,0.032826746
2023/4/6 11:45,0.040640405
2023/4/6 12:00,0.047235354
2023/4/6 12:15,0.05077282
2023/4/6 12:30,0.052286517
2023/4/6 12:45,0.057719492
2023/4/6 13:00,0.058471893
2023/4/6 13:15,0.059338333
2023/4/6 13:30,0.055280632
2023/4/6 13:45,0.065297269
2023/4/6 14:00,0.06725211
2023/4/6 14:15,0.057901685
2023/4/6 14:30,0.051214025
2023/4/6 14:45,0.051219969
2023/4/6 15:00,0.051061019
2023/4/6 15:15,0.048007493
2023/4/6 15:30,0.045886439
2023/4/6 15:45,0.034858275
2023/4/6 16:00,0.029107624
2023/4/6 16:15,0.024288869
2023/4/6 16:30,0.022713342
2023/4/6 16:45,0.018853643
2023/4/6 17:00,0.019015595
2023/4/6 17:15,0.015293936
2023/4/6 17:30,0.014134099
2023/4/6 17:45,0
2023/4/6 18:00,0
2023/4/6 18:15,0
2023/4/6 18:30,0
2023/4/6 18:45,0
2023/4/6 19:00,0
2023/4/6 19:15,0
2023/4/6 19:30,0
2023/4/6 19:45,0
2023/4/6 20:00,0
2023/4/6 20:15,0
2023/4/6 20:30,0
2023/4/6 20:45,0
2023/4/6 21:00,0
2023/4/6 21:15,0
2023/4/6 21:30,0
2023/4/6 21:45,0
2023/4/6 22:00,0
2023/4/6 22:15,0
2023/4/6 22:30,0
2023/4/6 22:45,0
2023/4/6 23:00,0
2023/4/6 23:15,0
2023/4/6 23:30,0
2023/4/6 23:45,0
2023/4/7 0:00,0
2023/4/7 0:15,0
2023/4/7 0:30,0
2023/4/7 0:45,0
2023/4/7 1:00,0
2023/4/7 1:15,0
2023/4/7 1:30,0
2023/4/7 1:45,0
2023/4/7 2:00,0
2023/4/7 2:15,0
2023/4/7 2:30,0
2023/4/7 2:45,0
2023/4/7 3:00,0
2023/4/7 3:15,0
2023/4/7 3:30,0
2023/4/7 3:45,0
2023/4/7 4:00,0
2023/4/7 4:15,0
2023/4/7 4:30,0
2023/4/7 4:45,0
2023/4/7 5:00,0
2023/4/7 5:15,0
2023/4/7 5:30,0
2023/4/7 5:45,0
2023/4/7 6:00,0
2023/4/7 6:15,0
2023/4/7 6:30,0
2023/4/7 6:45,0
2023/4/7 7:00,0
2023/4/7 7:15,0
2023/4/7 7:30,0
2023/4/7 7:45,0
2023/4/7 8:00,0
2023/4/7 8:15,0
2023/4/7 8:30,0
2023/4/7 8:45,0.014444639
2023/4/7 9:00,0.022774686
2023/4/7 9:15,0.034223354
2023/4/7 9:30,0.060743255
2023/4/7 9:45,0.102075232
2023/4/7 10:00,0.121290919
2023/4/7 10:15,0.143656597
2023/4/7 10:30,0.153579059
2023/4/7 10:45,0.178532759
2023/4/7 11:00,0.202114121
2023/4/7 11:15,0.214291583
2023/4/7 11:30,0.30637943
2023/4/7 11:45,0.383242743
2023/4/7 12:00,0.442364215
2023/4/7 12:15,0.471595008
2023/4/7 12:30,0.46172733
2023/4/7 12:45,0.508561184
2023/4/7 13:00,0.547581814
2023/4/7 13:15,0.560288739
2023/4/7 13:30,0.521386666
2023/4/7 13:45,0.57861342
2023/4/7 14:00,0.595081646
2023/4/7 14:15,0.522729709
2023/4/7 14:30,0.447571013
2023/4/7 14:45,0.429116683
2023/4/7 15:00,0.435063146
2023/4/7 15:15,0.449444412
2023/4/7 15:30,0.423824054
2023/4/7 15:45,0.31786674
2023/4/7 16:00,0.275430749
2023/4/7 16:15,0.228924926
2023/4/7 16:30,0.210525811
2023/4/7 16:45,0.17037985
2023/4/7 17:00,0.159908731
2023/4/7 17:15,0.135474471
2023/4/7 17:30,0.131315885
2023/4/7 17:45,0
2023/4/7 18:00,0
2023/4/7 18:15,0
2023/4/7 18:30,0
2023/4/7 18:45,0
2023/4/7 19:00,0
2023/4/7 19:15,0
2023/4/7 19:30,0
2023/4/7 19:45,0
2023/4/7 20:00,0
2023/4/7 20:15,0
2023/4/7 20:30,0
2023/4/7 20:45,0
2023/4/7 21:00,0
2023/4/7 21:15,0
2023/4/7 21:30,0
2023/4/7 21:45,0
2023/4/7 22:00,0
2023/4/7 22:15,0
2023/4/7 22:30,0
2023/4/7 22:45,0
2023/4/7 23:00,0
2023/4/7 23:15,0
2023/4/7 23:30,0
2023/4/7 23:45,0
2023/4/8 0:00,0
2023/4/8 0:15,0
2023/4/8 0:30,0
2023/4/8 0:45,0
2023/4/8 1:00,0
2023/4/8 1:15,0
2023/4/8 1:30,0
2023/4/8 1:45,0
2023/4/8 2:00,0
2023/4/8 2:15,0
2023/4/8 2:30,0
2023/4/8 2:45,0
2023/4/8 3:00,0
2023/4/8 3:15,0
2023/4/8 3:30,0
2023/4/8 3:45,0
2023/4/8 4:00,0
2023/4/8 4:15,0
2023/4/8 4:30,0
2023/4/8 4:45,0
2023/4/8 5:00,0
2023/4/8 5:15,0
2023/4/8 5:30,0
2023/4/8 5:45,0
2023/4/8 6:00,0
2023/4/8 6:15,0
2023/4/8 6:30,0
2023/4/8 6:45,0
2023/4/8 7:00,0
2023/4/8 7:15,0
2023/4/8 7:30,0
2023/4/8 7:45,0
2023/4/8 8:00,0
2023/4/8 8:15,0
2023/4/8 8:30,0
2023/4/8 8:45,0.015580499
2023/4/8 9:00,0.024039153
2023/4/8 9:15,0.035392684
2023/4/8 9:30,0.067141069
2023/4/8 9:45,0.118785927
2023/4/8 10:00,0.13359009
2023/4/8 10:15,0.162523833
2023/4/8 10:30,0.197006901
2023/4/8 10:45,0.226455203
2023/4/8 11:00,0.233268866
2023/4/8 11:15,0.240734971
2023/4/8 11:30,0.351865427
2023/4/8 11:45,0.428043728
2023/4/8 12:00,0.491988099
2023/4/8 12:15,0.532735147
2023/4/8 12:30,0.542742662
2023/4/8 12:45,0.612719893
2023/4/8 13:00,0.625188609
2023/4/8 13:15,0.625657817
2023/4/8 13:30,0.566076234
2023/4/8 13:45,0.681439246
2023/4/8 14:00,0.731893363
2023/4/8 14:15,0.618644586
2023/4/8 14:30,0.528854921
2023/4/8 14:45,0.527004362
2023/4/8 15:00,0.544636372
2023/4/8 15:15,0.518212326
2023/4/8 15:30,0.481017917
2023/4/8 15:45,0.365322772
2023/4/8 16:00,0.310572235
2023/4/8 16:15,0.254420061
2023/4/8 16:30,0.238408242
2023/4/8 16:45,0.201923853
2023/4/8 17:00,0.199431971
2023/4/8 17:15,0.157971224
2023/4/8 17:30,0.148184042
2023/4/8 17:45,0
2023/4/8 18:00,0
2023/4/8 18:15,0
2023/4/8 18:30,0
2023/4/8 18:45,0
2023/4/8 19:00,0
2023/4/8 19:15,0
2023/4/8 19:30,0
2023/4/8 19:45,0
2023/4/8 20:00,0
2023/4/8 20:15,0
2023/4/8 20:30,0
2023/4/8 20:45,0
2023/4/8 21:00,0
2023/4/8 21:15,0
2023/4/8 21:30,0
2023/4/8 21:45,0
2023/4/8 22:00,0
2023/4/8 22:15,0
2023/4/8 22:30,0
2023/4/8 22:45,0
2023/4/8 23:00,0
2023/4/8 23:15,0
2023/4/8 23:30,0
2023/4/8 23:45,0
2023/4/9 0:00,0
2023/4/9 0:15,0
2023/4/9 0:30,0
2023/4/9 0:45,0
2023/4/9 1:00,0
2023/4/9 1:15,0
2023/4/9 1:30,0
2023/4/9 1:45,0
2023/4/9 2:00,0
2023/4/9 2:15,0
2023/4/9 2:30,0
2023/4/9 2:45,0
2023/4/9 3:00,0
2023/4/9 3:15,0
2023/4/9 3:30,0
2023/4/9 3:45,0
2023/4/9 4:00,0
2023/4/9 4:15,0
2023/4/9 4:30,0
2023/4/9 4:45,0
2023/4/9 5:00,0
2023/4/9 5:15,0
2023/4/9 5:30,0
2023/4/9 5:45,0
2023/4/9 6:00,0
2023/4/9 6:15,0
2023/4/9 6:30,0
2023/4/9 6:45,0
2023/4/9 7:00,0
2023/4/9 7:15,0
2023/4/9 7:30,0
2023/4/9 7:45,0
2023/4/9 8:00,0
2023/4/9 8:15,0
2023/4/9 8:30,0
2023/4/9 8:45,0.014035004
2023/4/9 9:00,0.021593989
2023/4/9 9:15,0.033856642
2023/4/9 9:30,0.060122353
2023/4/9 9:45,0.101526366
2023/4/9 10:00,0.119136449
2023/4/9 10:15,0.144674765
2023/4/9 10:30,0.17954198
2023/4/9 10:45,0.208703734
2023/4/9 11:00,0.205305596
2023/4/9 11:15,0.217294146
2023/4/9 11:30,0.318276774
2023/4/9 11:45,0.377361918
2023/4/9 12:00,0.421044372
2023/4/9 12:15,0.45037434
2023/4/9 12:30,0.502316553
2023/4/9 12:45,0.555527548
2023/4/9 13:00,0.561034508
2023/4/9 13:15,0.56974556
2023/4/9 13:30,0.506996274
2023/4/9 13:45,0.590768201
2023/4/9 14:00,0.607156912
2023/4/9 14:15,0.516212979
2023/4/9 14:30,0.439792014
2023/4/9 14:45,0.470997679
2023/4/9 15:00,0.477963517
2023/4/9 15:15,0.438429128
2023/4/9 15:30,0.429865016
2023/4/9 15:45,0.334324259
2023/4/9 16:00,0.279860857
2023/4/9 16:15,0.230551065
2023/4/9 16:30,0.227229061
2023/4/9 16:45,0.196232815
2023/4/9 17:00,0.186103768
2023/4/9 17:15,0.143603606
2023/4/9 17:30,0.132308585
2023/4/9 17:45,0
2023/4/9 18:00,0
2023/4/9 18:15,0
2023/4/9 18:30,0
2023/4/9 18:45,0
2023/4/9 19:00,0
2023/4/9 19:15,0
2023/4/9 19:30,0
2023/4/9 19:45,0
2023/4/9 20:00,0
2023/4/9 20:15,0
2023/4/9 20:30,0
2023/4/9 20:45,0
2023/4/9 21:00,0
2023/4/9 21:15,0
2023/4/9 21:30,0
2023/4/9 21:45,0
2023/4/9 22:00,0
2023/4/9 22:15,0
2023/4/9 22:30,0
2023/4/9 22:45,0
2023/4/9 23:00,0
2023/4/9 23:15,0
2023/4/9 23:30,0
2023/4/9 23:45,0
2023/4/10 0:00,0
2023/4/10 0:15,0
2023/4/10 0:30,0
2023/4/10 0:45,0
2023/4/10 1:00,0
2023/4/10 1:15,0
2023/4/10 1:30,0
2023/4/10 1:45,0
2023/4/10 2:00,0
2023/4/10 2:15,0
2023/4/10 2:30,0
2023/4/10 2:45,0
2023/4/10 3:00,0
2023/4/10 3:15,0
2023/4/10 3:30,0
2023/4/10 3:45,0
2023/4/10 4:00,0
2023/4/10 4:15,0
2023/4/10 4:30,0
2023/4/10 4:45,0
2023/4/10 5:00,0
2023/4/10 5:15,0
2023/4/10 5:30,0
2023/4/10 5:45,0
2023/4/10 6:00,0
2023/4/10 6:15,0
2023/4/10 6:30,0
2023/4/10 6:45,0
2023/4/10 7:00,0
2023/4/10 7:15,0
2023/4/10 7:30,0
2023/4/10 7:45,0
2023/4/10 8:00,0
2023/4/10 8:15,0
2023/4/10 8:30,0
2023/4/10 8:45,0.015178807
2023/4/10 9:00,0.022968105
2023/4/10 9:15,0.033175646
2023/4/10 9:30,0.06370547
2023/4/10 9:45,0.116540656
2023/4/10 10:00,0.128877911
2023/4/10 10:15,0.161213747
2023/4/10 10:30,0.189831147
2023/4/10 10:45,0.205374495
2023/4/10 11:00,0.213960557
2023/4/10 11:15,0.230456783
2023/4/10 11:30,0.33157401
2023/4/10 11:45,0.395531355
2023/4/10 12:00,0.453507509
2023/4/10 12:15,0.475460729
2023/4/10 12:30,0.521509546
2023/4/10 12:45,0.572491674
2023/4/10 13:00,0.582040797
2023/4/10 13:15,0.595102848
2023/4/10 13:30,0.535227279
2023/4/10 13:45,0.645441615
2023/4/10 14:00,0.659894545
2023/4/10 14:15,0.555041512
2023/4/10 14:30,0.499595825
2023/4/10 14:45,0.498394539
2023/4/10 15:00,0.484748247
2023/4/10 15:15,0.447777265
2023/4/10 15:30,0.427593183
2023/4/10 15:45,0.339464987
2023/4/10 16:00,0.293469957
2023/4/10 16:15,0.244746585
2023/4/10 16:30,0.230858522
2023/4/10 16:45,0.191519957
2023/4/10 17:00,0.187902345
2023/4/10 17:15,0.146737701
2023/4/10 17:30,0.132632066
2023/4/10 17:45,0
2023/4/10 18:00,0
2023/4/10 18:15,0
2023/4/10 18:30,0
2023/4/10 18:45,0
2023/4/10 19:00,0
2023/4/10 19:15,0
2023/4/10 19:30,0
2023/4/10 19:45,0
2023/4/10 20:00,0
2023/4/10 20:15,0
2023/4/10 20:30,0
2023/4/10 20:45,0
2023/4/10 21:00,0
2023/4/10 21:15,0
2023/4/10 21:30,0
2023/4/10 21:45,0
2023/4/10 22:00,0
2023/4/10 22:15,0
2023/4/10 22:30,0
2023/4/10 22:45,0
2023/4/10 23:00,0
2023/4/10 23:15,0
2023/4/10 23:30,0
2023/4/10 23:45,0
2023/4/11 0:00,0
2023/4/11 0:15,0
2023/4/11 0:30,0
2023/4/11 0:45,0
2023/4/11 1:00,0
2023/4/11 1:15,0
2023/4/11 1:30,0
2023/4/11 1:45,0
2023/4/11 2:00,0
2023/4/11 2:15,0
2023/4/11 2:30,0
2023/4/11 2:45,0
2023/4/11 3:00,0
2023/4/11 3:15,0
2023/4/11 3:30,0
2023/4/11 3:45,0
2023/4/11 4:00,0
2023/4/11 4:15,0
2023/4/11 4:30,0
2023/4/11 4:45,0
2023/4/11 5:00,0
2023/4/11 5:15,0
2023/4/11 5:30,0
2023/4/11 5:45,0
2023/4/11 6:00,0
2023/4/11 6:15,0
2023/4/11 6:30,0
2023/4/11 6:45,0
2023/4/11 7:00,0
2023/4/11 7:15,0
2023/4/11 7:30,0
2023/4/11 7:45,0
2023/4/11 8:00,0
2023/4/11 8:15,0
2023/4/11 8:30,0
2023/4/11 8:45,0.015019385
2023/4/11 9:00,0.023390976
2023/4/11 9:15,0.032858632
2023/4/11 9:30,0.057877015
2023/4/11 9:45,0.097473851
2023/4/11 10:00,0.113460032
2023/4/11 10:15,0.15151686
2023/4/11 10:30,0.179703536
2023/4/11 10:45,0.195711533
2023/4/11 11:00,0.204690741
2023/4/11 11:15,0.219277952
2023/4/11 11:30,0.323050702
2023/4/11 11:45,0.402763701
2023/4/11 12:00,0.453931499
2023/4/11 12:15,0.477548482
2023/4/11 12:30,0.506696199
2023/4/11 12:45,0.557757708
2023/4/11 13:00,0.557849189
2023/4/11 13:15,0.5623209
2023/4/11 13:30,0.552774914
2023/4/11 13:45,0.651846776
2023/4/11 14:00,0.661118791
2023/4/11 14:15,0.552174872
2023/4/11 14:30,0.480770262
2023/4/11 14:45,0.508366312
2023/4/11 15:00,0.487924341
2023/4/11 15:15,0.423965791
2023/4/11 15:30,0.391891574
2023/4/11 15:45,0.313646013
2023/4/11 16:00,0.273312122
2023/4/11 16:15,0.242717048
2023/4/11 16:30,0.2372816
2023/4/11 16:45,0.183992442
2023/4/11 17:00,0.170875527
2023/4/11 17:15,0.142413454
2023/4/11 17:30,0.137641667
2023/4/11 17:45,0
2023/4/11 18:00,0
2023/4/11 18:15,0
2023/4/11 18:30,0
2023/4/11 18:45,0
2023/4/11 19:00,0
2023/4/11 19:15,0
2023/4/11 19:30,0
2023/4/11 19:45,0
2023/4/11 20:00,0
2023/4/11 20:15,0
2023/4/11 20:30,0
2023/4/11 20:45,0
2023/4/11 21:00,0
2023/4/11 21:15,0
2023/4/11 21:30,0
2023/4/11 21:45,0
2023/4/11 22:00,0
2023/4/11 22:15,0
2023/4/11 22:30,0
2023/4/11 22:45,0
2023/4/11 23:00,0
2023/4/11 23:15,0
2023/4/11 23:30,0
2023/4/11 23:45,0
2023/4/12 0:00,0
2023/4/12 0:15,0
2023/4/12 0:30,0
2023/4/12 0:45,0
2023/4/12 1:00,0
2023/4/12 1:15,0
2023/4/12 1:30,0
2023/4/12 1:45,0
2023/4/12 2:00,0
2023/4/12 2:15,0
2023/4/12 2:30,0
2023/4/12 2:45,0
2023/4/12 3:00,0
2023/4/12 3:15,0
2023/4/12 3:30,0
2023/4/12 3:45,0
2023/4/12 4:00,0
2023/4/12 4:15,0
2023/4/12 4:30,0
2023/4/12 4:45,0
2023/4/12 5:00,0
2023/4/12 5:15,0
2023/4/12 5:30,0
2023/4/12 5:45,0
2023/4/12 6:00,0
2023/4/12 6:15,0
2023/4/12 6:30,0
2023/4/12 6:45,0
2023/4/12 7:00,0
2023/4/12 7:15,0
2023/4/12 7:30,0
2023/4/12 7:45,0
2023/4/12 8:00,0
2023/4/12 8:15,0
2023/4/12 8:30,0
2023/4/12 8:45,0.013201628
2023/4/12 9:00,0.020380092
2023/4/12 9:15,0.030505419
2023/4/12 9:30,0.055544881
2023/4/12 9:45,0.09487382
2023/4/12 10:00,0.109156846
2023/4/12 10:15,0.137200695
2023/4/12 10:30,0.165984767
2023/4/12 10:45,0.184793184
2023/4/12 11:00,0.190510046
2023/4/12 11:15,0.197698607
2023/4/12 11:30,0.286547722
2023/4/12 11:45,0.340008797
2023/4/12 12:00,0.385779423
2023/4/12 12:15,0.424246657
2023/4/12 12:30,0.431515171
2023/4/12 12:45,0.480491204
2023/4/12 13:00,0.517005836
2023/4/12 13:15,0.526308701
2023/4/12 13:30,0.47232013
2023/4/12 13:45,0.565084668
2023/4/12 14:00,0.610964735
2023/4/12 14:15,0.512512667
2023/4/12 14:30,0.431908297
2023/4/12 14:45,0.436030508
2023/4/12 15:00,0.437544544
2023/4/12 15:15,0.419818608
2023/4/12 15:30,0.419866328
2023/4/12 15:45,0.319954174
2023/4/12 16:00,0.257472863
2023/4/12 16:15,0.213413078
2023/4/12 16:30,0.201394483
2023/4/12 16:45,0.16247668
2023/4/12 17:00,0.161735532
2023/4/12 17:15,0.132439784
2023/4/12 17:30,0.122971134
2023/4/12 17:45,0
2023/4/12 18:00,0
2023/4/12 18:15,0
2023/4/12 18:30,0
2023/4/12 18:45,0
2023/4/12 19:00,0
2023/4/12 19:15,0
2023/4/12 19:30,0
2023/4/12 19:45,0
2023/4/12 20:00,0
2023/4/12 20:15,0
2023/4/12 20:30,0
2023/4/12 20:45,0
2023/4/12 21:00,0
2023/4/12 21:15,0
2023/4/12 21:30,0
2023/4/12 21:45,0
2023/4/12 22:00,0
2023/4/12 22:15,0
2023/4/12 22:30,0
2023/4/12 22:45,0
2023/4/12 23:00,0
2023/4/12 23:15,0
2023/4/12 23:30,0
2023/4/12 23:45,0
2023/4/13 0:00,0
2023/4/13 0:15,0
2023/4/13 0:30,0
2023/4/13 0:45,0
2023/4/13 1:00,0
2023/4/13 1:15,0
2023/4/13 1:30,0
2023/4/13 1:45,0
2023/4/13 2:00,0
2023/4/13 2:15,0
2023/4/13 2:30,0
2023/4/13 2:45,0
2023/4/13 3:00,0
2023/4/13 3:15,0
2023/4/13 3:30,0
2023/4/13 3:45,0
2023/4/13 4:00,0
2023/4/13 4:15,0
2023/4/13 4:30,0
2023/4/13 4:45,0
2023/4/13 5:00,0
2023/4/13 5:15,0
2023/4/13 5:30,0
2023/4/13 5:45,0
2023/4/13 6:00,0
2023/4/13 6:15,0
2023/4/13 6:30,0
2023/4/13 6:45,0
2023/4/13 7:00,0
2023/4/13 7:15,0
2023/4/13 7:30,0
2023/4/13 7:45,0
2023/4/13 8:00,0
2023/4/13 8:15,0
2023/4/13 8:30,0
2023/4/13 8:45,0.014743832
2023/4/13 9:00,0.023365566
2023/4/13 9:15,0.036599961
2023/4/13 9:30,0.063505182
2023/4/13 9:45,0.1116189
2023/4/13 10:00,0.119386887
2023/4/13 10:15,0.144788081
2023/4/13 10:30,0.187564278
2023/4/13 10:45,0.20142366
2023/4/13 11:00,0.206961552
2023/4/13 11:15,0.225821167
2023/4/13 11:30,0.324810909
2023/4/13 11:45,0.403520656
2023/4/13 12:00,0.469772285
2023/4/13 12:15,0.494795801
2023/4/13 12:30,0.52659315
2023/4/13 12:45,0.56883462
2023/4/13 13:00,0.574921984
2023/4/13 13:15,0.586476202
2023/4/13 13:30,0.560651337
2023/4/13 13:45,0.633386165
2023/4/13 14:00,0.616205741
2023/4/13 14:15,0.57518661
2023/4/13 14:30,0.50886965
2023/4/13 14:45,0.499147639
2023/4/13 15:00,0.492504457
2023/4/13 15:15,0.477502844
2023/4/13 15:30,0.463349428
2023/4/13 15:45,0.340388236
2023/4/13 16:00,0.292841222
2023/4/13 16:15,0.246805533
2023/4/13 16:30,0.224863581
2023/4/13 16:45,0.17832311
2023/4/13 17:00,0.16976265
2023/4/13 17:15,0.14765175
2023/4/13 17:30,0.144103316
2023/4/13 17:45,0
2023/4/13 18:00,0
2023/4/13 18:15,0
2023/4/13 18:30,0
2023/4/13 18:45,0
2023/4/13 19:00,0
2023/4/13 19:15,0
2023/4/13 19:30,0
2023/4/13 19:45,0
2023/4/13 20:00,0
2023/4/13 20:15,0
2023/4/13 20:30,0
2023/4/13 20:45,0
2023/4/13 21:00,0
2023/4/13 21:15,0
2023/4/13 21:30,0
2023/4/13 21:45,0
2023/4/13 22:00,0
2023/4/13 22:15,0
2023/4/13 22:30,0
2023/4/13 22:45,0
2023/4/13 23:00,0
2023/4/13 23:15,0
2023/4/13 23:30,0
2023/4/13 23:45,0
2023/4/14 0:00,0
2023/4/14 0:15,0
2023/4/14 0:30,0
2023/4/14 0:45,0
2023/4/14 1:00,0
2023/4/14 1:15,0
2023/4/14 1:30,0
2023/4/14 1:45,0
2023/4/14 2:00,0
2023/4/14 2:15,0
2023/4/14 2:30,0
2023/4/14 2:45,0
2023/4/14 3:00,0
2023/4/14 3:15,0
2023/4/14 3:30,0
2023/4/14 3:45,0
2023/4/14 4:00,0
2023/4/14 4:15,0
2023/4/14 4:30,0
2023/4/14 4:45,0
2023/4/14 5:00,0
2023/4/14 5:15,0
2023/4/14 5:30,0
2023/4/14 5:45,0
2023/4/14 6:00,0
2023/4/14 6:15,0
2023/4/14 6:30,0
2023/4/14 6:45,0
2023/4/14 7:00,0
2023/4/14 7:15,0
2023/4/14 7:30,0
2023/4/14 7:45,0
2023/4/14 8:00,0
2023/4/14 8:15,0
2023/4/14 8:30,0
2023/4/14 8:45,0.014756303
2023/4/14 9:00,0.022916922
2023/4/14 9:15,0.035128343
2023/4/14 9:30,0.065134216
2023/4/14 9:45,0.11209983
2023/4/14 10:00,0.129295137
2023/4/14 10:15,0.151740223
2023/4/14 10:30,0.184503275
2023/4/14 10:45,0.215956801
2023/4/14 11:00,0.219711838
2023/4/14 11:15,0.232359933
2023/4/14 11:30,0.328686703
2023/4/14 11:45,0.39213962
2023/4/14 12:00,0.472368568
2023/4/14 12:15,0.506487664
2023/4/14 12:30,0.513675287
2023/4/14 12:45,0.580643835
2023/4/14 13:00,0.594871009
2023/4/14 13:15,0.589869084
2023/4/14 13:30,0.539667513
2023/4/14 13:45,0.638536177
2023/4/14 14:00,0.677776708
2023/4/14 14:15,0.591729276
2023/4/14 14:30,0.505693373
2023/4/14 14:45,0.512496324
2023/4/14 15:00,0.51343381
2023/4/14 15:15,0.468500363
2023/4/14 15:30,0.455169047
2023/4/14 15:45,0.346430892
2023/4/14 16:00,0.279151959
2023/4/14 16:15,0.232783367
2023/4/14 16:30,0.225287374
2023/4/14 16:45,0.191898517
2023/4/14 17:00,0.191180776
2023/4/14 17:15,0.153957815
2023/4/14 17:30,0.143809075
2023/4/14 17:45,0
2023/4/14 18:00,0
2023/4/14 18:15,0
2023/4/14 18:30,0
2023/4/14 18:45,0
2023/4/14 19:00,0
2023/4/14 19:15,0
2023/4/14 19:30,0
2023/4/14 19:45,0
2023/4/14 20:00,0
2023/4/14 20:15,0
2023/4/14 20:30,0
2023/4/14 20:45,0
2023/4/14 21:00,0
2023/4/14 21:15,0
2023/4/14 21:30,0
2023/4/14 21:45,0
2023/4/14 22:00,0
2023/4/14 22:15,0
2023/4/14 22:30,0
2023/4/14 22:45,0
2023/4/14 23:00,0
2023/4/14 23:15,0
2023/4/14 23:30,0
2023/4/14 23:45,0
2023/4/15 0:00,0
2023/4/15 0:15,0
2023/4/15 0:30,0
2023/4/15 0:45,0
2023/4/15 1:00,0
2023/4/15 1:15,0
2023/4/15 1:30,0
2023/4/15 1:45,0
2023/4/15 2:00,0
2023/4/15 2:15,0
2023/4/15 2:30,0
2023/4/15 2:45,0
2023/4/15 3:00,0
2023/4/15 3:15,0
2023/4/15 3:30,0
2023/4/15 3:45,0
2023/4/15 4:00,0
2023/4/15 4:15,0
2023/4/15 4:30,0
2023/4/15 4:45,0
2023/4/15 5:00,0
2023/4/15 5:15,0
2023/4/15 5:30,0
2023/4/15 5:45,0
2023/4/15 6:00,0
2023/4/15 6:15,0
2023/4/15 6:30,0
2023/4/15 6:45,0
2023/4/15 7:00,0
2023/4/15 7:15,0
2023/4/15 7:30,0
2023/4/15 7:45,0
2023/4/15 8:00,0
2023/4/15 8:15,0
2023/4/15 8:30,0
2023/4/15 8:45,0.015735553
2023/4/15 9:00,0.024622698
2023/4/15 9:15,0.034935883
2023/4/15 9:30,0.063265551
2023/4/15 9:45,0.110833389
2023/4/15 10:00,0.129615835
2023/4/15 10:15,0.161314693
2023/4/15 10:30,0.192631015
2023/4/15 10:45,0.21913765
2023/4/15 11:00,0.225427873
2023/4/15 11:15,0.231917356
2023/4/15 11:30,0.339802803
2023/4/15 11:45,0.429404119
2023/4/15 12:00,0.488384837
2023/4/15 12:15,0.507009306
2023/4/15 12:30,0.546711379
2023/4/15 12:45,0.604810106
2023/4/15 13:00,0.586078541
2023/4/15 13:15,0.610570298
2023/4/15 13:30,0.570144616
2023/4/15 13:45,0.664681131
2023/4/15 14:00,0.699477829
2023/4/15 14:15,0.612776859
2023/4/15 14:30,0.536400017
2023/4/15 14:45,0.537003839
2023/4/15 15:00,0.531282083
2023/4/15 15:15,0.494593384
2023/4/15 15:30,0.470740355
2023/4/15 15:45,0.366488388
2023/4/15 16:00,0.311141379
2023/4/15 16:15,0.249878105
2023/4/15 16:30,0.231059614
2023/4/15 16:45,0.193869473
2023/4/15 17:00,0.197546706
2023/4/15 17:15,0.158007762
2023/4/15 17:30,0.146175176
2023/4/15 17:45,0
2023/4/15 18:00,0
2023/4/15 18:15,0
2023/4/15 18:30,0
2023/4/15 18:45,0
2023/4/15 19:00,0
2023/4/15 19:15,0
2023/4/15 19:30,0
2023/4/15 19:45,0
2023/4/15 20:00,0
2023/4/15 20:15,0
2023/4/15 20:30,0
2023/4/15 20:45,0
2023/4/15 21:00,0
2023/4/15 21:15,0
2023/4/15 21:30,0
2023/4/15 21:45,0
2023/4/15 22:00,0
2023/4/15 22:15,0
2023/4/15 22:30,0
2023/4/15 22:45,0
2023/4/15 23:00,0
2023/4/15 23:15,0
2023/4/15 23:30,0
2023/4/15 23:45,0
2023/4/16 0:00,0
2023/4/16 0:15,0
2023/4/16 0:30,0
2023/4/16 0:45,0
2023/4/16 1:00,0
2023/4/16 1:15,0
2023/4/16 1:30,0
2023/4/16 1:45,0
2023/4/16 2:00,0
2023/4/16 2:15,0
2023/4/16 2:30,0
2023/4/16 2:45,0
2023/4/16 3:00,0
2023/4/16 3:15,0
2023/4/16 3:30,0
2023/4/16 3:45,0
2023/4/16 4:00,0
2023/4/16 4:15,0
2023/4/16 4:30,0
2023/4/16 4:45,0
2023/4/16 5:00,0
2023/4/16 5:15,0
2023/4/16 5:30,0
2023/4/16 5:45,0
2023/4/16 6:00,0
2023/4/16 6:15,0
2023/4/16 6:30,0
2023/4/16 6:45,0
2023/4/16 7:00,0
2023/4/16 7:15,0
2023/4/16 7:30,0
2023/4/16 7:45,0
2023/4/16 8:00,0
2023/4/16 8:15,0
2023/4/16 8:30,0
2023/4/16 8:45,0.01577889
2023/4/16 9:00,0.025458688
2023/4/16 9:15,0.038446078
2023/4/16 9:30,0.069481319
2023/4/16 9:45,0.122005846
2023/4/16 10:00,0.138481856
2023/4/16 10:15,0.166407646
2023/4/16 10:30,0.197382541
2023/4/16 10:45,0.222089948
2023/4/16 11:00,0.231447206
2023/4/16 11:15,0.234561007
2023/4/16 11:30,0.337927626
2023/4/16 11:45,0.423068269
2023/4/16 12:00,0.48285438
2023/4/16 12:15,0.530758054
2023/4/16 12:30,0.562746614
2023/4/16 12:45,0.61867176
2023/4/16 13:00,0.62876139
2023/4/16 13:15,0.63088434
2023/4/16 13:30,0.572652269
2023/4/16 13:45,0.679859807
2023/4/16 14:00,0.717900199
2023/4/16 14:15,0.627242287
2023/4/16 14:30,0.550247082
2023/4/16 14:45,0.559048782
2023/4/16 15:00,0.550874287
2023/4/16 15:15,0.509317008
2023/4/16 15:30,0.489680957
2023/4/16 15:45,0.367319492
2023/4/16 16:00,0.306184122
2023/4/16 16:15,0.256134852
2023/4/16 16:30,0.241090889
2023/4/16 16:45,0.194378542
2023/4/16 17:00,0.196720802
2023/4/16 17:15,0.162499444
2023/4/16 17:30,0.149686395
2023/4/16 17:45,0
2023/4/16 18:00,0
2023/4/16 18:15,0
2023/4/16 18:30,0
2023/4/16 18:45,0
2023/4/16 19:00,0
2023/4/16 19:15,0
2023/4/16 19:30,0
2023/4/16 19:45,0
2023/4/16 20:00,0
2023/4/16 20:15,0
2023/4/16 20:30,0
2023/4/16 20:45,0
2023/4/16 21:00,0
2023/4/16 21:15,0
2023/4/16 21:30,0
2023/4/16 21:45,0
2023/4/16 22:00,0
2023/4/16 22:15,0
2023/4/16 22:30,0
2023/4/16 22:45,0
2023/4/16 23:00,0
2023/4/16 23:15,0
2023/4/16 23:30,0
2023/4/16 23:45,0
2023/4/17 0:00,0
2023/4/17 0:15,0
2023/4/17 0:30,0
2023/4/17 0:45,0
2023/4/17 1:00,0
2023/4/17 1:15,0
2023/4/17 1:30,0
2023/4/17 1:45,0
2023/4/17 2:00,0
2023/4/17 2:15,0
2023/4/17 2:30,0
2023/4/17 2:45,0
2023/4/17 3:00,0
2023/4/17 3:15,0
2023/4/17 3:30,0
2023/4/17 3:45,0
2023/4/17 4:00,0
2023/4/17 4:15,0
2023/4/17 4:30,0
2023/4/17 4:45,0
2023/4/17 5:00,0
2023/4/17 5:15,0
2023/4/17 5:30,0
2023/4/17 5:45,0
2023/4/17 6:00,0
2023/4/17 6:15,0
2023/4/17 6:30,0
2023/4/17 6:45,0
2023/4/17 7:00,0
2023/4/17 7:15,0
2023/4/17 7:30,0
2023/4/17 7:45,0
2023/4/17 8:00,0
2023/4/17 8:15,0
2023/4/17 8:30,0
2023/4/17 8:45,0.014208012
2023/4/17 9:00,0.020789453
2023/4/17 9:15,0.031929547
2023/4/17 9:30,0.057310485
2023/4/17 9:45,0.098914816
2023/4/17 10:00,0.114604584
2023/4/17 10:15,0.138862022
2023/4/17 10:30,0.174147031
2023/4/17 10:45,0.200875664
2023/4/17 11:00,0.201761384
2023/4/17 11:15,0.217774242
2023/4/17 11:30,0.31986283
2023/4/17 11:45,0.373958426
2023/4/17 12:00,0.429040867
2023/4/17 12:15,0.432850074
2023/4/17 12:30,0.452317053
2023/4/17 12:45,0.529290711
2023/4/17 13:00,0.538483609
2023/4/17 13:15,0.559812354
2023/4/17 13:30,0.525057165
2023/4/17 13:45,0.585940073
2023/4/17 14:00,0.597674338
2023/4/17 14:15,0.561969702
2023/4/17 14:30,0.527990009
2023/4/17 14:45,0.490753783
2023/4/17 15:00,0.466165734
2023/4/17 15:15,0.448131021
2023/4/17 15:30,0.434797385
2023/4/17 15:45,0.347393478
2023/4/17 16:00,0.278460857
2023/4/17 16:15,0.231465888
2023/4/17 16:30,0.213403043
2023/4/17 16:45,0.16831442
2023/4/17 17:00,0.180819533
2023/4/17 17:15,0.143771573
2023/4/17 17:30,0.129932985
2023/4/17 17:45,0
2023/4/17 18:00,0
2023/4/17 18:15,0
2023/4/17 18:30,0
2023/4/17 18:45,0
2023/4/17 19:00,0
2023/4/17 19:15,0
2023/4/17 19:30,0
2023/4/17 19:45,0
2023/4/17 20:00,0
2023/4/17 20:15,0
2023/4/17 20:30,0
2023/4/17 20:45,0
2023/4/17 21:00,0
2023/4/17 21:15,0
2023/4/17 21:30,0
2023/4/17 21:45,0
2023/4/17 22:00,0
2023/4/17 22:15,0
2023/4/17 22:30,0
2023/4/17 22:45,0
2023/4/17 23:00,0
2023/4/17 23:15,0
2023/4/17 23:30,0
2023/4/17 23:45,0
2023/4/18 0:00,0
2023/4/18 0:15,0
2023/4/18 0:30,0
2023/4/18 0:45,0
2023/4/18 1:00,0
2023/4/18 1:15,0
2023/4/18 1:30,0
2023/4/18 1:45,0
2023/4/18 2:00,0
2023/4/18 2:15,0
2023/4/18 2:30,0
2023/4/18 2:45,0
2023/4/18 3:00,0
2023/4/18 3:15,0
2023/4/18 3:30,0
2023/4/18 3:45,0
2023/4/18 4:00,0
2023/4/18 4:15,0
2023/4/18 4:30,0
2023/4/18 4:45,0
2023/4/18 5:00,0
2023/4/18 5:15,0
2023/4/18 5:30,0
2023/4/18 5:45,0
2023/4/18 6:00,0
2023/4/18 6:15,0
2023/4/18 6:30,0
2023/4/18 6:45,0
2023/4/18 7:00,0
2023/4/18 7:15,0
2023/4/18 7:30,0
2023/4/18 7:45,0
2023/4/18 8:00,0
2023/4/18 8:15,0
2023/4/18 8:30,0
2023/4/18 8:45,0.014807606
2023/4/18 9:00,0.022079358
2023/4/18 9:15,0.033872457
2023/4/18 9:30,0.063428722
2023/4/18 9:45,0.1073464
2023/4/18 10:00,0.124599177
2023/4/18 10:15,0.149729017
2023/4/18 10:30,0.177146431
2023/4/18 10:45,0.207524912
2023/4/18 11:00,0.218581143
2023/4/18 11:15,0.225128194
2023/4/18 11:30,0.313048357
2023/4/18 11:45,0.384262874
2023/4/18 12:00,0.464323117
2023/4/18 12:15,0.502542833
2023/4/18 12:30,0.47592209
2023/4/18 12:45,0.521187859
2023/4/18 13:00,0.575067908
2023/4/18 13:15,0.571693611
2023/4/18 13:30,0.513422624
2023/4/18 13:45,0.593599334
2023/4/18 14:00,0.617500567
2023/4/18 14:15,0.584146992
2023/4/18 14:30,0.510572178
2023/4/18 14:45,0.488394188
2023/4/18 15:00,0.520903904
2023/4/18 15:15,0.471405565
2023/4/18 15:30,0.433329962
2023/4/18 15:45,0.345697483
2023/4/18 16:00,0.284178587
2023/4/18 16:15,0.235037232
2023/4/18 16:30,0.225459556
2023/4/18 16:45,0.183505635
2023/4/18 17:00,0.175606624
2023/4/18 17:15,0.147184065
2023/4/18 17:30,0.138923988
2023/4/18 17:45,0
2023/4/18 18:00,0
2023/4/18 18:15,0
2023/4/18 18:30,0
2023/4/18 18:45,0
2023/4/18 19:00,0
2023/4/18 19:15,0
2023/4/18 19:30,0
2023/4/18 19:45,0
2023/4/18 20:00,0
2023/4/18 20:15,0
2023/4/18 20:30,0
2023/4/18 20:45,0
2023/4/18 21:00,0
2023/4/18 21:15,0
2023/4/18 21:30,0
2023/4/18 21:45,0
2023/4/18 22:00,0
2023/4/18 22:15,0
2023/4/18 22:30,0
2023/4/18 22:45,0
2023/4/18 23:00,0
2023/4/18 23:15,0
2023/4/18 23:30,0
2023/4/18 23:45,0
2023/4/19 0:00,0
2023/4/19 0:15,0
2023/4/19 0:30,0
2023/4/19 0:45,0
2023/4/19 1:00,0
2023/4/19 1:15,0
2023/4/19 1:30,0
2023/4/19 1:45,0
2023/4/19 2:00,0
2023/4/19 2:15,0
2023/4/19 2:30,0
2023/4/19 2:45,0
2023/4/19 3:00,0
2023/4/19 3:15,0
2023/4/19 3:30,0
2023/4/19 3:45,0
2023/4/19 4:00,0
2023/4/19 4:15,0
2023/4/19 4:30,0
2023/4/19 4:45,0
2023/4/19 5:00,0
2023/4/19 5:15,0
2023/4/19 5:30,0
2023/4/19 5:45,0
2023/4/19 6:00,0
2023/4/19 6:15,0
2023/4/19 6:30,0
2023/4/19 6:45,0
2023/4/19 7:00,0
2023/4/19 7:15,0
2023/4/19 7:30,0
2023/4/19 7:45,0
2023/4/19 8:00,0
2023/4/19 8:15,0
2023/4/19 8:30,0
2023/4/19 8:45,0.013569081
2023/4/19 9:00,0.020952711
2023/4/19 9:15,0.032452958
2023/4/19 9:30,0.059977742
2023/4/19 9:45,0.104808033
2023/4/19 10:00,0.119392419
2023/4/19 10:15,0.143972463
2023/4/19 10:30,0.168145159
2023/4/19 10:45,0.184300533
2023/4/19 11:00,0.191786571
2023/4/19 11:15,0.197502723
2023/4/19 11:30,0.292043088
2023/4/19 11:45,0.357521099
2023/4/19 12:00,0.420025614
2023/4/19 12:15,0.468972066
2023/4/19 12:30,0.476219945
2023/4/19 12:45,0.556940095
2023/4/19 13:00,0.549671367
2023/4/19 13:15,0.549696237
2023/4/19 13:30,0.51255318
2023/4/19 13:45,0.564701861
2023/4/19 14:00,0.598308807
2023/4/19 14:15,0.552037859
2023/4/19 14:30,0.463141008
2023/4/19 14:45,0.444639356
2023/4/19 15:00,0.464108364
2023/4/19 15:15,0.437855815
2023/4/19 15:30,0.431858395
2023/4/19 15:45,0.34340601
2023/4/19 16:00,0.28816991
2023/4/19 16:15,0.224104857
2023/4/19 16:30,0.202654479
2023/4/19 16:45,0.167357091
2023/4/19 17:00,0.162164688
2023/4/19 17:15,0.139891896
2023/4/19 17:30,0.137187775
2023/4/19 17:45,0
2023/4/19 18:00,0
2023/4/19 18:15,0
2023/4/19 18:30,0
2023/4/19 18:45,0
2023/4/19 19:00,0
2023/4/19 19:15,0
2023/4/19 19:30,0
2023/4/19 19:45,0
2023/4/19 20:00,0
2023/4/19 20:15,0
2023/4/19 20:30,0
2023/4/19 20:45,0
2023/4/19 21:00,0
2023/4/19 21:15,0
2023/4/19 21:30,0
2023/4/19 21:45,0
2023/4/19 22:00,0
2023/4/19 22:15,0
2023/4/19 22:30,0
2023/4/19 22:45,0
2023/4/19 23:00,0
2023/4/19 23:15,0
2023/4/19 23:30,0
2023/4/19 23:45,0
2023/4/20 0:00,0
2023/4/20 0:15,0
2023/4/20 0:30,0
2023/4/20 0:45,0
2023/4/20 1:00,0
2023/4/20 1:15,0
2023/4/20 1:30,0
2023/4/20 1:45,0
2023/4/20 2:00,0
2023/4/20 2:15,0
2023/4/20 2:30,0
2023/4/20 2:45,0
2023/4/20 3:00,0
2023/4/20 3:15,0
2023/4/20 3:30,0
2023/4/20 3:45,0
2023/4/20 4:00,0
2023/4/20 4:15,0
2023/4/20 4:30,0
2023/4/20 4:45,0
2023/4/20 5:00,0
2023/4/20 5:15,0
2023/4/20 5:30,0
2023/4/20 5:45,0
2023/4/20 6:00,0
2023/4/20 6:15,0
2023/4/20 6:30,0
2023/4/20 6:45,0
2023/4/20 7:00,0
2023/4/20 7:15,0
2023/4/20 7:30,0
2023/4/20 7:45,0
2023/4/20 8:00,0
2023/4/20 8:15,0
2023/4/20 8:30,0
2023/4/20 8:45,0.01504786
2023/4/20 9:00,0.023712262
2023/4/20 9:15,0.035623204
2023/4/20 9:30,0.064936187
2023/4/20 9:45,0.11404024
2023/4/20 10:00,0.130797768
2023/4/20 10:15,0.151163075
2023/4/20 10:30,0.180666869
2023/4/20 10:45,0.210312706
2023/4/20 11:00,0.218485941
2023/4/20 11:15,0.216005829
2023/4/20 11:30,0.319846032
2023/4/20 11:45,0.419539996
2023/4/20 12:00,0.464133298
2023/4/20 12:15,0.487396978
2023/4/20 12:30,0.515791626
2023/4/20 12:45,0.568480914
2023/4/20 13:00,0.592027646
2023/4/20 13:15,0.610842728
2023/4/20 13:30,0.548561707
2023/4/20 13:45,0.660299568
2023/4/20 14:00,0.690766794
2023/4/20 14:15,0.597845814
2023/4/20 14:30,0.518616098
2023/4/20 14:45,0.514543639
2023/4/20 15:00,0.511411181
2023/4/20 15:15,0.488895353
2023/4/20 15:30,0.477050038
2023/4/20 15:45,0.355550626
2023/4/20 16:00,0.295281582
2023/4/20 16:15,0.246344754
2023/4/20 16:30,0.236543345
2023/4/20 16:45,0.191886517
2023/4/20 17:00,0.187221803
2023/4/20 17:15,0.155547636
2023/4/20 17:30,0.146892981
2023/4/20 17:45,0
2023/4/20 18:00,0
2023/4/20 18:15,0
2023/4/20 18:30,0
2023/4/20 18:45,0
2023/4/20 19:00,0
2023/4/20 19:15,0
2023/4/20 19:30,0
2023/4/20 19:45,0
2023/4/20 20:00,0
2023/4/20 20:15,0
2023/4/20 20:30,0
2023/4/20 20:45,0
2023/4/20 21:00,0
2023/4/20 21:15,0
2023/4/20 21:30,0
2023/4/20 21:45,0
2023/4/20 22:00,0
2023/4/20 22:15,0
2023/4/20 22:30,0
2023/4/20 22:45,0
2023/4/20 23:00,0
2023/4/20 23:15,0
2023/4/20 23:30,0
2023/4/20 23:45,0
2023/4/21 0:00,0
2023/4/21 0:15,0
2023/4/21 0:30,0
2023/4/21 0:45,0
2023/4/21 1:00,0
2023/4/21 1:15,0
2023/4/21 1:30,0
2023/4/21 1:45,0
2023/4/21 2:00,0
2023/4/21 2:15,0
2023/4/21 2:30,0
2023/4/21 2:45,0
2023/4/21 3:00,0
2023/4/21 3:15,0
2023/4/21 3:30,0
2023/4/21 3:45,0
2023/4/21 4:00,0
2023/4/21 4:15,0
2023/4/21 4:30,0
2023/4/21 4:45,0
2023/4/21 5:00,0
2023/4/21 5:15,0
2023/4/21 5:30,0
2023/4/21 5:45,0
2023/4/21 6:00,0
2023/4/21 6:15,0
2023/4/21 6:30,0
2023/4/21 6:45,0
2023/4/21 7:00,0
2023/4/21 7:15,0
2023/4/21 7:30,0
2023/4/21 7:45,0
2023/4/21 8:00,0
2023/4/21 8:15,0
2023/4/21 8:30,0
2023/4/21 8:45,0.014111613
2023/4/21 9:00,0.021754792
2023/4/21 9:15,0.031721939
2023/4/21 9:30,0.058716613
2023/4/21 9:45,0.107132851
2023/4/21 10:00,0.121736698
2023/4/21 10:15,0.14324408
2023/4/21 10:30,0.177165916
2023/4/21 10:45,0.197761147
2023/4/21 11:00,0.19388592
2023/4/21 11:15,0.198017082
2023/4/21 11:30,0.285913283
2023/4/21 11:45,0.349320764
2023/4/21 12:00,0.412583233
2023/4/21 12:15,0.451604141
2023/4/21 12:30,0.464955565
2023/4/21 12:45,0.533553093
2023/4/21 13:00,0.52692525
2023/4/21 13:15,0.518959571
2023/4/21 13:30,0.476640366
2023/4/21 13:45,0.562072117
2023/4/21 14:00,0.599989408
2023/4/21 14:15,0.530926024
2023/4/21 14:30,0.460299509
2023/4/21 14:45,0.465349609
2023/4/21 15:00,0.449792636
2023/4/21 15:15,0.398577691
2023/4/21 15:30,0.394512682
2023/4/21 15:45,0.306705944
2023/4/21 16:00,0.247017385
2023/4/21 16:15,0.216843755
2023/4/21 16:30,0.197476713
2023/4/21 16:45,0.158413431
2023/4/21 17:00,0.181160632
2023/4/21 17:15,0.141363372
2023/4/21 17:30,0.120440116
2023/4/21 17:45,0
2023/4/21 18:00,0
2023/4/21 18:15,0
2023/4/21 18:30,0
2023/4/21 18:45,0
2023/4/21 19:00,0
2023/4/21 19:15,0
2023/4/21 19:30,0
2023/4/21 19:45,0
2023/4/21 20:00,0
2023/4/21 20:15,0
2023/4/21 20:30,0
2023/4/21 20:45,0
2023/4/21 21:00,0
2023/4/21 21:15,0
2023/4/21 21:30,0
2023/4/21 21:45,0
2023/4/21 22:00,0
2023/4/21 22:15,0
2023/4/21 22:30,0
2023/4/21 22:45,0
2023/4/21 23:00,0
2023/4/21 23:15,0
2023/4/21 23:30,0
2023/4/21 23:45,0
2023/4/22 0:00,0
2023/4/22 0:15,0
2023/4/22 0:30,0
2023/4/22 0:45,0
2023/4/22 1:00,0
2023/4/22 1:15,0
2023/4/22 1:30,0
2023/4/22 1:45,0
2023/4/22 2:00,0
2023/4/22 2:15,0
2023/4/22 2:30,0
2023/4/22 2:45,0
2023/4/22 3:00,0
2023/4/22 3:15,0
2023/4/22 3:30,0
2023/4/22 3:45,0
2023/4/22 4:00,0
2023/4/22 4:15,0
2023/4/22 4:30,0
2023/4/22 4:45,0
2023/4/22 5:00,0
2023/4/22 5:15,0
2023/4/22 5:30,0
2023/4/22 5:45,0
2023/4/22 6:00,0
2023/4/22 6:15,0
2023/4/22 6:30,0
2023/4/22 6:45,0
2023/4/22 7:00,0
2023/4/22 7:15,0
2023/4/22 7:30,0
2023/4/22 7:45,0
2023/4/22 8:00,0
2023/4/22 8:15,0
2023/4/22 8:30,0
2023/4/22 8:45,0.015044283
2023/4/22 9:00,0.022930819
2023/4/22 9:15,0.032532408
2023/4/22 9:30,0.058237383
2023/4/22 9:45,0.100832522
2023/4/22 10:00,0.118209534
2023/4/22 10:15,0.145298706
2023/4/22 10:30,0.169482566
2023/4/22 10:45,0.19406685
2023/4/22 11:00,0.201059315
2023/4/22 11:15,0.207652447
2023/4/22 11:30,0.317206159
2023/4/22 11:45,0.403096662
2023/4/22 12:00,0.460209313
2023/4/22 12:15,0.489312219
2023/4/22 12:30,0.499796766
2023/4/22 12:45,0.539076561
2023/4/22 13:00,0.540328261
2023/4/22 13:15,0.564276341
2023/4/22 13:30,0.52857343
2023/4/22 13:45,0.617145135
2023/4/22 14:00,0.614472173
2023/4/22 14:15,0.539111968
2023/4/22 14:30,0.491690338
2023/4/22 14:45,0.498173625
2023/4/22 15:00,0.492142345
2023/4/22 15:15,0.422480001
2023/4/22 15:30,0.413920449
2023/4/22 15:45,0.329940924
2023/4/22 16:00,0.276712854
2023/4/22 16:15,0.223272761
2023/4/22 16:30,0.201931869
2023/4/22 16:45,0.178333013
2023/4/22 17:00,0.178766584
2023/4/22 17:15,0.141905426
2023/4/22 17:30,0.137467705
2023/4/22 17:45,0
2023/4/22 18:00,0
2023/4/22 18:15,0
2023/4/22 18:30,0
2023/4/22 18:45,0
2023/4/22 19:00,0
2023/4/22 19:15,0
2023/4/22 19:30,0
2023/4/22 19:45,0
2023/4/22 20:00,0
2023/4/22 20:15,0
2023/4/22 20:30,0
2023/4/22 20:45,0
2023/4/22 21:00,0
2023/4/22 21:15,0
2023/4/22 21:30,0
2023/4/22 21:45,0
2023/4/22 22:00,0
2023/4/22 22:15,0
2023/4/22 22:30,0
2023/4/22 22:45,0
2023/4/22 23:00,0
2023/4/22 23:15,0
2023/4/22 23:30,0
2023/4/22 23:45,0
2023/4/23 0:00,0
2023/4/23 0:15,0
2023/4/23 0:30,0
2023/4/23 0:45,0
2023/4/23 1:00,0
2023/4/23 1:15,0
2023/4/23 1:30,0
2023/4/23 1:45,0
2023/4/23 2:00,0
2023/4/23 2:15,0
2023/4/23 2:30,0
2023/4/23 2:45,0
2023/4/23 3:00,0
2023/4/23 3:15,0
2023/4/23 3:30,0
2023/4/23 3:45,0
2023/4/23 4:00,0
2023/4/23 4:15,0
2023/4/23 4:30,0
2023/4/23 4:45,0
2023/4/23 5:00,0
2023/4/23 5:15,0
2023/4/23 5:30,0
2023/4/23 5:45,0
2023/4/23 6:00,0
2023/4/23 6:15,0
2023/4/23 6:30,0
2023/4/23 6:45,0
2023/4/23 7:00,0
2023/4/23 7:15,0
2023/4/23 7:30,0
2023/4/23 7:45,0
2023/4/23 8:00,0
2023/4/23 8:15,0
2023/4/23 8:30,0
2023/4/23 8:45,0.013907201
2023/4/23 9:00,0.021587346
2023/4/23 9:15,0.032387634
2023/4/23 9:30,0.05662269
2023/4/23 9:45,0.100757796
2023/4/23 10:00,0.114599331
2023/4/23 10:15,0.137173759
2023/4/23 10:30,0.159474041
2023/4/23 10:45,0.181298058
2023/4/23 11:00,0.19973626
2023/4/23 11:15,0.19985476
2023/4/23 11:30,0.285168323
2023/4/23 11:45,0.403745227
2023/4/23 12:00,0.469387711
2023/4/23 12:15,0.448690031
2023/4/23 12:30,0.454058272
2023/4/23 12:45,0.532185771
2023/4/23 13:00,0.590644518
2023/4/23 13:15,0.572288279
2023/4/23 13:30,0.515669214
2023/4/23 13:45,0.595912949
2023/4/23 14:00,0.581908813
2023/4/23 14:15,0.527129534
2023/4/23 14:30,0.463743144
2023/4/23 14:45,0.448747579
2023/4/23 15:00,0.464843734
2023/4/23 15:15,0.411947136
2023/4/23 15:30,0.388102319
2023/4/23 15:45,0.320970187
2023/4/23 16:00,0.258801353
2023/4/23 16:15,0.215256538
2023/4/23 16:30,0.20421088
2023/4/23 16:45,0.164938003
2023/4/23 17:00,0.168968816
2023/4/23 17:15,0.135418701
2023/4/23 17:30,0.132828744
2023/4/23 17:45,0
2023/4/23 18:00,0
2023/4/23 18:15,0
2023/4/23 18:30,0
2023/4/23 18:45,0
2023/4/23 19:00,0
2023/4/23 19:15,0
2023/4/23 19:30,0
2023/4/23 19:45,0
2023/4/23 20:00,0
2023/4/23 20:15,0
2023/4/23 20:30,0
2023/4/23 20:45,0
2023/4/23 21:00,0
2023/4/23 21:15,0
2023/4/23 21:30,0
2023/4/23 21:45,0
2023/4/23 22:00,0
2023/4/23 22:15,0
2023/4/23 22:30,0
2023/4/23 22:45,0
2023/4/23 23:00,0
2023/4/23 23:15,0
2023/4/23 23:30,0
2023/4/23 23:45,0
2023/4/24 0:00,0
2023/4/24 0:15,0
2023/4/24 0:30,0
2023/4/24 0:45,0
2023/4/24 1:00,0
2023/4/24 1:15,0
2023/4/24 1:30,0
2023/4/24 1:45,0
2023/4/24 2:00,0
2023/4/24 2:15,0
2023/4/24 2:30,0
2023/4/24 2:45,0
2023/4/24 3:00,0
2023/4/24 3:15,0
2023/4/24 3:30,0
2023/4/24 3:45,0
2023/4/24 4:00,0
2023/4/24 4:15,0
2023/4/24 4:30,0
2023/4/24 4:45,0
2023/4/24 5:00,0
2023/4/24 5:15,0
2023/4/24 5:30,0
2023/4/24 5:45,0
2023/4/24 6:00,0
2023/4/24 6:15,0
2023/4/24 6:30,0
2023/4/24 6:45,0
2023/4/24 7:00,0
2023/4/24 7:15,0
2023/4/24 7:30,0
2023/4/24 7:45,0
2023/4/24 8:00,0
2023/4/24 8:15,0
2023/4/24 8:30,0
2023/4/24 8:45,0.001321852
2023/4/24 9:00,0.002078675
2023/4/24 9:15,0.00310181
2023/4/24 9:30,0.005677013
2023/4/24 9:45,0.009851038
2023/4/24 10:00,0.011390939
2023/4/24 10:15,0.013913245
2023/4/24 10:30,0.01641322
2023/4/24 10:45,0.018571962
2023/4/24 11:00,0.019440273
2023/4/24 11:15,0.020370034
2023/4/24 11:30,0.029247787
2023/4/24 11:45,0.036226055
2023/4/24 12:00,0.041776491
2023/4/24 12:15,0.043633093
2023/4/24 12:30,0.045699431
2023/4/24 12:45,0.051239758
2023/4/24 13:00,0.051470888
2023/4/24 13:15,0.052427979
2023/4/24 13:30,0.048223562
2023/4/24 13:45,0.056570919
2023/4/24 14:00,0.059732949
2023/4/24 14:15,0.052004705
2023/4/24 14:30,0.044995014
2023/4/24 14:45,0.045319938
2023/4/24 15:00,0.044823228
2023/4/24 15:15,0.041653587
2023/4/24 15:30,0.040362935
2023/4/24 15:45,0.030665283
2023/4/24 16:00,0.025668901
2023/4/24 16:15,0.021384998
2023/4/24 16:30,0.020068243
2023/4/24 16:45,0.01669831
2023/4/24 17:00,0.016797155
2023/4/24 17:15,0.013512563
2023/4/24 17:30,0.012425021
2023/4/24 17:45,0
2023/4/24 18:00,0
2023/4/24 18:15,0
2023/4/24 18:30,0
2023/4/24 18:45,0
2023/4/24 19:00,0
2023/4/24 19:15,0
2023/4/24 19:30,0
2023/4/24 19:45,0
2023/4/24 20:00,0
2023/4/24 20:15,0
2023/4/24 20:30,0
2023/4/24 20:45,0
2023/4/24 21:00,0
2023/4/24 21:15,0
2023/4/24 21:30,0
2023/4/24 21:45,0
2023/4/24 22:00,0
2023/4/24 22:15,0
2023/4/24 22:30,0
2023/4/24 22:45,0
2023/4/24 23:00,0
2023/4/24 23:15,0
2023/4/24 23:30,0
2023/4/24 23:45,0
2023/4/25 0:00,0
2023/4/25 0:15,0
2023/4/25 0:30,0
2023/4/25 0:45,0
2023/4/25 1:00,0
2023/4/25 1:15,0
2023/4/25 1:30,0
2023/4/25 1:45,0
2023/4/25 2:00,0
2023/4/25 2:15,0
2023/4/25 2:30,0
2023/4/25 2:45,0
2023/4/25 3:00,0
2023/4/25 3:15,0
2023/4/25 3:30,0
2023/4/25 3:45,0
2023/4/25 4:00,0
2023/4/25 4:15,0
2023/4/25 4:30,0
2023/4/25 4:45,0
2023/4/25 5:00,0
2023/4/25 5:15,0
2023/4/25 5:30,0
2023/4/25 5:45,0
2023/4/25 6:00,0
2023/4/25 6:15,0
2023/4/25 6:30,0
2023/4/25 6:45,0
2023/4/25 7:00,0
2023/4/25 7:15,0
2023/4/25 7:30,0
2023/4/25 7:45,0
2023/4/25 8:00,0
2023/4/25 8:15,0
2023/4/25 8:30,0
2023/4/25 8:45,0.013543434
2023/4/25 9:00,0.020945617
2023/4/25 9:15,0.03415275
2023/4/25 9:30,0.064416305
2023/4/25 9:45,0.110185684
2023/4/25 10:00,0.11999745
2023/4/25 10:15,0.146744853
2023/4/25 10:30,0.175068838
2023/4/25 10:45,0.191509743
2023/4/25 11:00,0.206557244
2023/4/25 11:15,0.224565683
2023/4/25 11:30,0.306391357
2023/4/25 11:45,0.369889199
2023/4/25 12:00,0.436199302
2023/4/25 12:15,0.4564569
2023/4/25 12:30,0.489100725
2023/4/25 12:45,0.556221245
2023/4/25 13:00,0.563523186
2023/4/25 13:15,0.565468255
2023/4/25 13:30,0.505390366
2023/4/25 13:45,0.592232771
2023/4/25 14:00,0.622935886
2023/4/25 14:15,0.582701347
2023/4/25 14:30,0.507500444
2023/4/25 14:45,0.469711739
2023/4/25 15:00,0.474381983
2023/4/25 15:15,0.4573387
2023/4/25 15:30,0.440574462
2023/4/25 15:45,0.330958156
2023/4/25 16:00,0.256055929
2023/4/25 16:15,0.201338643
2023/4/25 16:30,0.199425805
2023/4/25 16:45,0.172924114
2023/4/25 17:00,0.176738519
2023/4/25 17:15,0.140265553
2023/4/25 17:30,0.128032873
2023/4/25 17:45,0
2023/4/25 18:00,0
2023/4/25 18:15,0
2023/4/25 18:30,0
2023/4/25 18:45,0
2023/4/25 19:00,0
2023/4/25 19:15,0
2023/4/25 19:30,0
2023/4/25 19:45,0
2023/4/25 20:00,0
2023/4/25 20:15,0
2023/4/25 20:30,0
2023/4/25 20:45,0
2023/4/25 21:00,0
2023/4/25 21:15,0
2023/4/25 21:30,0
2023/4/25 21:45,0
2023/4/25 22:00,0
2023/4/25 22:15,0
2023/4/25 22:30,0
2023/4/25 22:45,0
2023/4/25 23:00,0
2023/4/25 23:15,0
2023/4/25 23:30,0
2023/4/25 23:45,0
2023/4/26 0:00,0
2023/4/26 0:15,0
2023/4/26 0:30,0
2023/4/26 0:45,0
2023/4/26 1:00,0
2023/4/26 1:15,0
2023/4/26 1:30,0
2023/4/26 1:45,0
2023/4/26 2:00,0
2023/4/26 2:15,0
2023/4/26 2:30,0
2023/4/26 2:45,0
2023/4/26 3:00,0
2023/4/26 3:15,0
2023/4/26 3:30,0
2023/4/26 3:45,0
2023/4/26 4:00,0
2023/4/26 4:15,0
2023/4/26 4:30,0
2023/4/26 4:45,0
2023/4/26 5:00,0
2023/4/26 5:15,0
2023/4/26 5:30,0
2023/4/26 5:45,0
2023/4/26 6:00,0
2023/4/26 6:15,0
2023/4/26 6:30,0
2023/4/26 6:45,0
2023/4/26 7:00,0
2023/4/26 7:15,0
2023/4/26 7:30,0
2023/4/26 7:45,0
2023/4/26 8:00,0
2023/4/26 8:15,0
2023/4/26 8:30,0
2023/4/26 8:45,0.015471312
2023/4/26 9:00,0.022962247
2023/4/26 9:15,0.032590387
2023/4/26 9:30,0.06096427
2023/4/26 9:45,0.100484812
2023/4/26 10:00,0.112272236
2023/4/26 10:15,0.14863175
2023/4/26 10:30,0.18277592
2023/4/26 10:45,0.19970353
2023/4/26 11:00,0.211007848
2023/4/26 11:15,0.22966775
2023/4/26 11:30,0.331530996
2023/4/26 11:45,0.382360813
2023/4/26 12:00,0.446263902
2023/4/26 12:15,0.520489235
2023/4/26 12:30,0.531067275
2023/4/26 12:45,0.56872619
2023/4/26 13:00,0.566462516
2023/4/26 13:15,0.544838241
2023/4/26 13:30,0.525114408
2023/4/26 13:45,0.62430116
2023/4/26 14:00,0.631136336
2023/4/26 14:15,0.559363074
2023/4/26 14:30,0.492654142
2023/4/26 14:45,0.532296411
2023/4/26 15:00,0.50708987
2023/4/26 15:15,0.445492192
2023/4/26 15:30,0.456144214
2023/4/26 15:45,0.349094421
2023/4/26 16:00,0.277551889
2023/4/26 16:15,0.2209331
2023/4/26 16:30,0.219521466
2023/4/26 16:45,0.182543312
2023/4/26 17:00,0.182188424
2023/4/26 17:15,0.147572446
2023/4/26 17:30,0.132272859
2023/4/26 17:45,0
2023/4/26 18:00,0
2023/4/26 18:15,0
2023/4/26 18:30,0
2023/4/26 18:45,0
2023/4/26 19:00,0
2023/4/26 19:15,0
2023/4/26 19:30,0
2023/4/26 19:45,0
2023/4/26 20:00,0
2023/4/26 20:15,0
2023/4/26 20:30,0
2023/4/26 20:45,0
2023/4/26 21:00,0
2023/4/26 21:15,0
2023/4/26 21:30,0
2023/4/26 21:45,0
2023/4/26 22:00,0
2023/4/26 22:15,0
2023/4/26 22:30,0
2023/4/26 22:45,0
2023/4/26 23:00,0
2023/4/26 23:15,0
2023/4/26 23:30,0
2023/4/26 23:45,0
2023/4/27 0:00,0
2023/4/27 0:15,0
2023/4/27 0:30,0
2023/4/27 0:45,0
2023/4/27 1:00,0
2023/4/27 1:15,0
2023/4/27 1:30,0
2023/4/27 1:45,0
2023/4/27 2:00,0
2023/4/27 2:15,0
2023/4/27 2:30,0
2023/4/27 2:45,0
2023/4/27 3:00,0
2023/4/27 3:15,0
2023/4/27 3:30,0
2023/4/27 3:45,0
2023/4/27 4:00,0
2023/4/27 4:15,0
2023/4/27 4:30,0
2023/4/27 4:45,0
2023/4/27 5:00,0
2023/4/27 5:15,0
2023/4/27 5:30,0
2023/4/27 5:45,0
2023/4/27 6:00,0
2023/4/27 6:15,0
2023/4/27 6:30,0
2023/4/27 6:45,0
2023/4/27 7:00,0
2023/4/27 7:15,0
2023/4/27 7:30,0
2023/4/27 7:45,0
2023/4/27 8:00,0
2023/4/27 8:15,0
2023/4/27 8:30,0
2023/4/27 8:45,0.014614075
2023/4/27 9:00,0.022981985
2023/4/27 9:15,0.033687211
2023/4/27 9:30,0.060766183
2023/4/27 9:45,0.110873177
2023/4/27 10:00,0.128577652
2023/4/27 10:15,0.15629729
2023/4/27 10:30,0.178041706
2023/4/27 10:45,0.202050734
2023/4/27 11:00,0.208613705
2023/4/27 11:15,0.208642423
2023/4/27 11:30,0.307806898
2023/4/27 11:45,0.37969793
2023/4/27 12:00,0.44518181
2023/4/27 12:15,0.485863049
2023/4/27 12:30,0.504980023
2023/4/27 12:45,0.564735741
2023/4/27 13:00,0.571614457
2023/4/27 13:15,0.584153603
2023/4/27 13:30,0.53475867
2023/4/27 13:45,0.622869461
2023/4/27 14:00,0.649041423
2023/4/27 14:15,0.564183448
2023/4/27 14:30,0.498813518
2023/4/27 14:45,0.511928753
2023/4/27 15:00,0.50116166
2023/4/27 15:15,0.459698272
2023/4/27 15:30,0.458646163
2023/4/27 15:45,0.349821722
2023/4/27 16:00,0.283084901
2023/4/27 16:15,0.234765209
2023/4/27 16:30,0.219947813
2023/4/27 16:45,0.183712126
2023/4/27 17:00,0.187299686
2023/4/27 17:15,0.147810882
2023/4/27 17:30,0.135418123
2023/4/27 17:45,0
2023/4/27 18:00,0
2023/4/27 18:15,0
2023/4/27 18:30,0
2023/4/27 18:45,0
2023/4/27 19:00,0
2023/4/27 19:15,0
2023/4/27 19:30,0
2023/4/27 19:45,0
2023/4/27 20:00,0
2023/4/27 20:15,0
2023/4/27 20:30,0
2023/4/27 20:45,0
2023/4/27 21:00,0
2023/4/27 21:15,0
2023/4/27 21:30,0
2023/4/27 21:45,0
2023/4/27 22:00,0
2023/4/27 22:15,0
2023/4/27 22:30,0
2023/4/27 22:45,0
2023/4/27 23:00,0
2023/4/27 23:15,0
2023/4/27 23:30,0
2023/4/27 23:45,0
2023/4/28 0:00,0
2023/4/28 0:15,0
2023/4/28 0:30,0
2023/4/28 0:45,0
2023/4/28 1:00,0
2023/4/28 1:15,0
2023/4/28 1:30,0
2023/4/28 1:45,0
2023/4/28 2:00,0
2023/4/28 2:15,0
2023/4/28 2:30,0
2023/4/28 2:45,0
2023/4/28 3:00,0
2023/4/28 3:15,0
2023/4/28 3:30,0
2023/4/28 3:45,0
2023/4/28 4:00,0
2023/4/28 4:15,0
2023/4/28 4:30,0
2023/4/28 4:45,0
2023/4/28 5:00,0
2023/4/28 5:15,0
2023/4/28 5:30,0
2023/4/28 5:45,0
2023/4/28 6:00,0
2023/4/28 6:15,0
2023/4/28 6:30,0
2023/4/28 6:45,0
2023/4/28 7:00,0
2023/4/28 7:15,0
2023/4/28 7:30,0
2023/4/28 7:45,0
2023/4/28 8:00,0
2023/4/28 8:15,0
2023/4/28 8:30,0
2023/4/28 8:45,0.014991499
2023/4/28 9:00,0.023581974
2023/4/28 9:15,0.035201279
2023/4/28 9:30,0.065083852
2023/4/28 9:45,0.111489649
2023/4/28 10:00,0.129639519
2023/4/28 10:15,0.155599024
2023/4/28 10:30,0.176996512
2023/4/28 10:45,0.204408078
2023/4/28 11:00,0.211855377
2023/4/28 11:15,0.2184572
2023/4/28 11:30,0.328442983
2023/4/28 11:45,0.412840673
2023/4/28 12:00,0.476841088
2023/4/28 12:15,0.502197425
2023/4/28 12:30,0.529663366
2023/4/28 12:45,0.58710998
2023/4/28 13:00,0.579202869
2023/4/28 13:15,0.587888159
2023/4/28 13:30,0.54043504
2023/4/28 13:45,0.616971777
2023/4/28 14:00,0.632472656
2023/4/28 14:15,0.554683464
2023/4/28 14:30,0.505953973
2023/4/28 14:45,0.522376794
2023/4/28 15:00,0.507510863
2023/4/28 15:15,0.456167713
2023/4/28 15:30,0.449340217
2023/4/28 15:45,0.356189915
2023/4/28 16:00,0.289718867
2023/4/28 16:15,0.234383248
2023/4/28 16:30,0.22578954
2023/4/28 16:45,0.187652577
2023/4/28 17:00,0.183717352
2023/4/28 17:15,0.149247282
2023/4/28 17:30,0.139073223
2023/4/28 17:45,0
2023/4/28 18:00,0
2023/4/28 18:15,0
2023/4/28 18:30,0
2023/4/28 18:45,0
2023/4/28 19:00,0
2023/4/28 19:15,0
2023/4/28 19:30,0
2023/4/28 19:45,0
2023/4/28 20:00,0
2023/4/28 20:15,0
2023/4/28 20:30,0
2023/4/28 20:45,0
2023/4/28 21:00,0
2023/4/28 21:15,0
2023/4/28 21:30,0
2023/4/28 21:45,0
2023/4/28 22:00,0
2023/4/28 22:15,0
2023/4/28 22:30,0
2023/4/28 22:45,0
2023/4/28 23:00,0
2023/4/28 23:15,0
2023/4/28 23:30,0
2023/4/28 23:45,0
2023/4/29 0:00,0
2023/4/29 0:15,0
2023/4/29 0:30,0
2023/4/29 0:45,0
2023/4/29 1:00,0
2023/4/29 1:15,0
2023/4/29 1:30,0
2023/4/29 1:45,0
2023/4/29 2:00,0
2023/4/29 2:15,0
2023/4/29 2:30,0
2023/4/29 2:45,0
2023/4/29 3:00,0
2023/4/29 3:15,0
2023/4/29 3:30,0
2023/4/29 3:45,0
2023/4/29 4:00,0
2023/4/29 4:15,0
2023/4/29 4:30,0
2023/4/29 4:45,0
2023/4/29 5:00,0
2023/4/29 5:15,0
2023/4/29 5:30,0
2023/4/29 5:45,0
2023/4/29 6:00,0
2023/4/29 6:15,0
2023/4/29 6:30,0
2023/4/29 6:45,0
2023/4/29 7:00,0
2023/4/29 7:15,0
2023/4/29 7:30,0
2023/4/29 7:45,0
2023/4/29 8:00,0
2023/4/29 8:15,0
2023/4/29 8:30,0
2023/4/29 8:45,0.001356123
2023/4/29 9:00,0.002141517
2023/4/29 9:15,0.003166302
2023/4/29 9:30,0.005794224
2023/4/29 9:45,0.010148912
2023/4/29 10:00,0.011579512
2023/4/29 10:15,0.01400718
2023/4/29 10:30,0.016896316
2023/4/29 10:45,0.0193243
2023/4/29 11:00,0.019867218
2023/4/29 11:15,0.020454329
2023/4/29 11:30,0.029457481
2023/4/29 11:45,0.036580299
2023/4/29 12:00,0.041871671
2023/4/29 12:15,0.04471318
2023/4/29 12:30,0.04717868
2023/4/29 12:45,0.052367263
2023/4/29 13:00,0.052690334
2023/4/29 13:15,0.053088811
2023/4/29 13:30,0.04965083
2023/4/29 13:45,0.059366251
2023/4/29 14:00,0.062066558
2023/4/29 14:15,0.053062808
2023/4/29 14:30,0.046308184
2023/4/29 14:45,0.04710569
2023/4/29 15:00,0.046023342
2023/4/29 15:15,0.042679693
2023/4/29 15:30,0.041312324
2023/4/29 15:45,0.031515048
2023/4/29 16:00,0.02632567
2023/4/29 16:15,0.021942095
2023/4/29 16:30,0.020667924
2023/4/29 16:45,0.016904921
2023/4/29 17:00,0.016815802
2023/4/29 17:15,0.013848829
2023/4/29 17:30,0.01283779
2023/4/29 17:45,0
2023/4/29 18:00,0
2023/4/29 18:15,0
2023/4/29 18:30,0
2023/4/29 18:45,0
2023/4/29 19:00,0
2023/4/29 19:15,0
2023/4/29 19:30,0
2023/4/29 19:45,0
2023/4/29 20:00,0
2023/4/29 20:15,0
2023/4/29 20:30,0
2023/4/29 20:45,0
2023/4/29 21:00,0
2023/4/29 21:15,0
2023/4/29 21:30,0
2023/4/29 21:45,0
2023/4/29 22:00,0
2023/4/29 22:15,0
2023/4/29 22:30,0
2023/4/29 22:45,0
2023/4/29 23:00,0
2023/4/29 23:15,0
2023/4/29 23:30,0
2023/4/29 23:45,0
2023/4/30 0:00,0
2023/4/30 0:15,0
2023/4/30 0:30,0
2023/4/30 0:45,0
2023/4/30 1:00,0
2023/4/30 1:15,0
2023/4/30 1:30,0
2023/4/30 1:45,0
2023/4/30 2:00,0
2023/4/30 2:15,0
2023/4/30 2:30,0
2023/4/30 2:45,0
2023/4/30 3:00,0
2023/4/30 3:15,0
2023/4/30 3:30,0
2023/4/30 3:45,0
2023/4/30 4:00,0
2023/4/30 4:15,0
2023/4/30 4:30,0
2023/4/30 4:45,0
2023/4/30 5:00,0
2023/4/30 5:15,0
2023/4/30 5:30,0
2023/4/30 5:45,0
2023/4/30 6:00,0
2023/4/30 6:15,0
2023/4/30 6:30,0
2023/4/30 6:45,0
2023/4/30 7:00,0
2023/4/30 7:15,0
2023/4/30 7:30,0
2023/4/30 7:45,0
2023/4/30 8:00,0
2023/4/30 8:15,0
2023/4/30 8:30,0
2023/4/30 8:45,0.01594
2023/4/30 9:00,0.025261424
2023/4/30 9:15,0.037867484
2023/4/30 9:30,0.068790464
2023/4/30 9:45,0.115708573
2023/4/30 10:00,0.134346674
2023/4/30 10:15,0.16861813
2023/4/30 10:30,0.201302054
2023/4/30 10:45,0.221855474
2023/4/30 11:00,0.226409456
2023/4/30 11:15,0.247501684
2023/4/30 11:30,0.361803597
2023/4/30 11:45,0.447787621
2023/4/30 12:00,0.522540547
2023/4/30 12:15,0.549130286
2023/4/30 12:30,0.560758342
2023/4/30 12:45,0.624259276
2023/4/30 13:00,0.634972591
2023/4/30 13:15,0.619148078
2023/4/30 13:30,0.571954873
2023/4/30 13:45,0.702853021
2023/4/30 14:00,0.746965067
2023/4/30 14:15,0.647829978
2023/4/30 14:30,0.552164941
2023/4/30 14:45,0.552545485
2023/4/30 15:00,0.542930187
2023/4/30 15:15,0.517936798
2023/4/30 15:30,0.492364157
2023/4/30 15:45,0.364773294
2023/4/30 16:00,0.310855929
2023/4/30 16:15,0.262063932
2023/4/30 16:30,0.245350674
2023/4/30 16:45,0.198487768
2023/4/30 17:00,0.19903943
2023/4/30 17:15,0.162152198
2023/4/30 17:30,0.151618278
2023/4/30 17:45,0
2023/4/30 18:00,0
2023/4/30 18:15,0
2023/4/30 18:30,0
2023/4/30 18:45,0
2023/4/30 19:00,0
2023/4/30 19:15,0
2023/4/30 19:30,0
2023/4/30 19:45,0
2023/4/30 20:00,0
2023/4/30 20:15,0
2023/4/30 20:30,0
2023/4/30 20:45,0
2023/4/30 21:00,0
2023/4/30 21:15,0
2023/4/30 21:30,0
2023/4/30 21:45,0
2023/4/30 22:00,0
2023/4/30 22:15,0
2023/4/30 22:30,0
2023/4/30 22:45,0
2023/4/30 23:00,0
2023/4/30 23:15,0
2023/4/30 23:30,0
2023/4/30 23:45,0
2023/5/1 0:00,0
2023/5/1 0:15,0
2023/5/1 0:30,0
2023/5/1 0:45,0
2023/5/1 1:00,0
2023/5/1 1:15,0
2023/5/1 1:30,0
2023/5/1 1:45,0
2023/5/1 2:00,0
2023/5/1 2:15,0
2023/5/1 2:30,0
2023/5/1 2:45,0
2023/5/1 3:00,0
2023/5/1 3:15,0
2023/5/1 3:30,0
2023/5/1 3:45,0
2023/5/1 4:00,0
2023/5/1 4:15,0
2023/5/1 4:30,0
2023/5/1 4:45,0
2023/5/1 5:00,0
2023/5/1 5:15,0
2023/5/1 5:30,0
2023/5/1 5:45,0
2023/5/1 6:00,0
2023/5/1 6:15,0
2023/5/1 6:30,0
2023/5/1 6:45,0
2023/5/1 7:00,0
2023/5/1 7:15,0
2023/5/1 7:30,0
2023/5/1 7:45,0
2023/5/1 8:00,0
2023/5/1 8:15,0
2023/5/1 8:30,0
2023/5/1 8:45,0.098772763
2023/5/1 9:00,0.171798115
2023/5/1 9:15,0.265134094
2023/5/1 9:30,0.26497805
2023/5/1 9:45,0.253625172
2023/5/1 10:00,0.441483337
2023/5/1 10:15,0.423712178
2023/5/1 10:30,0.514832309
2023/5/1 10:45,0.60515549
2023/5/1 11:00,0.625495623
2023/5/1 11:15,0.814675549
2023/5/1 11:30,0.588647534
2023/5/1 11:45,0.680715495
2023/5/1 12:00,0.630698127
2023/5/1 12:15,0.605508077
2023/5/1 12:30,0.551484247
2023/5/1 12:45,0.536804305
2023/5/1 13:00,0.442390099
2023/5/1 13:15,0.360837446
2023/5/1 13:30,0.289832517
2023/5/1 13:45,0.242836673
2023/5/1 14:00,0.152140512
2023/5/1 14:15,0.117922351
2023/5/1 14:30,0.103008856
2023/5/1 14:45,0.078858482
2023/5/1 15:00,0.078969616
2023/5/1 15:15,0.074345984
2023/5/1 15:30,0.05184736
2023/5/1 15:45,0
2023/5/1 16:00,0
2023/5/1 16:15,0
2023/5/1 16:30,0
2023/5/1 16:45,0
2023/5/1 17:00,0
2023/5/1 17:15,0
2023/5/1 17:30,0
2023/5/1 17:45,0
2023/5/1 18:00,0
2023/5/1 18:15,0
2023/5/1 18:30,0
2023/5/1 18:45,0
2023/5/1 19:00,0
2023/5/1 19:15,0
2023/5/1 19:30,0
2023/5/1 19:45,0
2023/5/1 20:00,0
2023/5/1 20:15,0
2023/5/1 20:30,0
2023/5/1 20:45,0
2023/5/1 21:00,0
2023/5/1 21:15,0
2023/5/1 21:30,0
2023/5/1 21:45,0
2023/5/1 22:00,0
2023/5/1 22:15,0
2023/5/1 22:30,0
2023/5/1 22:45,0
2023/5/1 23:00,0
2023/5/1 23:15,0
2023/5/1 23:30,0
2023/5/1 23:45,0
2023/5/2 0:00,0
2023/5/2 0:15,0
2023/5/2 0:30,0
2023/5/2 0:45,0
2023/5/2 1:00,0
2023/5/2 1:15,0
2023/5/2 1:30,0
2023/5/2 1:45,0
2023/5/2 2:00,0
2023/5/2 2:15,0
2023/5/2 2:30,0
2023/5/2 2:45,0
2023/5/2 3:00,0
2023/5/2 3:15,0
2023/5/2 3:30,0
2023/5/2 3:45,0
2023/5/2 4:00,0
2023/5/2 4:15,0
2023/5/2 4:30,0
2023/5/2 4:45,0
2023/5/2 5:00,0
2023/5/2 5:15,0
2023/5/2 5:30,0
2023/5/2 5:45,0
2023/5/2 6:00,0
2023/5/2 6:15,0
2023/5/2 6:30,0
2023/5/2 6:45,0
2023/5/2 7:00,0
2023/5/2 7:15,0
2023/5/2 7:30,0
2023/5/2 7:45,0
2023/5/2 8:00,0
2023/5/2 8:15,0
2023/5/2 8:30,0
2023/5/2 8:45,0.107995293
2023/5/2 9:00,0.185751062
2023/5/2 9:15,0.321523141
2023/5/2 9:30,0.285623016
2023/5/2 9:45,0.302083368
2023/5/2 10:00,0.454030051
2023/5/2 10:15,0.467062309
2023/5/2 10:30,0.595807739
2023/5/2 10:45,0.685695421
2023/5/2 11:00,0.673977521
2023/5/2 11:15,0.797842031
2023/5/2 11:30,0.715410077
2023/5/2 11:45,0.699565962
2023/5/2 12:00,0.717624238
2023/5/2 12:15,0.713926134
2023/5/2 12:30,0.651205357
2023/5/2 12:45,0.541762057
2023/5/2 13:00,0.505929928
2023/5/2 13:15,0.391528534
2023/5/2 13:30,0.335721976
2023/5/2 13:45,0.26782537
2023/5/2 14:00,0.158193673
2023/5/2 14:15,0.120249055
2023/5/2 14:30,0.116311209
2023/5/2 14:45,0.082363961
2023/5/2 15:00,0.082818605
2023/5/2 15:15,0.081388956
2023/5/2 15:30,0.052970437
2023/5/2 15:45,0
2023/5/2 16:00,0
2023/5/2 16:15,0
2023/5/2 16:30,0
2023/5/2 16:45,0
2023/5/2 17:00,0
2023/5/2 17:15,0
2023/5/2 17:30,0
2023/5/2 17:45,0
2023/5/2 18:00,0
2023/5/2 18:15,0
2023/5/2 18:30,0
2023/5/2 18:45,0
2023/5/2 19:00,0
2023/5/2 19:15,0
2023/5/2 19:30,0
2023/5/2 19:45,0
2023/5/2 20:00,0
2023/5/2 20:15,0
2023/5/2 20:30,0
2023/5/2 20:45,0
2023/5/2 21:00,0
2023/5/2 21:15,0
2023/5/2 21:30,0
2023/5/2 21:45,0
2023/5/2 22:00,0
2023/5/2 22:15,0
2023/5/2 22:30,0
2023/5/2 22:45,0
2023/5/2 23:00,0
2023/5/2 23:15,0
2023/5/2 23:30,0
2023/5/2 23:45,0
2023/5/3 0:00,0
2023/5/3 0:15,0
2023/5/3 0:30,0
2023/5/3 0:45,0
2023/5/3 1:00,0
2023/5/3 1:15,0
2023/5/3 1:30,0
2023/5/3 1:45,0
2023/5/3 2:00,0
2023/5/3 2:15,0
2023/5/3 2:30,0
2023/5/3 2:45,0
2023/5/3 3:00,0
2023/5/3 3:15,0
2023/5/3 3:30,0
2023/5/3 3:45,0
2023/5/3 4:00,0
2023/5/3 4:15,0
2023/5/3 4:30,0
2023/5/3 4:45,0
2023/5/3 5:00,0
2023/5/3 5:15,0
2023/5/3 5:30,0
2023/5/3 5:45,0
2023/5/3 6:00,0
2023/5/3 6:15,0
2023/5/3 6:30,0
2023/5/3 6:45,0
2023/5/3 7:00,0
2023/5/3 7:15,0
2023/5/3 7:30,0
2023/5/3 7:45,0
2023/5/3 8:00,0
2023/5/3 8:15,0
2023/5/3 8:30,0
2023/5/3 8:45,0.104944298
2023/5/3 9:00,0.195424856
2023/5/3 9:15,0.33931257
2023/5/3 9:30,0.285026201
2023/5/3 9:45,0.312410332
2023/5/3 10:00,0.48101667
2023/5/3 10:15,0.459499787
2023/5/3 10:30,0.57373925
2023/5/3 10:45,0.718839035
2023/5/3 11:00,0.672616574
2023/5/3 11:15,0.853012536
2023/5/3 11:30,0.709915552
2023/5/3 11:45,0.764655329
2023/5/3 12:00,0.749923942
2023/5/3 12:15,0.697436127
2023/5/3 12:30,0.66391599
2023/5/3 12:45,0.576645367
2023/5/3 13:00,0.537921093
2023/5/3 13:15,0.383389127
2023/5/3 13:30,0.352261847
2023/5/3 13:45,0.258511123
2023/5/3 14:00,0.167879443
2023/5/3 14:15,0.121201172
2023/5/3 14:30,0.112822635
2023/5/3 14:45,0.083749173
2023/5/3 15:00,0.082484794
2023/5/3 15:15,0.083903112
2023/5/3 15:30,0.054158442
2023/5/3 15:45,0
2023/5/3 16:00,0
2023/5/3 16:15,0
2023/5/3 16:30,0
2023/5/3 16:45,0
2023/5/3 17:00,0
2023/5/3 17:15,0
2023/5/3 17:30,0
2023/5/3 17:45,0
2023/5/3 18:00,0
2023/5/3 18:15,0
2023/5/3 18:30,0
2023/5/3 18:45,0
2023/5/3 19:00,0
2023/5/3 19:15,0
2023/5/3 19:30,0
2023/5/3 19:45,0
2023/5/3 20:00,0
2023/5/3 20:15,0
2023/5/3 20:30,0
2023/5/3 20:45,0
2023/5/3 21:00,0
2023/5/3 21:15,0
2023/5/3 21:30,0
2023/5/3 21:45,0
2023/5/3 22:00,0
2023/5/3 22:15,0
2023/5/3 22:30,0
2023/5/3 22:45,0
2023/5/3 23:00,0
2023/5/3 23:15,0
2023/5/3 23:30,0
2023/5/3 23:45,0
2023/5/4 0:00,0
2023/5/4 0:15,0
2023/5/4 0:30,0
2023/5/4 0:45,0
2023/5/4 1:00,0
2023/5/4 1:15,0
2023/5/4 1:30,0
2023/5/4 1:45,0
2023/5/4 2:00,0
2023/5/4 2:15,0
2023/5/4 2:30,0
2023/5/4 2:45,0
2023/5/4 3:00,0
2023/5/4 3:15,0
2023/5/4 3:30,0
2023/5/4 3:45,0
2023/5/4 4:00,0
2023/5/4 4:15,0
2023/5/4 4:30,0
2023/5/4 4:45,0
2023/5/4 5:00,0
2023/5/4 5:15,0
2023/5/4 5:30,0
2023/5/4 5:45,0
2023/5/4 6:00,0
2023/5/4 6:15,0
2023/5/4 6:30,0
2023/5/4 6:45,0
2023/5/4 7:00,0
2023/5/4 7:15,0
2023/5/4 7:30,0
2023/5/4 7:45,0
2023/5/4 8:00,0
2023/5/4 8:15,0
2023/5/4 8:30,0
2023/5/4 8:45,0.106403425
2023/5/4 9:00,0.182919085
2023/5/4 9:15,0.292958665
2023/5/4 9:30,0.237074023
2023/5/4 9:45,0.296640939
2023/5/4 10:00,0.414116672
2023/5/4 10:15,0.387721319
2023/5/4 10:30,0.568643893
2023/5/4 10:45,0.587624842
2023/5/4 11:00,0.69350545
2023/5/4 11:15,0.755137145
2023/5/4 11:30,0.684826196
2023/5/4 11:45,0.760808434
2023/5/4 12:00,0.676291377
2023/5/4 12:15,0.642202621
2023/5/4 12:30,0.581976985
2023/5/4 12:45,0.530362124
2023/5/4 13:00,0.469982312
2023/5/4 13:15,0.342753709
2023/5/4 13:30,0.296947989
2023/5/4 13:45,0.223973522
2023/5/4 14:00,0.153603875
2023/5/4 14:15,0.11376216
2023/5/4 14:30,0.109814947
2023/5/4 14:45,0.076323235
2023/5/4 15:00,0.082959593
2023/5/4 15:15,0.070617173
2023/5/4 15:30,0.053396164
2023/5/4 15:45,0
2023/5/4 16:00,0
2023/5/4 16:15,0
2023/5/4 16:30,0
2023/5/4 16:45,0
2023/5/4 17:00,0
2023/5/4 17:15,0
2023/5/4 17:30,0
2023/5/4 17:45,0
2023/5/4 18:00,0
2023/5/4 18:15,0
2023/5/4 18:30,0
2023/5/4 18:45,0
2023/5/4 19:00,0
2023/5/4 19:15,0
2023/5/4 19:30,0
2023/5/4 19:45,0
2023/5/4 20:00,0
2023/5/4 20:15,0
2023/5/4 20:30,0
2023/5/4 20:45,0
2023/5/4 21:00,0
2023/5/4 21:15,0
2023/5/4 21:30,0
2023/5/4 21:45,0
2023/5/4 22:00,0
2023/5/4 22:15,0
2023/5/4 22:30,0
2023/5/4 22:45,0
2023/5/4 23:00,0
2023/5/4 23:15,0
2023/5/4 23:30,0
2023/5/4 23:45,0
2023/5/5 0:00,0
2023/5/5 0:15,0
2023/5/5 0:30,0
2023/5/5 0:45,0
2023/5/5 1:00,0
2023/5/5 1:15,0
2023/5/5 1:30,0
2023/5/5 1:45,0
2023/5/5 2:00,0
2023/5/5 2:15,0
2023/5/5 2:30,0
2023/5/5 2:45,0
2023/5/5 3:00,0
2023/5/5 3:15,0
2023/5/5 3:30,0
2023/5/5 3:45,0
2023/5/5 4:00,0
2023/5/5 4:15,0
2023/5/5 4:30,0
2023/5/5 4:45,0
2023/5/5 5:00,0
2023/5/5 5:15,0
2023/5/5 5:30,0
2023/5/5 5:45,0
2023/5/5 6:00,0
2023/5/5 6:15,0
2023/5/5 6:30,0
2023/5/5 6:45,0
2023/5/5 7:00,0
2023/5/5 7:15,0
2023/5/5 7:30,0
2023/5/5 7:45,0
2023/5/5 8:00,0
2023/5/5 8:15,0
2023/5/5 8:30,0
2023/5/5 8:45,0.10029712
2023/5/5 9:00,0.159907009
2023/5/5 9:15,0.283762545
2023/5/5 9:30,0.253604032
2023/5/5 9:45,0.308163635
2023/5/5 10:00,0.433210852
2023/5/5 10:15,0.402076397
2023/5/5 10:30,0.476388101
2023/5/5 10:45,0.58221525
2023/5/5 11:00,0.612439249
2023/5/5 11:15,0.746424912
2023/5/5 11:30,0.594016053
2023/5/5 11:45,0.571161339
2023/5/5 12:00,0.625969354
2023/5/5 12:15,0.556054835
2023/5/5 12:30,0.564233054
2023/5/5 12:45,0.541255215
2023/5/5 13:00,0.470423745
2023/5/5 13:15,0.344418777
2023/5/5 13:30,0.285341869
2023/5/5 13:45,0.217397928
2023/5/5 14:00,0.13430054
2023/5/5 14:15,0.10137786
2023/5/5 14:30,0.087580424
2023/5/5 14:45,0.075334683
2023/5/5 15:00,0.075671103
2023/5/5 15:15,0.071961663
2023/5/5 15:30,0.043907787
2023/5/5 15:45,0
2023/5/5 16:00,0
2023/5/5 16:15,0
2023/5/5 16:30,0
2023/5/5 16:45,0
2023/5/5 17:00,0
2023/5/5 17:15,0
2023/5/5 17:30,0
2023/5/5 17:45,0
2023/5/5 18:00,0
2023/5/5 18:15,0
2023/5/5 18:30,0
2023/5/5 18:45,0
2023/5/5 19:00,0
2023/5/5 19:15,0
2023/5/5 19:30,0
2023/5/5 19:45,0
2023/5/5 20:00,0
2023/5/5 20:15,0
2023/5/5 20:30,0
2023/5/5 20:45,0
2023/5/5 21:00,0
2023/5/5 21:15,0
2023/5/5 21:30,0
2023/5/5 21:45,0
2023/5/5 22:00,0
2023/5/5 22:15,0
2023/5/5 22:30,0
2023/5/5 22:45,0
2023/5/5 23:00,0
2023/5/5 23:15,0
2023/5/5 23:30,0
2023/5/5 23:45,0
2023/5/6 0:00,0
2023/5/6 0:15,0
2023/5/6 0:30,0
2023/5/6 0:45,0
2023/5/6 1:00,0
2023/5/6 1:15,0
2023/5/6 1:30,0
2023/5/6 1:45,0
2023/5/6 2:00,0
2023/5/6 2:15,0
2023/5/6 2:30,0
2023/5/6 2:45,0
2023/5/6 3:00,0
2023/5/6 3:15,0
2023/5/6 3:30,0
2023/5/6 3:45,0
2023/5/6 4:00,0
2023/5/6 4:15,0
2023/5/6 4:30,0
2023/5/6 4:45,0
2023/5/6 5:00,0
2023/5/6 5:15,0
2023/5/6 5:30,0
2023/5/6 5:45,0
2023/5/6 6:00,0
2023/5/6 6:15,0
2023/5/6 6:30,0
2023/5/6 6:45,0
2023/5/6 7:00,0
2023/5/6 7:15,0
2023/5/6 7:30,0
2023/5/6 7:45,0
2023/5/6 8:00,0
2023/5/6 8:15,0
2023/5/6 8:30,0
2023/5/6 8:45,0.095575115
2023/5/6 9:00,0.149308416
2023/5/6 9:15,0.282844728
2023/5/6 9:30,0.23461707
2023/5/6 9:45,0.269711723
2023/5/6 10:00,0.368796647
2023/5/6 10:15,0.386844728
2023/5/6 10:30,0.501125622
2023/5/6 10:45,0.577206216
2023/5/6 11:00,0.674883011
2023/5/6 11:15,0.716315031
2023/5/6 11:30,0.648438524
2023/5/6 11:45,0.676653091
2023/5/6 12:00,0.654304064
2023/5/6 12:15,0.583560746
2023/5/6 12:30,0.584322716
2023/5/6 12:45,0.486664737
2023/5/6 13:00,0.469375051
2023/5/6 13:15,0.326944059
2023/5/6 13:30,0.299189647
2023/5/6 13:45,0.221024158
2023/5/6 14:00,0.12207115
2023/5/6 14:15,0.097509561
2023/5/6 14:30,0.099841835
2023/5/6 14:45,0.074831698
2023/5/6 15:00,0.072336615
2023/5/6 15:15,0.067587415
2023/5/6 15:30,0.048053071
2023/5/6 15:45,0
2023/5/6 16:00,0
2023/5/6 16:15,0
2023/5/6 16:30,0
2023/5/6 16:45,0
2023/5/6 17:00,0
2023/5/6 17:15,0
2023/5/6 17:30,0
2023/5/6 17:45,0
2023/5/6 18:00,0
2023/5/6 18:15,0
2023/5/6 18:30,0
2023/5/6 18:45,0
2023/5/6 19:00,0
2023/5/6 19:15,0
2023/5/6 19:30,0
2023/5/6 19:45,0
2023/5/6 20:00,0
2023/5/6 20:15,0
2023/5/6 20:30,0
2023/5/6 20:45,0
2023/5/6 21:00,0
2023/5/6 21:15,0
2023/5/6 21:30,0
2023/5/6 21:45,0
2023/5/6 22:00,0
2023/5/6 22:15,0
2023/5/6 22:30,0
2023/5/6 22:45,0
2023/5/6 23:00,0
2023/5/6 23:15,0
2023/5/6 23:30,0
2023/5/6 23:45,0
2023/5/7 0:00,0
2023/5/7 0:15,0
2023/5/7 0:30,0
2023/5/7 0:45,0
2023/5/7 1:00,0
2023/5/7 1:15,0
2023/5/7 1:30,0
2023/5/7 1:45,0
2023/5/7 2:00,0
2023/5/7 2:15,0
2023/5/7 2:30,0
2023/5/7 2:45,0
2023/5/7 3:00,0
2023/5/7 3:15,0
2023/5/7 3:30,0
2023/5/7 3:45,0
2023/5/7 4:00,0
2023/5/7 4:15,0
2023/5/7 4:30,0
2023/5/7 4:45,0
2023/5/7 5:00,0
2023/5/7 5:15,0
2023/5/7 5:30,0
2023/5/7 5:45,0
2023/5/7 6:00,0
2023/5/7 6:15,0
2023/5/7 6:30,0
2023/5/7 6:45,0
2023/5/7 7:00,0
2023/5/7 7:15,0
2023/5/7 7:30,0
2023/5/7 7:45,0
2023/5/7 8:00,0
2023/5/7 8:15,0
2023/5/7 8:30,0
2023/5/7 8:45,0.103990663
2023/5/7 9:00,0.170791377
2023/5/7 9:15,0.300971781
2023/5/7 9:30,0.221346279
2023/5/7 9:45,0.291961837
2023/5/7 10:00,0.425799306
2023/5/7 10:15,0.446916585
2023/5/7 10:30,0.534229868
2023/5/7 10:45,0.602724326
2023/5/7 11:00,0.610950844
2023/5/7 11:15,0.705887476
2023/5/7 11:30,0.576115815
2023/5/7 11:45,0.701946325
2023/5/7 12:00,0.656516517
2023/5/7 12:15,0.590572682
2023/5/7 12:30,0.622986886
2023/5/7 12:45,0.527940031
2023/5/7 13:00,0.45629176
2023/5/7 13:15,0.331404541
2023/5/7 13:30,0.308873184
2023/5/7 13:45,0.221732512
2023/5/7 14:00,0.144978553
2023/5/7 14:15,0.105900349
2023/5/7 14:30,0.105949953
2023/5/7 14:45,0.069033349
2023/5/7 15:00,0.066007785
2023/5/7 15:15,0.069425606
2023/5/7 15:30,0.047088013
2023/5/7 15:45,0
2023/5/7 16:00,0
2023/5/7 16:15,0
2023/5/7 16:30,0
2023/5/7 16:45,0
2023/5/7 17:00,0
2023/5/7 17:15,0
2023/5/7 17:30,0
2023/5/7 17:45,0
2023/5/7 18:00,0
2023/5/7 18:15,0
2023/5/7 18:30,0
2023/5/7 18:45,0
2023/5/7 19:00,0
2023/5/7 19:15,0
2023/5/7 19:30,0
2023/5/7 19:45,0
2023/5/7 20:00,0
2023/5/7 20:15,0
2023/5/7 20:30,0
2023/5/7 20:45,0
2023/5/7 21:00,0
2023/5/7 21:15,0
2023/5/7 21:30,0
2023/5/7 21:45,0
2023/5/7 22:00,0
2023/5/7 22:15,0
2023/5/7 22:30,0
2023/5/7 22:45,0
2023/5/7 23:00,0
2023/5/7 23:15,0
2023/5/7 23:30,0
2023/5/7 23:45,0
2023/5/8 0:00,0
2023/5/8 0:15,0
2023/5/8 0:30,0
2023/5/8 0:45,0
2023/5/8 1:00,0
2023/5/8 1:15,0
2023/5/8 1:30,0
2023/5/8 1:45,0
2023/5/8 2:00,0
2023/5/8 2:15,0
2023/5/8 2:30,0
2023/5/8 2:45,0
2023/5/8 3:00,0
2023/5/8 3:15,0
2023/5/8 3:30,0
2023/5/8 3:45,0
2023/5/8 4:00,0
2023/5/8 4:15,0
2023/5/8 4:30,0
2023/5/8 4:45,0
2023/5/8 5:00,0
2023/5/8 5:15,0
2023/5/8 5:30,0
2023/5/8 5:45,0
2023/5/8 6:00,0
2023/5/8 6:15,0
2023/5/8 6:30,0
2023/5/8 6:45,0
2023/5/8 7:00,0
2023/5/8 7:15,0
2023/5/8 7:30,0
2023/5/8 7:45,0
2023/5/8 8:00,0
2023/5/8 8:15,0
2023/5/8 8:30,0
2023/5/8 8:45,0.097329194
2023/5/8 9:00,0.160791055
2023/5/8 9:15,0.313833121
2023/5/8 9:30,0.26202994
2023/5/8 9:45,0.274457161
2023/5/8 10:00,0.43420601
2023/5/8 10:15,0.419669809
2023/5/8 10:30,0.510210619
2023/5/8 10:45,0.610173478
2023/5/8 11:00,0.615450542
2023/5/8 11:15,0.692230775
2023/5/8 11:30,0.600397757
2023/5/8 11:45,0.603308547
2023/5/8 12:00,0.623630834
2023/5/8 12:15,0.585147082
2023/5/8 12:30,0.559463643
2023/5/8 12:45,0.537341845
2023/5/8 13:00,0.449309936
2023/5/8 13:15,0.32445859
2023/5/8 13:30,0.311786754
2023/5/8 13:45,0.232680316
2023/5/8 14:00,0.135250705
2023/5/8 14:15,0.104861646
2023/5/8 14:30,0.102269066
2023/5/8 14:45,0.072211289
2023/5/8 15:00,0.070528398
2023/5/8 15:15,0.077827628
2023/5/8 15:30,0.043317489
2023/5/8 15:45,0
2023/5/8 16:00,0
2023/5/8 16:15,0
2023/5/8 16:30,0
2023/5/8 16:45,0
2023/5/8 17:00,0
2023/5/8 17:15,0
2023/5/8 17:30,0
2023/5/8 17:45,0
2023/5/8 18:00,0
2023/5/8 18:15,0
2023/5/8 18:30,0
2023/5/8 18:45,0
2023/5/8 19:00,0
2023/5/8 19:15,0
2023/5/8 19:30,0
2023/5/8 19:45,0
2023/5/8 20:00,0
2023/5/8 20:15,0
2023/5/8 20:30,0
2023/5/8 20:45,0
2023/5/8 21:00,0
2023/5/8 21:15,0
2023/5/8 21:30,0
2023/5/8 21:45,0
2023/5/8 22:00,0
2023/5/8 22:15,0
2023/5/8 22:30,0
2023/5/8 22:45,0
2023/5/8 23:00,0
2023/5/8 23:15,0
2023/5/8 23:30,0
2023/5/8 23:45,0
2023/5/9 0:00,0
2023/5/9 0:15,0
2023/5/9 0:30,0
2023/5/9 0:45,0
2023/5/9 1:00,0
2023/5/9 1:15,0
2023/5/9 1:30,0
2023/5/9 1:45,0
2023/5/9 2:00,0
2023/5/9 2:15,0
2023/5/9 2:30,0
2023/5/9 2:45,0
2023/5/9 3:00,0
2023/5/9 3:15,0
2023/5/9 3:30,0
2023/5/9 3:45,0
2023/5/9 4:00,0
2023/5/9 4:15,0
2023/5/9 4:30,0
2023/5/9 4:45,0
2023/5/9 5:00,0
2023/5/9 5:15,0
2023/5/9 5:30,0
2023/5/9 5:45,0
2023/5/9 6:00,0
2023/5/9 6:15,0
2023/5/9 6:30,0
2023/5/9 6:45,0
2023/5/9 7:00,0
2023/5/9 7:15,0
2023/5/9 7:30,0
2023/5/9 7:45,0
2023/5/9 8:00,0
2023/5/9 8:15,0
2023/5/9 8:30,0
2023/5/9 8:45,0.10866498
2023/5/9 9:00,0.174030537
2023/5/9 9:15,0.329506363
2023/5/9 9:30,0.259802197
2023/5/9 9:45,0.291794382
2023/5/9 10:00,0.41777433
2023/5/9 10:15,0.428350736
2023/5/9 10:30,0.548092416
2023/5/9 10:45,0.61994927
2023/5/9 11:00,0.658162961
2023/5/9 11:15,0.739114546
2023/5/9 11:30,0.648727679
2023/5/9 11:45,0.674337572
2023/5/9 12:00,0.741854837
2023/5/9 12:15,0.664602047
2023/5/9 12:30,0.575991956
2023/5/9 12:45,0.55291292
2023/5/9 13:00,0.458839751
2023/5/9 13:15,0.3452171
2023/5/9 13:30,0.299201042
2023/5/9 13:45,0.222970271
2023/5/9 14:00,0.148859697
2023/5/9 14:15,0.117028813
2023/5/9 14:30,0.097515471
2023/5/9 14:45,0.081291591
2023/5/9 15:00,0.070558067
2023/5/9 15:15,0.07298156
2023/5/9 15:30,0.046619864
2023/5/9 15:45,0
2023/5/9 16:00,0
2023/5/9 16:15,0
2023/5/9 16:30,0
2023/5/9 16:45,0
2023/5/9 17:00,0
2023/5/9 17:15,0
2023/5/9 17:30,0
2023/5/9 17:45,0
2023/5/9 18:00,0
2023/5/9 18:15,0
2023/5/9 18:30,0
2023/5/9 18:45,0
2023/5/9 19:00,0
2023/5/9 19:15,0
2023/5/9 19:30,0
2023/5/9 19:45,0
2023/5/9 20:00,0
2023/5/9 20:15,0
2023/5/9 20:30,0
2023/5/9 20:45,0
2023/5/9 21:00,0
2023/5/9 21:15,0
2023/5/9 21:30,0
2023/5/9 21:45,0
2023/5/9 22:00,0
2023/5/9 22:15,0
2023/5/9 22:30,0
2023/5/9 22:45,0
2023/5/9 23:00,0
2023/5/9 23:15,0
2023/5/9 23:30,0
2023/5/9 23:45,0
2023/5/10 0:00,0
2023/5/10 0:15,0
2023/5/10 0:30,0
2023/5/10 0:45,0
2023/5/10 1:00,0
2023/5/10 1:15,0
2023/5/10 1:30,0
2023/5/10 1:45,0
2023/5/10 2:00,0
2023/5/10 2:15,0
2023/5/10 2:30,0
2023/5/10 2:45,0
2023/5/10 3:00,0
2023/5/10 3:15,0
2023/5/10 3:30,0
2023/5/10 3:45,0
2023/5/10 4:00,0
2023/5/10 4:15,0
2023/5/10 4:30,0
2023/5/10 4:45,0
2023/5/10 5:00,0
2023/5/10 5:15,0
2023/5/10 5:30,0
2023/5/10 5:45,0
2023/5/10 6:00,0
2023/5/10 6:15,0
2023/5/10 6:30,0
2023/5/10 6:45,0
2023/5/10 7:00,0
2023/5/10 7:15,0
2023/5/10 7:30,0
2023/5/10 7:45,0
2023/5/10 8:00,0
2023/5/10 8:15,0
2023/5/10 8:30,0
2023/5/10 8:45,0.103552878
2023/5/10 9:00,0.161156351
2023/5/10 9:15,0.311233445
2023/5/10 9:30,0.253118778
2023/5/10 9:45,0.315512756
2023/5/10 10:00,0.443020335
2023/5/10 10:15,0.434426995
2023/5/10 10:30,0.524550118
2023/5/10 10:45,0.693817541
2023/5/10 11:00,0.625448032
2023/5/10 11:15,0.776886265
2023/5/10 11:30,0.713646401
2023/5/10 11:45,0.704425425
2023/5/10 12:00,0.674645678
2023/5/10 12:15,0.658199526
2023/5/10 12:30,0.605523587
2023/5/10 12:45,0.533232586
2023/5/10 13:00,0.488039332
2023/5/10 13:15,0.35112688
2023/5/10 13:30,0.324727599
2023/5/10 13:45,0.254045764
2023/5/10 14:00,0.136748995
2023/5/10 14:15,0.108779297
2023/5/10 14:30,0.098872851
2023/5/10 14:45,0.078133853
2023/5/10 15:00,0.068152149
2023/5/10 15:15,0.065070537
2023/5/10 15:30,0.050444893
2023/5/10 15:45,0
2023/5/10 16:00,0
2023/5/10 16:15,0
2023/5/10 16:30,0
2023/5/10 16:45,0
2023/5/10 17:00,0
2023/5/10 17:15,0
2023/5/10 17:30,0
2023/5/10 17:45,0
2023/5/10 18:00,0
2023/5/10 18:15,0
2023/5/10 18:30,0
2023/5/10 18:45,0
2023/5/10 19:00,0
2023/5/10 19:15,0
2023/5/10 19:30,0
2023/5/10 19:45,0
2023/5/10 20:00,0
2023/5/10 20:15,0
2023/5/10 20:30,0
2023/5/10 20:45,0
2023/5/10 21:00,0
2023/5/10 21:15,0
2023/5/10 21:30,0
2023/5/10 21:45,0
2023/5/10 22:00,0
2023/5/10 22:15,0
2023/5/10 22:30,0
2023/5/10 22:45,0
2023/5/10 23:00,0
2023/5/10 23:15,0
2023/5/10 23:30,0
2023/5/10 23:45,0
2023/5/11 0:00,0
2023/5/11 0:15,0
2023/5/11 0:30,0
2023/5/11 0:45,0
2023/5/11 1:00,0
2023/5/11 1:15,0
2023/5/11 1:30,0
2023/5/11 1:45,0
2023/5/11 2:00,0
2023/5/11 2:15,0
2023/5/11 2:30,0
2023/5/11 2:45,0
2023/5/11 3:00,0
2023/5/11 3:15,0
2023/5/11 3:30,0
2023/5/11 3:45,0
2023/5/11 4:00,0
2023/5/11 4:15,0
2023/5/11 4:30,0
2023/5/11 4:45,0
2023/5/11 5:00,0
2023/5/11 5:15,0
2023/5/11 5:30,0
2023/5/11 5:45,0
2023/5/11 6:00,0
2023/5/11 6:15,0
2023/5/11 6:30,0
2023/5/11 6:45,0
2023/5/11 7:00,0
2023/5/11 7:15,0
2023/5/11 7:30,0
2023/5/11 7:45,0
2023/5/11 8:00,0
2023/5/11 8:15,0
2023/5/11 8:30,0
2023/5/11 8:45,0.116838051
2023/5/11 9:00,0.194423774
2023/5/11 9:15,0.332278582
2023/5/11 9:30,0.28710043
2023/5/11 9:45,0.33906265
2023/5/11 10:00,0.472351622
2023/5/11 10:15,0.474593632
2023/5/11 10:30,0.583599956
2023/5/11 10:45,0.7342651
2023/5/11 11:00,0.718009803
2023/5/11 11:15,0.833423768
2023/5/11 11:30,0.720317519
2023/5/11 11:45,0.750375516
2023/5/11 12:00,0.765069105
2023/5/11 12:15,0.693944841
2023/5/11 12:30,0.673153393
2023/5/11 12:45,0.580216791
2023/5/11 13:00,0.517075223
2023/5/11 13:15,0.383189309
2023/5/11 13:30,0.346212008
2023/5/11 13:45,0.255619174
2023/5/11 14:00,0.153088726
2023/5/11 14:15,0.123806629
2023/5/11 14:30,0.110359873
2023/5/11 14:45,0.07981407
2023/5/11 15:00,0.086127165
2023/5/11 15:15,0.078835568
2023/5/11 15:30,0.052912945
2023/5/11 15:45,0
2023/5/11 16:00,0
2023/5/11 16:15,0
2023/5/11 16:30,0
2023/5/11 16:45,0
2023/5/11 17:00,0
2023/5/11 17:15,0
2023/5/11 17:30,0
2023/5/11 17:45,0
2023/5/11 18:00,0
2023/5/11 18:15,0
2023/5/11 18:30,0
2023/5/11 18:45,0
2023/5/11 19:00,0
2023/5/11 19:15,0
2023/5/11 19:30,0
2023/5/11 19:45,0
2023/5/11 20:00,0
2023/5/11 20:15,0
2023/5/11 20:30,0
2023/5/11 20:45,0
2023/5/11 21:00,0
2023/5/11 21:15,0
2023/5/11 21:30,0
2023/5/11 21:45,0
2023/5/11 22:00,0
2023/5/11 22:15,0
2023/5/11 22:30,0
2023/5/11 22:45,0
2023/5/11 23:00,0
2023/5/11 23:15,0
2023/5/11 23:30,0
2023/5/11 23:45,0
2023/5/12 0:00,0
2023/5/12 0:15,0
2023/5/12 0:30,0
2023/5/12 0:45,0
2023/5/12 1:00,0
2023/5/12 1:15,0
2023/5/12 1:30,0
2023/5/12 1:45,0
2023/5/12 2:00,0
2023/5/12 2:15,0
2023/5/12 2:30,0
2023/5/12 2:45,0
2023/5/12 3:00,0
2023/5/12 3:15,0
2023/5/12 3:30,0
2023/5/12 3:45,0
2023/5/12 4:00,0
2023/5/12 4:15,0
2023/5/12 4:30,0
2023/5/12 4:45,0
2023/5/12 5:00,0
2023/5/12 5:15,0
2023/5/12 5:30,0
2023/5/12 5:45,0
2023/5/12 6:00,0
2023/5/12 6:15,0
2023/5/12 6:30,0
2023/5/12 6:45,0
2023/5/12 7:00,0
2023/5/12 7:15,0
2023/5/12 7:30,0
2023/5/12 7:45,0
2023/5/12 8:00,0
2023/5/12 8:15,0
2023/5/12 8:30,0
2023/5/12 8:45,0.108524467
2023/5/12 9:00,0.17586324
2023/5/12 9:15,0.316760629
2023/5/12 9:30,0.259776372
2023/5/12 9:45,0.298291132
2023/5/12 10:00,0.466340325
2023/5/12 10:15,0.414460976
2023/5/12 10:30,0.559725762
2023/5/12 10:45,0.745466585
2023/5/12 11:00,0.658288439
2023/5/12 11:15,0.761704916
2023/5/12 11:30,0.660118918
2023/5/12 11:45,0.613677999
2023/5/12 12:00,0.710648278
2023/5/12 12:15,0.635861261
2023/5/12 12:30,0.646742529
2023/5/12 12:45,0.53697973
2023/5/12 13:00,0.493109166
2023/5/12 13:15,0.369852801
2023/5/12 13:30,0.325549221
2023/5/12 13:45,0.239006257
2023/5/12 14:00,0.151521769
2023/5/12 14:15,0.114968962
2023/5/12 14:30,0.098517202
2023/5/12 14:45,0.079263387
2023/5/12 15:00,0.07339461
2023/5/12 15:15,0.073488579
2023/5/12 15:30,0.051288654
2023/5/12 15:45,0
2023/5/12 16:00,0
2023/5/12 16:15,0
2023/5/12 16:30,0
2023/5/12 16:45,0
2023/5/12 17:00,0
2023/5/12 17:15,0
2023/5/12 17:30,0
2023/5/12 17:45,0
2023/5/12 18:00,0
2023/5/12 18:15,0
2023/5/12 18:30,0
2023/5/12 18:45,0
2023/5/12 19:00,0
2023/5/12 19:15,0
2023/5/12 19:30,0
2023/5/12 19:45,0
2023/5/12 20:00,0
2023/5/12 20:15,0
2023/5/12 20:30,0
2023/5/12 20:45,0
2023/5/12 21:00,0
2023/5/12 21:15,0
2023/5/12 21:30,0
2023/5/12 21:45,0
2023/5/12 22:00,0
2023/5/12 22:15,0
2023/5/12 22:30,0
2023/5/12 22:45,0
2023/5/12 23:00,0
2023/5/12 23:15,0
2023/5/12 23:30,0
2023/5/12 23:45,0
2023/5/13 0:00,0
2023/5/13 0:15,0
2023/5/13 0:30,0
2023/5/13 0:45,0
2023/5/13 1:00,0
2023/5/13 1:15,0
2023/5/13 1:30,0
2023/5/13 1:45,0
2023/5/13 2:00,0
2023/5/13 2:15,0
2023/5/13 2:30,0
2023/5/13 2:45,0
2023/5/13 3:00,0
2023/5/13 3:15,0
2023/5/13 3:30,0
2023/5/13 3:45,0
2023/5/13 4:00,0
2023/5/13 4:15,0
2023/5/13 4:30,0
2023/5/13 4:45,0
2023/5/13 5:00,0
2023/5/13 5:15,0
2023/5/13 5:30,0
2023/5/13 5:45,0
2023/5/13 6:00,0
2023/5/13 6:15,0
2023/5/13 6:30,0
2023/5/13 6:45,0
2023/5/13 7:00,0
2023/5/13 7:15,0
2023/5/13 7:30,0
2023/5/13 7:45,0
2023/5/13 8:00,0
2023/5/13 8:15,0
2023/5/13 8:30,0
2023/5/13 8:45,0.040469396
2023/5/13 9:00,0.073658063
2023/5/13 9:15,0.13098832
2023/5/13 9:30,0.10255658
2023/5/13 9:45,0.122214388
2023/5/13 10:00,0.17940204
2023/5/13 10:15,0.18047299
2023/5/13 10:30,0.226651333
2023/5/13 10:45,0.273049186
2023/5/13 11:00,0.264403735
2023/5/13 11:15,0.326279482
2023/5/13 11:30,0.280366082
2023/5/13 11:45,0.274971488
2023/5/13 12:00,0.29139219
2023/5/13 12:15,0.258862397
2023/5/13 12:30,0.255878135
2023/5/13 12:45,0.209700896
2023/5/13 13:00,0.200498631
2023/5/13 13:15,0.151043357
2023/5/13 13:30,0.131110716
2023/5/13 13:45,0.096532691
2023/5/13 14:00,0.061017401
2023/5/13 14:15,0.044084838
2023/5/13 14:30,0.041678215
2023/5/13 14:45,0.031380605
2023/5/13 15:00,0.029901835
2023/5/13 15:15,0.032439754
2023/5/13 15:30,0.020299212
2023/5/13 15:45,0
2023/5/13 16:00,0
2023/5/13 16:15,0
2023/5/13 16:30,0
2023/5/13 16:45,0
2023/5/13 17:00,0
2023/5/13 17:15,0
2023/5/13 17:30,0
2023/5/13 17:45,0
2023/5/13 18:00,0
2023/5/13 18:15,0
2023/5/13 18:30,0
2023/5/13 18:45,0
2023/5/13 19:00,0
2023/5/13 19:15,0
2023/5/13 19:30,0
2023/5/13 19:45,0
2023/5/13 20:00,0
2023/5/13 20:15,0
2023/5/13 20:30,0
2023/5/13 20:45,0
2023/5/13 21:00,0
2023/5/13 21:15,0
2023/5/13 21:30,0
2023/5/13 21:45,0
2023/5/13 22:00,0
2023/5/13 22:15,0
2023/5/13 22:30,0
2023/5/13 22:45,0
2023/5/13 23:00,0
2023/5/13 23:15,0
2023/5/13 23:30,0
2023/5/13 23:45,0
2023/5/14 0:00,0
2023/5/14 0:15,0
2023/5/14 0:30,0
2023/5/14 0:45,0
2023/5/14 1:00,0
2023/5/14 1:15,0
2023/5/14 1:30,0
2023/5/14 1:45,0
2023/5/14 2:00,0
2023/5/14 2:15,0
2023/5/14 2:30,0
2023/5/14 2:45,0
2023/5/14 3:00,0
2023/5/14 3:15,0
2023/5/14 3:30,0
2023/5/14 3:45,0
2023/5/14 4:00,0
2023/5/14 4:15,0
2023/5/14 4:30,0
2023/5/14 4:45,0
2023/5/14 5:00,0
2023/5/14 5:15,0
2023/5/14 5:30,0
2023/5/14 5:45,0
2023/5/14 6:00,0
2023/5/14 6:15,0
2023/5/14 6:30,0
2023/5/14 6:45,0
2023/5/14 7:00,0
2023/5/14 7:15,0
2023/5/14 7:30,0
2023/5/14 7:45,0
2023/5/14 8:00,0
2023/5/14 8:15,0
2023/5/14 8:30,0
2023/5/14 8:45,0.096642245
2023/5/14 9:00,0.170597756
2023/5/14 9:15,0.314312798
2023/5/14 9:30,0.269344311
2023/5/14 9:45,0.260738114
2023/5/14 10:00,0.446162081
2023/5/14 10:15,0.37250199
2023/5/14 10:30,0.567846453
2023/5/14 10:45,0.663982655
2023/5/14 11:00,0.615772872
2023/5/14 11:15,0.756997097
2023/5/14 11:30,0.675416424
2023/5/14 11:45,0.622984835
2023/5/14 12:00,0.740709891
2023/5/14 12:15,0.601188611
2023/5/14 12:30,0.634157205
2023/5/14 12:45,0.549802551
2023/5/14 13:00,0.473747769
2023/5/14 13:15,0.360417605
2023/5/14 13:30,0.306476208
2023/5/14 13:45,0.224397212
2023/5/14 14:00,0.141755114
2023/5/14 14:15,0.106482021
2023/5/14 14:30,0.099665121
2023/5/14 14:45,0.07615392
2023/5/14 15:00,0.067177957
2023/5/14 15:15,0.063078096
2023/5/14 15:30,0.042693689
2023/5/14 15:45,0
2023/5/14 16:00,0
2023/5/14 16:15,0
2023/5/14 16:30,0
2023/5/14 16:45,0
2023/5/14 17:00,0
2023/5/14 17:15,0
2023/5/14 17:30,0
2023/5/14 17:45,0
2023/5/14 18:00,0
2023/5/14 18:15,0
2023/5/14 18:30,0
2023/5/14 18:45,0
2023/5/14 19:00,0
2023/5/14 19:15,0
2023/5/14 19:30,0
2023/5/14 19:45,0
2023/5/14 20:00,0
2023/5/14 20:15,0
2023/5/14 20:30,0
2023/5/14 20:45,0
2023/5/14 21:00,0
2023/5/14 21:15,0
2023/5/14 21:30,0
2023/5/14 21:45,0
2023/5/14 22:00,0
2023/5/14 22:15,0
2023/5/14 22:30,0
2023/5/14 22:45,0
2023/5/14 23:00,0
2023/5/14 23:15,0
2023/5/14 23:30,0
2023/5/14 23:45,0
2023/5/15 0:00,0
2023/5/15 0:15,0
2023/5/15 0:30,0
2023/5/15 0:45,0
2023/5/15 1:00,0
2023/5/15 1:15,0
2023/5/15 1:30,0
2023/5/15 1:45,0
2023/5/15 2:00,0
2023/5/15 2:15,0
2023/5/15 2:30,0
2023/5/15 2:45,0
2023/5/15 3:00,0
2023/5/15 3:15,0
2023/5/15 3:30,0
2023/5/15 3:45,0
2023/5/15 4:00,0
2023/5/15 4:15,0
2023/5/15 4:30,0
2023/5/15 4:45,0
2023/5/15 5:00,0
2023/5/15 5:15,0
2023/5/15 5:30,0
2023/5/15 5:45,0
2023/5/15 6:00,0
2023/5/15 6:15,0
2023/5/15 6:30,0
2023/5/15 6:45,0
2023/5/15 7:00,0
2023/5/15 7:15,0
2023/5/15 7:30,0
2023/5/15 7:45,0
2023/5/15 8:00,0
2023/5/15 8:15,0
2023/5/15 8:30,0
2023/5/15 8:45,0.103178508
2023/5/15 9:00,0.16586682
2023/5/15 9:15,0.283534097
2023/5/15 9:30,0.267230811
2023/5/15 9:45,0.25949723
2023/5/15 10:00,0.408298048
2023/5/15 10:15,0.425113398
2023/5/15 10:30,0.51361368
2023/5/15 10:45,0.691486908
2023/5/15 11:00,0.646272397
2023/5/15 11:15,0.712628917
2023/5/15 11:30,0.707520815
2023/5/15 11:45,0.640676916
2023/5/15 12:00,0.636199661
2023/5/15 12:15,0.629576234
2023/5/15 12:30,0.535410183
2023/5/15 12:45,0.530183348
2023/5/15 13:00,0.489789007
2023/5/15 13:15,0.33478675
2023/5/15 13:30,0.311939887
2023/5/15 13:45,0.240631982
2023/5/15 14:00,0.143883086
2023/5/15 14:15,0.117771093
2023/5/15 14:30,0.108794814
2023/5/15 14:45,0.076800581
2023/5/15 15:00,0.078998385
2023/5/15 15:15,0.076204667
2023/5/15 15:30,0.04538581
2023/5/15 15:45,0
2023/5/15 16:00,0
2023/5/15 16:15,0
2023/5/15 16:30,0
2023/5/15 16:45,0
2023/5/15 17:00,0
2023/5/15 17:15,0
2023/5/15 17:30,0
2023/5/15 17:45,0
2023/5/15 18:00,0
2023/5/15 18:15,0
2023/5/15 18:30,0
2023/5/15 18:45,0
2023/5/15 19:00,0
2023/5/15 19:15,0
2023/5/15 19:30,0
2023/5/15 19:45,0
2023/5/15 20:00,0
2023/5/15 20:15,0
2023/5/15 20:30,0
2023/5/15 20:45,0
2023/5/15 21:00,0
2023/5/15 21:15,0
2023/5/15 21:30,0
2023/5/15 21:45,0
2023/5/15 22:00,0
2023/5/15 22:15,0
2023/5/15 22:30,0
2023/5/15 22:45,0
2023/5/15 23:00,0
2023/5/15 23:15,0
2023/5/15 23:30,0
2023/5/15 23:45,0
2023/5/16 0:00,0
2023/5/16 0:15,0
2023/5/16 0:30,0
2023/5/16 0:45,0
2023/5/16 1:00,0
2023/5/16 1:15,0
2023/5/16 1:30,0
2023/5/16 1:45,0
2023/5/16 2:00,0
2023/5/16 2:15,0
2023/5/16 2:30,0
2023/5/16 2:45,0
2023/5/16 3:00,0
2023/5/16 3:15,0
2023/5/16 3:30,0
2023/5/16 3:45,0
2023/5/16 4:00,0
2023/5/16 4:15,0
2023/5/16 4:30,0
2023/5/16 4:45,0
2023/5/16 5:00,0
2023/5/16 5:15,0
2023/5/16 5:30,0
2023/5/16 5:45,0
2023/5/16 6:00,0
2023/5/16 6:15,0
2023/5/16 6:30,0
2023/5/16 6:45,0
2023/5/16 7:00,0
2023/5/16 7:15,0
2023/5/16 7:30,0
2023/5/16 7:45,0
2023/5/16 8:00,0
2023/5/16 8:15,0
2023/5/16 8:30,0
2023/5/16 8:45,0.095085202
2023/5/16 9:00,0.168054952
2023/5/16 9:15,0.270348249
2023/5/16 9:30,0.21553743
2023/5/16 9:45,0.283980377
2023/5/16 10:00,0.419215811
2023/5/16 10:15,0.381243258
2023/5/16 10:30,0.487503085
2023/5/16 10:45,0.622514984
2023/5/16 11:00,0.643971871
2023/5/16 11:15,0.698005018
2023/5/16 11:30,0.570544665
2023/5/16 11:45,0.602936676
2023/5/16 12:00,0.674463124
2023/5/16 12:15,0.643023201
2023/5/16 12:30,0.583600374
2023/5/16 12:45,0.503692398
2023/5/16 13:00,0.463015123
2023/5/16 13:15,0.344696347
2023/5/16 13:30,0.309193013
2023/5/16 13:45,0.225592875
2023/5/16 14:00,0.130695456
2023/5/16 14:15,0.097784344
2023/5/16 14:30,0.099640618
2023/5/16 14:45,0.077001808
2023/5/16 15:00,0.074112564
2023/5/16 15:15,0.077250122
2023/5/16 15:30,0.046572991
2023/5/16 15:45,0
2023/5/16 16:00,0
2023/5/16 16:15,0
2023/5/16 16:30,0
2023/5/16 16:45,0
2023/5/16 17:00,0
2023/5/16 17:15,0
2023/5/16 17:30,0
2023/5/16 17:45,0
2023/5/16 18:00,0
2023/5/16 18:15,0
2023/5/16 18:30,0
2023/5/16 18:45,0
2023/5/16 19:00,0
2023/5/16 19:15,0
2023/5/16 19:30,0
2023/5/16 19:45,0
2023/5/16 20:00,0
2023/5/16 20:15,0
2023/5/16 20:30,0
2023/5/16 20:45,0
2023/5/16 21:00,0
2023/5/16 21:15,0
2023/5/16 21:30,0
2023/5/16 21:45,0
2023/5/16 22:00,0
2023/5/16 22:15,0
2023/5/16 22:30,0
2023/5/16 22:45,0
2023/5/16 23:00,0
2023/5/16 23:15,0
2023/5/16 23:30,0
2023/5/16 23:45,0
2023/5/17 0:00,0
2023/5/17 0:15,0
2023/5/17 0:30,0
2023/5/17 0:45,0
2023/5/17 1:00,0
2023/5/17 1:15,0
2023/5/17 1:30,0
2023/5/17 1:45,0
2023/5/17 2:00,0
2023/5/17 2:15,0
2023/5/17 2:30,0
2023/5/17 2:45,0
2023/5/17 3:00,0
2023/5/17 3:15,0
2023/5/17 3:30,0
2023/5/17 3:45,0
2023/5/17 4:00,0
2023/5/17 4:15,0
2023/5/17 4:30,0
2023/5/17 4:45,0
2023/5/17 5:00,0
2023/5/17 5:15,0
2023/5/17 5:30,0
2023/5/17 5:45,0
2023/5/17 6:00,0
2023/5/17 6:15,0
2023/5/17 6:30,0
2023/5/17 6:45,0
2023/5/17 7:00,0
2023/5/17 7:15,0
2023/5/17 7:30,0
2023/5/17 7:45,0
2023/5/17 8:00,0
2023/5/17 8:15,0
2023/5/17 8:30,0
2023/5/17 8:45,0.100064903
2023/5/17 9:00,0.171429496
2023/5/17 9:15,0.289640355
2023/5/17 9:30,0.255108125
2023/5/17 9:45,0.311405663
2023/5/17 10:00,0.375014104
2023/5/17 10:15,0.399539952
2023/5/17 10:30,0.477046318
2023/5/17 10:45,0.668436456
2023/5/17 11:00,0.630440319
2023/5/17 11:15,0.720471907
2023/5/17 11:30,0.632212998
2023/5/17 11:45,0.646084943
2023/5/17 12:00,0.621641308
2023/5/17 12:15,0.607377008
2023/5/17 12:30,0.519048737
2023/5/17 12:45,0.548572895
2023/5/17 13:00,0.447029506
2023/5/17 13:15,0.36715025
2023/5/17 13:30,0.291368495
2023/5/17 13:45,0.211341535
2023/5/17 14:00,0.139643112
2023/5/17 14:15,0.109283011
2023/5/17 14:30,0.097312571
2023/5/17 14:45,0.074763617
2023/5/17 15:00,0.077862923
2023/5/17 15:15,0.068944005
2023/5/17 15:30,0.044653133
2023/5/17 15:45,0
2023/5/17 16:00,0
2023/5/17 16:15,0
2023/5/17 16:30,0
2023/5/17 16:45,0
2023/5/17 17:00,0
2023/5/17 17:15,0
2023/5/17 17:30,0
2023/5/17 17:45,0
2023/5/17 18:00,0
2023/5/17 18:15,0
2023/5/17 18:30,0
2023/5/17 18:45,0
2023/5/17 19:00,0
2023/5/17 19:15,0
2023/5/17 19:30,0
2023/5/17 19:45,0
2023/5/17 20:00,0
2023/5/17 20:15,0
2023/5/17 20:30,0
2023/5/17 20:45,0
2023/5/17 21:00,0
2023/5/17 21:15,0
2023/5/17 21:30,0
2023/5/17 21:45,0
2023/5/17 22:00,0
2023/5/17 22:15,0
2023/5/17 22:30,0
2023/5/17 22:45,0
2023/5/17 23:00,0
2023/5/17 23:15,0
2023/5/17 23:30,0
2023/5/17 23:45,0
2023/5/18 0:00,0
2023/5/18 0:15,0
2023/5/18 0:30,0
2023/5/18 0:45,0
2023/5/18 1:00,0
2023/5/18 1:15,0
2023/5/18 1:30,0
2023/5/18 1:45,0
2023/5/18 2:00,0
2023/5/18 2:15,0
2023/5/18 2:30,0
2023/5/18 2:45,0
2023/5/18 3:00,0
2023/5/18 3:15,0
2023/5/18 3:30,0
2023/5/18 3:45,0
2023/5/18 4:00,0
2023/5/18 4:15,0
2023/5/18 4:30,0
2023/5/18 4:45,0
2023/5/18 5:00,0
2023/5/18 5:15,0
2023/5/18 5:30,0
2023/5/18 5:45,0
2023/5/18 6:00,0
2023/5/18 6:15,0
2023/5/18 6:30,0
2023/5/18 6:45,0
2023/5/18 7:00,0
2023/5/18 7:15,0
2023/5/18 7:30,0
2023/5/18 7:45,0
2023/5/18 8:00,0
2023/5/18 8:15,0
2023/5/18 8:30,0
2023/5/18 8:45,0.10803185
2023/5/18 9:00,0.183093347
2023/5/18 9:15,0.299341631
2023/5/18 9:30,0.276911412
2023/5/18 9:45,0.326788807
2023/5/18 10:00,0.454135026
2023/5/18 10:15,0.451972724
2023/5/18 10:30,0.595016681
2023/5/18 10:45,0.717042545
2023/5/18 11:00,0.668175487
2023/5/18 11:15,0.810324726
2023/5/18 11:30,0.715822564
2023/5/18 11:45,0.714894289
2023/5/18 12:00,0.737224125
2023/5/18 12:15,0.609423859
2023/5/18 12:30,0.629207416
2023/5/18 12:45,0.571895345
2023/5/18 13:00,0.494995704
2023/5/18 13:15,0.382680119
2023/5/18 13:30,0.329396805
2023/5/18 13:45,0.262385657
2023/5/18 14:00,0.158806318
2023/5/18 14:15,0.113987944
2023/5/18 14:30,0.111145633
2023/5/18 14:45,0.080996633
2023/5/18 15:00,0.079748345
2023/5/18 15:15,0.078431193
2023/5/18 15:30,0.049443635
2023/5/18 15:45,0
2023/5/18 16:00,0
2023/5/18 16:15,0
2023/5/18 16:30,0
2023/5/18 16:45,0
2023/5/18 17:00,0
2023/5/18 17:15,0
2023/5/18 17:30,0
2023/5/18 17:45,0
2023/5/18 18:00,0
2023/5/18 18:15,0
2023/5/18 18:30,0
2023/5/18 18:45,0
2023/5/18 19:00,0
2023/5/18 19:15,0
2023/5/18 19:30,0
2023/5/18 19:45,0
2023/5/18 20:00,0
2023/5/18 20:15,0
2023/5/18 20:30,0
2023/5/18 20:45,0
2023/5/18 21:00,0
2023/5/18 21:15,0
2023/5/18 21:30,0
2023/5/18 21:45,0
2023/5/18 22:00,0
2023/5/18 22:15,0
2023/5/18 22:30,0
2023/5/18 22:45,0
2023/5/18 23:00,0
2023/5/18 23:15,0
2023/5/18 23:30,0
2023/5/18 23:45,0
2023/5/19 0:00,0
2023/5/19 0:15,0
2023/5/19 0:30,0
2023/5/19 0:45,0
2023/5/19 1:00,0
2023/5/19 1:15,0
2023/5/19 1:30,0
2023/5/19 1:45,0
2023/5/19 2:00,0
2023/5/19 2:15,0
2023/5/19 2:30,0
2023/5/19 2:45,0
2023/5/19 3:00,0
2023/5/19 3:15,0
2023/5/19 3:30,0
2023/5/19 3:45,0
2023/5/19 4:00,0
2023/5/19 4:15,0
2023/5/19 4:30,0
2023/5/19 4:45,0
2023/5/19 5:00,0
2023/5/19 5:15,0
2023/5/19 5:30,0
2023/5/19 5:45,0
2023/5/19 6:00,0
2023/5/19 6:15,0
2023/5/19 6:30,0
2023/5/19 6:45,0
2023/5/19 7:00,0
2023/5/19 7:15,0
2023/5/19 7:30,0
2023/5/19 7:45,0
2023/5/19 8:00,0
2023/5/19 8:15,0
2023/5/19 8:30,0
2023/5/19 8:45,0.010358083
2023/5/19 9:00,0.017327476
2023/5/19 9:15,0.029637769
2023/5/19 9:30,0.025577624
2023/5/19 9:45,0.029751379
2023/5/19 10:00,0.043025713
2023/5/19 10:15,0.042750727
2023/5/19 10:30,0.054396485
2023/5/19 10:45,0.066427217
2023/5/19 11:00,0.064478792
2023/5/19 11:15,0.075616581
2023/5/19 11:30,0.065805685
2023/5/19 11:45,0.066024705
2023/5/19 12:00,0.068994408
2023/5/19 12:15,0.062415773
2023/5/19 12:30,0.058687272
2023/5/19 12:45,0.052341197
2023/5/19 13:00,0.047050711
2023/5/19 13:15,0.035126434
2023/5/19 13:30,0.030690118
2023/5/19 13:45,0.024080527
2023/5/19 14:00,0.014650232
2023/5/19 14:15,0.010919406
2023/5/19 14:30,0.010090844
2023/5/19 14:45,0.007548126
2023/5/19 15:00,0.00749252
2023/5/19 15:15,0.007337132
2023/5/19 15:30,0.004804331
2023/5/19 15:45,0
2023/5/19 16:00,0
2023/5/19 16:15,0
2023/5/19 16:30,0
2023/5/19 16:45,0
2023/5/19 17:00,0
2023/5/19 17:15,0
2023/5/19 17:30,0
2023/5/19 17:45,0
2023/5/19 18:00,0
2023/5/19 18:15,0
2023/5/19 18:30,0
2023/5/19 18:45,0
2023/5/19 19:00,0
2023/5/19 19:15,0
2023/5/19 19:30,0
2023/5/19 19:45,0
2023/5/19 20:00,0
2023/5/19 20:15,0
2023/5/19 20:30,0
2023/5/19 20:45,0
2023/5/19 21:00,0
2023/5/19 21:15,0
2023/5/19 21:30,0
2023/5/19 21:45,0
2023/5/19 22:00,0
2023/5/19 22:15,0
2023/5/19 22:30,0
2023/5/19 22:45,0
2023/5/19 23:00,0
2023/5/19 23:15,0
2023/5/19 23:30,0
2023/5/19 23:45,0
2023/5/20 0:00,0
2023/5/20 0:15,0
2023/5/20 0:30,0
2023/5/20 0:45,0
2023/5/20 1:00,0
2023/5/20 1:15,0
2023/5/20 1:30,0
2023/5/20 1:45,0
2023/5/20 2:00,0
2023/5/20 2:15,0
2023/5/20 2:30,0
2023/5/20 2:45,0
2023/5/20 3:00,0
2023/5/20 3:15,0
2023/5/20 3:30,0
2023/5/20 3:45,0
2023/5/20 4:00,0
2023/5/20 4:15,0
2023/5/20 4:30,0
2023/5/20 4:45,0
2023/5/20 5:00,0
2023/5/20 5:15,0
2023/5/20 5:30,0
2023/5/20 5:45,0
2023/5/20 6:00,0
2023/5/20 6:15,0
2023/5/20 6:30,0
2023/5/20 6:45,0
2023/5/20 7:00,0
2023/5/20 7:15,0
2023/5/20 7:30,0
2023/5/20 7:45,0
2023/5/20 8:00,0
2023/5/20 8:15,0
2023/5/20 8:30,0
2023/5/20 8:45,0.044891491
2023/5/20 9:00,0.075137515
2023/5/20 9:15,0.140894174
2023/5/20 9:30,0.113201886
2023/5/20 9:45,0.124509876
2023/5/20 10:00,0.187552266
2023/5/20 10:15,0.186982289
2023/5/20 10:30,0.235091922
2023/5/20 10:45,0.281025052
2023/5/20 11:00,0.286713045
2023/5/20 11:15,0.319990744
2023/5/20 11:30,0.295929088
2023/5/20 11:45,0.287025331
2023/5/20 12:00,0.307605693
2023/5/20 12:15,0.275421667
2023/5/20 12:30,0.266002756
2023/5/20 12:45,0.230835842
2023/5/20 13:00,0.20384213
2023/5/20 13:15,0.165613351
2023/5/20 13:30,0.137131735
2023/5/20 13:45,0.108088101
2023/5/20 14:00,0.064763484
2023/5/20 14:15,0.045404343
2023/5/20 14:30,0.045732723
2023/5/20 14:45,0.033215612
2023/5/20 15:00,0.031418834
2023/5/20 15:15,0.03266663
2023/5/20 15:30,0.021441555
2023/5/20 15:45,0
2023/5/20 16:00,0
2023/5/20 16:15,0
2023/5/20 16:30,0
2023/5/20 16:45,0
2023/5/20 17:00,0
2023/5/20 17:15,0
2023/5/20 17:30,0
2023/5/20 17:45,0
2023/5/20 18:00,0
2023/5/20 18:15,0
2023/5/20 18:30,0
2023/5/20 18:45,0
2023/5/20 19:00,0
2023/5/20 19:15,0
2023/5/20 19:30,0
2023/5/20 19:45,0
2023/5/20 20:00,0
2023/5/20 20:15,0
2023/5/20 20:30,0
2023/5/20 20:45,0
2023/5/20 21:00,0
2023/5/20 21:15,0
2023/5/20 21:30,0
2023/5/20 21:45,0
2023/5/20 22:00,0
2023/5/20 22:15,0
2023/5/20 22:30,0
2023/5/20 22:45,0
2023/5/20 23:00,0
2023/5/20 23:15,0
2023/5/20 23:30,0
2023/5/20 23:45,0
2023/5/21 0:00,0
2023/5/21 0:15,0
2023/5/21 0:30,0
2023/5/21 0:45,0
2023/5/21 1:00,0
2023/5/21 1:15,0
2023/5/21 1:30,0
2023/5/21 1:45,0
2023/5/21 2:00,0
2023/5/21 2:15,0
2023/5/21 2:30,0
2023/5/21 2:45,0
2023/5/21 3:00,0
2023/5/21 3:15,0
2023/5/21 3:30,0
2023/5/21 3:45,0
2023/5/21 4:00,0
2023/5/21 4:15,0
2023/5/21 4:30,0
2023/5/21 4:45,0
2023/5/21 5:00,0
2023/5/21 5:15,0
2023/5/21 5:30,0
2023/5/21 5:45,0
2023/5/21 6:00,0
2023/5/21 6:15,0
2023/5/21 6:30,0
2023/5/21 6:45,0
2023/5/21 7:00,0
2023/5/21 7:15,0
2023/5/21 7:30,0
2023/5/21 7:45,0
2023/5/21 8:00,0
2023/5/21 8:15,0
2023/5/21 8:30,0
2023/5/21 8:45,0.090811378
2023/5/21 9:00,0.168806327
2023/5/21 9:15,0.299207143
2023/5/21 9:30,0.261061686
2023/5/21 9:45,0.290032499
2023/5/21 10:00,0.404664994
2023/5/21 10:15,0.407394405
2023/5/21 10:30,0.541456295
2023/5/21 10:45,0.631627947
2023/5/21 11:00,0.634270789
2023/5/21 11:15,0.709912183
2023/5/21 11:30,0.650634902
2023/5/21 11:45,0.613541498
2023/5/21 12:00,0.689728032
2023/5/21 12:15,0.637359586
2023/5/21 12:30,0.579354793
2023/5/21 12:45,0.554005398
2023/5/21 13:00,0.440088282
2023/5/21 13:15,0.371827346
2023/5/21 13:30,0.300411893
2023/5/21 13:45,0.22667518
2023/5/21 14:00,0.141650896
2023/5/21 14:15,0.105318852
2023/5/21 14:30,0.101493086
2023/5/21 14:45,0.07478696
2023/5/21 15:00,0.077883999
2023/5/21 15:15,0.074465608
2023/5/21 15:30,0.053648665
2023/5/21 15:45,0
2023/5/21 16:00,0
2023/5/21 16:15,0
2023/5/21 16:30,0
2023/5/21 16:45,0
2023/5/21 17:00,0
2023/5/21 17:15,0
2023/5/21 17:30,0
2023/5/21 17:45,0
2023/5/21 18:00,0
2023/5/21 18:15,0
2023/5/21 18:30,0
2023/5/21 18:45,0
2023/5/21 19:00,0
2023/5/21 19:15,0
2023/5/21 19:30,0
2023/5/21 19:45,0
2023/5/21 20:00,0
2023/5/21 20:15,0
2023/5/21 20:30,0
2023/5/21 20:45,0
2023/5/21 21:00,0
2023/5/21 21:15,0
2023/5/21 21:30,0
2023/5/21 21:45,0
2023/5/21 22:00,0
2023/5/21 22:15,0
2023/5/21 22:30,0
2023/5/21 22:45,0
2023/5/21 23:00,0
2023/5/21 23:15,0
2023/5/21 23:30,0
2023/5/21 23:45,0
2023/5/22 0:00,0
2023/5/22 0:15,0
2023/5/22 0:30,0
2023/5/22 0:45,0
2023/5/22 1:00,0
2023/5/22 1:15,0
2023/5/22 1:30,0
2023/5/22 1:45,0
2023/5/22 2:00,0
2023/5/22 2:15,0
2023/5/22 2:30,0
2023/5/22 2:45,0
2023/5/22 3:00,0
2023/5/22 3:15,0
2023/5/22 3:30,0
2023/5/22 3:45,0
2023/5/22 4:00,0
2023/5/22 4:15,0
2023/5/22 4:30,0
2023/5/22 4:45,0
2023/5/22 5:00,0
2023/5/22 5:15,0
2023/5/22 5:30,0
2023/5/22 5:45,0
2023/5/22 6:00,0
2023/5/22 6:15,0
2023/5/22 6:30,0
2023/5/22 6:45,0
2023/5/22 7:00,0
2023/5/22 7:15,0
2023/5/22 7:30,0
2023/5/22 7:45,0
2023/5/22 8:00,0
2023/5/22 8:15,0
2023/5/22 8:30,0
2023/5/22 8:45,0.098728888
2023/5/22 9:00,0.181894531
2023/5/22 9:15,0.290732212
2023/5/22 9:30,0.241226806
2023/5/22 9:45,0.268046197
2023/5/22 10:00,0.429966154
2023/5/22 10:15,0.441162528
2023/5/22 10:30,0.522523005
2023/5/22 10:45,0.623029896
2023/5/22 11:00,0.655159805
2023/5/22 11:15,0.766627972
2023/5/22 11:30,0.618199698
2023/5/22 11:45,0.662402389
2023/5/22 12:00,0.666066729
2023/5/22 12:15,0.649631829
2023/5/22 12:30,0.595858606
2023/5/22 12:45,0.519724723
2023/5/22 13:00,0.467589679
2023/5/22 13:15,0.349059265
2023/5/22 13:30,0.288452205
2023/5/22 13:45,0.213609206
2023/5/22 14:00,0.146027493
2023/5/22 14:15,0.099672578
2023/5/22 14:30,0.087569552
2023/5/22 14:45,0.079165485
2023/5/22 15:00,0.075831384
2023/5/22 15:15,0.066676253
2023/5/22 15:30,0.043878848
2023/5/22 15:45,0
2023/5/22 16:00,0
2023/5/22 16:15,0
2023/5/22 16:30,0
2023/5/22 16:45,0
2023/5/22 17:00,0
2023/5/22 17:15,0
2023/5/22 17:30,0
2023/5/22 17:45,0
2023/5/22 18:00,0
2023/5/22 18:15,0
2023/5/22 18:30,0
2023/5/22 18:45,0
2023/5/22 19:00,0
2023/5/22 19:15,0
2023/5/22 19:30,0
2023/5/22 19:45,0
2023/5/22 20:00,0
2023/5/22 20:15,0
2023/5/22 20:30,0
2023/5/22 20:45,0
2023/5/22 21:00,0
2023/5/22 21:15,0
2023/5/22 21:30,0
2023/5/22 21:45,0
2023/5/22 22:00,0
2023/5/22 22:15,0
2023/5/22 22:30,0
2023/5/22 22:45,0
2023/5/22 23:00,0
2023/5/22 23:15,0
2023/5/22 23:30,0
2023/5/22 23:45,0
2023/5/23 0:00,0
2023/5/23 0:15,0
2023/5/23 0:30,0
2023/5/23 0:45,0
2023/5/23 1:00,0
2023/5/23 1:15,0
2023/5/23 1:30,0
2023/5/23 1:45,0
2023/5/23 2:00,0
2023/5/23 2:15,0
2023/5/23 2:30,0
2023/5/23 2:45,0
2023/5/23 3:00,0
2023/5/23 3:15,0
2023/5/23 3:30,0
2023/5/23 3:45,0
2023/5/23 4:00,0
2023/5/23 4:15,0
2023/5/23 4:30,0
2023/5/23 4:45,0
2023/5/23 5:00,0
2023/5/23 5:15,0
2023/5/23 5:30,0
2023/5/23 5:45,0
2023/5/23 6:00,0
2023/5/23 6:15,0
2023/5/23 6:30,0
2023/5/23 6:45,0
2023/5/23 7:00,0
2023/5/23 7:15,0
2023/5/23 7:30,0
2023/5/23 7:45,0
2023/5/23 8:00,0
2023/5/23 8:15,0
2023/5/23 8:30,0
2023/5/23 8:45,0.035115743
2023/5/23 9:00,0.061071036
2023/5/23 9:15,0.102614895
2023/5/23 9:30,0.08928604
2023/5/23 9:45,0.103523313
2023/5/23 10:00,0.152707592
2023/5/23 10:15,0.150365781
2023/5/23 10:30,0.191034841
2023/5/23 10:45,0.217462358
2023/5/23 11:00,0.226406789
2023/5/23 11:15,0.267740245
2023/5/23 11:30,0.21418193
2023/5/23 11:45,0.228065118
2023/5/23 12:00,0.230788505
2023/5/23 12:15,0.218902439
2023/5/23 12:30,0.211354333
2023/5/23 12:45,0.180777755
2023/5/23 13:00,0.163091892
2023/5/23 13:15,0.122441968
2023/5/23 13:30,0.107496971
2023/5/23 13:45,0.085423034
2023/5/23 14:00,0.051662793
2023/5/23 14:15,0.035306789
2023/5/23 14:30,0.03671579
2023/5/23 14:45,0.025840586
2023/5/23 15:00,0.027113563
2023/5/23 15:15,0.025874783
2023/5/23 15:30,0.016955942
2023/5/23 15:45,0
2023/5/23 16:00,0
2023/5/23 16:15,0
2023/5/23 16:30,0
2023/5/23 16:45,0
2023/5/23 17:00,0
2023/5/23 17:15,0
2023/5/23 17:30,0
2023/5/23 17:45,0
2023/5/23 18:00,0
2023/5/23 18:15,0
2023/5/23 18:30,0
2023/5/23 18:45,0
2023/5/23 19:00,0
2023/5/23 19:15,0
2023/5/23 19:30,0
2023/5/23 19:45,0
2023/5/23 20:00,0
2023/5/23 20:15,0
2023/5/23 20:30,0
2023/5/23 20:45,0
2023/5/23 21:00,0
2023/5/23 21:15,0
2023/5/23 21:30,0
2023/5/23 21:45,0
2023/5/23 22:00,0
2023/5/23 22:15,0
2023/5/23 22:30,0
2023/5/23 22:45,0
2023/5/23 23:00,0
2023/5/23 23:15,0
2023/5/23 23:30,0
2023/5/23 23:45,0
2023/5/24 0:00,0
2023/5/24 0:15,0
2023/5/24 0:30,0
2023/5/24 0:45,0
2023/5/24 1:00,0
2023/5/24 1:15,0
2023/5/24 1:30,0
2023/5/24 1:45,0
2023/5/24 2:00,0
2023/5/24 2:15,0
2023/5/24 2:30,0
2023/5/24 2:45,0
2023/5/24 3:00,0
2023/5/24 3:15,0
2023/5/24 3:30,0
2023/5/24 3:45,0
2023/5/24 4:00,0
2023/5/24 4:15,0
2023/5/24 4:30,0
2023/5/24 4:45,0
2023/5/24 5:00,0
2023/5/24 5:15,0
2023/5/24 5:30,0
2023/5/24 5:45,0
2023/5/24 6:00,0
2023/5/24 6:15,0
2023/5/24 6:30,0
2023/5/24 6:45,0
2023/5/24 7:00,0
2023/5/24 7:15,0
2023/5/24 7:30,0
2023/5/24 7:45,0
2023/5/24 8:00,0
2023/5/24 8:15,0
2023/5/24 8:30,0
2023/5/24 8:45,0.118691951
2023/5/24 9:00,0.193947956
2023/5/24 9:15,0.306440942
2023/5/24 9:30,0.258222686
2023/5/24 9:45,0.327385455
2023/5/24 10:00,0.44870105
2023/5/24 10:15,0.441140502
2023/5/24 10:30,0.576994001
2023/5/24 10:45,0.698714657
2023/5/24 11:00,0.699279891
2023/5/24 11:15,0.829601827
2023/5/24 11:30,0.727778901
2023/5/24 11:45,0.68672297
2023/5/24 12:00,0.688457781
2023/5/24 12:15,0.654158521
2023/5/24 12:30,0.59935649
2023/5/24 12:45,0.551298378
2023/5/24 13:00,0.522124571
2023/5/24 13:15,0.379405707
2023/5/24 13:30,0.303822934
2023/5/24 13:45,0.252031749
2023/5/24 14:00,0.154108254
2023/5/24 14:15,0.11402331
2023/5/24 14:30,0.103888283
2023/5/24 14:45,0.084831806
2023/5/24 15:00,0.074320037
2023/5/24 15:15,0.073097114
2023/5/24 15:30,0.050876093
2023/5/24 15:45,0
2023/5/24 16:00,0
2023/5/24 16:15,0
2023/5/24 16:30,0
2023/5/24 16:45,0
2023/5/24 17:00,0
2023/5/24 17:15,0
2023/5/24 17:30,0
2023/5/24 17:45,0
2023/5/24 18:00,0
2023/5/24 18:15,0
2023/5/24 18:30,0
2023/5/24 18:45,0
2023/5/24 19:00,0
2023/5/24 19:15,0
2023/5/24 19:30,0
2023/5/24 19:45,0
2023/5/24 20:00,0
2023/5/24 20:15,0
2023/5/24 20:30,0
2023/5/24 20:45,0
2023/5/24 21:00,0
2023/5/24 21:15,0
2023/5/24 21:30,0
2023/5/24 21:45,0
2023/5/24 22:00,0
2023/5/24 22:15,0
2023/5/24 22:30,0
2023/5/24 22:45,0
2023/5/24 23:00,0
2023/5/24 23:15,0
2023/5/24 23:30,0
2023/5/24 23:45,0
2023/5/25 0:00,0
2023/5/25 0:15,0
2023/5/25 0:30,0
2023/5/25 0:45,0
2023/5/25 1:00,0
2023/5/25 1:15,0
2023/5/25 1:30,0
2023/5/25 1:45,0
2023/5/25 2:00,0
2023/5/25 2:15,0
2023/5/25 2:30,0
2023/5/25 2:45,0
2023/5/25 3:00,0
2023/5/25 3:15,0
2023/5/25 3:30,0
2023/5/25 3:45,0
2023/5/25 4:00,0
2023/5/25 4:15,0
2023/5/25 4:30,0
2023/5/25 4:45,0
2023/5/25 5:00,0
2023/5/25 5:15,0
2023/5/25 5:30,0
2023/5/25 5:45,0
2023/5/25 6:00,0
2023/5/25 6:15,0
2023/5/25 6:30,0
2023/5/25 6:45,0
2023/5/25 7:00,0
2023/5/25 7:15,0
2023/5/25 7:30,0
2023/5/25 7:45,0
2023/5/25 8:00,0
2023/5/25 8:15,0
2023/5/25 8:30,0
2023/5/25 8:45,0.11191437
2023/5/25 9:00,0.175148193
2023/5/25 9:15,0.337064285
2023/5/25 9:30,0.277448549
2023/5/25 9:45,0.334196762
2023/5/25 10:00,0.470574549
2023/5/25 10:15,0.468783169
2023/5/25 10:30,0.590616802
2023/5/25 10:45,0.716661351
2023/5/25 11:00,0.711410304
2023/5/25 11:15,0.814620305
2023/5/25 11:30,0.739299545
2023/5/25 11:45,0.695022629
2023/5/25 12:00,0.781530338
2023/5/25 12:15,0.688778277
2023/5/25 12:30,0.652267957
2023/5/25 12:45,0.576728823
2023/5/25 13:00,0.520136383
2023/5/25 13:15,0.396109189
2023/5/25 13:30,0.343190357
2023/5/25 13:45,0.249122642
2023/5/25 14:00,0.158417439
2023/5/25 14:15,0.115714454
2023/5/25 14:30,0.111018305
2023/5/25 14:45,0.077810936
2023/5/25 15:00,0.082961186
2023/5/25 15:15,0.078851162
2023/5/25 15:30,0.053281789
2023/5/25 15:45,0
2023/5/25 16:00,0
2023/5/25 16:15,0
2023/5/25 16:30,0
2023/5/25 16:45,0
2023/5/25 17:00,0
2023/5/25 17:15,0
2023/5/25 17:30,0
2023/5/25 17:45,0
2023/5/25 18:00,0
2023/5/25 18:15,0
2023/5/25 18:30,0
2023/5/25 18:45,0
2023/5/25 19:00,0
2023/5/25 19:15,0
2023/5/25 19:30,0
2023/5/25 19:45,0
2023/5/25 20:00,0
2023/5/25 20:15,0
2023/5/25 20:30,0
2023/5/25 20:45,0
2023/5/25 21:00,0
2023/5/25 21:15,0
2023/5/25 21:30,0
2023/5/25 21:45,0
2023/5/25 22:00,0
2023/5/25 22:15,0
2023/5/25 22:30,0
2023/5/25 22:45,0
2023/5/25 23:00,0
2023/5/25 23:15,0
2023/5/25 23:30,0
2023/5/25 23:45,0
2023/5/26 0:00,0
2023/5/26 0:15,0
2023/5/26 0:30,0
2023/5/26 0:45,0
2023/5/26 1:00,0
2023/5/26 1:15,0
2023/5/26 1:30,0
2023/5/26 1:45,0
2023/5/26 2:00,0
2023/5/26 2:15,0
2023/5/26 2:30,0
2023/5/26 2:45,0
2023/5/26 3:00,0
2023/5/26 3:15,0
2023/5/26 3:30,0
2023/5/26 3:45,0
2023/5/26 4:00,0
2023/5/26 4:15,0
2023/5/26 4:30,0
2023/5/26 4:45,0
2023/5/26 5:00,0
2023/5/26 5:15,0
2023/5/26 5:30,0
2023/5/26 5:45,0
2023/5/26 6:00,0
2023/5/26 6:15,0
2023/5/26 6:30,0
2023/5/26 6:45,0
2023/5/26 7:00,0
2023/5/26 7:15,0
2023/5/26 7:30,0
2023/5/26 7:45,0
2023/5/26 8:00,0
2023/5/26 8:15,0
2023/5/26 8:30,0
2023/5/26 8:45,0.012367068
2023/5/26 9:00,0.021024352
2023/5/26 9:15,0.036332617
2023/5/26 9:30,0.030407039
2023/5/26 9:45,0.035882054
2023/5/26 10:00,0.052300423
2023/5/26 10:15,0.051981417
2023/5/26 10:30,0.064768021
2023/5/26 10:45,0.079779405
2023/5/26 11:00,0.0752291
2023/5/26 11:15,0.09049973
2023/5/26 11:30,0.078786643
2023/5/26 11:45,0.079484084
2023/5/26 12:00,0.08378766
2023/5/26 12:15,0.074487114
2023/5/26 12:30,0.073182781
2023/5/26 12:45,0.063750338
2023/5/26 13:00,0.056547663
2023/5/26 13:15,0.041804702
2023/5/26 13:30,0.036222663
2023/5/26 13:45,0.028496747
2023/5/26 14:00,0.017779437
2023/5/26 14:15,0.013203544
2023/5/26 14:30,0.012257152
2023/5/26 14:45,0.009073692
2023/5/26 15:00,0.009125922
2023/5/26 15:15,0.008798975
2023/5/26 15:30,0.005901995
2023/5/26 15:45,0
2023/5/26 16:00,0
2023/5/26 16:15,0
2023/5/26 16:30,0
2023/5/26 16:45,0
2023/5/26 17:00,0
2023/5/26 17:15,0
2023/5/26 17:30,0
2023/5/26 17:45,0
2023/5/26 18:00,0
2023/5/26 18:15,0
2023/5/26 18:30,0
2023/5/26 18:45,0
2023/5/26 19:00,0
2023/5/26 19:15,0
2023/5/26 19:30,0
2023/5/26 19:45,0
2023/5/26 20:00,0
2023/5/26 20:15,0
2023/5/26 20:30,0
2023/5/26 20:45,0
2023/5/26 21:00,0
2023/5/26 21:15,0
2023/5/26 21:30,0
2023/5/26 21:45,0
2023/5/26 22:00,0
2023/5/26 22:15,0
2023/5/26 22:30,0
2023/5/26 22:45,0
2023/5/26 23:00,0
2023/5/26 23:15,0
2023/5/26 23:30,0
2023/5/26 23:45,0
2023/5/27 0:00,0
2023/5/27 0:15,0
2023/5/27 0:30,0
2023/5/27 0:45,0
2023/5/27 1:00,0
2023/5/27 1:15,0
2023/5/27 1:30,0
2023/5/27 1:45,0
2023/5/27 2:00,0
2023/5/27 2:15,0
2023/5/27 2:30,0
2023/5/27 2:45,0
2023/5/27 3:00,0
2023/5/27 3:15,0
2023/5/27 3:30,0
2023/5/27 3:45,0
2023/5/27 4:00,0
2023/5/27 4:15,0
2023/5/27 4:30,0
2023/5/27 4:45,0
2023/5/27 5:00,0
2023/5/27 5:15,0
2023/5/27 5:30,0
2023/5/27 5:45,0
2023/5/27 6:00,0
2023/5/27 6:15,0
2023/5/27 6:30,0
2023/5/27 6:45,0
2023/5/27 7:00,0
2023/5/27 7:15,0
2023/5/27 7:30,0
2023/5/27 7:45,0
2023/5/27 8:00,0
2023/5/27 8:15,0
2023/5/27 8:30,0
2023/5/27 8:45,0.112723139
2023/5/27 9:00,0.190675531
2023/5/27 9:15,0.334073903
2023/5/27 9:30,0.298580118
2023/5/27 9:45,0.343967094
2023/5/27 10:00,0.499747292
2023/5/27 10:15,0.499207608
2023/5/27 10:30,0.62954127
2023/5/27 10:45,0.724275876
2023/5/27 11:00,0.728905582
2023/5/27 11:15,0.859287026
2023/5/27 11:30,0.734563982
2023/5/27 11:45,0.738197722
2023/5/27 12:00,0.801934276
2023/5/27 12:15,0.671354448
2023/5/27 12:30,0.671530051
2023/5/27 12:45,0.581413495
2023/5/27 13:00,0.504498732
2023/5/27 13:15,0.383595378
2023/5/27 13:30,0.348234121
2023/5/27 13:45,0.276857841
2023/5/27 14:00,0.163379967
2023/5/27 14:15,0.120686652
2023/5/27 14:30,0.105184738
2023/5/27 14:45,0.081567705
2023/5/27 15:00,0.082545351
2023/5/27 15:15,0.082272153
2023/5/27 15:30,0.053999263
2023/5/27 15:45,0
2023/5/27 16:00,0
2023/5/27 16:15,0
2023/5/27 16:30,0
2023/5/27 16:45,0
2023/5/27 17:00,0
2023/5/27 17:15,0
2023/5/27 17:30,0
2023/5/27 17:45,0
2023/5/27 18:00,0
2023/5/27 18:15,0
2023/5/27 18:30,0
2023/5/27 18:45,0
2023/5/27 19:00,0
2023/5/27 19:15,0
2023/5/27 19:30,0
2023/5/27 19:45,0
2023/5/27 20:00,0
2023/5/27 20:15,0
2023/5/27 20:30,0
2023/5/27 20:45,0
2023/5/27 21:00,0
2023/5/27 21:15,0
2023/5/27 21:30,0
2023/5/27 21:45,0
2023/5/27 22:00,0
2023/5/27 22:15,0
2023/5/27 22:30,0
2023/5/27 22:45,0
2023/5/27 23:00,0
2023/5/27 23:15,0
2023/5/27 23:30,0
2023/5/27 23:45,0
2023/5/28 0:00,0
2023/5/28 0:15,0
2023/5/28 0:30,0
2023/5/28 0:45,0
2023/5/28 1:00,0
2023/5/28 1:15,0
2023/5/28 1:30,0
2023/5/28 1:45,0
2023/5/28 2:00,0
2023/5/28 2:15,0
2023/5/28 2:30,0
2023/5/28 2:45,0
2023/5/28 3:00,0
2023/5/28 3:15,0
2023/5/28 3:30,0
2023/5/28 3:45,0
2023/5/28 4:00,0
2023/5/28 4:15,0
2023/5/28 4:30,0
2023/5/28 4:45,0
2023/5/28 5:00,0
2023/5/28 5:15,0
2023/5/28 5:30,0
2023/5/28 5:45,0
2023/5/28 6:00,0
2023/5/28 6:15,0
2023/5/28 6:30,0
2023/5/28 6:45,0
2023/5/28 7:00,0
2023/5/28 7:15,0
2023/5/28 7:30,0
2023/5/28 7:45,0
2023/5/28 8:00,0
2023/5/28 8:15,0
2023/5/28 8:30,0
2023/5/28 8:45,0.105920862
2023/5/28 9:00,0.178263466
2023/5/28 9:15,0.303410502
2023/5/28 9:30,0.269053092
2023/5/28 9:45,0.298353975
2023/5/28 10:00,0.443941679
2023/5/28 10:15,0.4549683
2023/5/28 10:30,0.57213779
2023/5/28 10:45,0.688438924
2023/5/28 11:00,0.68306377
2023/5/28 11:15,0.786362674
2023/5/28 11:30,0.65530018
2023/5/28 11:45,0.636713822
2023/5/28 12:00,0.738864257
2023/5/28 12:15,0.698796083
2023/5/28 12:30,0.584363361
2023/5/28 12:45,0.563686884
2023/5/28 13:00,0.481841562
2023/5/28 13:15,0.396053336
2023/5/28 13:30,0.316067539
2023/5/28 13:45,0.254197866
2023/5/28 14:00,0.133005957
2023/5/28 14:15,0.109239933
2023/5/28 14:30,0.109074227
2023/5/28 14:45,0.086329529
2023/5/28 15:00,0.07526605
2023/5/28 15:15,0.075235139
2023/5/28 15:30,0.048413218
2023/5/28 15:45,0
2023/5/28 16:00,0
2023/5/28 16:15,0
2023/5/28 16:30,0
2023/5/28 16:45,0
2023/5/28 17:00,0
2023/5/28 17:15,0
2023/5/28 17:30,0
2023/5/28 17:45,0
2023/5/28 18:00,0
2023/5/28 18:15,0
2023/5/28 18:30,0
2023/5/28 18:45,0
2023/5/28 19:00,0
2023/5/28 19:15,0
2023/5/28 19:30,0
2023/5/28 19:45,0
2023/5/28 20:00,0
2023/5/28 20:15,0
2023/5/28 20:30,0
2023/5/28 20:45,0
2023/5/28 21:00,0
2023/5/28 21:15,0
2023/5/28 21:30,0
2023/5/28 21:45,0
2023/5/28 22:00,0
2023/5/28 22:15,0
2023/5/28 22:30,0
2023/5/28 22:45,0
2023/5/28 23:00,0
2023/5/28 23:15,0
2023/5/28 23:30,0
2023/5/28 23:45,0
2023/5/29 0:00,0
2023/5/29 0:15,0
2023/5/29 0:30,0
2023/5/29 0:45,0
2023/5/29 1:00,0
2023/5/29 1:15,0
2023/5/29 1:30,0
2023/5/29 1:45,0
2023/5/29 2:00,0
2023/5/29 2:15,0
2023/5/29 2:30,0
2023/5/29 2:45,0
2023/5/29 3:00,0
2023/5/29 3:15,0
2023/5/29 3:30,0
2023/5/29 3:45,0
2023/5/29 4:00,0
2023/5/29 4:15,0
2023/5/29 4:30,0
2023/5/29 4:45,0
2023/5/29 5:00,0
2023/5/29 5:15,0
2023/5/29 5:30,0
2023/5/29 5:45,0
2023/5/29 6:00,0
2023/5/29 6:15,0
2023/5/29 6:30,0
2023/5/29 6:45,0
2023/5/29 7:00,0
2023/5/29 7:15,0
2023/5/29 7:30,0
2023/5/29 7:45,0
2023/5/29 8:00,0
2023/5/29 8:15,0
2023/5/29 8:30,0
2023/5/29 8:45,0.01169894
2023/5/29 9:00,0.019604724
2023/5/29 9:15,0.032862068
2023/5/29 9:30,0.029349728
2023/5/29 9:45,0.032569982
2023/5/29 10:00,0.0490704
2023/5/29 10:15,0.047838956
2023/5/29 10:30,0.061298514
2023/5/29 10:45,0.071706872
2023/5/29 11:00,0.071266965
2023/5/29 11:15,0.083817064
2023/5/29 11:30,0.073717004
2023/5/29 11:45,0.074440064
2023/5/29 12:00,0.07739229
2023/5/29 12:15,0.068933415
2023/5/29 12:30,0.066405113
2023/5/29 12:45,0.058384146
2023/5/29 13:00,0.052990749
2023/5/29 13:15,0.039723953
2023/5/29 13:30,0.033683941
2023/5/29 13:45,0.026881157
2023/5/29 14:00,0.016517404
2023/5/29 14:15,0.01196635
2023/5/29 14:30,0.011461098
2023/5/29 14:45,0.008470788
2023/5/29 15:00,0.008468462
2023/5/29 15:15,0.008059172
2023/5/29 15:30,0.005405636
2023/5/29 15:45,0
2023/5/29 16:00,0
2023/5/29 16:15,0
2023/5/29 16:30,0
2023/5/29 16:45,0
2023/5/29 17:00,0
2023/5/29 17:15,0
2023/5/29 17:30,0
2023/5/29 17:45,0
2023/5/29 18:00,0
2023/5/29 18:15,0
2023/5/29 18:30,0
2023/5/29 18:45,0
2023/5/29 19:00,0
2023/5/29 19:15,0
2023/5/29 19:30,0
2023/5/29 19:45,0
2023/5/29 20:00,0
2023/5/29 20:15,0
2023/5/29 20:30,0
2023/5/29 20:45,0
2023/5/29 21:00,0
2023/5/29 21:15,0
2023/5/29 21:30,0
2023/5/29 21:45,0
2023/5/29 22:00,0
2023/5/29 22:15,0
2023/5/29 22:30,0
2023/5/29 22:45,0
2023/5/29 23:00,0
2023/5/29 23:15,0
2023/5/29 23:30,0
2023/5/29 23:45,0
2023/5/30 0:00,0
2023/5/30 0:15,0
2023/5/30 0:30,0
2023/5/30 0:45,0
2023/5/30 1:00,0
2023/5/30 1:15,0
2023/5/30 1:30,0
2023/5/30 1:45,0
2023/5/30 2:00,0
2023/5/30 2:15,0
2023/5/30 2:30,0
2023/5/30 2:45,0
2023/5/30 3:00,0
2023/5/30 3:15,0
2023/5/30 3:30,0
2023/5/30 3:45,0
2023/5/30 4:00,0
2023/5/30 4:15,0
2023/5/30 4:30,0
2023/5/30 4:45,0
2023/5/30 5:00,0
2023/5/30 5:15,0
2023/5/30 5:30,0
2023/5/30 5:45,0
2023/5/30 6:00,0
2023/5/30 6:15,0
2023/5/30 6:30,0
2023/5/30 6:45,0
2023/5/30 7:00,0
2023/5/30 7:15,0
2023/5/30 7:30,0
2023/5/30 7:45,0
2023/5/30 8:00,0
2023/5/30 8:15,0
2023/5/30 8:30,0
2023/5/30 8:45,0.109769934
2023/5/30 9:00,0.169272351
2023/5/30 9:15,0.319934771
2023/5/30 9:30,0.260421728
2023/5/30 9:45,0.298706278
2023/5/30 10:00,0.444039062
2023/5/30 10:15,0.432720846
2023/5/30 10:30,0.557795163
2023/5/30 10:45,0.636207362
2023/5/30 11:00,0.560232332
2023/5/30 11:15,0.718985205
2023/5/30 11:30,0.642146162
2023/5/30 11:45,0.640633728
2023/5/30 12:00,0.684009978
2023/5/30 12:15,0.607389316
2023/5/30 12:30,0.616410252
2023/5/30 12:45,0.529167145
2023/5/30 13:00,0.471023088
2023/5/30 13:15,0.36572984
2023/5/30 13:30,0.267646981
2023/5/30 13:45,0.223461464
2023/5/30 14:00,0.130685469
2023/5/30 14:15,0.103461719
2023/5/30 14:30,0.111877826
2023/5/30 14:45,0.073075764
2023/5/30 15:00,0.071208926
2023/5/30 15:15,0.072099055
2023/5/30 15:30,0.047986332
2023/5/30 15:45,0
2023/5/30 16:00,0
2023/5/30 16:15,0
2023/5/30 16:30,0
2023/5/30 16:45,0
2023/5/30 17:00,0
2023/5/30 17:15,0
2023/5/30 17:30,0
2023/5/30 17:45,0
2023/5/30 18:00,0
2023/5/30 18:15,0
2023/5/30 18:30,0
2023/5/30 18:45,0
2023/5/30 19:00,0
2023/5/30 19:15,0
2023/5/30 19:30,0
2023/5/30 19:45,0
2023/5/30 20:00,0
2023/5/30 20:15,0
2023/5/30 20:30,0
2023/5/30 20:45,0
2023/5/30 21:00,0
2023/5/30 21:15,0
2023/5/30 21:30,0
2023/5/30 21:45,0
2023/5/30 22:00,0
2023/5/30 22:15,0
2023/5/30 22:30,0
2023/5/30 22:45,0
2023/5/30 23:00,0
2023/5/30 23:15,0
2023/5/30 23:30,0
2023/5/30 23:45,0
2023/5/31 0:00,0
2023/5/31 0:15,0
2023/5/31 0:30,0
2023/5/31 0:45,0
2023/5/31 1:00,0
2023/5/31 1:15,0
2023/5/31 1:30,0
2023/5/31 1:45,0
2023/5/31 2:00,0
2023/5/31 2:15,0
2023/5/31 2:30,0
2023/5/31 2:45,0
2023/5/31 3:00,0
2023/5/31 3:15,0
2023/5/31 3:30,0
2023/5/31 3:45,0
2023/5/31 4:00,0
2023/5/31 4:15,0
2023/5/31 4:30,0
2023/5/31 4:45,0
2023/5/31 5:00,0
2023/5/31 5:15,0
2023/5/31 5:30,0
2023/5/31 5:45,0
2023/5/31 6:00,0
2023/5/31 6:15,0
2023/5/31 6:30,0
2023/5/31 6:45,0
2023/5/31 7:00,0
2023/5/31 7:15,0
2023/5/31 7:30,0
2023/5/31 7:45,0
2023/5/31 8:00,0
2023/5/31 8:15,0
2023/5/31 8:30,0
2023/5/31 8:45,0.010726232
2023/5/31 9:00,0.017958857
2023/5/31 9:15,0.030851143
2023/5/31 9:30,0.026249291
2023/5/31 9:45,0.030959025
2023/5/31 10:00,0.043672607
2023/5/31 10:15,0.044309663
2023/5/31 10:30,0.055728222
2023/5/31 10:45,0.067389352
2023/5/31 11:00,0.067536815
2023/5/31 11:15,0.078782274
2023/5/31 11:30,0.068045163
2023/5/31 11:45,0.068073443
2023/5/31 12:00,0.071601763
2023/5/31 12:15,0.064874775
2023/5/31 12:30,0.061486092
2023/5/31 12:45,0.054769352
2023/5/31 13:00,0.04807263
2023/5/31 13:15,0.036417084
2023/5/31 13:30,0.031683281
2023/5/31 13:45,0.024182725
2023/5/31 14:00,0.015089946
2023/5/31 14:15,0.011256145
2023/5/31 14:30,0.010407444
2023/5/31 14:45,0.007924457
2023/5/31 15:00,0.00781589
2023/5/31 15:15,0.007585308
2023/5/31 15:30,0.004999352
2023/5/31 15:45,0
2023/5/31 16:00,0
2023/5/31 16:15,0
2023/5/31 16:30,0
2023/5/31 16:45,0
2023/5/31 17:00,0
2023/5/31 17:15,0
2023/5/31 17:30,0
2023/5/31 17:45,0
2023/5/31 18:00,0
2023/5/31 18:15,0
2023/5/31 18:30,0
2023/5/31 18:45,0
2023/5/31 19:00,0
2023/5/31 19:15,0
2023/5/31 19:30,0
2023/5/31 19:45,0
2023/5/31 20:00,0
2023/5/31 20:15,0
2023/5/31 20:30,0
2023/5/31 20:45,0
2023/5/31 21:00,0
2023/5/31 21:15,0
2023/5/31 21:30,0
2023/5/31 21:45,0
2023/5/31 22:00,0
2023/5/31 22:15,0
2023/5/31 22:30,0
2023/5/31 22:45,0
2023/5/31 23:00,0
2023/5/31 23:15,0
2023/5/31 23:30,0
2023/5/31 23:45,0
2023/6/1 0:00,0
2023/6/1 0:15,0
2023/6/1 0:30,0
2023/6/1 0:45,0
2023/6/1 1:00,0
2023/6/1 1:15,0
2023/6/1 1:30,0
2023/6/1 1:45,0
2023/6/1 2:00,0
2023/6/1 2:15,0
2023/6/1 2:30,0
2023/6/1 2:45,0
2023/6/1 3:00,0
2023/6/1 3:15,0
2023/6/1 3:30,0
2023/6/1 3:45,0
2023/6/1 4:00,0
2023/6/1 4:15,0
2023/6/1 4:30,0
2023/6/1 4:45,0
2023/6/1 5:00,0
2023/6/1 5:15,0
2023/6/1 5:30,0
2023/6/1 5:45,0
2023/6/1 6:00,0
2023/6/1 6:15,0
2023/6/1 6:30,0
2023/6/1 6:45,0
2023/6/1 7:00,0
2023/6/1 7:15,0
2023/6/1 7:30,0
2023/6/1 7:45,0
2023/6/1 8:00,0
2023/6/1 8:15,0
2023/6/1 8:30,0
2023/6/1 8:45,0
2023/6/1 9:00,0
2023/6/1 9:15,0
2023/6/1 9:30,0
2023/6/1 9:45,0.396582739
2023/6/1 10:00,0.493829382
2023/6/1 10:15,0.602026473
2023/6/1 10:30,0.399250738
2023/6/1 10:45,0.143374753
2023/6/1 11:00,0.14459836
2023/6/1 11:15,0.228026289
2023/6/1 11:30,0.561811138
2023/6/1 11:45,0.592863124
2023/6/1 12:00,0.586676665
2023/6/1 12:15,0.484722869
2023/6/1 12:30,0.225773942
2023/6/1 12:45,0.153827168
2023/6/1 13:00,0.119280467
2023/6/1 13:15,0.136596591
2023/6/1 13:30,0.1446006
2023/6/1 13:45,0.141545519
2023/6/1 14:00,0.10551355
2023/6/1 14:15,0.098124353
2023/6/1 14:30,0.068546025
2023/6/1 14:45,0.061282089
2023/6/1 15:00,0
2023/6/1 15:15,0
2023/6/1 15:30,0
2023/6/1 15:45,0
2023/6/1 16:00,0
2023/6/1 16:15,0
2023/6/1 16:30,0
2023/6/1 16:45,0
2023/6/1 17:00,0
2023/6/1 17:15,0
2023/6/1 17:30,0
2023/6/1 17:45,0
2023/6/1 18:00,0
2023/6/1 18:15,0
2023/6/1 18:30,0
2023/6/1 18:45,0
2023/6/1 19:00,0
2023/6/1 19:15,0
2023/6/1 19:30,0
2023/6/1 19:45,0
2023/6/1 20:00,0
2023/6/1 20:15,0
2023/6/1 20:30,0
2023/6/1 20:45,0
2023/6/1 21:00,0
2023/6/1 21:15,0
2023/6/1 21:30,0
2023/6/1 21:45,0
2023/6/1 22:00,0
2023/6/1 22:15,0
2023/6/1 22:30,0
2023/6/1 22:45,0
2023/6/1 23:00,0
2023/6/1 23:15,0
2023/6/1 23:30,0
2023/6/1 23:45,0
2023/6/2 0:00,0
2023/6/2 0:15,0
2023/6/2 0:30,0
2023/6/2 0:45,0
2023/6/2 1:00,0
2023/6/2 1:15,0
2023/6/2 1:30,0
2023/6/2 1:45,0
2023/6/2 2:00,0
2023/6/2 2:15,0
2023/6/2 2:30,0
2023/6/2 2:45,0
2023/6/2 3:00,0
2023/6/2 3:15,0
2023/6/2 3:30,0
2023/6/2 3:45,0
2023/6/2 4:00,0
2023/6/2 4:15,0
2023/6/2 4:30,0
2023/6/2 4:45,0
2023/6/2 5:00,0
2023/6/2 5:15,0
2023/6/2 5:30,0
2023/6/2 5:45,0
2023/6/2 6:00,0
2023/6/2 6:15,0
2023/6/2 6:30,0
2023/6/2 6:45,0
2023/6/2 7:00,0
2023/6/2 7:15,0
2023/6/2 7:30,0
2023/6/2 7:45,0
2023/6/2 8:00,0
2023/6/2 8:15,0
2023/6/2 8:30,0
2023/6/2 8:45,0
2023/6/2 9:00,0
2023/6/2 9:15,0
2023/6/2 9:30,0
2023/6/2 9:45,0.414620841
2023/6/2 10:00,0.494636056
2023/6/2 10:15,0.582108581
2023/6/2 10:30,0.411334156
2023/6/2 10:45,0.13776348
2023/6/2 11:00,0.156808537
2023/6/2 11:15,0.202797644
2023/6/2 11:30,0.572363222
2023/6/2 11:45,0.601597749
2023/6/2 12:00,0.596501836
2023/6/2 12:15,0.451976967
2023/6/2 12:30,0.224461583
2023/6/2 12:45,0.144993166
2023/6/2 13:00,0.106846682
2023/6/2 13:15,0.116980732
2023/6/2 13:30,0.142740047
2023/6/2 13:45,0.133828304
2023/6/2 14:00,0.098816807
2023/6/2 14:15,0.093278868
2023/6/2 14:30,0.06866286
2023/6/2 14:45,0.059772598
2023/6/2 15:00,0
2023/6/2 15:15,0
2023/6/2 15:30,0
2023/6/2 15:45,0
2023/6/2 16:00,0
2023/6/2 16:15,0
2023/6/2 16:30,0
2023/6/2 16:45,0
2023/6/2 17:00,0
2023/6/2 17:15,0
2023/6/2 17:30,0
2023/6/2 17:45,0
2023/6/2 18:00,0
2023/6/2 18:15,0
2023/6/2 18:30,0
2023/6/2 18:45,0
2023/6/2 19:00,0
2023/6/2 19:15,0
2023/6/2 19:30,0
2023/6/2 19:45,0
2023/6/2 20:00,0
2023/6/2 20:15,0
2023/6/2 20:30,0
2023/6/2 20:45,0
2023/6/2 21:00,0
2023/6/2 21:15,0
2023/6/2 21:30,0
2023/6/2 21:45,0
2023/6/2 22:00,0
2023/6/2 22:15,0
2023/6/2 22:30,0
2023/6/2 22:45,0
2023/6/2 23:00,0
2023/6/2 23:15,0
2023/6/2 23:30,0
2023/6/2 23:45,0
2023/6/3 0:00,0
2023/6/3 0:15,0
2023/6/3 0:30,0
2023/6/3 0:45,0
2023/6/3 1:00,0
2023/6/3 1:15,0
2023/6/3 1:30,0
2023/6/3 1:45,0
2023/6/3 2:00,0
2023/6/3 2:15,0
2023/6/3 2:30,0
2023/6/3 2:45,0
2023/6/3 3:00,0
2023/6/3 3:15,0
2023/6/3 3:30,0
2023/6/3 3:45,0
2023/6/3 4:00,0
2023/6/3 4:15,0
2023/6/3 4:30,0
2023/6/3 4:45,0
2023/6/3 5:00,0
2023/6/3 5:15,0
2023/6/3 5:30,0
2023/6/3 5:45,0
2023/6/3 6:00,0
2023/6/3 6:15,0
2023/6/3 6:30,0
2023/6/3 6:45,0
2023/6/3 7:00,0
2023/6/3 7:15,0
2023/6/3 7:30,0
2023/6/3 7:45,0
2023/6/3 8:00,0
2023/6/3 8:15,0
2023/6/3 8:30,0
2023/6/3 8:45,0
2023/6/3 9:00,0
2023/6/3 9:15,0
2023/6/3 9:30,0
2023/6/3 9:45,0.353632957
2023/6/3 10:00,0.428215717
2023/6/3 10:15,0.540086537
2023/6/3 10:30,0.311125305
2023/6/3 10:45,0.130802335
2023/6/3 11:00,0.120021317
2023/6/3 11:15,0.208956273
2023/6/3 11:30,0.528060814
2023/6/3 11:45,0.572296152
2023/6/3 12:00,0.487172935
2023/6/3 12:15,0.489627034
2023/6/3 12:30,0.204528262
2023/6/3 12:45,0.138380961
2023/6/3 13:00,0.11331276
2023/6/3 13:15,0.136506721
2023/6/3 13:30,0.121378369
2023/6/3 13:45,0.11790234
2023/6/3 14:00,0.097073749
2023/6/3 14:15,0.091446792
2023/6/3 14:30,0.057467989
2023/6/3 14:45,0.050342039
2023/6/3 15:00,0
2023/6/3 15:15,0
2023/6/3 15:30,0
2023/6/3 15:45,0
2023/6/3 16:00,0
2023/6/3 16:15,0
2023/6/3 16:30,0
2023/6/3 16:45,0
2023/6/3 17:00,0
2023/6/3 17:15,0
2023/6/3 17:30,0
2023/6/3 17:45,0
2023/6/3 18:00,0
2023/6/3 18:15,0
2023/6/3 18:30,0
2023/6/3 18:45,0
2023/6/3 19:00,0
2023/6/3 19:15,0
2023/6/3 19:30,0
2023/6/3 19:45,0
2023/6/3 20:00,0
2023/6/3 20:15,0
2023/6/3 20:30,0
2023/6/3 20:45,0
2023/6/3 21:00,0
2023/6/3 21:15,0
2023/6/3 21:30,0
2023/6/3 21:45,0
2023/6/3 22:00,0
2023/6/3 22:15,0
2023/6/3 22:30,0
2023/6/3 22:45,0
2023/6/3 23:00,0
2023/6/3 23:15,0
2023/6/3 23:30,0
2023/6/3 23:45,0
2023/6/4 0:00,0
2023/6/4 0:15,0
2023/6/4 0:30,0
2023/6/4 0:45,0
2023/6/4 1:00,0
2023/6/4 1:15,0
2023/6/4 1:30,0
2023/6/4 1:45,0
2023/6/4 2:00,0
2023/6/4 2:15,0
2023/6/4 2:30,0
2023/6/4 2:45,0
2023/6/4 3:00,0
2023/6/4 3:15,0
2023/6/4 3:30,0
2023/6/4 3:45,0
2023/6/4 4:00,0
2023/6/4 4:15,0
2023/6/4 4:30,0
2023/6/4 4:45,0
2023/6/4 5:00,0
2023/6/4 5:15,0
2023/6/4 5:30,0
2023/6/4 5:45,0
2023/6/4 6:00,0
2023/6/4 6:15,0
2023/6/4 6:30,0
2023/6/4 6:45,0
2023/6/4 7:00,0
2023/6/4 7:15,0
2023/6/4 7:30,0
2023/6/4 7:45,0
2023/6/4 8:00,0
2023/6/4 8:15,0
2023/6/4 8:30,0
2023/6/4 8:45,0
2023/6/4 9:00,0
2023/6/4 9:15,0
2023/6/4 9:30,0
2023/6/4 9:45,0.267117309
2023/6/4 10:00,0.317234714
2023/6/4 10:15,0.378464068
2023/6/4 10:30,0.234178182
2023/6/4 10:45,0.095721092
2023/6/4 11:00,0.095005806
2023/6/4 11:15,0.156568443
2023/6/4 11:30,0.392376658
2023/6/4 11:45,0.374727423
2023/6/4 12:00,0.381908638
2023/6/4 12:15,0.33957367
2023/6/4 12:30,0.149078629
2023/6/4 12:45,0.103399072
2023/6/4 13:00,0.074022454
2023/6/4 13:15,0.088180735
2023/6/4 13:30,0.096933956
2023/6/4 13:45,0.0851116
2023/6/4 14:00,0.067208288
2023/6/4 14:15,0.062194522
2023/6/4 14:30,0.043977155
2023/6/4 14:45,0.04030475
2023/6/4 15:00,0
2023/6/4 15:15,0
2023/6/4 15:30,0
2023/6/4 15:45,0
2023/6/4 16:00,0
2023/6/4 16:15,0
2023/6/4 16:30,0
2023/6/4 16:45,0
2023/6/4 17:00,0
2023/6/4 17:15,0
2023/6/4 17:30,0
2023/6/4 17:45,0
2023/6/4 18:00,0
2023/6/4 18:15,0
2023/6/4 18:30,0
2023/6/4 18:45,0
2023/6/4 19:00,0
2023/6/4 19:15,0
2023/6/4 19:30,0
2023/6/4 19:45,0
2023/6/4 20:00,0
2023/6/4 20:15,0
2023/6/4 20:30,0
2023/6/4 20:45,0
2023/6/4 21:00,0
2023/6/4 21:15,0
2023/6/4 21:30,0
2023/6/4 21:45,0
2023/6/4 22:00,0
2023/6/4 22:15,0
2023/6/4 22:30,0
2023/6/4 22:45,0
2023/6/4 23:00,0
2023/6/4 23:15,0
2023/6/4 23:30,0
2023/6/4 23:45,0
2023/6/5 0:00,0
2023/6/5 0:15,0
2023/6/5 0:30,0
2023/6/5 0:45,0
2023/6/5 1:00,0
2023/6/5 1:15,0
2023/6/5 1:30,0
2023/6/5 1:45,0
2023/6/5 2:00,0
2023/6/5 2:15,0
2023/6/5 2:30,0
2023/6/5 2:45,0
2023/6/5 3:00,0
2023/6/5 3:15,0
2023/6/5 3:30,0
2023/6/5 3:45,0
2023/6/5 4:00,0
2023/6/5 4:15,0
2023/6/5 4:30,0
2023/6/5 4:45,0
2023/6/5 5:00,0
2023/6/5 5:15,0
2023/6/5 5:30,0
2023/6/5 5:45,0
2023/6/5 6:00,0
2023/6/5 6:15,0
2023/6/5 6:30,0
2023/6/5 6:45,0
2023/6/5 7:00,0
2023/6/5 7:15,0
2023/6/5 7:30,0
2023/6/5 7:45,0
2023/6/5 8:00,0
2023/6/5 8:15,0
2023/6/5 8:30,0
2023/6/5 8:45,0
2023/6/5 9:00,0
2023/6/5 9:15,0
2023/6/5 9:30,0
2023/6/5 9:45,0.353347614
2023/6/5 10:00,0.42786119
2023/6/5 10:15,0.552033074
2023/6/5 10:30,0.354687591
2023/6/5 10:45,0.126273642
2023/6/5 11:00,0.130678945
2023/6/5 11:15,0.21525139
2023/6/5 11:30,0.563057311
2023/6/5 11:45,0.534508568
2023/6/5 12:00,0.543505186
2023/6/5 12:15,0.449788118
2023/6/5 12:30,0.202170057
2023/6/5 12:45,0.145722643
2023/6/5 13:00,0.105256924
2023/6/5 13:15,0.114064553
2023/6/5 13:30,0.150024077
2023/6/5 13:45,0.128370064
2023/6/5 14:00,0.094783096
2023/6/5 14:15,0.08937475
2023/6/5 14:30,0.067314983
2023/6/5 14:45,0.053452764
2023/6/5 15:00,0
2023/6/5 15:15,0
2023/6/5 15:30,0
2023/6/5 15:45,0
2023/6/5 16:00,0
2023/6/5 16:15,0
2023/6/5 16:30,0
2023/6/5 16:45,0
2023/6/5 17:00,0
2023/6/5 17:15,0
2023/6/5 17:30,0
2023/6/5 17:45,0
2023/6/5 18:00,0
2023/6/5 18:15,0
2023/6/5 18:30,0
2023/6/5 18:45,0
2023/6/5 19:00,0
2023/6/5 19:15,0
2023/6/5 19:30,0
2023/6/5 19:45,0
2023/6/5 20:00,0
2023/6/5 20:15,0
2023/6/5 20:30,0
2023/6/5 20:45,0
2023/6/5 21:00,0
2023/6/5 21:15,0
2023/6/5 21:30,0
2023/6/5 21:45,0
2023/6/5 22:00,0
2023/6/5 22:15,0
2023/6/5 22:30,0
2023/6/5 22:45,0
2023/6/5 23:00,0
2023/6/5 23:15,0
2023/6/5 23:30,0
2023/6/5 23:45,0
2023/6/6 0:00,0
2023/6/6 0:15,0
2023/6/6 0:30,0
2023/6/6 0:45,0
2023/6/6 1:00,0
2023/6/6 1:15,0
2023/6/6 1:30,0
2023/6/6 1:45,0
2023/6/6 2:00,0
2023/6/6 2:15,0
2023/6/6 2:30,0
2023/6/6 2:45,0
2023/6/6 3:00,0
2023/6/6 3:15,0
2023/6/6 3:30,0
2023/6/6 3:45,0
2023/6/6 4:00,0
2023/6/6 4:15,0
2023/6/6 4:30,0
2023/6/6 4:45,0
2023/6/6 5:00,0
2023/6/6 5:15,0
2023/6/6 5:30,0
2023/6/6 5:45,0
2023/6/6 6:00,0
2023/6/6 6:15,0
2023/6/6 6:30,0
2023/6/6 6:45,0
2023/6/6 7:00,0
2023/6/6 7:15,0
2023/6/6 7:30,0
2023/6/6 7:45,0
2023/6/6 8:00,0
2023/6/6 8:15,0
2023/6/6 8:30,0
2023/6/6 8:45,0
2023/6/6 9:00,0
2023/6/6 9:15,0
2023/6/6 9:30,0
2023/6/6 9:45,0.425905476
2023/6/6 10:00,0.490878506
2023/6/6 10:15,0.654502175
2023/6/6 10:30,0.383674367
2023/6/6 10:45,0.144392059
2023/6/6 11:00,0.157951882
2023/6/6 11:15,0.251323388
2023/6/6 11:30,0.587095798
2023/6/6 11:45,0.607369655
2023/6/6 12:00,0.603975449
2023/6/6 12:15,0.50824524
2023/6/6 12:30,0.228542603
2023/6/6 12:45,0.170686773
2023/6/6 13:00,0.114508744
2023/6/6 13:15,0.14653168
2023/6/6 13:30,0.151550645
2023/6/6 13:45,0.145880883
2023/6/6 14:00,0.111642277
2023/6/6 14:15,0.099065834
2023/6/6 14:30,0.072851824
2023/6/6 14:45,0.06492791
2023/6/6 15:00,0
2023/6/6 15:15,0
2023/6/6 15:30,0
2023/6/6 15:45,0
2023/6/6 16:00,0
2023/6/6 16:15,0
2023/6/6 16:30,0
2023/6/6 16:45,0
2023/6/6 17:00,0
2023/6/6 17:15,0
2023/6/6 17:30,0
2023/6/6 17:45,0
2023/6/6 18:00,0
2023/6/6 18:15,0
2023/6/6 18:30,0
2023/6/6 18:45,0
2023/6/6 19:00,0
2023/6/6 19:15,0
2023/6/6 19:30,0
2023/6/6 19:45,0
2023/6/6 20:00,0
2023/6/6 20:15,0
2023/6/6 20:30,0
2023/6/6 20:45,0
2023/6/6 21:00,0
2023/6/6 21:15,0
2023/6/6 21:30,0
2023/6/6 21:45,0
2023/6/6 22:00,0
2023/6/6 22:15,0
2023/6/6 22:30,0
2023/6/6 22:45,0
2023/6/6 23:00,0
2023/6/6 23:15,0
2023/6/6 23:30,0
2023/6/6 23:45,0
2023/6/7 0:00,0
2023/6/7 0:15,0
2023/6/7 0:30,0
2023/6/7 0:45,0
2023/6/7 1:00,0
2023/6/7 1:15,0
2023/6/7 1:30,0
2023/6/7 1:45,0
2023/6/7 2:00,0
2023/6/7 2:15,0
2023/6/7 2:30,0
2023/6/7 2:45,0
2023/6/7 3:00,0
2023/6/7 3:15,0
2023/6/7 3:30,0
2023/6/7 3:45,0
2023/6/7 4:00,0
2023/6/7 4:15,0
2023/6/7 4:30,0
2023/6/7 4:45,0
2023/6/7 5:00,0
2023/6/7 5:15,0
2023/6/7 5:30,0
2023/6/7 5:45,0
2023/6/7 6:00,0
2023/6/7 6:15,0
2023/6/7 6:30,0
2023/6/7 6:45,0
2023/6/7 7:00,0
2023/6/7 7:15,0
2023/6/7 7:30,0
2023/6/7 7:45,0
2023/6/7 8:00,0
2023/6/7 8:15,0
2023/6/7 8:30,0
2023/6/7 8:45,0
2023/6/7 9:00,0
2023/6/7 9:15,0
2023/6/7 9:30,0
2023/6/7 9:45,0.414155063
2023/6/7 10:00,0.480447986
2023/6/7 10:15,0.589982644
2023/6/7 10:30,0.383350422
2023/6/7 10:45,0.139437962
2023/6/7 11:00,0.153300427
2023/6/7 11:15,0.23039933
2023/6/7 11:30,0.579717577
2023/6/7 11:45,0.585437824
2023/6/7 12:00,0.590932484
2023/6/7 12:15,0.484755485
2023/6/7 12:30,0.220064699
2023/6/7 12:45,0.157590302
2023/6/7 13:00,0.120859258
2023/6/7 13:15,0.132241229
2023/6/7 13:30,0.148572667
2023/6/7 13:45,0.129667047
2023/6/7 14:00,0.100085746
2023/6/7 14:15,0.092665627
2023/6/7 14:30,0.069971149
2023/6/7 14:45,0.056552748
2023/6/7 15:00,0
2023/6/7 15:15,0
2023/6/7 15:30,0
2023/6/7 15:45,0
2023/6/7 16:00,0
2023/6/7 16:15,0
2023/6/7 16:30,0
2023/6/7 16:45,0
2023/6/7 17:00,0
2023/6/7 17:15,0
2023/6/7 17:30,0
2023/6/7 17:45,0
2023/6/7 18:00,0
2023/6/7 18:15,0
2023/6/7 18:30,0
2023/6/7 18:45,0
2023/6/7 19:00,0
2023/6/7 19:15,0
2023/6/7 19:30,0
2023/6/7 19:45,0
2023/6/7 20:00,0
2023/6/7 20:15,0
2023/6/7 20:30,0
2023/6/7 20:45,0
2023/6/7 21:00,0
2023/6/7 21:15,0
2023/6/7 21:30,0
2023/6/7 21:45,0
2023/6/7 22:00,0
2023/6/7 22:15,0
2023/6/7 22:30,0
2023/6/7 22:45,0
2023/6/7 23:00,0
2023/6/7 23:15,0
2023/6/7 23:30,0
2023/6/7 23:45,0
2023/6/8 0:00,0
2023/6/8 0:15,0
2023/6/8 0:30,0
2023/6/8 0:45,0
2023/6/8 1:00,0
2023/6/8 1:15,0
2023/6/8 1:30,0
2023/6/8 1:45,0
2023/6/8 2:00,0
2023/6/8 2:15,0
2023/6/8 2:30,0
2023/6/8 2:45,0
2023/6/8 3:00,0
2023/6/8 3:15,0
2023/6/8 3:30,0
2023/6/8 3:45,0
2023/6/8 4:00,0
2023/6/8 4:15,0
2023/6/8 4:30,0
2023/6/8 4:45,0
2023/6/8 5:00,0
2023/6/8 5:15,0
2023/6/8 5:30,0
2023/6/8 5:45,0
2023/6/8 6:00,0
2023/6/8 6:15,0
2023/6/8 6:30,0
2023/6/8 6:45,0
2023/6/8 7:00,0
2023/6/8 7:15,0
2023/6/8 7:30,0
2023/6/8 7:45,0
2023/6/8 8:00,0
2023/6/8 8:15,0
2023/6/8 8:30,0
2023/6/8 8:45,0
2023/6/8 9:00,0
2023/6/8 9:15,0
2023/6/8 9:30,0
2023/6/8 9:45,0.369170313
2023/6/8 10:00,0.447581241
2023/6/8 10:15,0.542777873
2023/6/8 10:30,0.317712997
2023/6/8 10:45,0.120953924
2023/6/8 11:00,0.13834617
2023/6/8 11:15,0.210689435
2023/6/8 11:30,0.510658171
2023/6/8 11:45,0.557035964
2023/6/8 12:00,0.59846474
2023/6/8 12:15,0.466624063
2023/6/8 12:30,0.215464422
2023/6/8 12:45,0.133744602
2023/6/8 13:00,0.103571961
2023/6/8 13:15,0.125817099
2023/6/8 13:30,0.146283095
2023/6/8 13:45,0.124308471
2023/6/8 14:00,0.094406067
2023/6/8 14:15,0.087359817
2023/6/8 14:30,0.062332606
2023/6/8 14:45,0.054700331
2023/6/8 15:00,0
2023/6/8 15:15,0
2023/6/8 15:30,0
2023/6/8 15:45,0
2023/6/8 16:00,0
2023/6/8 16:15,0
2023/6/8 16:30,0
2023/6/8 16:45,0
2023/6/8 17:00,0
2023/6/8 17:15,0
2023/6/8 17:30,0
2023/6/8 17:45,0
2023/6/8 18:00,0
2023/6/8 18:15,0
2023/6/8 18:30,0
2023/6/8 18:45,0
2023/6/8 19:00,0
2023/6/8 19:15,0
2023/6/8 19:30,0
2023/6/8 19:45,0
2023/6/8 20:00,0
2023/6/8 20:15,0
2023/6/8 20:30,0
2023/6/8 20:45,0
2023/6/8 21:00,0
2023/6/8 21:15,0
2023/6/8 21:30,0
2023/6/8 21:45,0
2023/6/8 22:00,0
2023/6/8 22:15,0
2023/6/8 22:30,0
2023/6/8 22:45,0
2023/6/8 23:00,0
2023/6/8 23:15,0
2023/6/8 23:30,0
2023/6/8 23:45,0
2023/6/9 0:00,0
2023/6/9 0:15,0
2023/6/9 0:30,0
2023/6/9 0:45,0
2023/6/9 1:00,0
2023/6/9 1:15,0
2023/6/9 1:30,0
2023/6/9 1:45,0
2023/6/9 2:00,0
2023/6/9 2:15,0
2023/6/9 2:30,0
2023/6/9 2:45,0
2023/6/9 3:00,0
2023/6/9 3:15,0
2023/6/9 3:30,0
2023/6/9 3:45,0
2023/6/9 4:00,0
2023/6/9 4:15,0
2023/6/9 4:30,0
2023/6/9 4:45,0
2023/6/9 5:00,0
2023/6/9 5:15,0
2023/6/9 5:30,0
2023/6/9 5:45,0
2023/6/9 6:00,0
2023/6/9 6:15,0
2023/6/9 6:30,0
2023/6/9 6:45,0
2023/6/9 7:00,0
2023/6/9 7:15,0
2023/6/9 7:30,0
2023/6/9 7:45,0
2023/6/9 8:00,0
2023/6/9 8:15,0
2023/6/9 8:30,0
2023/6/9 8:45,0
2023/6/9 9:00,0
2023/6/9 9:15,0
2023/6/9 9:30,0
2023/6/9 9:45,0.410200216
2023/6/9 10:00,0.504078455
2023/6/9 10:15,0.579355899
2023/6/9 10:30,0.387973784
2023/6/9 10:45,0.143139527
2023/6/9 11:00,0.151591027
2023/6/9 11:15,0.240376322
2023/6/9 11:30,0.593048555
2023/6/9 11:45,0.578542706
2023/6/9 12:00,0.587481269
2023/6/9 12:15,0.504499054
2023/6/9 12:30,0.220471363
2023/6/9 12:45,0.152768425
2023/6/9 13:00,0.113615659
2023/6/9 13:15,0.140884183
2023/6/9 13:30,0.13785989
2023/6/9 13:45,0.135007676
2023/6/9 14:00,0.10774196
2023/6/9 14:15,0.093854653
2023/6/9 14:30,0.066210929
2023/6/9 14:45,0.062208155
2023/6/9 15:00,0
2023/6/9 15:15,0
2023/6/9 15:30,0
2023/6/9 15:45,0
2023/6/9 16:00,0
2023/6/9 16:15,0
2023/6/9 16:30,0
2023/6/9 16:45,0
2023/6/9 17:00,0
2023/6/9 17:15,0
2023/6/9 17:30,0
2023/6/9 17:45,0
2023/6/9 18:00,0
2023/6/9 18:15,0
2023/6/9 18:30,0
2023/6/9 18:45,0
2023/6/9 19:00,0
2023/6/9 19:15,0
2023/6/9 19:30,0
2023/6/9 19:45,0
2023/6/9 20:00,0
2023/6/9 20:15,0
2023/6/9 20:30,0
2023/6/9 20:45,0
2023/6/9 21:00,0
2023/6/9 21:15,0
2023/6/9 21:30,0
2023/6/9 21:45,0
2023/6/9 22:00,0
2023/6/9 22:15,0
2023/6/9 22:30,0
2023/6/9 22:45,0
2023/6/9 23:00,0
2023/6/9 23:15,0
2023/6/9 23:30,0
2023/6/9 23:45,0
2023/6/10 0:00,0
2023/6/10 0:15,0
2023/6/10 0:30,0
2023/6/10 0:45,0
2023/6/10 1:00,0
2023/6/10 1:15,0
2023/6/10 1:30,0
2023/6/10 1:45,0
2023/6/10 2:00,0
2023/6/10 2:15,0
2023/6/10 2:30,0
2023/6/10 2:45,0
2023/6/10 3:00,0
2023/6/10 3:15,0
2023/6/10 3:30,0
2023/6/10 3:45,0
2023/6/10 4:00,0
2023/6/10 4:15,0
2023/6/10 4:30,0
2023/6/10 4:45,0
2023/6/10 5:00,0
2023/6/10 5:15,0
2023/6/10 5:30,0
2023/6/10 5:45,0
2023/6/10 6:00,0
2023/6/10 6:15,0
2023/6/10 6:30,0
2023/6/10 6:45,0
2023/6/10 7:00,0
2023/6/10 7:15,0
2023/6/10 7:30,0
2023/6/10 7:45,0
2023/6/10 8:00,0
2023/6/10 8:15,0
2023/6/10 8:30,0
2023/6/10 8:45,0
2023/6/10 9:00,0
2023/6/10 9:15,0
2023/6/10 9:30,0
2023/6/10 9:45,0.329879267
2023/6/10 10:00,0.471833898
2023/6/10 10:15,0.567317052
2023/6/10 10:30,0.365153139
2023/6/10 10:45,0.12655771
2023/6/10 11:00,0.137377057
2023/6/10 11:15,0.211367882
2023/6/10 11:30,0.513399958
2023/6/10 11:45,0.496043843
2023/6/10 12:00,0.533446516
2023/6/10 12:15,0.431412824
2023/6/10 12:30,0.213975279
2023/6/10 12:45,0.140121283
2023/6/10 13:00,0.100930124
2023/6/10 13:15,0.124994918
2023/6/10 13:30,0.130012566
2023/6/10 13:45,0.121296102
2023/6/10 14:00,0.087824457
2023/6/10 14:15,0.082985826
2023/6/10 14:30,0.056023079
2023/6/10 14:45,0.053893732
2023/6/10 15:00,0
2023/6/10 15:15,0
2023/6/10 15:30,0
2023/6/10 15:45,0
2023/6/10 16:00,0
2023/6/10 16:15,0
2023/6/10 16:30,0
2023/6/10 16:45,0
2023/6/10 17:00,0
2023/6/10 17:15,0
2023/6/10 17:30,0
2023/6/10 17:45,0
2023/6/10 18:00,0
2023/6/10 18:15,0
2023/6/10 18:30,0
2023/6/10 18:45,0
2023/6/10 19:00,0
2023/6/10 19:15,0
2023/6/10 19:30,0
2023/6/10 19:45,0
2023/6/10 20:00,0
2023/6/10 20:15,0
2023/6/10 20:30,0
2023/6/10 20:45,0
2023/6/10 21:00,0
2023/6/10 21:15,0
2023/6/10 21:30,0
2023/6/10 21:45,0
2023/6/10 22:00,0
2023/6/10 22:15,0
2023/6/10 22:30,0
2023/6/10 22:45,0
2023/6/10 23:00,0
2023/6/10 23:15,0
2023/6/10 23:30,0
2023/6/10 23:45,0
2023/6/11 0:00,0
2023/6/11 0:15,0
2023/6/11 0:30,0
2023/6/11 0:45,0
2023/6/11 1:00,0
2023/6/11 1:15,0
2023/6/11 1:30,0
2023/6/11 1:45,0
2023/6/11 2:00,0
2023/6/11 2:15,0
2023/6/11 2:30,0
2023/6/11 2:45,0
2023/6/11 3:00,0
2023/6/11 3:15,0
2023/6/11 3:30,0
2023/6/11 3:45,0
2023/6/11 4:00,0
2023/6/11 4:15,0
2023/6/11 4:30,0
2023/6/11 4:45,0
2023/6/11 5:00,0
2023/6/11 5:15,0
2023/6/11 5:30,0
2023/6/11 5:45,0
2023/6/11 6:00,0
2023/6/11 6:15,0
2023/6/11 6:30,0
2023/6/11 6:45,0
2023/6/11 7:00,0
2023/6/11 7:15,0
2023/6/11 7:30,0
2023/6/11 7:45,0
2023/6/11 8:00,0
2023/6/11 8:15,0
2023/6/11 8:30,0
2023/6/11 8:45,0
2023/6/11 9:00,0
2023/6/11 9:15,0
2023/6/11 9:30,0
2023/6/11 9:45,0.38663951
2023/6/11 10:00,0.42774194
2023/6/11 10:15,0.531358594
2023/6/11 10:30,0.377492006
2023/6/11 10:45,0.13327399
2023/6/11 11:00,0.129139058
2023/6/11 11:15,0.242339441
2023/6/11 11:30,0.536944203
2023/6/11 11:45,0.546922994
2023/6/11 12:00,0.555657075
2023/6/11 12:15,0.452267788
2023/6/11 12:30,0.226728609
2023/6/11 12:45,0.142485322
2023/6/11 13:00,0.118894285
2023/6/11 13:15,0.126638394
2023/6/11 13:30,0.131688057
2023/6/11 13:45,0.135645234
2023/6/11 14:00,0.097541355
2023/6/11 14:15,0.091576729
2023/6/11 14:30,0.061485985
2023/6/11 14:45,0.056008242
2023/6/11 15:00,0
2023/6/11 15:15,0
2023/6/11 15:30,0
2023/6/11 15:45,0
2023/6/11 16:00,0
2023/6/11 16:15,0
2023/6/11 16:30,0
2023/6/11 16:45,0
2023/6/11 17:00,0
2023/6/11 17:15,0
2023/6/11 17:30,0
2023/6/11 17:45,0
2023/6/11 18:00,0
2023/6/11 18:15,0
2023/6/11 18:30,0
2023/6/11 18:45,0
2023/6/11 19:00,0
2023/6/11 19:15,0
2023/6/11 19:30,0
2023/6/11 19:45,0
2023/6/11 20:00,0
2023/6/11 20:15,0
2023/6/11 20:30,0
2023/6/11 20:45,0
2023/6/11 21:00,0
2023/6/11 21:15,0
2023/6/11 21:30,0
2023/6/11 21:45,0
2023/6/11 22:00,0
2023/6/11 22:15,0
2023/6/11 22:30,0
2023/6/11 22:45,0
2023/6/11 23:00,0
2023/6/11 23:15,0
2023/6/11 23:30,0
2023/6/11 23:45,0
2023/6/12 0:00,0
2023/6/12 0:15,0
2023/6/12 0:30,0
2023/6/12 0:45,0
2023/6/12 1:00,0
2023/6/12 1:15,0
2023/6/12 1:30,0
2023/6/12 1:45,0
2023/6/12 2:00,0
2023/6/12 2:15,0
2023/6/12 2:30,0
2023/6/12 2:45,0
2023/6/12 3:00,0
2023/6/12 3:15,0
2023/6/12 3:30,0
2023/6/12 3:45,0
2023/6/12 4:00,0
2023/6/12 4:15,0
2023/6/12 4:30,0
2023/6/12 4:45,0
2023/6/12 5:00,0
2023/6/12 5:15,0
2023/6/12 5:30,0
2023/6/12 5:45,0
2023/6/12 6:00,0
2023/6/12 6:15,0
2023/6/12 6:30,0
2023/6/12 6:45,0
2023/6/12 7:00,0
2023/6/12 7:15,0
2023/6/12 7:30,0
2023/6/12 7:45,0
2023/6/12 8:00,0
2023/6/12 8:15,0
2023/6/12 8:30,0
2023/6/12 8:45,0
2023/6/12 9:00,0
2023/6/12 9:15,0
2023/6/12 9:30,0
2023/6/12 9:45,0.357557491
2023/6/12 10:00,0.447825848
2023/6/12 10:15,0.535301885
2023/6/12 10:30,0.324923623
2023/6/12 10:45,0.137782609
2023/6/12 11:00,0.127277475
2023/6/12 11:15,0.209860579
2023/6/12 11:30,0.517553957
2023/6/12 11:45,0.501407787
2023/6/12 12:00,0.534232232
2023/6/12 12:15,0.425806496
2023/6/12 12:30,0.222072444
2023/6/12 12:45,0.140822893
2023/6/12 13:00,0.117270298
2023/6/12 13:15,0.119170633
2023/6/12 13:30,0.137807584
2023/6/12 13:45,0.118419774
2023/6/12 14:00,0.087999145
2023/6/12 14:15,0.092859724
2023/6/12 14:30,0.063419513
2023/6/12 14:45,0.048437299
2023/6/12 15:00,0
2023/6/12 15:15,0
2023/6/12 15:30,0
2023/6/12 15:45,0
2023/6/12 16:00,0
2023/6/12 16:15,0
2023/6/12 16:30,0
2023/6/12 16:45,0
2023/6/12 17:00,0
2023/6/12 17:15,0
2023/6/12 17:30,0
2023/6/12 17:45,0
2023/6/12 18:00,0
2023/6/12 18:15,0
2023/6/12 18:30,0
2023/6/12 18:45,0
2023/6/12 19:00,0
2023/6/12 19:15,0
2023/6/12 19:30,0
2023/6/12 19:45,0
2023/6/12 20:00,0
2023/6/12 20:15,0
2023/6/12 20:30,0
2023/6/12 20:45,0
2023/6/12 21:00,0
2023/6/12 21:15,0
2023/6/12 21:30,0
2023/6/12 21:45,0
2023/6/12 22:00,0
2023/6/12 22:15,0
2023/6/12 22:30,0
2023/6/12 22:45,0
2023/6/12 23:00,0
2023/6/12 23:15,0
2023/6/12 23:30,0
2023/6/12 23:45,0
2023/6/13 0:00,0
2023/6/13 0:15,0
2023/6/13 0:30,0
2023/6/13 0:45,0
2023/6/13 1:00,0
2023/6/13 1:15,0
2023/6/13 1:30,0
2023/6/13 1:45,0
2023/6/13 2:00,0
2023/6/13 2:15,0
2023/6/13 2:30,0
2023/6/13 2:45,0
2023/6/13 3:00,0
2023/6/13 3:15,0
2023/6/13 3:30,0
2023/6/13 3:45,0
2023/6/13 4:00,0
2023/6/13 4:15,0
2023/6/13 4:30,0
2023/6/13 4:45,0
2023/6/13 5:00,0
2023/6/13 5:15,0
2023/6/13 5:30,0
2023/6/13 5:45,0
2023/6/13 6:00,0
2023/6/13 6:15,0
2023/6/13 6:30,0
2023/6/13 6:45,0
2023/6/13 7:00,0
2023/6/13 7:15,0
2023/6/13 7:30,0
2023/6/13 7:45,0
2023/6/13 8:00,0
2023/6/13 8:15,0
2023/6/13 8:30,0
2023/6/13 8:45,0
2023/6/13 9:00,0
2023/6/13 9:15,0
2023/6/13 9:30,0
2023/6/13 9:45,0.398078049
2023/6/13 10:00,0.472607457
2023/6/13 10:15,0.562552002
2023/6/13 10:30,0.357142272
2023/6/13 10:45,0.123834005
2023/6/13 11:00,0.130751426
2023/6/13 11:15,0.234420114
2023/6/13 11:30,0.557955656
2023/6/13 11:45,0.511332857
2023/6/13 12:00,0.499077321
2023/6/13 12:15,0.474263201
2023/6/13 12:30,0.203899936
2023/6/13 12:45,0.136308877
2023/6/13 13:00,0.111050351
2023/6/13 13:15,0.130123618
2023/6/13 13:30,0.138039797
2023/6/13 13:45,0.136725927
2023/6/13 14:00,0.095559194
2023/6/13 14:15,0.094069219
2023/6/13 14:30,0.061384866
2023/6/13 14:45,0.057699379
2023/6/13 15:00,0
2023/6/13 15:15,0
2023/6/13 15:30,0
2023/6/13 15:45,0
2023/6/13 16:00,0
2023/6/13 16:15,0
2023/6/13 16:30,0
2023/6/13 16:45,0
2023/6/13 17:00,0
2023/6/13 17:15,0
2023/6/13 17:30,0
2023/6/13 17:45,0
2023/6/13 18:00,0
2023/6/13 18:15,0
2023/6/13 18:30,0
2023/6/13 18:45,0
2023/6/13 19:00,0
2023/6/13 19:15,0
2023/6/13 19:30,0
2023/6/13 19:45,0
2023/6/13 20:00,0
2023/6/13 20:15,0
2023/6/13 20:30,0
2023/6/13 20:45,0
2023/6/13 21:00,0
2023/6/13 21:15,0
2023/6/13 21:30,0
2023/6/13 21:45,0
2023/6/13 22:00,0
2023/6/13 22:15,0
2023/6/13 22:30,0
2023/6/13 22:45,0
2023/6/13 23:00,0
2023/6/13 23:15,0
2023/6/13 23:30,0
2023/6/13 23:45,0
2023/6/14 0:00,0
2023/6/14 0:15,0
2023/6/14 0:30,0
2023/6/14 0:45,0
2023/6/14 1:00,0
2023/6/14 1:15,0
2023/6/14 1:30,0
2023/6/14 1:45,0
2023/6/14 2:00,0
2023/6/14 2:15,0
2023/6/14 2:30,0
2023/6/14 2:45,0
2023/6/14 3:00,0
2023/6/14 3:15,0
2023/6/14 3:30,0
2023/6/14 3:45,0
2023/6/14 4:00,0
2023/6/14 4:15,0
2023/6/14 4:30,0
2023/6/14 4:45,0
2023/6/14 5:00,0
2023/6/14 5:15,0
2023/6/14 5:30,0
2023/6/14 5:45,0
2023/6/14 6:00,0
2023/6/14 6:15,0
2023/6/14 6:30,0
2023/6/14 6:45,0
2023/6/14 7:00,0
2023/6/14 7:15,0
2023/6/14 7:30,0
2023/6/14 7:45,0
2023/6/14 8:00,0
2023/6/14 8:15,0
2023/6/14 8:30,0
2023/6/14 8:45,0
2023/6/14 9:00,0
2023/6/14 9:15,0
2023/6/14 9:30,0
2023/6/14 9:45,0.021327412
2023/6/14 10:00,0.025919482
2023/6/14 10:15,0.032670643
2023/6/14 10:30,0.020092633
2023/6/14 10:45,0.007660251
2023/6/14 11:00,0.007997671
2023/6/14 11:15,0.012666735
2023/6/14 11:30,0.030566195
2023/6/14 11:45,0.030846251
2023/6/14 12:00,0.030819867
2023/6/14 12:15,0.026562057
2023/6/14 12:30,0.012328026
2023/6/14 12:45,0.008458334
2023/6/14 13:00,0.00619751
2023/6/14 13:15,0.007269227
2023/6/14 13:30,0.007807263
2023/6/14 13:45,0.007243255
2023/6/14 14:00,0.005468511
2023/6/14 14:15,0.005033554
2023/6/14 14:30,0.003626357
2023/6/14 14:45,0.003190604
2023/6/14 15:00,0
2023/6/14 15:15,0
2023/6/14 15:30,0
2023/6/14 15:45,0
2023/6/14 16:00,0
2023/6/14 16:15,0
2023/6/14 16:30,0
2023/6/14 16:45,0
2023/6/14 17:00,0
2023/6/14 17:15,0
2023/6/14 17:30,0
2023/6/14 17:45,0
2023/6/14 18:00,0
2023/6/14 18:15,0
2023/6/14 18:30,0
2023/6/14 18:45,0
2023/6/14 19:00,0
2023/6/14 19:15,0
2023/6/14 19:30,0
2023/6/14 19:45,0
2023/6/14 20:00,0
2023/6/14 20:15,0
2023/6/14 20:30,0
2023/6/14 20:45,0
2023/6/14 21:00,0
2023/6/14 21:15,0
2023/6/14 21:30,0
2023/6/14 21:45,0
2023/6/14 22:00,0
2023/6/14 22:15,0
2023/6/14 22:30,0
2023/6/14 22:45,0
2023/6/14 23:00,0
2023/6/14 23:15,0
2023/6/14 23:30,0
2023/6/14 23:45,0
2023/6/15 0:00,0
2023/6/15 0:15,0
2023/6/15 0:30,0
2023/6/15 0:45,0
2023/6/15 1:00,0
2023/6/15 1:15,0
2023/6/15 1:30,0
2023/6/15 1:45,0
2023/6/15 2:00,0
2023/6/15 2:15,0
2023/6/15 2:30,0
2023/6/15 2:45,0
2023/6/15 3:00,0
2023/6/15 3:15,0
2023/6/15 3:30,0
2023/6/15 3:45,0
2023/6/15 4:00,0
2023/6/15 4:15,0
2023/6/15 4:30,0
2023/6/15 4:45,0
2023/6/15 5:00,0
2023/6/15 5:15,0
2023/6/15 5:30,0
2023/6/15 5:45,0
2023/6/15 6:00,0
2023/6/15 6:15,0
2023/6/15 6:30,0
2023/6/15 6:45,0
2023/6/15 7:00,0
2023/6/15 7:15,0
2023/6/15 7:30,0
2023/6/15 7:45,0
2023/6/15 8:00,0
2023/6/15 8:15,0
2023/6/15 8:30,0
2023/6/15 8:45,0
2023/6/15 9:00,0
2023/6/15 9:15,0
2023/6/15 9:30,0
2023/6/15 9:45,0.424789415
2023/6/15 10:00,0.49815894
2023/6/15 10:15,0.664507903
2023/6/15 10:30,0.393318318
2023/6/15 10:45,0.15472661
2023/6/15 11:00,0.163081878
2023/6/15 11:15,0.252247107
2023/6/15 11:30,0.595986511
2023/6/15 11:45,0.633590168
2023/6/15 12:00,0.591960622
2023/6/15 12:15,0.519147028
2023/6/15 12:30,0.231985382
2023/6/15 12:45,0.166361756
2023/6/15 13:00,0.123421529
2023/6/15 13:15,0.146325825
2023/6/15 13:30,0.157230204
2023/6/15 13:45,0.142825185
2023/6/15 14:00,0.102930814
2023/6/15 14:15,0.102068189
2023/6/15 14:30,0.072631541
2023/6/15 14:45,0.064535418
2023/6/15 15:00,0
2023/6/15 15:15,0
2023/6/15 15:30,0
2023/6/15 15:45,0
2023/6/15 16:00,0
2023/6/15 16:15,0
2023/6/15 16:30,0
2023/6/15 16:45,0
2023/6/15 17:00,0
2023/6/15 17:15,0
2023/6/15 17:30,0
2023/6/15 17:45,0
2023/6/15 18:00,0
2023/6/15 18:15,0
2023/6/15 18:30,0
2023/6/15 18:45,0
2023/6/15 19:00,0
2023/6/15 19:15,0
2023/6/15 19:30,0
2023/6/15 19:45,0
2023/6/15 20:00,0
2023/6/15 20:15,0
2023/6/15 20:30,0
2023/6/15 20:45,0
2023/6/15 21:00,0
2023/6/15 21:15,0
2023/6/15 21:30,0
2023/6/15 21:45,0
2023/6/15 22:00,0
2023/6/15 22:15,0
2023/6/15 22:30,0
2023/6/15 22:45,0
2023/6/15 23:00,0
2023/6/15 23:15,0
2023/6/15 23:30,0
2023/6/15 23:45,0
2023/6/16 0:00,0
2023/6/16 0:15,0
2023/6/16 0:30,0
2023/6/16 0:45,0
2023/6/16 1:00,0
2023/6/16 1:15,0
2023/6/16 1:30,0
2023/6/16 1:45,0
2023/6/16 2:00,0
2023/6/16 2:15,0
2023/6/16 2:30,0
2023/6/16 2:45,0
2023/6/16 3:00,0
2023/6/16 3:15,0
2023/6/16 3:30,0
2023/6/16 3:45,0
2023/6/16 4:00,0
2023/6/16 4:15,0
2023/6/16 4:30,0
2023/6/16 4:45,0
2023/6/16 5:00,0
2023/6/16 5:15,0
2023/6/16 5:30,0
2023/6/16 5:45,0
2023/6/16 6:00,0
2023/6/16 6:15,0
2023/6/16 6:30,0
2023/6/16 6:45,0
2023/6/16 7:00,0
2023/6/16 7:15,0
2023/6/16 7:30,0
2023/6/16 7:45,0
2023/6/16 8:00,0
2023/6/16 8:15,0
2023/6/16 8:30,0
2023/6/16 8:45,0
2023/6/16 9:00,0
2023/6/16 9:15,0
2023/6/16 9:30,0
2023/6/16 9:45,0.368126431
2023/6/16 10:00,0.407305112
2023/6/16 10:15,0.524896603
2023/6/16 10:30,0.343906543
2023/6/16 10:45,0.127225365
2023/6/16 11:00,0.137916535
2023/6/16 11:15,0.227446316
2023/6/16 11:30,0.492078037
2023/6/16 11:45,0.53288739
2023/6/16 12:00,0.534917901
2023/6/16 12:15,0.473016009
2023/6/16 12:30,0.20770739
2023/6/16 12:45,0.132330688
2023/6/16 13:00,0.105001687
2023/6/16 13:15,0.130171161
2023/6/16 13:30,0.134440181
2023/6/16 13:45,0.12725813
2023/6/16 14:00,0.102891603
2023/6/16 14:15,0.086708142
2023/6/16 14:30,0.062473396
2023/6/16 14:45,0.052786311
2023/6/16 15:00,0
2023/6/16 15:15,0
2023/6/16 15:30,0
2023/6/16 15:45,0
2023/6/16 16:00,0
2023/6/16 16:15,0
2023/6/16 16:30,0
2023/6/16 16:45,0
2023/6/16 17:00,0
2023/6/16 17:15,0
2023/6/16 17:30,0
2023/6/16 17:45,0
2023/6/16 18:00,0
2023/6/16 18:15,0
2023/6/16 18:30,0
2023/6/16 18:45,0
2023/6/16 19:00,0
2023/6/16 19:15,0
2023/6/16 19:30,0
2023/6/16 19:45,0
2023/6/16 20:00,0
2023/6/16 20:15,0
2023/6/16 20:30,0
2023/6/16 20:45,0
2023/6/16 21:00,0
2023/6/16 21:15,0
2023/6/16 21:30,0
2023/6/16 21:45,0
2023/6/16 22:00,0
2023/6/16 22:15,0
2023/6/16 22:30,0
2023/6/16 22:45,0
2023/6/16 23:00,0
2023/6/16 23:15,0
2023/6/16 23:30,0
2023/6/16 23:45,0
2023/6/17 0:00,0
2023/6/17 0:15,0
2023/6/17 0:30,0
2023/6/17 0:45,0
2023/6/17 1:00,0
2023/6/17 1:15,0
2023/6/17 1:30,0
2023/6/17 1:45,0
2023/6/17 2:00,0
2023/6/17 2:15,0
2023/6/17 2:30,0
2023/6/17 2:45,0
2023/6/17 3:00,0
2023/6/17 3:15,0
2023/6/17 3:30,0
2023/6/17 3:45,0
2023/6/17 4:00,0
2023/6/17 4:15,0
2023/6/17 4:30,0
2023/6/17 4:45,0
2023/6/17 5:00,0
2023/6/17 5:15,0
2023/6/17 5:30,0
2023/6/17 5:45,0
2023/6/17 6:00,0
2023/6/17 6:15,0
2023/6/17 6:30,0
2023/6/17 6:45,0
2023/6/17 7:00,0
2023/6/17 7:15,0
2023/6/17 7:30,0
2023/6/17 7:45,0
2023/6/17 8:00,0
2023/6/17 8:15,0
2023/6/17 8:30,0
2023/6/17 8:45,0
2023/6/17 9:00,0
2023/6/17 9:15,0
2023/6/17 9:30,0
2023/6/17 9:45,0.350456085
2023/6/17 10:00,0.390674133
2023/6/17 10:15,0.547285907
2023/6/17 10:30,0.34415994
2023/6/17 10:45,0.128960413
2023/6/17 11:00,0.128292155
2023/6/17 11:15,0.223484457
2023/6/17 11:30,0.539516221
2023/6/17 11:45,0.569548962
2023/6/17 12:00,0.549013486
2023/6/17 12:15,0.461321233
2023/6/17 12:30,0.227438539
2023/6/17 12:45,0.145912731
2023/6/17 13:00,0.112137698
2023/6/17 13:15,0.127201018
2023/6/17 13:30,0.127069141
2023/6/17 13:45,0.125724457
2023/6/17 14:00,0.086375999
2023/6/17 14:15,0.08457619
2023/6/17 14:30,0.060160217
2023/6/17 14:45,0.051004973
2023/6/17 15:00,0
2023/6/17 15:15,0
2023/6/17 15:30,0
2023/6/17 15:45,0
2023/6/17 16:00,0
2023/6/17 16:15,0
2023/6/17 16:30,0
2023/6/17 16:45,0
2023/6/17 17:00,0
2023/6/17 17:15,0
2023/6/17 17:30,0
2023/6/17 17:45,0
2023/6/17 18:00,0
2023/6/17 18:15,0
2023/6/17 18:30,0
2023/6/17 18:45,0
2023/6/17 19:00,0
2023/6/17 19:15,0
2023/6/17 19:30,0
2023/6/17 19:45,0
2023/6/17 20:00,0
2023/6/17 20:15,0
2023/6/17 20:30,0
2023/6/17 20:45,0
2023/6/17 21:00,0
2023/6/17 21:15,0
2023/6/17 21:30,0
2023/6/17 21:45,0
2023/6/17 22:00,0
2023/6/17 22:15,0
2023/6/17 22:30,0
2023/6/17 22:45,0
2023/6/17 23:00,0
2023/6/17 23:15,0
2023/6/17 23:30,0
2023/6/17 23:45,0
2023/6/18 0:00,0
2023/6/18 0:15,0
2023/6/18 0:30,0
2023/6/18 0:45,0
2023/6/18 1:00,0
2023/6/18 1:15,0
2023/6/18 1:30,0
2023/6/18 1:45,0
2023/6/18 2:00,0
2023/6/18 2:15,0
2023/6/18 2:30,0
2023/6/18 2:45,0
2023/6/18 3:00,0
2023/6/18 3:15,0
2023/6/18 3:30,0
2023/6/18 3:45,0
2023/6/18 4:00,0
2023/6/18 4:15,0
2023/6/18 4:30,0
2023/6/18 4:45,0
2023/6/18 5:00,0
2023/6/18 5:15,0
2023/6/18 5:30,0
2023/6/18 5:45,0
2023/6/18 6:00,0
2023/6/18 6:15,0
2023/6/18 6:30,0
2023/6/18 6:45,0
2023/6/18 7:00,0
2023/6/18 7:15,0
2023/6/18 7:30,0
2023/6/18 7:45,0
2023/6/18 8:00,0
2023/6/18 8:15,0
2023/6/18 8:30,0
2023/6/18 8:45,0
2023/6/18 9:00,0
2023/6/18 9:15,0
2023/6/18 9:30,0
2023/6/18 9:45,0.368280242
2023/6/18 10:00,0.406434247
2023/6/18 10:15,0.54577409
2023/6/18 10:30,0.33648355
2023/6/18 10:45,0.121287752
2023/6/18 11:00,0.130690047
2023/6/18 11:15,0.21304019
2023/6/18 11:30,0.505207051
2023/6/18 11:45,0.498124814
2023/6/18 12:00,0.533900526
2023/6/18 12:15,0.48083851
2023/6/18 12:30,0.183147949
2023/6/18 12:45,0.132289867
2023/6/18 13:00,0.102206564
2023/6/18 13:15,0.118699974
2023/6/18 13:30,0.137200813
2023/6/18 13:45,0.12550457
2023/6/18 14:00,0.097716805
2023/6/18 14:15,0.090244794
2023/6/18 14:30,0.064620888
2023/6/18 14:45,0.058094829
2023/6/18 15:00,0
2023/6/18 15:15,0
2023/6/18 15:30,0
2023/6/18 15:45,0
2023/6/18 16:00,0
2023/6/18 16:15,0
2023/6/18 16:30,0
2023/6/18 16:45,0
2023/6/18 17:00,0
2023/6/18 17:15,0
2023/6/18 17:30,0
2023/6/18 17:45,0
2023/6/18 18:00,0
2023/6/18 18:15,0
2023/6/18 18:30,0
2023/6/18 18:45,0
2023/6/18 19:00,0
2023/6/18 19:15,0
2023/6/18 19:30,0
2023/6/18 19:45,0
2023/6/18 20:00,0
2023/6/18 20:15,0
2023/6/18 20:30,0
2023/6/18 20:45,0
2023/6/18 21:00,0
2023/6/18 21:15,0
2023/6/18 21:30,0
2023/6/18 21:45,0
2023/6/18 22:00,0
2023/6/18 22:15,0
2023/6/18 22:30,0
2023/6/18 22:45,0
2023/6/18 23:00,0
2023/6/18 23:15,0
2023/6/18 23:30,0
2023/6/18 23:45,0
2023/6/19 0:00,0
2023/6/19 0:15,0
2023/6/19 0:30,0
2023/6/19 0:45,0
2023/6/19 1:00,0
2023/6/19 1:15,0
2023/6/19 1:30,0
2023/6/19 1:45,0
2023/6/19 2:00,0
2023/6/19 2:15,0
2023/6/19 2:30,0
2023/6/19 2:45,0
2023/6/19 3:00,0
2023/6/19 3:15,0
2023/6/19 3:30,0
2023/6/19 3:45,0
2023/6/19 4:00,0
2023/6/19 4:15,0
2023/6/19 4:30,0
2023/6/19 4:45,0
2023/6/19 5:00,0
2023/6/19 5:15,0
2023/6/19 5:30,0
2023/6/19 5:45,0
2023/6/19 6:00,0
2023/6/19 6:15,0
2023/6/19 6:30,0
2023/6/19 6:45,0
2023/6/19 7:00,0
2023/6/19 7:15,0
2023/6/19 7:30,0
2023/6/19 7:45,0
2023/6/19 8:00,0
2023/6/19 8:15,0
2023/6/19 8:30,0
2023/6/19 8:45,0
2023/6/19 9:00,0
2023/6/19 9:15,0
2023/6/19 9:30,0
2023/6/19 9:45,0.016641969
2023/6/19 10:00,0.019591867
2023/6/19 10:15,0.024364487
2023/6/19 10:30,0.015726145
2023/6/19 10:45,0.005824841
2023/6/19 11:00,0.006000682
2023/6/19 11:15,0.009637095
2023/6/19 11:30,0.023422753
2023/6/19 11:45,0.023741358
2023/6/19 12:00,0.023572474
2023/6/19 12:15,0.020603321
2023/6/19 12:30,0.009217072
2023/6/19 12:45,0.006423131
2023/6/19 13:00,0.004828503
2023/6/19 13:15,0.005609645
2023/6/19 13:30,0.006051268
2023/6/19 13:45,0.005486179
2023/6/19 14:00,0.00418158
2023/6/19 14:15,0.003972229
2023/6/19 14:30,0.002761216
2023/6/19 14:45,0.002395758
2023/6/19 15:00,0
2023/6/19 15:15,0
2023/6/19 15:30,0
2023/6/19 15:45,0
2023/6/19 16:00,0
2023/6/19 16:15,0
2023/6/19 16:30,0
2023/6/19 16:45,0
2023/6/19 17:00,0
2023/6/19 17:15,0
2023/6/19 17:30,0
2023/6/19 17:45,0
2023/6/19 18:00,0
2023/6/19 18:15,0
2023/6/19 18:30,0
2023/6/19 18:45,0
2023/6/19 19:00,0
2023/6/19 19:15,0
2023/6/19 19:30,0
2023/6/19 19:45,0
2023/6/19 20:00,0
2023/6/19 20:15,0
2023/6/19 20:30,0
2023/6/19 20:45,0
2023/6/19 21:00,0
2023/6/19 21:15,0
2023/6/19 21:30,0
2023/6/19 21:45,0
2023/6/19 22:00,0
2023/6/19 22:15,0
2023/6/19 22:30,0
2023/6/19 22:45,0
2023/6/19 23:00,0
2023/6/19 23:15,0
2023/6/19 23:30,0
2023/6/19 23:45,0
2023/6/20 0:00,0
2023/6/20 0:15,0
2023/6/20 0:30,0
2023/6/20 0:45,0
2023/6/20 1:00,0
2023/6/20 1:15,0
2023/6/20 1:30,0
2023/6/20 1:45,0
2023/6/20 2:00,0
2023/6/20 2:15,0
2023/6/20 2:30,0
2023/6/20 2:45,0
2023/6/20 3:00,0
2023/6/20 3:15,0
2023/6/20 3:30,0
2023/6/20 3:45,0
2023/6/20 4:00,0
2023/6/20 4:15,0
2023/6/20 4:30,0
2023/6/20 4:45,0
2023/6/20 5:00,0
2023/6/20 5:15,0
2023/6/20 5:30,0
2023/6/20 5:45,0
2023/6/20 6:00,0
2023/6/20 6:15,0
2023/6/20 6:30,0
2023/6/20 6:45,0
2023/6/20 7:00,0
2023/6/20 7:15,0
2023/6/20 7:30,0
2023/6/20 7:45,0
2023/6/20 8:00,0
2023/6/20 8:15,0
2023/6/20 8:30,0
2023/6/20 8:45,0
2023/6/20 9:00,0
2023/6/20 9:15,0
2023/6/20 9:30,0
2023/6/20 9:45,0.417693675
2023/6/20 10:00,0.474899523
2023/6/20 10:15,0.578179683
2023/6/20 10:30,0.369711788
2023/6/20 10:45,0.138798202
2023/6/20 11:00,0.140242373
2023/6/20 11:15,0.240699497
2023/6/20 11:30,0.588712851
2023/6/20 11:45,0.558136446
2023/6/20 12:00,0.585236726
2023/6/20 12:15,0.466788192
2023/6/20 12:30,0.226055478
2023/6/20 12:45,0.154120497
2023/6/20 13:00,0.116425405
2023/6/20 13:15,0.13784296
2023/6/20 13:30,0.147122952
2023/6/20 13:45,0.131732847
2023/6/20 14:00,0.099152558
2023/6/20 14:15,0.090626947
2023/6/20 14:30,0.066007863
2023/6/20 14:45,0.058518285
2023/6/20 15:00,0
2023/6/20 15:15,0
2023/6/20 15:30,0
2023/6/20 15:45,0
2023/6/20 16:00,0
2023/6/20 16:15,0
2023/6/20 16:30,0
2023/6/20 16:45,0
2023/6/20 17:00,0
2023/6/20 17:15,0
2023/6/20 17:30,0
2023/6/20 17:45,0
2023/6/20 18:00,0
2023/6/20 18:15,0
2023/6/20 18:30,0
2023/6/20 18:45,0
2023/6/20 19:00,0
2023/6/20 19:15,0
2023/6/20 19:30,0
2023/6/20 19:45,0
2023/6/20 20:00,0
2023/6/20 20:15,0
2023/6/20 20:30,0
2023/6/20 20:45,0
2023/6/20 21:00,0
2023/6/20 21:15,0
2023/6/20 21:30,0
2023/6/20 21:45,0
2023/6/20 22:00,0
2023/6/20 22:15,0
2023/6/20 22:30,0
2023/6/20 22:45,0
2023/6/20 23:00,0
2023/6/20 23:15,0
2023/6/20 23:30,0
2023/6/20 23:45,0
2023/6/21 0:00,0
2023/6/21 0:15,0
2023/6/21 0:30,0
2023/6/21 0:45,0
2023/6/21 1:00,0
2023/6/21 1:15,0
2023/6/21 1:30,0
2023/6/21 1:45,0
2023/6/21 2:00,0
2023/6/21 2:15,0
2023/6/21 2:30,0
2023/6/21 2:45,0
2023/6/21 3:00,0
2023/6/21 3:15,0
2023/6/21 3:30,0
2023/6/21 3:45,0
2023/6/21 4:00,0
2023/6/21 4:15,0
2023/6/21 4:30,0
2023/6/21 4:45,0
2023/6/21 5:00,0
2023/6/21 5:15,0
2023/6/21 5:30,0
2023/6/21 5:45,0
2023/6/21 6:00,0
2023/6/21 6:15,0
2023/6/21 6:30,0
2023/6/21 6:45,0
2023/6/21 7:00,0
2023/6/21 7:15,0
2023/6/21 7:30,0
2023/6/21 7:45,0
2023/6/21 8:00,0
2023/6/21 8:15,0
2023/6/21 8:30,0
2023/6/21 8:45,0
2023/6/21 9:00,0
2023/6/21 9:15,0
2023/6/21 9:30,0
2023/6/21 9:45,0.378916992
2023/6/21 10:00,0.482483425
2023/6/21 10:15,0.590668479
2023/6/21 10:30,0.384960785
2023/6/21 10:45,0.141629895
2023/6/21 11:00,0.138311556
2023/6/21 11:15,0.229582027
2023/6/21 11:30,0.577584751
2023/6/21 11:45,0.554883187
2023/6/21 12:00,0.538854571
2023/6/21 12:15,0.50002443
2023/6/21 12:30,0.219772438
2023/6/21 12:45,0.152843569
2023/6/21 13:00,0.110959064
2023/6/21 13:15,0.133089124
2023/6/21 13:30,0.142747899
2023/6/21 13:45,0.125668007
2023/6/21 14:00,0.102217205
2023/6/21 14:15,0.092126043
2023/6/21 14:30,0.066771548
2023/6/21 14:45,0.055989861
2023/6/21 15:00,0
2023/6/21 15:15,0
2023/6/21 15:30,0
2023/6/21 15:45,0
2023/6/21 16:00,0
2023/6/21 16:15,0
2023/6/21 16:30,0
2023/6/21 16:45,0
2023/6/21 17:00,0
2023/6/21 17:15,0
2023/6/21 17:30,0
2023/6/21 17:45,0
2023/6/21 18:00,0
2023/6/21 18:15,0
2023/6/21 18:30,0
2023/6/21 18:45,0
2023/6/21 19:00,0
2023/6/21 19:15,0
2023/6/21 19:30,0
2023/6/21 19:45,0
2023/6/21 20:00,0
2023/6/21 20:15,0
2023/6/21 20:30,0
2023/6/21 20:45,0
2023/6/21 21:00,0
2023/6/21 21:15,0
2023/6/21 21:30,0
2023/6/21 21:45,0
2023/6/21 22:00,0
2023/6/21 22:15,0
2023/6/21 22:30,0
2023/6/21 22:45,0
2023/6/21 23:00,0
2023/6/21 23:15,0
2023/6/21 23:30,0
2023/6/21 23:45,0
2023/6/22 0:00,0
2023/6/22 0:15,0
2023/6/22 0:30,0
2023/6/22 0:45,0
2023/6/22 1:00,0
2023/6/22 1:15,0
2023/6/22 1:30,0
2023/6/22 1:45,0
2023/6/22 2:00,0
2023/6/22 2:15,0
2023/6/22 2:30,0
2023/6/22 2:45,0
2023/6/22 3:00,0
2023/6/22 3:15,0
2023/6/22 3:30,0
2023/6/22 3:45,0
2023/6/22 4:00,0
2023/6/22 4:15,0
2023/6/22 4:30,0
2023/6/22 4:45,0
2023/6/22 5:00,0
2023/6/22 5:15,0
2023/6/22 5:30,0
2023/6/22 5:45,0
2023/6/22 6:00,0
2023/6/22 6:15,0
2023/6/22 6:30,0
2023/6/22 6:45,0
2023/6/22 7:00,0
2023/6/22 7:15,0
2023/6/22 7:30,0
2023/6/22 7:45,0
2023/6/22 8:00,0
2023/6/22 8:15,0
2023/6/22 8:30,0
2023/6/22 8:45,0
2023/6/22 9:00,0
2023/6/22 9:15,0
2023/6/22 9:30,0
2023/6/22 9:45,0.399080331
2023/6/22 10:00,0.481260816
2023/6/22 10:15,0.589661082
2023/6/22 10:30,0.35166991
2023/6/22 10:45,0.134356097
2023/6/22 11:00,0.128891768
2023/6/22 11:15,0.248031761
2023/6/22 11:30,0.525354664
2023/6/22 11:45,0.571867964
2023/6/22 12:00,0.596051312
2023/6/22 12:15,0.483649566
2023/6/22 12:30,0.23048319
2023/6/22 12:45,0.153465164
2023/6/22 13:00,0.107991128
2023/6/22 13:15,0.132442762
2023/6/22 13:30,0.139165106
2023/6/22 13:45,0.1303023
2023/6/22 14:00,0.099432829
2023/6/22 14:15,0.088505901
2023/6/22 14:30,0.064276248
2023/6/22 14:45,0.06244605
2023/6/22 15:00,0
2023/6/22 15:15,0
2023/6/22 15:30,0
2023/6/22 15:45,0
2023/6/22 16:00,0
2023/6/22 16:15,0
2023/6/22 16:30,0
2023/6/22 16:45,0
2023/6/22 17:00,0
2023/6/22 17:15,0
2023/6/22 17:30,0
2023/6/22 17:45,0
2023/6/22 18:00,0
2023/6/22 18:15,0
2023/6/22 18:30,0
2023/6/22 18:45,0
2023/6/22 19:00,0
2023/6/22 19:15,0
2023/6/22 19:30,0
2023/6/22 19:45,0
2023/6/22 20:00,0
2023/6/22 20:15,0
2023/6/22 20:30,0
2023/6/22 20:45,0
2023/6/22 21:00,0
2023/6/22 21:15,0
2023/6/22 21:30,0
2023/6/22 21:45,0
2023/6/22 22:00,0
2023/6/22 22:15,0
2023/6/22 22:30,0
2023/6/22 22:45,0
2023/6/22 23:00,0
2023/6/22 23:15,0
2023/6/22 23:30,0
2023/6/22 23:45,0
2023/6/23 0:00,0
2023/6/23 0:15,0
2023/6/23 0:30,0
2023/6/23 0:45,0
2023/6/23 1:00,0
2023/6/23 1:15,0
2023/6/23 1:30,0
2023/6/23 1:45,0
2023/6/23 2:00,0
2023/6/23 2:15,0
2023/6/23 2:30,0
2023/6/23 2:45,0
2023/6/23 3:00,0
2023/6/23 3:15,0
2023/6/23 3:30,0
2023/6/23 3:45,0
2023/6/23 4:00,0
2023/6/23 4:15,0
2023/6/23 4:30,0
2023/6/23 4:45,0
2023/6/23 5:00,0
2023/6/23 5:15,0
2023/6/23 5:30,0
2023/6/23 5:45,0
2023/6/23 6:00,0
2023/6/23 6:15,0
2023/6/23 6:30,0
2023/6/23 6:45,0
2023/6/23 7:00,0
2023/6/23 7:15,0
2023/6/23 7:30,0
2023/6/23 7:45,0
2023/6/23 8:00,0
2023/6/23 8:15,0
2023/6/23 8:30,0
2023/6/23 8:45,0
2023/6/23 9:00,0
2023/6/23 9:15,0
2023/6/23 9:30,0
2023/6/23 9:45,0.37861282
2023/6/23 10:00,0.427704482
2023/6/23 10:15,0.559239293
2023/6/23 10:30,0.345347107
2023/6/23 10:45,0.129176726
2023/6/23 11:00,0.152118332
2023/6/23 11:15,0.210597051
2023/6/23 11:30,0.544368334
2023/6/23 11:45,0.537654681
2023/6/23 12:00,0.525448459
2023/6/23 12:15,0.451077931
2023/6/23 12:30,0.222134731
2023/6/23 12:45,0.143087876
2023/6/23 13:00,0.101212064
2023/6/23 13:15,0.126401944
2023/6/23 13:30,0.129398912
2023/6/23 13:45,0.12843078
2023/6/23 14:00,0.091999498
2023/6/23 14:15,0.081641081
2023/6/23 14:30,0.062957011
2023/6/23 14:45,0.054655976
2023/6/23 15:00,0
2023/6/23 15:15,0
2023/6/23 15:30,0
2023/6/23 15:45,0
2023/6/23 16:00,0
2023/6/23 16:15,0
2023/6/23 16:30,0
2023/6/23 16:45,0
2023/6/23 17:00,0
2023/6/23 17:15,0
2023/6/23 17:30,0
2023/6/23 17:45,0
2023/6/23 18:00,0
2023/6/23 18:15,0
2023/6/23 18:30,0
2023/6/23 18:45,0
2023/6/23 19:00,0
2023/6/23 19:15,0
2023/6/23 19:30,0
2023/6/23 19:45,0
2023/6/23 20:00,0
2023/6/23 20:15,0
2023/6/23 20:30,0
2023/6/23 20:45,0
2023/6/23 21:00,0
2023/6/23 21:15,0
2023/6/23 21:30,0
2023/6/23 21:45,0
2023/6/23 22:00,0
2023/6/23 22:15,0
2023/6/23 22:30,0
2023/6/23 22:45,0
2023/6/23 23:00,0
2023/6/23 23:15,0
2023/6/23 23:30,0
2023/6/23 23:45,0
2023/6/24 0:00,0
2023/6/24 0:15,0
2023/6/24 0:30,0
2023/6/24 0:45,0
2023/6/24 1:00,0
2023/6/24 1:15,0
2023/6/24 1:30,0
2023/6/24 1:45,0
2023/6/24 2:00,0
2023/6/24 2:15,0
2023/6/24 2:30,0
2023/6/24 2:45,0
2023/6/24 3:00,0
2023/6/24 3:15,0
2023/6/24 3:30,0
2023/6/24 3:45,0
2023/6/24 4:00,0
2023/6/24 4:15,0
2023/6/24 4:30,0
2023/6/24 4:45,0
2023/6/24 5:00,0
2023/6/24 5:15,0
2023/6/24 5:30,0
2023/6/24 5:45,0
2023/6/24 6:00,0
2023/6/24 6:15,0
2023/6/24 6:30,0
2023/6/24 6:45,0
2023/6/24 7:00,0
2023/6/24 7:15,0
2023/6/24 7:30,0
2023/6/24 7:45,0
2023/6/24 8:00,0
2023/6/24 8:15,0
2023/6/24 8:30,0
2023/6/24 8:45,0
2023/6/24 9:00,0
2023/6/24 9:15,0
2023/6/24 9:30,0
2023/6/24 9:45,0.388400134
2023/6/24 10:00,0.471259627
2023/6/24 10:15,0.568192642
2023/6/24 10:30,0.373021802
2023/6/24 10:45,0.138957741
2023/6/24 11:00,0.158066244
2023/6/24 11:15,0.20853876
2023/6/24 11:30,0.521280939
2023/6/24 11:45,0.578111979
2023/6/24 12:00,0.530185232
2023/6/24 12:15,0.477683341
2023/6/24 12:30,0.226428635
2023/6/24 12:45,0.157342369
2023/6/24 13:00,0.124616541
2023/6/24 13:15,0.119277336
2023/6/24 13:30,0.139261562
2023/6/24 13:45,0.120635875
2023/6/24 14:00,0.090476096
2023/6/24 14:15,0.09939136
2023/6/24 14:30,0.061610566
2023/6/24 14:45,0.055446262
2023/6/24 15:00,0
2023/6/24 15:15,0
2023/6/24 15:30,0
2023/6/24 15:45,0
2023/6/24 16:00,0
2023/6/24 16:15,0
2023/6/24 16:30,0
2023/6/24 16:45,0
2023/6/24 17:00,0
2023/6/24 17:15,0
2023/6/24 17:30,0
2023/6/24 17:45,0
2023/6/24 18:00,0
2023/6/24 18:15,0
2023/6/24 18:30,0
2023/6/24 18:45,0
2023/6/24 19:00,0
2023/6/24 19:15,0
2023/6/24 19:30,0
2023/6/24 19:45,0
2023/6/24 20:00,0
2023/6/24 20:15,0
2023/6/24 20:30,0
2023/6/24 20:45,0
2023/6/24 21:00,0
2023/6/24 21:15,0
2023/6/24 21:30,0
2023/6/24 21:45,0
2023/6/24 22:00,0
2023/6/24 22:15,0
2023/6/24 22:30,0
2023/6/24 22:45,0
2023/6/24 23:00,0
2023/6/24 23:15,0
2023/6/24 23:30,0
2023/6/24 23:45,0
2023/6/25 0:00,0
2023/6/25 0:15,0
2023/6/25 0:30,0
2023/6/25 0:45,0
2023/6/25 1:00,0
2023/6/25 1:15,0
2023/6/25 1:30,0
2023/6/25 1:45,0
2023/6/25 2:00,0
2023/6/25 2:15,0
2023/6/25 2:30,0
2023/6/25 2:45,0
2023/6/25 3:00,0
2023/6/25 3:15,0
2023/6/25 3:30,0
2023/6/25 3:45,0
2023/6/25 4:00,0
2023/6/25 4:15,0
2023/6/25 4:30,0
2023/6/25 4:45,0
2023/6/25 5:00,0
2023/6/25 5:15,0
2023/6/25 5:30,0
2023/6/25 5:45,0
2023/6/25 6:00,0
2023/6/25 6:15,0
2023/6/25 6:30,0
2023/6/25 6:45,0
2023/6/25 7:00,0
2023/6/25 7:15,0
2023/6/25 7:30,0
2023/6/25 7:45,0
2023/6/25 8:00,0
2023/6/25 8:15,0
2023/6/25 8:30,0
2023/6/25 8:45,0
2023/6/25 9:00,0
2023/6/25 9:15,0
2023/6/25 9:30,0
2023/6/25 9:45,0.366447547
2023/6/25 10:00,0.455573479
2023/6/25 10:15,0.597536621
2023/6/25 10:30,0.328447717
2023/6/25 10:45,0.131626363
2023/6/25 11:00,0.138511908
2023/6/25 11:15,0.215133625
2023/6/25 11:30,0.503835309
2023/6/25 11:45,0.564221385
2023/6/25 12:00,0.474978554
2023/6/25 12:15,0.45768177
2023/6/25 12:30,0.216897256
2023/6/25 12:45,0.1354876
2023/6/25 13:00,0.102944599
2023/6/25 13:15,0.131464069
2023/6/25 13:30,0.128798278
2023/6/25 13:45,0.114411147
2023/6/25 14:00,0.101467495
2023/6/25 14:15,0.083387931
2023/6/25 14:30,0.060878985
2023/6/25 14:45,0.060571607
2023/6/25 15:00,0
2023/6/25 15:15,0
2023/6/25 15:30,0
2023/6/25 15:45,0
2023/6/25 16:00,0
2023/6/25 16:15,0
2023/6/25 16:30,0
2023/6/25 16:45,0
2023/6/25 17:00,0
2023/6/25 17:15,0
2023/6/25 17:30,0
2023/6/25 17:45,0
2023/6/25 18:00,0
2023/6/25 18:15,0
2023/6/25 18:30,0
2023/6/25 18:45,0
2023/6/25 19:00,0
2023/6/25 19:15,0
2023/6/25 19:30,0
2023/6/25 19:45,0
2023/6/25 20:00,0
2023/6/25 20:15,0
2023/6/25 20:30,0
2023/6/25 20:45,0
2023/6/25 21:00,0
2023/6/25 21:15,0
2023/6/25 21:30,0
2023/6/25 21:45,0
2023/6/25 22:00,0
2023/6/25 22:15,0
2023/6/25 22:30,0
2023/6/25 22:45,0
2023/6/25 23:00,0
2023/6/25 23:15,0
2023/6/25 23:30,0
2023/6/25 23:45,0
2023/6/26 0:00,0
2023/6/26 0:15,0
2023/6/26 0:30,0
2023/6/26 0:45,0
2023/6/26 1:00,0
2023/6/26 1:15,0
2023/6/26 1:30,0
2023/6/26 1:45,0
2023/6/26 2:00,0
2023/6/26 2:15,0
2023/6/26 2:30,0
2023/6/26 2:45,0
2023/6/26 3:00,0
2023/6/26 3:15,0
2023/6/26 3:30,0
2023/6/26 3:45,0
2023/6/26 4:00,0
2023/6/26 4:15,0
2023/6/26 4:30,0
2023/6/26 4:45,0
2023/6/26 5:00,0
2023/6/26 5:15,0
2023/6/26 5:30,0
2023/6/26 5:45,0
2023/6/26 6:00,0
2023/6/26 6:15,0
2023/6/26 6:30,0
2023/6/26 6:45,0
2023/6/26 7:00,0
2023/6/26 7:15,0
2023/6/26 7:30,0
2023/6/26 7:45,0
2023/6/26 8:00,0
2023/6/26 8:15,0
2023/6/26 8:30,0
2023/6/26 8:45,0
2023/6/26 9:00,0
2023/6/26 9:15,0
2023/6/26 9:30,0
2023/6/26 9:45,0.394924512
2023/6/26 10:00,0.469668893
2023/6/26 10:15,0.593502219
2023/6/26 10:30,0.362382715
2023/6/26 10:45,0.141787076
2023/6/26 11:00,0.143207285
2023/6/26 11:15,0.229003684
2023/6/26 11:30,0.549407988
2023/6/26 11:45,0.572318361
2023/6/26 12:00,0.570669846
2023/6/26 12:15,0.496157048
2023/6/26 12:30,0.217076578
2023/6/26 12:45,0.159674106
2023/6/26 13:00,0.111152634
2023/6/26 13:15,0.13686421
2023/6/26 13:30,0.145989297
2023/6/26 13:45,0.130812093
2023/6/26 14:00,0.102210394
2023/6/26 14:15,0.088316684
2023/6/26 14:30,0.066244327
2023/6/26 14:45,0.057726635
2023/6/26 15:00,0
2023/6/26 15:15,0
2023/6/26 15:30,0
2023/6/26 15:45,0
2023/6/26 16:00,0
2023/6/26 16:15,0
2023/6/26 16:30,0
2023/6/26 16:45,0
2023/6/26 17:00,0
2023/6/26 17:15,0
2023/6/26 17:30,0
2023/6/26 17:45,0
2023/6/26 18:00,0
2023/6/26 18:15,0
2023/6/26 18:30,0
2023/6/26 18:45,0
2023/6/26 19:00,0
2023/6/26 19:15,0
2023/6/26 19:30,0
2023/6/26 19:45,0
2023/6/26 20:00,0
2023/6/26 20:15,0
2023/6/26 20:30,0
2023/6/26 20:45,0
2023/6/26 21:00,0
2023/6/26 21:15,0
2023/6/26 21:30,0
2023/6/26 21:45,0
2023/6/26 22:00,0
2023/6/26 22:15,0
2023/6/26 22:30,0
2023/6/26 22:45,0
2023/6/26 23:00,0
2023/6/26 23:15,0
2023/6/26 23:30,0
2023/6/26 23:45,0
2023/6/27 0:00,0
2023/6/27 0:15,0
2023/6/27 0:30,0
2023/6/27 0:45,0
2023/6/27 1:00,0
2023/6/27 1:15,0
2023/6/27 1:30,0
2023/6/27 1:45,0
2023/6/27 2:00,0
2023/6/27 2:15,0
2023/6/27 2:30,0
2023/6/27 2:45,0
2023/6/27 3:00,0
2023/6/27 3:15,0
2023/6/27 3:30,0
2023/6/27 3:45,0
2023/6/27 4:00,0
2023/6/27 4:15,0
2023/6/27 4:30,0
2023/6/27 4:45,0
2023/6/27 5:00,0
2023/6/27 5:15,0
2023/6/27 5:30,0
2023/6/27 5:45,0
2023/6/27 6:00,0
2023/6/27 6:15,0
2023/6/27 6:30,0
2023/6/27 6:45,0
2023/6/27 7:00,0
2023/6/27 7:15,0
2023/6/27 7:30,0
2023/6/27 7:45,0
2023/6/27 8:00,0
2023/6/27 8:15,0
2023/6/27 8:30,0
2023/6/27 8:45,0
2023/6/27 9:00,0
2023/6/27 9:15,0
2023/6/27 9:30,0
2023/6/27 9:45,0.408501889
2023/6/27 10:00,0.512175615
2023/6/27 10:15,0.599595071
2023/6/27 10:30,0.394264894
2023/6/27 10:45,0.149522945
2023/6/27 11:00,0.149771848
2023/6/27 11:15,0.234244676
2023/6/27 11:30,0.573534295
2023/6/27 11:45,0.590042209
2023/6/27 12:00,0.593098196
2023/6/27 12:15,0.499748871
2023/6/27 12:30,0.237918262
2023/6/27 12:45,0.158904045
2023/6/27 13:00,0.122294169
2023/6/27 13:15,0.144189129
2023/6/27 13:30,0.154165851
2023/6/27 13:45,0.140770138
2023/6/27 14:00,0.106551668
2023/6/27 14:15,0.097011855
2023/6/27 14:30,0.067701874
2023/6/27 14:45,0.056507796
2023/6/27 15:00,0
2023/6/27 15:15,0
2023/6/27 15:30,0
2023/6/27 15:45,0
2023/6/27 16:00,0
2023/6/27 16:15,0
2023/6/27 16:30,0
2023/6/27 16:45,0
2023/6/27 17:00,0
2023/6/27 17:15,0
2023/6/27 17:30,0
2023/6/27 17:45,0
2023/6/27 18:00,0
2023/6/27 18:15,0
2023/6/27 18:30,0
2023/6/27 18:45,0
2023/6/27 19:00,0
2023/6/27 19:15,0
2023/6/27 19:30,0
2023/6/27 19:45,0
2023/6/27 20:00,0
2023/6/27 20:15,0
2023/6/27 20:30,0
2023/6/27 20:45,0
2023/6/27 21:00,0
2023/6/27 21:15,0
2023/6/27 21:30,0
2023/6/27 21:45,0
2023/6/27 22:00,0
2023/6/27 22:15,0
2023/6/27 22:30,0
2023/6/27 22:45,0
2023/6/27 23:00,0
2023/6/27 23:15,0
2023/6/27 23:30,0
2023/6/27 23:45,0
2023/6/28 0:00,0
2023/6/28 0:15,0
2023/6/28 0:30,0
2023/6/28 0:45,0
2023/6/28 1:00,0
2023/6/28 1:15,0
2023/6/28 1:30,0
2023/6/28 1:45,0
2023/6/28 2:00,0
2023/6/28 2:15,0
2023/6/28 2:30,0
2023/6/28 2:45,0
2023/6/28 3:00,0
2023/6/28 3:15,0
2023/6/28 3:30,0
2023/6/28 3:45,0
2023/6/28 4:00,0
2023/6/28 4:15,0
2023/6/28 4:30,0
2023/6/28 4:45,0
2023/6/28 5:00,0
2023/6/28 5:15,0
2023/6/28 5:30,0
2023/6/28 5:45,0
2023/6/28 6:00,0
2023/6/28 6:15,0
2023/6/28 6:30,0
2023/6/28 6:45,0
2023/6/28 7:00,0
2023/6/28 7:15,0
2023/6/28 7:30,0
2023/6/28 7:45,0
2023/6/28 8:00,0
2023/6/28 8:15,0
2023/6/28 8:30,0
2023/6/28 8:45,0
2023/6/28 9:00,0
2023/6/28 9:15,0
2023/6/28 9:30,0
2023/6/28 9:45,0.407051318
2023/6/28 10:00,0.4796966
2023/6/28 10:15,0.546475939
2023/6/28 10:30,0.35756148
2023/6/28 10:45,0.142820573
2023/6/28 11:00,0.141620584
2023/6/28 11:15,0.248603177
2023/6/28 11:30,0.566312368
2023/6/28 11:45,0.636315302
2023/6/28 12:00,0.548319744
2023/6/28 12:15,0.487931756
2023/6/28 12:30,0.215656917
2023/6/28 12:45,0.160281292
2023/6/28 13:00,0.116139218
2023/6/28 13:15,0.125994886
2023/6/28 13:30,0.145836217
2023/6/28 13:45,0.128384653
2023/6/28 14:00,0.098286328
2023/6/28 14:15,0.094495207
2023/6/28 14:30,0.068788914
2023/6/28 14:45,0.053310085
2023/6/28 15:00,0
2023/6/28 15:15,0
2023/6/28 15:30,0
2023/6/28 15:45,0
2023/6/28 16:00,0
2023/6/28 16:15,0
2023/6/28 16:30,0
2023/6/28 16:45,0
2023/6/28 17:00,0
2023/6/28 17:15,0
2023/6/28 17:30,0
2023/6/28 17:45,0
2023/6/28 18:00,0
2023/6/28 18:15,0
2023/6/28 18:30,0
2023/6/28 18:45,0
2023/6/28 19:00,0
2023/6/28 19:15,0
2023/6/28 19:30,0
2023/6/28 19:45,0
2023/6/28 20:00,0
2023/6/28 20:15,0
2023/6/28 20:30,0
2023/6/28 20:45,0
2023/6/28 21:00,0
2023/6/28 21:15,0
2023/6/28 21:30,0
2023/6/28 21:45,0
2023/6/28 22:00,0
2023/6/28 22:15,0
2023/6/28 22:30,0
2023/6/28 22:45,0
2023/6/28 23:00,0
2023/6/28 23:15,0
2023/6/28 23:30,0
2023/6/28 23:45,0
2023/6/29 0:00,0
2023/6/29 0:15,0
2023/6/29 0:30,0
2023/6/29 0:45,0
2023/6/29 1:00,0
2023/6/29 1:15,0
2023/6/29 1:30,0
2023/6/29 1:45,0
2023/6/29 2:00,0
2023/6/29 2:15,0
2023/6/29 2:30,0
2023/6/29 2:45,0
2023/6/29 3:00,0
2023/6/29 3:15,0
2023/6/29 3:30,0
2023/6/29 3:45,0
2023/6/29 4:00,0
2023/6/29 4:15,0
2023/6/29 4:30,0
2023/6/29 4:45,0
2023/6/29 5:00,0
2023/6/29 5:15,0
2023/6/29 5:30,0
2023/6/29 5:45,0
2023/6/29 6:00,0
2023/6/29 6:15,0
2023/6/29 6:30,0
2023/6/29 6:45,0
2023/6/29 7:00,0
2023/6/29 7:15,0
2023/6/29 7:30,0
2023/6/29 7:45,0
2023/6/29 8:00,0
2023/6/29 8:15,0
2023/6/29 8:30,0
2023/6/29 8:45,0
2023/6/29 9:00,0
2023/6/29 9:15,0
2023/6/29 9:30,0
2023/6/29 9:45,0.267322776
2023/6/29 10:00,0.317967507
2023/6/29 10:15,0.391120658
2023/6/29 10:30,0.249914393
2023/6/29 10:45,0.093269932
2023/6/29 11:00,0.102098897
2023/6/29 11:15,0.162045173
2023/6/29 11:30,0.371616048
2023/6/29 11:45,0.383225707
2023/6/29 12:00,0.381882826
2023/6/29 12:15,0.319538341
2023/6/29 12:30,0.148866957
2023/6/29 12:45,0.101876792
2023/6/29 13:00,0.077894284
2023/6/29 13:15,0.089074719
2023/6/29 13:30,0.09148181
2023/6/29 13:45,0.092778665
2023/6/29 14:00,0.064277048
2023/6/29 14:15,0.061129297
2023/6/29 14:30,0.044217403
2023/6/29 14:45,0.039823931
2023/6/29 15:00,0
2023/6/29 15:15,0
2023/6/29 15:30,0
2023/6/29 15:45,0
2023/6/29 16:00,0
2023/6/29 16:15,0
2023/6/29 16:30,0
2023/6/29 16:45,0
2023/6/29 17:00,0
2023/6/29 17:15,0
2023/6/29 17:30,0
2023/6/29 17:45,0
2023/6/29 18:00,0
2023/6/29 18:15,0
2023/6/29 18:30,0
2023/6/29 18:45,0
2023/6/29 19:00,0
2023/6/29 19:15,0
2023/6/29 19:30,0
2023/6/29 19:45,0
2023/6/29 20:00,0
2023/6/29 20:15,0
2023/6/29 20:30,0
2023/6/29 20:45,0
2023/6/29 21:00,0
2023/6/29 21:15,0
2023/6/29 21:30,0
2023/6/29 21:45,0
2023/6/29 22:00,0
2023/6/29 22:15,0
2023/6/29 22:30,0
2023/6/29 22:45,0
2023/6/29 23:00,0
2023/6/29 23:15,0
2023/6/29 23:30,0
2023/6/29 23:45,0
2023/6/30 0:00,0
2023/6/30 0:15,0
2023/6/30 0:30,0
2023/6/30 0:45,0
2023/6/30 1:00,0
2023/6/30 1:15,0
2023/6/30 1:30,0
2023/6/30 1:45,0
2023/6/30 2:00,0
2023/6/30 2:15,0
2023/6/30 2:30,0
2023/6/30 2:45,0
2023/6/30 3:00,0
2023/6/30 3:15,0
2023/6/30 3:30,0
2023/6/30 3:45,0
2023/6/30 4:00,0
2023/6/30 4:15,0
2023/6/30 4:30,0
2023/6/30 4:45,0
2023/6/30 5:00,0
2023/6/30 5:15,0
2023/6/30 5:30,0
2023/6/30 5:45,0
2023/6/30 6:00,0
2023/6/30 6:15,0
2023/6/30 6:30,0
2023/6/30 6:45,0
2023/6/30 7:00,0
2023/6/30 7:15,0
2023/6/30 7:30,0
2023/6/30 7:45,0
2023/6/30 8:00,0
2023/6/30 8:15,0
2023/6/30 8:30,0
2023/6/30 8:45,0
2023/6/30 9:00,0
2023/6/30 9:15,0
2023/6/30 9:30,0
2023/6/30 9:45,0.240876261
2023/6/30 10:00,0.29861749
2023/6/30 10:15,0.379504423
2023/6/30 10:30,0.225778122
2023/6/30 10:45,0.089307648
2023/6/30 11:00,0.089280616
2023/6/30 11:15,0.153054832
2023/6/30 11:30,0.346079525
2023/6/30 11:45,0.338268326
2023/6/30 12:00,0.358231631
2023/6/30 12:15,0.29988928
2023/6/30 12:30,0.145652709
2023/6/30 12:45,0.094639558
2023/6/30 13:00,0.072675431
2023/6/30 13:15,0.089662095
2023/6/30 13:30,0.087288409
2023/6/30 13:45,0.084720665
2023/6/30 14:00,0.064406836
2023/6/30 14:15,0.057459165
2023/6/30 14:30,0.042497947
2023/6/30 14:45,0.037860028
2023/6/30 15:00,0
2023/6/30 15:15,0
2023/6/30 15:30,0
2023/6/30 15:45,0
2023/6/30 16:00,0
2023/6/30 16:15,0
2023/6/30 16:30,0
2023/6/30 16:45,0
2023/6/30 17:00,0
2023/6/30 17:15,0
2023/6/30 17:30,0
2023/6/30 17:45,0
2023/6/30 18:00,0
2023/6/30 18:15,0
2023/6/30 18:30,0
2023/6/30 18:45,0
2023/6/30 19:00,0
2023/6/30 19:15,0
2023/6/30 19:30,0
2023/6/30 19:45,0
2023/6/30 20:00,0
2023/6/30 20:15,0
2023/6/30 20:30,0
2023/6/30 20:45,0
2023/6/30 21:00,0
2023/6/30 21:15,0
2023/6/30 21:30,0
2023/6/30 21:45,0
2023/6/30 22:00,0
2023/6/30 22:15,0
2023/6/30 22:30,0
2023/6/30 22:45,0
2023/6/30 23:00,0
2023/6/30 23:15,0
2023/6/30 23:30,0
2023/6/30 23:45,0
