timestamp,OT
2022/7/1 0:00,0.119865892
2022/7/1 0:15,0.113017781
2022/7/1 0:30,0.117423811
2022/7/1 0:45,0.131752234
2022/7/1 1:00,0.175630709
2022/7/1 1:15,0.250710923
2022/7/1 1:30,0.372209535
2022/7/1 1:45,0.470053171
2022/7/1 2:00,0.509828756
2022/7/1 2:15,0.531690358
2022/7/1 2:30,0.501678838
2022/7/1 2:45,0.471009781
2022/7/1 3:00,0.440931225
2022/7/1 3:15,0.423553992
2022/7/1 3:30,0.390106654
2022/7/1 3:45,0.388508771
2022/7/1 4:00,0.408788876
2022/7/1 4:15,0.415819608
2022/7/1 4:30,0.358511638
2022/7/1 4:45,0.321362957
2022/7/1 5:00,0.314322763
2022/7/1 5:15,0.291730773
2022/7/1 5:30,0.259999159
2022/7/1 5:45,0.21629845
2022/7/1 6:00,0.136887963
2022/7/1 6:15,0.098903799
2022/7/1 6:30,0.083371478
2022/7/1 6:45,0.078004233
2022/7/1 7:00,0.040868161
2022/7/1 7:15,0.026820237
2022/7/1 7:30,0.028583833
2022/7/1 7:45,0.029425684
2022/7/1 8:00,0.025064112
2022/7/1 8:15,0.025579807
2022/7/1 8:30,0.023544218
2022/7/1 8:45,0.059472462
2022/7/1 9:00,0.135597786
2022/7/1 9:15,0.12634465
2022/7/1 9:30,0.091338634
2022/7/1 9:45,0.079446636
2022/7/1 10:00,0.057933033
2022/7/1 10:15,0.017473008
2022/7/1 10:30,0.022976011
2022/7/1 10:45,0.037830232
2022/7/1 11:00,0.028865243
2022/7/1 11:15,0.026796746
2022/7/1 11:30,0.020444774
2022/7/1 11:45,0.029814009
2022/7/1 12:00,0.052416864
2022/7/1 12:15,0.052123375
2022/7/1 12:30,0.052185838
2022/7/1 12:45,0.047398806
2022/7/1 13:00,0.030786136
2022/7/1 13:15,0.018386404
2022/7/1 13:30,0.020807817
2022/7/1 13:45,0.026302509
2022/7/1 14:00,0.032997948
2022/7/1 14:15,0.049409976
2022/7/1 14:30,0.07037139
2022/7/1 14:45,0.079514929
2022/7/1 15:00,0.075755337
2022/7/1 15:15,0.091417106
2022/7/1 15:30,0.137758536
2022/7/1 15:45,0.180931879
2022/7/1 16:00,0.212498683
2022/7/1 16:15,0.224089247
2022/7/1 16:30,0.21325292
2022/7/1 16:45,0.201377988
2022/7/1 17:00,0.19012177
2022/7/1 17:15,0.171814475
2022/7/1 17:30,0.129391121
2022/7/1 17:45,0.107998731
2022/7/1 18:00,0.130532229
2022/7/1 18:15,0.14603645
2022/7/1 18:30,0.155539666
2022/7/1 18:45,0.161075191
2022/7/1 19:00,0.164826312
2022/7/1 19:15,0.173946238
2022/7/1 19:30,0.184832109
2022/7/1 19:45,0.198703978
2022/7/1 20:00,0.212504601
2022/7/1 20:15,0.225933018
2022/7/1 20:30,0.246413472
2022/7/1 20:45,0.264627358
2022/7/1 21:00,0.296827164
2022/7/1 21:15,0.323228619
2022/7/1 21:30,0.333589339
2022/7/1 21:45,0.353407401
2022/7/1 22:00,0.404582376
2022/7/1 22:15,0.434581304
2022/7/1 22:30,0.438995679
2022/7/1 22:45,0.451905174
2022/7/1 23:00,0.479574817
2022/7/1 23:15,0.480666458
2022/7/1 23:30,0.428603682
2022/7/1 23:45,0.376138851
2022/7/2 0:00,0.337724414
2022/7/2 0:15,0.293853757
2022/7/2 0:30,0.268587773
2022/7/2 0:45,0.2660762
2022/7/2 1:00,0.309072372
2022/7/2 1:15,0.329039114
2022/7/2 1:30,0.302945865
2022/7/2 1:45,0.298165901
2022/7/2 2:00,0.336074526
2022/7/2 2:15,0.345394355
2022/7/2 2:30,0.297535528
2022/7/2 2:45,0.256932921
2022/7/2 3:00,0.230841808
2022/7/2 3:15,0.201833007
2022/7/2 3:30,0.166988032
2022/7/2 3:45,0.145705734
2022/7/2 4:00,0.151548153
2022/7/2 4:15,0.15995278
2022/7/2 4:30,0.173481346
2022/7/2 4:45,0.171857869
2022/7/2 5:00,0.139929973
2022/7/2 5:15,0.118780153
2022/7/2 5:30,0.119125097
2022/7/2 5:45,0.122870046
2022/7/2 6:00,0.133414862
2022/7/2 6:15,0.122015503
2022/7/2 6:30,0.066727683
2022/7/2 6:45,0.029743672
2022/7/2 7:00,0.029367164
2022/7/2 7:15,0.033617057
2022/7/2 7:30,0.047119612
2022/7/2 7:45,0.049463762
2022/7/2 8:00,0.029490915
2022/7/2 8:15,0.018512306
2022/7/2 8:30,0.025521938
2022/7/2 8:45,0.037009123
2022/7/2 9:00,0.057451137
2022/7/2 9:15,0.081613015
2022/7/2 9:30,0.113214306
2022/7/2 9:45,0.130903686
2022/7/2 10:00,0.120768907
2022/7/2 10:15,0.114919469
2022/7/2 10:30,0.117033479
2022/7/2 10:45,0.11689093
2022/7/2 11:00,0.114899193
2022/7/2 11:15,0.11119706
2022/7/2 11:30,0.104073751
2022/7/2 11:45,0.100369808
2022/7/2 12:00,0.097948194
2022/7/2 12:15,0.09360387
2022/7/2 12:30,0.079799187
2022/7/2 12:45,0.073028951
2022/7/2 13:00,0.080328093
2022/7/2 13:15,0.093364478
2022/7/2 13:30,0.117875767
2022/7/2 13:45,0.151719419
2022/7/2 14:00,0.204228109
2022/7/2 14:15,0.211765456
2022/7/2 14:30,0.129360301
2022/7/2 14:45,0.079634907
2022/7/2 15:00,0.095269086
2022/7/2 15:15,0.090703751
2022/7/2 15:30,0.04573932
2022/7/2 15:45,0.015357243
2022/7/2 16:00,0.013697712
2022/7/2 16:15,0.012176207
2022/7/2 16:30,0.010544216
2022/7/2 16:45,0.007310636
2022/7/2 17:00,0.007300662
2022/7/2 17:15,0.0072909
2022/7/2 17:30,0.00728133
2022/7/2 17:45,0.007271927
2022/7/2 18:00,0.007262666
2022/7/2 18:15,0.007253518
2022/7/2 18:30,0.007244456
2022/7/2 18:45,0.007235452
2022/7/2 19:00,0.007226481
2022/7/2 19:15,0.007217517
2022/7/2 19:30,0.00720854
2022/7/2 19:45,0.007199528
2022/7/2 20:00,0.007190463
2022/7/2 20:15,0.007181329
2022/7/2 20:30,0.007172108
2022/7/2 20:45,0.020785964
2022/7/2 21:00,0.048378061
2022/7/2 21:15,0.047223021
2022/7/2 21:30,0.043776903
2022/7/2 21:45,0.046866928
2022/7/2 22:00,0.063029392
2022/7/2 22:15,0.073800757
2022/7/2 22:30,0.051498549
2022/7/2 22:45,0.044435292
2022/7/2 23:00,0.119485682
2022/7/2 23:15,0.177403235
2022/7/2 23:30,0.348813757
2022/7/2 23:45,0.405329007
2022/7/3 0:00,0.224727449
2022/7/3 0:15,0.112354065
2022/7/3 0:30,0.076134865
2022/7/3 0:45,0.006624996
2022/7/3 1:00,0.012777367
2022/7/3 1:15,0.02190647
2022/7/3 1:30,0.048656056
2022/7/3 1:45,0.067654442
2022/7/3 2:00,0.071151565
2022/7/3 2:15,0.072804511
2022/7/3 2:30,0.070770003
2022/7/3 2:45,0.057539743
2022/7/3 3:00,0.021918565
2022/7/3 3:15,0
2022/7/3 3:30,0
2022/7/3 3:45,0
2022/7/3 4:00,0
2022/7/3 4:15,0
2022/7/3 4:30,0
2022/7/3 4:45,0
2022/7/3 5:00,0.005177039
2022/7/3 5:15,0.003852619
2022/7/3 5:30,0
2022/7/3 5:45,0
2022/7/3 6:00,0
2022/7/3 6:15,0
2022/7/3 6:30,0
2022/7/3 6:45,0.002442355
2022/7/3 7:00,0.01802296
2022/7/3 7:15,0.023221468
2022/7/3 7:30,0.007654747
2022/7/3 7:45,0
2022/7/3 8:00,0.000664973
2022/7/3 8:15,0.002363287
2022/7/3 8:30,0.000688512
2022/7/3 8:45,0
2022/7/3 9:00,0
2022/7/3 9:15,0
2022/7/3 9:30,0
2022/7/3 9:45,0
2022/7/3 10:00,0
2022/7/3 10:15,0.015705487
2022/7/3 10:30,0.052344468
2022/7/3 10:45,0.057459699
2022/7/3 11:00,0.072450824
2022/7/3 11:15,0.082513406
2022/7/3 11:30,0.082965211
2022/7/3 11:45,0.171254516
2022/7/3 12:00,0.442715621
2022/7/3 12:15,0.661858388
2022/7/3 12:30,0.788688507
2022/7/3 12:45,0.867205388
2022/7/3 13:00,0.854244329
2022/7/3 13:15,0.785272219
2022/7/3 13:30,0.68286289
2022/7/3 13:45,0.597945844
2022/7/3 14:00,0.578346063
2022/7/3 14:15,0.524558992
2022/7/3 14:30,0.456083622
2022/7/3 14:45,0.421824039
2022/7/3 15:00,0.37013251
2022/7/3 15:15,0.280537361
2022/7/3 15:30,0.2092427
2022/7/3 15:45,0.181823514
2022/7/3 16:00,0.161472445
2022/7/3 16:15,0.160631649
2022/7/3 16:30,0.194744557
2022/7/3 16:45,0.23420673
2022/7/3 17:00,0.254656583
2022/7/3 17:15,0.261449673
2022/7/3 17:30,0.268996022
2022/7/3 17:45,0.26010237
2022/7/3 18:00,0.223982499
2022/7/3 18:15,0.172987593
2022/7/3 18:30,0.181647908
2022/7/3 18:45,0.182651663
2022/7/3 19:00,0.165631832
2022/7/3 19:15,0.149707019
2022/7/3 19:30,0.13597036
2022/7/3 19:45,0.13035236
2022/7/3 20:00,0.140969864
2022/7/3 20:15,0.146991454
2022/7/3 20:30,0.143819488
2022/7/3 20:45,0.128737813
2022/7/3 21:00,0.093107319
2022/7/3 21:15,0.109046305
2022/7/3 21:30,0.133630501
2022/7/3 21:45,0.138436587
2022/7/3 22:00,0.142726989
2022/7/3 22:15,0.168003096
2022/7/3 22:30,0.188967866
2022/7/3 22:45,0.176331747
2022/7/3 23:00,0.204568783
2022/7/3 23:15,0.220363014
2022/7/3 23:30,0.182756132
2022/7/3 23:45,0.175965906
2022/7/4 0:00,0.18933132
2022/7/4 0:15,0.229223836
2022/7/4 0:30,0.23463173
2022/7/4 0:45,0.230955478
2022/7/4 1:00,0.20910941
2022/7/4 1:15,0.229082726
2022/7/4 1:30,0.332693142
2022/7/4 1:45,0.410900984
2022/7/4 2:00,0.438301906
2022/7/4 2:15,0.441513773
2022/7/4 2:30,0.396345731
2022/7/4 2:45,0.374284872
2022/7/4 3:00,0.406435458
2022/7/4 3:15,0.395027128
2022/7/4 3:30,0.307351493
2022/7/4 3:45,0.242354368
2022/7/4 4:00,0.217383239
2022/7/4 4:15,0.185030422
2022/7/4 4:30,0.134370611
2022/7/4 4:45,0.091833052
2022/7/4 5:00,0.059313162
2022/7/4 5:15,0.031218939
2022/7/4 5:30,0.033662268
2022/7/4 5:45,0.055024909
2022/7/4 6:00,0.112199173
2022/7/4 6:15,0.137118324
2022/7/4 6:30,0.1026937
2022/7/4 6:45,0.073788833
2022/7/4 7:00,0.052781653
2022/7/4 7:15,0.037594219
2022/7/4 7:30,0.034047439
2022/7/4 7:45,0.051807067
2022/7/4 8:00,0.11645888
2022/7/4 8:15,0.178177737
2022/7/4 8:30,0.224126034
2022/7/4 8:45,0.235844105
2022/7/4 9:00,0.175232728
2022/7/4 9:15,0.113017949
2022/7/4 9:30,0.04672227
2022/7/4 9:45,0.019419211
2022/7/4 10:00,0.070103625
2022/7/4 10:15,0.116565041
2022/7/4 10:30,0.157651297
2022/7/4 10:45,0.153402716
2022/7/4 11:00,0.106582019
2022/7/4 11:15,0.084605465
2022/7/4 11:30,0.085345464
2022/7/4 11:45,0.080509081
2022/7/4 12:00,0.131921144
2022/7/4 12:15,0.13835513
2022/7/4 12:30,0.129316256
2022/7/4 12:45,0.126795463
2022/7/4 13:00,0.147220544
2022/7/4 13:15,0.159824942
2022/7/4 13:30,0.150000262
2022/7/4 13:45,0.142433376
2022/7/4 14:00,0.131831251
2022/7/4 14:15,0.123697732
2022/7/4 14:30,0.115454999
2022/7/4 14:45,0.119091626
2022/7/4 15:00,0.148153734
2022/7/4 15:15,0.170544995
2022/7/4 15:30,0.250071395
2022/7/4 15:45,0.242923747
2022/7/4 16:00,0.221546968
2022/7/4 16:15,0.30668669
2022/7/4 16:30,0.297313806
2022/7/4 16:45,0.289376293
2022/7/4 17:00,0.246229442
2022/7/4 17:15,0.199344718
2022/7/4 17:30,0.326764184
2022/7/4 17:45,0.270503912
2022/7/4 18:00,0.344011292
2022/7/4 18:15,0.368944881
2022/7/4 18:30,0.34740409
2022/7/4 18:45,0.244263641
2022/7/4 19:00,0.332060511
2022/7/4 19:15,0.31742238
2022/7/4 19:30,0.26576569
2022/7/4 19:45,0.292869933
2022/7/4 20:00,0.217369564
2022/7/4 20:15,0.259068474
2022/7/4 20:30,0.322506731
2022/7/4 20:45,0.313600176
2022/7/4 21:00,0.305881137
2022/7/4 21:15,0.318746149
2022/7/4 21:30,0.373633504
2022/7/4 21:45,0.378833985
2022/7/4 22:00,0.335557286
2022/7/4 22:15,0.289561651
2022/7/4 22:30,0.300870784
2022/7/4 22:45,0.284045504
2022/7/4 23:00,0.222271668
2022/7/4 23:15,0.184729717
2022/7/4 23:30,0.22069316
2022/7/4 23:45,0.245693071
2022/7/5 0:00,0.234737185
2022/7/5 0:15,0.170758207
2022/7/5 0:30,0.232325558
2022/7/5 0:45,0.175124669
2022/7/5 1:00,0.237139502
2022/7/5 1:15,0.21395195
2022/7/5 1:30,0.264190823
2022/7/5 1:45,0.196419008
2022/7/5 2:00,0.275477458
2022/7/5 2:15,0.234380872
2022/7/5 2:30,0.209745633
2022/7/5 2:45,0.239319621
2022/7/5 3:00,0.139526399
2022/7/5 3:15,0.221173906
2022/7/5 3:30,0.216620223
2022/7/5 3:45,0.190902411
2022/7/5 4:00,0.197986423
2022/7/5 4:15,0.206115347
2022/7/5 4:30,0.216184523
2022/7/5 4:45,0.248221905
2022/7/5 5:00,0.221045505
2022/7/5 5:15,0.163410437
2022/7/5 5:30,0.227356666
2022/7/5 5:45,0.12174392
2022/7/5 6:00,0.095423254
2022/7/5 6:15,0.190741647
2022/7/5 6:30,0.206624508
2022/7/5 6:45,0.119262988
2022/7/5 7:00,0.241152709
2022/7/5 7:15,0.210334147
2022/7/5 7:30,0.210491992
2022/7/5 7:45,0.241652426
2022/7/5 8:00,0.193831284
2022/7/5 8:15,0.175475308
2022/7/5 8:30,0.216870549
2022/7/5 8:45,0.195247071
2022/7/5 9:00,0.216057401
2022/7/5 9:15,0.220148519
2022/7/5 9:30,0.186718872
2022/7/5 9:45,0.224121374
2022/7/5 10:00,0.260236734
2022/7/5 10:15,0.213039498
2022/7/5 10:30,0.258470884
2022/7/5 10:45,0.247124173
2022/7/5 11:00,0.249994792
2022/7/5 11:15,0.318874246
2022/7/5 11:30,0.240220702
2022/7/5 11:45,0.298693468
2022/7/5 12:00,0.245458411
2022/7/5 12:15,0.268211924
2022/7/5 12:30,0.248277559
2022/7/5 12:45,0.288291773
2022/7/5 13:00,0.232576392
2022/7/5 13:15,0.283020689
2022/7/5 13:30,0.260340193
2022/7/5 13:45,0.338017237
2022/7/5 14:00,0.319487054
2022/7/5 14:15,0.32775487
2022/7/5 14:30,0.299036846
2022/7/5 14:45,0.282802757
2022/7/5 15:00,0.244343725
2022/7/5 15:15,0.310162825
2022/7/5 15:30,0.333193065
2022/7/5 15:45,0.284159177
2022/7/5 16:00,0.298526798
2022/7/5 16:15,0.269261361
2022/7/5 16:30,0.296909152
2022/7/5 16:45,0.320677086
2022/7/5 17:00,0.323508016
2022/7/5 17:15,0.285737386
2022/7/5 17:30,0.31487357
2022/7/5 17:45,0.291831564
2022/7/5 18:00,0.331294146
2022/7/5 18:15,0.304981335
2022/7/5 18:30,0.208225323
2022/7/5 18:45,0.240584282
2022/7/5 19:00,0.280344133
2022/7/5 19:15,0.247298508
2022/7/5 19:30,0.262503585
2022/7/5 19:45,0.266303776
2022/7/5 20:00,0.227476696
2022/7/5 20:15,0.230587611
2022/7/5 20:30,0.237684819
2022/7/5 20:45,0.193597406
2022/7/5 21:00,0.193171342
2022/7/5 21:15,0.22305502
2022/7/5 21:30,0.225064163
2022/7/5 21:45,0.177189116
2022/7/5 22:00,0.135985783
2022/7/5 22:15,0.174859442
2022/7/5 22:30,0.145965537
2022/7/5 22:45,0.208671227
2022/7/5 23:00,0.134337087
2022/7/5 23:15,0.098850805
2022/7/5 23:30,0.204917014
2022/7/5 23:45,0.137077948
2022/7/6 0:00,0.055726871
2022/7/6 0:15,0.090254927
2022/7/6 0:30,0.135715526
2022/7/6 0:45,0.180009092
2022/7/6 1:00,0.208750985
2022/7/6 1:15,0.168786952
2022/7/6 1:30,0.162720362
2022/7/6 1:45,0.0568104
2022/7/6 2:00,0.20108457
2022/7/6 2:15,0.176738236
2022/7/6 2:30,0.136145714
2022/7/6 2:45,0.18501968
2022/7/6 3:00,0.15965176
2022/7/6 3:15,0.178139639
2022/7/6 3:30,0.147608479
2022/7/6 3:45,0.174458362
2022/7/6 4:00,0.161518524
2022/7/6 4:15,0.210615398
2022/7/6 4:30,0.170726008
2022/7/6 4:45,0.166383979
2022/7/6 5:00,0.178667156
2022/7/6 5:15,0.217567654
2022/7/6 5:30,0.696441484
2022/7/6 5:45,0.696491303
2022/7/6 6:00,0.70079884
2022/7/6 6:15,0.705107611
2022/7/6 6:30,0.709417382
2022/7/6 6:45,0.727366876
2022/7/6 7:00,0.781107326
2022/7/6 7:15,0.787760857
2022/7/6 7:30,0.700240041
2022/7/6 7:45,0.610185376
2022/7/6 8:00,0.515063004
2022/7/6 8:15,0.422556461
2022/7/6 8:30,0.335282048
2022/7/6 8:45,0.321280493
2022/7/6 9:00,0.453825553
2022/7/6 9:15,0.511205977
2022/7/6 9:30,0.418258374
2022/7/6 9:45,0.395890683
2022/7/6 10:00,0.514684303
2022/7/6 10:15,0.580871003
2022/7/6 10:30,0.541845471
2022/7/6 10:45,0.512032378
2022/7/6 11:00,0.500645773
2022/7/6 11:15,0.459118615
2022/7/6 11:30,0.357311868
2022/7/6 11:45,0.307519163
2022/7/6 12:00,0.354612977
2022/7/6 12:15,0.342149179
2022/7/6 12:30,0.196275803
2022/7/6 12:45,0.102297582
2022/7/6 13:00,0.112111183
2022/7/6 13:15,0.099474064
2022/7/6 13:30,0.041937582
2022/7/6 13:45,0.003586166
2022/7/6 14:00,0.000675166
2022/7/6 14:15,0.017262776
2022/7/6 14:30,0.062145609
2022/7/6 14:45,0.135790324
2022/7/6 15:00,0.356696302
2022/7/6 15:15,0.456179742
2022/7/6 15:30,0.312820991
2022/7/6 15:45,0.211239821
2022/7/6 16:00,0.193216553
2022/7/6 16:15,0.166432804
2022/7/6 16:30,0.122130572
2022/7/6 16:45,0.092592092
2022/7/6 17:00,0.060007199
2022/7/6 17:15,0.024236006
2022/7/6 17:30,0.083006878
2022/7/6 17:45,0.081063337
2022/7/6 18:00,0.075257287
2022/7/6 18:15,0.083292719
2022/7/6 18:30,0.119011983
2022/7/6 18:45,0.16496526
2022/7/6 19:00,0.222186586
2022/7/6 19:15,0.260939406
2022/7/6 19:30,0.274618625
2022/7/6 19:45,0.262118155
2022/7/6 20:00,0.195260452
2022/7/6 20:15,0.135853442
2022/7/6 20:30,0.088920047
2022/7/6 20:45,0.068201528
2022/7/6 21:00,0.078662837
2022/7/6 21:15,0.080896549
2022/7/6 21:30,0.062506111
2022/7/6 21:45,0.060511877
2022/7/6 22:00,0.087247145
2022/7/6 22:15,0.102140976
2022/7/6 22:30,0.090472454
2022/7/6 22:45,0.073849533
2022/7/6 23:00,0.029420093
2022/7/6 23:15,0.003145864
2022/7/6 23:30,0.004228719
2022/7/6 23:45,0.002066642
2022/7/7 0:00,0.005148575
2022/7/7 0:15,0.005103587
2022/7/7 0:30,0.005058347
2022/7/7 0:45,0.005013122
2022/7/7 1:00,0.004968209
2022/7/7 1:15,0.004923921
2022/7/7 1:30,0.004880581
2022/7/7 1:45,0.004838507
2022/7/7 2:00,0.004797999
2022/7/7 2:15,0.004759329
2022/7/7 2:30,0.00472273
2022/7/7 2:45,0.004688387
2022/7/7 3:00,0.004656435
2022/7/7 3:15,0.004626947
2022/7/7 3:30,0.00459994
2022/7/7 3:45,0.008158757
2022/7/7 4:00,0.015342767
2022/7/7 4:15,0.015676933
2022/7/7 4:30,0.016721498
2022/7/7 4:45,0.032204987
2022/7/7 5:00,0.057816633
2022/7/7 5:15,0.041713504
2022/7/7 5:30,0.019241794
2022/7/7 5:45,0.012274486
2022/7/7 6:00,0.036314981
2022/7/7 6:15,0.049452612
2022/7/7 6:30,0.040784062
2022/7/7 6:45,0.04127402
2022/7/7 7:00,0.043588779
2022/7/7 7:15,0.051483765
2022/7/7 7:30,0.108926872
2022/7/7 7:45,0.124095348
2022/7/7 8:00,0.165989732
2022/7/7 8:15,0.176843931
2022/7/7 8:30,0.12561882
2022/7/7 8:45,0.081239109
2022/7/7 9:00,0.050551486
2022/7/7 9:15,0.033216139
2022/7/7 9:30,0.042586823
2022/7/7 9:45,0.048401248
2022/7/7 10:00,0.047104796
2022/7/7 10:15,0.071852061
2022/7/7 10:30,0.148688542
2022/7/7 10:45,0.184649433
2022/7/7 11:00,0.138861019
2022/7/7 11:15,0.105782146
2022/7/7 11:30,0.098124268
2022/7/7 11:45,0.097581988
2022/7/7 12:00,0.116198015
2022/7/7 12:15,0.121498394
2022/7/7 12:30,0.119311075
2022/7/7 12:45,0.111168997
2022/7/7 13:00,0.09247694
2022/7/7 13:15,0.073720125
2022/7/7 13:30,0.058818207
2022/7/7 13:45,0.041046279
2022/7/7 14:00,0.018358638
2022/7/7 14:15,0.00450958
2022/7/7 14:30,0.004312044
2022/7/7 14:45,0.004122042
2022/7/7 15:00,0.004093718
2022/7/7 15:15,0.0278291
2022/7/7 15:30,0.075683576
2022/7/7 15:45,0.068714329
2022/7/7 16:00,0.047862098
2022/7/7 16:15,0.045891514
2022/7/7 16:30,0.081683537
2022/7/7 16:45,0.095256989
2022/7/7 17:00,0.064392365
2022/7/7 17:15,0.055747362
2022/7/7 17:30,0.091540543
2022/7/7 17:45,0.161755769
2022/7/7 18:00,0.300814015
2022/7/7 18:15,0.429790964
2022/7/7 18:30,0.538604336
2022/7/7 18:45,0.6597798
2022/7/7 19:00,0.805678594
2022/7/7 19:15,0.902989257
2022/7/7 19:30,0.903122939
2022/7/7 19:45,0.891298484
2022/7/7 20:00,0.85555713
2022/7/7 20:15,0.795719337
2022/7/7 20:30,0.687688068
2022/7/7 20:45,0.623981234
2022/7/7 21:00,0.648922606
2022/7/7 21:15,0.6010725
2022/7/7 21:30,0.4076386
2022/7/7 21:45,0.248245161
2022/7/7 22:00,0.156931548
2022/7/7 22:15,0.08579186
2022/7/7 22:30,0.054998603
2022/7/7 22:45,0.040773548
2022/7/7 23:00,0.059683115
2022/7/7 23:15,0.072292466
2022/7/7 23:30,0.053829158
2022/7/7 23:45,0.008885679
2022/7/8 0:00,0.003612071
2022/7/8 0:15,0.03493632
2022/7/8 0:30,0.102482032
2022/7/8 0:45,0.111379825
2022/7/8 1:00,0.11959548
2022/7/8 1:15,0.131635669
2022/7/8 1:30,0.160762241
2022/7/8 1:45,0.185961011
2022/7/8 2:00,0.202377186
2022/7/8 2:15,0.208219036
2022/7/8 2:30,0.184774342
2022/7/8 2:45,0.163819872
2022/7/8 3:00,0.140210593
2022/7/8 3:15,0.130386593
2022/7/8 3:30,0.142704264
2022/7/8 3:45,0.164616227
2022/7/8 4:00,0.212983435
2022/7/8 4:15,0.240019866
2022/7/8 4:30,0.224165676
2022/7/8 4:45,0.217986043
2022/7/8 5:00,0.232813524
2022/7/8 5:15,0.236670246
2022/7/8 5:30,0.218201873
2022/7/8 5:45,0.220132405
2022/7/8 6:00,0.262808762
2022/7/8 6:15,0.284345484
2022/7/8 6:30,0.261494937
2022/7/8 6:45,0.260095562
2022/7/8 7:00,0.299847753
2022/7/8 7:15,0.303454849
2022/7/8 7:30,0.231810753
2022/7/8 7:45,0.213718094
2022/7/8 8:00,0.301924667
2022/7/8 8:15,0.318522849
2022/7/8 8:30,0.191906877
2022/7/8 8:45,0.102361694
2022/7/8 9:00,0.086961164
2022/7/8 9:15,0.141218014
2022/7/8 9:30,0.334793053
2022/7/8 9:45,0.464550047
2022/7/8 10:00,0.466674647
2022/7/8 10:15,0.479169526
2022/7/8 10:30,0.512408861
2022/7/8 10:45,0.511859408
2022/7/8 11:00,0.443736438
2022/7/8 11:15,0.411491386
2022/7/8 11:30,0.45604929
2022/7/8 11:45,0.496457658
2022/7/8 12:00,0.537600417
2022/7/8 12:15,0.521754103
2022/7/8 12:30,0.501905998
2022/7/8 12:45,0.490112282
2022/7/8 13:00,0.49214543
2022/7/8 13:15,0.487907561
2022/7/8 13:30,0.462220063
2022/7/8 13:45,0.440162502
2022/7/8 14:00,0.424665611
2022/7/8 14:15,0.463069001
2022/7/8 14:30,0.61057826
2022/7/8 14:45,0.700354412
2022/7/8 15:00,0.675345082
2022/7/8 15:15,0.665269397
2022/7/8 15:30,0.68888458
2022/7/8 15:45,0.687004661
2022/7/8 16:00,0.631733223
2022/7/8 16:15,0.616952102
2022/7/8 16:30,0.685200401
2022/7/8 16:45,0.720587298
2022/7/8 17:00,0.691788071
2022/7/8 17:15,0.685570251
2022/7/8 17:30,0.725458733
2022/7/8 17:45,0.758638785
2022/7/8 18:00,0.781998073
2022/7/8 18:15,0.724308719
2022/7/8 18:30,0.502755399
2022/7/8 18:45,0.300452351
2022/7/8 19:00,0.124407658
2022/7/8 19:15,0.009951168
2022/7/8 19:30,0.010511182
2022/7/8 19:45,0.010311853
2022/7/8 20:00,0.010113633
2022/7/8 20:15,0.018022953
2022/7/8 20:30,0.04455486
2022/7/8 20:45,0.062494892
2022/7/8 21:00,0.067589698
2022/7/8 21:15,0.068513164
2022/7/8 21:30,0.060744132
2022/7/8 21:45,0.058151231
2022/7/8 22:00,0.055124619
2022/7/8 22:15,0.055507484
2022/7/8 22:30,0.069471756
2022/7/8 22:45,0.073548372
2022/7/8 23:00,0.061334676
2022/7/8 23:15,0.046208934
2022/7/8 23:30,0.025794441
2022/7/8 23:45,0.012916542
2022/7/9 0:00,0
2022/7/9 0:15,0
2022/7/9 0:30,0
2022/7/9 0:45,0
2022/7/9 1:00,0.036704863
2022/7/9 1:15,0.038958137
2022/7/9 1:30,0.046728369
2022/7/9 1:45,0.053365194
2022/7/9 2:00,0.039844793
2022/7/9 2:15,0.032295479
2022/7/9 2:30,0.049443358
2022/7/9 2:45,0.053300018
2022/7/9 3:00,0.035660374
2022/7/9 3:15,0.039484931
2022/7/9 3:30,0.024303475
2022/7/9 3:45,0.01737764
2022/7/9 4:00,0.035955652
2022/7/9 4:15,0.020775139
2022/7/9 4:30,0.030111872
2022/7/9 4:45,0.014269839
2022/7/9 5:00,0.023819476
2022/7/9 5:15,0.010399121
2022/7/9 5:30,0.013815011
2022/7/9 5:45,0
2022/7/9 6:00,0.005025289
2022/7/9 6:15,0.012342497
2022/7/9 6:30,0.050570999
2022/7/9 6:45,0.076703922
2022/7/9 7:00,0.060460388
2022/7/9 7:15,0.037675511
2022/7/9 7:30,0.030133653
2022/7/9 7:45,0.053566904
2022/7/9 8:00,0.0561051
2022/7/9 8:15,0.107854544
2022/7/9 8:30,0.263112614
2022/7/9 8:45,0.335629392
2022/7/9 9:00,0.262204852
2022/7/9 9:15,0.180596262
2022/7/9 9:30,0.076988504
2022/7/9 9:45,0.074605914
2022/7/9 10:00,0.194244403
2022/7/9 10:15,0.253181583
2022/7/9 10:30,0.138375706
2022/7/9 10:45,0.066884991
2022/7/9 11:00,0.12901854
2022/7/9 11:15,0.156181583
2022/7/9 11:30,0.10363702
2022/7/9 11:45,0.089347138
2022/7/9 12:00,0.164189418
2022/7/9 12:15,0.212669064
2022/7/9 12:30,0.226995212
2022/7/9 12:45,0.207022379
2022/7/9 13:00,0.118450219
2022/7/9 13:15,0.099509591
2022/7/9 13:30,0.219831127
2022/7/9 13:45,0.306080995
2022/7/9 14:00,0.324187139
2022/7/9 14:15,0.351376421
2022/7/9 14:30,0.396732166
2022/7/9 14:45,0.436038884
2022/7/9 15:00,0.463248382
2022/7/9 15:15,0.431918141
2022/7/9 15:30,0.283509965
2022/7/9 15:45,0.211847506
2022/7/9 16:00,0.293678758
2022/7/9 16:15,0.315911787
2022/7/9 16:30,0.218951356
2022/7/9 16:45,0.15937135
2022/7/9 17:00,0.17357161
2022/7/9 17:15,0.191011078
2022/7/9 17:30,0.21881069
2022/7/9 17:45,0.241839871
2022/7/9 18:00,0.253265312
2022/7/9 18:15,0.253105803
2022/7/9 18:30,0.236160336
2022/7/9 18:45,0.22722609
2022/7/9 19:00,0.240795648
2022/7/9 19:15,0.246905534
2022/7/9 19:30,0.246215741
2022/7/9 19:45,0.233003665
2022/7/9 20:00,0.194750486
2022/7/9 20:15,0.157499028
2022/7/9 20:30,0.122253821
2022/7/9 20:45,0.095729713
2022/7/9 21:00,0.086649866
2022/7/9 21:15,0.085515216
2022/7/9 21:30,0.100272239
2022/7/9 21:45,0.128128871
2022/7/9 22:00,0.182185209
2022/7/9 22:15,0.214832619
2022/7/9 22:30,0.204661897
2022/7/9 22:45,0.180870476
2022/7/9 23:00,0.129836679
2022/7/9 23:15,0.095176492
2022/7/9 23:30,0.093261929
2022/7/9 23:45,0.085616958
2022/7/10 0:00,0.072161983
2022/7/10 0:15,0.071015048
2022/7/10 0:30,0.10455494
2022/7/10 0:45,0.127610099
2022/7/10 1:00,0.138783076
2022/7/10 1:15,0.161349667
2022/7/10 1:30,0.205304499
2022/7/10 1:45,0.236716446
2022/7/10 2:00,0.24160372
2022/7/10 2:15,0.23343347
2022/7/10 2:30,0.199146713
2022/7/10 2:45,0.184857675
2022/7/10 3:00,0.210562918
2022/7/10 3:15,0.259324086
2022/7/10 3:30,0.354196254
2022/7/10 3:45,0.362567389
2022/7/10 4:00,0.195003023
2022/7/10 4:15,0.081169236
2022/7/10 4:30,0.090144757
2022/7/10 4:45,0.121059629
2022/7/10 5:00,0.195853131
2022/7/10 5:15,0.209495107
2022/7/10 5:30,0.100834128
2022/7/10 5:45,0.029302195
2022/7/10 6:00,0.032028562
2022/7/10 6:15,0.032140127
2022/7/10 6:30,0.027022359
2022/7/10 6:45,0.023609192
2022/7/10 7:00,0.01964524
2022/7/10 7:15,0.011898374
2022/7/10 7:30,0.011894256
2022/7/10 7:45,0.011889961
2022/7/10 8:00,0.01188552
2022/7/10 8:15,0.011880966
2022/7/10 8:30,0.011876327
2022/7/10 8:45,0.011871633
2022/7/10 9:00,0.011866907
2022/7/10 9:15,0.011862168
2022/7/10 9:30,0.011857431
2022/7/10 9:45,0.011852704
2022/7/10 10:00,0.011847989
2022/7/10 10:15,0.011843282
2022/7/10 10:30,0.011838575
2022/7/10 10:45,0.011833852
2022/7/10 11:00,0.011829095
2022/7/10 11:15,0.023427858
2022/7/10 11:30,0.058784227
2022/7/10 11:45,0.076941814
2022/7/10 12:00,0.131720284
2022/7/10 12:15,0.11597186
2022/7/10 12:30,0.114119123
2022/7/10 12:45,0.107922188
2022/7/10 13:00,0.083370008
2022/7/10 13:15,0.054288649
2022/7/10 13:30,0.034010641
2022/7/10 13:45,0
2022/7/10 14:00,0.002205615
2022/7/10 14:15,0.010951448
2022/7/10 14:30,0.019696076
2022/7/10 14:45,0.082687357
2022/7/10 15:00,0.200280293
2022/7/10 15:15,0.218793979
2022/7/10 15:30,0.274359724
2022/7/10 15:45,0.3635457
2022/7/10 16:00,0.519974055
2022/7/10 16:15,0.63218742
2022/7/10 16:30,0.655973047
2022/7/10 16:45,0.614620428
2022/7/10 17:00,0.442993826
2022/7/10 17:15,0.303314168
2022/7/10 17:30,0.227531091
2022/7/10 17:45,0.159299463
2022/7/10 18:00,0.106173504
2022/7/10 18:15,0.069025011
2022/7/10 18:30,0.062679842
2022/7/10 18:45,0.063020329
2022/7/10 19:00,0.080819264
2022/7/10 19:15,0.092663262
2022/7/10 19:30,0.092599634
2022/7/10 19:45,0.174467318
2022/7/10 20:00,0.338624162
2022/7/10 20:15,0.338560857
2022/7/10 20:30,0.256382787
2022/7/10 20:45,0.091370222
2022/7/10 21:00,0.088588939
2022/7/10 21:15,0.087659146
2022/7/10 21:30,0.090432544
2022/7/10 21:45,0.092003718
2022/7/10 22:00,0.091170113
2022/7/10 22:15,0.086157252
2022/7/10 22:30,0.072785054
2022/7/10 22:45,0.072792237
2022/7/10 23:00,0.09268614
2022/7/10 23:15,0.093648123
2022/7/10 23:30,0.078955319
2022/7/10 23:45,0.06336039
2022/7/11 0:00,0.005979514
2022/7/11 0:15,0.021512177
2022/7/11 0:30,0.049933507
2022/7/11 0:45,0.055131223
2022/7/11 1:00,0.074560746
2022/7/11 1:15,0.091155173
2022/7/11 1:30,0.102077648
2022/7/11 1:45,0.109993545
2022/7/11 2:00,0.111894527
2022/7/11 2:15,0.099088794
2022/7/11 2:30,0.056867925
2022/7/11 2:45,0.028715345
2022/7/11 3:00,0.018022372
2022/7/11 3:15,0
2022/7/11 3:30,0
2022/7/11 3:45,0
2022/7/11 4:00,0
2022/7/11 4:15,0
2022/7/11 4:30,0
2022/7/11 4:45,0
2022/7/11 5:00,0
2022/7/11 5:15,0
2022/7/11 5:30,0
2022/7/11 5:45,0
2022/7/11 6:00,0
2022/7/11 6:15,0
2022/7/11 6:30,0
2022/7/11 6:45,0
2022/7/11 7:00,0
2022/7/11 7:15,0
2022/7/11 7:30,0
2022/7/11 7:45,0
2022/7/11 8:00,0
2022/7/11 8:15,0
2022/7/11 8:30,0
2022/7/11 8:45,0
2022/7/11 9:00,0
2022/7/11 9:15,0.006032372
2022/7/11 9:30,0.02525616
2022/7/11 9:45,0.020226556
2022/7/11 10:00,0.005108472
2022/7/11 10:15,0
2022/7/11 10:30,0
2022/7/11 10:45,0
2022/7/11 11:00,0
2022/7/11 11:15,0.012400101
2022/7/11 11:30,0.043945842
2022/7/11 11:45,0.062026657
2022/7/11 12:00,0.125934627
2022/7/11 12:15,0.189633687
2022/7/11 12:30,0.272649978
2022/7/11 12:45,0.315827755
2022/7/11 13:00,0.279327182
2022/7/11 13:15,0.252936769
2022/7/11 13:30,0.246765987
2022/7/11 13:45,0.274248201
2022/7/11 14:00,0.369036457
2022/7/11 14:15,0.438848333
2022/7/11 14:30,0.458708291
2022/7/11 14:45,0.460780618
2022/7/11 15:00,0.427279289
2022/7/11 15:15,0.434773224
2022/7/11 15:30,0.524259971
2022/7/11 15:45,0.560709224
2022/7/11 16:00,0.491086311
2022/7/11 16:15,0.436650019
2022/7/11 16:30,0.412590176
2022/7/11 16:45,0.401188102
2022/7/11 17:00,0.415104996
2022/7/11 17:15,0.441130082
2022/7/11 17:30,0.491375065
2022/7/11 17:45,0.522147746
2022/7/11 18:00,0.513979311
2022/7/11 18:15,0.518382969
2022/7/11 18:30,0.547934199
2022/7/11 18:45,0.522044411
2022/7/11 19:00,0.385275813
2022/7/11 19:15,0.294484503
2022/7/11 19:30,0.295650799
2022/7/11 19:45,0.270738191
2022/7/11 20:00,0.193670581
2022/7/11 20:15,0.147317847
2022/7/11 20:30,0.162397413
2022/7/11 20:45,0.200535059
2022/7/11 21:00,0.284791111
2022/7/11 21:15,0.326983103
2022/7/11 21:30,0.285048878
2022/7/11 21:45,0.268841309
2022/7/11 22:00,0.304088567
2022/7/11 22:15,0.321499919
2022/7/11 22:30,0.303240556
2022/7/11 22:45,0.28524717
2022/7/11 23:00,0.267786383
2022/7/11 23:15,0.242916187
2022/7/11 23:30,0.203227347
2022/7/11 23:45,0.166833379
2022/7/12 0:00,0.211339798
2022/7/12 0:15,0.170489152
2022/7/12 0:30,0.147158463
2022/7/12 0:45,0.138186152
2022/7/12 1:00,0.14768595
2022/7/12 1:15,0.153543099
2022/7/12 1:30,0.194386766
2022/7/12 1:45,0.205041742
2022/7/12 2:00,0.210495625
2022/7/12 2:15,0.206950877
2022/7/12 2:30,0.186518809
2022/7/12 2:45,0.169004038
2022/7/12 3:00,0.159985516
2022/7/12 3:15,0.168733781
2022/7/12 3:30,0.175606949
2022/7/12 3:45,0.168651493
2022/7/12 4:00,0.12370418
2022/7/12 4:15,0.081580548
2022/7/12 4:30,0.085721815
2022/7/12 4:45,0.092002486
2022/7/12 5:00,0.07307671
2022/7/12 5:15,0.048967615
2022/7/12 5:30,0.041120967
2022/7/12 5:45,0.033340812
2022/7/12 6:00,0.039307801
2022/7/12 6:15,0.036558209
2022/7/12 6:30,0.026769397
2022/7/12 6:45,0.086827326
2022/7/12 7:00,0.179820416
2022/7/12 7:15,0.160745471
2022/7/12 7:30,0.10239778
2022/7/12 7:45,0.050209157
2022/7/12 8:00,0.047022503
2022/7/12 8:15,0.066693625
2022/7/12 8:30,0.10340259
2022/7/12 8:45,0.096504913
2022/7/12 9:00,0.06521734
2022/7/12 9:15,0.063247049
2022/7/12 9:30,0.140043674
2022/7/12 9:45,0.164010744
2022/7/12 10:00,0.076571857
2022/7/12 10:15,0.034170551
2022/7/12 10:30,0.080258012
2022/7/12 10:45,0.220401758
2022/7/12 11:00,0.55633406
2022/7/12 11:15,0.792998007
2022/7/12 11:30,0.84258441
2022/7/12 11:45,0.88345507
2022/7/12 12:00,0.901064223
2022/7/12 12:15,0.915252606
2022/7/12 12:30,0.923641869
2022/7/12 12:45,0.922798702
2022/7/12 13:00,0.903491802
2022/7/12 13:15,0.874682628
2022/7/12 13:30,0.826870237
2022/7/12 13:45,0.787583892
2022/7/12 14:00,0.765351109
2022/7/12 14:15,0.734939663
2022/7/12 14:30,0.688172418
2022/7/12 14:45,0.624862204
2022/7/12 15:00,0.528467531
2022/7/12 15:15,0.448204061
2022/7/12 15:30,0.400204308
2022/7/12 15:45,0.33218598
2022/7/12 16:00,0.224131526
2022/7/12 16:15,0.175773148
2022/7/12 16:30,0.246807543
2022/7/12 16:45,0.29929776
2022/7/12 17:00,0.314699757
2022/7/12 17:15,0.309644282
2022/7/12 17:30,0.263673466
2022/7/12 17:45,0.211111986
2022/7/12 18:00,0.145368263
2022/7/12 18:15,0.107740649
2022/7/12 18:30,0.126343879
2022/7/12 18:45,0.160463439
2022/7/12 19:00,0.22561394
2022/7/12 19:15,0.273795417
2022/7/12 19:30,0.288036912
2022/7/12 19:45,0.333131723
2022/7/12 20:00,0.439931157
2022/7/12 20:15,0.536054238
2022/7/12 20:30,0.61082265
2022/7/12 20:45,0.668771008
2022/7/12 21:00,0.693077434
2022/7/12 21:15,0.737615498
2022/7/12 21:30,0.822615204
2022/7/12 21:45,0.842938169
2022/7/12 22:00,0.733906217
2022/7/12 22:15,0.628779161
2022/7/12 22:30,0.531460645
2022/7/12 22:45,0.460286423
2022/7/12 23:00,0.441399679
2022/7/12 23:15,0.493197808
2022/7/12 23:30,0.686364649
2022/7/12 23:45,0.810540111
2022/7/13 0:00,0.782709008
2022/7/13 0:15,0.755916444
2022/7/13 0:30,0.699024337
2022/7/13 0:45,0.673038155
2022/7/13 1:00,0.708863713
2022/7/13 1:15,0.730439021
2022/7/13 1:30,0.723513505
2022/7/13 1:45,0.72483964
2022/7/13 2:00,0.742668559
2022/7/13 2:15,0.773412985
2022/7/13 2:30,0.829987748
2022/7/13 2:45,0.859631661
2022/7/13 3:00,0.8354131
2022/7/13 3:15,0.816891027
2022/7/13 3:30,0.809761133
2022/7/13 3:45,0.789296818
2022/7/13 4:00,0.74216292
2022/7/13 4:15,0.712676121
2022/7/13 4:30,0.718482917
2022/7/13 4:45,0.701958971
2022/7/13 5:00,0.640773133
2022/7/13 5:15,0.625497859
2022/7/13 5:30,0.702106673
2022/7/13 5:45,0.731981289
2022/7/13 6:00,0.668387539
2022/7/13 6:15,0.607549033
2022/7/13 6:30,0.552221223
2022/7/13 6:45,0.516420695
2022/7/13 7:00,0.519675061
2022/7/13 7:15,0.518955629
2022/7/13 7:30,0.510288984
2022/7/13 7:45,0.49241535
2022/7/13 8:00,0.45612811
2022/7/13 8:15,0.427993114
2022/7/13 8:30,0.416162912
2022/7/13 8:45,0.411510262
2022/7/13 9:00,0.421212934
2022/7/13 9:15,0.423954925
2022/7/13 9:30,0.412775689
2022/7/13 9:45,0.395407337
2022/7/13 10:00,0.365660833
2022/7/13 10:15,0.360095618
2022/7/13 10:30,0.402893048
2022/7/13 10:45,0.451439981
2022/7/13 11:00,0.511486032
2022/7/13 11:15,0.55182561
2022/7/13 11:30,0.552752448
2022/7/13 11:45,0.530554839
2022/7/13 12:00,0.508099058
2022/7/13 12:15,0.451909492
2022/7/13 12:30,0.427137989
2022/7/13 12:45,0.378963534
2022/7/13 13:00,0.283982679
2022/7/13 13:15,0.221758643
2022/7/13 13:30,0.225047689
2022/7/13 13:45,0.263689119
2022/7/13 14:00,0.373034591
2022/7/13 14:15,0.446192223
2022/7/13 14:30,0.446973171
2022/7/13 14:45,0.431221584
2022/7/13 15:00,0.382403551
2022/7/13 15:15,0.30723694
2022/7/13 15:30,0.179371359
2022/7/13 15:45,0.093070849
2022/7/13 16:00,0.089898199
2022/7/13 16:15,0.083908255
2022/7/13 16:30,0.123685607
2022/7/13 16:45,0.167035718
2022/7/13 17:00,0.217161236
2022/7/13 17:15,0.215633896
2022/7/13 17:30,0.215074821
2022/7/13 17:45,0.201825288
2022/7/13 18:00,0.16319144
2022/7/13 18:15,0.133745252
2022/7/13 18:30,0.122671086
2022/7/13 18:45,0.104964325
2022/7/13 19:00,0.073989339
2022/7/13 19:15,0.055435495
2022/7/13 19:30,0.061721292
2022/7/13 19:45,0.073496117
2022/7/13 20:00,0.096246836
2022/7/13 20:15,0.117790375
2022/7/13 20:30,0.1369179
2022/7/13 20:45,0.150120135
2022/7/13 21:00,0.151470616
2022/7/13 21:15,0.143662842
2022/7/13 21:30,0.117537804
2022/7/13 21:45,0.097859182
2022/7/13 22:00,0.064219281
2022/7/13 22:15,0.007141348
2022/7/13 22:30,0.010069132
2022/7/13 22:45,0.010782238
2022/7/13 23:00,0.007065977
2022/7/13 23:15,0.004736047
2022/7/13 23:30,0.005178902
2022/7/13 23:45,0.008000918
2022/7/14 0:00,0.081166284
2022/7/14 0:15,0.071071636
2022/7/14 0:30,0.072824644
2022/7/14 0:45,0.064709463
2022/7/14 1:00,0.061395944
2022/7/14 1:15,0.055256116
2022/7/14 1:30,0.057033439
2022/7/14 1:45,0.073918254
2022/7/14 2:00,0.110041095
2022/7/14 2:15,0.1088284
2022/7/14 2:30,0.11881664
2022/7/14 2:45,0.122836722
2022/7/14 3:00,0.091251404
2022/7/14 3:15,0.064109739
2022/7/14 3:30,0.063222909
2022/7/14 3:45,0.060098587
2022/7/14 4:00,0.058586379
2022/7/14 4:15,0.060112137
2022/7/14 4:30,0.061272596
2022/7/14 4:45,0.061919682
2022/7/14 5:00,0.057548451
2022/7/14 5:15,0.053454671
2022/7/14 5:30,0.054328991
2022/7/14 5:45,0.055797699
2022/7/14 6:00,0.054781509
2022/7/14 6:15,0.056519272
2022/7/14 6:30,0.050792194
2022/7/14 6:45,0.042657548
2022/7/14 7:00,0.04757479
2022/7/14 7:15,0.046358694
2022/7/14 7:30,0.045455608
2022/7/14 7:45,0.041436499
2022/7/14 8:00,0.036374333
2022/7/14 8:15,0.03055497
2022/7/14 8:30,0.034387578
2022/7/14 8:45,0.022981224
2022/7/14 9:00,0.032692045
2022/7/14 9:15,0.041080173
2022/7/14 9:30,0.041592213
2022/7/14 9:45,0.042676582
2022/7/14 10:00,0.036593321
2022/7/14 10:15,0.03211512
2022/7/14 10:30,0.032405441
2022/7/14 10:45,0.068223041
2022/7/14 11:00,0.142089757
2022/7/14 11:15,0.123284756
2022/7/14 11:30,0.108569031
2022/7/14 11:45,0.085036717
2022/7/14 12:00,0.06882822
2022/7/14 12:15,0.079455926
2022/7/14 12:30,0.110912273
2022/7/14 12:45,0.121977267
2022/7/14 13:00,0.091184034
2022/7/14 13:15,0.066869678
2022/7/14 13:30,0.059748812
2022/7/14 13:45,0.050859311
2022/7/14 14:00,0.038431126
2022/7/14 14:15,0.028428262
2022/7/14 14:30,0.023274728
2022/7/14 14:45,0.034851542
2022/7/14 15:00,0.073899836
2022/7/14 15:15,0.101295883
2022/7/14 15:30,0.129575758
2022/7/14 15:45,0.164679122
2022/7/14 16:00,0.213428975
2022/7/14 16:15,0.266908516
2022/7/14 16:30,0.329847359
2022/7/14 16:45,0.387005378
2022/7/14 17:00,0.43260212
2022/7/14 17:15,0.444585451
2022/7/14 17:30,0.389342757
2022/7/14 17:45,0.366905999
2022/7/14 18:00,0.410082285
2022/7/14 18:15,0.421697493
2022/7/14 18:30,0.370063758
2022/7/14 18:45,0.335319132
2022/7/14 19:00,0.334808248
2022/7/14 19:15,0.350604275
2022/7/14 19:30,0.39901593
2022/7/14 19:45,0.441650939
2022/7/14 20:00,0.463670602
2022/7/14 20:15,0.496855091
2022/7/14 20:30,0.579740476
2022/7/14 20:45,0.624184535
2022/7/14 21:00,0.628181126
2022/7/14 21:15,0.622176381
2022/7/14 21:30,0.596170912
2022/7/14 21:45,0.577840194
2022/7/14 22:00,0.574861006
2022/7/14 22:15,0.552022953
2022/7/14 22:30,0.489469333
2022/7/14 22:45,0.41114596
2022/7/14 23:00,0.300522001
2022/7/14 23:15,0.212033503
2022/7/14 23:30,0.170286327
2022/7/14 23:45,0.151605571
2022/7/15 0:00,0.19418339
2022/7/15 0:15,0.267965501
2022/7/15 0:30,0.432138716
2022/7/15 0:45,0.566167137
2022/7/15 1:00,0.639909653
2022/7/15 1:15,0.691652862
2022/7/15 1:30,0.699401229
2022/7/15 1:45,0.7025494
2022/7/15 2:00,0.696500873
2022/7/15 2:15,0.688774809
2022/7/15 2:30,0.677697124
2022/7/15 2:45,0.656605431
2022/7/15 3:00,0.615488789
2022/7/15 3:15,0.599268028
2022/7/15 3:30,0.632841618
2022/7/15 3:45,0.615801025
2022/7/15 4:00,0.497534133
2022/7/15 4:15,0.405497019
2022/7/15 4:30,0.365921025
2022/7/15 4:45,0.322004941
2022/7/15 5:00,0.269409794
2022/7/15 5:15,0.21122974
2022/7/15 5:30,0.141880639
2022/7/15 5:45,0.111606915
2022/7/15 6:00,0.159484483
2022/7/15 6:15,0.200175117
2022/7/15 6:30,0.226492306
2022/7/15 6:45,0.231563263
2022/7/15 7:00,0.194142177
2022/7/15 7:15,0.142438281
2022/7/15 7:30,0.062169268
2022/7/15 7:45,0.029039011
2022/7/15 8:00,0.090186903
2022/7/15 8:15,0.152584944
2022/7/15 8:30,0.217484086
2022/7/15 8:45,0.242410486
2022/7/15 9:00,0.187392364
2022/7/15 9:15,0.156692174
2022/7/15 9:30,0.174628944
2022/7/15 9:45,0.202343832
2022/7/15 10:00,0.249616146
2022/7/15 10:15,0.260486069
2022/7/15 10:30,0.198552449
2022/7/15 10:45,0.144774949
2022/7/15 11:00,0.107310929
2022/7/15 11:15,0.069728353
2022/7/15 11:30,0.031909855
2022/7/15 11:45,0.00683638
2022/7/15 12:00,0
2022/7/15 12:15,0.000815091
2022/7/15 12:30,0.012003832
2022/7/15 12:45,0.016509195
2022/7/15 13:00,0.007645376
2022/7/15 13:15,0.021413014
2022/7/15 13:30,0.056770398
2022/7/15 13:45,0.061506894
2022/7/15 14:00,0.101752156
2022/7/15 14:15,0.14784725
2022/7/15 14:30,0.198005543
2022/7/15 14:45,0.229263136
2022/7/15 15:00,0.253484938
2022/7/15 15:15,0.266787275
2022/7/15 15:30,0.258246845
2022/7/15 15:45,0.252522044
2022/7/15 16:00,0.252424517
2022/7/15 16:15,0.302340191
2022/7/15 16:30,0.452278226
2022/7/15 16:45,0.558716659
2022/7/15 17:00,0.578151903
2022/7/15 17:15,0.574312114
2022/7/15 17:30,0.523918469
2022/7/15 17:45,0.503315434
2022/7/15 18:00,0.542290174
2022/7/15 18:15,0.565794408
2022/7/15 18:30,0.558354693
2022/7/15 18:45,0.519725946
2022/7/15 19:00,0.418716879
2022/7/15 19:15,0.368520464
2022/7/15 19:30,0.419947952
2022/7/15 19:45,0.430220818
2022/7/15 20:00,0.358184045
2022/7/15 20:15,0.323655071
2022/7/15 20:30,0.364142427
2022/7/15 20:45,0.326969378
2022/7/15 21:00,0.134477452
2022/7/15 21:15,0.010470354
2022/7/15 21:30,0.023436051
2022/7/15 21:45,0.037080862
2022/7/15 22:00,0.042735057
2022/7/15 22:15,0.035978646
2022/7/15 22:30,0.041285926
2022/7/15 22:45,0.038372279
2022/7/15 23:00,0.019022751
2022/7/15 23:15,0.020336492
2022/7/15 23:30,0.062983183
2022/7/15 23:45,0.093172211
2022/7/16 0:00,0.011474289
2022/7/16 0:15,0.015588504
2022/7/16 0:30,0.019820203
2022/7/16 0:45,0.015008819
2022/7/16 1:00,0.007163113
2022/7/16 1:15,0.002077649
2022/7/16 1:30,0.002515668
2022/7/16 1:45,0.002219991
2022/7/16 2:00,0.000458898
2022/7/16 2:15,8.34E-05
2022/7/16 2:30,0.002479937
2022/7/16 2:45,0.003456287
2022/7/16 3:00,0.001592384
2022/7/16 3:15,0.000922042
2022/7/16 3:30,0.002638435
2022/7/16 3:45,0.003446014
2022/7/16 4:00,0.002435241
2022/7/16 4:15,0.001995318
2022/7/16 4:30,0.002696294
2022/7/16 4:45,0.008145957
2022/7/16 5:00,0.023092361
2022/7/16 5:15,0.037005798
2022/7/16 5:30,0.048853035
2022/7/16 5:45,0.059481097
2022/7/16 6:00,0.067671039
2022/7/16 6:15,0.104086498
2022/7/16 6:30,0.168207745
2022/7/16 6:45,0.176903186
2022/7/16 7:00,0.191863404
2022/7/16 7:15,0.204486225
2022/7/16 7:30,0.212435853
2022/7/16 7:45,0.246794403
2022/7/16 8:00,0.333972539
2022/7/16 8:15,0.334704881
2022/7/16 8:30,0.162547276
2022/7/16 8:45,0.054811994
2022/7/16 9:00,0.07592265
2022/7/16 9:15,0.079930613
2022/7/16 9:30,0.04973392
2022/7/16 9:45,0.03765488
2022/7/16 10:00,0.061811173
2022/7/16 10:15,0.077642908
2022/7/16 10:30,0.056966224
2022/7/16 10:45,0.041594268
2022/7/16 11:00,0.090908686
2022/7/16 11:15,0.082840315
2022/7/16 11:30,0.061428398
2022/7/16 11:45,0.048864413
2022/7/16 12:00,0.110636812
2022/7/16 12:15,0.163287
2022/7/16 12:30,0.32273362
2022/7/16 12:45,0.284641526
2022/7/16 13:00,0.177838327
2022/7/16 13:15,0.105320404
2022/7/16 13:30,0.068498305
2022/7/16 13:45,0.094072789
2022/7/16 14:00,0.1179234
2022/7/16 14:15,0.18144023
2022/7/16 14:30,0.360125219
2022/7/16 14:45,0.388145389
2022/7/16 15:00,0.308323627
2022/7/16 15:15,0.342839842
2022/7/16 15:30,0.480789423
2022/7/16 15:45,0.526439231
2022/7/16 16:00,0.489576536
2022/7/16 16:15,0.478588243
2022/7/16 16:30,0.535116073
2022/7/16 16:45,0.521339755
2022/7/16 17:00,0.386044051
2022/7/16 17:15,0.270598962
2022/7/16 17:30,0.140217001
2022/7/16 17:45,0.096892979
2022/7/16 18:00,0.194461067
2022/7/16 18:15,0.216546578
2022/7/16 18:30,0.109128211
2022/7/16 18:45,0.030107557
2022/7/16 19:00,0.008334323
2022/7/16 19:15,0.002585519
2022/7/16 19:30,0
2022/7/16 19:45,0
2022/7/16 20:00,0
2022/7/16 20:15,0
2022/7/16 20:30,0
2022/7/16 20:45,0
2022/7/16 21:00,0
2022/7/16 21:15,0
2022/7/16 21:30,0
2022/7/16 21:45,0
2022/7/16 22:00,0
2022/7/16 22:15,0
2022/7/16 22:30,0
2022/7/16 22:45,0
2022/7/16 23:00,0.014025143
2022/7/16 23:15,0.013790761
2022/7/16 23:30,0.002843091
2022/7/16 23:45,0.094835991
2022/7/17 0:00,0.354845137
2022/7/17 0:15,0.335964575
2022/7/17 0:30,0.271810267
2022/7/17 0:45,0.193814095
2022/7/17 1:00,0.088132872
2022/7/17 1:15,0.018408117
2022/7/17 1:30,0.020594543
2022/7/17 1:45,0.021040098
2022/7/17 2:00,0.01800162
2022/7/17 2:15,0.01595206
2022/7/17 2:30,0.015344671
2022/7/17 2:45,0.014395269
2022/7/17 3:00,0.012758345
2022/7/17 3:15,0.01086493
2022/7/17 3:30,0.008454508
2022/7/17 3:45,0.006479714
2022/7/17 4:00,0.005371758
2022/7/17 4:15,0.004658704
2022/7/17 4:30,0.004005578
2022/7/17 4:45,0.035523267
2022/7/17 5:00,0.101703095
2022/7/17 5:15,0.09308359
2022/7/17 5:30,0.067059759
2022/7/17 5:45,0.056064209
2022/7/17 6:00,0.075121673
2022/7/17 6:15,0.150488472
2022/7/17 6:30,0.338471223
2022/7/17 6:45,0.441669494
2022/7/17 7:00,0.375297053
2022/7/17 7:15,0.354728497
2022/7/17 7:30,0.425766968
2022/7/17 7:45,0.44248775
2022/7/17 8:00,0.350573361
2022/7/17 8:15,0.262214409
2022/7/17 8:30,0.180497728
2022/7/17 8:45,0.117991576
2022/7/17 9:00,0.095494605
2022/7/17 9:15,0.079839664
2022/7/17 9:30,0.05470314
2022/7/17 9:45,0.106303321
2022/7/17 10:00,0.310311625
2022/7/17 10:15,0.288338934
2022/7/17 10:30,0.221985642
2022/7/17 10:45,0.173311936
2022/7/17 11:00,0.160991967
2022/7/17 11:15,0.152491302
2022/7/17 11:30,0.152895149
2022/7/17 11:45,0.137137121
2022/7/17 12:00,0.13990974
2022/7/17 12:15,0.135537595
2022/7/17 12:30,0.219686195
2022/7/17 12:45,0.277025888
2022/7/17 13:00,0.280748065
2022/7/17 13:15,0.294075234
2022/7/17 13:30,0.326612402
2022/7/17 13:45,0.330672805
2022/7/17 14:00,0.277779485
2022/7/17 14:15,0.243337452
2022/7/17 14:30,0.245797691
2022/7/17 14:45,0.247004454
2022/7/17 15:00,0.245703982
2022/7/17 15:15,0.240466102
2022/7/17 15:30,0.227353288
2022/7/17 15:45,0.20733749
2022/7/17 16:00,0.173515907
2022/7/17 16:15,0.147428731
2022/7/17 16:30,0.13681098
2022/7/17 16:45,0.131890618
2022/7/17 17:00,0.138366167
2022/7/17 17:15,0.134151977
2022/7/17 17:30,0.108560004
2022/7/17 17:45,0.094912042
2022/7/17 18:00,0.105093178
2022/7/17 18:15,0.111539496
2022/7/17 18:30,0.109006976
2022/7/17 18:45,0.098572543
2022/7/17 19:00,0.078621898
2022/7/17 19:15,0.070949646
2022/7/17 19:30,0.087837488
2022/7/17 19:45,0.108273407
2022/7/17 20:00,0.135808847
2022/7/17 20:15,0.151730016
2022/7/17 20:30,0.144425903
2022/7/17 20:45,0.136899265
2022/7/17 21:00,0.128930597
2022/7/17 21:15,0.12123923
2022/7/17 21:30,0.114105136
2022/7/17 21:45,0.110580902
2022/7/17 22:00,0.11427864
2022/7/17 22:15,0.122323141
2022/7/17 22:30,0.139062969
2022/7/17 22:45,0.162971387
2022/7/17 23:00,0.20121833
2022/7/17 23:15,0.228679295
2022/7/17 23:30,0.234569224
2022/7/17 23:45,0.231346593
2022/7/18 0:00,0.188299896
2022/7/18 0:15,0.17184105
2022/7/18 0:30,0.15974736
2022/7/18 0:45,0.17509736
2022/7/18 1:00,0.245338342
2022/7/18 1:15,0.303037831
2022/7/18 1:30,0.335658643
2022/7/18 1:45,0.361878149
2022/7/18 2:00,0.375299926
2022/7/18 2:15,0.40009598
2022/7/18 2:30,0.446557557
2022/7/18 2:45,0.46795452
2022/7/18 3:00,0.443818036
2022/7/18 3:15,0.422130858
2022/7/18 3:30,0.405348086
2022/7/18 3:45,0.412946797
2022/7/18 4:00,0.468746937
2022/7/18 4:15,0.51936958
2022/7/18 4:30,0.559359421
2022/7/18 4:45,0.544010888
2022/7/18 5:00,0.417991482
2022/7/18 5:15,0.319254368
2022/7/18 5:30,0.275087637
2022/7/18 5:45,0.222659804
2022/7/18 6:00,0.153715436
2022/7/18 6:15,0.096203183
2022/7/18 6:30,0.061560616
2022/7/18 6:45,0.039201359
2022/7/18 7:00,0.041413852
2022/7/18 7:15,0.033761043
2022/7/18 7:30,0.006382284
2022/7/18 7:45,0.010715469
2022/7/18 8:00,0.078476543
2022/7/18 8:15,0.119457926
2022/7/18 8:30,0.106883086
2022/7/18 8:45,0.088182567
2022/7/18 9:00,0.056517421
2022/7/18 9:15,0.053283349
2022/7/18 9:30,0.102535984
2022/7/18 9:45,0.113238836
2022/7/18 10:00,0.075793905
2022/7/18 10:15,0.060524157
2022/7/18 10:30,0.08960311
2022/7/18 10:45,0.092830258
2022/7/18 11:00,0.044350788
2022/7/18 11:15,0.021518009
2022/7/18 11:30,0.049974305
2022/7/18 11:45,0.072735443
2022/7/18 12:00,0.110092289
2022/7/18 12:15,0.117158103
2022/7/18 12:30,0.129254756
2022/7/18 12:45,0.142603524
2022/7/18 13:00,0.145082182
2022/7/18 13:15,0.135278506
2022/7/18 13:30,0.106252557
2022/7/18 13:45,0.100029063
2022/7/18 14:00,0.158496549
2022/7/18 14:15,0.19034192
2022/7/18 14:30,0.155709905
2022/7/18 14:45,0.133660547
2022/7/18 15:00,0.163860259
2022/7/18 15:15,0.184194543
2022/7/18 15:30,0.177206961
2022/7/18 15:45,0.166294099
2022/7/18 16:00,0.190393628
2022/7/18 16:15,0.226049298
2022/7/18 16:30,0.243268144
2022/7/18 16:45,0.258091285
2022/7/18 17:00,0.234853936
2022/7/18 17:15,0.215026808
2022/7/18 17:30,0.200788975
2022/7/18 17:45,0.171367221
2022/7/18 18:00,0.168973823
2022/7/18 18:15,0.164290172
2022/7/18 18:30,0.169363815
2022/7/18 18:45,0.161535846
2022/7/18 19:00,0.209160001
2022/7/18 19:15,0.233214791
2022/7/18 19:30,0.2344887
2022/7/18 19:45,0.240078364
2022/7/18 20:00,0.260583634
2022/7/18 20:15,0.321269153
2022/7/18 20:30,0.349996414
2022/7/18 20:45,0.339623537
2022/7/18 21:00,0.295748556
2022/7/18 21:15,0.252196636
2022/7/18 21:30,0.24488464
2022/7/18 21:45,0.239482197
2022/7/18 22:00,0.209765682
2022/7/18 22:15,0.184955017
2022/7/18 22:30,0.15333749
2022/7/18 22:45,0.14080526
2022/7/18 23:00,0.144103934
2022/7/18 23:15,0.158961934
2022/7/18 23:30,0.200705807
2022/7/18 23:45,0.231549317
2022/7/19 0:00,0.174638666
2022/7/19 0:15,0.162528857
2022/7/19 0:30,0.149431022
2022/7/19 0:45,0.136786496
2022/7/19 1:00,0.12505153
2022/7/19 1:15,0.11569694
2022/7/19 1:30,0.111105826
2022/7/19 1:45,0.104123018
2022/7/19 2:00,0.092359353
2022/7/19 2:15,0.086001385
2022/7/19 2:30,0.090457166
2022/7/19 2:45,0.093535511
2022/7/19 3:00,0.093861173
2022/7/19 3:15,0.109393055
2022/7/19 3:30,0.155339389
2022/7/19 3:45,0.17249518
2022/7/19 4:00,0.13207169
2022/7/19 4:15,0.089414007
2022/7/19 4:30,0.042289483
2022/7/19 4:45,0.031375457
2022/7/19 5:00,0.092883648
2022/7/19 5:15,0.115775376
2022/7/19 5:30,0.061434995
2022/7/19 5:45,0.043762521
2022/7/19 6:00,0.099426201
2022/7/19 6:15,0.115998245
2022/7/19 6:30,0.054386829
2022/7/19 6:45,0.015042335
2022/7/19 7:00,0.019790916
2022/7/19 7:15,0.022375371
2022/7/19 7:30,0.01186127
2022/7/19 7:45,0
2022/7/19 8:00,0
2022/7/19 8:15,0
2022/7/19 8:30,0
2022/7/19 8:45,0.003372852
2022/7/19 9:00,0.041263675
2022/7/19 9:15,0.07213818
2022/7/19 9:30,0.088977564
2022/7/19 9:45,0.088602898
2022/7/19 10:00,0.05379767
2022/7/19 10:15,0.030589333
2022/7/19 10:30,0.017237372
2022/7/19 10:45,0.001910158
2022/7/19 11:00,0.024612799
2022/7/19 11:15,0.038817142
2022/7/19 11:30,0.081515928
2022/7/19 11:45,0.105744697
2022/7/19 12:00,0.132667387
2022/7/19 12:15,0.106216302
2022/7/19 12:30,0.079940936
2022/7/19 12:45,0.046093808
2022/7/19 13:00,0.023603545
2022/7/19 13:15,0.004137638
2022/7/19 13:30,0
2022/7/19 13:45,0.007907245
2022/7/19 14:00,0.018607185
2022/7/19 14:15,0.028454466
2022/7/19 14:30,0.034827574
2022/7/19 14:45,0.033991463
2022/7/19 15:00,0.056163167
2022/7/19 15:15,0.045235542
2022/7/19 15:30,0.047037864
2022/7/19 15:45,0.066706826
2022/7/19 16:00,0.070543347
2022/7/19 16:15,0.069358834
2022/7/19 16:30,0.043912421
2022/7/19 16:45,0.090933919
2022/7/19 17:00,0.129742685
2022/7/19 17:15,0.0976375
2022/7/19 17:30,0.036288515
2022/7/19 17:45,0.001744487
2022/7/19 18:00,0.003833898
2022/7/19 18:15,0.006276447
2022/7/19 18:30,0.005967744
2022/7/19 18:45,0.001641461
2022/7/19 19:00,0.004199514
2022/7/19 19:15,0.009762672
2022/7/19 19:30,0.015160734
2022/7/19 19:45,0.007144876
2022/7/19 20:00,0.00428392
2022/7/19 20:15,0.011715538
2022/7/19 20:30,0.00403242
2022/7/19 20:45,0.015233272
2022/7/19 21:00,0.027518154
2022/7/19 21:15,0.035697333
2022/7/19 21:30,0.040346804
2022/7/19 21:45,0.019626626
2022/7/19 22:00,6.33E-05
2022/7/19 22:15,0.034245739
2022/7/19 22:30,0.104611172
2022/7/19 22:45,0.157154897
2022/7/19 23:00,0.1437511
2022/7/19 23:15,0.159345296
2022/7/19 23:30,0.198808026
2022/7/19 23:45,0.204355524
2022/7/20 0:00,0.211777456
2022/7/20 0:15,0.204976511
2022/7/20 0:30,0.192426827
2022/7/20 0:45,0.204992951
2022/7/20 1:00,0.2677921
2022/7/20 1:15,0.290184516
2022/7/20 1:30,0.23176496
2022/7/20 1:45,0.170081881
2022/7/20 2:00,0.101873211
2022/7/20 2:15,0.078895391
2022/7/20 2:30,0.14638053
2022/7/20 2:45,0.181602961
2022/7/20 3:00,0.152300875
2022/7/20 3:15,0.133209026
2022/7/20 3:30,0.098370698
2022/7/20 3:45,0.062130782
2022/7/20 4:00,0.023264976
2022/7/20 4:15,0.02175662
2022/7/20 4:30,0.022982566
2022/7/20 4:45,0.02585977
2022/7/20 5:00,0.032623507
2022/7/20 5:15,0.034908869
2022/7/20 5:30,0.028234478
2022/7/20 5:45,0.024199455
2022/7/20 6:00,0.020626476
2022/7/20 6:15,0.042135971
2022/7/20 6:30,0.115528103
2022/7/20 6:45,0.147973971
2022/7/20 7:00,0.098521504
2022/7/20 7:15,0.061681251
2022/7/20 7:30,0.050058889
2022/7/20 7:45,0.046701382
2022/7/20 8:00,0.059866493
2022/7/20 8:15,0.069436108
2022/7/20 8:30,0.071807315
2022/7/20 8:45,0.079989861
2022/7/20 9:00,0.099787616
2022/7/20 9:15,0.110333432
2022/7/20 9:30,0.102368155
2022/7/20 9:45,0.097635283
2022/7/20 10:00,0.099360576
2022/7/20 10:15,0.131457286
2022/7/20 10:30,0.224291065
2022/7/20 10:45,0.262604251
2022/7/20 11:00,0.191871644
2022/7/20 11:15,0.151501542
2022/7/20 11:30,0.171853216
2022/7/20 11:45,0.194271676
2022/7/20 12:00,0.218398466
2022/7/20 12:15,0.235073265
2022/7/20 12:30,0.202732085
2022/7/20 12:45,0.155856624
2022/7/20 13:00,0.103765375
2022/7/20 13:15,0.066410652
2022/7/20 13:30,0.063461365
2022/7/20 13:45,0.054738455
2022/7/20 14:00,0.047999281
2022/7/20 14:15,0.041673172
2022/7/20 14:30,0.032753025
2022/7/20 14:45,0.021855976
2022/7/20 15:00,0.013627243
2022/7/20 15:15,0.00999068
2022/7/20 15:30,0.009068418
2022/7/20 15:45,0.004399785
2022/7/20 16:00,0.006620837
2022/7/20 16:15,0.099359035
2022/7/20 16:30,0.290473081
2022/7/20 16:45,0.330970582
2022/7/20 17:00,0.45711578
2022/7/20 17:15,0.574313844
2022/7/20 17:30,0.683694544
2022/7/20 17:45,0.747781336
2022/7/20 18:00,0.733754424
2022/7/20 18:15,0.693846391
2022/7/20 18:30,0.596115708
2022/7/20 18:45,0.51880429
2022/7/20 19:00,0.459160139
2022/7/20 19:15,0.449007118
2022/7/20 19:30,0.5159266
2022/7/20 19:45,0.523026931
2022/7/20 20:00,0.390702576
2022/7/20 20:15,0.274448438
2022/7/20 20:30,0.194541849
2022/7/20 20:45,0.155651216
2022/7/20 21:00,0.177742723
2022/7/20 21:15,0.192010216
2022/7/20 21:30,0.197788421
2022/7/20 21:45,0.184682381
2022/7/20 22:00,0.139269538
2022/7/20 22:15,0.100301826
2022/7/20 22:30,0.072710011
2022/7/20 22:45,0.077558638
2022/7/20 23:00,0.143508526
2022/7/20 23:15,0.174313075
2022/7/20 23:30,0.127249549
2022/7/20 23:45,0.088014339
2022/7/21 0:00,0.063241255
2022/7/21 0:15,0.056781062
2022/7/21 0:30,0.091344638
2022/7/21 0:45,0.106935287
2022/7/21 1:00,0.084581747
2022/7/21 1:15,0.077282395
2022/7/21 1:30,0.100094386
2022/7/21 1:45,0.10942264
2022/7/21 2:00,0.091787572
2022/7/21 2:15,0.118117538
2022/7/21 2:30,0.2323827
2022/7/21 2:45,0.297996855
2022/7/21 3:00,0.266314819
2022/7/21 3:15,0.237360547
2022/7/21 3:30,0.213867978
2022/7/21 3:45,0.25137278
2022/7/21 4:00,0.410878513
2022/7/21 4:15,0.568883909
2022/7/21 4:30,0.723894521
2022/7/21 4:45,0.761606173
2022/7/21 5:00,0.563121253
2022/7/21 5:15,0.386714746
2022/7/21 5:30,0.26112261
2022/7/21 5:45,0.219214499
2022/7/21 6:00,0.344678398
2022/7/21 6:15,0.4052508
2022/7/21 6:30,0.336043451
2022/7/21 6:45,0.25880964
2022/7/21 7:00,0.164385634
2022/7/21 7:15,0.103009017
2022/7/21 7:30,0.074739218
2022/7/21 7:45,0.007440868
2022/7/21 8:00,0.011752062
2022/7/21 8:15,0.016512177
2022/7/21 8:30,0.018747725
2022/7/21 8:45,0.027188654
2022/7/21 9:00,0.063866446
2022/7/21 9:15,0.073550981
2022/7/21 9:30,0.029249489
2022/7/21 9:45,0
2022/7/21 10:00,0
2022/7/21 10:15,0.002434635
2022/7/21 10:30,0.011196334
2022/7/21 10:45,0.015389184
2022/7/21 11:00,0.010444052
2022/7/21 11:15,0.006917262
2022/7/21 11:30,0.006226662
2022/7/21 11:45,0.006265247
2022/7/21 12:00,0.030952838
2022/7/21 12:15,0.033023571
2022/7/21 12:30,0.037961646
2022/7/21 12:45,0.034618931
2022/7/21 13:00,0.037926161
2022/7/21 13:15,0.0366474
2022/7/21 13:30,0.032732488
2022/7/21 13:45,0.024646214
2022/7/21 14:00,0.020628748
2022/7/21 14:15,0.0297625
2022/7/21 14:30,0.032772597
2022/7/21 14:45,0.034140871
2022/7/21 15:00,0.033241123
2022/7/21 15:15,0.043851735
2022/7/21 15:30,0.083157546
2022/7/21 15:45,0.077157156
2022/7/21 16:00,0.061954729
2022/7/21 16:15,0.048905851
2022/7/21 16:30,0.040660864
2022/7/21 16:45,0.041679552
2022/7/21 17:00,0.039334826
2022/7/21 17:15,0.030214559
2022/7/21 17:30,0.036252078
2022/7/21 17:45,0.053658312
2022/7/21 18:00,0.062405794
2022/7/21 18:15,0.095516646
2022/7/21 18:30,0.166326699
2022/7/21 18:45,0.225207626
2022/7/21 19:00,0.229461051
2022/7/21 19:15,0.213835861
2022/7/21 19:30,0.152882937
2022/7/21 19:45,0.118486974
2022/7/21 20:00,0.117972514
2022/7/21 20:15,0.080774458
2022/7/21 20:30,0.081089104
2022/7/21 20:45,0.068910762
2022/7/21 21:00,0.038645891
2022/7/21 21:15,0.004721028
2022/7/21 21:30,0
2022/7/21 21:45,0.002194946
2022/7/21 22:00,0
2022/7/21 22:15,0
2022/7/21 22:30,0
2022/7/21 22:45,0.00273927
2022/7/21 23:00,0
2022/7/21 23:15,0.003346397
2022/7/21 23:30,0.026185362
2022/7/21 23:45,0
2022/7/22 0:00,0.030058188
2022/7/22 0:15,0.043971033
2022/7/22 0:30,0.068341357
2022/7/22 0:45,0.110994582
2022/7/22 1:00,0.174914502
2022/7/22 1:15,0.22469903
2022/7/22 1:30,0.243774647
2022/7/22 1:45,0.253660056
2022/7/22 2:00,0.279671769
2022/7/22 2:15,0.349789496
2022/7/22 2:30,0.51775148
2022/7/22 2:45,0.632662147
2022/7/22 3:00,0.63893488
2022/7/22 3:15,0.672294258
2022/7/22 3:30,0.762520153
2022/7/22 3:45,0.823475692
2022/7/22 4:00,0.833463096
2022/7/22 4:15,0.848056253
2022/7/22 4:30,0.86891383
2022/7/22 4:45,0.882325002
2022/7/22 5:00,0.871517154
2022/7/22 5:15,0.860276103
2022/7/22 5:30,0.823913322
2022/7/22 5:45,0.811072758
2022/7/22 6:00,0.851069942
2022/7/22 6:15,0.817075796
2022/7/22 6:30,0.690637637
2022/7/22 6:45,0.630883965
2022/7/22 7:00,0.689236534
2022/7/22 7:15,0.714125717
2022/7/22 7:30,0.677251555
2022/7/22 7:45,0.596419948
2022/7/22 8:00,0.416335228
2022/7/22 8:15,0.281430422
2022/7/22 8:30,0.236133959
2022/7/22 8:45,0.196573878
2022/7/22 9:00,0.169896069
2022/7/22 9:15,0.142442646
2022/7/22 9:30,0.12232964
2022/7/22 9:45,0.103816048
2022/7/22 10:00,0.097054547
2022/7/22 10:15,0.0752678
2022/7/22 10:30,0.070537248
2022/7/22 10:45,0.068824984
2022/7/22 11:00,0.096498894
2022/7/22 11:15,0.063651633
2022/7/22 11:30,0.064702459
2022/7/22 11:45,0.085314728
2022/7/22 12:00,0.097668546
2022/7/22 12:15,0.107070452
2022/7/22 12:30,0.07955373
2022/7/22 12:45,0.054815076
2022/7/22 13:00,0.035632708
2022/7/22 13:15,0.021827842
2022/7/22 13:30,0.018842981
2022/7/22 13:45,0.017613658
2022/7/22 14:00,0.018640077
2022/7/22 14:15,0.033313132
2022/7/22 14:30,0.061442603
2022/7/22 14:45,0.059004163
2022/7/22 15:00,0.052905391
2022/7/22 15:15,0.042745446
2022/7/22 15:30,0.024462263
2022/7/22 15:45,0.011897534
2022/7/22 16:00,0.009941931
2022/7/22 16:15,0.00772856
2022/7/22 16:30,0.007047688
2022/7/22 16:45,0.005662321
2022/7/22 17:00,0.005708786
2022/7/22 17:15,0.005756245
2022/7/22 17:30,0.005804662
2022/7/22 17:45,0.005853997
2022/7/22 18:00,0.005904206
2022/7/22 18:15,0.005955247
2022/7/22 18:30,0.006007081
2022/7/22 18:45,0.006059671
2022/7/22 19:00,0.006112992
2022/7/22 19:15,0.006167027
2022/7/22 19:30,0.006221771
2022/7/22 19:45,0.006277234
2022/7/22 20:00,0.00633344
2022/7/22 20:15,0.006899522
2022/7/22 20:30,0.008015001
2022/7/22 20:45,0.008073736
2022/7/22 21:00,0.007604634
2022/7/22 21:15,0.00662752
2022/7/22 21:30,0.006689507
2022/7/22 21:45,0.006752778
2022/7/22 22:00,0.006817436
2022/7/22 22:15,0.007194695
2022/7/22 22:30,0.007924111
2022/7/22 22:45,0.007993497
2022/7/22 23:00,0.007733762
2022/7/22 23:15,0.007164684
2022/7/22 23:30,0.007239356
2022/7/22 23:45,0.00731582
2022/7/23 0:00,0
2022/7/23 0:15,0
2022/7/23 0:30,0.016315258
2022/7/23 0:45,0.083902578
2022/7/23 1:00,0.084644887
2022/7/23 1:15,0.0783345
2022/7/23 1:30,0.084657115
2022/7/23 1:45,0.084695414
2022/7/23 2:00,0.084726872
2022/7/23 2:15,0.084612291
2022/7/23 2:30,0.077396884
2022/7/23 2:45,0.072768039
2022/7/23 3:00,0.05060747
2022/7/23 3:15,0.07611307
2022/7/23 3:30,0.079936724
2022/7/23 3:45,0.07363273
2022/7/23 4:00,0.078835968
2022/7/23 4:15,0.027380626
2022/7/23 4:30,0
2022/7/23 4:45,0
2022/7/23 5:00,0
2022/7/23 5:15,0
2022/7/23 5:30,0.083371423
2022/7/23 5:45,0.084038724
2022/7/23 6:00,0.051773905
2022/7/23 6:15,0.00878251
2022/7/23 6:30,0
2022/7/23 6:45,0
2022/7/23 7:00,0
2022/7/23 7:15,0
2022/7/23 7:30,0
2022/7/23 7:45,0
2022/7/23 8:00,0
2022/7/23 8:15,0
2022/7/23 8:30,0
2022/7/23 8:45,0
2022/7/23 9:00,0
2022/7/23 9:15,0
2022/7/23 9:30,0
2022/7/23 9:45,0
2022/7/23 10:00,0
2022/7/23 10:15,0.024822557
2022/7/23 10:30,0.103950315
2022/7/23 10:45,0.099182429
2022/7/23 11:00,0.084941574
2022/7/23 11:15,0.063153007
2022/7/23 11:30,0.047872775
2022/7/23 11:45,0.100035634
2022/7/23 12:00,0.021704307
2022/7/23 12:15,0.017834002
2022/7/23 12:30,0.015063345
2022/7/23 12:45,0.013251231
2022/7/23 13:00,0.012743926
2022/7/23 13:15,0.011802961
2022/7/23 13:30,0.01190819
2022/7/23 13:45,0.012013716
2022/7/23 14:00,0.012119445
2022/7/23 14:15,0.012225273
2022/7/23 14:30,0.012331091
2022/7/23 14:45,0.012436788
2022/7/23 15:00,0.012542257
2022/7/23 15:15,0.012647394
2022/7/23 15:30,0.012752104
2022/7/23 15:45,0.012856304
2022/7/23 16:00,0.012959923
2022/7/23 16:15,0.013062902
2022/7/23 16:30,0.013165199
2022/7/23 16:45,0.013266784
2022/7/23 17:00,0.013367638
2022/7/23 17:15,0.013467753
2022/7/23 17:30,0.01356713
2022/7/23 17:45,0.013665776
2022/7/23 18:00,0.013763701
2022/7/23 18:15,0.014790307
2022/7/23 18:30,0.017734192
2022/7/23 18:45,0.032560176
2022/7/23 19:00,0.0594794
2022/7/23 19:15,0.091702639
2022/7/23 19:30,0.183352298
2022/7/23 19:45,0.223149831
2022/7/23 20:00,0.159243798
2022/7/23 20:15,0.160876367
2022/7/23 20:30,0.293586836
2022/7/23 20:45,0.359272256
2022/7/23 21:00,0.290908274
2022/7/23 21:15,0.219173052
2022/7/23 21:30,0.140696023
2022/7/23 21:45,0.079357594
2022/7/23 22:00,0.052296972
2022/7/23 22:15,0.067811663
2022/7/23 22:30,0.168477471
2022/7/23 22:45,0.327249836
2022/7/23 23:00,0.602235646
2022/7/23 23:15,0.804719018
2022/7/23 23:30,0.862197657
2022/7/23 23:45,0.808775739
2022/7/24 0:00,0.550291477
2022/7/24 0:15,0.327330464
2022/7/24 0:30,0.200458861
2022/7/24 0:45,0.114231196
2022/7/24 1:00,0.081206925
2022/7/24 1:15,0.066962989
2022/7/24 1:30,0.156659514
2022/7/24 1:45,0.135398171
2022/7/24 2:00,0.075980373
2022/7/24 2:15,0.036797998
2022/7/24 2:30,0.038082836
2022/7/24 2:45,0.041716606
2022/7/24 3:00,0.045190581
2022/7/24 3:15,0.039682017
2022/7/24 3:30,0.035088856
2022/7/24 3:45,0.030949473
2022/7/24 4:00,0.027714535
2022/7/24 4:15,0.024300311
2022/7/24 4:30,0.020524628
2022/7/24 4:45,0.016880059
2022/7/24 5:00,0.013495023
2022/7/24 5:15,0.14091518
2022/7/24 5:30,0.396553264
2022/7/24 5:45,0.449890842
2022/7/24 6:00,0.631624125
2022/7/24 6:15,0.700177375
2022/7/24 6:30,0.550442558
2022/7/24 6:45,0.512168084
2022/7/24 7:00,0.707518578
2022/7/24 7:15,0.845149596
2022/7/24 7:30,0.867339202
2022/7/24 7:45,0.884465881
2022/7/24 8:00,0.891464286
2022/7/24 8:15,0.896438387
2022/7/24 8:30,0.897361571
2022/7/24 8:45,0.898089401
2022/7/24 9:00,0.89842441
2022/7/24 9:15,0.896416884
2022/7/24 9:30,0.889722449
2022/7/24 9:45,0.890397898
2022/7/24 10:00,0.902051084
2022/7/24 10:15,0.905986107
2022/7/24 10:30,0.909762639
2022/7/24 10:45,0.909010092
2022/7/24 11:00,0.899198704
2022/7/24 11:15,0.892002325
2022/7/24 11:30,0.890035706
2022/7/24 11:45,0.890369145
2022/7/24 12:00,0.872276044
2022/7/24 12:15,0.880450705
2022/7/24 12:30,0.886480605
2022/7/24 12:45,0.862929803
2022/7/24 13:00,0.781117276
2022/7/24 13:15,0.675307394
2022/7/24 13:30,0.523015774
2022/7/24 13:45,0.441481139
2022/7/24 14:00,0.500993174
2022/7/24 14:15,0.491310457
2022/7/24 14:30,0.338220129
2022/7/24 14:45,0.26212211
2022/7/24 15:00,0.340011867
2022/7/24 15:15,0.369294014
2022/7/24 15:30,0.30136406
2022/7/24 15:45,0.268186834
2022/7/24 16:00,0.306885894
2022/7/24 16:15,0.338785861
2022/7/24 16:30,0.354073846
2022/7/24 16:45,0.337526759
2022/7/24 17:00,0.331693798
2022/7/24 17:15,0.299177833
2022/7/24 17:30,0.21515719
2022/7/24 17:45,0.133136627
2022/7/24 18:00,0.050949561
2022/7/24 18:15,0
2022/7/24 18:30,0
2022/7/24 18:45,0
2022/7/24 19:00,0
2022/7/24 19:15,0
2022/7/24 19:30,0
2022/7/24 19:45,0
2022/7/24 20:00,0
2022/7/24 20:15,0
2022/7/24 20:30,0
2022/7/24 20:45,0
2022/7/24 21:00,0
2022/7/24 21:15,0
2022/7/24 21:30,0
2022/7/24 21:45,0
2022/7/24 22:00,0
2022/7/24 22:15,0.005526678
2022/7/24 22:30,0.022940526
2022/7/24 22:45,0.028589462
2022/7/24 23:00,0.045338304
2022/7/24 23:15,0.053799059
2022/7/24 23:30,0.045681163
2022/7/24 23:45,0.038390447
2022/7/25 0:00,0.048546172
2022/7/25 0:15,0.05197344
2022/7/25 0:30,0.073492727
2022/7/25 0:45,0.086985986
2022/7/25 1:00,0.084429727
2022/7/25 1:15,0.088236584
2022/7/25 1:30,0.104772928
2022/7/25 1:45,0.144640708
2022/7/25 2:00,0.23117516
2022/7/25 2:15,0.278903719
2022/7/25 2:30,0.249024682
2022/7/25 2:45,0.247477715
2022/7/25 3:00,0.30259933
2022/7/25 3:15,0.360812352
2022/7/25 3:30,0.425212766
2022/7/25 3:45,0.440042031
2022/7/25 4:00,0.355733622
2022/7/25 4:15,0.318640064
2022/7/25 4:30,0.375980802
2022/7/25 4:45,0.390788107
2022/7/25 5:00,0.320533047
2022/7/25 5:15,0.281460673
2022/7/25 5:30,0.304758008
2022/7/25 5:45,0.303769819
2022/7/25 6:00,0.254214683
2022/7/25 6:15,0.279402424
2022/7/25 6:30,0.454111729
2022/7/25 6:45,0.546123009
2022/7/25 7:00,0.47285043
2022/7/25 7:15,0.431722513
2022/7/25 7:30,0.454886975
2022/7/25 7:45,0.469873283
2022/7/25 8:00,0.468505957
2022/7/25 8:15,0.462952836
2022/7/25 8:30,0.449030455
2022/7/25 8:45,0.437394342
2022/7/25 9:00,0.430332838
2022/7/25 9:15,0.420198931
2022/7/25 9:30,0.403922153
2022/7/25 9:45,0.399201124
2022/7/25 10:00,0.41759352
2022/7/25 10:15,0.416858962
2022/7/25 10:30,0.377872551
2022/7/25 10:45,0.377324804
2022/7/25 11:00,0.453656698
2022/7/25 11:15,0.473831577
2022/7/25 11:30,0.381695077
2022/7/25 11:45,0.314027688
2022/7/25 12:00,0.271822243
2022/7/25 12:15,0.259248459
2022/7/25 12:30,0.257764315
2022/7/25 12:45,0.249260153
2022/7/25 13:00,0.226296075
2022/7/25 13:15,0.226288698
2022/7/25 13:30,0.27220147
2022/7/25 13:45,0.301278838
2022/7/25 14:00,0.29669226
2022/7/25 14:15,0.350337257
2022/7/25 14:30,0.52045205
2022/7/25 14:45,0.619771599
2022/7/25 15:00,0.577506754
2022/7/25 15:15,0.567645618
2022/7/25 15:30,0.622597111
2022/7/25 15:45,0.687765565
2022/7/25 16:00,0.773372004
2022/7/25 16:15,0.812178454
2022/7/25 16:30,0.75252056
2022/7/25 16:45,0.668368532
2022/7/25 17:00,0.554934612
2022/7/25 17:15,0.462369799
2022/7/25 17:30,0.411542996
2022/7/25 17:45,0.362511085
2022/7/25 18:00,0.317067344
2022/7/25 18:15,0.252265306
2022/7/25 18:30,0.148743804
2022/7/25 18:45,0.072667528
2022/7/25 19:00,0.051477784
2022/7/25 19:15,0.036935534
2022/7/25 19:30,0.028128051
2022/7/25 19:45,0.013512854
2022/7/25 20:00,0.016966208
2022/7/25 20:15,0.019230482
2022/7/25 20:30,0.01911114
2022/7/25 20:45,0.018994658
2022/7/25 21:00,0.018878524
2022/7/25 21:15,0.016810502
2022/7/25 21:30,0.010833699
2022/7/25 21:45,0.006841777
2022/7/25 22:00,0.006079428
2022/7/25 22:15,0.004604131
2022/7/25 22:30,0.004583342
2022/7/25 22:45,0.007029177
2022/7/25 23:00,0.01446481
2022/7/25 23:15,0.020511088
2022/7/25 23:30,0.023776984
2022/7/25 23:45,0.02506475
2022/7/26 0:00,0.069482389
2022/7/26 0:15,0.09154791
2022/7/26 0:30,0.085304799
2022/7/26 0:45,0.079525614
2022/7/26 1:00,0.051625029
2022/7/26 1:15,0.0677141
2022/7/26 1:30,0.050275136
2022/7/26 1:45,0.057590785
2022/7/26 2:00,0.048955983
2022/7/26 2:15,0.049677133
2022/7/26 2:30,0.049064997
2022/7/26 2:45,0.056678318
2022/7/26 3:00,0.041737109
2022/7/26 3:15,0.031184935
2022/7/26 3:30,0.032404731
2022/7/26 3:45,0.030157656
2022/7/26 4:00,0.042345908
2022/7/26 4:15,0.04319718
2022/7/26 4:30,0.04408848
2022/7/26 4:45,0.042031017
2022/7/26 5:00,0.049071977
2022/7/26 5:15,0.033691243
2022/7/26 5:30,0.041584435
2022/7/26 5:45,0.033935351
2022/7/26 6:00,0.036823996
2022/7/26 6:15,0.05636225
2022/7/26 6:30,0.072448925
2022/7/26 6:45,0.064663481
2022/7/26 7:00,0.050915357
2022/7/26 7:15,0.028824579
2022/7/26 7:30,0.028945695
2022/7/26 7:45,0.034033742
2022/7/26 8:00,0.027709359
2022/7/26 8:15,0.027445609
2022/7/26 8:30,0.03035842
2022/7/26 8:45,0.035981284
2022/7/26 9:00,0.021093095
2022/7/26 9:15,0.025536215
2022/7/26 9:30,0.02278148
2022/7/26 9:45,0.022787736
2022/7/26 10:00,0.024291443
2022/7/26 10:15,0.021134496
2022/7/26 10:30,0.038529879
2022/7/26 10:45,0.064772787
2022/7/26 11:00,0.118364636
2022/7/26 11:15,0.210866685
2022/7/26 11:30,0.374569643
2022/7/26 11:45,0.501495217
2022/7/26 12:00,0.530534447
2022/7/26 12:15,0.544982327
2022/7/26 12:30,0.487113809
2022/7/26 12:45,0.401963146
2022/7/26 13:00,0.289463165
2022/7/26 13:15,0.237300859
2022/7/26 13:30,0.287726997
2022/7/26 13:45,0.35043474
2022/7/26 14:00,0.441290189
2022/7/26 14:15,0.494584167
2022/7/26 14:30,0.457365756
2022/7/26 14:45,0.471345478
2022/7/26 15:00,0.595809414
2022/7/26 15:15,0.596287277
2022/7/26 15:30,0.344032453
2022/7/26 15:45,0.223794887
2022/7/26 16:00,0.366061339
2022/7/26 16:15,0.469282839
2022/7/26 16:30,0.490317333
2022/7/26 16:45,0.493301652
2022/7/26 17:00,0.49259392
2022/7/26 17:15,0.480069898
2022/7/26 17:30,0.442039474
2022/7/26 17:45,0.37345326
2022/7/26 18:00,0.249070409
2022/7/26 18:15,0.156405302
2022/7/26 18:30,0.1319156
2022/7/26 18:45,0.122160522
2022/7/26 19:00,0.11376303
2022/7/26 19:15,0.098699077
2022/7/26 19:30,0.085843956
2022/7/26 19:45,0.064828992
2022/7/26 20:00,0.055309477
2022/7/26 20:15,0.05174121
2022/7/26 20:30,0.048443814
2022/7/26 20:45,0.055798988
2022/7/26 21:00,0.04489024
2022/7/26 21:15,0.054527922
2022/7/26 21:30,0.039037251
2022/7/26 21:45,0.02852306
2022/7/26 22:00,0.03542257
2022/7/26 22:15,0.056651945
2022/7/26 22:30,0.066579954
2022/7/26 22:45,0.061603233
2022/7/26 23:00,0.059420141
2022/7/26 23:15,0.053561295
2022/7/26 23:30,0.052714394
2022/7/26 23:45,0.041575334
2022/7/27 0:00,0.034446662
2022/7/27 0:15,0.058477191
2022/7/27 0:30,0.108429886
2022/7/27 0:45,0.132150174
2022/7/27 1:00,0.112445852
2022/7/27 1:15,0.10469158
2022/7/27 1:30,0.131755712
2022/7/27 1:45,0.182477614
2022/7/27 2:00,0.283435352
2022/7/27 2:15,0.336623524
2022/7/27 2:30,0.283578953
2022/7/27 2:45,0.234573304
2022/7/27 3:00,0.201465382
2022/7/27 3:15,0.163371536
2022/7/27 3:30,0.121288599
2022/7/27 3:45,0.083629784
2022/7/27 4:00,0.054819081
2022/7/27 4:15,0.035418854
2022/7/27 4:30,0.034839413
2022/7/27 4:45,0.034458356
2022/7/27 5:00,0.025328003
2022/7/27 5:15,0.007229235
2022/7/27 5:30,0.007244511
2022/7/27 5:45,0.01010089
2022/7/27 6:00,0.016153384
2022/7/27 6:15,0.014657564
2022/7/27 6:30,0.010141782
2022/7/27 6:45,0.00731196
2022/7/27 7:00,0.007322195
2022/7/27 7:15,0.028894897
2022/7/27 7:30,0.032095583
2022/7/27 7:45,0.034122335
2022/7/27 8:00,0.031529969
2022/7/27 8:15,0.032465703
2022/7/27 8:30,0.034297019
2022/7/27 8:45,0.035598043
2022/7/27 9:00,0.02982108
2022/7/27 9:15,0.02575769
2022/7/27 9:30,0.022535239
2022/7/27 9:45,0.020632461
2022/7/27 10:00,0.019555981
2022/7/27 10:15,0.024847581
2022/7/27 10:30,0.037842151
2022/7/27 10:45,0.039468792
2022/7/27 11:00,0.035314115
2022/7/27 11:15,0.033067899
2022/7/27 11:30,0.049532323
2022/7/27 11:45,0.060463778
2022/7/27 12:00,0.074695941
2022/7/27 12:15,0.133448241
2022/7/27 12:30,0.249010428
2022/7/27 12:45,0.308464424
2022/7/27 13:00,0.255700054
2022/7/27 13:15,0.221903191
2022/7/27 13:30,0.226038983
2022/7/27 13:45,0.239433145
2022/7/27 14:00,0.271341629
2022/7/27 14:15,0.300330244
2022/7/27 14:30,0.323476937
2022/7/27 14:45,0.352392564
2022/7/27 15:00,0.392844342
2022/7/27 15:15,0.411493243
2022/7/27 15:30,0.386535297
2022/7/27 15:45,0.364712277
2022/7/27 16:00,0.349158691
2022/7/27 16:15,0.37058705
2022/7/27 16:30,0.465979511
2022/7/27 16:45,0.525093512
2022/7/27 17:00,0.511651307
2022/7/27 17:15,0.561529859
2022/7/27 17:30,0.738050954
2022/7/27 17:45,0.859093493
2022/7/27 18:00,0.869180069
2022/7/27 18:15,0.879172752
2022/7/27 18:30,0.888978714
2022/7/27 18:45,0.890854943
2022/7/27 19:00,0.876872528
2022/7/27 19:15,0.866940792
2022/7/27 19:30,0.865110873
2022/7/27 19:45,0.859845837
2022/7/27 20:00,0.847710612
2022/7/27 20:15,0.83279284
2022/7/27 20:30,0.812309586
2022/7/27 20:45,0.802915975
2022/7/27 21:00,0.815700859
2022/7/27 21:15,0.835073038
2022/7/27 21:30,0.867618651
2022/7/27 21:45,0.862717377
2022/7/27 22:00,0.782920851
2022/7/27 22:15,0.699876856
2022/7/27 22:30,0.610336163
2022/7/27 22:45,0.541737539
2022/7/27 23:00,0.515021029
2022/7/27 23:15,0.499124172
2022/7/27 23:30,0.504864338
2022/7/27 23:45,0.491700867
2022/7/28 0:00,0.431461963
2022/7/28 0:15,0.413680373
2022/7/28 0:30,0.453602918
2022/7/28 0:45,0.512244066
2022/7/28 1:00,0.608830498
2022/7/28 1:15,0.67981153
2022/7/28 1:30,0.733973067
2022/7/28 1:45,0.772425106
2022/7/28 2:00,0.743499623
2022/7/28 2:15,0.732825228
2022/7/28 2:30,0.753562321
2022/7/28 2:45,0.775237241
2022/7/28 3:00,0.798545448
2022/7/28 3:15,0.797864439
2022/7/28 3:30,0.749619925
2022/7/28 3:45,0.71428932
2022/7/28 4:00,0.72531944
2022/7/28 4:15,0.724021433
2022/7/28 4:30,0.709235995
2022/7/28 4:45,0.677277795
2022/7/28 5:00,0.61569777
2022/7/28 5:15,0.560099649
2022/7/28 5:30,0.537394462
2022/7/28 5:45,0.485120764
2022/7/28 6:00,0.359050434
2022/7/28 6:15,0.260271914
2022/7/28 6:30,0.225829849
2022/7/28 6:45,0.180795324
2022/7/28 7:00,0.113019036
2022/7/28 7:15,0.073766331
2022/7/28 7:30,0.051015122
2022/7/28 7:45,0.017377075
2022/7/28 8:00,0.017387375
2022/7/28 8:15,0.052906105
2022/7/28 8:30,0.128756414
2022/7/28 8:45,0.263616418
2022/7/28 9:00,0.472643269
2022/7/28 9:15,0.685286812
2022/7/28 9:30,0.841258289
2022/7/28 9:45,0.923444477
2022/7/28 10:00,0.911872898
2022/7/28 10:15,0.905782082
2022/7/28 10:30,0.91949062
2022/7/28 10:45,0.909522838
2022/7/28 11:00,0.862939458
2022/7/28 11:15,0.841977327
2022/7/28 11:30,0.574696981
2022/7/28 11:45,0.277526803
2022/7/28 12:00,0.807437665
2022/7/28 12:15,0.74725743
2022/7/28 12:30,0.550101743
2022/7/28 12:45,0.399543013
2022/7/28 13:00,0.304744497
2022/7/28 13:15,0.218528832
2022/7/28 13:30,0.132057879
2022/7/28 13:45,0.119329049
2022/7/28 14:00,0.255607243
2022/7/28 14:15,0.381853101
2022/7/28 14:30,0.474479638
2022/7/28 14:45,0.491987224
2022/7/28 15:00,0.336343861
2022/7/28 15:15,0.218324085
2022/7/28 15:30,0.169716682
2022/7/28 15:45,0.135847137
2022/7/28 16:00,0.10160552
2022/7/28 16:15,0.064895701
2022/7/28 16:30,0.023253233
2022/7/28 16:45,0.005949147
2022/7/28 17:00,0.037325375
2022/7/28 17:15,0.053986183
2022/7/28 17:30,0.041219394
2022/7/28 17:45,0.031672353
2022/7/28 18:00,0.028567628
2022/7/28 18:15,0.031813776
2022/7/28 18:30,0.047763946
2022/7/28 18:45,0.058356533
2022/7/28 19:00,0.035610516
2022/7/28 19:15,0
2022/7/28 19:30,0
2022/7/28 19:45,0.001898373
2022/7/28 20:00,0.025582487
2022/7/28 20:15,0.034461268
2022/7/28 20:30,0.061338915
2022/7/28 20:45,0.074753449
2022/7/28 21:00,0.061240658
2022/7/28 21:15,0.055982298
2022/7/28 21:30,0.067231386
2022/7/28 21:45,0.070645086
2022/7/28 22:00,0.05838656
2022/7/28 22:15,0.04857576
2022/7/28 22:30,0.04365922
2022/7/28 22:45,0.031501262
2022/7/28 23:00,0.004859788
2022/7/28 23:15,0
2022/7/28 23:30,0
2022/7/28 23:45,0
2022/7/29 0:00,0
2022/7/29 0:15,0
2022/7/29 0:30,0
2022/7/29 0:45,0.003750655
2022/7/29 1:00,0.07212265
2022/7/29 1:15,0.092912457
2022/7/29 1:30,0.092799659
2022/7/29 1:45,0.092618832
2022/7/29 2:00,0.091901588
2022/7/29 2:15,0.063524186
2022/7/29 2:30,0.020863453
2022/7/29 2:45,0
2022/7/29 3:00,0
2022/7/29 3:15,0
2022/7/29 3:30,0
2022/7/29 3:45,0
2022/7/29 4:00,0
2022/7/29 4:15,0.028782235
2022/7/29 4:30,0.094933581
2022/7/29 4:45,0.069043674
2022/7/29 5:00,0.06191123
2022/7/29 5:15,0.087703891
2022/7/29 5:30,0.121218719
2022/7/29 5:45,0.132160821
2022/7/29 6:00,0.117862457
2022/7/29 6:15,0.130955947
2022/7/29 6:30,0.199005664
2022/7/29 6:45,0.218644262
2022/7/29 7:00,0.141519331
2022/7/29 7:15,0.077818908
2022/7/29 7:30,0.10175509
2022/7/29 7:45,0.101521282
2022/7/29 8:00,0.15284533
2022/7/29 8:15,0.146870608
2022/7/29 8:30,0.047945996
2022/7/29 8:45,0.082052237
2022/7/29 9:00,0.098675847
2022/7/29 9:15,0.100299033
2022/7/29 9:30,0.130957589
2022/7/29 9:45,0.120781632
2022/7/29 10:00,0.114668924
2022/7/29 10:15,0.106950578
2022/7/29 10:30,0.067212744
2022/7/29 10:45,0.056618502
2022/7/29 11:00,0.067617804
2022/7/29 11:15,0.085573414
2022/7/29 11:30,0.132508072
2022/7/29 11:45,0.124311719
2022/7/29 12:00,0.026352986
2022/7/29 12:15,0.029658935
2022/7/29 12:30,0.104189464
2022/7/29 12:45,0.130822722
2022/7/29 13:00,0.061660604
2022/7/29 13:15,0.01736423
2022/7/29 13:30,0.022798367
2022/7/29 13:45,0.02164418
2022/7/29 14:00,0.007312178
2022/7/29 14:15,0.051160381
2022/7/29 14:30,0.075720555
2022/7/29 14:45,0.123888852
2022/7/29 15:00,0.109193184
2022/7/29 15:15,0.062924469
2022/7/29 15:30,0.085376151
2022/7/29 15:45,0.102860013
2022/7/29 16:00,0.120664374
2022/7/29 16:15,0.127555682
2022/7/29 16:30,0.131071703
2022/7/29 16:45,0.190239635
2022/7/29 17:00,0.320708479
2022/7/29 17:15,0.417598048
2022/7/29 17:30,0.519771333
2022/7/29 17:45,0.618129632
2022/7/29 18:00,0.690161495
2022/7/29 18:15,0.777988564
2022/7/29 18:30,0.809839578
2022/7/29 18:45,0.800146723
2022/7/29 19:00,0.698106497
2022/7/29 19:15,0.624182483
2022/7/29 19:30,0.572450208
2022/7/29 19:45,0.50946386
2022/7/29 20:00,0.440840953
2022/7/29 20:15,0.375662975
2022/7/29 20:30,0.386857868
2022/7/29 20:45,0.358252696
2022/7/29 21:00,0.360118433
2022/7/29 21:15,0.327111565
2022/7/29 21:30,0.346135131
2022/7/29 21:45,0.346157191
2022/7/29 22:00,0.28439462
2022/7/29 22:15,0.240789391
2022/7/29 22:30,0.282882467
2022/7/29 22:45,0.224563109
2022/7/29 23:00,0.256174129
2022/7/29 23:15,0.213152006
2022/7/29 23:30,0.218334256
2022/7/29 23:45,0.181149423
2022/7/30 0:00,0.230382821
2022/7/30 0:15,0.253709274
2022/7/30 0:30,0.23275288
2022/7/30 0:45,0.235241177
2022/7/30 1:00,0.281592899
2022/7/30 1:15,0.293776781
2022/7/30 1:30,0.217574512
2022/7/30 1:45,0.178444839
2022/7/30 2:00,0.169434892
2022/7/30 2:15,0.155791943
2022/7/30 2:30,0.120713722
2022/7/30 2:45,0.099918738
2022/7/30 3:00,0.101015503
2022/7/30 3:15,0.102689882
2022/7/30 3:30,0.103556013
2022/7/30 3:45,0.100071265
2022/7/30 4:00,0.103433656
2022/7/30 4:15,0.104126862
2022/7/30 4:30,0.102340183
2022/7/30 4:45,0.103817199
2022/7/30 5:00,0.104422806
2022/7/30 5:15,0.102493666
2022/7/30 5:30,0.102305825
2022/7/30 5:45,0.10265103
2022/7/30 6:00,0.104621773
2022/7/30 6:15,0.123828549
2022/7/30 6:30,0.201952126
2022/7/30 6:45,0.250873843
2022/7/30 7:00,0.27671646
2022/7/30 7:15,0.301881187
2022/7/30 7:30,0.402118099
2022/7/30 7:45,0.486958935
2022/7/30 8:00,0.56453244
2022/7/30 8:15,0.648310518
2022/7/30 8:30,0.694458518
2022/7/30 8:45,0.671563922
2022/7/30 9:00,0.512769746
2022/7/30 9:15,0.423417198
2022/7/30 9:30,0.492826198
2022/7/30 9:45,0.524442722
2022/7/30 10:00,0.361644382
2022/7/30 10:15,0.082608067
2022/7/30 10:30,0.16630396
2022/7/30 10:45,0.23235282
2022/7/30 11:00,0.463954254
2022/7/30 11:15,0.566491653
2022/7/30 11:30,0.41052821
2022/7/30 11:45,0.284945344
2022/7/30 12:00,0.249746182
2022/7/30 12:15,0.208820072
2022/7/30 12:30,0.196832868
2022/7/30 12:45,0.193347941
2022/7/30 13:00,0.218802811
2022/7/30 13:15,0.221378619
2022/7/30 13:30,0.159245654
2022/7/30 13:45,0.026503759
2022/7/30 14:00,0.016969946
2022/7/30 14:15,0.056827449
2022/7/30 14:30,0.157504996
2022/7/30 14:45,0.170110981
2022/7/30 15:00,0.201785613
2022/7/30 15:15,0.217864895
2022/7/30 15:30,0.252115761
2022/7/30 15:45,0.257106715
2022/7/30 16:00,0.221522917
2022/7/30 16:15,0.238072592
2022/7/30 16:30,0.338499032
2022/7/30 16:45,0.398615618
2022/7/30 17:00,0.353173452
2022/7/30 17:15,0.29417425
2022/7/30 17:30,0.256974854
2022/7/30 17:45,0.22894149
2022/7/30 18:00,0.246530381
2022/7/30 18:15,0.280564816
2022/7/30 18:30,0.346221673
2022/7/30 18:45,0.447485979
2022/7/30 19:00,0.634789292
2022/7/30 19:15,0.675447092
2022/7/30 19:30,0.361082406
2022/7/30 19:45,0.175318443
2022/7/30 20:00,0.158502836
2022/7/30 20:15,0.232288169
2022/7/30 20:30,0.237631778
2022/7/30 20:45,0.22238052
2022/7/30 21:00,0.221499999
2022/7/30 21:15,0.272327965
2022/7/30 21:30,0.339140698
2022/7/30 21:45,0.321931587
2022/7/30 22:00,0.251277775
2022/7/30 22:15,0.218777892
2022/7/30 22:30,0.242012101
2022/7/30 22:45,0.225775376
2022/7/30 23:00,0.158022513
2022/7/30 23:15,0.111981798
2022/7/30 23:30,0.057891451
2022/7/30 23:45,0.047070727
2022/7/31 0:00,0.053899299
2022/7/31 0:15,0.059280077
2022/7/31 0:30,0.052971964
2022/7/31 0:45,0.069040551
2022/7/31 1:00,0.10625824
2022/7/31 1:15,0.139303968
2022/7/31 1:30,0.166183532
2022/7/31 1:45,0.177297243
2022/7/31 2:00,0.174864396
2022/7/31 2:15,0.176260332
2022/7/31 2:30,0.200673129
2022/7/31 2:45,0.208793154
2022/7/31 3:00,0.157461008
2022/7/31 3:15,0.136019685
2022/7/31 3:30,0.135662426
2022/7/31 3:45,0.131907155
2022/7/31 4:00,0.14030274
2022/7/31 4:15,0.128932039
2022/7/31 4:30,0.129264673
2022/7/31 4:45,0.12384868
2022/7/31 5:00,0.10306982
2022/7/31 5:15,0.105141054
2022/7/31 5:30,0.138628938
2022/7/31 5:45,0.203815156
2022/7/31 6:00,0.32480491
2022/7/31 6:15,0.409553563
2022/7/31 6:30,0.422715313
2022/7/31 6:45,0.411453374
2022/7/31 7:00,0.357697993
2022/7/31 7:15,0.354880427
2022/7/31 7:30,0.452521017
2022/7/31 7:45,0.494865025
2022/7/31 8:00,0.387139738
2022/7/31 8:15,0.360537849
2022/7/31 8:30,0.476663467
2022/7/31 8:45,0.534046728
2022/7/31 9:00,0.460646499
2022/7/31 9:15,0.433086077
2022/7/31 9:30,0.498709285
2022/7/31 9:45,0.508437044
2022/7/31 10:00,0.379410516
2022/7/31 10:15,0.294589872
2022/7/31 10:30,0.294591698
2022/7/31 10:45,0.321605198
2022/7/31 11:00,0.401942919
2022/7/31 11:15,0.449259425
2022/7/31 11:30,0.430533796
2022/7/31 11:45,0.412247168
2022/7/31 12:00,0.434644578
2022/7/31 12:15,0.419972126
2022/7/31 12:30,0.410486012
2022/7/31 12:45,0.41423347
2022/7/31 13:00,0.444449348
2022/7/31 13:15,0.429504482
2022/7/31 13:30,0.324239718
2022/7/31 13:45,0.268115906
2022/7/31 14:00,0.310275897
2022/7/31 14:15,0.362848829
2022/7/31 14:30,0.436190597
2022/7/31 14:45,0.535157409
2022/7/31 15:00,0.685376602
2022/7/31 15:15,0.697768412
2022/7/31 15:30,0.434507757
2022/7/31 15:45,0.235413554
2022/7/31 16:00,0.164654408
2022/7/31 16:15,0.117464827
2022/7/31 16:30,0.117416235
2022/7/31 16:45,0.117826187
2022/7/31 17:00,0.115541695
2022/7/31 17:15,0.101088314
2022/7/31 17:30,0.076986854
2022/7/31 17:45,0.057887335
2022/7/31 18:00,0.048792197
2022/7/31 18:15,0.04968779
2022/7/31 18:30,0.066484286
2022/7/31 18:45,0.069957368
2022/7/31 19:00,0.062573192
2022/7/31 19:15,0.060278655
2022/7/31 19:30,0.068163034
2022/7/31 19:45,0.086236374
2022/7/31 20:00,0.108818562
2022/7/31 20:15,0.131248208
2022/7/31 20:30,0.218978471
2022/7/31 20:45,0.33107298
2022/7/31 21:00,0.49189591
2022/7/31 21:15,0.583526569
2022/7/31 21:30,0.53397012
2022/7/31 21:45,0.521573676
2022/7/31 22:00,0.583378767
2022/7/31 22:15,0.581359375
2022/7/31 22:30,0.49700783
2022/7/31 22:45,0.423597002
2022/7/31 23:00,0.372067427
2022/7/31 23:15,0.331123331
2022/7/31 23:30,0.311349655
2022/7/31 23:45,0.262599269
2022/8/1 0:00,0.14419091
2022/8/1 0:15,0.091668038
2022/8/1 0:30,0.137753038
2022/8/1 0:45,0.171411597
2022/8/1 1:00,0.180147428
2022/8/1 1:15,0.196790508
2022/8/1 1:30,0.229458489
2022/8/1 1:45,0.248451599
2022/8/1 2:00,0.24009244
2022/8/1 2:15,0.247484262
2022/8/1 2:30,0.286375398
2022/8/1 2:45,0.312937418
2022/8/1 3:00,0.314838563
2022/8/1 3:15,0.297906695
2022/8/1 3:30,0.243306261
2022/8/1 3:45,0.203869408
2022/8/1 4:00,0.194757343
2022/8/1 4:15,0.180856334
2022/8/1 4:30,0.157375268
2022/8/1 4:45,0.133944381
2022/8/1 5:00,0.110611907
2022/8/1 5:15,0.093816382
2022/8/1 5:30,0.090093032
2022/8/1 5:45,0.079119455
2022/8/1 6:00,0.053643922
2022/8/1 6:15,0.033789325
2022/8/1 6:30,0.025175315
2022/8/1 6:45,0.038181415
2022/8/1 7:00,0.093129814
2022/8/1 7:15,0.131357601
2022/8/1 7:30,0.106805102
2022/8/1 7:45,0.041846445
2022/8/1 8:00,0.034591606
2022/8/1 8:15,0.034706451
2022/8/1 8:30,0.049560219
2022/8/1 8:45,0.063492471
2022/8/1 9:00,0.069488138
2022/8/1 9:15,0.058261177
2022/8/1 9:30,0.039093409
2022/8/1 9:45,0.026494834
2022/8/1 10:00,0.023802794
2022/8/1 10:15,0.069956076
2022/8/1 10:30,0.170032403
2022/8/1 10:45,0.187120474
2022/8/1 11:00,0.21543691
2022/8/1 11:15,0.243758252
2022/8/1 11:30,0.272090694
2022/8/1 11:45,0.281757026
2022/8/1 12:00,0.227463654
2022/8/1 12:15,0.218452457
2022/8/1 12:30,0.178907654
2022/8/1 12:45,0.147433906
2022/8/1 13:00,0.132104726
2022/8/1 13:15,0.119005361
2022/8/1 13:30,0.110367981
2022/8/1 13:45,0.106325442
2022/8/1 14:00,0.111474913
2022/8/1 14:15,0.122042123
2022/8/1 14:30,0.143447168
2022/8/1 14:45,0.162214931
2022/8/1 15:00,0.17571056
2022/8/1 15:15,0.185548338
2022/8/1 15:30,0.187607254
2022/8/1 15:45,0.206044331
2022/8/1 16:00,0.25904386
2022/8/1 16:15,0.293583184
2022/8/1 16:30,0.291204729
2022/8/1 16:45,0.30561886
2022/8/1 17:00,0.353620773
2022/8/1 17:15,0.408460442
2022/8/1 17:30,0.473450015
2022/8/1 17:45,0.523960387
2022/8/1 18:00,0.559864061
2022/8/1 18:15,0.546470014
2022/8/1 18:30,0.434482695
2022/8/1 18:45,0.35102054
2022/8/1 19:00,0.324610648
2022/8/1 19:15,0.313155035
2022/8/1 19:30,0.331609674
2022/8/1 19:45,0.333272904
2022/8/1 20:00,0.301354795
2022/8/1 20:15,0.251171933
2022/8/1 20:30,0.164460891
2022/8/1 20:45,0.119645169
2022/8/1 21:00,0.158621344
2022/8/1 21:15,0.18616568
2022/8/1 21:30,0.190847625
2022/8/1 21:45,0.237316676
2022/8/1 22:00,0.367361348
2022/8/1 22:15,0.479724355
2022/8/1 22:30,0.556725648
2022/8/1 22:45,0.611818907
2022/8/1 23:00,0.62309797
2022/8/1 23:15,0.591552506
2022/8/1 23:30,0.474360132
2022/8/1 23:45,0.375657293
2022/8/2 0:00,0.316593344
2022/8/2 0:15,0.281687557
2022/8/2 0:30,0.304614053
2022/8/2 0:45,0.335682434
2022/8/2 1:00,0.383035712
2022/8/2 1:15,0.421045745
2022/8/2 1:30,0.44037057
2022/8/2 1:45,0.455721149
2022/8/2 2:00,0.463124606
2022/8/2 2:15,0.473447435
2022/8/2 2:30,0.489610398
2022/8/2 2:45,0.51685787
2022/8/2 3:00,0.566275676
2022/8/2 3:15,0.592354153
2022/8/2 3:30,0.571755101
2022/8/2 3:45,0.565522796
2022/8/2 4:00,0.588024796
2022/8/2 4:15,0.606934843
2022/8/2 4:30,0.618661329
2022/8/2 4:45,0.634909481
2022/8/2 5:00,0.660200682
2022/8/2 5:15,0.673498623
2022/8/2 5:30,0.662808999
2022/8/2 5:45,0.656535551
2022/8/2 6:00,0.659092572
2022/8/2 6:15,0.646900776
2022/8/2 6:30,0.605208635
2022/8/2 6:45,0.566408976
2022/8/2 7:00,0.533390831
2022/8/2 7:15,0.549019049
2022/8/2 7:30,0.661710849
2022/8/2 7:45,0.744838804
2022/8/2 8:00,0.768704403
2022/8/2 8:15,0.773358998
2022/8/2 8:30,0.743711955
2022/8/2 8:45,0.716019736
2022/8/2 9:00,0.691823051
2022/8/2 9:15,0.700327464
2022/8/2 9:30,0.774128292
2022/8/2 9:45,0.805004902
2022/8/2 10:00,0.750679149
2022/8/2 10:15,0.706597106
2022/8/2 10:30,0.683001467
2022/8/2 10:45,0.667663601
2022/8/2 11:00,0.668841221
2022/8/2 11:15,0.661248287
2022/8/2 11:30,0.634979491
2022/8/2 11:45,0.612377647
2022/8/2 12:00,0.602518954
2022/8/2 12:15,0.619046575
2022/8/2 12:30,0.690334191
2022/8/2 12:45,0.71199605
2022/8/2 13:00,0.634407485
2022/8/2 13:15,0.556597101
2022/8/2 13:30,0.478343983
2022/8/2 13:45,0.42753883
2022/8/2 14:00,0.428683629
2022/8/2 14:15,0.436668749
2022/8/2 14:30,0.460078095
2022/8/2 14:45,0.483583948
2022/8/2 15:00,0.51696726
2022/8/2 15:15,0.566653482
2022/8/2 15:30,0.648928929
2022/8/2 15:45,0.686455075
2022/8/2 16:00,0.640708126
2022/8/2 16:15,0.579750912
2022/8/2 16:30,0.503389607
2022/8/2 16:45,0.444482308
2022/8/2 17:00,0.307594287
2022/8/2 17:15,0.285177162
2022/8/2 17:30,0.7810852
2022/8/2 17:45,0.769779122
2022/8/2 18:00,0.737230173
2022/8/2 18:15,0.72915409
2022/8/2 18:30,0.764632629
2022/8/2 18:45,0.79360297
2022/8/2 19:00,0.815119296
2022/8/2 19:15,0.811061809
2022/8/2 19:30,0.760046354
2022/8/2 19:45,0.718950714
2022/8/2 20:00,0.709150997
2022/8/2 20:15,0.728530382
2022/8/2 20:30,0.797608302
2022/8/2 20:45,0.832444702
2022/8/2 21:00,0.827224312
2022/8/2 21:15,0.817197418
2022/8/2 21:30,0.809888459
2022/8/2 21:45,0.793078079
2022/8/2 22:00,0.801159878
2022/8/2 22:15,0.817988774
2022/8/2 22:30,0.566266671
2022/8/2 22:45,0.257373088
2022/8/2 23:00,0.677329576
2022/8/2 23:15,0.697098332
2022/8/2 23:30,0.762619691
2022/8/2 23:45,0.722867174
2022/8/3 0:00,0.490396846
2022/8/3 0:15,0.400379075
2022/8/3 0:30,0.54134935
2022/8/3 0:45,0.628888845
2022/8/3 1:00,0.598555668
2022/8/3 1:15,0.570682447
2022/8/3 1:30,0.539947156
2022/8/3 1:45,0.513646884
2022/8/3 2:00,0.507208411
2022/8/3 2:15,0.507220089
2022/8/3 2:30,0.520097288
2022/8/3 2:45,0.54649093
2022/8/3 3:00,0.599917416
2022/8/3 3:15,0.637705456
2022/8/3 3:30,0.644217047
2022/8/3 3:45,0.647372287
2022/8/3 4:00,0.643815626
2022/8/3 4:15,0.602604164
2022/8/3 4:30,0.48599267
2022/8/3 4:45,0.479225405
2022/8/3 5:00,0.698481662
2022/8/3 5:15,0.814724876
2022/8/3 5:30,0.727624418
2022/8/3 5:45,0.68043374
2022/8/3 6:00,0.722221441
2022/8/3 6:15,0.730896877
2022/8/3 6:30,0.672017668
2022/8/3 6:45,0.632493117
2022/8/3 7:00,0.631677041
2022/8/3 7:15,0.626432066
2022/8/3 7:30,0.612327692
2022/8/3 7:45,0.640355524
2022/8/3 8:00,0.752645385
2022/8/3 8:15,0.82091402
2022/8/3 8:30,0.801137043
2022/8/3 8:45,0.796806739
2022/8/3 9:00,0.823365905
2022/8/3 9:15,0.822966624
2022/8/3 9:30,0.768645941
2022/8/3 9:45,0.739822628
2022/8/3 10:00,0.761989026
2022/8/3 10:15,0.759985949
2022/8/3 10:30,0.709638495
2022/8/3 10:45,0.663115004
2022/8/3 11:00,0.624233736
2022/8/3 11:15,0.591308593
2022/8/3 11:30,0.57028985
2022/8/3 11:45,0.577512859
2022/8/3 12:00,0.739266612
2022/8/3 12:15,0.755185423
2022/8/3 12:30,0.71531047
2022/8/3 12:45,0.734440528
2022/8/3 13:00,0.861334301
2022/8/3 13:15,0.900075573
2022/8/3 13:30,0.804782651
2022/8/3 13:45,0.72158522
2022/8/3 14:00,0.717754806
2022/8/3 14:15,0.629769377
2022/8/3 14:30,0.374584426
2022/8/3 14:45,0.325161973
2022/8/3 15:00,0.689927591
2022/8/3 15:15,0.935542804
2022/8/3 15:30,0.905450812
2022/8/3 15:45,0.900083683
2022/8/3 16:00,0.933834759
2022/8/3 16:15,0.942077767
2022/8/3 16:30,0.939925979
2022/8/3 16:45,0.829848227
2022/8/3 17:00,0.485300297
2022/8/3 17:15,0.258592195
2022/8/3 17:30,0.187532673
2022/8/3 17:45,0.339537485
2022/8/3 18:00,0.917930566
2022/8/3 18:15,0.887723951
2022/8/3 18:30,0.795584555
2022/8/3 18:45,0.756500728
2022/8/3 19:00,0.766221163
2022/8/3 19:15,0.782226714
2022/8/3 19:30,0.795749657
2022/8/3 19:45,0.798210043
2022/8/3 20:00,0.819192147
2022/8/3 20:15,0.807369908
2022/8/3 20:30,0.712658414
2022/8/3 20:45,0.674112404
2022/8/3 21:00,0.701775522
2022/8/3 21:15,0.667632723
2022/8/3 21:30,0.530010254
2022/8/3 21:45,0.45378975
2022/8/3 22:00,0.494625355
2022/8/3 22:15,0.558418851
2022/8/3 22:30,0.666540165
2022/8/3 22:45,0.745403789
2022/8/3 23:00,0.773426061
2022/8/3 23:15,0.783170399
2022/8/3 23:30,0.767815878
2022/8/3 23:45,0.716505346
2022/8/4 0:00,0.581103982
2022/8/4 0:15,0.471084344
2022/8/4 0:30,0.397933451
2022/8/4 0:45,0.423257377
2022/8/4 1:00,0.645530477
2022/8/4 1:15,0.78474682
2022/8/4 1:30,0.75784853
2022/8/4 1:45,0.737786515
2022/8/4 2:00,0.731395283
2022/8/4 2:15,0.718294505
2022/8/4 2:30,0.69177235
2022/8/4 2:45,0.672852859
2022/8/4 3:00,0.668828076
2022/8/4 3:15,0.64822598
2022/8/4 3:30,0.595935634
2022/8/4 3:45,0.595792768
2022/8/4 4:00,0.699942551
2022/8/4 4:15,0.760764924
2022/8/4 4:30,0.734930691
2022/8/4 4:45,0.719373841
2022/8/4 5:00,0.724370675
2022/8/4 5:15,0.740807004
2022/8/4 5:30,0.78012203
2022/8/4 5:45,0.792687237
2022/8/4 6:00,0.751753296
2022/8/4 6:15,0.721171431
2022/8/4 6:30,0.710668304
2022/8/4 6:45,0.714211525
2022/8/4 7:00,0.748296455
2022/8/4 7:15,0.771013306
2022/8/4 7:30,0.522716503
2022/8/4 7:45,0.301156072
2022/8/4 8:00,0.851210478
2022/8/4 8:15,0.848059035
2022/8/4 8:30,0.838651186
2022/8/4 8:45,0.839448692
2022/8/4 9:00,0.860659299
2022/8/4 9:15,0.874787288
2022/8/4 9:30,0.591806839
2022/8/4 9:45,0.306912654
2022/8/4 10:00,0.868901577
2022/8/4 10:15,0.872160285
2022/8/4 10:30,0.882014385
2022/8/4 10:45,0.892037908
2022/8/4 11:00,0.901913337
2022/8/4 11:15,0.760732819
2022/8/4 11:30,0.319630122
2022/8/4 11:45,0.095360734
2022/8/4 12:00,0.34877878
2022/8/4 12:15,0.554537594
2022/8/4 12:30,0.738946472
2022/8/4 12:45,0.872857713
2022/8/4 13:00,0.905773486
2022/8/4 13:15,0.920067885
2022/8/4 13:30,0.897118964
2022/8/4 13:45,0.868981267
2022/8/4 14:00,0.830465065
2022/8/4 14:15,0.803433613
2022/8/4 14:30,0.799370325
2022/8/4 14:45,0.822212873
2022/8/4 15:00,0.898865353
2022/8/4 15:15,0.936258605
2022/8/4 15:30,0.895131251
2022/8/4 15:45,0.837670471
2022/8/4 16:00,0.747540284
2022/8/4 16:15,0.665851331
2022/8/4 16:30,0.601041927
2022/8/4 16:45,0.573218727
2022/8/4 17:00,0.61936473
2022/8/4 17:15,0.644369851
2022/8/4 17:30,0.620066009
2022/8/4 17:45,0.632500344
2022/8/4 18:00,0.714701021
2022/8/4 18:15,0.732812885
2022/8/4 18:30,0.749951399
2022/8/4 18:45,0.751636481
2022/8/4 19:00,0.722411711
2022/8/4 19:15,0.688186557
2022/8/4 19:30,0.64395807
2022/8/4 19:45,0.620453326
2022/8/4 20:00,0.638394024
2022/8/4 20:15,0.639560392
2022/8/4 20:30,0.607176627
2022/8/4 20:45,0.591427283
2022/8/4 21:00,0.608945884
2022/8/4 21:15,0.631842669
2022/8/4 21:30,0.665495454
2022/8/4 21:45,0.69451887
2022/8/4 22:00,0.714283645
2022/8/4 22:15,0.700881078
2022/8/4 22:30,0.621144307
2022/8/4 22:45,0.566742648
2022/8/4 23:00,0.563012009
2022/8/4 23:15,0.558849655
2022/8/4 23:30,0.553824948
2022/8/4 23:45,0.562110134
2022/8/5 0:00,0.560553839
2022/8/5 0:15,0.603437807
2022/8/5 0:30,0.639236849
2022/8/5 0:45,0.646331342
2022/8/5 1:00,0.600880713
2022/8/5 1:15,0.545380133
2022/8/5 1:30,0.469782959
2022/8/5 1:45,0.450342775
2022/8/5 2:00,0.543219801
2022/8/5 2:15,0.577384501
2022/8/5 2:30,0.494127563
2022/8/5 2:45,0.434375321
2022/8/5 3:00,0.421635126
2022/8/5 3:15,0.437120261
2022/8/5 3:30,0.505059347
2022/8/5 3:45,0.532802897
2022/8/5 4:00,0.49638913
2022/8/5 4:15,0.493448231
2022/8/5 4:30,0.557453885
2022/8/5 4:45,0.618552793
2022/8/5 5:00,0.673838286
2022/8/5 5:15,0.681093859
2022/8/5 5:30,0.592288964
2022/8/5 5:45,0.544542371
2022/8/5 6:00,0.574850688
2022/8/5 6:15,0.592735764
2022/8/5 6:30,0.601955371
2022/8/5 6:45,0.579422644
2022/8/5 7:00,0.493383361
2022/8/5 7:15,0.438049308
2022/8/5 7:30,0.444123828
2022/8/5 7:45,0.432712871
2022/8/5 8:00,0.386329269
2022/8/5 8:15,0.375573552
2022/8/5 8:30,0.436072275
2022/8/5 8:45,0.474821405
2022/8/5 9:00,0.470070467
2022/8/5 9:15,0.44893066
2022/8/5 9:30,0.395012694
2022/8/5 9:45,0.379463506
2022/8/5 10:00,0.440651864
2022/8/5 10:15,0.503944956
2022/8/5 10:30,0.571447813
2022/8/5 10:45,0.582658749
2022/8/5 11:00,0.481286327
2022/8/5 11:15,0.393001617
2022/8/5 11:30,0.330892863
2022/8/5 11:45,0.275733616
2022/8/5 12:00,0.242861167
2022/8/5 12:15,0.217955539
2022/8/5 12:30,0.182190177
2022/8/5 12:45,0.137658696
2022/8/5 13:00,0.091667352
2022/8/5 13:15,0.065420213
2022/8/5 13:30,0.052821065
2022/8/5 13:45,0.031727068
2022/8/5 14:00,0.02633734
2022/8/5 14:15,0.037901012
2022/8/5 14:30,0.055948848
2022/8/5 14:45,0.071569137
2022/8/5 15:00,0.082336152
2022/8/5 15:15,0.09049972
2022/8/5 15:30,0.093457474
2022/8/5 15:45,0.099461767
2022/8/5 16:00,0.111559552
2022/8/5 16:15,0.133462743
2022/8/5 16:30,0.174976572
2022/8/5 16:45,0.204372726
2022/8/5 17:00,0.209532834
2022/8/5 17:15,0.205332626
2022/8/5 17:30,0.200294018
2022/8/5 17:45,0.194017281
2022/8/5 18:00,0.231090343
2022/8/5 18:15,0.262485503
2022/8/5 18:30,0.28251836
2022/8/5 18:45,0.343727933
2022/8/5 19:00,0.479145882
2022/8/5 19:15,0.563622848
2022/8/5 19:30,0.518434294
2022/8/5 19:45,0.534578112
2022/8/5 20:00,0.645964013
2022/8/5 20:15,0.711330526
2022/8/5 20:30,0.784365364
2022/8/5 20:45,0.827517706
2022/8/5 21:00,0.810902067
2022/8/5 21:15,0.811086736
2022/8/5 21:30,0.844868896
2022/8/5 21:45,0.867377359
2022/8/5 22:00,0.57917455
2022/8/5 22:15,0.025961177
2022/8/5 22:30,0.053446491
2022/8/5 22:45,0.073578096
2022/8/5 23:00,0.077710296
2022/8/5 23:15,0.135164291
2022/8/5 23:30,0.303054198
2022/8/5 23:45,0.329434354
2022/8/6 0:00,0.297143759
2022/8/6 0:15,0.293016462
2022/8/6 0:30,0.22365211
2022/8/6 0:45,0.164946874
2022/8/6 1:00,0.127556024
2022/8/6 1:15,0.122611363
2022/8/6 1:30,0.182555577
2022/8/6 1:45,0.225139345
2022/8/6 2:00,0.232999062
2022/8/6 2:15,0.245310082
2022/8/6 2:30,0.266520882
2022/8/6 2:45,0.30280158
2022/8/6 3:00,0.369219582
2022/8/6 3:15,0.398099824
2022/8/6 3:30,0.3519024
2022/8/6 3:45,0.327194997
2022/8/6 4:00,0.345465871
2022/8/6 4:15,0.341102927
2022/8/6 4:30,0.29147101
2022/8/6 4:45,0.248186614
2022/8/6 5:00,0.217596392
2022/8/6 5:15,0.185401103
2022/8/6 5:30,0.149995305
2022/8/6 5:45,0.123871648
2022/8/6 6:00,0.115677644
2022/8/6 6:15,0.0954421
2022/8/6 6:30,0.053899625
2022/8/6 6:45,0.028452966
2022/8/6 7:00,0.029480225
2022/8/6 7:15,0.029733022
2022/8/6 7:30,0.02674066
2022/8/6 7:45,0.026463445
2022/8/6 8:00,0.032094606
2022/8/6 8:15,0.038420358
2022/8/6 8:30,0.047792965
2022/8/6 8:45,0.048921807
2022/8/6 9:00,0.033562722
2022/8/6 9:15,0.024167443
2022/8/6 9:30,0.026148193
2022/8/6 9:45,0.025353919
2022/8/6 10:00,0.019007888
2022/8/6 10:15,0.014804167
2022/8/6 10:30,0.014837405
2022/8/6 10:45,0.03002912
2022/8/6 11:00,0.060774036
2022/8/6 11:15,0.060815722
2022/8/6 11:30,0.045507199
2022/8/6 11:45,0.015945947
2022/8/6 12:00,0.025960743
2022/8/6 12:15,0.025992599
2022/8/6 12:30,0.028503
2022/8/6 12:45,0.046356671
2022/8/6 13:00,0.079172034
2022/8/6 13:15,0.059862128
2022/8/6 13:30,0.037770408
2022/8/6 13:45,0.033131224
2022/8/6 14:00,0.026526859
2022/8/6 14:15,0.022572861
2022/8/6 14:30,0.021962643
2022/8/6 14:45,0.021646386
2022/8/6 15:00,0.021680127
2022/8/6 15:15,0.070567623
2022/8/6 15:30,0.218114959
2022/8/6 15:45,0.304710324
2022/8/6 16:00,0.289939471
2022/8/6 16:15,0.332682734
2022/8/6 16:30,0.501628078
2022/8/6 16:45,0.559072862
2022/8/6 17:00,0.398245511
2022/8/6 17:15,0.267103662
2022/8/6 17:30,0.21626754
2022/8/6 17:45,0.19373861
2022/8/6 18:00,0.213170375
2022/8/6 18:15,0.216408577
2022/8/6 18:30,0.197018681
2022/8/6 18:45,0.175244592
2022/8/6 19:00,0.14715162
2022/8/6 19:15,0.135160559
2022/8/6 19:30,0.1315551
2022/8/6 19:45,0.125202643
2022/8/6 20:00,0.102432382
2022/8/6 20:15,0.099693564
2022/8/6 20:30,0.085857585
2022/8/6 20:45,0.063439414
2022/8/6 21:00,0.053586566
2022/8/6 21:15,0.063587565
2022/8/6 21:30,0.067603022
2022/8/6 21:45,0.042038403
2022/8/6 22:00,0.034874111
2022/8/6 22:15,0.067797558
2022/8/6 22:30,0.151274361
2022/8/6 22:45,0.148279721
2022/8/6 23:00,0.100056954
2022/8/6 23:15,0.02615367
2022/8/6 23:30,0.033718976
2022/8/6 23:45,0.025179661
2022/8/7 0:00,0.0214184
2022/8/7 0:15,0.021375259
2022/8/7 0:30,0.02133564
2022/8/7 0:45,0.021299593
2022/8/7 1:00,0.021267101
2022/8/7 1:15,0.034380787
2022/8/7 1:30,0.074333745
2022/8/7 1:45,0.10051672
2022/8/7 2:00,0.09915634
2022/8/7 2:15,0.098717168
2022/8/7 2:30,0.100117451
2022/8/7 2:45,0.110324354
2022/8/7 3:00,0.138142107
2022/8/7 3:15,0.150390529
2022/8/7 3:30,0.131498549
2022/8/7 3:45,0.107134627
2022/8/7 4:00,0.071825733
2022/8/7 4:15,0.048284475
2022/8/7 4:30,0.039149831
2022/8/7 4:45,0.021064495
2022/8/7 5:00,0.021057625
2022/8/7 5:15,0.021050384
2022/8/7 5:30,0.021042709
2022/8/7 5:45,0.021034579
2022/8/7 6:00,0.021026009
2022/8/7 6:15,0.062500263
2022/8/7 6:30,0.14581261
2022/8/7 6:45,0.134394942
2022/8/7 7:00,0.100160773
2022/8/7 7:15,0.094167586
2022/8/7 7:30,0.144656419
2022/8/7 7:45,0.18918558
2022/8/7 8:00,0.221795107
2022/8/7 8:15,0.245192447
2022/8/7 8:30,0.250164751
2022/8/7 8:45,0.235939646
2022/8/7 9:00,0.183318713
2022/8/7 9:15,0.159750007
2022/8/7 9:30,0.194284473
2022/8/7 9:45,0.252936225
2022/8/7 10:00,0.3598211
2022/8/7 10:15,0.396865934
2022/8/7 10:30,0.29422919
2022/8/7 10:45,0.261040596
2022/8/7 11:00,0.366746886
2022/8/7 11:15,0.421478829
2022/8/7 11:30,0.374260852
2022/8/7 11:45,0.330297526
2022/8/7 12:00,0.281512664
2022/8/7 12:15,0.253543112
2022/8/7 12:30,0.246091328
2022/8/7 12:45,0.227308804
2022/8/7 13:00,0.183603377
2022/8/7 13:15,0.17400675
2022/8/7 13:30,0.241917601
2022/8/7 13:45,0.303208156
2022/8/7 14:00,0.351257982
2022/8/7 14:15,0.433839571
2022/8/7 14:30,0.585483677
2022/8/7 14:45,0.660965128
2022/8/7 15:00,0.584119537
2022/8/7 15:15,0.569401599
2022/8/7 15:30,0.678394993
2022/8/7 15:45,0.640926597
2022/8/7 16:00,0.312640074
2022/8/7 16:15,0.086901356
2022/8/7 16:30,0.066255995
2022/8/7 16:45,0.0493632
2022/8/7 17:00,0.039973721
2022/8/7 17:15,0.030262641
2022/8/7 17:30,0.01996643
2022/8/7 17:45,0.013029777
2022/8/7 18:00,0.012811973
2022/8/7 18:15,0.01292423
2022/8/7 18:30,0.013697278
2022/8/7 18:45,0.014058906
2022/8/7 19:00,0.011059734
2022/8/7 19:15,0.008518933
2022/8/7 19:30,0.006897283
2022/8/7 19:45,0.011425346
2022/8/7 20:00,0.02878867
2022/8/7 20:15,0.040830655
2022/8/7 20:30,0.042233467
2022/8/7 20:45,0.055339176
2022/8/7 21:00,0.091854412
2022/8/7 21:15,0.113238422
2022/8/7 21:30,0.073261689
2022/8/7 21:45,0.009944075
2022/8/7 22:00,0.023823744
2022/8/7 22:15,0.028810688
2022/8/7 22:30,0.016015557
2022/8/7 22:45,0.009922028
2022/8/7 23:00,0.017234763
2022/8/7 23:15,0.020110684
2022/8/7 23:30,0.014115693
2022/8/7 23:45,0.012378868
2022/8/8 0:00,0
2022/8/8 0:15,0
2022/8/8 0:30,0
2022/8/8 0:45,0
2022/8/8 1:00,0
2022/8/8 1:15,0
2022/8/8 1:30,0
2022/8/8 1:45,0
2022/8/8 2:00,0
2022/8/8 2:15,0
2022/8/8 2:30,0
2022/8/8 2:45,0
2022/8/8 3:00,0
2022/8/8 3:15,0
2022/8/8 3:30,0
2022/8/8 3:45,0.012429116
2022/8/8 4:00,0.049679902
2022/8/8 4:15,0.07284719
2022/8/8 4:30,0.067844617
2022/8/8 4:45,0.056181655
2022/8/8 5:00,0.031193743
2022/8/8 5:15,0.042252599
2022/8/8 5:30,0.125399611
2022/8/8 5:45,0.154472436
2022/8/8 6:00,0.075390514
2022/8/8 6:15,0.031480371
2022/8/8 6:30,0.057906716
2022/8/8 6:45,0.09214196
2022/8/8 7:00,0.14198761
2022/8/8 7:15,0.182629443
2022/8/8 7:30,0.204856342
2022/8/8 7:45,0.223824072
2022/8/8 8:00,0.236266675
2022/8/8 8:15,0.266863
2022/8/8 8:30,0.333760881
2022/8/8 8:45,0.380419491
2022/8/8 9:00,0.273092724
2022/8/8 9:15,0.075955005
2022/8/8 9:30,0.121467236
2022/8/8 9:45,0.121833166
2022/8/8 10:00,0.158838588
2022/8/8 10:15,0.189349437
2022/8/8 10:30,0.206870653
2022/8/8 10:45,0.199070775
2022/8/8 11:00,0.140629318
2022/8/8 11:15,0.111071711
2022/8/8 11:30,0.139283166
2022/8/8 11:45,0.215346963
2022/8/8 12:00,0.408007278
2022/8/8 12:15,0.482605121
2022/8/8 12:30,0.344572333
2022/8/8 12:45,0.292947497
2022/8/8 13:00,0.414138109
2022/8/8 13:15,0.516763435
2022/8/8 13:30,0.582257768
2022/8/8 13:45,0.543415944
2022/8/8 14:00,0.295901433
2022/8/8 14:15,0.129420524
2022/8/8 14:30,0.125006504
2022/8/8 14:45,0.129952845
2022/8/8 15:00,0.153619649
2022/8/8 15:15,0.167438916
2022/8/8 15:30,0.161562905
2022/8/8 15:45,0.150204897
2022/8/8 16:00,0.12788272
2022/8/8 16:15,0.10165902
2022/8/8 16:30,0.067632091
2022/8/8 16:45,0.037939201
2022/8/8 17:00,0.016914159
2022/8/8 17:15,0.003018019
2022/8/8 17:30,0.002811073
2022/8/8 17:45,0.004914441
2022/8/8 18:00,0.011637987
2022/8/8 18:15,0.031974141
2022/8/8 18:30,0.062792037
2022/8/8 18:45,0.067483103
2022/8/8 19:00,0.089022202
2022/8/8 19:15,0.08902914
2022/8/8 19:30,0.045970726
2022/8/8 19:45,0.031575519
2022/8/8 20:00,0.07450547
2022/8/8 20:15,0.110920146
2022/8/8 20:30,0.134302766
2022/8/8 20:45,0.151871552
2022/8/8 21:00,0.15781089
2022/8/8 21:15,0.158238613
2022/8/8 21:30,0.147641025
2022/8/8 21:45,0.126979154
2022/8/8 22:00,0.086186303
2022/8/8 22:15,0.05653856
2022/8/8 22:30,0.049178264
2022/8/8 22:45,0.043424592
2022/8/8 23:00,0.040881043
2022/8/8 23:15,0.038746191
2022/8/8 23:30,0.037425295
2022/8/8 23:45,0.042275072
2022/8/9 0:00,0.088500651
2022/8/9 0:15,0.105602201
2022/8/9 0:30,0.113825123
2022/8/9 0:45,0.132253696
2022/8/9 1:00,0.140835109
2022/8/9 1:15,0.145203022
2022/8/9 1:30,0.165081227
2022/8/9 1:45,0.187213901
2022/8/9 2:00,0.173530502
2022/8/9 2:15,0.171675592
2022/8/9 2:30,0.19546663
2022/8/9 2:45,0.209072626
2022/8/9 3:00,0.209241919
2022/8/9 3:15,0.192843546
2022/8/9 3:30,0.161582276
2022/8/9 3:45,0.126234817
2022/8/9 4:00,0.09107084
2022/8/9 4:15,0.068184885
2022/8/9 4:30,0.072874737
2022/8/9 4:45,0.075521913
2022/8/9 5:00,0.063577729
2022/8/9 5:15,0.054512619
2022/8/9 5:30,0.04557081
2022/8/9 5:45,0.042606441
2022/8/9 6:00,0.042371857
2022/8/9 6:15,0.037171143
2022/8/9 6:30,0.039358435
2022/8/9 6:45,0.042867823
2022/8/9 7:00,0.055922926
2022/8/9 7:15,0.057945491
2022/8/9 7:30,0.056468602
2022/8/9 7:45,0.041284396
2022/8/9 8:00,0.049690548
2022/8/9 8:15,0.052600694
2022/8/9 8:30,0.052880988
2022/8/9 8:45,0.062953602
2022/8/9 9:00,0.085688289
2022/8/9 9:15,0.082692566
2022/8/9 9:30,0.082643341
2022/8/9 9:45,0.080529841
2022/8/9 10:00,0.065195952
2022/8/9 10:15,0.037784649
2022/8/9 10:30,0.021579151
2022/8/9 10:45,0.012938562
2022/8/9 11:00,0.017767763
2022/8/9 11:15,0.016334078
2022/8/9 11:30,0.014275919
2022/8/9 11:45,0.013011921
2022/8/9 12:00,0.011243557
2022/8/9 12:15,0.00799853
2022/8/9 12:30,0.007041607
2022/8/9 12:45,0.011103258
2022/8/9 13:00,0.021734633
2022/8/9 13:15,0.040299445
2022/8/9 13:30,0.100142882
2022/8/9 13:45,0.212479401
2022/8/9 14:00,0.430624982
2022/8/9 14:15,0.594188265
2022/8/9 14:30,0.644730102
2022/8/9 14:45,0.620117491
2022/8/9 15:00,0.445196108
2022/8/9 15:15,0.297793534
2022/8/9 15:30,0.205428554
2022/8/9 15:45,0.147564912
2022/8/9 16:00,0.158703687
2022/8/9 16:15,0.195943059
2022/8/9 16:30,0.285383077
2022/8/9 16:45,0.367097869
2022/8/9 17:00,0.43336137
2022/8/9 17:15,0.516976655
2022/8/9 17:30,0.635294419
2022/8/9 17:45,0.730213958
2022/8/9 18:00,0.778335771
2022/8/9 18:15,0.809921331
2022/8/9 18:30,0.808433003
2022/8/9 18:45,0.782985121
2022/8/9 19:00,0.709616724
2022/8/9 19:15,0.669105879
2022/8/9 19:30,0.694308784
2022/8/9 19:45,0.706960176
2022/8/9 20:00,0.694507291
2022/8/9 20:15,0.689138375
2022/8/9 20:30,0.697936272
2022/8/9 20:45,0.679977122
2022/8/9 21:00,0.608502886
2022/8/9 21:15,0.553631249
2022/8/9 21:30,0.531963938
2022/8/9 21:45,0.530285208
2022/8/9 22:00,0.568582858
2022/8/9 22:15,0.606898954
2022/8/9 22:30,0.64525123
2022/8/9 22:45,0.696332459
2022/8/9 23:00,0.772870934
2022/8/9 23:15,0.797148996
2022/8/9 23:30,0.721390112
2022/8/9 23:45,0.660391496
2022/8/10 0:00,0.631477654
2022/8/10 0:15,0.607956735
2022/8/10 0:30,0.54956795
2022/8/10 0:45,0.53059165
2022/8/10 1:00,0.517182433
2022/8/10 1:15,0.529868904
2022/8/10 1:30,0.574921789
2022/8/10 1:45,0.60742264
2022/8/10 2:00,0.579405062
2022/8/10 2:15,0.560249357
2022/8/10 2:30,0.542179956
2022/8/10 2:45,0.549361016
2022/8/10 3:00,0.557058791
2022/8/10 3:15,0.540791828
2022/8/10 3:30,0.624599126
2022/8/10 3:45,0.669012969
2022/8/10 4:00,0.765288214
2022/8/10 4:15,0.764855042
2022/8/10 4:30,0.704436524
2022/8/10 4:45,0.628536856
2022/8/10 5:00,0.517157999
2022/8/10 5:15,0.437402585
2022/8/10 5:30,0.44494956
2022/8/10 5:45,0.423262582
2022/8/10 6:00,0.321378344
2022/8/10 6:15,0.259089923
2022/8/10 6:30,0.251154017
2022/8/10 6:45,0.249586142
2022/8/10 7:00,0.204539038
2022/8/10 7:15,0.230766313
2022/8/10 7:30,0.336136265
2022/8/10 7:45,0.375382667
2022/8/10 8:00,0.209223387
2022/8/10 8:15,0.116282648
2022/8/10 8:30,0.080347913
2022/8/10 8:45,0.074489987
2022/8/10 9:00,0.045662631
2022/8/10 9:15,0.023308804
2022/8/10 9:30,0.013360406
2022/8/10 9:45,0.010917936
2022/8/10 10:00,0.018053963
2022/8/10 10:15,0.006584861
2022/8/10 10:30,0
2022/8/10 10:45,0
2022/8/10 11:00,0
2022/8/10 11:15,0.0243155
2022/8/10 11:30,0.116197258
2022/8/10 11:45,0.189937021
2022/8/10 12:00,0.256922363
2022/8/10 12:15,0.283372761
2022/8/10 12:30,0.310371154
2022/8/10 12:45,0.354095282
2022/8/10 13:00,0.431266988
2022/8/10 13:15,0.535573224
2022/8/10 13:30,0.694144929
2022/8/10 13:45,0.794136878
2022/8/10 14:00,0.776966292
2022/8/10 14:15,0.767947801
2022/8/10 14:30,0.775231298
2022/8/10 14:45,0.755118275
2022/8/10 15:00,0.680211052
2022/8/10 15:15,0.59718709
2022/8/10 15:30,0.497929672
2022/8/10 15:45,0.388727435
2022/8/10 16:00,0.259636814
2022/8/10 16:15,0.178145573
2022/8/10 16:30,0.191855531
2022/8/10 16:45,0.184988093
2022/8/10 17:00,0.136969341
2022/8/10 17:15,0.103792669
2022/8/10 17:30,0.100304445
2022/8/10 17:45,0.090004168
2022/8/10 18:00,0.066084581
2022/8/10 18:15,0.044217
2022/8/10 18:30,0.026458408
2022/8/10 18:45,0.014687507
2022/8/10 19:00,0.012108641
2022/8/10 19:15,0.010104926
2022/8/10 19:30,0.00925588
2022/8/10 19:45,0.009337633
2022/8/10 20:00,0.01126688
2022/8/10 20:15,0.012799004
2022/8/10 20:30,0.015191229
2022/8/10 20:45,0.015537925
2022/8/10 21:00,0.013464667
2022/8/10 21:15,0.011957419
2022/8/10 21:30,0.011582933
2022/8/10 21:45,0.011337119
2022/8/10 22:00,0.00931122
2022/8/10 22:15,0.058872616
2022/8/10 22:30,0.166488459
2022/8/10 22:45,0.166976976
2022/8/10 23:00,0.168413358
2022/8/10 23:15,0.167850374
2022/8/10 23:30,0.163286994
2022/8/10 23:45,0.151097173
2022/8/11 0:00,0
2022/8/11 0:15,0
2022/8/11 0:30,0
2022/8/11 0:45,0
2022/8/11 1:00,0
2022/8/11 1:15,0
2022/8/11 1:30,0
2022/8/11 1:45,0
2022/8/11 2:00,0
2022/8/11 2:15,0
2022/8/11 2:30,0
2022/8/11 2:45,0
2022/8/11 3:00,0
2022/8/11 3:15,0
2022/8/11 3:30,0.047796548
2022/8/11 3:45,0.102321978
2022/8/11 4:00,0.167412325
2022/8/11 4:15,0.195460562
2022/8/11 4:30,0.149424351
2022/8/11 4:45,0.113148326
2022/8/11 5:00,0.096392214
2022/8/11 5:15,0.085895052
2022/8/11 5:30,0.087915065
2022/8/11 5:45,0.072462237
2022/8/11 6:00,0.02206274
2022/8/11 6:15,0
2022/8/11 6:30,0
2022/8/11 6:45,0
2022/8/11 7:00,0
2022/8/11 7:15,0
2022/8/11 7:30,0
2022/8/11 7:45,0.00394698
2022/8/11 8:00,0.07188576
2022/8/11 8:15,0.055754
2022/8/11 8:30,0.016561083
2022/8/11 8:45,0
2022/8/11 9:00,0.000469736
2022/8/11 9:15,0.00498038
2022/8/11 9:30,0
2022/8/11 9:45,0
2022/8/11 10:00,0
2022/8/11 10:15,0
2022/8/11 10:30,0
2022/8/11 10:45,0
2022/8/11 11:00,0
2022/8/11 11:15,0
2022/8/11 11:30,0
2022/8/11 11:45,0
2022/8/11 12:00,0.019129698
2022/8/11 12:15,0.037959117
2022/8/11 12:30,0.092734394
2022/8/11 12:45,0.082008052
2022/8/11 13:00,0.048036776
2022/8/11 13:15,0.028628742
2022/8/11 13:30,0.022361341
2022/8/11 13:45,0.020946952
2022/8/11 14:00,0.017929179
2022/8/11 14:15,0.020673852
2022/8/11 14:30,0.01889755
2022/8/11 14:45,0.016476982
2022/8/11 15:00,0.01467289
2022/8/11 15:15,0.025052332
2022/8/11 15:30,0.018325748
2022/8/11 15:45,0.025130987
2022/8/11 16:00,0.017178912
2022/8/11 16:15,0.021661514
2022/8/11 16:30,0.013173832
2022/8/11 16:45,0.012986466
2022/8/11 17:00,0.019190325
2022/8/11 17:15,0.015334698
2022/8/11 17:30,0.0133251
2022/8/11 17:45,0.015160439
2022/8/11 18:00,0.012915384
2022/8/11 18:15,0.027448467
2022/8/11 18:30,0.015138539
2022/8/11 18:45,0.022525732
2022/8/11 19:00,0.017209802
2022/8/11 19:15,0.023322585
2022/8/11 19:30,0.021929643
2022/8/11 19:45,0.020663199
2022/8/11 20:00,0.018388929
2022/8/11 20:15,0.022910472
2022/8/11 20:30,0.020861883
2022/8/11 20:45,0.022988214
2022/8/11 21:00,0.031522761
2022/8/11 21:15,0.033435167
2022/8/11 21:30,0.031958115
2022/8/11 21:45,0.042411657
2022/8/11 22:00,0.03230094
2022/8/11 22:15,0.01466577
2022/8/11 22:30,0.020146551
2022/8/11 22:45,0.034977579
2022/8/11 23:00,0.025988482
2022/8/11 23:15,0.023895035
2022/8/11 23:30,0.017517362
2022/8/11 23:45,0.017252594
2022/8/12 0:00,0.007122886
2022/8/12 0:15,0.00828043
2022/8/12 0:30,0.011798586
2022/8/12 0:45,0.014313008
2022/8/12 1:00,0.014820664
2022/8/12 1:15,0.01413972
2022/8/12 1:30,0.011081791
2022/8/12 1:45,0.010700258
2022/8/12 2:00,0.015671187
2022/8/12 2:15,0.017651897
2022/8/12 2:30,0.013651301
2022/8/12 2:45,0.009173697
2022/8/12 3:00,0.003740736
2022/8/12 3:15,0.00010969
2022/8/12 3:30,0
2022/8/12 3:45,0
2022/8/12 4:00,0
2022/8/12 4:15,0
2022/8/12 4:30,0
2022/8/12 4:45,0
2022/8/12 5:00,0
2022/8/12 5:15,0
2022/8/12 5:30,0
2022/8/12 5:45,0
2022/8/12 6:00,0.007703788
2022/8/12 6:15,0.012959304
2022/8/12 6:30,0.009984836
2022/8/12 6:45,0.01248502
2022/8/12 7:00,0.025934155
2022/8/12 7:15,0.029835332
2022/8/12 7:30,0.014640666
2022/8/12 7:45,0.004198754
2022/8/12 8:00,0.003262821
2022/8/12 8:15,0.00242872
2022/8/12 8:30,0.001799117
2022/8/12 8:45,0.03021217
2022/8/12 9:00,0.089425878
2022/8/12 9:15,0.092748984
2022/8/12 9:30,0.067748139
2022/8/12 9:45,0.01414718
2022/8/12 10:00,0.014089349
2022/8/12 10:15,0.013563066
2022/8/12 10:30,0.01210189
2022/8/12 10:45,0.010679853
2022/8/12 11:00,0.009338323
2022/8/12 11:15,0.008056755
2022/8/12 11:30,0.006897505
2022/8/12 11:45,0.005573038
2022/8/12 12:00,0.028665186
2022/8/12 12:15,0.032145891
2022/8/12 12:30,0.04346223
2022/8/12 12:45,0.053801075
2022/8/12 13:00,0.054775757
2022/8/12 13:15,0.063221668
2022/8/12 13:30,0.118369505
2022/8/12 13:45,0.145832834
2022/8/12 14:00,0.117925446
2022/8/12 14:15,0.100155808
2022/8/12 14:30,0.102659835
2022/8/12 14:45,0.095941233
2022/8/12 15:00,0.070775356
2022/8/12 15:15,0.052709474
2022/8/12 15:30,0.048841369
2022/8/12 15:45,0.045722657
2022/8/12 16:00,0.040459739
2022/8/12 16:15,0.04972225
2022/8/12 16:30,0.08362495
2022/8/12 16:45,0.09379834
2022/8/12 17:00,0.132393171
2022/8/12 17:15,0.16967354
2022/8/12 17:30,0.204322636
2022/8/12 17:45,0.210170579
2022/8/12 18:00,0.158414087
2022/8/12 18:15,0.124838176
2022/8/12 18:30,0.127621599
2022/8/12 18:45,0.125699293
2022/8/12 19:00,0.114364052
2022/8/12 19:15,0.09831199
2022/8/12 19:30,0.072825168
2022/8/12 19:45,0.062545782
2022/8/12 20:00,0.082680488
2022/8/12 20:15,0.086562703
2022/8/12 20:30,0.057939459
2022/8/12 20:45,0.038189265
2022/8/12 21:00,0.036184959
2022/8/12 21:15,0.042098424
2022/8/12 21:30,0.06245041
2022/8/12 21:45,0.069677072
2022/8/12 22:00,0.056182329
2022/8/12 22:15,0.061476018
2022/8/12 22:30,0.104347073
2022/8/12 22:45,0.134063582
2022/8/12 23:00,0.137471804
2022/8/12 23:15,0.138248315
2022/8/12 23:30,0.13376258
2022/8/12 23:45,0.112093097
2022/8/13 0:00,0.06097941
2022/8/13 0:15,0.025909987
2022/8/13 0:30,0.038325514
2022/8/13 0:45,0.036186093
2022/8/13 1:00,0.019943364
2022/8/13 1:15,0.004795572
2022/8/13 1:30,0.005243116
2022/8/13 1:45,0.034149289
2022/8/13 2:00,0.102727129
2022/8/13 2:15,0.115126531
2022/8/13 2:30,0.1364426
2022/8/13 2:45,0.121054197
2022/8/13 3:00,0.058784694
2022/8/13 3:15,0.042809367
2022/8/13 3:30,0.051286598
2022/8/13 3:45,0.077320722
2022/8/13 4:00,0.043497487
2022/8/13 4:15,0.01329492
2022/8/13 4:30,0.022190965
2022/8/13 4:45,0.016203945
2022/8/13 5:00,0.008460462
2022/8/13 5:15,0.007576026
2022/8/13 5:30,0.002831817
2022/8/13 5:45,0.014692984
2022/8/13 6:00,0.019450661
2022/8/13 6:15,0.021375736
2022/8/13 6:30,0.012068993
2022/8/13 6:45,0.01932584
2022/8/13 7:00,0.010735792
2022/8/13 7:15,0.015793822
2022/8/13 7:30,0.020938333
2022/8/13 7:45,0.020880452
2022/8/13 8:00,0.020763061
2022/8/13 8:15,0.014961071
2022/8/13 8:30,0.022848184
2022/8/13 8:45,0.019634526
2022/8/13 9:00,0.022827667
2022/8/13 9:15,0.018942588
2022/8/13 9:30,0.007470184
2022/8/13 9:45,0.005604143
2022/8/13 10:00,0.003350311
2022/8/13 10:15,0.004855663
2022/8/13 10:30,0.008186333
2022/8/13 10:45,0.008309499
2022/8/13 11:00,0.012542796
2022/8/13 11:15,0.050425073
2022/8/13 11:30,0.117986474
2022/8/13 11:45,0.110856932
2022/8/13 12:00,0.083261227
2022/8/13 12:15,0.074741855
2022/8/13 12:30,0.077851348
2022/8/13 12:45,0.077552809
2022/8/13 13:00,0.065509723
2022/8/13 13:15,0.062544931
2022/8/13 13:30,0.050083725
2022/8/13 13:45,0.059344837
2022/8/13 14:00,0.091108585
2022/8/13 14:15,0.089354204
2022/8/13 14:30,0.062598032
2022/8/13 14:45,0.061976519
2022/8/13 15:00,0.111044968
2022/8/13 15:15,0.139651969
2022/8/13 15:30,0.133370134
2022/8/13 15:45,0.130803289
2022/8/13 16:00,0.087812481
2022/8/13 16:15,0.007575174
2022/8/13 16:30,0.013424067
2022/8/13 16:45,0.074938452
2022/8/13 17:00,0.193071983
2022/8/13 17:15,0.200211866
2022/8/13 17:30,0.230083817
2022/8/13 17:45,0.257872421
2022/8/13 18:00,0.29116204
2022/8/13 18:15,0.290667223
2022/8/13 18:30,0.15615207
2022/8/13 18:45,0.104708912
2022/8/13 19:00,0.217096321
2022/8/13 19:15,0.295878349
2022/8/13 19:30,0.292809664
2022/8/13 19:45,0.299905694
2022/8/13 20:00,0.339625471
2022/8/13 20:15,0.361598703
2022/8/13 20:30,0.314980813
2022/8/13 20:45,0.328484511
2022/8/13 21:00,0.436817125
2022/8/13 21:15,0.520063636
2022/8/13 21:30,0.544482555
2022/8/13 21:45,0.544503492
2022/8/13 22:00,0.48631647
2022/8/13 22:15,0.430662079
2022/8/13 22:30,0.385457533
2022/8/13 22:45,0.353763928
2022/8/13 23:00,0.341671281
2022/8/13 23:15,0.348808629
2022/8/13 23:30,0.374275578
2022/8/13 23:45,0.317165221
2022/8/14 0:00,0.169278008
2022/8/14 0:15,0.102080078
2022/8/14 0:30,0.149296187
2022/8/14 0:45,0.178090282
2022/8/14 1:00,0.167743994
2022/8/14 1:15,0.180915232
2022/8/14 1:30,0.232741353
2022/8/14 1:45,0.290625726
2022/8/14 2:00,0.37444327
2022/8/14 2:15,0.501924415
2022/8/14 2:30,0.766901217
2022/8/14 2:45,0.887764289
2022/8/14 3:00,0.83466409
2022/8/14 3:15,0.795562817
2022/8/14 3:30,0.757624199
2022/8/14 3:45,0.730672561
2022/8/14 4:00,0.726817238
2022/8/14 4:15,0.69195814
2022/8/14 4:30,0.62354053
2022/8/14 4:45,0.555332863
2022/8/14 5:00,0.520376751
2022/8/14 5:15,0.477415737
2022/8/14 5:30,0.430251358
2022/8/14 5:45,0.345480826
2022/8/14 6:00,0.182383892
2022/8/14 6:15,0.078585026
2022/8/14 6:30,0.079950144
2022/8/14 6:45,0.078877468
2022/8/14 7:00,0.052248978
2022/8/14 7:15,0.03111832
2022/8/14 7:30,0.031178135
2022/8/14 7:45,0.030870039
2022/8/14 8:00,0.035664235
2022/8/14 8:15,0.048873814
2022/8/14 8:30,0.073319829
2022/8/14 8:45,0.086318655
2022/8/14 9:00,0.062728659
2022/8/14 9:15,0.048586214
2022/8/14 9:30,0.045357037
2022/8/14 9:45,0.047926131
2022/8/14 10:00,0.032789324
2022/8/14 10:15,0
2022/8/14 10:30,0.032778728
2022/8/14 10:45,0.104864872
2022/8/14 11:00,0.320969109
2022/8/14 11:15,0.502175477
2022/8/14 11:30,0.613586193
2022/8/14 11:45,0.719967392
2022/8/14 12:00,0.827651586
2022/8/14 12:15,0.882561499
2022/8/14 12:30,0.854778252
2022/8/14 12:45,0.774969047
2022/8/14 13:00,0.591106941
2022/8/14 13:15,0.537880183
2022/8/14 13:30,0.745922658
2022/8/14 13:45,0.872308837
2022/8/14 14:00,0.835380632
2022/8/14 14:15,0.725666929
2022/8/14 14:30,0.470380249
2022/8/14 14:45,0.299978078
2022/8/14 15:00,0.299342864
2022/8/14 15:15,0.261509012
2022/8/14 15:30,0.149334989
2022/8/14 15:45,0.067180674
2022/8/14 16:00,0.045063647
2022/8/14 16:15,0.040899459
2022/8/14 16:30,0.072638747
2022/8/14 16:45,0.079980982
2022/8/14 17:00,0.034982215
2022/8/14 17:15,0.000294408
2022/8/14 17:30,0
2022/8/14 17:45,0
2022/8/14 18:00,0
2022/8/14 18:15,0
2022/8/14 18:30,0
2022/8/14 18:45,0.029227886
2022/8/14 19:00,0.102558366
2022/8/14 19:15,0.100224266
2022/8/14 19:30,0.069293857
2022/8/14 19:45,0.04854572
2022/8/14 20:00,0.034458496
2022/8/14 20:15,0.008969855
2022/8/14 20:30,0.014953199
2022/8/14 20:45,0.016578121
2022/8/14 21:00,0.009486139
2022/8/14 21:15,0.00597526
2022/8/14 21:30,0.009627322
2022/8/14 21:45,0.012337855
2022/8/14 22:00,0.013166793
2022/8/14 22:15,0.014637359
2022/8/14 22:30,0.01739322
2022/8/14 22:45,0.018601712
2022/8/14 23:00,0.016717872
2022/8/14 23:15,0.014920495
2022/8/14 23:30,0.013298574
2022/8/14 23:45,0.012307634
2022/8/15 0:00,0
2022/8/15 0:15,0
2022/8/15 0:30,0
2022/8/15 0:45,0
2022/8/15 1:00,0
2022/8/15 1:15,0
2022/8/15 1:30,0
2022/8/15 1:45,0
2022/8/15 2:00,0
2022/8/15 2:15,0
2022/8/15 2:30,0.056691307
2022/8/15 2:45,0.111727686
2022/8/15 3:00,0.157059251
2022/8/15 3:15,0.187450815
2022/8/15 3:30,0.117980458
2022/8/15 3:45,0.1069974
2022/8/15 4:00,0.364902655
2022/8/15 4:15,0.355311592
2022/8/15 4:30,0.322714786
2022/8/15 4:45,0.26941447
2022/8/15 5:00,0.174704338
2022/8/15 5:15,0.09805653
2022/8/15 5:30,0.057530997
2022/8/15 5:45,0.02034413
2022/8/15 6:00,0
2022/8/15 6:15,0
2022/8/15 6:30,0
2022/8/15 6:45,0
2022/8/15 7:00,0
2022/8/15 7:15,0
2022/8/15 7:30,0
2022/8/15 7:45,0
2022/8/15 8:00,0
2022/8/15 8:15,0
2022/8/15 8:30,0
2022/8/15 8:45,0.047271262
2022/8/15 9:00,0.150598427
2022/8/15 9:15,0.142543658
2022/8/15 9:30,0.122048382
2022/8/15 9:45,0.109417759
2022/8/15 10:00,0.112517274
2022/8/15 10:15,0.126001534
2022/8/15 10:30,0.160256176
2022/8/15 10:45,0.152917363
2022/8/15 11:00,0.062392571
2022/8/15 11:15,0.00112552
2022/8/15 11:30,0
2022/8/15 11:45,0
2022/8/15 12:00,0.054023103
2022/8/15 12:15,0.055011079
2022/8/15 12:30,0.06322526
2022/8/15 12:45,0.067716564
2022/8/15 13:00,0.064765855
2022/8/15 13:15,0.06088938
2022/8/15 13:30,0.055164995
2022/8/15 13:45,0.051550817
2022/8/15 14:00,0.052160455
2022/8/15 14:15,0.051626042
2022/8/15 14:30,0.048806609
2022/8/15 14:45,0.144500347
2022/8/15 15:00,0.338739194
2022/8/15 15:15,0.303037326
2022/8/15 15:30,0.203522897
2022/8/15 15:45,0.121075276
2022/8/15 16:00,0.072762879
2022/8/15 16:15,0.047478152
2022/8/15 16:30,0.068249763
2022/8/15 16:45,0.077872765
2022/8/15 17:00,0.051934871
2022/8/15 17:15,0.017719662
2022/8/15 17:30,0.019473026
2022/8/15 17:45,0.024710473
2022/8/15 18:00,0.036915305
2022/8/15 18:15,0.049081223
2022/8/15 18:30,0.058340419
2022/8/15 18:45,0.058447443
2022/8/15 19:00,0.050329728
2022/8/15 19:15,0.038293949
2022/8/15 19:30,0.031329014
2022/8/15 19:45,0.026659413
2022/8/15 20:00,0.026578408
2022/8/15 20:15,0.024969338
2022/8/15 20:30,0.020301971
2022/8/15 20:45,0.023377982
2022/8/15 21:00,0.041938555
2022/8/15 21:15,0.053731333
2022/8/15 21:30,0.051986351
2022/8/15 21:45,0.052158233
2022/8/15 22:00,0.05616173
2022/8/15 22:15,0.05916073
2022/8/15 22:30,0.060148715
2022/8/15 22:45,0.059935299
2022/8/15 23:00,0.057317182
2022/8/15 23:15,0.057272747
2022/8/15 23:30,0.062373913
2022/8/15 23:45,0.06294487
2022/8/16 0:00,0.018983579
2022/8/16 0:15,0.026739812
2022/8/16 0:30,0.034010905
2022/8/16 0:45,0.033097046
2022/8/16 1:00,0.023651331
2022/8/16 1:15,0.021578717
2022/8/16 1:30,0.02381354
2022/8/16 1:45,0.037903832
2022/8/16 2:00,0.03969376
2022/8/16 2:15,0.03458519
2022/8/16 2:30,0.031934367
2022/8/16 2:45,0.038273545
2022/8/16 3:00,0.032317072
2022/8/16 3:15,0.068578646
2022/8/16 3:30,0.177072367
2022/8/16 3:45,0.185453034
2022/8/16 4:00,0.129077637
2022/8/16 4:15,0.062580316
2022/8/16 4:30,0.152832534
2022/8/16 4:45,0.167084943
2022/8/16 5:00,0.217502189
2022/8/16 5:15,0.258877579
2022/8/16 5:30,0.263778598
2022/8/16 5:45,0.267994666
2022/8/16 6:00,0.257333926
2022/8/16 6:15,0.210793557
2022/8/16 6:30,0.097175035
2022/8/16 6:45,0.042136116
2022/8/16 7:00,0.117695567
2022/8/16 7:15,0.176618335
2022/8/16 7:30,0.190755739
2022/8/16 7:45,0.186528089
2022/8/16 8:00,0.141507062
2022/8/16 8:15,0.120810938
2022/8/16 8:30,0.147469659
2022/8/16 8:45,0.149293973
2022/8/16 9:00,0.104873074
2022/8/16 9:15,0.083666685
2022/8/16 9:30,0.101229197
2022/8/16 9:45,0.096449445
2022/8/16 10:00,0.063239146
2022/8/16 10:15,0.066059913
2022/8/16 10:30,0.137862879
2022/8/16 10:45,0.159599995
2022/8/16 11:00,0.087057988
2022/8/16 11:15,0.078230999
2022/8/16 11:30,0.194920883
2022/8/16 11:45,0.288536523
2022/8/16 12:00,0.329699444
2022/8/16 12:15,0.353741718
2022/8/16 12:30,0.326917703
2022/8/16 12:45,0.274027208
2022/8/16 13:00,0.226263326
2022/8/16 13:15,0.172718326
2022/8/16 13:30,0.16340006
2022/8/16 13:45,0.145492353
2022/8/16 14:00,0.112666341
2022/8/16 14:15,0.09540473
2022/8/16 14:30,0.080281236
2022/8/16 14:45,0.071922953
2022/8/16 15:00,0.073177092
2022/8/16 15:15,0.07472093
2022/8/16 15:30,0.049750866
2022/8/16 15:45,0
2022/8/16 16:00,0
2022/8/16 16:15,0.000132255
2022/8/16 16:30,0.000271258
2022/8/16 16:45,0.000412493
2022/8/16 17:00,0.000555813
2022/8/16 17:15,0.000701038
2022/8/16 17:30,0.000847953
2022/8/16 17:45,0.000996308
2022/8/16 18:00,0.001145827
2022/8/16 18:15,0.001296207
2022/8/16 18:30,0.001447123
2022/8/16 18:45,0.012845969
2022/8/16 19:00,0.054995462
2022/8/16 19:15,0.064196411
2022/8/16 19:30,0.060642145
2022/8/16 19:45,0.051102106
2022/8/16 20:00,0.065475937
2022/8/16 20:15,0.06284242
2022/8/16 20:30,0.047836956
2022/8/16 20:45,0.061305043
2022/8/16 21:00,0.046350216
2022/8/16 21:15,0.077964077
2022/8/16 21:30,0.149885896
2022/8/16 21:45,0.146373588
2022/8/16 22:00,0.119837151
2022/8/16 22:15,0.042696138
2022/8/16 22:30,0.041211665
2022/8/16 22:45,0.049602904
2022/8/16 23:00,0.031685521
2022/8/16 23:15,0.02511215
2022/8/16 23:30,0.025673542
2022/8/16 23:45,0.026228915
2022/8/17 0:00,0.02163188
2022/8/17 0:15,0.027395646
2022/8/17 0:30,0.032531366
2022/8/17 0:45,0.02840392
2022/8/17 1:00,0.027602249
2022/8/17 1:15,0.063062434
2022/8/17 1:30,0.125600996
2022/8/17 1:45,0.116068846
2022/8/17 2:00,0.081497349
2022/8/17 2:15,0.083583758
2022/8/17 2:30,0.140872466
2022/8/17 2:45,0.182715469
2022/8/17 3:00,0.134046111
2022/8/17 3:15,0.036636927
2022/8/17 3:30,0.07111194
2022/8/17 3:45,0.078991033
2022/8/17 4:00,0.121837216
2022/8/17 4:15,0.150852281
2022/8/17 4:30,0.2010809
2022/8/17 4:45,0.235397136
2022/8/17 5:00,0.246901109
2022/8/17 5:15,0.268275712
2022/8/17 5:30,0.28095005
2022/8/17 5:45,0.281917516
2022/8/17 6:00,0.27683076
2022/8/17 6:15,0.238970644
2022/8/17 6:30,0.152974529
2022/8/17 6:45,0.130087475
2022/8/17 7:00,0.220975997
2022/8/17 7:15,0.272491723
2022/8/17 7:30,0.22787682
2022/8/17 7:45,0.250260486
2022/8/17 8:00,0.388600342
2022/8/17 8:15,0.471254638
2022/8/17 8:30,0.477312378
2022/8/17 8:45,0.465777317
2022/8/17 9:00,0.41839818
2022/8/17 9:15,0.375453333
2022/8/17 9:30,0.333949008
2022/8/17 9:45,0.297589581
2022/8/17 10:00,0.251907976
2022/8/17 10:15,0.258271423
2022/8/17 10:30,0.375999924
2022/8/17 10:45,0.412381282
2022/8/17 11:00,0.269981728
2022/8/17 11:15,0.159859089
2022/8/17 11:30,0.088459388
2022/8/17 11:45,0.057661302
2022/8/17 12:00,0.082003428
2022/8/17 12:15,0.102474364
2022/8/17 12:30,0.07742705
2022/8/17 12:45,0.063412829
2022/8/17 13:00,0.071033491
2022/8/17 13:15,0.102365214
2022/8/17 13:30,0.18112464
2022/8/17 13:45,0.263543997
2022/8/17 14:00,0.353288047
2022/8/17 14:15,0.414853632
2022/8/17 14:30,0.427121798
2022/8/17 14:45,0.400288437
2022/8/17 15:00,0.302363103
2022/8/17 15:15,0.206678795
2022/8/17 15:30,0.120223247
2022/8/17 15:45,0.060410063
2022/8/17 16:00,0.053043652
2022/8/17 16:15,0.073389698
2022/8/17 16:30,0.152549021
2022/8/17 16:45,0.217841364
2022/8/17 17:00,0.254598731
2022/8/17 17:15,0.244551939
2022/8/17 17:30,0.137150388
2022/8/17 17:45,0.058338652
2022/8/17 18:00,0.036704088
2022/8/17 18:15,0.022236328
2022/8/17 18:30,0.012024007
2022/8/17 18:45,0
2022/8/17 19:00,0
2022/8/17 19:15,0
2022/8/17 19:30,0
2022/8/17 19:45,0
2022/8/17 20:00,0
2022/8/17 20:15,0
2022/8/17 20:30,0
2022/8/17 20:45,0
2022/8/17 21:00,0
2022/8/17 21:15,0
2022/8/17 21:30,0
2022/8/17 21:45,0
2022/8/17 22:00,0
2022/8/17 22:15,0
2022/8/17 22:30,0.011628959
2022/8/17 22:45,0.02027205
2022/8/17 23:00,0.014166091
2022/8/17 23:15,0.008443839
2022/8/17 23:30,0.00928089
2022/8/17 23:45,0.013504645
2022/8/18 0:00,0.053463628
2022/8/18 0:15,0.065808319
2022/8/18 0:30,0.053056162
2022/8/18 0:45,0.039104035
2022/8/18 1:00,0.022751347
2022/8/18 1:15,0.011830003
2022/8/18 1:30,0.011024637
2022/8/18 1:45,0.032492525
2022/8/18 2:00,0.078471529
2022/8/18 2:15,0.082792564
2022/8/18 2:30,0.095866935
2022/8/18 2:45,0.10057608
2022/8/18 3:00,0.088552688
2022/8/18 3:15,0.072185821
2022/8/18 3:30,0.04712954
2022/8/18 3:45,0.026837385
2022/8/18 4:00,0.016070775
2022/8/18 4:15,0.009191178
2022/8/18 4:30,0.009159357
2022/8/18 4:45,0.009130073
2022/8/18 5:00,0.009103187
2022/8/18 5:15,0.009078533
2022/8/18 5:30,0.009055925
2022/8/18 5:45,0.00903516
2022/8/18 6:00,0.009016028
2022/8/18 6:15,0.008998318
2022/8/18 6:30,0.008981819
2022/8/18 6:45,0.008966329
2022/8/18 7:00,0.008951659
2022/8/18 7:15,0.008937632
2022/8/18 7:30,0.008924088
2022/8/18 7:45,0.008910884
2022/8/18 8:00,0.008897889
2022/8/18 8:15,0.036995625
2022/8/18 8:30,0.093559173
2022/8/18 8:45,0.080889995
2022/8/18 9:00,0.041458825
2022/8/18 9:15,0.014053146
2022/8/18 9:30,0.01618267
2022/8/18 9:45,0.017575679
2022/8/18 10:00,0.017495978
2022/8/18 10:15,0.01690358
2022/8/18 10:30,0.015286249
2022/8/18 10:45,0.014102236
2022/8/18 11:00,0.013785469
2022/8/18 11:15,0.013724836
2022/8/18 11:30,0.014177234
2022/8/18 11:45,0.014236571
2022/8/18 12:00,0.105542077
2022/8/18 12:15,0.117205017
2022/8/18 12:30,0.131338719
2022/8/18 12:45,0.128206648
2022/8/18 13:00,0.090543875
2022/8/18 13:15,0.079203142
2022/8/18 13:30,0.120507231
2022/8/18 13:45,0.143038411
2022/8/18 14:00,0.12802431
2022/8/18 14:15,0.108557398
2022/8/18 14:30,0.07532897
2022/8/18 14:45,0.11927338
2022/8/18 15:00,0.264390634
2022/8/18 15:15,0.312938505
2022/8/18 15:30,0.458735271
2022/8/18 15:45,0.523801822
2022/8/18 16:00,0.427406613
2022/8/18 16:15,0.389102673
2022/8/18 16:30,0.466979318
2022/8/18 16:45,0.525829454
2022/8/18 17:00,0.546624027
2022/8/18 17:15,0.570058904
2022/8/18 17:30,0.598476458
2022/8/18 17:45,0.616777855
2022/8/18 18:00,0.615963904
2022/8/18 18:15,0.616210109
2022/8/18 18:30,0.618573076
2022/8/18 18:45,0.621182616
2022/8/18 19:00,0.620931707
2022/8/18 19:15,0.636403129
2022/8/18 19:30,0.696953226
2022/8/18 19:45,0.728993692
2022/8/18 20:00,0.702489749
2022/8/18 20:15,0.680023529
2022/8/18 20:30,0.671661378
2022/8/18 20:45,0.650474964
2022/8/18 21:00,0.603638833
2022/8/18 21:15,0.5721158
2022/8/18 21:30,0.571218665
2022/8/18 21:45,0.559588086
2022/8/18 22:00,0.526491232
2022/8/18 22:15,0.50409429
2022/8/18 22:30,0.503098672
2022/8/18 22:45,0.507114349
2022/8/18 23:00,0.521154941
2022/8/18 23:15,0.517320617
2022/8/18 23:30,0.477739524
2022/8/18 23:45,0.427632215
2022/8/19 0:00,0.360271862
2022/8/19 0:15,0.318153619
2022/8/19 0:30,0.354629304
2022/8/19 0:45,0.384958351
2022/8/19 1:00,0.416117601
2022/8/19 1:15,0.423334817
2022/8/19 1:30,0.382771971
2022/8/19 1:45,0.358174108
2022/8/19 2:00,0.333323723
2022/8/19 2:15,0.309296755
2022/8/19 2:30,0.272571709
2022/8/19 2:45,0.262916796
2022/8/19 3:00,0.292836859
2022/8/19 3:15,0.314752704
2022/8/19 3:30,0.349492588
2022/8/19 3:45,0.357423272
2022/8/19 4:00,0.317504103
2022/8/19 4:15,0.28079035
2022/8/19 4:30,0.232050474
2022/8/19 4:45,0.200113982
2022/8/19 5:00,0.183486124
2022/8/19 5:15,0.179316377
2022/8/19 5:30,0.203306748
2022/8/19 5:45,0.226667569
2022/8/19 6:00,0.250806284
2022/8/19 6:15,0.280557566
2022/8/19 6:30,0.342784636
2022/8/19 6:45,0.410994777
2022/8/19 7:00,0.519608093
2022/8/19 7:15,0.562554078
2022/8/19 7:30,0.470276219
2022/8/19 7:45,0.386848309
2022/8/19 8:00,0.320563456
2022/8/19 8:15,0.302893012
2022/8/19 8:30,0.368155998
2022/8/19 8:45,0.385299731
2022/8/19 9:00,0.319782563
2022/8/19 9:15,0.30148413
2022/8/19 9:30,0.36092798
2022/8/19 9:45,0.42092473
2022/8/19 10:00,0.472404377
2022/8/19 10:15,0.541321448
2022/8/19 10:30,0.619239295
2022/8/19 10:45,0.677103525
2022/8/19 11:00,0.659541476
2022/8/19 11:15,0.662512766
2022/8/19 11:30,0.694061979
2022/8/19 11:45,0.719997472
2022/8/19 12:00,0.73173512
2022/8/19 12:15,0.715501886
2022/8/19 12:30,0.637823922
2022/8/19 12:45,0.571903298
2022/8/19 13:00,0.529497679
2022/8/19 13:15,0.551008247
2022/8/19 13:30,0.700351601
2022/8/19 13:45,0.822546726
2022/8/19 14:00,0.890445892
2022/8/19 14:15,0.93786892
2022/8/19 14:30,0.944340244
2022/8/19 14:45,0.89755995
2022/8/19 15:00,0.744277039
2022/8/19 15:15,0.639117985
2022/8/19 15:30,0.630207265
2022/8/19 15:45,0.616944955
2022/8/19 16:00,0.594980033
2022/8/19 16:15,0.605351478
2022/8/19 16:30,0.680396121
2022/8/19 16:45,0.726824246
2022/8/19 17:00,0.716019633
2022/8/19 17:15,0.734738844
2022/8/19 17:30,0.81250579
2022/8/19 17:45,0.872109313
2022/8/19 18:00,0.895385836
2022/8/19 18:15,0.910912662
2022/8/19 18:30,0.910939702
2022/8/19 18:45,0.909123768
2022/8/19 19:00,0.90362128
2022/8/19 19:15,0.900645229
2022/8/19 19:30,0.902721276
2022/8/19 19:45,0.868049528
2022/8/19 20:00,0.759648259
2022/8/19 20:15,0.69217438
2022/8/19 20:30,0.707427442
2022/8/19 20:45,0.7113763
2022/8/19 21:00,0.688581351
2022/8/19 21:15,0.676317378
2022/8/19 21:30,0.701889738
2022/8/19 21:45,0.725819276
2022/8/19 22:00,0.744444241
2022/8/19 22:15,0.752969707
2022/8/19 22:30,0.749310214
2022/8/19 22:45,0.773052076
2022/8/19 23:00,0.851596482
2022/8/19 23:15,0.754115939
2022/8/19 23:30,0.304585476
2022/8/19 23:45,0.14924376
2022/8/20 0:00,0.581631035
2022/8/20 0:15,0.869811842
2022/8/20 0:30,0.879412041
2022/8/20 0:45,0.832365406
2022/8/20 1:00,0.672022952
2022/8/20 1:15,0.541921744
2022/8/20 1:30,0.472301273
2022/8/20 1:45,0.435686595
2022/8/20 2:00,0.465082062
2022/8/20 2:15,0.506582661
2022/8/20 2:30,0.572292316
2022/8/20 2:45,0.598158921
2022/8/20 3:00,0.544338396
2022/8/20 3:15,0.528096543
2022/8/20 3:30,0.587011153
2022/8/20 3:45,0.629776097
2022/8/20 4:00,0.640240967
2022/8/20 4:15,0.649047866
2022/8/20 4:30,0.654538219
2022/8/20 4:45,0.659561402
2022/8/20 5:00,0.663649789
2022/8/20 5:15,0.655867989
2022/8/20 5:30,0.624345519
2022/8/20 5:45,0.593982158
2022/8/20 6:00,0.565936883
2022/8/20 6:15,0.576453357
2022/8/20 6:30,0.664093355
2022/8/20 6:45,0.720099839
2022/8/20 7:00,0.712839467
2022/8/20 7:15,0.690222539
2022/8/20 7:30,0.636892792
2022/8/20 7:45,0.594694178
2022/8/20 8:00,0.574758211
2022/8/20 8:15,0.578309047
2022/8/20 8:30,0.628833926
2022/8/20 8:45,0.644645848
2022/8/20 9:00,0.590977721
2022/8/20 9:15,0.539310028
2022/8/20 9:30,0.490591916
2022/8/20 9:45,0.459808445
2022/8/20 10:00,0.468704962
2022/8/20 10:15,0.477553472
2022/8/20 10:30,0.491327526
2022/8/20 10:45,0.485630134
2022/8/20 11:00,0.438106595
2022/8/20 11:15,0.398861944
2022/8/20 11:30,0.387946291
2022/8/20 11:45,0.372660043
2022/8/20 12:00,0.368356611
2022/8/20 12:15,0.31991536
2022/8/20 12:30,0.223928766
2022/8/20 12:45,0.15049493
2022/8/20 13:00,0.122166987
2022/8/20 13:15,0.092444906
2022/8/20 13:30,0.059934716
2022/8/20 13:45,0.03390578
2022/8/20 14:00,0.020839281
2022/8/20 14:15,0.029391881
2022/8/20 14:30,0.081182369
2022/8/20 14:45,0.098636241
2022/8/20 15:00,0.047416383
2022/8/20 15:15,0.013267545
2022/8/20 15:30,0.012867457
2022/8/20 15:45,0.012252854
2022/8/20 16:00,0.012246512
2022/8/20 16:15,0.012240589
2022/8/20 16:30,0.012234977
2022/8/20 16:45,0.022932348
2022/8/20 17:00,0.044687743
2022/8/20 17:15,0.076709968
2022/8/20 17:30,0.168254637
2022/8/20 17:45,0.238332032
2022/8/20 18:00,0.283842841
2022/8/20 18:15,0.326589162
2022/8/20 18:30,0.363807064
2022/8/20 18:45,0.432760151
2022/8/20 19:00,0.565184386
2022/8/20 19:15,0.646822841
2022/8/20 19:30,0.626890626
2022/8/20 19:45,0.609772416
2022/8/20 20:00,0.598283095
2022/8/20 20:15,0.595478963
2022/8/20 20:30,0.610045965
2022/8/20 20:45,0.672078941
2022/8/20 21:00,0.829044398
2022/8/20 21:15,0.913742265
2022/8/20 21:30,0.85390521
2022/8/20 21:45,0.777687396
2022/8/20 22:00,0.668708049
2022/8/20 22:15,0.586683763
2022/8/20 22:30,0.558569361
2022/8/20 22:45,0.471964447
2022/8/20 23:00,0.26837812
2022/8/20 23:15,0.132798259
2022/8/20 23:30,0.13323089
2022/8/20 23:45,0.142494074
2022/8/21 0:00,0.210407697
2022/8/21 0:15,0.196706625
2022/8/21 0:30,0.14558909
2022/8/21 0:45,0.08548644
2022/8/21 1:00,0.049709828
2022/8/21 1:15,0.034543424
2022/8/21 1:30,0.037594143
2022/8/21 1:45,0.049031165
2022/8/21 2:00,0.07214042
2022/8/21 2:15,0.08799424
2022/8/21 2:30,0.092891089
2022/8/21 2:45,0.115004041
2022/8/21 3:00,0.176085313
2022/8/21 3:15,0.205020383
2022/8/21 3:30,0.167848047
2022/8/21 3:45,0.138751959
2022/8/21 4:00,0.125808648
2022/8/21 4:15,0.122237224
2022/8/21 4:30,0.137409665
2022/8/21 4:45,0.141641812
2022/8/21 5:00,0.123993217
2022/8/21 5:15,0.097444885
2022/8/21 5:30,0.053096667
2022/8/21 5:45,0.02529008
2022/8/21 6:00,0.023801884
2022/8/21 6:15,0.005639058
2022/8/21 6:30,0.00395681
2022/8/21 6:45,0.004602796
2022/8/21 7:00,0.00645322
2022/8/21 7:15,0.006118997
2022/8/21 7:30,0.006993005
2022/8/21 7:45,0.008431529
2022/8/21 8:00,0.007410462
2022/8/21 8:15,0.009210345
2022/8/21 8:30,0.009779643
2022/8/21 8:45,0.009731527
2022/8/21 9:00,0.007859183
2022/8/21 9:15,0.005869597
2022/8/21 9:30,0.005671023
2022/8/21 9:45,0.005982977
2022/8/21 10:00,0.004095704
2022/8/21 10:15,0.001477114
2022/8/21 10:30,0.001133589
2022/8/21 10:45,0.001144037
2022/8/21 11:00,0.001152812
2022/8/21 11:15,0.001159791
2022/8/21 11:30,0.001164871
2022/8/21 11:45,0.003892009
2022/8/21 12:00,0.012510201
2022/8/21 12:15,0.013774527
2022/8/21 12:30,0.014264391
2022/8/21 12:45,0.014947644
2022/8/21 13:00,0.016020647
2022/8/21 13:15,0.02580534
2022/8/21 13:30,0.045046283
2022/8/21 13:45,0.049737957
2022/8/21 14:00,0.059344031
2022/8/21 14:15,0.082095043
2022/8/21 14:30,0.131137746
2022/8/21 14:45,0.193501896
2022/8/21 15:00,0.28251011
2022/8/21 15:15,0.326101161
2022/8/21 15:30,0.278858346
2022/8/21 15:45,0.215653046
2022/8/21 16:00,0.120522502
2022/8/21 16:15,0.059733251
2022/8/21 16:30,0.067625605
2022/8/21 16:45,0.071789978
2022/8/21 17:00,0.068265465
2022/8/21 17:15,0.06598103
2022/8/21 17:30,0.067040632
2022/8/21 17:45,0.083068801
2022/8/21 18:00,0.129031573
2022/8/21 18:15,0.160543143
2022/8/21 18:30,0.163149574
2022/8/21 18:45,0.17406393
2022/8/21 19:00,0.201591404
2022/8/21 19:15,0.20639153
2022/8/21 19:30,0.165734445
2022/8/21 19:45,0.131429984
2022/8/21 20:00,0.109828679
2022/8/21 20:15,0.082202264
2022/8/21 20:30,0.042524132
2022/8/21 20:45,0.017539062
2022/8/21 21:00,0.017738334
2022/8/21 21:15,0.012427978
2022/8/21 21:30,0.012606409
2022/8/21 21:45,0.012742316
2022/8/21 22:00,0.011242979
2022/8/21 22:15,0.008210716
2022/8/21 22:30,0.008258678
2022/8/21 22:45,0.00830446
2022/8/21 23:00,0.008347876
2022/8/21 23:15,0.008388773
2022/8/21 23:30,0.008427031
2022/8/21 23:45,0.008462555
2022/8/22 0:00,0.013908753
2022/8/22 0:15,0.013899915
2022/8/22 0:30,0.013889563
2022/8/22 0:45,0.013877514
2022/8/22 1:00,0.013863579
2022/8/22 1:15,0.013847575
2022/8/22 1:30,0.013829325
2022/8/22 1:45,0.013808662
2022/8/22 2:00,0.013785439
2022/8/22 2:15,0.013759526
2022/8/22 2:30,0.01373082
2022/8/22 2:45,0.013699246
2022/8/22 3:00,0.01366476
2022/8/22 3:15,0.013627354
2022/8/22 3:30,0.013587053
2022/8/22 3:45,0.013543919
2022/8/22 4:00,0.01349805
2022/8/22 4:15,0.013449575
2022/8/22 4:30,0.013398656
2022/8/22 4:45,0.025909036
2022/8/22 5:00,0.051336109
2022/8/22 5:15,0.051473769
2022/8/22 5:30,0.03932124
2022/8/22 5:45,0.088862285
2022/8/22 6:00,0.238638172
2022/8/22 6:15,0.254367679
2022/8/22 6:30,0.298479327
2022/8/22 6:45,0.360214091
2022/8/22 7:00,0.457195646
2022/8/22 7:15,0.517489655
2022/8/22 7:30,0.504408686
2022/8/22 7:45,0.512347384
2022/8/22 8:00,0.56232516
2022/8/22 8:15,0.585702555
2022/8/22 8:30,0.555878653
2022/8/22 8:45,0.592510071
2022/8/22 9:00,0.762051402
2022/8/22 9:15,0.81401968
2022/8/22 9:30,0.630841017
2022/8/22 9:45,0.496404993
2022/8/22 10:00,0.459453356
2022/8/22 10:15,0.440472293
2022/8/22 10:30,0.457431465
2022/8/22 10:45,0.453854847
2022/8/22 11:00,0.409205725
2022/8/22 11:15,0.361764878
2022/8/22 11:30,0.308739647
2022/8/22 11:45,0.249562083
2022/8/22 12:00,0.173124856
2022/8/22 12:15,0.122752489
2022/8/22 12:30,0.105570524
2022/8/22 12:45,0.093264064
2022/8/22 13:00,0.067295339
2022/8/22 13:15,0.020022202
2022/8/22 13:30,0.023256135
2022/8/22 13:45,0.026022743
2022/8/22 14:00,0.027853978
2022/8/22 14:15,0.028373869
2022/8/22 14:30,0.026270467
2022/8/22 14:45,0.024675973
2022/8/22 15:00,0.02409884
2022/8/22 15:15,0.024929231
2022/8/22 15:30,0.028574394
2022/8/22 15:45,0.031377714
2022/8/22 16:00,0.032497273
2022/8/22 16:15,0.03365701
2022/8/22 16:30,0.034897255
2022/8/22 16:45,0.036764367
2022/8/22 17:00,0.039885609
2022/8/22 17:15,0.042198847
2022/8/22 17:30,0.04289671
2022/8/22 17:45,0.04406273
2022/8/22 18:00,0.046165913
2022/8/22 18:15,0.047851796
2022/8/22 18:30,0.048704092
2022/8/22 18:45,0.049540244
2022/8/22 19:00,0.050345227
2022/8/22 19:15,0.049845994
2022/8/22 19:30,0.046739481
2022/8/22 19:45,0.045331657
2022/8/22 20:00,0.047322308
2022/8/22 20:15,0.048379511
2022/8/22 20:30,0.047570793
2022/8/22 20:45,0.047212831
2022/8/22 21:00,0.047757169
2022/8/22 21:15,0.048871433
2022/8/22 21:30,0.051126116
2022/8/22 21:45,0.050033111
2022/8/22 22:00,0.042245056
2022/8/22 22:15,0.038480203
2022/8/22 22:30,0.042761846
2022/8/22 22:45,0.044207714
2022/8/22 23:00,0.039981915
2022/8/22 23:15,0.036444789
2022/8/22 23:30,0.034284721
2022/8/22 23:45,0.032185838
2022/8/23 0:00,0.034001879
2022/8/23 0:15,0.026953436
2022/8/23 0:30,0.029726628
2022/8/23 0:45,0.031948888
2022/8/23 1:00,0.028352024
2022/8/23 1:15,0.023391375
2022/8/23 1:30,0.038210962
2022/8/23 1:45,0.030608151
2022/8/23 2:00,0.029166616
2022/8/23 2:15,0.030473676
2022/8/23 2:30,0.034280398
2022/8/23 2:45,0.032922255
2022/8/23 3:00,0.033276382
2022/8/23 3:15,0.03258796
2022/8/23 3:30,0.04566488
2022/8/23 3:45,0.064155811
2022/8/23 4:00,0.075779526
2022/8/23 4:15,0.083858789
2022/8/23 4:30,0.121084913
2022/8/23 4:45,0.130251269
2022/8/23 5:00,0.097063059
2022/8/23 5:15,0.033560393
2022/8/23 5:30,0.036183749
2022/8/23 5:45,0.031182839
2022/8/23 6:00,0.033501236
2022/8/23 6:15,0.041136592
2022/8/23 6:30,0.045345095
2022/8/23 6:45,0.084008872
2022/8/23 7:00,0.190700761
2022/8/23 7:15,0.252553647
2022/8/23 7:30,0.198241046
2022/8/23 7:45,0.157635515
2022/8/23 8:00,0.156636976
2022/8/23 8:15,0.172867986
2022/8/23 8:30,0.224005811
2022/8/23 8:45,0.233654857
2022/8/23 9:00,0.177343396
2022/8/23 9:15,0.14080612
2022/8/23 9:30,0.166235149
2022/8/23 9:45,0.193858355
2022/8/23 10:00,0.204276604
2022/8/23 10:15,0.219093212
2022/8/23 10:30,0.235048398
2022/8/23 10:45,0.248802778
2022/8/23 11:00,0.236124258
2022/8/23 11:15,0.217529609
2022/8/23 11:30,0.198508669
2022/8/23 11:45,0.186257032
2022/8/23 12:00,0.146533643
2022/8/23 12:15,0.151282092
2022/8/23 12:30,0.161484108
2022/8/23 12:45,0.168205354
2022/8/23 13:00,0.166157577
2022/8/23 13:15,0.151419966
2022/8/23 13:30,0.118751835
2022/8/23 13:45,0.096261837
2022/8/23 14:00,0.094022867
2022/8/23 14:15,0.100445821
2022/8/23 14:30,0.124536857
2022/8/23 14:45,0.129079674
2022/8/23 15:00,0.094522552
2022/8/23 15:15,0.069978016
2022/8/23 15:30,0.065514301
2022/8/23 15:45,0.062747216
2022/8/23 16:00,0.063369754
2022/8/23 16:15,0.068771922
2022/8/23 16:30,0.083729575
2022/8/23 16:45,0.087481478
2022/8/23 17:00,0.052986704
2022/8/23 17:15,0.00714838
2022/8/23 17:30,0.001410912
2022/8/23 17:45,0
2022/8/23 18:00,0.000364718
2022/8/23 18:15,0.001163007
2022/8/23 18:30,0
2022/8/23 18:45,0
2022/8/23 19:00,0
2022/8/23 19:15,0
2022/8/23 19:30,0
2022/8/23 19:45,0
2022/8/23 20:00,0
2022/8/23 20:15,0
2022/8/23 20:30,0
2022/8/23 20:45,0
2022/8/23 21:00,0
2022/8/23 21:15,0
2022/8/23 21:30,0
2022/8/23 21:45,0
2022/8/23 22:00,0
2022/8/23 22:15,0
2022/8/23 22:30,0
2022/8/23 22:45,0
2022/8/23 23:00,0
2022/8/23 23:15,0
2022/8/23 23:30,0
2022/8/23 23:45,0
2022/8/24 0:00,0.009496798
2022/8/24 0:15,0.009783568
2022/8/24 0:30,0.009113468
2022/8/24 0:45,0.007661274
2022/8/24 1:00,0.004736132
2022/8/24 1:15,0.006147964
2022/8/24 1:30,0.003466512
2022/8/24 1:45,0.000417246
2022/8/24 2:00,0.003389464
2022/8/24 2:15,0
2022/8/24 2:30,0
2022/8/24 2:45,0
2022/8/24 3:00,0
2022/8/24 3:15,0.012802545
2022/8/24 3:30,0.041611095
2022/8/24 3:45,0.045642356
2022/8/24 4:00,0.07548327
2022/8/24 4:15,0.109582798
2022/8/24 4:30,0.127890899
2022/8/24 4:45,0.141816432
2022/8/24 5:00,0.141480437
2022/8/24 5:15,0.145066609
2022/8/24 5:30,0.140943195
2022/8/24 5:45,0.146827656
2022/8/24 6:00,0.161473459
2022/8/24 6:15,0.159175619
2022/8/24 6:30,0.148193762
2022/8/24 6:45,0.121138877
2022/8/24 7:00,0.064702324
2022/8/24 7:15,0.016600286
2022/8/24 7:30,0.010836035
2022/8/24 7:45,0.019145651
2022/8/24 8:00,0.033903922
2022/8/24 8:15,0.0475863
2022/8/24 8:30,0.11327536
2022/8/24 8:45,0.133261765
2022/8/24 9:00,0.078581541
2022/8/24 9:15,0.055027179
2022/8/24 9:30,0.095029108
2022/8/24 9:45,0.109656537
2022/8/24 10:00,0.081410233
2022/8/24 10:15,0.069782749
2022/8/24 10:30,0.073351686
2022/8/24 10:45,0.104028387
2022/8/24 11:00,0.158049486
2022/8/24 11:15,0.170518294
2022/8/24 11:30,0.11395711
2022/8/24 11:45,0.082124104
2022/8/24 12:00,0.171409687
2022/8/24 12:15,0.187321612
2022/8/24 12:30,0.183096291
2022/8/24 12:45,0.185308742
2022/8/24 13:00,0.1782723
2022/8/24 13:15,0.171584915
2022/8/24 13:30,0.144199598
2022/8/24 13:45,0.126720611
2022/8/24 14:00,0.117814166
2022/8/24 14:15,0.104259079
2022/8/24 14:30,0.103728367
2022/8/24 14:45,0.107847762
2022/8/24 15:00,0.124115005
2022/8/24 15:15,0.131873805
2022/8/24 15:30,0.113606635
2022/8/24 15:45,0.098961765
2022/8/24 16:00,0.077632208
2022/8/24 16:15,0.05827143
2022/8/24 16:30,0.064500521
2022/8/24 16:45,0.065921123
2022/8/24 17:00,0.06806083
2022/8/24 17:15,0.076270657
2022/8/24 17:30,0.079957281
2022/8/24 17:45,0.081680298
2022/8/24 18:00,0.082199081
2022/8/24 18:15,0.086296113
2022/8/24 18:30,0.074140489
2022/8/24 18:45,0.079453799
2022/8/24 19:00,0.096096438
2022/8/24 19:15,0.116413052
2022/8/24 19:30,0.13433544
2022/8/24 19:45,0.142194796
2022/8/24 20:00,0.141079523
2022/8/24 20:15,0.136985122
2022/8/24 20:30,0.120890162
2022/8/24 20:45,0.10888486
2022/8/24 21:00,0.111102246
2022/8/24 21:15,0.096898216
2022/8/24 21:30,0.097376927
2022/8/24 21:45,0.087968494
2022/8/24 22:00,0.100625518
2022/8/24 22:15,0.11486133
2022/8/24 22:30,0.123526292
2022/8/24 22:45,0.076122821
2022/8/24 23:00,0.063950258
2022/8/24 23:15,0.105648657
2022/8/24 23:30,0.111669143
2022/8/24 23:45,0.112911068
2022/8/25 0:00,0.077931079
2022/8/25 0:15,0.077737014
2022/8/25 0:30,0.074097658
2022/8/25 0:45,0.062976908
2022/8/25 1:00,0.036895378
2022/8/25 1:15,0.019409307
2022/8/25 1:30,0.018548043
2022/8/25 1:45,0.018136002
2022/8/25 2:00,0.018624716
2022/8/25 2:15,0.018936058
2022/8/25 2:30,0.018895009
2022/8/25 2:45,0.017649769
2022/8/25 3:00,0.01399843
2022/8/25 3:15,0.016029958
2022/8/25 3:30,0.029429295
2022/8/25 3:45,0.039102862
2022/8/25 4:00,0.041326628
2022/8/25 4:15,0.041526339
2022/8/25 4:30,0.037679247
2022/8/25 4:45,0.035271844
2022/8/25 5:00,0.035744627
2022/8/25 5:15,0.040115379
2022/8/25 5:30,0.049409331
2022/8/25 5:45,0.056919598
2022/8/25 6:00,0.074485454
2022/8/25 6:15,0.082657193
2022/8/25 6:30,0.072040017
2022/8/25 6:45,0.059887573
2022/8/25 7:00,0.044663516
2022/8/25 7:15,0.034701465
2022/8/25 7:30,0.035054852
2022/8/25 7:45,0.035610949
2022/8/25 8:00,0.036866843
2022/8/25 8:15,0.039157685
2022/8/25 8:30,0.041799976
2022/8/25 8:45,0.042393812
2022/8/25 9:00,0.047886898
2022/8/25 9:15,0.050467593
2022/8/25 9:30,0.046689023
2022/8/25 9:45,0.043347654
2022/8/25 10:00,0.04087912
2022/8/25 10:15,0.03734546
2022/8/25 10:30,0.030886967
2022/8/25 10:45,0.02739027
2022/8/25 11:00,0.032989076
2022/8/25 11:15,0.035804451
2022/8/25 11:30,0.03251951
2022/8/25 11:45,0.040367891
2022/8/25 12:00,0.053765945
2022/8/25 12:15,0.066928565
2022/8/25 12:30,0.038180393
2022/8/25 12:45,0.027862754
2022/8/25 13:00,0.010057883
2022/8/25 13:15,0
2022/8/25 13:30,0
2022/8/25 13:45,0
2022/8/25 14:00,0
2022/8/25 14:15,0.002287361
2022/8/25 14:30,0.005498986
2022/8/25 14:45,0.014076543
2022/8/25 15:00,0.010470924
2022/8/25 15:15,0.004726658
2022/8/25 15:30,0
2022/8/25 15:45,0
2022/8/25 16:00,0
2022/8/25 16:15,0
2022/8/25 16:30,0
2022/8/25 16:45,0
2022/8/25 17:00,0
2022/8/25 17:15,0
2022/8/25 17:30,0
2022/8/25 17:45,0.040838442
2022/8/25 18:00,0.147652077
2022/8/25 18:15,0.147548693
2022/8/25 18:30,0.09398531
2022/8/25 18:45,0.042145585
2022/8/25 19:00,0.152400188
2022/8/25 19:15,0.147307489
2022/8/25 19:30,0.132256162
2022/8/25 19:45,0.122248149
2022/8/25 20:00,0.122328483
2022/8/25 20:15,0.127790493
2022/8/25 20:30,0.144016614
2022/8/25 20:45,0.170995426
2022/8/25 21:00,0.219479434
2022/8/25 21:15,0.241329057
2022/8/25 21:30,0.209908908
2022/8/25 21:45,0.177063821
2022/8/25 22:00,0.141367268
2022/8/25 22:15,0.104816208
2022/8/25 22:30,0.06655424
2022/8/25 22:45,0.038951465
2022/8/25 23:00,0.032665168
2022/8/25 23:15,0.030590235
2022/8/25 23:30,0.036936358
2022/8/25 23:45,0.03819854
2022/8/26 0:00,0.088978103
2022/8/26 0:15,0.079394389
2022/8/26 0:30,0.089091335
2022/8/26 0:45,0.096675519
2022/8/26 1:00,0.100031086
2022/8/26 1:15,0.108973526
2022/8/26 1:30,0.129086631
2022/8/26 1:45,0.148478937
2022/8/26 2:00,0.166426591
2022/8/26 2:15,0.180852109
2022/8/26 2:30,0.188230319
2022/8/26 2:45,0.175931356
2022/8/26 3:00,0.124275004
2022/8/26 3:15,0.084820901
2022/8/26 3:30,0.069768228
2022/8/26 3:45,0.05906745
2022/8/26 4:00,0.057067355
2022/8/26 4:15,0.059798246
2022/8/26 4:30,0.071987974
2022/8/26 4:45,0.067755523
2022/8/26 5:00,0.030675581
2022/8/26 5:15,0.017764241
2022/8/26 5:30,0.053187024
2022/8/26 5:45,0.079761717
2022/8/26 6:00,0.088637278
2022/8/26 6:15,0.094908885
2022/8/26 6:30,0.068587336
2022/8/26 6:45,0.015137962
2022/8/26 7:00,0.01667246
2022/8/26 7:15,0.034755483
2022/8/26 7:30,0.087085889
2022/8/26 7:45,0.11400029
2022/8/26 8:00,0.090081128
2022/8/26 8:15,0.066458777
2022/8/26 8:30,0.04342904
2022/8/26 8:45,0.061835288
2022/8/26 9:00,0.163113082
2022/8/26 9:15,0.194300425
2022/8/26 9:30,0.085307038
2022/8/26 9:45,0.151840879
2022/8/26 10:00,0.569429922
2022/8/26 10:15,0.847481419
2022/8/26 10:30,0.846459091
2022/8/26 10:45,0.834880857
2022/8/26 11:00,0.802192518
2022/8/26 11:15,0.795541636
2022/8/26 11:30,0.84096772
2022/8/26 11:45,0.869121194
2022/8/26 12:00,0.847387263
2022/8/26 12:15,0.853227018
2022/8/26 12:30,0.860436485
2022/8/26 12:45,0.827965575
2022/8/26 13:00,0.716134956
2022/8/26 13:15,0.602134126
2022/8/26 13:30,0.4837939
2022/8/26 13:45,0.377666783
2022/8/26 14:00,0.29596682
2022/8/26 14:15,0.244015466
2022/8/26 14:30,0.251562113
2022/8/26 14:45,0.268350246
2022/8/26 15:00,0.303621933
2022/8/26 15:15,0.375413828
2022/8/26 15:30,0.520246486
2022/8/26 15:45,0.606868247
2022/8/26 16:00,0.577068305
2022/8/26 16:15,0.533991463
2022/8/26 16:30,0.464360647
2022/8/26 16:45,0.456357979
2022/8/26 17:00,0.571611168
2022/8/26 17:15,0.615174643
2022/8/26 17:30,0.515358001
2022/8/26 17:45,0.435075794
2022/8/26 18:00,0.393861545
2022/8/26 18:15,0.34347961
2022/8/26 18:30,0.274761213
2022/8/26 18:45,0.21474359
2022/8/26 19:00,0.1721263
2022/8/26 19:15,0.138976423
2022/8/26 19:30,0.124760089
2022/8/26 19:45,0.14110958
2022/8/26 20:00,0.218589429
2022/8/26 20:15,0.271023273
2022/8/26 20:30,0.178542275
2022/8/26 20:45,0
2022/8/26 21:00,0
2022/8/26 21:15,0
2022/8/26 21:30,0
2022/8/26 21:45,0.011918421
2022/8/26 22:00,0.065033856
2022/8/26 22:15,0.148021139
2022/8/26 22:30,0.399776449
2022/8/26 22:45,0.578910942
2022/8/26 23:00,0.612803493
2022/8/26 23:15,0.636343535
2022/8/26 23:30,0.639178512
2022/8/26 23:45,0.602255364
2022/8/27 0:00,0.527380567
2022/8/27 0:15,0.459782943
2022/8/27 0:30,0.511844049
2022/8/27 0:45,0.542967207
2022/8/27 1:00,0.532214175
2022/8/27 1:15,0.503079938
2022/8/27 1:30,0.437183638
2022/8/27 1:45,0.392637485
2022/8/27 2:00,0.390792463
2022/8/27 2:15,0.418432784
2022/8/27 2:30,0.499863013
2022/8/27 2:45,0.55869439
2022/8/27 3:00,0.5929978
2022/8/27 3:15,0.640555416
2022/8/27 3:30,0.70735215
2022/8/27 3:45,0.757988385
2022/8/27 4:00,0.805623292
2022/8/27 4:15,0.815686791
2022/8/27 4:30,0.750608174
2022/8/27 4:45,0.69257522
2022/8/27 5:00,0.648634002
2022/8/27 5:15,0.60861721
2022/8/27 5:30,0.576449438
2022/8/27 5:45,0.54804789
2022/8/27 6:00,0.527178812
2022/8/27 6:15,0.530134487
2022/8/27 6:30,0.580739652
2022/8/27 6:45,0.620631042
2022/8/27 7:00,0.639094929
2022/8/27 7:15,0.651808321
2022/8/27 7:30,0.653020915
2022/8/27 7:45,0.645158817
2022/8/27 8:00,0.619147716
2022/8/27 8:15,0.609091742
2022/8/27 8:30,0.630946589
2022/8/27 8:45,0.650852352
2022/8/27 9:00,0.66686066
2022/8/27 9:15,0.685298118
2022/8/27 9:30,0.708594668
2022/8/27 9:45,0.734770102
2022/8/27 10:00,0.766704087
2022/8/27 10:15,0.789551776
2022/8/27 10:30,0.794227547
2022/8/27 10:45,0.803303424
2022/8/27 11:00,0.821179986
2022/8/27 11:15,0.82922136
2022/8/27 11:30,0.817592522
2022/8/27 11:45,0.818080687
2022/8/27 12:00,0.832590464
2022/8/27 12:15,0.855636023
2022/8/27 12:30,0.865936351
2022/8/27 12:45,0.858658807
2022/8/27 13:00,0.816225644
2022/8/27 13:15,0.774003168
2022/8/27 13:30,0.728858654
2022/8/27 13:45,0.683165244
2022/8/27 14:00,0.649987714
2022/8/27 14:15,0.610538878
2022/8/27 14:30,0.558548875
2022/8/27 14:45,0.523284764
2022/8/27 15:00,0.521474213
2022/8/27 15:15,0.515525208
2022/8/27 15:30,0.501301243
2022/8/27 15:45,0.464451986
2022/8/27 16:00,0.382354062
2022/8/27 16:15,0.338265907
2022/8/27 16:30,0.370198964
2022/8/27 16:45,0.419227393
2022/8/27 17:00,0.502447791
2022/8/27 17:15,0.620968363
2022/8/27 17:30,0.810089898
2022/8/27 17:45,0.830077734
2022/8/27 18:00,0.511798059
2022/8/27 18:15,0.306802647
2022/8/27 18:30,0.328374876
2022/8/27 18:45,0.350138483
2022/8/27 19:00,0.372283213
2022/8/27 19:15,0.38123747
2022/8/27 19:30,0.363808479
2022/8/27 19:45,0.345336654
2022/8/27 20:00,0.324776331
2022/8/27 20:15,0.334978383
2022/8/27 20:30,0.406702004
2022/8/27 20:45,0.48335716
2022/8/27 21:00,0.569872058
2022/8/27 21:15,0.596341435
2022/8/27 21:30,0.502716493
2022/8/27 21:45,0.435571875
2022/8/27 22:00,0.421384851
2022/8/27 22:15,0.386514277
2022/8/27 22:30,0.31027391
2022/8/27 22:45,0.313840122
2022/8/27 23:00,0.477017237
2022/8/27 23:15,0.590643449
2022/8/27 23:30,0.605166054
2022/8/27 23:45,0.562509331
2022/8/28 0:00,0.427949707
2022/8/28 0:15,0.314229108
2022/8/28 0:30,0.285846079
2022/8/28 0:45,0.250766281
2022/8/28 1:00,0.223736659
2022/8/28 1:15,0.224943003
2022/8/28 1:30,0.25260969
2022/8/28 1:45,0.262798097
2022/8/28 2:00,0.267300191
2022/8/28 2:15,0.247955636
2022/8/28 2:30,0.243483127
2022/8/28 2:45,0.304187207
2022/8/28 3:00,0.489028357
2022/8/28 3:15,0.632567125
2022/8/28 3:30,0.686343746
2022/8/28 3:45,0.754755736
2022/8/28 4:00,0.744488948
2022/8/28 4:15,0.743412559
2022/8/28 4:30,0.797344288
2022/8/28 4:45,0.799955679
2022/8/28 5:00,0.719051906
2022/8/28 5:15,0.656403714
2022/8/28 5:30,0.629272399
2022/8/28 5:45,0.601368137
2022/8/28 6:00,0.565110976
2022/8/28 6:15,0.525682862
2022/8/28 6:30,0.491205889
2022/8/28 6:45,0.471877036
2022/8/28 7:00,0.432703061
2022/8/28 7:15,0.399025215
2022/8/28 7:30,0.311239863
2022/8/28 7:45,0.245872571
2022/8/28 8:00,0.185050922
2022/8/28 8:15,0.1275467
2022/8/28 8:30,0.295211243
2022/8/28 8:45,0.295087444
2022/8/28 9:00,0.253163813
2022/8/28 9:15,0.210346772
2022/8/28 9:30,0.183438375
2022/8/28 9:45,0.151698275
2022/8/28 10:00,0.129460213
2022/8/28 10:15,0.109708156
2022/8/28 10:30,0.154406153
2022/8/28 10:45,0.168404328
2022/8/28 11:00,0.133547478
2022/8/28 11:15,0.109564007
2022/8/28 11:30,0.11849945
2022/8/28 11:45,0.121698751
2022/8/28 12:00,0.110745801
2022/8/28 12:15,0.121249396
2022/8/28 12:30,0.153279987
2022/8/28 12:45,0.1762816
2022/8/28 13:00,0.181224646
2022/8/28 13:15,0.175470158
2022/8/28 13:30,0.148320158
2022/8/28 13:45,0.145252539
2022/8/28 14:00,0.190349457
2022/8/28 14:15,0.208524455
2022/8/28 14:30,0.172855643
2022/8/28 14:45,0.132879847
2022/8/28 15:00,0.084290378
2022/8/28 15:15,0.051901485
2022/8/28 15:30,0.037835287
2022/8/28 15:45,0.009866896
2022/8/28 16:00,0.009878058
2022/8/28 16:15,0.00988834
2022/8/28 16:30,0.009897725
2022/8/28 16:45,0.009906217
2022/8/28 17:00,0.009913841
2022/8/28 17:15,0.009920638
2022/8/28 17:30,0.009926666
2022/8/28 17:45,0.037906477
2022/8/28 18:00,0.122367411
2022/8/28 18:15,0.169791296
2022/8/28 18:30,0.1431417
2022/8/28 18:45,0.165762375
2022/8/28 19:00,0.286924002
2022/8/28 19:15,0.322156349
2022/8/28 19:30,0.185530312
2022/8/28 19:45,0.091685078
2022/8/28 20:00,0.083401379
2022/8/28 20:15,0.076043561
2022/8/28 20:30,0.070537188
2022/8/28 20:45,0.077658184
2022/8/28 21:00,0.11003336
2022/8/28 21:15,0.140143174
2022/8/28 21:30,0.165721477
2022/8/28 21:45,0.182685755
2022/8/28 22:00,0.182420978
2022/8/28 22:15,0.177960414
2022/8/28 22:30,0.165107077
2022/8/28 22:45,0.152628093
2022/8/28 23:00,0.14089645
2022/8/28 23:15,0.129727689
2022/8/28 23:30,0.119683209
2022/8/28 23:45,0.108175119
2022/8/29 0:00,0.122249914
2022/8/29 0:15,0.124612789
2022/8/29 0:30,0.14976642
2022/8/29 0:45,0.163572625
2022/8/29 1:00,0.154680498
2022/8/29 1:15,0.152878537
2022/8/29 1:30,0.165253207
2022/8/29 1:45,0.181135822
2022/8/29 2:00,0.204030498
2022/8/29 2:15,0.21523974
2022/8/29 2:30,0.203074279
2022/8/29 2:45,0.196839316
2022/8/29 3:00,0.202461632
2022/8/29 3:15,0.183099314
2022/8/29 3:30,0.113764266
2022/8/29 3:45,0.094508434
2022/8/29 4:00,0.175407967
2022/8/29 4:15,0.213801463
2022/8/29 4:30,0.167180324
2022/8/29 4:45,0.127223902
2022/8/29 5:00,0.100594937
2022/8/29 5:15,0.083258637
2022/8/29 5:30,0.084506314
2022/8/29 5:45,0.0866399
2022/8/29 6:00,0.0741194
2022/8/29 6:15,0.044419725
2022/8/29 6:30,0.045529402
2022/8/29 6:45,0.043110446
2022/8/29 7:00,0.033634483
2022/8/29 7:15,0.027569405
2022/8/29 7:30,0.028326653
2022/8/29 7:45,0.070290285
2022/8/29 8:00,0.151814752
2022/8/29 8:15,0.141394631
2022/8/29 8:30,0.120627644
2022/8/29 8:45,0.102825935
2022/8/29 9:00,0.090955356
2022/8/29 9:15,0.08814707
2022/8/29 9:30,0.103463767
2022/8/29 9:45,0.119056009
2022/8/29 10:00,0.135199555
2022/8/29 10:15,0.144693798
2022/8/29 10:30,0.140889519
2022/8/29 10:45,0.1483292
2022/8/29 11:00,0.178256836
2022/8/29 11:15,0.196615216
2022/8/29 11:30,0.191835146
2022/8/29 11:45,0.175978394
2022/8/29 12:00,0.171664209
2022/8/29 12:15,0.141823205
2022/8/29 12:30,0.123692954
2022/8/29 12:45,0.10369475
2022/8/29 13:00,0.079961671
2022/8/29 13:15,0.063592457
2022/8/29 13:30,0.061952067
2022/8/29 13:45,0.055903899
2022/8/29 14:00,0.041041305
2022/8/29 14:15,0.030158068
2022/8/29 14:30,0.026666372
2022/8/29 14:45,0.025354074
2022/8/29 15:00,0.028401628
2022/8/29 15:15,0.030230748
2022/8/29 15:30,0.029623978
2022/8/29 15:45,0.028692141
2022/8/29 16:00,0.027111079
2022/8/29 16:15,0.025995977
2022/8/29 16:30,0.025813679
2022/8/29 16:45,0.025609071
2022/8/29 17:00,0.025360786
2022/8/29 17:15,0.02566176
2022/8/29 17:30,0.027062364
2022/8/29 17:45,0.028605611
2022/8/29 18:00,0.030435545
2022/8/29 18:15,0.030480799
2022/8/29 18:30,0.026958512
2022/8/29 18:45,0.024889282
2022/8/29 19:00,0.025728508
2022/8/29 19:15,0.026454105
2022/8/29 19:30,0.026955379
2022/8/29 19:45,0.027239053
2022/8/29 20:00,0.027091083
2022/8/29 20:15,0.027401254
2022/8/29 20:30,0.028631849
2022/8/29 20:45,0.030108828
2022/8/29 21:00,0.032083208
2022/8/29 21:15,0.033281846
2022/8/29 21:30,0.032933951
2022/8/29 21:45,0.03259326
2022/8/29 22:00,0.032272039
2022/8/29 22:15,0.034929852
2022/8/29 22:30,0.043550657
2022/8/29 22:45,0.049231074
2022/8/29 23:00,0.049035255
2022/8/29 23:15,0.05137631
2022/8/29 23:30,0.058795051
2022/8/29 23:45,0.066777682
2022/8/30 0:00,0.016130277
2022/8/30 0:15,0.016069938
2022/8/30 0:30,0.016008848
2022/8/30 0:45,0.015947337
2022/8/30 1:00,0.015885715
2022/8/30 1:15,0.015824263
2022/8/30 1:30,0.015763231
2022/8/30 1:45,0.015702836
2022/8/30 2:00,0.01564326
2022/8/30 2:15,0.015584655
2022/8/30 2:30,0.015527144
2022/8/30 2:45,0.015470826
2022/8/30 3:00,0.015415778
2022/8/30 3:15,0.015362068
2022/8/30 3:30,0.015309751
2022/8/30 3:45,0.01525888
2022/8/30 4:00,0.015209506
2022/8/30 4:15,0.015161682
2022/8/30 4:30,0.015115461
2022/8/30 4:45,0.0150709
2022/8/30 5:00,0.015028049
2022/8/30 5:15,0.014986958
2022/8/30 5:30,0.014947665
2022/8/30 5:45,0.024341351
2022/8/30 6:00,0.043562666
2022/8/30 6:15,0.060833703
2022/8/30 6:30,0.112716272
2022/8/30 6:45,0.150029062
2022/8/30 7:00,0.15820052
2022/8/30 7:15,0.155104322
2022/8/30 7:30,0.129471256
2022/8/30 7:45,0.12672593
2022/8/30 8:00,0.167348662
2022/8/30 8:15,0.177332292
2022/8/30 8:30,0.133393047
2022/8/30 8:45,0.10131293
2022/8/30 9:00,0.102027028
2022/8/30 9:15,0.109044621
2022/8/30 9:30,0.128669865
2022/8/30 9:45,0.123869215
2022/8/30 10:00,0.070218095
2022/8/30 10:15,0.033935563
2022/8/30 10:30,0.031983632
2022/8/30 10:45,0.032369839
2022/8/30 11:00,0.037387286
2022/8/30 11:15,0.038027113
2022/8/30 11:30,0.031654684
2022/8/30 11:45,0.033883501
2022/8/30 12:00,0.090682236
2022/8/30 12:15,0.086139639
2022/8/30 12:30,0.040828255
2022/8/30 12:45,0.053422646
2022/8/30 13:00,0.101101029
2022/8/30 13:15,0.136470653
2022/8/30 13:30,0.126027029
2022/8/30 13:45,0.111831834
2022/8/30 14:00,0.084300096
2022/8/30 14:15,0.073339406
2022/8/30 14:30,0.091083169
2022/8/30 14:45,0.113448798
2022/8/30 15:00,0.124523553
2022/8/30 15:15,0.122054387
2022/8/30 15:30,0.078997929
2022/8/30 15:45,0.052532874
2022/8/30 16:00,0.036963594
2022/8/30 16:15,0.073050556
2022/8/30 16:30,0.193425186
2022/8/30 16:45,0.1891525
2022/8/30 17:00,0.152057215
2022/8/30 17:15,0.15077859
2022/8/30 17:30,0.23844103
2022/8/30 17:45,0.305580707
2022/8/30 18:00,0.323932176
2022/8/30 18:15,0.314165083
2022/8/30 18:30,0.277940918
2022/8/30 18:45,0.234424665
2022/8/30 19:00,0.208710169
2022/8/30 19:15,0.176943943
2022/8/30 19:30,0.126488296
2022/8/30 19:45,0.118635501
2022/8/30 20:00,0.175730175
2022/8/30 20:15,0.198821792
2022/8/30 20:30,0.152314274
2022/8/30 20:45,0.114917423
2022/8/30 21:00,0.101085405
2022/8/30 21:15,0.096544766
2022/8/30 21:30,0.086948358
2022/8/30 21:45,0.080904589
2022/8/30 22:00,0.084144231
2022/8/30 22:15,0.083502069
2022/8/30 22:30,0.068971371
2022/8/30 22:45,0.058094982
2022/8/30 23:00,0.047662636
2022/8/30 23:15,0.035563811
2022/8/30 23:30,0.018840155
2022/8/30 23:45,0.009535451
2022/8/31 0:00,0.033447884
2022/8/31 0:15,0.040726077
2022/8/31 0:30,0.071915221
2022/8/31 0:45,0.081964598
2022/8/31 1:00,0.049729983
2022/8/31 1:15,0.028897548
2022/8/31 1:30,0.022768948
2022/8/31 1:45,0.038927344
2022/8/31 2:00,0.101254056
2022/8/31 2:15,0.096645653
2022/8/31 2:30,0.081309005
2022/8/31 2:45,0.066589447
2022/8/31 3:00,0.053101632
2022/8/31 3:15,0.044398552
2022/8/31 3:30,0.031808149
2022/8/31 3:45,0.003860661
2022/8/31 4:00,0
2022/8/31 4:15,0
2022/8/31 4:30,0
2022/8/31 4:45,0
2022/8/31 5:00,0
2022/8/31 5:15,0.006369894
2022/8/31 5:30,0.051031161
2022/8/31 5:45,0.078783284
2022/8/31 6:00,0.072720553
2022/8/31 6:15,0.104439651
2022/8/31 6:30,0.211726043
2022/8/31 6:45,0.253554788
2022/8/31 7:00,0.158977633
2022/8/31 7:15,0.082894037
2022/8/31 7:30,0.066014007
2022/8/31 7:45,0.058074774
2022/8/31 8:00,0.06757966
2022/8/31 8:15,0.065403818
2022/8/31 8:30,0.038602225
2022/8/31 8:45,0.020953847
2022/8/31 9:00,0.033718142
2022/8/31 9:15,0.037416445
2022/8/31 9:30,0.022983229
2022/8/31 9:45,0.052851926
2022/8/31 10:00,0.171324354
2022/8/31 10:15,0.210974836
2022/8/31 10:30,0.092980931
2022/8/31 10:45,0.058199285
2022/8/31 11:00,0.189841437
2022/8/31 11:15,0.25773699
2022/8/31 11:30,0.198138585
2022/8/31 11:45,0.162546964
2022/8/31 12:00,0.08146948
2022/8/31 12:15,0.093860361
2022/8/31 12:30,0.111231133
2022/8/31 12:45,0.104710074
2022/8/31 13:00,0.050406541
2022/8/31 13:15,0.014911034
2022/8/31 13:30,0.016089965
2022/8/31 13:45,0.075727715
2022/8/31 14:00,0.196989287
2022/8/31 14:15,0.195096582
2022/8/31 14:30,0.183172236
2022/8/31 14:45,0.170174751
2022/8/31 15:00,0.155033623
2022/8/31 15:15,0.142429927
2022/8/31 15:30,0.090571278
2022/8/31 15:45,0.01243037
2022/8/31 16:00,0.043076616
2022/8/31 16:15,0.039250589
2022/8/31 16:30,0.030345916
2022/8/31 16:45,0.024035608
2022/8/31 17:00,0.022915813
2022/8/31 17:15,0.021286257
2022/8/31 17:30,0.018638251
2022/8/31 17:45,0.025015942
2022/8/31 18:00,0.049445289
2022/8/31 18:15,0.066735445
2022/8/31 18:30,0.069746643
2022/8/31 18:45,0.067320935
2022/8/31 19:00,0.051793609
2022/8/31 19:15,0.04153065
2022/8/31 19:30,0.050937069
2022/8/31 19:45,0.048399152
2022/8/31 20:00,0.021970103
2022/8/31 20:15,0.002911555
2022/8/31 20:30,0
2022/8/31 20:45,0.00707965
2022/8/31 21:00,0.04118252
2022/8/31 21:15,0.076284571
2022/8/31 21:30,0.113382135
2022/8/31 21:45,0.136083331
2022/8/31 22:00,0.129989021
2022/8/31 22:15,0.125087885
2022/8/31 22:30,0.12257042
2022/8/31 22:45,0.116996543
2022/8/31 23:00,0.105307217
2022/8/31 23:15,0.095912604
2022/8/31 23:30,0.091104776
2022/8/31 23:45,0.088300951
2022/9/1 0:00,0.163864238
2022/9/1 0:15,0.179565199
2022/9/1 0:30,0.202892687
2022/9/1 0:45,0.216799115
2022/9/1 1:00,0.211862777
2022/9/1 1:15,0.210000583
2022/9/1 1:30,0.170592962
2022/9/1 1:45,0.171003589
2022/9/1 2:00,0.338434878
2022/9/1 2:15,0.315387141
2022/9/1 2:30,0.260934935
2022/9/1 2:45,0.219529316
2022/9/1 3:00,0.204216947
2022/9/1 3:15,0.185015357
2022/9/1 3:30,0.158035631
2022/9/1 3:45,0.140589344
2022/9/1 4:00,0.119806433
2022/9/1 4:15,0.065852434
2022/9/1 4:30,0.034640477
2022/9/1 4:45,0.022251101
2022/9/1 5:00,0.047507868
2022/9/1 5:15,0.064898409
2022/9/1 5:30,0.066557625
2022/9/1 5:45,0.069031705
2022/9/1 6:00,0.073136707
2022/9/1 6:15,0.074159504
2022/9/1 6:30,0.069019068
2022/9/1 6:45,0.068371687
2022/9/1 7:00,0.076711488
2022/9/1 7:15,0.082265192
2022/9/1 7:30,0.054072066
2022/9/1 7:45,0.0294425
2022/9/1 8:00,0.093258392
2022/9/1 8:15,0.089221427
2022/9/1 8:30,0.077147995
2022/9/1 8:45,0.075528029
2022/9/1 9:00,0.094815147
2022/9/1 9:15,0.108265158
2022/9/1 9:30,0.097994318
2022/9/1 9:45,0.071430696
2022/9/1 10:00,0.059934774
2022/9/1 10:15,0.069798015
2022/9/1 10:30,0.104306424
2022/9/1 10:45,0.118811419
2022/9/1 11:00,0.167731518
2022/9/1 11:15,0.205440945
2022/9/1 11:30,0.220728592
2022/9/1 11:45,0.250757194
2022/9/1 12:00,0.337071756
2022/9/1 12:15,0.389058427
2022/9/1 12:30,0.41337796
2022/9/1 12:45,0.420473505
2022/9/1 13:00,0.393120261
2022/9/1 13:15,0.375199874
2022/9/1 13:30,0.376144266
2022/9/1 13:45,0.429133847
2022/9/1 14:00,0.586212677
2022/9/1 14:15,0.71798995
2022/9/1 14:30,0.799162738
2022/9/1 14:45,0.799331693
2022/9/1 15:00,0.637491349
2022/9/1 15:15,0.528810682
2022/9/1 15:30,0.526447495
2022/9/1 15:45,0.494834494
2022/9/1 16:00,0.4047198
2022/9/1 16:15,0.326003128
2022/9/1 16:30,0.27008032
2022/9/1 16:45,0.243214819
2022/9/1 17:00,0.27446173
2022/9/1 17:15,0.294486068
2022/9/1 17:30,0.292063131
2022/9/1 17:45,0.316879173
2022/9/1 18:00,0.396171208
2022/9/1 18:15,0.481930406
2022/9/1 18:30,0.580622217
2022/9/1 18:45,0.617014882
2022/9/1 19:00,0.528807863
2022/9/1 19:15,0.469660314
2022/9/1 19:30,0.468630685
2022/9/1 19:45,0.441306291
2022/9/1 20:00,0.361391762
2022/9/1 20:15,0.296081824
2022/9/1 20:30,0.259980899
2022/9/1 20:45,0.246779481
2022/9/1 21:00,0.279377354
2022/9/1 21:15,0.311457025
2022/9/1 21:30,0.342500997
2022/9/1 21:45,0.389448297
2022/9/1 22:00,0.468203339
2022/9/1 22:15,0.521649546
2022/9/1 22:30,0.524479489
2022/9/1 22:45,0.51783088
2022/9/1 23:00,0.492226799
2022/9/1 23:15,0.460892365
2022/9/1 23:30,0.418098971
2022/9/1 23:45,0.353232762
2022/9/2 0:00,0.240559179
2022/9/2 0:15,0.194337997
2022/9/2 0:30,0.224750363
2022/9/2 0:45,0.250604226
2022/9/2 1:00,0.23708632
2022/9/2 1:15,0.220095046
2022/9/2 1:30,0.162175293
2022/9/2 1:45,0.061714667
2022/9/2 2:00,0.067005716
2022/9/2 2:15,0.07058473
2022/9/2 2:30,0.072730283
2022/9/2 2:45,0.085494208
2022/9/2 3:00,0.112284922
2022/9/2 3:15,0.123900574
2022/9/2 3:30,0.182145979
2022/9/2 3:45,0.218933156
2022/9/2 4:00,0.221158828
2022/9/2 4:15,0.220341345
2022/9/2 4:30,0.216455665
2022/9/2 4:45,0.211648614
2022/9/2 5:00,0.196572303
2022/9/2 5:15,0.183465323
2022/9/2 5:30,0.160865153
2022/9/2 5:45,0.172640289
2022/9/2 6:00,0.243937892
2022/9/2 6:15,0.267784894
2022/9/2 6:30,0.214047782
2022/9/2 6:45,0.158087839
2022/9/2 7:00,0.104580656
2022/9/2 7:15,0.086591018
2022/9/2 7:30,0.158199269
2022/9/2 7:45,0.166171647
2022/9/2 8:00,0.097874909
2022/9/2 8:15,0.059030467
2022/9/2 8:30,0.087451019
2022/9/2 8:45,0.110003092
2022/9/2 9:00,0.12657455
2022/9/2 9:15,0.14095728
2022/9/2 9:30,0.152518519
2022/9/2 9:45,0.15785245
2022/9/2 10:00,0.155598825
2022/9/2 10:15,0.17037101
2022/9/2 10:30,0.199254491
2022/9/2 10:45,0.216449885
2022/9/2 11:00,0.2086102
2022/9/2 11:15,0.196435202
2022/9/2 11:30,0.187492157
2022/9/2 11:45,0.178077239
2022/9/2 12:00,0.152989346
2022/9/2 12:15,0.146487091
2022/9/2 12:30,0.148464659
2022/9/2 12:45,0.164965967
2022/9/2 13:00,0.194595217
2022/9/2 13:15,0.245981952
2022/9/2 13:30,0.300644211
2022/9/2 13:45,0.327950548
2022/9/2 14:00,0.262497936
2022/9/2 14:15,0.20627804
2022/9/2 14:30,0.185847937
2022/9/2 14:45,0.161174454
2022/9/2 15:00,0.127530768
2022/9/2 15:15,0.117662688
2022/9/2 15:30,0.125219105
2022/9/2 15:45,0.13766448
2022/9/2 16:00,0.14340582
2022/9/2 16:15,0.139312653
2022/9/2 16:30,0.129946812
2022/9/2 16:45,0.115787839
2022/9/2 17:00,0.079022775
2022/9/2 17:15,0.068938334
2022/9/2 17:30,0.096278127
2022/9/2 17:45,0.12283157
2022/9/2 18:00,0.146495547
2022/9/2 18:15,0.167182593
2022/9/2 18:30,0.178630341
2022/9/2 18:45,0.213303353
2022/9/2 19:00,0.265357902
2022/9/2 19:15,0.293173622
2022/9/2 19:30,0.28468386
2022/9/2 19:45,0.240541395
2022/9/2 20:00,0.231960384
2022/9/2 20:15,0.197807164
2022/9/2 20:30,0.185700658
2022/9/2 20:45,0.188324415
2022/9/2 21:00,0.212596206
2022/9/2 21:15,0.198211134
2022/9/2 21:30,0.189550731
2022/9/2 21:45,0.183870555
2022/9/2 22:00,0.155524219
2022/9/2 22:15,0.151776529
2022/9/2 22:30,0.134664575
2022/9/2 22:45,0.131934024
2022/9/2 23:00,0.17040907
2022/9/2 23:15,0.187816358
2022/9/2 23:30,0.164201757
2022/9/2 23:45,0.152510485
2022/9/3 0:00,0.101245681
2022/9/3 0:15,0.107673652
2022/9/3 0:30,0.095784439
2022/9/3 0:45,0.083446666
2022/9/3 1:00,0.070143919
2022/9/3 1:15,0.07016107
2022/9/3 1:30,0.092677128
2022/9/3 1:45,0.104940605
2022/9/3 2:00,0.114310057
2022/9/3 2:15,0.122157352
2022/9/3 2:30,0.126959183
2022/9/3 2:45,0.133183618
2022/9/3 3:00,0.142252495
2022/9/3 3:15,0.141699742
2022/9/3 3:30,0.109271637
2022/9/3 3:45,0.082232793
2022/9/3 4:00,0.109631975
2022/9/3 4:15,0.116046532
2022/9/3 4:30,0.107962178
2022/9/3 4:45,0.09281905
2022/9/3 5:00,0.063558906
2022/9/3 5:15,0.048101232
2022/9/3 5:30,0.060249059
2022/9/3 5:45,0.069581313
2022/9/3 6:00,0.05355846
2022/9/3 6:15,0.015980753
2022/9/3 6:30,0.013658397
2022/9/3 6:45,0.012144653
2022/9/3 7:00,0.012248035
2022/9/3 7:15,0.011480105
2022/9/3 7:30,0.008969134
2022/9/3 7:45,0.007310661
2022/9/3 8:00,0.005903996
2022/9/3 8:15,0.003065323
2022/9/3 8:30,0.003112689
2022/9/3 8:45,0.00316071
2022/9/3 9:00,0.003209254
2022/9/3 9:15,0.003838271
2022/9/3 9:30,0.006178201
2022/9/3 9:45,0.007754352
2022/9/3 10:00,0.006277483
2022/9/3 10:15,0.004481951
2022/9/3 10:30,0.006627626
2022/9/3 10:45,0.007180573
2022/9/3 11:00,0.008747312
2022/9/3 11:15,0.009465234
2022/9/3 11:30,0.008487311
2022/9/3 11:45,0.007151902
2022/9/3 12:00,0.037458822
2022/9/3 12:15,0.048074639
2022/9/3 12:30,0.089307856
2022/9/3 12:45,0.142166113
2022/9/3 13:00,0.218277683
2022/9/3 13:15,0.279026194
2022/9/3 13:30,0.309050681
2022/9/3 13:45,0.376941895
2022/9/3 14:00,0.520567376
2022/9/3 14:15,0.594460411
2022/9/3 14:30,0.528888108
2022/9/3 14:45,0.521681002
2022/9/3 15:00,0.620781687
2022/9/3 15:15,0.64223486
2022/9/3 15:30,0.550015747
2022/9/3 15:45,0.447528664
2022/9/3 16:00,0.324502905
2022/9/3 16:15,0.221086652
2022/9/3 16:30,0.156886678
2022/9/3 16:45,0.130713478
2022/9/3 17:00,0.164025555
2022/9/3 17:15,0.163068087
2022/9/3 17:30,0.160070362
2022/9/3 17:45,0.157622304
2022/9/3 18:00,0.156272856
2022/9/3 18:15,0.158035539
2022/9/3 18:30,0.166022768
2022/9/3 18:45,0.169968928
2022/9/3 19:00,0.165834212
2022/9/3 19:15,0.164811321
2022/9/3 19:30,0.170014179
2022/9/3 19:45,0.175429269
2022/9/3 20:00,0.181271538
2022/9/3 20:15,0.201565209
2022/9/3 20:30,0.25076474
2022/9/3 20:45,0.284067024
2022/9/3 21:00,0.285577929
2022/9/3 21:15,0.283330101
2022/9/3 21:30,0.27356772
2022/9/3 21:45,0.259511024
2022/9/3 22:00,0.236868197
2022/9/3 22:15,0.217924434
2022/9/3 22:30,0.20638073
2022/9/3 22:45,0.208451097
2022/9/3 23:00,0.237750907
2022/9/3 23:15,0.266477199
2022/9/3 23:30,0.294057126
2022/9/3 23:45,0.290649331
2022/9/4 0:00,0.186835599
2022/9/4 0:15,0.154423901
2022/9/4 0:30,0.10930362
2022/9/4 0:45,0.050603831
2022/9/4 1:00,0.104017199
2022/9/4 1:15,0.118454038
2022/9/4 1:30,0.158437493
2022/9/4 1:45,0.177857285
2022/9/4 2:00,0.158672978
2022/9/4 2:15,0.137198721
2022/9/4 2:30,0.122170804
2022/9/4 2:45,0.116777793
2022/9/4 3:00,0.145851311
2022/9/4 3:15,0.172855222
2022/9/4 3:30,0.178323825
2022/9/4 3:45,0.164308859
2022/9/4 4:00,0.139091576
2022/9/4 4:15,0.110965751
2022/9/4 4:30,0.097152738
2022/9/4 4:45,0.08638738
2022/9/4 5:00,0.096863548
2022/9/4 5:15,0.09203215
2022/9/4 5:30,0.100269285
2022/9/4 5:45,0.113664687
2022/9/4 6:00,0.101651473
2022/9/4 6:15,0.089028637
2022/9/4 6:30,0.089333293
2022/9/4 6:45,0.09001383
2022/9/4 7:00,0.064763908
2022/9/4 7:15,0.089992679
2022/9/4 7:30,0.089920653
2022/9/4 7:45,0.089718119
2022/9/4 8:00,0.089682801
2022/9/4 8:15,0.060014419
2022/9/4 8:30,0.052091365
2022/9/4 8:45,0.059059717
2022/9/4 9:00,0.052387643
2022/9/4 9:15,0.079450177
2022/9/4 9:30,0.13382355
2022/9/4 9:45,0.157191006
2022/9/4 10:00,0.137500788
2022/9/4 10:15,0.110388836
2022/9/4 10:30,0.152690808
2022/9/4 10:45,0.150629665
2022/9/4 11:00,0.144684287
2022/9/4 11:15,0.132040224
2022/9/4 11:30,0.097180022
2022/9/4 11:45,0.056288126
2022/9/4 12:00,0.036451764
2022/9/4 12:15,0.049339059
2022/9/4 12:30,0.077763244
2022/9/4 12:45,0.111520568
2022/9/4 13:00,0.155942971
2022/9/4 13:15,0.189261626
2022/9/4 13:30,0.200371044
2022/9/4 13:45,0.2207431
2022/9/4 14:00,0.25963811
2022/9/4 14:15,0.284664668
2022/9/4 14:30,0.281951421
2022/9/4 14:45,0.262966874
2022/9/4 15:00,0.211436317
2022/9/4 15:15,0.156928169
2022/9/4 15:30,0.096461056
2022/9/4 15:45,0.050906392
2022/9/4 16:00,0.035172652
2022/9/4 16:15,0.027422444
2022/9/4 16:30,0.035084827
2022/9/4 16:45,0.042185761
2022/9/4 17:00,0.048160115
2022/9/4 17:15,0.048938596
2022/9/4 17:30,0.039322106
2022/9/4 17:45,0.034201418
2022/9/4 18:00,0.038069701
2022/9/4 18:15,0.041008092
2022/9/4 18:30,0.042084712
2022/9/4 18:45,0.060027541
2022/9/4 19:00,0.091663274
2022/9/4 19:15,0.078224973
2022/9/4 19:30,0.056921447
2022/9/4 19:45,0.042443815
2022/9/4 20:00,0.041617501
2022/9/4 20:15,0.043086957
2022/9/4 20:30,0.049147685
2022/9/4 20:45,0.070698499
2022/9/4 21:00,0.123229275
2022/9/4 21:15,0.161455955
2022/9/4 21:30,0.171074191
2022/9/4 21:45,0.189450405
2022/9/4 22:00,0.225342243
2022/9/4 22:15,0.236499557
2022/9/4 22:30,0.198187443
2022/9/4 22:45,0.160940702
2022/9/4 23:00,0.125824358
2022/9/4 23:15,0.105943295
2022/9/4 23:30,0.116532588
2022/9/4 23:45,0.113173163
2022/9/5 0:00,0.074762942
2022/9/5 0:15,0.049490616
2022/9/5 0:30,0.027708465
2022/9/5 0:45,0.011112163
2022/9/5 1:00,0.00488824
2022/9/5 1:15,0.00199743
2022/9/5 1:30,0.005187921
2022/9/5 1:45,0.011084111
2022/9/5 2:00,0.022393237
2022/9/5 2:15,0.032945665
2022/9/5 2:30,0.04253709
2022/9/5 2:45,0.063966504
2022/9/5 3:00,0.10907395
2022/9/5 3:15,0.144694415
2022/9/5 3:30,0.161343001
2022/9/5 3:45,0.185269275
2022/9/5 4:00,0.223752865
2022/9/5 4:15,0.222266064
2022/9/5 4:30,0.140840122
2022/9/5 4:45,0.090212733
2022/9/5 5:00,0.100167444
2022/9/5 5:15,0.111132081
2022/9/5 5:30,0.128122898
2022/9/5 5:45,0.15278983
2022/9/5 6:00,0.192532807
2022/9/5 6:15,0.205120101
2022/9/5 6:30,0.164737249
2022/9/5 6:45,0.173660029
2022/9/5 7:00,0.281133656
2022/9/5 7:15,0.3584032
2022/9/5 7:30,0.375262738
2022/9/5 7:45,0.390133943
2022/9/5 8:00,0.401026066
2022/9/5 8:15,0.362655669
2022/9/5 8:30,0.225757311
2022/9/5 8:45,0.155400707
2022/9/5 9:00,0.218124283
2022/9/5 9:15,0.311056761
2022/9/5 9:30,0.464403421
2022/9/5 9:45,0.51151714
2022/9/5 10:00,0.346161192
2022/9/5 10:15,0.235124766
2022/9/5 10:30,0.232128973
2022/9/5 10:45,0.213481798
2022/9/5 11:00,0.16548955
2022/9/5 11:15,0.111590533
2022/9/5 11:30,0.047581583
2022/9/5 11:45,0.011370656
2022/9/5 12:00,0.039830741
2022/9/5 12:15,0.045065281
2022/9/5 12:30,0.017173677
2022/9/5 12:45,3.47E-18
2022/9/5 13:00,0
2022/9/5 13:15,6.94E-18
2022/9/5 13:30,3.47E-18
2022/9/5 13:45,0
2022/9/5 14:00,0
2022/9/5 14:15,0
2022/9/5 14:30,6.94E-18
2022/9/5 14:45,0
2022/9/5 15:00,0
2022/9/5 15:15,0
2022/9/5 15:30,0
2022/9/5 15:45,6.94E-18
2022/9/5 16:00,0
2022/9/5 16:15,0.049065456
2022/9/5 16:30,0.147591015
2022/9/5 16:45,0.147594304
2022/9/5 17:00,0.14760417
2022/9/5 17:15,0.147607459
2022/9/5 17:30,0.147597593
2022/9/5 17:45,0.147587727
2022/9/5 18:00,0.14757786
2022/9/5 18:15,0.147554839
2022/9/5 18:30,0.147505509
2022/9/5 18:45,0.139012947
2022/9/5 19:00,0.113633922
2022/9/5 19:15,0.092790037
2022/9/5 19:30,0.081016433
2022/9/5 19:45,0.084891637
2022/9/5 20:00,0.120064459
2022/9/5 20:15,0.143292663
2022/9/5 20:30,0.142631631
2022/9/5 20:45,0.141947578
2022/9/5 21:00,0.141217483
2022/9/5 21:15,0.120921718
2022/9/5 21:30,0.061494612
2022/9/5 21:45,0.021876542
2022/9/5 22:00,0.014518587
2022/9/5 22:15,0
2022/9/5 22:30,6.94E-18
2022/9/5 22:45,0.024644545
2022/9/5 23:00,0.099170147
2022/9/5 23:15,0.159789961
2022/9/5 23:30,0.192598196
2022/9/5 23:45,0.205621513
2022/9/6 0:00,0.156532362
2022/9/6 0:15,0.175805429
2022/9/6 0:30,0.283534
2022/9/6 0:45,0.324289973
2022/9/6 1:00,0.230984121
2022/9/6 1:15,0.165550473
2022/9/6 1:30,0.155863796
2022/9/6 1:45,0.150313221
2022/9/6 2:00,0.153037541
2022/9/6 2:15,0.151960536
2022/9/6 2:30,0.143283689
2022/9/6 2:45,0.137741322
2022/9/6 3:00,0.138470824
2022/9/6 3:15,0.145857924
2022/9/6 3:30,0.166563226
2022/9/6 3:45,0.174903149
2022/9/6 4:00,0.1585154
2022/9/6 4:15,0.142774736
2022/9/6 4:30,0.128331367
2022/9/6 4:45,0.123169037
2022/9/6 5:00,0.136571876
2022/9/6 5:15,0.130440877
2022/9/6 5:30,0.085245161
2022/9/6 5:45,0.053088047
2022/9/6 6:00,0.047010833
2022/9/6 6:15,0.034906365
2022/9/6 6:30,0.010749675
2022/9/6 6:45,0.003864263
2022/9/6 7:00,0.024973334
2022/9/6 7:15,0.046532279
2022/9/6 7:30,0.075785862
2022/9/6 7:45,0.085074394
2022/9/6 8:00,0.055223075
2022/9/6 8:15,0.033583232
2022/9/6 8:30,0.028365852
2022/9/6 8:45,0.037043592
2022/9/6 9:00,0.073510308
2022/9/6 9:15,0.095282682
2022/9/6 9:30,0.087664395
2022/9/6 9:45,0.106252453
2022/9/6 10:00,0.177250601
2022/9/6 10:15,0.21579142
2022/9/6 10:30,0.189414474
2022/9/6 10:45,0.192586322
2022/9/6 11:00,0.254852257
2022/9/6 11:15,0.29533659
2022/9/6 11:30,0.292253946
2022/9/6 11:45,0.295406714
2022/9/6 12:00,0.316053155
2022/9/6 12:15,0.330255232
2022/9/6 12:30,0.34142963
2022/9/6 12:45,0.339914429
2022/9/6 13:00,0.311217231
2022/9/6 13:15,0.365621497
2022/9/6 13:30,0.557247943
2022/9/6 13:45,0.689670351
2022/9/6 14:00,0.66560018
2022/9/6 14:15,0.717804773
2022/9/6 14:30,0.786634571
2022/9/6 14:45,0.809717594
2022/9/6 15:00,0.648971645
2022/9/6 15:15,0.504036413
2022/9/6 15:30,0.421052709
2022/9/6 15:45,0.321073691
2022/9/6 16:00,0.286424587
2022/9/6 16:15,0.308465057
2022/9/6 16:30,0.400460911
2022/9/6 16:45,0.441959084
2022/9/6 17:00,0.409229656
2022/9/6 17:15,0.408754186
2022/9/6 17:30,0.481660885
2022/9/6 17:45,0.534295212
2022/9/6 18:00,0.610233552
2022/9/6 18:15,0.686486397
2022/9/6 18:30,0.709944891
2022/9/6 18:45,0.737424891
2022/9/6 19:00,0.763317182
2022/9/6 19:15,0.762830476
2022/9/6 19:30,0.741604659
2022/9/6 19:45,0.720772774
2022/9/6 20:00,0.694451731
2022/9/6 20:15,0.700360255
2022/9/6 20:30,0.740734452
2022/9/6 20:45,0.763264111
2022/9/6 21:00,0.766330633
2022/9/6 21:15,0.767497512
2022/9/6 21:30,0.809797369
2022/9/6 21:45,0.821378742
2022/9/6 22:00,0.809517331
2022/9/6 22:15,0.829641884
2022/9/6 22:30,0.904748473
2022/9/6 22:45,0.945721476
2022/9/6 23:00,0.952049208
2022/9/6 23:15,0.911105002
2022/9/6 23:30,0.802346255
2022/9/6 23:45,0.679942769
2022/9/7 0:00,0.403315199
2022/9/7 0:15,0.25972316
2022/9/7 0:30,0.257883381
2022/9/7 0:45,0.272898583
2022/9/7 1:00,0.338309367
2022/9/7 1:15,0.352382564
2022/9/7 1:30,0.335363508
2022/9/7 1:45,0.287560673
2022/9/7 2:00,0.198932282
2022/9/7 2:15,0.153018941
2022/9/7 2:30,0.316567073
2022/9/7 2:45,0.502011566
2022/9/7 3:00,0.759802203
2022/9/7 3:15,0.84930673
2022/9/7 3:30,0.592646813
2022/9/7 3:45,0.408243921
2022/9/7 4:00,0.390269125
2022/9/7 4:15,0.378660517
2022/9/7 4:30,0.371540092
2022/9/7 4:45,0.369856748
2022/9/7 5:00,0.402403557
2022/9/7 5:15,0.453497905
2022/9/7 5:30,0.495776246
2022/9/7 5:45,0.58839551
2022/9/7 6:00,0.69769315
2022/9/7 6:15,0.773767216
2022/9/7 6:30,0.782133879
2022/9/7 6:45,0.73521459
2022/9/7 7:00,0.585583376
2022/9/7 7:15,0.451628038
2022/9/7 7:30,0.265627909
2022/9/7 7:45,0.116134563
2022/9/7 8:00,0.048091201
2022/9/7 8:15,0.01720336
2022/9/7 8:30,0.011388915
2022/9/7 8:45,0.006080805
2022/9/7 9:00,0.01899633
2022/9/7 9:15,0.021601619
2022/9/7 9:30,0.015816987
2022/9/7 9:45,0.000975533
2022/9/7 10:00,0.00031736
2022/9/7 10:15,0.000410757
2022/9/7 10:30,0.000503336
2022/9/7 10:45,0.023111358
2022/9/7 11:00,0.068589737
2022/9/7 11:15,0.07073239
2022/9/7 11:30,0.076981395
2022/9/7 11:45,0.073789249
2022/9/7 12:00,0.053599008
2022/9/7 12:15,0.036435807
2022/9/7 12:30,0.029295544
2022/9/7 12:45,0.026384718
2022/9/7 13:00,0.031931873
2022/9/7 13:15,0.045582731
2022/9/7 13:30,0.075440286
2022/9/7 13:45,0.095340431
2022/9/7 14:00,0.064414559
2022/9/7 14:15,0.051390217
2022/9/7 14:30,0.148999306
2022/9/7 14:45,0.14898515
2022/9/7 15:00,0.100159529
2022/9/7 15:15,0.00529922
2022/9/7 15:30,0.013146753
2022/9/7 15:45,0.016670893
2022/9/7 16:00,0.011547916
2022/9/7 16:15,0.007682853
2022/9/7 16:30,0.006333185
2022/9/7 16:45,0.005070411
2022/9/7 17:00,0.003980818
2022/9/7 17:15,0.00325221
2022/9/7 17:30,0.003024165
2022/9/7 17:45,0.00259654
2022/9/7 18:00,0.002591691
2022/9/7 18:15,0.012711014
2022/9/7 18:30,0.033309796
2022/9/7 18:45,0.028138908
2022/9/7 19:00,0.012628084
2022/9/7 19:15,0.01659681
2022/9/7 19:30,0.059522846
2022/9/7 19:45,0.088143759
2022/9/7 20:00,0.059580222
2022/9/7 20:15,0.00262354
2022/9/7 20:30,0.002635515
2022/9/7 20:45,0.027894353
2022/9/7 21:00,0.078755059
2022/9/7 21:15,0.068054938
2022/9/7 21:30,0.035924335
2022/9/7 21:45,0.014509894
2022/9/7 22:00,0.010535159
2022/9/7 22:15,0.002746235
2022/9/7 22:30,0.002763238
2022/9/7 22:45,0.014030217
2022/9/7 23:00,0.048418904
2022/9/7 23:15,0.070733598
2022/9/7 23:30,0.068900937
2022/9/7 23:45,0.077981143
2022/9/8 0:00,0.1169712
2022/9/8 0:15,0.129564266
2022/9/8 0:30,0.105540792
2022/9/8 0:45,0.117799418
2022/9/8 1:00,0.17957296
2022/9/8 1:15,0.215110159
2022/9/8 1:30,0.15405987
2022/9/8 1:45,0.106763592
2022/9/8 2:00,0.082126351
2022/9/8 2:15,0.062716178
2022/9/8 2:30,0.060637757
2022/9/8 2:45,0.072956824
2022/9/8 3:00,0.108328575
2022/9/8 3:15,0.150120624
2022/9/8 3:30,0.205607588
2022/9/8 3:45,0.225111087
2022/9/8 4:00,0.175016803
2022/9/8 4:15,0.136932565
2022/9/8 4:30,0.123836602
2022/9/8 4:45,0.127371253
2022/9/8 5:00,0.164167164
2022/9/8 5:15,0.180759922
2022/9/8 5:30,0.156945855
2022/9/8 5:45,0.144827321
2022/9/8 6:00,0.15609886
2022/9/8 6:15,0.167036505
2022/9/8 6:30,0.177304971
2022/9/8 6:45,0.175254461
2022/9/8 7:00,0.148564274
2022/9/8 7:15,0.127873878
2022/9/8 7:30,0.11918105
2022/9/8 7:45,0.100509091
2022/9/8 8:00,0.061876575
2022/9/8 8:15,0.042329944
2022/9/8 8:30,0.060952486
2022/9/8 8:45,0.071445521
2022/9/8 9:00,0.065676594
2022/9/8 9:15,0.057102371
2022/9/8 9:30,0.042914194
2022/9/8 9:45,0.034452457
2022/9/8 10:00,0.037439768
2022/9/8 10:15,0.058057505
2022/9/8 10:30,0.113931766
2022/9/8 10:45,0.184774
2022/9/8 11:00,0.285547375
2022/9/8 11:15,0.392250964
2022/9/8 11:30,0.505481416
2022/9/8 11:45,0.555511053
2022/9/8 12:00,0.479358934
2022/9/8 12:15,0.412614494
2022/9/8 12:30,0.395480649
2022/9/8 12:45,0.417243466
2022/9/8 13:00,0.516800834
2022/9/8 13:15,0.594603132
2022/9/8 13:30,0.628896867
2022/9/8 13:45,0.59985103
2022/9/8 14:00,0.444127978
2022/9/8 14:15,0.355723596
2022/9/8 14:30,0.401958797
2022/9/8 14:45,0.39470852
2022/9/8 15:00,0.280489756
2022/9/8 15:15,0.197076262
2022/9/8 15:30,0.175275889
2022/9/8 15:45,0.159351208
2022/9/8 16:00,0.15518046
2022/9/8 16:15,0.155957558
2022/9/8 16:30,0.166632723
2022/9/8 16:45,0.165624592
2022/9/8 17:00,0.141251949
2022/9/8 17:15,0.128787368
2022/9/8 17:30,0.140140609
2022/9/8 17:45,0.161611437
2022/9/8 18:00,0.203318697
2022/9/8 18:15,0.235318313
2022/9/8 18:30,0.247903434
2022/9/8 18:45,0.259479045
2022/9/8 19:00,0.269035964
2022/9/8 19:15,0.280797574
2022/9/8 19:30,0.296968423
2022/9/8 19:45,0.298463779
2022/9/8 20:00,0.270607542
2022/9/8 20:15,0.246898381
2022/9/8 20:30,0.231482299
2022/9/8 20:45,0.217141472
2022/9/8 21:00,0.20494959
2022/9/8 21:15,0.204839056
2022/9/8 21:30,0.228889142
2022/9/8 21:45,0.244864109
2022/9/8 22:00,0.244686242
2022/9/8 22:15,0.255100062
2022/9/8 22:30,0.286694146
2022/9/8 22:45,0.311478325
2022/9/8 23:00,0.322639106
2022/9/8 23:15,0.325556102
2022/9/8 23:30,0.311981542
2022/9/8 23:45,0.282343908
2022/9/9 0:00,0.21649198
2022/9/9 0:15,0.207341594
2022/9/9 0:30,0.206149162
2022/9/9 0:45,0.198875261
2022/9/9 1:00,0.219777894
2022/9/9 1:15,0.224336493
2022/9/9 1:30,0.217964381
2022/9/9 1:45,0.220793854
2022/9/9 2:00,0.241536799
2022/9/9 2:15,0.301118071
2022/9/9 2:30,0.442454814
2022/9/9 2:45,0.530667923
2022/9/9 3:00,0.520243882
2022/9/9 3:15,0.495618836
2022/9/9 3:30,0.419914737
2022/9/9 3:45,0.355063
2022/9/9 4:00,0.344509136
2022/9/9 4:15,0.311853205
2022/9/9 4:30,0.27463874
2022/9/9 4:45,0.245856681
2022/9/9 5:00,0.215331569
2022/9/9 5:15,0.197540471
2022/9/9 5:30,0.182906104
2022/9/9 5:45,0.171457512
2022/9/9 6:00,0.161761558
2022/9/9 6:15,0.139090785
2022/9/9 6:30,0.076385698
2022/9/9 6:45,0.054509311
2022/9/9 7:00,0.114562077
2022/9/9 7:15,0.155633394
2022/9/9 7:30,0.145506707
2022/9/9 7:45,0.119178272
2022/9/9 8:00,0.052400094
2022/9/9 8:15,0.012624111
2022/9/9 8:30,0.031686122
2022/9/9 8:45,0.033265253
2022/9/9 9:00,0.047416793
2022/9/9 9:15,0.051245399
2022/9/9 9:30,0.044114417
2022/9/9 9:45,0.041857748
2022/9/9 10:00,0.044920734
2022/9/9 10:15,0.039128079
2022/9/9 10:30,0.030801085
2022/9/9 10:45,0.024782789
2022/9/9 11:00,0.048488013
2022/9/9 11:15,0.076377995
2022/9/9 11:30,0.088680426
2022/9/9 11:45,0.114921203
2022/9/9 12:00,0.147048336
2022/9/9 12:15,0.217877883
2022/9/9 12:30,0.325601497
2022/9/9 12:45,0.393775443
2022/9/9 13:00,0.38285013
2022/9/9 13:15,0.397554477
2022/9/9 13:30,0.463518073
2022/9/9 13:45,0.489582153
2022/9/9 14:00,0.43584697
2022/9/9 14:15,0.445549654
2022/9/9 14:30,0.582127708
2022/9/9 14:45,0.676913725
2022/9/9 15:00,0.688115224
2022/9/9 15:15,0.674456139
2022/9/9 15:30,0.611075451
2022/9/9 15:45,0.56338902
2022/9/9 16:00,0.547090795
2022/9/9 16:15,0.52576531
2022/9/9 16:30,0.493659969
2022/9/9 16:45,0.485935206
2022/9/9 17:00,0.529813792
2022/9/9 17:15,0.551931553
2022/9/9 17:30,0.530528434
2022/9/9 17:45,0.496999239
2022/9/9 18:00,0.439219187
2022/9/9 18:15,0.389587464
2022/9/9 18:30,0.356254246
2022/9/9 18:45,0.328382322
2022/9/9 19:00,0.311435351
2022/9/9 19:15,0.302266832
2022/9/9 19:30,0.308658035
2022/9/9 19:45,0.3151466
2022/9/9 20:00,0.321833057
2022/9/9 20:15,0.322967339
2022/9/9 20:30,0.312531047
2022/9/9 20:45,0.309536227
2022/9/9 21:00,0.323014352
2022/9/9 21:15,0.341574973
2022/9/9 21:30,0.372360236
2022/9/9 21:45,0.40069627
2022/9/9 22:00,0.424137322
2022/9/9 22:15,0.437006816
2022/9/9 22:30,0.428464898
2022/9/9 22:45,0.39857579
2022/9/9 23:00,0.326988024
2022/9/9 23:15,0.267928029
2022/9/9 23:30,0.235190757
2022/9/9 23:45,0.206902404
2022/9/10 0:00,0.165548925
2022/9/10 0:15,0.159130954
2022/9/10 0:30,0.177162611
2022/9/10 0:45,0.184521611
2022/9/10 1:00,0.170533977
2022/9/10 1:15,0.166207465
2022/9/10 1:30,0.181201447
2022/9/10 1:45,0.227652017
2022/9/10 2:00,0.337013616
2022/9/10 2:15,0.423145598
2022/9/10 2:30,0.462815839
2022/9/10 2:45,0.509618908
2022/9/10 3:00,0.570684829
2022/9/10 3:15,0.603933106
2022/9/10 3:30,0.581543081
2022/9/10 3:45,0.563467378
2022/9/10 4:00,0.554017226
2022/9/10 4:15,0.520673037
2022/9/10 4:30,0.439537757
2022/9/10 4:45,0.379681806
2022/9/10 5:00,0.362381747
2022/9/10 5:15,0.344978495
2022/9/10 5:30,0.327366518
2022/9/10 5:45,0.305635758
2022/9/10 6:00,0.275665662
2022/9/10 6:15,0.237774338
2022/9/10 6:30,0.184039464
2022/9/10 6:45,0.128145482
2022/9/10 7:00,0.067932908
2022/9/10 7:15,0.031459336
2022/9/10 7:30,0.040437581
2022/9/10 7:45,0.049147555
2022/9/10 8:00,0.056147835
2022/9/10 8:15,0.048034117
2022/9/10 8:30,0.046814173
2022/9/10 8:45,0.044546909
2022/9/10 9:00,0.036492741
2022/9/10 9:15,0.034981126
2022/9/10 9:30,0.045630833
2022/9/10 9:45,0.073892077
2022/9/10 10:00,0.143210752
2022/9/10 10:15,0.161006757
2022/9/10 10:30,0.075758549
2022/9/10 10:45,0.026993699
2022/9/10 11:00,0.051196191
2022/9/10 11:15,0.066619224
2022/9/10 11:30,0.054264033
2022/9/10 11:45,0.031916564
2022/9/10 12:00,0.01035915
2022/9/10 12:15,0.01460361
2022/9/10 12:30,0.010188524
2022/9/10 12:45,0.011765674
2022/9/10 13:00,0.010026561
2022/9/10 13:15,0.011461673
2022/9/10 13:30,0.01680559
2022/9/10 13:45,0.019344945
2022/9/10 14:00,0.041608998
2022/9/10 14:15,0.05647695
2022/9/10 14:30,0.105001154
2022/9/10 14:45,0.144763413
2022/9/10 15:00,0.164465379
2022/9/10 15:15,0.183849299
2022/9/10 15:30,0.205289093
2022/9/10 15:45,0.209488389
2022/9/10 16:00,0.186777587
2022/9/10 16:15,0.173137801
2022/9/10 16:30,0.174690606
2022/9/10 16:45,0.181000233
2022/9/10 17:00,0.187494058
2022/9/10 17:15,0.206748475
2022/9/10 17:30,0.227264505
2022/9/10 17:45,0.271562952
2022/9/10 18:00,0.369214295
2022/9/10 18:15,0.423692687
2022/9/10 18:30,0.447357693
2022/9/10 18:45,0.459796115
2022/9/10 19:00,0.434511885
2022/9/10 19:15,0.421798757
2022/9/10 19:30,0.439384234
2022/9/10 19:45,0.459279303
2022/9/10 20:00,0.472448412
2022/9/10 20:15,0.506738898
2022/9/10 20:30,0.582514231
2022/9/10 20:45,0.634108945
2022/9/10 21:00,0.638746332
2022/9/10 21:15,0.659465407
2022/9/10 21:30,0.721234967
2022/9/10 21:45,0.747667846
2022/9/10 22:00,0.711977281
2022/9/10 22:15,0.67197873
2022/9/10 22:30,0.670468745
2022/9/10 22:45,0.686368465
2022/9/10 23:00,0.760436123
2022/9/10 23:15,0.733554953
2022/9/10 23:30,0.659716384
2022/9/10 23:45,0.535086058
2022/9/11 0:00,0.297805325
2022/9/11 0:15,0.220450466
2022/9/11 0:30,0.509649506
2022/9/11 0:45,0.703377282
2022/9/11 1:00,0.678977238
2022/9/11 1:15,0.614087192
2022/9/11 1:30,0.526414053
2022/9/11 1:45,0.448588288
2022/9/11 2:00,0.484338484
2022/9/11 2:15,0.507519849
2022/9/11 2:30,0.553321497
2022/9/11 2:45,0.563216288
2022/9/11 3:00,0.499128282
2022/9/11 3:15,0.422935481
2022/9/11 3:30,0.308065181
2022/9/11 3:45,0.230412176
2022/9/11 4:00,0.253445806
2022/9/11 4:15,0.248072486
2022/9/11 4:30,0.2165085
2022/9/11 4:45,0.171686716
2022/9/11 5:00,0.120384819
2022/9/11 5:15,0.086077287
2022/9/11 5:30,0.091148043
2022/9/11 5:45,0.098482204
2022/9/11 6:00,0.098120473
2022/9/11 6:15,0.097876763
2022/9/11 6:30,0.067371163
2022/9/11 6:45,0.028851784
2022/9/11 7:00,0.073813315
2022/9/11 7:15,0.083609378
2022/9/11 7:30,0.113014871
2022/9/11 7:45,0.158337917
2022/9/11 8:00,0.235496625
2022/9/11 8:15,0.309945745
2022/9/11 8:30,0.378976141
2022/9/11 8:45,0.445972029
2022/9/11 9:00,0.508899151
2022/9/11 9:15,0.556855564
2022/9/11 9:30,0.574870534
2022/9/11 9:45,0.492151636
2022/9/11 10:00,0.207964658
2022/9/11 10:15,0.01850437
2022/9/11 10:30,0.014404314
2022/9/11 10:45,0.046618663
2022/9/11 11:00,0.127424951
2022/9/11 11:15,0.192884687
2022/9/11 11:30,0.389273452
2022/9/11 11:45,0.458044887
2022/9/11 12:00,0.280744372
2022/9/11 12:15,0.144596781
2022/9/11 12:30,0.109059039
2022/9/11 12:45,0.08498745
2022/9/11 13:00,0.083847367
2022/9/11 13:15,0.07262851
2022/9/11 13:30,0.041251485
2022/9/11 13:45,0.020338698
2022/9/11 14:00,0.018728086
2022/9/11 14:15,0.015668995
2022/9/11 14:30,0.015683896
2022/9/11 14:45,0.024669613
2022/9/11 15:00,0.052183313
2022/9/11 15:15,0.070529562
2022/9/11 15:30,0.052214209
2022/9/11 15:45,0.015747979
2022/9/11 16:00,0.015757641
2022/9/11 16:15,0.01576596
2022/9/11 16:30,0.015772849
2022/9/11 16:45,0.015778242
2022/9/11 17:00,0.015782093
2022/9/11 17:15,0.01578438
2022/9/11 17:30,0.0157851
2022/9/11 17:45,0.015784265
2022/9/11 18:00,0.015781906
2022/9/11 18:15,0.015778061
2022/9/11 18:30,0.015772779
2022/9/11 18:45,0.133575166
2022/9/11 19:00,0.370552064
2022/9/11 19:15,0.358847102
2022/9/11 19:30,0.317924585
2022/9/11 19:45,0.311890828
2022/9/11 20:00,0.375635837
2022/9/11 20:15,0.422869828
2022/9/11 20:30,0.437082987
2022/9/11 20:45,0.435454442
2022/9/11 21:00,0.402143717
2022/9/11 21:15,0.367356195
2022/9/11 21:30,0.329616389
2022/9/11 21:45,0.293779483
2022/9/11 22:00,0.261749807
2022/9/11 22:15,0.229894928
2022/9/11 22:30,0.198391201
2022/9/11 22:45,0.17678126
2022/9/11 23:00,0.174960537
2022/9/11 23:15,0.187096967
2022/9/11 23:30,0.227149355
2022/9/11 23:45,0.274829923
2022/9/12 0:00,0.337768401
2022/9/12 0:15,0.347914712
2022/9/12 0:30,0.252478013
2022/9/12 0:45,0.211326521
2022/9/12 1:00,0.27874642
2022/9/12 1:15,0.306184103
2022/9/12 1:30,0.2536579
2022/9/12 1:45,0.212250918
2022/9/12 2:00,0.193082436
2022/9/12 2:15,0.200976681
2022/9/12 2:30,0.262995947
2022/9/12 2:45,0.298301038
2022/9/12 3:00,0.279411283
2022/9/12 3:15,0.259424799
2022/9/12 3:30,0.237243605
2022/9/12 3:45,0.20447762
2022/9/12 4:00,0.150540532
2022/9/12 4:15,0.11651996
2022/9/12 4:30,0.122330743
2022/9/12 4:45,0.117182926
2022/9/12 5:00,0.090116177
2022/9/12 5:15,0.072065765
2022/9/12 5:30,0.052832995
2022/9/12 5:45,0.014565987
2022/9/12 6:00,0.014549497
2022/9/12 6:15,0.015403448
2022/9/12 6:30,0.018058013
2022/9/12 6:45,0.019618805
2022/9/12 7:00,0.018990798
2022/9/12 7:15,0.018477084
2022/9/12 7:30,0.018190911
2022/9/12 7:45,0.017774911
2022/9/12 8:00,0.017098422
2022/9/12 8:15,0.016625275
2022/9/12 8:30,0.016558189
2022/9/12 8:45,0.016733635
2022/9/12 9:00,0.017393708
2022/9/12 9:15,0.017410219
2022/9/12 9:30,0.016139313
2022/9/12 9:45,0.015165591
2022/9/12 10:00,0.014786033
2022/9/12 10:15,0.017125291
2022/9/12 10:30,0.02552662
2022/9/12 10:45,0.031180832
2022/9/12 11:00,0.025578257
2022/9/12 11:15,0.028457236
2022/9/12 11:30,0.056612068
2022/9/12 11:45,0.056666059
2022/9/12 12:00,0.065738368
2022/9/12 12:15,0.069944558
2022/9/12 12:30,0.07789207
2022/9/12 12:45,0.086771305
2022/9/12 13:00,0.089301281
2022/9/12 13:15,0.038945547
2022/9/12 13:30,0.044944906
2022/9/12 13:45,0.031884294
2022/9/12 14:00,0.033264991
2022/9/12 14:15,0.026726119
2022/9/12 14:30,0.014414297
2022/9/12 14:45,0.076007296
2022/9/12 15:00,0.147133153
2022/9/12 15:15,0.176847074
2022/9/12 15:30,0.125463516
2022/9/12 15:45,0.04434571
2022/9/12 16:00,0.021685253
2022/9/12 16:15,0.147954803
2022/9/12 16:30,0.400570165
2022/9/12 16:45,0.394179365
2022/9/12 17:00,0.443836263
2022/9/12 17:15,0.459540628
2022/9/12 17:30,0.441893738
2022/9/12 17:45,0.455165766
2022/9/12 18:00,0.500792014
2022/9/12 18:15,0.477735983
2022/9/12 18:30,0.460218186
2022/9/12 18:45,0.396736435
2022/9/12 19:00,0.245312662
2022/9/12 19:15,0.153445557
2022/9/12 19:30,0.193148553
2022/9/12 19:45,0.265156751
2022/9/12 20:00,0.369746142
2022/9/12 20:15,0.476358692
2022/9/12 20:30,0.551027277
2022/9/12 20:45,0.578038464
2022/9/12 21:00,0.497494913
2022/9/12 21:15,0.41764083
2022/9/12 21:30,0.377440985
2022/9/12 21:45,0.340309784
2022/9/12 22:00,0.300807103
2022/9/12 22:15,0.291002613
2022/9/12 22:30,0.34059812
2022/9/12 22:45,0.389709826
2022/9/12 23:00,0.437858032
2022/9/12 23:15,0.483202517
2022/9/12 23:30,0.522944092
2022/9/12 23:45,0.537563425
2022/9/13 0:00,0.52858178
2022/9/13 0:15,0.529101333
2022/9/13 0:30,0.601724836
2022/9/13 0:45,0.634134147
2022/9/13 1:00,0.586365527
2022/9/13 1:15,0.58762879
2022/9/13 1:30,0.724015385
2022/9/13 1:45,0.72978626
2022/9/13 2:00,0.5560044
2022/9/13 2:15,0.430100386
2022/9/13 2:30,0.394927544
2022/9/13 2:45,0.395881017
2022/9/13 3:00,0.402220163
2022/9/13 3:15,0.431180757
2022/9/13 3:30,0.510012678
2022/9/13 3:45,0.595566521
2022/9/13 4:00,0.656061935
2022/9/13 4:15,0.681875269
2022/9/13 4:30,0.675419543
2022/9/13 4:45,0.687204889
2022/9/13 5:00,0.699243366
2022/9/13 5:15,0.662599853
2022/9/13 5:30,0.589369889
2022/9/13 5:45,0.491309924
2022/9/13 6:00,0.409392685
2022/9/13 6:15,0.345408465
2022/9/13 6:30,0.291965444
2022/9/13 6:45,0.256440433
2022/9/13 7:00,0.218339682
2022/9/13 7:15,0.192680336
2022/9/13 7:30,0.197151949
2022/9/13 7:45,0.193656919
2022/9/13 8:00,0.145554543
2022/9/13 8:15,0.107101279
2022/9/13 8:30,0.102322391
2022/9/13 8:45,0.112879536
2022/9/13 9:00,0.133522148
2022/9/13 9:15,0.150459845
2022/9/13 9:30,0.115750897
2022/9/13 9:45,0.112513517
2022/9/13 10:00,0.266555425
2022/9/13 10:15,0.252507958
2022/9/13 10:30,0.196882604
2022/9/13 10:45,0.193350708
2022/9/13 11:00,0.246635007
2022/9/13 11:15,0.28649885
2022/9/13 11:30,0.30589366
2022/9/13 11:45,0.286225166
2022/9/13 12:00,0.155107023
2022/9/13 12:15,0.133008734
2022/9/13 12:30,0.181396853
2022/9/13 12:45,0.253113022
2022/9/13 13:00,0.37148465
2022/9/13 13:15,0.437273978
2022/9/13 13:30,0.397898327
2022/9/13 13:45,0.362323386
2022/9/13 14:00,0.334349627
2022/9/13 14:15,0.310882115
2022/9/13 14:30,0.296426844
2022/9/13 14:45,0.298780207
2022/9/13 15:00,0.334750381
2022/9/13 15:15,0.354480007
2022/9/13 15:30,0.341727698
2022/9/13 15:45,0.34271468
2022/9/13 16:00,0.37117888
2022/9/13 16:15,0.37273543
2022/9/13 16:30,0.320474706
2022/9/13 16:45,0.280383772
2022/9/13 17:00,0.264629823
2022/9/13 17:15,0.281618058
2022/9/13 17:30,0.364087509
2022/9/13 17:45,0.40271744
2022/9/13 18:00,0.350787785
2022/9/13 18:15,0.316009971
2022/9/13 18:30,0.327276685
2022/9/13 18:45,0.327160419
2022/9/13 19:00,0.304274333
2022/9/13 19:15,0.279736013
2022/9/13 19:30,0.251889526
2022/9/13 19:45,0.24507972
2022/9/13 20:00,0.280339903
2022/9/13 20:15,0.297012964
2022/9/13 20:30,0.276508854
2022/9/13 20:45,0.245357614
2022/9/13 21:00,0.192909692
2022/9/13 21:15,0.161469906
2022/9/13 21:30,0.172044486
2022/9/13 21:45,0.164372315
2022/9/13 22:00,0.12020521
2022/9/13 22:15,0.09392302
2022/9/13 22:30,0.103409637
2022/9/13 22:45,0.11332296
2022/9/13 23:00,0.124088989
2022/9/13 23:15,0.131323777
2022/9/13 23:30,0.131495612
2022/9/13 23:45,0.131653915
2022/9/14 0:00,0.140402426
2022/9/14 0:15,0.128492899
2022/9/14 0:30,0.08536773
2022/9/14 0:45,0.067932027
2022/9/14 1:00,0.101873079
2022/9/14 1:15,0.121069044
2022/9/14 1:30,0.110772857
2022/9/14 1:45,0.114971615
2022/9/14 2:00,0.148061844
2022/9/14 2:15,0.172810492
2022/9/14 2:30,0.180874551
2022/9/14 2:45,0.183396751
2022/9/14 3:00,0.174373314
2022/9/14 3:15,0.159799664
2022/9/14 3:30,0.13620519
2022/9/14 3:45,0.120237229
2022/9/14 4:00,0.119522163
2022/9/14 4:15,0.124504802
2022/9/14 4:30,0.108019098
2022/9/14 4:45,0.052311091
2022/9/14 5:00,0.049083197
2022/9/14 5:15,0.071158853
2022/9/14 5:30,0.116355961
2022/9/14 5:45,0.148322775
2022/9/14 6:00,0.265910412
2022/9/14 6:15,0.334884959
2022/9/14 6:30,0.30663577
2022/9/14 6:45,0.292141445
2022/9/14 7:00,0.305159772
2022/9/14 7:15,0.320628646
2022/9/14 7:30,0.341002001
2022/9/14 7:45,0.356333675
2022/9/14 8:00,0.361585819
2022/9/14 8:15,0.370910588
2022/9/14 8:30,0.388384845
2022/9/14 8:45,0.414005714
2022/9/14 9:00,0.455924388
2022/9/14 9:15,0.431265245
2022/9/14 9:30,0.273455298
2022/9/14 9:45,0.163858914
2022/9/14 10:00,0.150694616
2022/9/14 10:15,0.155942925
2022/9/14 10:30,0.198021402
2022/9/14 10:45,0.22045995
2022/9/14 11:00,0.20362344
2022/9/14 11:15,0.175823517
2022/9/14 11:30,0.126101289
2022/9/14 11:45,0.098374174
2022/9/14 12:00,0.126995061
2022/9/14 12:15,0.139764988
2022/9/14 12:30,0.153329066
2022/9/14 12:45,0.142804491
2022/9/14 13:00,0.10731544
2022/9/14 13:15,0.073357094
2022/9/14 13:30,0.048997304
2022/9/14 13:45,0.027577385
2022/9/14 14:00,0.023579843
2022/9/14 14:15,0.032732301
2022/9/14 14:30,0.035759928
2022/9/14 14:45,0.041647511
2022/9/14 15:00,0.050124085
2022/9/14 15:15,0.050073825
2022/9/14 15:30,0.074110314
2022/9/14 15:45,0.110281418
2022/9/14 16:00,0.183030567
2022/9/14 16:15,0.278740219
2022/9/14 16:30,0.420868497
2022/9/14 16:45,0.514417567
2022/9/14 17:00,0.488918145
2022/9/14 17:15,0.4298443
2022/9/14 17:30,0.334544977
2022/9/14 17:45,0.276311485
2022/9/14 18:00,0.261920822
2022/9/14 18:15,0.240705629
2022/9/14 18:30,0.194813996
2022/9/14 18:45,0.167345747
2022/9/14 19:00,0.145954909
2022/9/14 19:15,0.135165619
2022/9/14 19:30,0.140008465
2022/9/14 19:45,0.155626496
2022/9/14 20:00,0.173561608
2022/9/14 20:15,0.14818464
2022/9/14 20:30,0.147062069
2022/9/14 20:45,0.131665715
2022/9/14 21:00,0.095169959
2022/9/14 21:15,0.058611836
2022/9/14 21:30,0.051923694
2022/9/14 21:45,0.063668781
2022/9/14 22:00,0.04559118
2022/9/14 22:15,0.046141645
2022/9/14 22:30,0.047928186
2022/9/14 22:45,0.065039052
2022/9/14 23:00,0.053588989
2022/9/14 23:15,0.069732518
2022/9/14 23:30,0.145169909
2022/9/14 23:45,0.152116426
2022/9/15 0:00,0.248386057
2022/9/15 0:15,0.261470264
2022/9/15 0:30,0.230615247
2022/9/15 0:45,0.201992112
2022/9/15 1:00,0.19190704
2022/9/15 1:15,0.181865908
2022/9/15 1:30,0.154474253
2022/9/15 1:45,0.150368587
2022/9/15 2:00,0.192219097
2022/9/15 2:15,0.227330051
2022/9/15 2:30,0.24359896
2022/9/15 2:45,0.267958735
2022/9/15 3:00,0.298072043
2022/9/15 3:15,0.295229339
2022/9/15 3:30,0.219379301
2022/9/15 3:45,0.178142882
2022/9/15 4:00,0.196419336
2022/9/15 4:15,0.201725458
2022/9/15 4:30,0.181092681
2022/9/15 4:45,0.162285889
2022/9/15 5:00,0.147133897
2022/9/15 5:15,0.120396166
2022/9/15 5:30,0.074676477
2022/9/15 5:45,0.038469103
2022/9/15 6:00,0.023554471
2022/9/15 6:15,0.015615797
2022/9/15 6:30,0.022970627
2022/9/15 6:45,0.025879871
2022/9/15 7:00,0.029135034
2022/9/15 7:15,0.026014865
2022/9/15 7:30,0.024586861
2022/9/15 7:45,0.02759807
2022/9/15 8:00,0.036876051
2022/9/15 8:15,0.033757045
2022/9/15 8:30,0.025260869
2022/9/15 8:45,0.050311503
2022/9/15 9:00,0.072992916
2022/9/15 9:15,0.076820103
2022/9/15 9:30,0.045081762
2022/9/15 9:45,0.078952884
2022/9/15 10:00,0.13072624
2022/9/15 10:15,0.136404534
2022/9/15 10:30,0.140798235
2022/9/15 10:45,0.135013324
2022/9/15 11:00,0.14364075
2022/9/15 11:15,0.151508166
2022/9/15 11:30,0.162491392
2022/9/15 11:45,0.15952626
2022/9/15 12:00,0.119462011
2022/9/15 12:15,0.102675245
2022/9/15 12:30,0.102546345
2022/9/15 12:45,0.097477378
2022/9/15 13:00,0.08277704
2022/9/15 13:15,0.065334583
2022/9/15 13:30,0.079465826
2022/9/15 13:45,0.060241339
2022/9/15 14:00,0.05598257
2022/9/15 14:15,0.050262368
2022/9/15 14:30,0.036593379
2022/9/15 14:45,0.054260906
2022/9/15 15:00,0.06773324
2022/9/15 15:15,0.072374822
2022/9/15 15:30,0.063982205
2022/9/15 15:45,0.072328631
2022/9/15 16:00,0.075649844
2022/9/15 16:15,0.060923302
2022/9/15 16:30,0.04719538
2022/9/15 16:45,0.055442914
2022/9/15 17:00,0.071411366
2022/9/15 17:15,0.059133757
2022/9/15 17:30,0.051140483
2022/9/15 17:45,0.025665887
2022/9/15 18:00,0.031030142
2022/9/15 18:15,0.041679636
2022/9/15 18:30,0.037573299
2022/9/15 18:45,0.053707374
2022/9/15 19:00,0.07190876
2022/9/15 19:15,0.082260004
2022/9/15 19:30,0.082157081
2022/9/15 19:45,0.098143509
2022/9/15 20:00,0.117632314
2022/9/15 20:15,0.122785071
2022/9/15 20:30,0.113639469
2022/9/15 20:45,0.113750774
2022/9/15 21:00,0.111786857
2022/9/15 21:15,0.109280357
2022/9/15 21:30,0.095093112
2022/9/15 21:45,0.076029511
2022/9/15 22:00,0.079939069
2022/9/15 22:15,0.082008405
2022/9/15 22:30,0.083132016
2022/9/15 22:45,0.098171233
2022/9/15 23:00,0.093669555
2022/9/15 23:15,0.091394931
2022/9/15 23:30,0.096651993
2022/9/15 23:45,0.082501483
2022/9/16 0:00,0.038117843
2022/9/16 0:15,0.040411158
2022/9/16 0:30,0.042651284
2022/9/16 0:45,0.043772192
2022/9/16 1:00,0.042655017
2022/9/16 1:15,0.042762302
2022/9/16 1:30,0.045319838
2022/9/16 1:45,0.0468544
2022/9/16 2:00,0.046345292
2022/9/16 2:15,0.046618431
2022/9/16 2:30,0.048459223
2022/9/16 2:45,0.085378899
2022/9/16 3:00,0.15952906
2022/9/16 3:15,0.182455336
2022/9/16 3:30,0.23679448
2022/9/16 3:45,0.261558675
2022/9/16 4:00,0.227178122
2022/9/16 4:15,0.226342951
2022/9/16 4:30,0.292604087
2022/9/16 4:45,0.335529301
2022/9/16 5:00,0.331788478
2022/9/16 5:15,0.331802854
2022/9/16 5:30,0.339333593
2022/9/16 5:45,0.357998813
2022/9/16 6:00,0.398939039
2022/9/16 6:15,0.400149586
2022/9/16 6:30,0.321906838
2022/9/16 6:45,0.261850189
2022/9/16 7:00,0.238171771
2022/9/16 7:15,0.243122122
2022/9/16 7:30,0.305335969
2022/9/16 7:45,0.330348011
2022/9/16 8:00,0.280962246
2022/9/16 8:15,0.247330578
2022/9/16 8:30,0.245212646
2022/9/16 8:45,0.221731305
2022/9/16 9:00,0.155528288
2022/9/16 9:15,0.124002897
2022/9/16 9:30,0.161837333
2022/9/16 9:45,0.16579417
2022/9/16 10:00,0.101999652
2022/9/16 10:15,0.061166492
2022/9/16 10:30,0.06001175
2022/9/16 10:45,0.057533223
2022/9/16 11:00,0.076865268
2022/9/16 11:15,0.08869982
2022/9/16 11:30,0.085540232
2022/9/16 11:45,0.081897273
2022/9/16 12:00,0.002825628
2022/9/16 12:15,0.001328128
2022/9/16 12:30,0.00129046
2022/9/16 12:45,0.00125374
2022/9/16 13:00,0.001218374
2022/9/16 13:15,0.001825389
2022/9/16 13:30,0.003114627
2022/9/16 13:45,0.002755412
2022/9/16 14:00,0.001738675
2022/9/16 14:15,0.011454385
2022/9/16 14:30,0.032837035
2022/9/16 14:45,0.030447822
2022/9/16 15:00,0.021822825
2022/9/16 15:15,0.014615332
2022/9/16 15:30,0.010238417
2022/9/16 15:45,0.009502241
2022/9/16 16:00,0.010935481
2022/9/16 16:15,0.014484806
2022/9/16 16:30,0.019706616
2022/9/16 16:45,0.034670579
2022/9/16 17:00,0.069111521
2022/9/16 17:15,0.084019091
2022/9/16 17:30,0.059851646
2022/9/16 17:45,0.044013021
2022/9/16 18:00,0.044822988
2022/9/16 18:15,0.05757626
2022/9/16 18:30,0.094206591
2022/9/16 18:45,0.120237693
2022/9/16 19:00,0.125060685
2022/9/16 19:15,0.122892639
2022/9/16 19:30,0.106733236
2022/9/16 19:45,0.099457283
2022/9/16 20:00,0.109939843
2022/9/16 20:15,0.109129414
2022/9/16 20:30,0.085726014
2022/9/16 20:45,0.072247245
2022/9/16 21:00,0.072173921
2022/9/16 21:15,0.122761286
2022/9/16 21:30,0.235279334
2022/9/16 21:45,0.222997289
2022/9/16 22:00,0.221683182
2022/9/16 22:15,0.208909624
2022/9/16 22:30,0.173218494
2022/9/16 22:45,0.146491133
2022/9/16 23:00,0.137694534
2022/9/16 23:15,0.13270431
2022/9/16 23:30,0.135331544
2022/9/16 23:45,0.137879134
2022/9/17 0:00,0.136081897
2022/9/17 0:15,0.14746803
2022/9/17 0:30,0.161852538
2022/9/17 0:45,0.165341097
2022/9/17 1:00,0.14704136
2022/9/17 1:15,0.132483446
2022/9/17 1:30,0.125413058
2022/9/17 1:45,0.129922464
2022/9/17 2:00,0.157595454
2022/9/17 2:15,0.176301582
2022/9/17 2:30,0.177077922
2022/9/17 2:45,0.165928536
2022/9/17 3:00,0.13093139
2022/9/17 3:15,0.106937272
2022/9/17 3:30,0.104952492
2022/9/17 3:45,0.102807149
2022/9/17 4:00,0.100343406
2022/9/17 4:15,0.101036495
2022/9/17 4:30,0.10804529
2022/9/17 4:45,0.115310843
2022/9/17 5:00,0.123091185
2022/9/17 5:15,0.12182928
2022/9/17 5:30,0.102483325
2022/9/17 5:45,0.0836763
2022/9/17 6:00,0.065946736
2022/9/17 6:15,0.060843112
2022/9/17 6:30,0.080990168
2022/9/17 6:45,0.087175865
2022/9/17 7:00,0.065436925
2022/9/17 7:15,0.059460679
2022/9/17 7:30,0.085007296
2022/9/17 7:45,0.098076871
2022/9/17 8:00,0.086189387
2022/9/17 8:15,0.09933856
2022/9/17 8:30,0.162557801
2022/9/17 8:45,0.179023344
2022/9/17 9:00,0.10197815
2022/9/17 9:15,0.073217015
2022/9/17 9:30,0.141020716
2022/9/17 9:45,0.181725614
2022/9/17 10:00,0.168229807
2022/9/17 10:15,0.147884638
2022/9/17 10:30,0.11383792
2022/9/17 10:45,0.09539142
2022/9/17 11:00,0.108142834
2022/9/17 11:15,0.117069833
2022/9/17 11:30,0.118345767
2022/9/17 11:45,0.122205237
2022/9/17 12:00,0.113626312
2022/9/17 12:15,0.109425592
2022/9/17 12:30,0.152347284
2022/9/17 12:45,0.13142598
2022/9/17 13:00,0.148374315
2022/9/17 13:15,0.154611935
2022/9/17 13:30,0.150391341
2022/9/17 13:45,0.168234264
2022/9/17 14:00,0.205745476
2022/9/17 14:15,0.214445286
2022/9/17 14:30,0.214042229
2022/9/17 14:45,0.224691422
2022/9/17 15:00,0.295466946
2022/9/17 15:15,0.347454219
2022/9/17 15:30,0.331666596
2022/9/17 15:45,0.33140173
2022/9/17 16:00,0.320872481
2022/9/17 16:15,0.330197225
2022/9/17 16:30,0.381138331
2022/9/17 16:45,0.429426977
2022/9/17 17:00,0.472411056
2022/9/17 17:15,0.502006166
2022/9/17 17:30,0.504823871
2022/9/17 17:45,0.530491845
2022/9/17 18:00,0.60186107
2022/9/17 18:15,0.666911329
2022/9/17 18:30,0.717047332
2022/9/17 18:45,0.761049129
2022/9/17 19:00,0.808921555
2022/9/17 19:15,0.830808304
2022/9/17 19:30,0.814439876
2022/9/17 19:45,0.815086221
2022/9/17 20:00,0.827595076
2022/9/17 20:15,0.830448917
2022/9/17 20:30,0.819252628
2022/9/17 20:45,0.817048545
2022/9/17 21:00,0.825131384
2022/9/17 21:15,0.823980575
2022/9/17 21:30,0.808063085
2022/9/17 21:45,0.803797026
2022/9/17 22:00,0.793146862
2022/9/17 22:15,0.771538354
2022/9/17 22:30,0.741085757
2022/9/17 22:45,0.720710867
2022/9/17 23:00,0.696655396
2022/9/17 23:15,0.669559273
2022/9/17 23:30,0.655517965
2022/9/17 23:45,0.627298656
2022/9/18 0:00,0.558007342
2022/9/18 0:15,0.509124767
2022/9/18 0:30,0.462638702
2022/9/18 0:45,0.466049925
2022/9/18 1:00,0.569254505
2022/9/18 1:15,0.638110332
2022/9/18 1:30,0.638269476
2022/9/18 1:45,0.608717962
2022/9/18 2:00,0.519747855
2022/9/18 2:15,0.434724849
2022/9/18 2:30,0.35241844
2022/9/18 2:45,0.290677948
2022/9/18 3:00,0.196953677
2022/9/18 3:15,0.016921127
2022/9/18 3:30,0.031633298
2022/9/18 3:45,0.033722535
2022/9/18 4:00,0.039890961
2022/9/18 4:15,0.049850507
2022/9/18 4:30,0.06739842
2022/9/18 4:45,0.221041336
2022/9/18 5:00,0.497786498
2022/9/18 5:15,0.471462744
2022/9/18 5:30,0.437510177
2022/9/18 5:45,0.40464183
2022/9/18 6:00,0.373945729
2022/9/18 6:15,0.349562468
2022/9/18 6:30,0.337807767
2022/9/18 6:45,0.320106991
2022/9/18 7:00,0.29051611
2022/9/18 7:15,0.287123458
2022/9/18 7:30,0.336128616
2022/9/18 7:45,0.384123469
2022/9/18 8:00,0.430098542
2022/9/18 8:15,0.520626018
2022/9/18 8:30,0.70025878
2022/9/18 8:45,0.827614751
2022/9/18 9:00,0.850417413
2022/9/18 9:15,0.860654267
2022/9/18 9:30,0.845759689
2022/9/18 9:45,0.843363064
2022/9/18 10:00,0.865962506
2022/9/18 10:15,0.881839997
2022/9/18 10:30,0.884273753
2022/9/18 10:45,0.892215808
2022/9/18 11:00,0.911174603
2022/9/18 11:15,0.921470331
2022/9/18 11:30,0.914439975
2022/9/18 11:45,0.861848965
2022/9/18 12:00,0.711792741
2022/9/18 12:15,0.650088487
2022/9/18 12:30,0.748823287
2022/9/18 12:45,0.828526396
2022/9/18 13:00,0.870165126
2022/9/18 13:15,0.886502753
2022/9/18 13:30,0.852237195
2022/9/18 13:45,0.775076197
2022/9/18 14:00,0.612123361
2022/9/18 14:15,0.513534433
2022/9/18 14:30,0.543672402
2022/9/18 14:45,0.59967812
2022/9/18 15:00,0.707418488
2022/9/18 15:15,0.794994858
2022/9/18 15:30,0.842242492
2022/9/18 15:45,0.787998947
2022/9/18 16:00,0.530772456
2022/9/18 16:15,0.391584469
2022/9/18 16:30,0.488473115
2022/9/18 16:45,0.587614432
2022/9/18 17:00,0.691261
2022/9/18 17:15,0.756702377
2022/9/18 17:30,0.745733645
2022/9/18 17:45,0.737582261
2022/9/18 18:00,0.735066287
2022/9/18 18:15,0.739336181
2022/9/18 18:30,0.757179035
2022/9/18 18:45,0.767040552
2022/9/18 19:00,0.760941169
2022/9/18 19:15,0.752090427
2022/9/18 19:30,0.737739279
2022/9/18 19:45,0.759303206
2022/9/18 20:00,0.852700085
2022/9/18 20:15,0.914896382
2022/9/18 20:30,0.914694696
2022/9/18 20:45,0.914101649
2022/9/18 21:00,0.912729285
2022/9/18 21:15,0.886828408
2022/9/18 21:30,0.811873952
2022/9/18 21:45,0.763131512
2022/9/18 22:00,0.766816399
2022/9/18 22:15,0.763355929
2022/9/18 22:30,0.745607706
2022/9/18 22:45,0.720569633
2022/9/18 23:00,0.680954334
2022/9/18 23:15,0.658026753
2022/9/18 23:30,0.668110554
2022/9/18 23:45,0.673773588
2022/9/19 0:00,0.681474892
2022/9/19 0:15,0.634111076
2022/9/19 0:30,0.495136432
2022/9/19 0:45,0.46817243
2022/9/19 1:00,0.663427832
2022/9/19 1:15,0.772633416
2022/9/19 1:30,0.680759671
2022/9/19 1:45,0.563319394
2022/9/19 2:00,0.356662688
2022/9/19 2:15,0.259258248
2022/9/19 2:30,0.244435167
2022/9/19 2:45,0.281948692
2022/9/19 3:00,0.331801064
2022/9/19 3:15,0.388813813
2022/9/19 3:30,0.490478263
2022/9/19 3:45,0.504747155
2022/9/19 4:00,0.443546012
2022/9/19 4:15,0.413637084
2022/9/19 4:30,0.402888958
2022/9/19 4:45,0.38564572
2022/9/19 5:00,0.382179703
2022/9/19 5:15,0.370826203
2022/9/19 5:30,0.352571228
2022/9/19 5:45,0.321743777
2022/9/19 6:00,0.329618959
2022/9/19 6:15,0.345232599
2022/9/19 6:30,0.322898268
2022/9/19 6:45,0.319910432
2022/9/19 7:00,0.345983072
2022/9/19 7:15,0.350319766
2022/9/19 7:30,0.34320148
2022/9/19 7:45,0.413485499
2022/9/19 8:00,0.632295033
2022/9/19 8:15,0.81703869
2022/9/19 8:30,0.903655021
2022/9/19 8:45,0.96155447
2022/9/19 9:00,0.978243971
2022/9/19 9:15,0.976989649
2022/9/19 9:30,0.984777817
2022/9/19 9:45,0.974748623
2022/9/19 10:00,0.967076767
2022/9/19 10:15,0.966089263
2022/9/19 10:30,0.969478455
2022/9/19 10:45,0.962573721
2022/9/19 11:00,0.968700934
2022/9/19 11:15,0.961259939
2022/9/19 11:30,0.953409828
2022/9/19 11:45,0.966487718
2022/9/19 12:00,0.905474612
2022/9/19 12:15,0.896892215
2022/9/19 12:30,0.897734046
2022/9/19 12:45,0.887358075
2022/9/19 13:00,0.873209454
2022/9/19 13:15,0.874201215
2022/9/19 13:30,0.922423852
2022/9/19 13:45,0.937542778
2022/9/19 14:00,0.88645597
2022/9/19 14:15,0.869570268
2022/9/19 14:30,0.921088699
2022/9/19 14:45,0.953366384
2022/9/19 15:00,0.947164649
2022/9/19 15:15,0.948958546
2022/9/19 15:30,0.966745831
2022/9/19 15:45,0.978544014
2022/9/19 16:00,0.952925436
2022/9/19 16:15,0.91156646
2022/9/19 16:30,0.631299191
2022/9/19 16:45,0.031320118
2022/9/19 17:00,0.028154217
2022/9/19 17:15,0.325333304
2022/9/19 17:30,0.923827297
2022/9/19 17:45,0.902141123
2022/9/19 18:00,0.839732561
2022/9/19 18:15,0.816327974
2022/9/19 18:30,0.870931959
2022/9/19 18:45,0.86798218
2022/9/19 19:00,0.749925085
2022/9/19 19:15,0.671990028
2022/9/19 19:30,0.674298863
2022/9/19 19:45,0.611409365
2022/9/19 20:00,0.41812266
2022/9/19 20:15,0.26434888
2022/9/19 20:30,0.189600099
2022/9/19 20:45,0.13131429
2022/9/19 21:00,0.105953324
2022/9/19 21:15,0.090200055
2022/9/19 21:30,0.093660886
2022/9/19 21:45,0.100290764
2022/9/19 22:00,0.113257305
2022/9/19 22:15,0.124534641
2022/9/19 22:30,0.132432051
2022/9/19 22:45,0.13963565
2022/9/19 23:00,0.145450083
2022/9/19 23:15,0.147192065
2022/9/19 23:30,0.140787612
2022/9/19 23:45,0.145840943
2022/9/20 0:00,0.169182158
2022/9/20 0:15,0.238691064
2022/9/20 0:30,0.361958079
2022/9/20 0:45,0.435242227
2022/9/20 1:00,0.425254754
2022/9/20 1:15,0.498703638
2022/9/20 1:30,0.738720071
2022/9/20 1:45,0.882802024
2022/9/20 2:00,0.815372211
2022/9/20 2:15,0.796088347
2022/9/20 2:30,0.882531666
2022/9/20 2:45,0.942082151
2022/9/20 3:00,0.920566867
2022/9/20 3:15,0.902693739
2022/9/20 3:30,0.959484379
2022/9/20 3:45,0.984982405
2022/9/20 4:00,0.99329129
2022/9/20 4:15,0.983341361
2022/9/20 4:30,0.974985754
2022/9/20 4:45,0.968735346
2022/9/20 5:00,0.956949599
2022/9/20 5:15,0.94174888
2022/9/20 5:30,0.93734485
2022/9/20 5:45,0.933008857
2022/9/20 6:00,0.93857791
2022/9/20 6:15,0.943962687
2022/9/20 6:30,0.946703035
2022/9/20 6:45,0.907247349
2022/9/20 7:00,0.832896403
2022/9/20 7:15,0.802792338
2022/9/20 7:30,0.880808454
2022/9/20 7:45,0.917045252
2022/9/20 8:00,0.91602164
2022/9/20 8:15,0.910155711
2022/9/20 8:30,0.882468394
2022/9/20 8:45,0.876517353
2022/9/20 9:00,0.897575655
2022/9/20 9:15,0.915515649
2022/9/20 9:30,0.930202783
2022/9/20 9:45,0.914194648
2022/9/20 10:00,0.867839803
2022/9/20 10:15,0.838675275
2022/9/20 10:30,0.849308949
2022/9/20 10:45,0.845563742
2022/9/20 11:00,0.815350226
2022/9/20 11:15,0.791161114
2022/9/20 11:30,0.794522536
2022/9/20 11:45,0.773433435
2022/9/20 12:00,0.697677224
2022/9/20 12:15,0.643196143
2022/9/20 12:30,0.625500362
2022/9/20 12:45,0.59873466
2022/9/20 13:00,0.553829438
2022/9/20 13:15,0.532972826
2022/9/20 13:30,0.560213725
2022/9/20 13:45,0.568015346
2022/9/20 14:00,0.536938616
2022/9/20 14:15,0.493294582
2022/9/20 14:30,0.424515983
2022/9/20 14:45,0.364836206
2022/9/20 15:00,0.323353873
2022/9/20 15:15,0.285943144
2022/9/20 15:30,0.256675103
2022/9/20 15:45,0.239251955
2022/9/20 16:00,0.245517682
2022/9/20 16:15,0.24534928
2022/9/20 16:30,0.232311272
2022/9/20 16:45,0.234725298
2022/9/20 17:00,0.268041602
2022/9/20 17:15,0.27219413
2022/9/20 17:30,0.216736956
2022/9/20 17:45,0.181800628
2022/9/20 18:00,0.192964185
2022/9/20 18:15,0.212389317
2022/9/20 18:30,0.248334953
2022/9/20 18:45,0.272484185
2022/9/20 19:00,0.273037972
2022/9/20 19:15,0.272055879
2022/9/20 19:30,0.267999576
2022/9/20 19:45,0.271673249
2022/9/20 20:00,0.290804791
2022/9/20 20:15,0.331719099
2022/9/20 20:30,0.416197364
2022/9/20 20:45,0.500711788
2022/9/20 21:00,0.585297559
2022/9/20 21:15,0.645837536
2022/9/20 21:30,0.658285616
2022/9/20 21:45,0.660075629
2022/9/20 22:00,0.64054986
2022/9/20 22:15,0.526058211
2022/9/20 22:30,0.221635772
2022/9/20 22:45,0.018861543
2022/9/20 23:00,0.018852481
2022/9/20 23:15,0.018841261
2022/9/20 23:30,0.018827704
2022/9/20 23:45,0.044033473
2022/9/21 0:00,0.143084735
2022/9/21 0:15,0.161877349
2022/9/21 0:30,0.250202074
2022/9/21 0:45,0.296640624
2022/9/21 1:00,0.218029396
2022/9/21 1:15,0.165901735
2022/9/21 1:30,0.125966021
2022/9/21 1:45,0.037443981
2022/9/21 2:00,0.03412308
2022/9/21 2:15,0.103573807
2022/9/21 2:30,0.2408018
2022/9/21 2:45,0.261632265
2022/9/21 3:00,0.337553267
2022/9/21 3:15,0.380379791
2022/9/21 3:30,0.35736079
2022/9/21 3:45,0.340953582
2022/9/21 4:00,0.346809509
2022/9/21 4:15,0.340862112
2022/9/21 4:30,0.324078339
2022/9/21 4:45,0.341623209
2022/9/21 5:00,0.426374467
2022/9/21 5:15,0.456657976
2022/9/21 5:30,0.386705174
2022/9/21 5:45,0.313987571
2022/9/21 6:00,0.253502278
2022/9/21 6:15,0.196002343
2022/9/21 6:30,0.147082164
2022/9/21 6:45,0.124812895
2022/9/21 7:00,0.156665526
2022/9/21 7:15,0.161029276
2022/9/21 7:30,0.117344462
2022/9/21 7:45,0.085682851
2022/9/21 8:00,0.09107758
2022/9/21 8:15,0.104518647
2022/9/21 8:30,0.120933968
2022/9/21 8:45,0.1339386
2022/9/21 9:00,0.147348543
2022/9/21 9:15,0.155267876
2022/9/21 9:30,0.158324824
2022/9/21 9:45,0.22528421
2022/9/21 10:00,0.366757778
2022/9/21 10:15,0.46397191
2022/9/21 10:30,0.522386198
2022/9/21 10:45,0.502037112
2022/9/21 11:00,0.334023015
2022/9/21 11:15,0.341740724
2022/9/21 11:30,0.715153274
2022/9/21 11:45,0.981372679
2022/9/21 12:00,0.907714425
2022/9/21 12:15,0.904223616
2022/9/21 12:30,0.894444946
2022/9/21 12:45,0.841726811
2022/9/21 13:00,0.703126904
2022/9/21 13:15,0.558487097
2022/9/21 13:30,0.401764377
2022/9/21 13:45,0.296156301
2022/9/21 14:00,0.292774327
2022/9/21 14:15,0.290302768
2022/9/21 14:30,0.289649039
2022/9/21 14:45,0.289886366
2022/9/21 15:00,0.291903278
2022/9/21 15:15,0.278055668
2022/9/21 15:30,0.232477252
2022/9/21 15:45,0.176496098
2022/9/21 16:00,0.099708728
2022/9/21 16:15,0.078981787
2022/9/21 16:30,0.170029762
2022/9/21 16:45,0.207656822
2022/9/21 17:00,0.140066259
2022/9/21 17:15,0.089861799
2022/9/21 17:30,0.074432614
2022/9/21 17:45,0.065276622
2022/9/21 18:00,0.068671282
2022/9/21 18:15,0.078509134
2022/9/21 18:30,0.101238659
2022/9/21 18:45,0.108855584
2022/9/21 19:00,0.086253393
2022/9/21 19:15,0.080476451
2022/9/21 19:30,0.108356628
2022/9/21 19:45,0.122126366
2022/9/21 20:00,0.107682126
2022/9/21 20:15,0.088139599
2022/9/21 20:30,0.058407428
2022/9/21 20:45,0.038543123
2022/9/21 21:00,0.02933456
2022/9/21 21:15,0.012392713
2022/9/21 21:30,0.01580474
2022/9/21 21:45,0.053126862
2022/9/21 22:00,0.123486859
2022/9/21 22:15,0.119641967
2022/9/21 22:30,0.108675532
2022/9/21 22:45,0.100970597
2022/9/21 23:00,0.099156303
2022/9/21 23:15,0.100032985
2022/9/21 23:30,0.105769039
2022/9/21 23:45,0.102407076
2022/9/22 0:00,0.097252119
2022/9/22 0:15,0.085053449
2022/9/22 0:30,0.065918908
2022/9/22 0:45,0.04984593
2022/9/22 1:00,0.035932484
2022/9/22 1:15,0.023456745
2022/9/22 1:30,0.013853607
2022/9/22 1:45,0.007823888
2022/9/22 2:00,0.007747583
2022/9/22 2:15,0.007675632
2022/9/22 2:30,0.007608204
2022/9/22 2:45,0.007545403
2022/9/22 3:00,0.007487264
2022/9/22 3:15,0.007433751
2022/9/22 3:30,0.007384757
2022/9/22 3:45,0.007340111
2022/9/22 4:00,0.007299582
2022/9/22 4:15,0.010565414
2022/9/22 4:30,0.017262257
2022/9/22 4:45,0.015756582
2022/9/22 5:00,0.019413698
2022/9/22 5:15,0.021802484
2022/9/22 5:30,0.04554896
2022/9/22 5:45,0.051562464
2022/9/22 6:00,0.063460306
2022/9/22 6:15,0.060203352
2022/9/22 6:30,0.029172957
2022/9/22 6:45,0.03636961
2022/9/22 7:00,0.097710002
2022/9/22 7:15,0.128804055
2022/9/22 7:30,0.145138095
2022/9/22 7:45,0.155047189
2022/9/22 8:00,0.143686259
2022/9/22 8:15,0.132898197
2022/9/22 8:30,0.133836925
2022/9/22 8:45,0.132185922
2022/9/22 9:00,0.120762539
2022/9/22 9:15,0.096025369
2022/9/22 9:30,0.042472564
2022/9/22 9:45,0.02078929
2022/9/22 10:00,0.062842287
2022/9/22 10:15,0.086879655
2022/9/22 10:30,0.074882772
2022/9/22 10:45,0.066788678
2022/9/22 11:00,0.066497245
2022/9/22 11:15,0.068264115
2022/9/22 11:30,0.074145046
2022/9/22 11:45,0.081466898
2022/9/22 12:00,0.094373926
2022/9/22 12:15,0.104936636
2022/9/22 12:30,0.116264272
2022/9/22 12:45,0.118788359
2022/9/22 13:00,0.103700096
2022/9/22 13:15,0.088862821
2022/9/22 13:30,0.074522873
2022/9/22 13:45,0.06492239
2022/9/22 14:00,0.064796825
2022/9/22 14:15,0.061665216
2022/9/22 14:30,0.052518117
2022/9/22 14:45,0.048848354
2022/9/22 15:00,0.056130411
2022/9/22 15:15,0.062538385
2022/9/22 15:30,0.063897684
2022/9/22 15:45,0.059735827
2022/9/22 16:00,0.057959101
2022/9/22 16:15,0.062091464
2022/9/22 16:30,0.078040522
2022/9/22 16:45,0.085931208
2022/9/22 17:00,0.07770414
2022/9/22 17:15,0.071923505
2022/9/22 17:30,0.071035253
2022/9/22 17:45,0.068329977
2022/9/22 18:00,0.061990775
2022/9/22 18:15,0.059285053
2022/9/22 18:30,0.063847068
2022/9/22 18:45,0.062041272
2022/9/22 19:00,0.047501294
2022/9/22 19:15,0.035559851
2022/9/22 19:30,0.028817532
2022/9/22 19:45,0.030615146
2022/9/22 20:00,0.04192983
2022/9/22 20:15,0.051145282
2022/9/22 20:30,0.056165197
2022/9/22 20:45,0.061258728
2022/9/22 21:00,0.062694274
2022/9/22 21:15,0.056253641
2022/9/22 21:30,0.047087114
2022/9/22 21:45,0.035266332
2022/9/22 22:00,0.034971755
2022/9/22 22:15,0.073834798
2022/9/22 22:30,0.154035712
2022/9/22 22:45,0.146595022
2022/9/22 23:00,0.113926222
2022/9/22 23:15,0.09026956
2022/9/22 23:30,0.084639931
2022/9/22 23:45,0.079959864
2022/9/23 0:00,0.059425741
2022/9/23 0:15,0.02106753
2022/9/23 0:30,0.021456241
2022/9/23 0:45,0.021157138
2022/9/23 1:00,0.019484696
2022/9/23 1:15,0.017620202
2022/9/23 1:30,0.015373799
2022/9/23 1:45,0.01460365
2022/9/23 2:00,0.016787991
2022/9/23 2:15,0.017373581
2022/9/23 2:30,0.014763317
2022/9/23 2:45,0.015328126
2022/9/23 3:00,0.022244288
2022/9/23 3:15,0.026892118
2022/9/23 3:30,0.027003978
2022/9/23 3:45,0.027086097
2022/9/23 4:00,0.022244445
2022/9/23 4:15,0.012558609
2022/9/23 4:30,0.012582677
2022/9/23 4:45,0.019595305
2022/9/23 5:00,0.033636119
2022/9/23 5:15,0.034755578
2022/9/23 5:30,0.038060745
2022/9/23 5:45,0.040946082
2022/9/23 6:00,0.042990407
2022/9/23 6:15,0.040212164
2022/9/23 6:30,0.027787224
2022/9/23 6:45,0.023666582
2022/9/23 7:00,0.036152796
2022/9/23 7:15,0.044270733
2022/9/23 7:30,0.043650202
2022/9/23 7:45,0.044765511
2022/9/23 8:00,0.049350427
2022/9/23 8:15,0.050916477
2022/9/23 8:30,0.046442578
2022/9/23 8:45,0.047589228
2022/9/23 9:00,0.059974655
2022/9/23 9:15,0.069475009
2022/9/23 9:30,0.07320286
2022/9/23 9:45,0.073481062
2022/9/23 10:00,0.066857672
2022/9/23 10:15,0.060688751
2022/9/23 10:30,0.055426652
2022/9/23 10:45,0.051413414
2022/9/23 11:00,0.049896097
2022/9/23 11:15,0.0496701
2022/9/23 11:30,0.052025396
2022/9/23 11:45,0.0707052
2022/9/23 12:00,0.067132117
2022/9/23 12:15,0.071395931
2022/9/23 12:30,0.084063259
2022/9/23 12:45,0.098723828
2022/9/23 13:00,0.11737536
2022/9/23 13:15,0.125138275
2022/9/23 13:30,0.111031495
2022/9/23 13:45,0.10763699
2022/9/23 14:00,0.1256234
2022/9/23 14:15,0.133630268
2022/9/23 14:30,0.121683031
2022/9/23 14:45,0.113067916
2022/9/23 15:00,0.111121809
2022/9/23 15:15,0.108368308
2022/9/23 15:30,0.104004476
2022/9/23 15:45,0.102548184
2022/9/23 16:00,0.106911089
2022/9/23 16:15,0.109065904
2022/9/23 16:30,0.101864069
2022/9/23 16:45,0.089558662
2022/9/23 17:00,0.080791208
2022/9/23 17:15,0.072831821
2022/9/23 17:30,0.069091952
2022/9/23 17:45,0.070230392
2022/9/23 18:00,0.081330563
2022/9/23 18:15,0.084724222
2022/9/23 18:30,0.077765329
2022/9/23 18:45,0.076215458
2022/9/23 19:00,0.089477792
2022/9/23 19:15,0.091693258
2022/9/23 19:30,0.074575069
2022/9/23 19:45,0.054686333
2022/9/23 20:00,0.027973871
2022/9/23 20:15,0.010565736
2022/9/23 20:30,0.02131766
2022/9/23 20:45,0.030687986
2022/9/23 21:00,0.033077584
2022/9/23 21:15,0.037887172
2022/9/23 21:30,0.050192812
2022/9/23 21:45,0.078383957
2022/9/23 22:00,0.100686609
2022/9/23 22:15,0.137205946
2022/9/23 22:30,0.127529497
2022/9/23 22:45,0.131153032
2022/9/23 23:00,0.117948875
2022/9/23 23:15,0.106273903
2022/9/23 23:30,0.111513304
2022/9/23 23:45,0.129007205
2022/9/24 0:00,0.068080797
2022/9/24 0:15,0.072243013
2022/9/24 0:30,0.062140125
2022/9/24 0:45,0.056495265
2022/9/24 1:00,0.059341336
2022/9/24 1:15,0.05291398
2022/9/24 1:30,0.027940328
2022/9/24 1:45,0.021567762
2022/9/24 2:00,0.052397288
2022/9/24 2:15,0.069289069
2022/9/24 2:30,0.058304574
2022/9/24 2:45,0.044400583
2022/9/24 3:00,0.024656072
2022/9/24 3:15,0.011491857
2022/9/24 3:30,0.010002126
2022/9/24 3:45,0.007209207
2022/9/24 4:00,0.007209745
2022/9/24 4:15,0.012120315
2022/9/24 4:30,0.021980511
2022/9/24 4:45,0.040153783
2022/9/24 5:00,0.076848226
2022/9/24 5:15,0.079291435
2022/9/24 5:30,0.086585196
2022/9/24 5:45,0.079862691
2022/9/24 6:00,0.045103976
2022/9/24 6:15,0.045559432
2022/9/24 6:30,0.116439816
2022/9/24 6:45,0.159472999
2022/9/24 7:00,0.146808771
2022/9/24 7:15,0.137989286
2022/9/24 7:30,0.096405575
2022/9/24 7:45,0.016114737
2022/9/24 8:00,0.0196798
2022/9/24 8:15,0.041623863
2022/9/24 8:30,0.100875146
2022/9/24 8:45,0.122050034
2022/9/24 9:00,0.067071449
2022/9/24 9:15,0.043993689
2022/9/24 9:30,0.084717533
2022/9/24 9:45,0.118653329
2022/9/24 10:00,0.138277825
2022/9/24 10:15,0.146272771
2022/9/24 10:30,0.133893826
2022/9/24 10:45,0.132588391
2022/9/24 11:00,0.15349101
2022/9/24 11:15,0.154063296
2022/9/24 11:30,0.113977334
2022/9/24 11:45,0.091794958
2022/9/24 12:00,0.111397713
2022/9/24 12:15,0.117737167
2022/9/24 12:30,0.104555036
2022/9/24 12:45,0.086170269
2022/9/24 13:00,0.057380205
2022/9/24 13:15,0.037421179
2022/9/24 13:30,0.035124018
2022/9/24 13:45,0.030723383
2022/9/24 14:00,0.022115431
2022/9/24 14:15,0.014388076
2022/9/24 14:30,0.008421421
2022/9/24 14:45,0.004219232
2022/9/24 15:00,0.00334807
2022/9/24 15:15,0.0024378
2022/9/24 15:30,0.001705178
2022/9/24 15:45,0.00122237
2022/9/24 16:00,0.000943583
2022/9/24 16:15,0.000390452
2022/9/24 16:30,0.000408208
2022/9/24 16:45,0.000426834
2022/9/24 17:00,0.000446355
2022/9/24 17:15,0.000466784
2022/9/24 17:30,0.000488124
2022/9/24 17:45,0.000510364
2022/9/24 18:00,0.00053347
2022/9/24 18:15,0.000557387
2022/9/24 18:30,0.000582035
2022/9/24 18:45,0.000607303
2022/9/24 19:00,0.000633053
2022/9/24 19:15,0.000659118
2022/9/24 19:30,0.000685303
2022/9/24 19:45,0.000711391
2022/9/24 20:00,0.000737145
2022/9/24 20:15,0.000762316
2022/9/24 20:30,0.00078665
2022/9/24 20:45,0.000809897
2022/9/24 21:00,0.000831819
2022/9/24 21:15,0.000852203
2022/9/24 21:30,0.000870868
2022/9/24 21:45,0.000887674
2022/9/24 22:00,0.000902532
2022/9/24 22:15,0.000915412
2022/9/24 22:30,0.000926346
2022/9/24 22:45,0.000935437
2022/9/24 23:00,0.000942857
2022/9/24 23:15,0.000948845
2022/9/24 23:30,0.00095371
2022/9/24 23:45,0.000957823
2022/9/25 0:00,0.018375756
2022/9/25 0:15,0.018273197
2022/9/25 0:30,0.018171691
2022/9/25 0:45,0.01807192
2022/9/25 1:00,0.017974536
2022/9/25 1:15,0.01788015
2022/9/25 1:30,0.017789317
2022/9/25 1:45,0.017702521
2022/9/25 2:00,0.01762017
2022/9/25 2:15,0.017542588
2022/9/25 2:30,0.017470008
2022/9/25 2:45,0.017402573
2022/9/25 3:00,0.01734033
2022/9/25 3:15,0.017283236
2022/9/25 3:30,0.017231166
2022/9/25 3:45,0.017183911
2022/9/25 4:00,0.017141198
2022/9/25 4:15,0.038672065
2022/9/25 4:30,0.082131307
2022/9/25 4:45,0.07796116
2022/9/25 5:00,0.065516256
2022/9/25 5:15,0.085997164
2022/9/25 5:30,0.172326748
2022/9/25 5:45,0.227799499
2022/9/25 6:00,0.221556598
2022/9/25 6:15,0.206598554
2022/9/25 6:30,0.174209189
2022/9/25 6:45,0.149713524
2022/9/25 7:00,0.141005105
2022/9/25 7:15,0.122288553
2022/9/25 7:30,0.083556339
2022/9/25 7:45,0.074458614
2022/9/25 8:00,0.124631095
2022/9/25 8:15,0.135581801
2022/9/25 8:30,0.068090663
2022/9/25 8:45,0.023084326
2022/9/25 9:00,0.020843563
2022/9/25 9:15,0.046407294
2022/9/25 9:30,0.106393711
2022/9/25 9:45,0.094292809
2022/9/25 10:00,0.058070883
2022/9/25 10:15,0.043699318
2022/9/25 10:30,0.073030732
2022/9/25 10:45,0.099625266
2022/9/25 11:00,0.120748148
2022/9/25 11:15,0.129950011
2022/9/25 11:30,0.115311709
2022/9/25 11:45,0.104392512
2022/9/25 12:00,0.091408521
2022/9/25 12:15,0.082752198
2022/9/25 12:30,0.063496914
2022/9/25 12:45,0.043692118
2022/9/25 13:00,0.022791012
2022/9/25 13:15,0.008497866
2022/9/25 13:30,0.007423789
2022/9/25 13:45,0.00690342
2022/9/25 14:00,0.0069435
2022/9/25 14:15,0.049903204
2022/9/25 14:30,0.136137589
2022/9/25 14:45,0.151116345
2022/9/25 15:00,0.195993076
2022/9/25 15:15,0.211587605
2022/9/25 15:30,0.168622102
2022/9/25 15:45,0.239506531
2022/9/25 16:00,0.538095283
2022/9/25 16:15,0.707735977
2022/9/25 16:30,0.619485005
2022/9/25 16:45,0.553080332
2022/9/25 17:00,0.53037261
2022/9/25 17:15,0.514210969
2022/9/25 17:30,0.511145674
2022/9/25 17:45,0.517946696
2022/9/25 18:00,0.544484301
2022/9/25 18:15,0.546677707
2022/9/25 18:30,0.500186345
2022/9/25 18:45,0.412770171
2022/9/25 19:00,0.243507607
2022/9/25 19:15,0.123561486
2022/9/25 19:30,0.102251005
2022/9/25 19:45,0.093154926
2022/9/25 20:00,0.108489842
2022/9/25 20:15,0.122725463
2022/9/25 20:30,0.134764039
2022/9/25 20:45,0.161780929
2022/9/25 21:00,0.218755289
2022/9/25 21:15,0.308449026
2022/9/25 21:30,0.463581618
2022/9/25 21:45,0.620876881
2022/9/25 22:00,0.78249684
2022/9/25 22:15,0.868133355
2022/9/25 22:30,0.801801612
2022/9/25 22:45,0.748084085
2022/9/25 23:00,0.719592954
2022/9/25 23:15,0.730943205
2022/9/25 23:30,0.821973596
2022/9/25 23:45,0.874726626
2022/9/26 0:00,0.862313363
2022/9/26 0:15,0.828540875
2022/9/26 0:30,0.766811253
2022/9/26 0:45,0.69877911
2022/9/26 1:00,0.664120584
2022/9/26 1:15,0.634233795
2022/9/26 1:30,0.6571637
2022/9/26 1:45,0.621213746
2022/9/26 2:00,0.461654197
2022/9/26 2:15,0.323582641
2022/9/26 2:30,0.247308274
2022/9/26 2:45,0.18854823
2022/9/26 3:00,0.162296084
2022/9/26 3:15,0.203043834
2022/9/26 3:30,0.377788444
2022/9/26 3:45,0.508738778
2022/9/26 4:00,0.552522031
2022/9/26 4:15,0.536390521
2022/9/26 4:30,0.394819845
2022/9/26 4:45,0.299428965
2022/9/26 5:00,0.200556822
2022/9/26 5:15,0.078596908
2022/9/26 5:30,0.216075081
2022/9/26 5:45,0.314562459
2022/9/26 6:00,0.60987621
2022/9/26 6:15,0.823275336
2022/9/26 6:30,0.872846553
2022/9/26 6:45,0.905073019
2022/9/26 7:00,0.902612488
2022/9/26 7:15,0.803858281
2022/9/26 7:30,0.512520305
2022/9/26 7:45,0.318307807
2022/9/26 8:00,0.215760561
2022/9/26 8:15,0.012105293
2022/9/26 8:30,0.016382198
2022/9/26 8:45,0.111921342
2022/9/26 9:00,0.295149184
2022/9/26 9:15,0.330889659
2022/9/26 9:30,0.460007143
2022/9/26 9:45,0.564975561
2022/9/26 10:00,0.612548822
2022/9/26 10:15,0.645190736
2022/9/26 10:30,0.64797507
2022/9/26 10:45,0.664375315
2022/9/26 11:00,0.708011982
2022/9/26 11:15,0.762946602
2022/9/26 11:30,0.840481142
2022/9/26 11:45,0.872785121
2022/9/26 12:00,0.813565641
2022/9/26 12:15,0.783434601
2022/9/26 12:30,0.810708575
2022/9/26 12:45,0.78412713
2022/9/26 13:00,0.649832808
2022/9/26 13:15,0.56089349
2022/9/26 13:30,0.380202605
2022/9/26 13:45,0.019827414
2022/9/26 14:00,0.107983394
2022/9/26 14:15,0.192010087
2022/9/26 14:30,0.267418801
2022/9/26 14:45,0.345980772
2022/9/26 15:00,0.430844626
2022/9/26 15:15,0.421999487
2022/9/26 15:30,0.383289924
2022/9/26 15:45,0.345368665
2022/9/26 16:00,0.309018974
2022/9/26 16:15,0.337605182
2022/9/26 16:30,0.496058114
2022/9/26 16:45,0.656598119
2022/9/26 17:00,0.821307283
2022/9/26 17:15,0.913931314
2022/9/26 17:30,0.862380285
2022/9/26 17:45,0.806250148
2022/9/26 18:00,0.740957309
2022/9/26 18:15,0.688473551
2022/9/26 18:30,0.661603885
2022/9/26 18:45,0.693635981
2022/9/26 19:00,0.84346805
2022/9/26 19:15,0.944575638
2022/9/26 19:30,0.948231292
2022/9/26 19:45,0.950519614
2022/9/26 20:00,0.950070902
2022/9/26 20:15,0.949171103
2022/9/26 20:30,0.947367346
2022/9/26 20:45,0.937514359
2022/9/26 21:00,0.911561636
2022/9/26 21:15,0.902412983
2022/9/26 21:30,0.926871573
2022/9/26 21:45,0.941561605
2022/9/26 22:00,0.936713838
2022/9/26 22:15,0.892170568
2022/9/26 22:30,0.768235647
2022/9/26 22:45,0.704080218
2022/9/26 23:00,0.759482993
2022/9/26 23:15,0.77141173
2022/9/26 23:30,0.696391325
2022/9/26 23:45,0.680823795
2022/9/27 0:00,0.81023404
2022/9/27 0:15,0.86645583
2022/9/27 0:30,0.765337213
2022/9/27 0:45,0.74255751
2022/9/27 1:00,0.876457273
2022/9/27 1:15,0.960921391
2022/9/27 1:30,0.946516009
2022/9/27 1:45,0.926193018
2022/9/27 2:00,0.894036733
2022/9/27 2:15,0.863385817
2022/9/27 2:30,0.835747679
2022/9/27 2:45,0.80115552
2022/9/27 3:00,0.752657436
2022/9/27 3:15,0.751057211
2022/9/27 3:30,0.843254832
2022/9/27 3:45,0.900196305
2022/9/27 4:00,0.886627549
2022/9/27 4:15,0.886069017
2022/9/27 4:30,0.911532852
2022/9/27 4:45,0.916905353
2022/9/27 5:00,0.882096885
2022/9/27 5:15,0.861202273
2022/9/27 5:30,0.868136789
2022/9/27 5:45,0.865966119
2022/9/27 6:00,0.845586167
2022/9/27 6:15,0.828887561
2022/9/27 6:30,0.819552401
2022/9/27 6:45,0.809799627
2022/9/27 7:00,0.799212048
2022/9/27 7:15,0.798617025
2022/9/27 7:30,0.818007231
2022/9/27 7:45,0.821677081
2022/9/27 8:00,0.79390607
2022/9/27 8:15,0.773991167
2022/9/27 8:30,0.769788106
2022/9/27 8:45,0.763990859
2022/9/27 9:00,0.755004683
2022/9/27 9:15,0.750975563
2022/9/27 9:30,0.756859858
2022/9/27 9:45,0.742000628
2022/9/27 10:00,0.685653549
2022/9/27 10:15,0.612833272
2022/9/27 10:30,0.507065742
2022/9/27 10:45,0.440619513
2022/9/27 11:00,0.452815012
2022/9/27 11:15,0.484833853
2022/9/27 11:30,0.556498527
2022/9/27 11:45,0.566789494
2022/9/27 12:00,0.430768314
2022/9/27 12:15,0.362948087
2022/9/27 12:30,0.429211655
2022/9/27 12:45,0.44364084
2022/9/27 13:00,0.551730624
2022/9/27 13:15,0.581010394
2022/9/27 13:30,0.447110962
2022/9/27 13:45,0.435831866
2022/9/27 14:00,0.402453358
2022/9/27 14:15,0.367410772
2022/9/27 14:30,0.302444087
2022/9/27 14:45,0.306420931
2022/9/27 15:00,0.380465672
2022/9/27 15:15,0.436336099
2022/9/27 15:30,0.456491509
2022/9/27 15:45,0.457838873
2022/9/27 16:00,0.471234606
2022/9/27 16:15,0.477411484
2022/9/27 16:30,0.450643264
2022/9/27 16:45,0.484886029
2022/9/27 17:00,0.629515349
2022/9/27 17:15,0.673743361
2022/9/27 17:30,0.586436889
2022/9/27 17:45,0.506117122
2022/9/27 18:00,0.530894159
2022/9/27 18:15,0.572702877
2022/9/27 18:30,0.628133651
2022/9/27 18:45,0.671392206
2022/9/27 19:00,0.678014873
2022/9/27 19:15,0.674375276
2022/9/27 19:30,0.694352545
2022/9/27 19:45,0.716111652
2022/9/27 20:00,0.760397893
2022/9/27 20:15,0.799217124
2022/9/27 20:30,0.755159605
2022/9/27 20:45,0.716441606
2022/9/27 21:00,0.775160745
2022/9/27 21:15,0.832197496
2022/9/27 21:30,0.860985378
2022/9/27 21:45,0.890159687
2022/9/27 22:00,0.935008811
2022/9/27 22:15,0.904333506
2022/9/27 22:30,0.80133978
2022/9/27 22:45,0.602789094
2022/9/27 23:00,0.312754396
2022/9/27 23:15,0.155701651
2022/9/27 23:30,0.230154777
2022/9/27 23:45,0.268626253
2022/9/28 0:00,0.24023628
2022/9/28 0:15,0.203846186
2022/9/28 0:30,0.1535079
2022/9/28 0:45,0.088370825
2022/9/28 1:00,0.161593858
2022/9/28 1:15,0.264233973
2022/9/28 1:30,0.578247179
2022/9/28 1:45,0.717214998
2022/9/28 2:00,0.506092448
2022/9/28 2:15,0.405526018
2022/9/28 2:30,0.526072219
2022/9/28 2:45,0.578675435
2022/9/28 3:00,0.495392975
2022/9/28 3:15,0.488564125
2022/9/28 3:30,0.634642597
2022/9/28 3:45,0.730950562
2022/9/28 4:00,0.498751624
2022/9/28 4:15,0.129039283
2022/9/28 4:30,0.313314607
2022/9/28 4:45,0.309770322
2022/9/28 5:00,0.277976905
2022/9/28 5:15,0.254821999
2022/9/28 5:30,0.248942721
2022/9/28 5:45,0.262098037
2022/9/28 6:00,0.313320768
2022/9/28 6:15,0.352214196
2022/9/28 6:30,0.366446936
2022/9/28 6:45,0.398368959
2022/9/28 7:00,0.465667252
2022/9/28 7:15,0.505832336
2022/9/28 7:30,0.491728588
2022/9/28 7:45,0.437977746
2022/9/28 8:00,0.304930268
2022/9/28 8:15,0.217559547
2022/9/28 8:30,0.22153991
2022/9/28 8:45,0.223675687
2022/9/28 9:00,0.222119908
2022/9/28 9:15,0.243341351
2022/9/28 9:30,0.310114909
2022/9/28 9:45,0.348176753
2022/9/28 10:00,0.328812876
2022/9/28 10:15,0.326916342
2022/9/28 10:30,0.359952212
2022/9/28 10:45,0.402740979
2022/9/28 11:00,0.465033245
2022/9/28 11:15,0.497119834
2022/9/28 11:30,0.468792763
2022/9/28 11:45,0.433274163
2022/9/28 12:00,0.386230805
2022/9/28 12:15,0.402502745
2022/9/28 12:30,0.459406022
2022/9/28 12:45,0.4671659
2022/9/28 13:00,0.400161306
2022/9/28 13:15,0.352465985
2022/9/28 13:30,0.385415176
2022/9/28 13:45,0.422453507
2022/9/28 14:00,0.538113186
2022/9/28 14:15,0.600226979
2022/9/28 14:30,0.590028512
2022/9/28 14:45,0.567064952
2022/9/28 15:00,0.517609545
2022/9/28 15:15,0.511633037
2022/9/28 15:30,0.592468223
2022/9/28 15:45,0.654993261
2022/9/28 16:00,0.680898554
2022/9/28 16:15,0.702874604
2022/9/28 16:30,0.716992714
2022/9/28 16:45,0.741061292
2022/9/28 17:00,0.785031354
2022/9/28 17:15,0.818195522
2022/9/28 17:30,0.829748434
2022/9/28 17:45,0.825248735
2022/9/28 18:00,0.788644281
2022/9/28 18:15,0.73703518
2022/9/28 18:30,0.655417116
2022/9/28 18:45,0.591452618
2022/9/28 19:00,0.562795356
2022/9/28 19:15,0.537448615
2022/9/28 19:30,0.518722699
2022/9/28 19:45,0.503201191
2022/9/28 20:00,0.494087868
2022/9/28 20:15,0.477998558
2022/9/28 20:30,0.447956166
2022/9/28 20:45,0.411991977
2022/9/28 21:00,0.36418258
2022/9/28 21:15,0.338859417
2022/9/28 21:30,0.358600029
2022/9/28 21:45,0.381788804
2022/9/28 22:00,0.349587742
2022/9/28 22:15,0.328188226
2022/9/28 22:30,0.308565356
2022/9/28 22:45,0.273382605
2022/9/28 23:00,0.239151517
2022/9/28 23:15,0.20204978
2022/9/28 23:30,0.14935116
2022/9/28 23:45,0.027408535
2022/9/29 0:00,0.108027892
2022/9/29 0:15,0.209880308
2022/9/29 0:30,0.410547807
2022/9/29 0:45,0.40019321
2022/9/29 1:00,0.369481651
2022/9/29 1:15,0.361739073
2022/9/29 1:30,0.399935607
2022/9/29 1:45,0.432179372
2022/9/29 2:00,0.452519036
2022/9/29 2:15,0.47876252
2022/9/29 2:30,0.516815253
2022/9/29 2:45,0.52859655
2022/9/29 3:00,0.487836632
2022/9/29 3:15,0.463590175
2022/9/29 3:30,0.472372221
2022/9/29 3:45,0.451504331
2022/9/29 4:00,0.371337974
2022/9/29 4:15,0.303911954
2022/9/29 4:30,0.261967766
2022/9/29 4:45,0.2358241
2022/9/29 5:00,0.241282369
2022/9/29 5:15,0.239296838
2022/9/29 5:30,0.222424344
2022/9/29 5:45,0.192976691
2022/9/29 6:00,0.138379174
2022/9/29 6:15,0.097146283
2022/9/29 6:30,0.082643011
2022/9/29 6:45,0.076081861
2022/9/29 7:00,0.085405341
2022/9/29 7:15,0.092064674
2022/9/29 7:30,0.075463517
2022/9/29 7:45,0.044484693
2022/9/29 8:00,0.05594933
2022/9/29 8:15,0.066377534
2022/9/29 8:30,0.074733816
2022/9/29 8:45,0.081226722
2022/9/29 9:00,0.083994022
2022/9/29 9:15,0.08900483
2022/9/29 9:30,0.098503931
2022/9/29 9:45,0.10077587
2022/9/29 10:00,0.088594763
2022/9/29 10:15,0.080763413
2022/9/29 10:30,0.078013813
2022/9/29 10:45,0.073396963
2022/9/29 11:00,0.081653179
2022/9/29 11:15,0.08843793
2022/9/29 11:30,0.092280255
2022/9/29 11:45,0.095465773
2022/9/29 12:00,0.062445344
2022/9/29 12:15,0.080618393
2022/9/29 12:30,0.081207577
2022/9/29 12:45,0.100795365
2022/9/29 13:00,0.143375674
2022/9/29 13:15,0.141247419
2022/9/29 13:30,0.113365871
2022/9/29 13:45,0.12543047
2022/9/29 14:00,0.095675921
2022/9/29 14:15,0.080258458
2022/9/29 14:30,0.077151659
2022/9/29 14:45,0.072802481
2022/9/29 15:00,0.083577315
2022/9/29 15:15,0.13007021
2022/9/29 15:30,0.256782879
2022/9/29 15:45,0.253881545
2022/9/29 16:00,0.237819823
2022/9/29 16:15,0.224076575
2022/9/29 16:30,0.242061699
2022/9/29 16:45,0.242313805
2022/9/29 17:00,0.228398139
2022/9/29 17:15,0.224162794
2022/9/29 17:30,0.215556716
2022/9/29 17:45,0.195299009
2022/9/29 18:00,0.175566797
2022/9/29 18:15,0.157758094
2022/9/29 18:30,0.129129413
2022/9/29 18:45,0.068247785
2022/9/29 19:00,0.069414074
2022/9/29 19:15,0.073435489
2022/9/29 19:30,0.085964113
2022/9/29 19:45,0.073273205
2022/9/29 20:00,0.079391737
2022/9/29 20:15,0.053356345
2022/9/29 20:30,0.063486664
2022/9/29 20:45,0.067998353
2022/9/29 21:00,0.061776875
2022/9/29 21:15,0.007013549
2022/9/29 21:30,0
2022/9/29 21:45,0.114247777
2022/9/29 22:00,0.178502131
2022/9/29 22:15,0.165705607
2022/9/29 22:30,0.176738717
2022/9/29 22:45,0.167074385
2022/9/29 23:00,0.118235516
2022/9/29 23:15,0.078372825
2022/9/29 23:30,0.026301734
2022/9/29 23:45,0.008447148
2022/9/30 0:00,0.036223132
2022/9/30 0:15,0.015449866
2022/9/30 0:30,0.009935623
2022/9/30 0:45,0.008177589
2022/9/30 1:00,0.006488243
2022/9/30 1:15,0.012349506
2022/9/30 1:30,0.024333487
2022/9/30 1:45,0.021460516
2022/9/30 2:00,0.012645327
2022/9/30 2:15,0.019279027
2022/9/30 2:30,0.076102254
2022/9/30 2:45,0.117484329
2022/9/30 3:00,0.137917554
2022/9/30 3:15,0.1490554
2022/9/30 3:30,0.167233155
2022/9/30 3:45,0.165393801
2022/9/30 4:00,0.148738696
2022/9/30 4:15,0.138210004
2022/9/30 4:30,0.154559827
2022/9/30 4:45,0.154165653
2022/9/30 5:00,0.149048115
2022/9/30 5:15,0.177919443
2022/9/30 5:30,0.245308994
2022/9/30 5:45,0.297251749
2022/9/30 6:00,0.302632741
2022/9/30 6:15,0.313324195
2022/9/30 6:30,0.343245941
2022/9/30 6:45,0.372159937
2022/9/30 7:00,0.400268874
2022/9/30 7:15,0.423619208
2022/9/30 7:30,0.436107933
2022/9/30 7:45,0.45764286
2022/9/30 8:00,0.491392925
2022/9/30 8:15,0.497223564
2022/9/30 8:30,0.473649881
2022/9/30 8:45,0.481134227
2022/9/30 9:00,0.545052289
2022/9/30 9:15,0.527241731
2022/9/30 9:30,0.363625101
2022/9/30 9:45,0.287982635
2022/9/30 10:00,0.384156674
2022/9/30 10:15,0.428746759
2022/9/30 10:30,0.350393674
2022/9/30 10:45,0.286215457
2022/9/30 11:00,0.242707523
2022/9/30 11:15,0.207007177
2022/9/30 11:30,0.175453489
2022/9/30 11:45,0.14827603
2022/9/30 12:00,0.140888671
2022/9/30 12:15,0.184863244
2022/9/30 12:30,0.371315949
2022/9/30 12:45,0.4989101
2022/9/30 13:00,0.508786905
2022/9/30 13:15,0.507549879
2022/9/30 13:30,0.484085772
2022/9/30 13:45,0.486329033
2022/9/30 14:00,0.539988539
2022/9/30 14:15,0.510107556
2022/9/30 14:30,0.31314803
2022/9/30 14:45,0.167058888
2022/9/30 15:00,0.122713763
2022/9/30 15:15,0.093099996
2022/9/30 15:30,0.092952827
2022/9/30 15:45,0.090933398
2022/9/30 16:00,0.080309299
2022/9/30 16:15,0.058434836
2022/9/30 16:30,0.033462751
2022/9/30 16:45,0.024757939
2022/9/30 17:00,0.038749274
2022/9/30 17:15,0.039813833
2022/9/30 17:30,0.043058711
2022/9/30 17:45,0.064900375
2022/9/30 18:00,0.105272928
2022/9/30 18:15,0.103346198
2022/9/30 18:30,0.093622692
2022/9/30 18:45,0.090228491
2022/9/30 19:00,0.099496098
2022/9/30 19:15,0.10176578
2022/9/30 19:30,0.090042237
2022/9/30 19:45,0.081881011
2022/9/30 20:00,0.080846368
2022/9/30 20:15,0.076366601
2022/9/30 20:30,0.064997763
2022/9/30 20:45,0.061588534
2022/9/30 21:00,0.074098836
2022/9/30 21:15,0.086083804
2022/9/30 21:30,0.097017488
2022/9/30 21:45,0.115877992
2022/9/30 22:00,0.150590572
2022/9/30 22:15,0.183082825
2022/9/30 22:30,0.211131949
2022/9/30 22:45,0.231184375
2022/9/30 23:00,0.235240132
2022/9/30 23:15,0.233697694
2022/9/30 23:30,0.220954986
2022/9/30 23:45,0.207130804
2022/10/1 0:00,0.16785924
2022/10/1 0:15,0.164835823
2022/10/1 0:30,0.160214292
2022/10/1 0:45,0.155881623
2022/10/1 1:00,0.152128709
2022/10/1 1:15,0.157026826
2022/10/1 1:30,0.17833005
2022/10/1 1:45,0.187120249
2022/10/1 2:00,0.171065
2022/10/1 2:15,0.154482155
2022/10/1 2:30,0.150530118
2022/10/1 2:45,0.152208383
2022/10/1 3:00,0.16515041
2022/10/1 3:15,0.172652944
2022/10/1 3:30,0.1677844
2022/10/1 3:45,0.160681312
2022/10/1 4:00,0.155032798
2022/10/1 4:15,0.150218765
2022/10/1 4:30,0.147076009
2022/10/1 4:45,0.144556876
2022/10/1 5:00,0.143286994
2022/10/1 5:15,0.153557945
2022/10/1 5:30,0.186971522
2022/10/1 5:45,0.19207176
2022/10/1 6:00,0.140546918
2022/10/1 6:15,0.107199336
2022/10/1 6:30,0.110207769
2022/10/1 6:45,0.104070356
2022/10/1 7:00,0.079642667
2022/10/1 7:15,0.062584556
2022/10/1 7:30,0.060266907
2022/10/1 7:45,0.059091992
2022/10/1 8:00,0.046971187
2022/10/1 8:15,0.020209797
2022/10/1 8:30,0.016565222
2022/10/1 8:45,0.014745651
2022/10/1 9:00,0.016576548
2022/10/1 9:15,0.016955595
2022/10/1 9:30,0.014430948
2022/10/1 9:45,0.017481478
2022/10/1 10:00,0.031681886
2022/10/1 10:15,0.036590587
2022/10/1 10:30,0.022914946
2022/10/1 10:45,0.017311701
2022/10/1 11:00,0.027851929
2022/10/1 11:15,0.032475686
2022/10/1 11:30,0.025264898
2022/10/1 11:45,0.020832599
2022/10/1 12:00,0.000937409
2022/10/1 12:15,0.000872374
2022/10/1 12:30,0.000811101
2022/10/1 12:45,0.006118585
2022/10/1 13:00,0.017149772
2022/10/1 13:15,0.016317022
2022/10/1 13:30,0.013924304
2022/10/1 13:45,0.009975331
2022/10/1 14:00,0.002911035
2022/10/1 14:15,0.000468252
2022/10/1 14:30,0.000428889
2022/10/1 14:45,0.000391368
2022/10/1 15:00,0.000355546
2022/10/1 15:15,0.000321303
2022/10/1 15:30,0.000288528
2022/10/1 15:45,0.000257126
2022/10/1 16:00,0.000227006
2022/10/1 16:15,0.000198086
2022/10/1 16:30,0.000170282
2022/10/1 16:45,0.00014351
2022/10/1 17:00,0.000117686
2022/10/1 17:15,9.27E-05
2022/10/1 17:30,6.85E-05
2022/10/1 17:45,4.50E-05
2022/10/1 18:00,2.20E-05
2022/10/1 18:15,0
2022/10/1 18:30,0
2022/10/1 18:45,0
2022/10/1 19:00,0
2022/10/1 19:15,0
2022/10/1 19:30,0
2022/10/1 19:45,0.001260134
2022/10/1 20:00,0.005753447
2022/10/1 20:15,0.009671347
2022/10/1 20:30,0.018449944
2022/10/1 20:45,0.01659102
2022/10/1 21:00,0.011697612
2022/10/1 21:15,0.00627031
2022/10/1 21:30,0.003584524
2022/10/1 21:45,0.002122029
2022/10/1 22:00,0.003646739
2022/10/1 22:15,0.038925759
2022/10/1 22:30,0.110679368
2022/10/1 22:45,0.114339394
2022/10/1 23:00,0.128141637
2022/10/1 23:15,0.136621769
2022/10/1 23:30,0.134106644
2022/10/1 23:45,0.114772182
2022/10/2 0:00,0.066672273
2022/10/2 0:15,0.03136006
2022/10/2 0:30,0.022200245
2022/10/2 0:45,0.004089135
2022/10/2 1:00,0.004062003
2022/10/2 1:15,0.030382774
2022/10/2 1:30,0.08340665
2022/10/2 1:45,0.078060799
2022/10/2 2:00,0.062070745
2022/10/2 2:15,0.051541985
2022/10/2 2:30,0.054944926
2022/10/2 2:45,0.065534069
2022/10/2 3:00,0.070128555
2022/10/2 3:15,0.074646419
2022/10/2 3:30,0.071213478
2022/10/2 3:45,0.078902966
2022/10/2 4:00,0.111132846
2022/10/2 4:15,0.133006545
2022/10/2 4:30,0.129432146
2022/10/2 4:45,0.129657518
2022/10/2 5:00,0.13675958
2022/10/2 5:15,0.134568689
2022/10/2 5:30,0.117765987
2022/10/2 5:45,0.118504566
2022/10/2 6:00,0.148335016
2022/10/2 6:15,0.154625651
2022/10/2 6:30,0.115241039
2022/10/2 6:45,0.110612907
2022/10/2 7:00,0.168458789
2022/10/2 7:15,0.187391727
2022/10/2 7:30,0.138567257
2022/10/2 7:45,0.131399205
2022/10/2 8:00,0.191981104
2022/10/2 8:15,0.214359918
2022/10/2 8:30,0.160765593
2022/10/2 8:45,0.129075466
2022/10/2 9:00,0.152347592
2022/10/2 9:15,0.171243878
2022/10/2 9:30,0.184381313
2022/10/2 9:45,0.202427084
2022/10/2 10:00,0.234726981
2022/10/2 10:15,0.281771933
2022/10/2 10:30,0.342857759
2022/10/2 10:45,0.357891989
2022/10/2 11:00,0.264715527
2022/10/2 11:15,0.19011229
2022/10/2 11:30,0.152527333
2022/10/2 11:45,0.127788222
2022/10/2 12:00,0.12733876
2022/10/2 12:15,0.118213902
2022/10/2 12:30,0.086079059
2022/10/2 12:45,0.071431915
2022/10/2 13:00,0.091760351
2022/10/2 13:15,0.096492729
2022/10/2 13:30,0.070033386
2022/10/2 13:45,0.053965626
2022/10/2 14:00,0.058079674
2022/10/2 14:15,0.059138519
2022/10/2 14:30,0.055961946
2022/10/2 14:45,0.052783867
2022/10/2 15:00,0.049603011
2022/10/2 15:15,0.04647995
2022/10/2 15:30,0.04347242
2022/10/2 15:45,0.042500782
2022/10/2 16:00,0.045600505
2022/10/2 16:15,0.180802493
2022/10/2 16:30,0.445608269
2022/10/2 16:45,0.456279604
2022/10/2 17:00,0.499211665
2022/10/2 17:15,0.521595469
2022/10/2 17:30,0.502881248
2022/10/2 17:45,0.469845044
2022/10/2 18:00,0.408163128
2022/10/2 18:15,0.356143707
2022/10/2 18:30,0.323447393
2022/10/2 18:45,0.296930489
2022/10/2 19:00,0.282770487
2022/10/2 19:15,0.262947033
2022/10/2 19:30,0.231794812
2022/10/2 19:45,0.209808701
2022/10/2 20:00,0.205920006
2022/10/2 20:15,0.194544184
2022/10/2 20:30,0.169065568
2022/10/2 20:45,0.149598415
2022/10/2 21:00,0.138018209
2022/10/2 21:15,0.133045791
2022/10/2 21:30,0.158062787
2022/10/2 21:45,0.171315943
2022/10/2 22:00,0.159021895
2022/10/2 22:15,0.15255115
2022/10/2 22:30,0.165740331
2022/10/2 22:45,0.177713126
2022/10/2 23:00,0.187252087
2022/10/2 23:15,0.223559088
2022/10/2 23:30,0.31340105
2022/10/2 23:45,0.374428249
2022/10/3 0:00,0.366354957
2022/10/3 0:15,0.365595143
2022/10/3 0:30,0.362874311
2022/10/3 0:45,0.385898978
2022/10/3 1:00,0.459857598
2022/10/3 1:15,0.498957593
2022/10/3 1:30,0.470803061
2022/10/3 1:45,0.423705152
2022/10/3 2:00,0.33871942
2022/10/3 2:15,0.277860926
2022/10/3 2:30,0.26449592
2022/10/3 2:45,0.234734726
2022/10/3 3:00,0.172179771
2022/10/3 3:15,0.131796299
2022/10/3 3:30,0.135754451
2022/10/3 3:45,0.138292955
2022/10/3 4:00,0.137990972
2022/10/3 4:15,0.136242471
2022/10/3 4:30,0.131599966
2022/10/3 4:45,0.130466468
2022/10/3 5:00,0.136350264
2022/10/3 5:15,0.138320539
2022/10/3 5:30,0.132463295
2022/10/3 5:45,0.13036722
2022/10/3 6:00,0.135793212
2022/10/3 6:15,0.137785828
2022/10/3 6:30,0.132911589
2022/10/3 6:45,0.129554694
2022/10/3 7:00,0.129232513
2022/10/3 7:15,0.12957516
2022/10/3 7:30,0.131247582
2022/10/3 7:45,0.139067398
2022/10/3 8:00,0.15918219
2022/10/3 8:15,0.203310307
2022/10/3 8:30,0.29492135
2022/10/3 8:45,0.421846535
2022/10/3 9:00,0.621812839
2022/10/3 9:15,0.760980069
2022/10/3 9:30,0.778486197
2022/10/3 9:45,0.80215767
2022/10/3 10:00,0.838159923
2022/10/3 10:15,0.843387517
2022/10/3 10:30,0.783045604
2022/10/3 10:45,0.733839882
2022/10/3 11:00,0.723223576
2022/10/3 11:15,0.709057058
2022/10/3 11:30,0.687789621
2022/10/3 11:45,0.675300071
2022/10/3 12:00,0.704786316
2022/10/3 12:15,0.711439404
2022/10/3 12:30,0.7012988
2022/10/3 12:45,0.703072638
2022/10/3 13:00,0.729011477
2022/10/3 13:15,0.742841494
2022/10/3 13:30,0.736712546
2022/10/3 13:45,0.724298107
2022/10/3 14:00,0.707114525
2022/10/3 14:15,0.686443604
2022/10/3 14:30,0.686419713
2022/10/3 14:45,0.705390331
2022/10/3 15:00,0.739721744
2022/10/3 15:15,0.761353563
2022/10/3 15:30,0.764987203
2022/10/3 15:45,0.798918259
2022/10/3 16:00,0.884345884
2022/10/3 16:15,0.933957338
2022/10/3 16:30,0.933926871
2022/10/3 16:45,0.938592295
2022/10/3 17:00,0.939928793
2022/10/3 17:15,0.938088284
2022/10/3 17:30,0.914034344
2022/10/3 17:45,0.903773483
2022/10/3 18:00,0.923203047
2022/10/3 18:15,0.938545333
2022/10/3 18:30,0.927099724
2022/10/3 18:45,0.843648781
2022/10/3 19:00,0.644285327
2022/10/3 19:15,0.50299908
2022/10/3 19:30,0.359166054
2022/10/3 19:45,0.074725512
2022/10/3 20:00,0.08004112
2022/10/3 20:15,0.073527994
2022/10/3 20:30,0.072914578
2022/10/3 20:45,0.069862626
2022/10/3 21:00,0.069958317
2022/10/3 21:15,0.063802784
2022/10/3 21:30,0.061192073
2022/10/3 21:45,0.067159498
2022/10/3 22:00,0.077606245
2022/10/3 22:15,0.076865096
2022/10/3 22:30,0.08276834
2022/10/3 22:45,0.138816359
2022/10/3 23:00,0.258206633
2022/10/3 23:15,0.379695228
2022/10/3 23:30,0.698984966
2022/10/3 23:45,0.950261264
2022/10/4 0:00,0.851306264
2022/10/4 0:15,0.838888012
2022/10/4 0:30,0.860991211
2022/10/4 0:45,0.860779665
2022/10/4 1:00,0.81593864
2022/10/4 1:15,0.77804979
2022/10/4 1:30,0.75406538
2022/10/4 1:45,0.727654468
2022/10/4 2:00,0.696390611
2022/10/4 2:15,0.620618464
2022/10/4 2:30,0.455829654
2022/10/4 2:45,0.342906031
2022/10/4 3:00,0.33371246
2022/10/4 3:15,0.338156261
2022/10/4 3:30,0.369874168
2022/10/4 3:45,0.360872592
2022/10/4 4:00,0.270431054
2022/10/4 4:15,0.213852575
2022/10/4 4:30,0.224998838
2022/10/4 4:45,0.256081792
2022/10/4 5:00,0.327036378
2022/10/4 5:15,0.395547827
2022/10/4 5:30,0.459170904
2022/10/4 5:45,0.475773996
2022/10/4 6:00,0.398334712
2022/10/4 6:15,0.364054565
2022/10/4 6:30,0.416090036
2022/10/4 6:45,0.494325313
2022/10/4 7:00,0.624957365
2022/10/4 7:15,0.685618008
2022/10/4 7:30,0.606332892
2022/10/4 7:45,0.540613027
2022/10/4 8:00,0.502020708
2022/10/4 8:15,0.469352645
2022/10/4 8:30,0.448530204
2022/10/4 8:45,0.425554216
2022/10/4 9:00,0.398268386
2022/10/4 9:15,0.395205507
2022/10/4 9:30,0.440585981
2022/10/4 9:45,0.46187902
2022/10/4 10:00,0.434994871
2022/10/4 10:15,0.429294086
2022/10/4 10:30,0.465957961
2022/10/4 10:45,0.456741785
2022/10/4 11:00,0.355763681
2022/10/4 11:15,0.30704531
2022/10/4 11:30,0.362844813
2022/10/4 11:45,0.376670375
2022/10/4 12:00,0.296799206
2022/10/4 12:15,0.249111379
2022/10/4 12:30,0.242457997
2022/10/4 12:45,0.264365789
2022/10/4 13:00,0.343394564
2022/10/4 13:15,0.380293302
2022/10/4 13:30,0.332930263
2022/10/4 13:45,0.286480777
2022/10/4 14:00,0.241856442
2022/10/4 14:15,0.230269535
2022/10/4 14:30,0.284755361
2022/10/4 14:45,0.318816203
2022/10/4 15:00,0.312024866
2022/10/4 15:15,0.324249028
2022/10/4 15:30,0.374501952
2022/10/4 15:45,0.4015612
2022/10/4 16:00,0.382230882
2022/10/4 16:15,0.367251696
2022/10/4 16:30,0.360972608
2022/10/4 16:45,0.364691312
2022/10/4 17:00,0.388403496
2022/10/4 17:15,0.40830123
2022/10/4 17:30,0.420568029
2022/10/4 17:45,0.432601053
2022/10/4 18:00,0.444164567
2022/10/4 18:15,0.453446222
2022/10/4 18:30,0.458162279
2022/10/4 18:45,0.457032383
2022/10/4 19:00,0.444208801
2022/10/4 19:15,0.425260353
2022/10/4 19:30,0.394060516
2022/10/4 19:45,0.377825414
2022/10/4 20:00,0.391518279
2022/10/4 20:15,0.388830041
2022/10/4 20:30,0.353378288
2022/10/4 20:45,0.346157851
2022/10/4 21:00,0.395398952
2022/10/4 21:15,0.423315658
2022/10/4 21:30,0.408582715
2022/10/4 21:45,0.397039237
2022/10/4 22:00,0.391874071
2022/10/4 22:15,0.381257056
2022/10/4 22:30,0.359735953
2022/10/4 22:45,0.355486208
2022/10/4 23:00,0.385778988
2022/10/4 23:15,0.398273868
2022/10/4 23:30,0.375172918
2022/10/4 23:45,0.372866613
2022/10/5 0:00,0.343623506
2022/10/5 0:15,0.355429205
2022/10/5 0:30,0.313542474
2022/10/5 0:45,0.258599074
2022/10/5 1:00,0.177543423
2022/10/5 1:15,0.131843592
2022/10/5 1:30,0.156855925
2022/10/5 1:45,0.178132137
2022/10/5 2:00,0.191935977
2022/10/5 2:15,0.224878394
2022/10/5 2:30,0.296097074
2022/10/5 2:45,0.345573825
2022/10/5 3:00,0.351564986
2022/10/5 3:15,0.347495334
2022/10/5 3:30,0.323301416
2022/10/5 3:45,0.299124544
2022/10/5 4:00,0.274978188
2022/10/5 4:15,0.258695814
2022/10/5 4:30,0.258136938
2022/10/5 4:45,0.256728394
2022/10/5 5:00,0.253615269
2022/10/5 5:15,0.243077815
2022/10/5 5:30,0.217685863
2022/10/5 5:45,0.195509551
2022/10/5 6:00,0.17975833
2022/10/5 6:15,0.16932097
2022/10/5 6:30,0.169505082
2022/10/5 6:45,0.168224513
2022/10/5 7:00,0.164008578
2022/10/5 7:15,0.161224769
2022/10/5 7:30,0.161299754
2022/10/5 7:45,0.155697096
2022/10/5 8:00,0.138734489
2022/10/5 8:15,0.126931285
2022/10/5 8:30,0.125443209
2022/10/5 8:45,0.120821709
2022/10/5 9:00,0.109930778
2022/10/5 9:15,0.106720617
2022/10/5 9:30,0.118870527
2022/10/5 9:45,0.129952561
2022/10/5 10:00,0.138898432
2022/10/5 10:15,0.140983608
2022/10/5 10:30,0.129347913
2022/10/5 10:45,0.11370964
2022/10/5 11:00,0.090067485
2022/10/5 11:15,0.07994239
2022/10/5 11:30,0.096853241
2022/10/5 11:45,0.102226473
2022/10/5 12:00,0.083031053
2022/10/5 12:15,0.069595516
2022/10/5 12:30,0.060401246
2022/10/5 12:45,0.051563076
2022/10/5 13:00,0.043440265
2022/10/5 13:15,0.037732892
2022/10/5 13:30,0.036859293
2022/10/5 13:45,0.03438885
2022/10/5 14:00,0.028727333
2022/10/5 14:15,0.027810214
2022/10/5 14:30,0.03638422
2022/10/5 14:45,0.03824234
2022/10/5 15:00,0.026670764
2022/10/5 15:15,0.022273066
2022/10/5 15:30,0.032224982
2022/10/5 15:45,0.044330056
2022/10/5 16:00,0.062864349
2022/10/5 16:15,0.07858466
2022/10/5 16:30,0.080742208
2022/10/5 16:45,0.084795004
2022/10/5 17:00,0.099961703
2022/10/5 17:15,0.110879779
2022/10/5 17:30,0.136717569
2022/10/5 17:45,0.154432735
2022/10/5 18:00,0.147036815
2022/10/5 18:15,0.153245296
2022/10/5 18:30,0.180065842
2022/10/5 18:45,0.194297286
2022/10/5 19:00,0.187324915
2022/10/5 19:15,0.18368494
2022/10/5 19:30,0.18045017
2022/10/5 19:45,0.196226624
2022/10/5 20:00,0.227764838
2022/10/5 20:15,0.229045274
2022/10/5 20:30,0.183430457
2022/10/5 20:45,0.149171272
2022/10/5 21:00,0.142686805
2022/10/5 21:15,0.128798493
2022/10/5 21:30,0.112595489
2022/10/5 21:45,0.099349808
2022/10/5 22:00,0.101125329
2022/10/5 22:15,0.097183624
2022/10/5 22:30,0.079931921
2022/10/5 22:45,0.069368133
2022/10/5 23:00,0.072774014
2022/10/5 23:15,0.075215696
2022/10/5 23:30,0.07308629
2022/10/5 23:45,0.068757442
2022/10/6 0:00,0.063215679
2022/10/6 0:15,0.058685068
2022/10/6 0:30,0.05886931
2022/10/6 0:45,0.06025169
2022/10/6 1:00,0.063150066
2022/10/6 1:15,0.062940936
2022/10/6 1:30,0.05651025
2022/10/6 1:45,0.046903331
2022/10/6 2:00,0.030937934
2022/10/6 2:15,0.020460863
2022/10/6 2:30,0.020955217
2022/10/6 2:45,0.019604323
2022/10/6 3:00,0.014558695
2022/10/6 3:15,0.010153923
2022/10/6 3:30,0.007027758
2022/10/6 3:45,0.004967496
2022/10/6 4:00,0.004409642
2022/10/6 4:15,0.008331258
2022/10/6 4:30,0.009175024
2022/10/6 4:45,0.010558715
2022/10/6 5:00,0.011269683
2022/10/6 5:15,0.012396768
2022/10/6 5:30,0.011858534
2022/10/6 5:45,0.011250048
2022/10/6 6:00,0.010676627
2022/10/6 6:15,0.011338775
2022/10/6 6:30,0.011394305
2022/10/6 6:45,0.01139196
2022/10/6 7:00,0.010101967
2022/10/6 7:15,0.007274279
2022/10/6 7:30,0.007697835
2022/10/6 7:45,0.009083607
2022/10/6 8:00,0.006608946
2022/10/6 8:15,0.006075074
2022/10/6 8:30,0.004290549
2022/10/6 8:45,0.004314796
2022/10/6 9:00,0.00433534
2022/10/6 9:15,0.00435212
2022/10/6 9:30,0.004365091
2022/10/6 9:45,0.004374217
2022/10/6 10:00,0.004379483
2022/10/6 10:15,0.004548623
2022/10/6 10:30,0.005582168
2022/10/6 10:45,0.006266653
2022/10/6 11:00,0.005566233
2022/10/6 11:15,0.004349272
2022/10/6 11:30,0.00433266
2022/10/6 11:45,0.004312943
2022/10/6 12:00,0.091036002
2022/10/6 12:15,0.014621621
2022/10/6 12:30,0.050590567
2022/10/6 12:45,0.055149683
2022/10/6 13:00,0.049552706
2022/10/6 13:15,0.085451661
2022/10/6 13:30,0.119521777
2022/10/6 13:45,0.140054367
2022/10/6 14:00,0.184368273
2022/10/6 14:15,0.268293197
2022/10/6 14:30,0.364116878
2022/10/6 14:45,0.411631554
2022/10/6 15:00,0.461052032
2022/10/6 15:15,0.494284795
2022/10/6 15:30,0.403123482
2022/10/6 15:45,0.347076688
2022/10/6 16:00,0.358986069
2022/10/6 16:15,0.377356404
2022/10/6 16:30,0.399816968
2022/10/6 16:45,0.410978274
2022/10/6 17:00,0.391390546
2022/10/6 17:15,0.366496595
2022/10/6 17:30,0.356006309
2022/10/6 17:45,0.358014139
2022/10/6 18:00,0.355567326
2022/10/6 18:15,0.32836783
2022/10/6 18:30,0.273006486
2022/10/6 18:45,0.230047579
2022/10/6 19:00,0.235017593
2022/10/6 19:15,0.226453648
2022/10/6 19:30,0.257578394
2022/10/6 19:45,0.268440773
2022/10/6 20:00,0.252160954
2022/10/6 20:15,0.249339318
2022/10/6 20:30,0.288036945
2022/10/6 20:45,0.30932851
2022/10/6 21:00,0.314989499
2022/10/6 21:15,0.303231063
2022/10/6 21:30,0.249508785
2022/10/6 21:45,0.206114226
2022/10/6 22:00,0.172344543
2022/10/6 22:15,0.156684584
2022/10/6 22:30,0.141015228
2022/10/6 22:45,0.125940661
2022/10/6 23:00,0.112458162
2022/10/6 23:15,0.100070784
2022/10/6 23:30,0.081265055
2022/10/6 23:45,0.060930633
2022/10/7 0:00,0.059519211
2022/10/7 0:15,0.039697924
2022/10/7 0:30,0.029290658
2022/10/7 0:45,0.018985625
2022/10/7 1:00,0.00888574
2022/10/7 1:15,0.001119646
2022/10/7 1:30,0
2022/10/7 1:45,0
2022/10/7 2:00,0
2022/10/7 2:15,0
2022/10/7 2:30,0
2022/10/7 2:45,0.028469961
2022/10/7 3:00,0.097893778
2022/10/7 3:15,0.091569225
2022/10/7 3:30,0.064628202
2022/10/7 3:45,0.036605577
2022/10/7 4:00,0.014505579
2022/10/7 4:15,0
2022/10/7 4:30,0
2022/10/7 4:45,0
2022/10/7 5:00,0
2022/10/7 5:15,0
2022/10/7 5:30,0
2022/10/7 5:45,0
2022/10/7 6:00,0
2022/10/7 6:15,0
2022/10/7 6:30,0
2022/10/7 6:45,0.005974307
2022/10/7 7:00,0.031931047
2022/10/7 7:15,0.030333591
2022/10/7 7:30,0.025639264
2022/10/7 7:45,0.024975102
2022/10/7 8:00,0.032366596
2022/10/7 8:15,0.094248156
2022/10/7 8:30,0.208757798
2022/10/7 8:45,0.218335012
2022/10/7 9:00,0.245564608
2022/10/7 9:15,0.260745916
2022/10/7 9:30,0.25182725
2022/10/7 9:45,0.251135612
2022/10/7 10:00,0.266895438
2022/10/7 10:15,0.297513034
2022/10/7 10:30,0.357844444
2022/10/7 10:45,0.399510186
2022/10/7 11:00,0.403843704
2022/10/7 11:15,0.416016631
2022/10/7 11:30,0.443868228
2022/10/7 11:45,0.430244756
2022/10/7 12:00,0.310722065
2022/10/7 12:15,0.219701248
2022/10/7 12:30,0.154034291
2022/10/7 12:45,0.117357798
2022/10/7 13:00,0.138666403
2022/10/7 13:15,0.16466024
2022/10/7 13:30,0.200028759
2022/10/7 13:45,0.224492182
2022/10/7 14:00,0.227149511
2022/10/7 14:15,0.217374041
2022/10/7 14:30,0.169042639
2022/10/7 14:45,0.12163549
2022/10/7 15:00,0.092262276
2022/10/7 15:15,0.080141073
2022/10/7 15:30,0.083678962
2022/10/7 15:45,0.078818137
2022/10/7 16:00,0.049585122
2022/10/7 16:15,0.060138
2022/10/7 16:30,0.149998439
2022/10/7 16:45,0.193675467
2022/10/7 17:00,0.136025093
2022/10/7 17:15,0.08899843
2022/10/7 17:30,0.093073602
2022/10/7 17:45,0.102910034
2022/10/7 18:00,0.117248476
2022/10/7 18:15,0.125911029
2022/10/7 18:30,0.124217234
2022/10/7 18:45,0.106793051
2022/10/7 19:00,0.080684614
2022/10/7 19:15,0.053760232
2022/10/7 19:30,0.035659509
2022/10/7 19:45,0.016118715
2022/10/7 20:00,0.006886132
2022/10/7 20:15,0.039359102
2022/10/7 20:30,0.109721323
2022/10/7 20:45,0.117858226
2022/10/7 21:00,0.13232491
2022/10/7 21:15,0.148139403
2022/10/7 21:30,0.158010345
2022/10/7 21:45,0.165297492
2022/10/7 22:00,0.152357489
2022/10/7 22:15,0.141039487
2022/10/7 22:30,0.111986952
2022/10/7 22:45,0.095520363
2022/10/7 23:00,0.081954905
2022/10/7 23:15,0.068006572
2022/10/7 23:30,0.066012743
2022/10/7 23:45,0.075088506
2022/10/8 0:00,0.158738286
2022/10/8 0:15,0.180903618
2022/10/8 0:30,0.211053371
2022/10/8 0:45,0.230487034
2022/10/8 1:00,0.228486878
2022/10/8 1:15,0.218701685
2022/10/8 1:30,0.193345014
2022/10/8 1:45,0.173369509
2022/10/8 2:00,0.164155281
2022/10/8 2:15,0.157173791
2022/10/8 2:30,0.154657167
2022/10/8 2:45,0.151854819
2022/10/8 3:00,0.148480921
2022/10/8 3:15,0.140572318
2022/10/8 3:30,0.123594724
2022/10/8 3:45,0.099252344
2022/10/8 4:00,0.06018132
2022/10/8 4:15,0.037731596
2022/10/8 4:30,0.041998393
2022/10/8 4:45,0.040111857
2022/10/8 5:00,0.051497362
2022/10/8 5:15,0.058758645
2022/10/8 5:30,0.057773396
2022/10/8 5:45,0.056981799
2022/10/8 6:00,0.05657948
2022/10/8 6:15,0.056916998
2022/10/8 6:30,0.058736079
2022/10/8 6:45,0.059659568
2022/10/8 7:00,0.058793542
2022/10/8 7:15,0.057631925
2022/10/8 7:30,0.055880469
2022/10/8 7:45,0.058082855
2022/10/8 8:00,0.068193866
2022/10/8 8:15,0.079553515
2022/10/8 8:30,0.089184294
2022/10/8 8:45,0.089238095
2022/10/8 9:00,0.08441632
2022/10/8 9:15,0.072296335
2022/10/8 9:30,0.064084588
2022/10/8 9:45,0.058749647
2022/10/8 10:00,0.05916771
2022/10/8 10:15,0.06156901
2022/10/8 10:30,0.065491111
2022/10/8 10:45,0.06268366
2022/10/8 11:00,0.055348927
2022/10/8 11:15,0.047041379
2022/10/8 11:30,0.048164769
2022/10/8 11:45,0.048836616
2022/10/8 12:00,0.062334997
2022/10/8 12:15,0.065790774
2022/10/8 12:30,0.052881563
2022/10/8 12:45,0.049301963
2022/10/8 13:00,0.064379069
2022/10/8 13:15,0.074422361
2022/10/8 13:30,0.074395356
2022/10/8 13:45,0.073279838
2022/10/8 14:00,0.06998447
2022/10/8 14:15,0.067062688
2022/10/8 14:30,0.064885091
2022/10/8 14:45,0.061783819
2022/10/8 15:00,0.056832057
2022/10/8 15:15,0.05713359
2022/10/8 15:30,0.067938448
2022/10/8 15:45,0.074674674
2022/10/8 16:00,0.07327029
2022/10/8 16:15,0.073143507
2022/10/8 16:30,0.075568556
2022/10/8 16:45,0.075831887
2022/10/8 17:00,0.071768466
2022/10/8 17:15,0.069278597
2022/10/8 17:30,0.069932647
2022/10/8 17:45,0.06974939
2022/10/8 18:00,0.067888531
2022/10/8 18:15,0.066325452
2022/10/8 18:30,0.0656433
2022/10/8 18:45,0.137630307
2022/10/8 19:00,0.355931946
2022/10/8 19:15,0.471891582
2022/10/8 19:30,0.38316516
2022/10/8 19:45,0.331693819
2022/10/8 20:00,0.354730963
2022/10/8 20:15,0.375552516
2022/10/8 20:30,0.391941592
2022/10/8 20:45,0.422307265
2022/10/8 21:00,0.480625205
2022/10/8 21:15,0.500321112
2022/10/8 21:30,0.442772372
2022/10/8 21:45,0.401405253
2022/10/8 22:00,0.392401103
2022/10/8 22:15,0.377375223
2022/10/8 22:30,0.350305873
2022/10/8 22:45,0.316120334
2022/10/8 23:00,0.267702614
2022/10/8 23:15,0.229784552
2022/10/8 23:30,0.212866178
2022/10/8 23:45,0.201962058
2022/10/9 0:00,0.163761949
2022/10/9 0:15,0.198864326
2022/10/9 0:30,0.236438888
2022/10/9 0:45,0.262914142
2022/10/9 1:00,0.224253549
2022/10/9 1:15,0.188017877
2022/10/9 1:30,0.167490245
2022/10/9 1:45,0.180187979
2022/10/9 2:00,0.166360667
2022/10/9 2:15,0.194789481
2022/10/9 2:30,0.223141711
2022/10/9 2:45,0.268175324
2022/10/9 3:00,0.199099386
2022/10/9 3:15,0.009757766
2022/10/9 3:30,0.034087101
2022/10/9 3:45,0.010851892
2022/10/9 4:00,0.028266466
2022/10/9 4:15,0.027773059
2022/10/9 4:30,0.01637187
2022/10/9 4:45,0.015064183
2022/10/9 5:00,0.029879107
2022/10/9 5:15,0.019521481
2022/10/9 5:30,0.022039091
2022/10/9 5:45,0.0265032
2022/10/9 6:00,0.03213868
2022/10/9 6:15,0.036223839
2022/10/9 6:30,0.045153329
2022/10/9 6:45,0.060242729
2022/10/9 7:00,0.042887224
2022/10/9 7:15,0.039386811
2022/10/9 7:30,0.034002499
2022/10/9 7:45,0.047064315
2022/10/9 8:00,0.034849285
2022/10/9 8:15,0.063085897
2022/10/9 8:30,0.12600991
2022/10/9 8:45,0.121636494
2022/10/9 9:00,0.111123534
2022/10/9 9:15,0.109594799
2022/10/9 9:30,0.090896739
2022/10/9 9:45,0.080579377
2022/10/9 10:00,0.079478049
2022/10/9 10:15,0.078651738
2022/10/9 10:30,0.068835828
2022/10/9 10:45,0.057692076
2022/10/9 11:00,0.03892427
2022/10/9 11:15,0.046663731
2022/10/9 11:30,0.086498999
2022/10/9 11:45,0.100964699
2022/10/9 12:00,0.096767468
2022/10/9 12:15,0.065872626
2022/10/9 12:30,0.054248461
2022/10/9 12:45,0.05348008
2022/10/9 13:00,0.04910072
2022/10/9 13:15,0.053318756
2022/10/9 13:30,0.074733563
2022/10/9 13:45,0.098963337
2022/10/9 14:00,0.128824993
2022/10/9 14:15,0.146986844
2022/10/9 14:30,0.141750831
2022/10/9 14:45,0.153861477
2022/10/9 15:00,0.200666775
2022/10/9 15:15,0.223630269
2022/10/9 15:30,0.19891085
2022/10/9 15:45,0.191034606
2022/10/9 16:00,0.216844557
2022/10/9 16:15,0.246184375
2022/10/9 16:30,0.282582751
2022/10/9 16:45,0.313722355
2022/10/9 17:00,0.334342114
2022/10/9 17:15,0.346534172
2022/10/9 17:30,0.341867397
2022/10/9 17:45,0.330114635
2022/10/9 18:00,0.304185445
2022/10/9 18:15,0.280739102
2022/10/9 18:30,0.262253187
2022/10/9 18:45,0.237757628
2022/10/9 19:00,0.201237028
2022/10/9 19:15,0.178594853
2022/10/9 19:30,0.183703681
2022/10/9 19:45,0.17555849
2022/10/9 20:00,0.140899746
2022/10/9 20:15,0.117594206
2022/10/9 20:30,0.116990308
2022/10/9 20:45,0.107073708
2022/10/9 21:00,0.078528064
2022/10/9 21:15,0.07011375
2022/10/9 21:30,0.101959871
2022/10/9 21:45,0.101908546
2022/10/9 22:00,0.038061699
2022/10/9 22:15,0.027137053
2022/10/9 22:30,0.122057834
2022/10/9 22:45,0.185363188
2022/10/9 23:00,0.120303992
2022/10/9 23:15,0
2022/10/9 23:30,0.004526527
2022/10/9 23:45,0.023108058
2022/10/10 0:00,0.08176743
2022/10/10 0:15,0.101748405
2022/10/10 0:30,0.050508699
2022/10/10 0:45,0.012529106
2022/10/10 1:00,0.001072638
2022/10/10 1:15,0
2022/10/10 1:30,0
2022/10/10 1:45,0.006664734
2022/10/10 2:00,0.033032972
2022/10/10 2:15,0.029438792
2022/10/10 2:30,0.018639539
2022/10/10 2:45,0.016754625
2022/10/10 3:00,0.032701184
2022/10/10 3:15,0.061128918
2022/10/10 3:30,0.114521588
2022/10/10 3:45,0.160267752
2022/10/10 4:00,0.190723251
2022/10/10 4:15,0.201175165
2022/10/10 4:30,0.171621994
2022/10/10 4:45,0.149316057
2022/10/10 5:00,0.139012014
2022/10/10 5:15,0.130411089
2022/10/10 5:30,0.135432209
2022/10/10 5:45,0.13401538
2022/10/10 6:00,0.119723799
2022/10/10 6:15,0.114641741
2022/10/10 6:30,0.127979481
2022/10/10 6:45,0.129837561
2022/10/10 7:00,0.108736637
2022/10/10 7:15,0.095317168
2022/10/10 7:30,0.097260437
2022/10/10 7:45,0.098233964
2022/10/10 8:00,0.097267305
2022/10/10 8:15,0.103288398
2022/10/10 8:30,0.123283738
2022/10/10 8:45,0.134968378
2022/10/10 9:00,0.130029799
2022/10/10 9:15,0.128216116
2022/10/10 9:30,0.132649868
2022/10/10 9:45,0.140963826
2022/10/10 10:00,0.157035352
2022/10/10 10:15,0.161476846
2022/10/10 10:30,0.142655033
2022/10/10 10:45,0.138373679
2022/10/10 11:00,0.16316972
2022/10/10 11:15,0.167865556
2022/10/10 11:30,0.132357332
2022/10/10 11:45,0.143803737
2022/10/10 12:00,0.328981385
2022/10/10 12:15,0.375609881
2022/10/10 12:30,0.308547749
2022/10/10 12:45,0.254127971
2022/10/10 13:00,0.223043721
2022/10/10 13:15,0.253869575
2022/10/10 13:30,0.420454858
2022/10/10 13:45,0.491183331
2022/10/10 14:00,0.391912301
2022/10/10 14:15,0.350025619
2022/10/10 14:30,0.438902374
2022/10/10 14:45,0.453406405
2022/10/10 15:00,0.326659075
2022/10/10 15:15,0.235879372
2022/10/10 15:30,0.181486747
2022/10/10 15:45,0.170347409
2022/10/10 16:00,0.192234695
2022/10/10 16:15,0.205624449
2022/10/10 16:30,0.175642886
2022/10/10 16:45,0.163982416
2022/10/10 17:00,0.219360109
2022/10/10 17:15,0.239025592
2022/10/10 17:30,0.254963263
2022/10/10 17:45,0.214704945
2022/10/10 18:00,0.098652565
2022/10/10 18:15,0.002397042
2022/10/10 18:30,0.011798709
2022/10/10 18:45,0.00862616
2022/10/10 19:00,0.02578696
2022/10/10 19:15,0.020471002
2022/10/10 19:30,0.007097209
2022/10/10 19:45,0.046825812
2022/10/10 20:00,0.144531413
2022/10/10 20:15,0.148032109
2022/10/10 20:30,0.147009475
2022/10/10 20:45,0.145334331
2022/10/10 21:00,0.132790689
2022/10/10 21:15,0.129561546
2022/10/10 21:30,0.142686272
2022/10/10 21:45,0.143090566
2022/10/10 22:00,0.128321662
2022/10/10 22:15,0.132107969
2022/10/10 22:30,0.1768496
2022/10/10 22:45,0.228006168
2022/10/10 23:00,0.303825789
2022/10/10 23:15,0.332603926
2022/10/10 23:30,0.252440341
2022/10/10 23:45,0.189888738
2022/10/11 0:00,0.140927383
2022/10/11 0:15,0.130773554
2022/10/11 0:30,0.142441764
2022/10/11 0:45,0.149499794
2022/10/11 1:00,0.147335372
2022/10/11 1:15,0.143386706
2022/10/11 1:30,0.135867118
2022/10/11 1:45,0.127339876
2022/10/11 2:00,0.116794684
2022/10/11 2:15,0.109771343
2022/10/11 2:30,0.065933992
2022/10/11 2:45,0
2022/10/11 3:00,0
2022/10/11 3:15,0.008880014
2022/10/11 3:30,0.071532261
2022/10/11 3:45,0.10764618
2022/10/11 4:00,0.085351892
2022/10/11 4:15,0.064730379
2022/10/11 4:30,0.043910439
2022/10/11 4:45,0.025518193
2022/10/11 5:00,0.005754275
2022/10/11 5:15,0
2022/10/11 5:30,0
2022/10/11 5:45,0
2022/10/11 6:00,0
2022/10/11 6:15,0
2022/10/11 6:30,0
2022/10/11 6:45,0
2022/10/11 7:00,0
2022/10/11 7:15,0
2022/10/11 7:30,0
2022/10/11 7:45,0
2022/10/11 8:00,0
2022/10/11 8:15,0
2022/10/11 8:30,0
2022/10/11 8:45,0
2022/10/11 9:00,0
2022/10/11 9:15,0
2022/10/11 9:30,0
2022/10/11 9:45,0
2022/10/11 10:00,0
2022/10/11 10:15,0
2022/10/11 10:30,0
2022/10/11 10:45,0.00490584
2022/10/11 11:00,0.043902812
2022/10/11 11:15,0.047158747
2022/10/11 11:30,0.030976054
2022/10/11 11:45,0.005224086
2022/10/11 12:00,0.001212332
2022/10/11 12:15,0
2022/10/11 12:30,0
2022/10/11 12:45,0
2022/10/11 13:00,0
2022/10/11 13:15,0
2022/10/11 13:30,0
2022/10/11 13:45,0
2022/10/11 14:00,0
2022/10/11 14:15,0
2022/10/11 14:30,0
2022/10/11 14:45,0
2022/10/11 15:00,0
2022/10/11 15:15,0
2022/10/11 15:30,0
2022/10/11 15:45,0
2022/10/11 16:00,0
2022/10/11 16:15,0
2022/10/11 16:30,0
2022/10/11 16:45,0
2022/10/11 17:00,0
2022/10/11 17:15,0
2022/10/11 17:30,0
2022/10/11 17:45,0
2022/10/11 18:00,0
2022/10/11 18:15,0
2022/10/11 18:30,0
2022/10/11 18:45,0
2022/10/11 19:00,0
2022/10/11 19:15,0
2022/10/11 19:30,0
2022/10/11 19:45,0
2022/10/11 20:00,0
2022/10/11 20:15,0
2022/10/11 20:30,0
2022/10/11 20:45,0
2022/10/11 21:00,0
2022/10/11 21:15,0
2022/10/11 21:30,0
2022/10/11 21:45,0
2022/10/11 22:00,0
2022/10/11 22:15,0
2022/10/11 22:30,0
2022/10/11 22:45,0
2022/10/11 23:00,0
2022/10/11 23:15,0
2022/10/11 23:30,0
2022/10/11 23:45,0
2022/10/12 0:00,0
2022/10/12 0:15,0
2022/10/12 0:30,0.007712603
2022/10/12 0:45,0.001741047
2022/10/12 1:00,0.004018063
2022/10/12 1:15,0.001265463
2022/10/12 1:30,0.020058361
2022/10/12 1:45,0.019799166
2022/10/12 2:00,0.022842887
2022/10/12 2:15,0.006670324
2022/10/12 2:30,0.00927861
2022/10/12 2:45,0.013608482
2022/10/12 3:00,0.001344399
2022/10/12 3:15,0.005250519
2022/10/12 3:30,0.000116208
2022/10/12 3:45,0.013253954
2022/10/12 4:00,0.053350285
2022/10/12 4:15,0.065834607
2022/10/12 4:30,0.086875977
2022/10/12 4:45,0.095833525
2022/10/12 5:00,0.109171674
2022/10/12 5:15,0.101135973
2022/10/12 5:30,0.085950942
2022/10/12 5:45,0.017153123
2022/10/12 6:00,0.061670079
2022/10/12 6:15,0.111508814
2022/10/12 6:30,0.248779296
2022/10/12 6:45,0.264895294
2022/10/12 7:00,0.298643243
2022/10/12 7:15,0.264723374
2022/10/12 7:30,0.20151075
2022/10/12 7:45,0.191025998
2022/10/12 8:00,0.163943035
2022/10/12 8:15,0.130011337
2022/10/12 8:30,0.24876827
2022/10/12 8:45,0.271249884
2022/10/12 9:00,0.304201117
2022/10/12 9:15,0.319573281
2022/10/12 9:30,0.340157299
2022/10/12 9:45,0.320790992
2022/10/12 10:00,0.245200921
2022/10/12 10:15,0.190551011
2022/10/12 10:30,0.142213814
2022/10/12 10:45,0.129703686
2022/10/12 11:00,0.155805603
2022/10/12 11:15,0.168741113
2022/10/12 11:30,0.181918058
2022/10/12 11:45,0.184020696
2022/10/12 12:00,0.133430662
2022/10/12 12:15,0.133829901
2022/10/12 12:30,0.138074279
2022/10/12 12:45,0.187249118
2022/10/12 13:00,0.32628468
2022/10/12 13:15,0.409745401
2022/10/12 13:30,0.382056156
2022/10/12 13:45,0.319193866
2022/10/12 14:00,0.185985158
2022/10/12 14:15,0.094329692
2022/10/12 14:30,0.085780376
2022/10/12 14:45,0.077691732
2022/10/12 15:00,0.070524132
2022/10/12 15:15,0.064442612
2022/10/12 15:30,0.050019666
2022/10/12 15:45,0.02678646
2022/10/12 16:00,0.02745335
2022/10/12 16:15,0.028128366
2022/10/12 16:30,0.028819726
2022/10/12 16:45,0.028796558
2022/10/12 17:00,0.027344645
2022/10/12 17:15,0.025480182
2022/10/12 17:30,0.022791179
2022/10/12 17:45,0.020957162
2022/10/12 18:00,0.020833943
2022/10/12 18:15,0.021223645
2022/10/12 18:30,0.022640282
2022/10/12 18:45,0.042643071
2022/10/12 19:00,0.100387798
2022/10/12 19:15,0.133614247
2022/10/12 19:30,0.117805711
2022/10/12 19:45,0.104820667
2022/10/12 20:00,0.097484377
2022/10/12 20:15,0.093846237
2022/10/12 20:30,0.097606324
2022/10/12 20:45,0.09947309
2022/10/12 21:00,0.097555265
2022/10/12 21:15,0.097562469
2022/10/12 21:30,0.10142187
2022/10/12 21:45,0.101034552
2022/10/12 22:00,0.092155982
2022/10/12 22:15,0.086628281
2022/10/12 22:30,0.087804522
2022/10/12 22:45,0.083446306
2022/10/12 23:00,0.068021371
2022/10/12 23:15,0.061875487
2022/10/12 23:30,0.073721577
2022/10/12 23:45,0.081599693
2022/10/13 0:00,0.045773752
2022/10/13 0:15,0
2022/10/13 0:30,0
2022/10/13 0:45,0
2022/10/13 1:00,0
2022/10/13 1:15,0
2022/10/13 1:30,0
2022/10/13 1:45,0
2022/10/13 2:00,0
2022/10/13 2:15,0
2022/10/13 2:30,0
2022/10/13 2:45,0
2022/10/13 3:00,0
2022/10/13 3:15,0
2022/10/13 3:30,0
2022/10/13 3:45,0
2022/10/13 4:00,0
2022/10/13 4:15,0.032633584
2022/10/13 4:30,0.029393118
2022/10/13 4:45,0.019924621
2022/10/13 5:00,0.018768396
2022/10/13 5:15,0.057864759
2022/10/13 5:30,0.159451058
2022/10/13 5:45,0.185721622
2022/10/13 6:00,0.202804788
2022/10/13 6:15,0.227300538
2022/10/13 6:30,0.283368985
2022/10/13 6:45,0.345762558
2022/10/13 7:00,0.45260003
2022/10/13 7:15,0.535580928
2022/10/13 7:30,0.570920838
2022/10/13 7:45,0.588630838
2022/10/13 8:00,0.570915237
2022/10/13 8:15,0.544712095
2022/10/13 8:30,0.500759893
2022/10/13 8:45,0.482995361
2022/10/13 9:00,0.517695458
2022/10/13 9:15,0.555023068
2022/10/13 9:30,0.597454012
2022/10/13 9:45,0.636875749
2022/10/13 10:00,0.670139057
2022/10/13 10:15,0.687933304
2022/10/13 10:30,0.695350462
2022/10/13 10:45,0.682583635
2022/10/13 11:00,0.599398407
2022/10/13 11:15,0.50384103
2022/10/13 11:30,0.367749334
2022/10/13 11:45,0.284009276
2022/10/13 12:00,0.37155666
2022/10/13 12:15,0.363052621
2022/10/13 12:30,0.29120579
2022/10/13 12:45,0.241493944
2022/10/13 13:00,0.236051553
2022/10/13 13:15,0.253040211
2022/10/13 13:30,0.314890491
2022/10/13 13:45,0.347476039
2022/10/13 14:00,0.321531664
2022/10/13 14:15,0.308074796
2022/10/13 14:30,0.319592483
2022/10/13 14:45,0.330755163
2022/10/13 15:00,0.34120735
2022/10/13 15:15,0.395150303
2022/10/13 15:30,0.536074262
2022/10/13 15:45,0.623251584
2022/10/13 16:00,0.602935038
2022/10/13 16:15,0.503332313
2022/10/13 16:30,0.245156553
2022/10/13 16:45,0.072726201
2022/10/13 17:00,0.071785903
2022/10/13 17:15,0.072647659
2022/10/13 17:30,0.075058561
2022/10/13 17:45,0.074917336
2022/10/13 18:00,0.07735477
2022/10/13 18:15,0.07080777
2022/10/13 18:30,0.046291122
2022/10/13 18:45,0.023497299
2022/10/13 19:00,0.004148528
2022/10/13 19:15,0
2022/10/13 19:30,0
2022/10/13 19:45,0
2022/10/13 20:00,0
2022/10/13 20:15,0
2022/10/13 20:30,0
2022/10/13 20:45,0
2022/10/13 21:00,0
2022/10/13 21:15,0
2022/10/13 21:30,0
2022/10/13 21:45,0
2022/10/13 22:00,0
2022/10/13 22:15,0
2022/10/13 22:30,0
2022/10/13 22:45,0
2022/10/13 23:00,0
2022/10/13 23:15,0
2022/10/13 23:30,0
2022/10/13 23:45,0
2022/10/14 0:00,0
2022/10/14 0:15,0
2022/10/14 0:30,0
2022/10/14 0:45,0
2022/10/14 1:00,0
2022/10/14 1:15,0
2022/10/14 1:30,0
2022/10/14 1:45,0
2022/10/14 2:00,0
2022/10/14 2:15,0
2022/10/14 2:30,0
2022/10/14 2:45,0
2022/10/14 3:00,0
2022/10/14 3:15,0
2022/10/14 3:30,0
2022/10/14 3:45,0
2022/10/14 4:00,0
2022/10/14 4:15,0
2022/10/14 4:30,0
2022/10/14 4:45,0
2022/10/14 5:00,0
2022/10/14 5:15,0.001053125
2022/10/14 5:30,0.022682975
2022/10/14 5:45,0.031589592
2022/10/14 6:00,0.024205663
2022/10/14 6:15,0.025256678
2022/10/14 6:30,0.04184452
2022/10/14 6:45,0.064955679
2022/10/14 7:00,0.101109876
2022/10/14 7:15,0.112628431
2022/10/14 7:30,0.074871739
2022/10/14 7:45,0.045524308
2022/10/14 8:00,0.032991182
2022/10/14 8:15,0.021795388
2022/10/14 8:30,0.013269883
2022/10/14 8:45,0.016973025
2022/10/14 9:00,0.045128996
2022/10/14 9:15,0.067486228
2022/10/14 9:30,0.078241471
2022/10/14 9:45,0.081783207
2022/10/14 10:00,0.07089338
2022/10/14 10:15,0.072287573
2022/10/14 10:30,0.098245218
2022/10/14 10:45,0.109571091
2022/10/14 11:00,0.091628788
2022/10/14 11:15,0.093603063
2022/10/14 11:30,0.135405801
2022/10/14 11:45,0.16061449
2022/10/14 12:00,0.186075753
2022/10/14 12:15,0.160997729
2022/10/14 12:30,0.101736
2022/10/14 12:45,0.076466302
2022/10/14 13:00,0.096129527
2022/10/14 13:15,0.129014879
2022/10/14 13:30,0.144227824
2022/10/14 13:45,0.144392104
2022/10/14 14:00,0.109608361
2022/10/14 14:15,0.093522147
2022/10/14 14:30,0.121707196
2022/10/14 14:45,0.161502299
2022/10/14 15:00,0.218774221
2022/10/14 15:15,0.250989693
2022/10/14 15:30,0.233946095
2022/10/14 15:45,0.192161172
2022/10/14 16:00,0.103262813
2022/10/14 16:15,0.04053254
2022/10/14 16:30,0.031107245
2022/10/14 16:45,0.020569907
2022/10/14 17:00,0.007809656
2022/10/14 17:15,0
2022/10/14 17:30,0
2022/10/14 17:45,0
2022/10/14 18:00,0
2022/10/14 18:15,0
2022/10/14 18:30,0
2022/10/14 18:45,0
2022/10/14 19:00,0
2022/10/14 19:15,0
2022/10/14 19:30,0
2022/10/14 19:45,0.016935635
2022/10/14 20:00,0.055411327
2022/10/14 20:15,0.065839045
2022/10/14 20:30,0.097173028
2022/10/14 20:45,0.120481197
2022/10/14 21:00,0.127735882
2022/10/14 21:15,0.137329985
2022/10/14 21:30,0.151600237
2022/10/14 21:45,0.154261995
2022/10/14 22:00,0.133703208
2022/10/14 22:15,0.117515934
2022/10/14 22:30,0.110067286
2022/10/14 22:45,0.099277465
2022/10/14 23:00,0.081800142
2022/10/14 23:15,0.071765173
2022/10/14 23:30,0.071280778
2022/10/14 23:45,0.080407558
2022/10/15 0:00,0.068014952
2022/10/15 0:15,0.081459856
2022/10/15 0:30,0.085159142
2022/10/15 0:45,0.084949875
2022/10/15 1:00,0.082011622
2022/10/15 1:15,0.081278991
2022/10/15 1:30,0.083779573
2022/10/15 1:45,0.095954496
2022/10/15 2:00,0.084478365
2022/10/15 2:15,0.070864783
2022/10/15 2:30,0.072667065
2022/10/15 2:45,0.070081325
2022/10/15 3:00,0.06410348
2022/10/15 3:15,0.056395738
2022/10/15 3:30,0.054753108
2022/10/15 3:45,0.050001155
2022/10/15 4:00,0.041795662
2022/10/15 4:15,0.047780392
2022/10/15 4:30,0.035727063
2022/10/15 4:45,0.013539296
2022/10/15 5:00,0.013484211
2022/10/15 5:15,0.01998636
2022/10/15 5:30,0.021957453
2022/10/15 5:45,0.057564336
2022/10/15 6:00,0.05428293
2022/10/15 6:15,0.023246896
2022/10/15 6:30,0.010992292
2022/10/15 6:45,0.008939273
2022/10/15 7:00,0.018002534
2022/10/15 7:15,0.025432821
2022/10/15 7:30,0.024705774
2022/10/15 7:45,0.026993943
2022/10/15 8:00,0.051835716
2022/10/15 8:15,0.056150674
2022/10/15 8:30,0.076563718
2022/10/15 8:45,0.0581524
2022/10/15 9:00,0.040590243
2022/10/15 9:15,0.042900582
2022/10/15 9:30,0.033617714
2022/10/15 9:45,0.035357549
2022/10/15 10:00,0.041135572
2022/10/15 10:15,0.027218816
2022/10/15 10:30,0.023809263
2022/10/15 10:45,0.038692345
2022/10/15 11:00,0.046061888
2022/10/15 11:15,0.082122113
2022/10/15 11:30,0.114305581
2022/10/15 11:45,0.124749038
2022/10/15 12:00,0.121835458
2022/10/15 12:15,0.15020617
2022/10/15 12:30,0.143240848
2022/10/15 12:45,0.131269931
2022/10/15 13:00,0.108863477
2022/10/15 13:15,0.103821754
2022/10/15 13:30,0.133511275
2022/10/15 13:45,0.158987537
2022/10/15 14:00,0.176038856
2022/10/15 14:15,0.181282329
2022/10/15 14:30,0.162911356
2022/10/15 14:45,0.149116727
2022/10/15 15:00,0.144475603
2022/10/15 15:15,0.152500598
2022/10/15 15:30,0.185858148
2022/10/15 15:45,0.211639987
2022/10/15 16:00,0.222270173
2022/10/15 16:15,0.238172015
2022/10/15 16:30,0.2597493
2022/10/15 16:45,0.27712232
2022/10/15 17:00,0.305790597
2022/10/15 17:15,0.327194817
2022/10/15 17:30,0.334069104
2022/10/15 17:45,0.345167563
2022/10/15 18:00,0.364712101
2022/10/15 18:15,0.38051194
2022/10/15 18:30,0.388819735
2022/10/15 18:45,0.396151107
2022/10/15 19:00,0.40152667
2022/10/15 19:15,0.395631099
2022/10/15 19:30,0.367190066
2022/10/15 19:45,0.355614683
2022/10/15 20:00,0.37776727
2022/10/15 20:15,0.390335477
2022/10/15 20:30,0.383731593
2022/10/15 20:45,0.381191221
2022/10/15 21:00,0.386774722
2022/10/15 21:15,0.395537455
2022/10/15 21:30,0.41065588
2022/10/15 21:45,0.397629658
2022/10/15 22:00,0.327576184
2022/10/15 22:15,0.293016212
2022/10/15 22:30,0.332325899
2022/10/15 22:45,0.348576016
2022/10/15 23:00,0.3187659
2022/10/15 23:15,0.293758678
2022/10/15 23:30,0.278358129
2022/10/15 23:45,0.261523009
2022/10/16 0:00,0.245263852
2022/10/16 0:15,0.225551766
2022/10/16 0:30,0.240850879
2022/10/16 0:45,0.243808819
2022/10/16 1:00,0.222085332
2022/10/16 1:15,0.21361577
2022/10/16 1:30,0.195908631
2022/10/16 1:45,0.178405772
2022/10/16 2:00,0.161313713
2022/10/16 2:15,0.154362375
2022/10/16 2:30,0.167695227
2022/10/16 2:45,0.186265427
2022/10/16 3:00,0.215313402
2022/10/16 3:15,0.228051697
2022/10/16 3:30,0.208173826
2022/10/16 3:45,0.186921943
2022/10/16 4:00,0.162925136
2022/10/16 4:15,0.136186339
2022/10/16 4:30,0.103966381
2022/10/16 4:45,0.07200333
2022/10/16 5:00,0.040556485
2022/10/16 5:15,0.020034679
2022/10/16 5:30,0.014278962
2022/10/16 5:45,0.001157625
2022/10/16 6:00,0.001117085
2022/10/16 6:15,0.001089088
2022/10/16 6:30,0
2022/10/16 6:45,0
2022/10/16 7:00,0
2022/10/16 7:15,0
2022/10/16 7:30,0.002764465
2022/10/16 7:45,0.007799531
2022/10/16 8:00,0.016372231
2022/10/16 8:15,0.046965406
2022/10/16 8:30,0.099633228
2022/10/16 8:45,0.107920394
2022/10/16 9:00,0.117440959
2022/10/16 9:15,0.12164796
2022/10/16 9:30,0.115227484
2022/10/16 9:45,0.101634108
2022/10/16 10:00,0.073694599
2022/10/16 10:15,0.049188763
2022/10/16 10:30,0.031095225
2022/10/16 10:45,0.028036722
2022/10/16 11:00,0.052377258
2022/10/16 11:15,0.08104527
2022/10/16 11:30,0.13632588
2022/10/16 11:45,0.180980336
2022/10/16 12:00,0.191727446
2022/10/16 12:15,0.225275825
2022/10/16 12:30,0.22563683
2022/10/16 12:45,0.217878244
2022/10/16 13:00,0.178548102
2022/10/16 13:15,0.172478387
2022/10/16 13:30,0.22872511
2022/10/16 13:45,0.272138995
2022/10/16 14:00,0.281882598
2022/10/16 14:15,0.286772819
2022/10/16 14:30,0.27284232
2022/10/16 14:45,0.260681244
2022/10/16 15:00,0.232476054
2022/10/16 15:15,0.197346126
2022/10/16 15:30,0.15885813
2022/10/16 15:45,0.151419953
2022/10/16 16:00,0.170772022
2022/10/16 16:15,0.175067322
2022/10/16 16:30,0.177177764
2022/10/16 16:45,0.188015464
2022/10/16 17:00,0.195545795
2022/10/16 17:15,0.187153951
2022/10/16 17:30,0.150661161
2022/10/16 17:45,0.134129344
2022/10/16 18:00,0.144739662
2022/10/16 18:15,0.153551294
2022/10/16 18:30,0.15123335
2022/10/16 18:45,0.167402201
2022/10/16 19:00,0.215231275
2022/10/16 19:15,0.237065568
2022/10/16 19:30,0.179354387
2022/10/16 19:45,0.131124413
2022/10/16 20:00,0.115357018
2022/10/16 20:15,0.100834226
2022/10/16 20:30,0.083481172
2022/10/16 20:45,0.06387063
2022/10/16 21:00,0.039747763
2022/10/16 21:15,0.023680663
2022/10/16 21:30,0.01526939
2022/10/16 21:45,0
2022/10/16 22:00,0
2022/10/16 22:15,0
2022/10/16 22:30,0
2022/10/16 22:45,0
2022/10/16 23:00,0
2022/10/16 23:15,0
2022/10/16 23:30,0
2022/10/16 23:45,0
2022/10/17 0:00,0.039363055
2022/10/17 0:15,0.049167447
2022/10/17 0:30,0.051841638
2022/10/17 0:45,0.056662217
2022/10/17 1:00,0.061477061
2022/10/17 1:15,0.066286422
2022/10/17 1:30,0.053696324
2022/10/17 1:45,0.041877422
2022/10/17 2:00,0.042583878
2022/10/17 2:15,0.052038238
2022/10/17 2:30,0.04465163
2022/10/17 2:45,0.041684923
2022/10/17 3:00,0.040794552
2022/10/17 3:15,0.036305807
2022/10/17 3:30,0.037936481
2022/10/17 3:45,0.042756285
2022/10/17 4:00,0.039625623
2022/10/17 4:15,0.045092919
2022/10/17 4:30,0.092255404
2022/10/17 4:45,0.110638743
2022/10/17 5:00,0.103144455
2022/10/17 5:15,0.097688345
2022/10/17 5:30,0.091477484
2022/10/17 5:45,0.10322615
2022/10/17 6:00,0.13077578
2022/10/17 6:15,0.144920412
2022/10/17 6:30,0.099048875
2022/10/17 6:45,0.010915106
2022/10/17 7:00,0.010010471
2022/10/17 7:15,0.018764808
2022/10/17 7:30,0.039928937
2022/10/17 7:45,0.068409439
2022/10/17 8:00,0.164893154
2022/10/17 8:15,0.230346143
2022/10/17 8:30,0.206359334
2022/10/17 8:45,0.234732499
2022/10/17 9:00,0.381777541
2022/10/17 9:15,0.440506143
2022/10/17 9:30,0.337417682
2022/10/17 9:45,0.279457816
2022/10/17 10:00,0.314858098
2022/10/17 10:15,0.326845967
2022/10/17 10:30,0.288422925
2022/10/17 10:45,0.252170497
2022/10/17 11:00,0.22216426
2022/10/17 11:15,0.192800096
2022/10/17 11:30,0.173573021
2022/10/17 11:45,0.140933332
2022/10/17 12:00,0.134743675
2022/10/17 12:15,0.07906518
2022/10/17 12:30,0.05020503
2022/10/17 12:45,0.061599495
2022/10/17 13:00,0.054959913
2022/10/17 13:15,0.034186595
2022/10/17 13:30,0.035137632
2022/10/17 13:45,0.039022525
2022/10/17 14:00,0.0396446
2022/10/17 14:15,0.041107788
2022/10/17 14:30,0.040158523
2022/10/17 14:45,0.046439964
2022/10/17 15:00,0.050742393
2022/10/17 15:15,0.038074554
2022/10/17 15:30,0.033432715
2022/10/17 15:45,0.080842668
2022/10/17 16:00,0.169657286
2022/10/17 16:15,0.18409446
2022/10/17 16:30,0.205077463
2022/10/17 16:45,0.209993223
2022/10/17 17:00,0.2379079
2022/10/17 17:15,0.255632919
2022/10/17 17:30,0.278475783
2022/10/17 17:45,0.311370072
2022/10/17 18:00,0.332835059
2022/10/17 18:15,0.346165561
2022/10/17 18:30,0.362483546
2022/10/17 18:45,0.35859388
2022/10/17 19:00,0.276091118
2022/10/17 19:15,0.255807486
2022/10/17 19:30,0.330392224
2022/10/17 19:45,0.353787693
2022/10/17 20:00,0.259854687
2022/10/17 20:15,0.236803978
2022/10/17 20:30,0.207784997
2022/10/17 20:45,0.208059506
2022/10/17 21:00,0.227407617
2022/10/17 21:15,0.284560003
2022/10/17 21:30,0.278540669
2022/10/17 21:45,0.273580297
2022/10/17 22:00,0.276096543
2022/10/17 22:15,0.276472578
2022/10/17 22:30,0.255077407
2022/10/17 22:45,0.237803085
2022/10/17 23:00,0.228034329
2022/10/17 23:15,0.227888371
2022/10/17 23:30,0.252908942
2022/10/17 23:45,0.263936903
2022/10/18 0:00,0.235057579
2022/10/18 0:15,0.234197193
2022/10/18 0:30,0.249275214
2022/10/18 0:45,0.256988341
2022/10/18 1:00,0.249971955
2022/10/18 1:15,0.227379154
2022/10/18 1:30,0.17363312
2022/10/18 1:45,0.135647713
2022/10/18 2:00,0.128344618
2022/10/18 2:15,0.122042429
2022/10/18 2:30,0.121031753
2022/10/18 2:45,0.123721878
2022/10/18 3:00,0.131892146
2022/10/18 3:15,0.136813447
2022/10/18 3:30,0.143143262
2022/10/18 3:45,0.146982127
2022/10/18 4:00,0.145834159
2022/10/18 4:15,0.146757584
2022/10/18 4:30,0.151818074
2022/10/18 4:45,0.159381208
2022/10/18 5:00,0.171943336
2022/10/18 5:15,0.166648781
2022/10/18 5:30,0.125634276
2022/10/18 5:45,0.091083607
2022/10/18 6:00,0.069454061
2022/10/18 6:15,0.058535216
2022/10/18 6:30,0.069031589
2022/10/18 6:45,0.066886123
2022/10/18 7:00,0.039451475
2022/10/18 7:15,0.021997841
2022/10/18 7:30,0.018830593
2022/10/18 7:45,0.010347975
2022/10/18 8:00,0.013382601
2022/10/18 8:15,0.012007526
2022/10/18 8:30,0.00181071
2022/10/18 8:45,0
2022/10/18 9:00,0
2022/10/18 9:15,0
2022/10/18 9:30,0
2022/10/18 9:45,0
2022/10/18 10:00,0.005375238
2022/10/18 10:15,0.004834538
2022/10/18 10:30,0.003057223
2022/10/18 10:45,0.002310428
2022/10/18 11:00,0.003626746
2022/10/18 11:15,0.024495662
2022/10/18 11:30,0.064947128
2022/10/18 11:45,0.072712322
2022/10/18 12:00,0.12807165
2022/10/18 12:15,0.141025129
2022/10/18 12:30,0.149106843
2022/10/18 12:45,0.149821833
2022/10/18 13:00,0.145712156
2022/10/18 13:15,0.144080627
2022/10/18 13:30,0.140616961
2022/10/18 13:45,0.129303378
2022/10/18 14:00,0.094738743
2022/10/18 14:15,0.081055587
2022/10/18 14:30,0.104089018
2022/10/18 14:45,0.114924583
2022/10/18 15:00,0.103031765
2022/10/18 15:15,0.101607149
2022/10/18 15:30,0.117747419
2022/10/18 15:45,0.122874908
2022/10/18 16:00,0.078300462
2022/10/18 16:15,0.037347956
2022/10/18 16:30,0.044238749
2022/10/18 16:45,0.035342062
2022/10/18 17:00,0.024136328
2022/10/18 17:15,0.014673526
2022/10/18 17:30,0.024845201
2022/10/18 17:45,0.040726527
2022/10/18 18:00,0.087554705
2022/10/18 18:15,0.097176906
2022/10/18 18:30,0.07975515
2022/10/18 18:45,0.049017391
2022/10/18 19:00,0.072480492
2022/10/18 19:15,0.078895878
2022/10/18 19:30,0.101470499
2022/10/18 19:45,0.107081815
2022/10/18 20:00,0.079127138
2022/10/18 20:15,0.062164335
2022/10/18 20:30,0.074626335
2022/10/18 20:45,0.087667773
2022/10/18 21:00,0.097965662
2022/10/18 21:15,0.111689856
2022/10/18 21:30,0.113359237
2022/10/18 21:45,0.10723646
2022/10/18 22:00,0.09937781
2022/10/18 22:15,0.080129999
2022/10/18 22:30,0.085324629
2022/10/18 22:45,0.084052066
2022/10/18 23:00,0.066681961
2022/10/18 23:15,0.061895854
2022/10/18 23:30,0.068573579
2022/10/18 23:45,0.066006381
2022/10/19 0:00,0.062927856
2022/10/19 0:15,0.058740837
2022/10/19 0:30,0.061291377
2022/10/19 0:45,0.068129021
2022/10/19 1:00,0.083540151
2022/10/19 1:15,0.11080404
2022/10/19 1:30,0.16136015
2022/10/19 1:45,0.181821973
2022/10/19 2:00,0.138423701
2022/10/19 2:15,0.112937833
2022/10/19 2:30,0.138193966
2022/10/19 2:45,0.159289479
2022/10/19 3:00,0.172062251
2022/10/19 3:15,0.204619259
2022/10/19 3:30,0.276743068
2022/10/19 3:45,0.295745528
2022/10/19 4:00,0.208503487
2022/10/19 4:15,0.149057809
2022/10/19 4:30,0.144482746
2022/10/19 4:45,0.141777219
2022/10/19 5:00,0.142808859
2022/10/19 5:15,0.149754088
2022/10/19 5:30,0.168524635
2022/10/19 5:45,0.192492338
2022/10/19 6:00,0.226852607
2022/10/19 6:15,0.252737303
2022/10/19 6:30,0.2616693
2022/10/19 6:45,0.310613633
2022/10/19 7:00,0.439581335
2022/10/19 7:15,0.512284231
2022/10/19 7:30,0.472456506
2022/10/19 7:45,0.382480687
2022/10/19 8:00,0.192207983
2022/10/19 8:15,0.129804797
2022/10/19 8:30,0.323140246
2022/10/19 8:45,0.494554792
2022/10/19 9:00,0.621661052
2022/10/19 9:15,0.711478255
2022/10/19 9:30,0.728819569
2022/10/19 9:45,0.748692313
2022/10/19 10:00,0.773567004
2022/10/19 10:15,0.810081294
2022/10/19 10:30,0.869875193
2022/10/19 10:45,0.876218601
2022/10/19 11:00,0.775661578
2022/10/19 11:15,0.712466666
2022/10/19 11:30,0.720048462
2022/10/19 11:45,0.741852477
2022/10/19 12:00,0.791841807
2022/10/19 12:15,0.814741106
2022/10/19 12:30,0.74794509
2022/10/19 12:45,0.6784564
2022/10/19 13:00,0.603584549
2022/10/19 13:15,0.564532592
2022/10/19 13:30,0.597122624
2022/10/19 13:45,0.559861357
2022/10/19 14:00,0.382899573
2022/10/19 14:15,0.256355206
2022/10/19 14:30,0.230647476
2022/10/19 14:45,0.189490274
2022/10/19 15:00,0.117435491
2022/10/19 15:15,0.063450149
2022/10/19 15:30,0.045604465
2022/10/19 15:45,0.040557481
2022/10/19 16:00,0.061107961
2022/10/19 16:15,0.077129028
2022/10/19 16:30,0.084090543
2022/10/19 16:45,0.093652708
2022/10/19 17:00,0.108414637
2022/10/19 17:15,0.115316853
2022/10/19 17:30,0.106497338
2022/10/19 17:45,0.146870701
2022/10/19 18:00,0.285626839
2022/10/19 18:15,0.349725526
2022/10/19 18:30,0.264505809
2022/10/19 18:45,0.196392944
2022/10/19 19:00,0.16248994
2022/10/19 19:15,0.130540399
2022/10/19 19:30,0.102493811
2022/10/19 19:45,0.085669764
2022/10/19 20:00,0.091286907
2022/10/19 20:15,0.094213997
2022/10/19 20:30,0.09175736
2022/10/19 20:45,0.084045013
2022/10/19 21:00,0.065818045
2022/10/19 21:15,0.054385364
2022/10/19 21:30,0.056538565
2022/10/19 21:45,0.061244077
2022/10/19 22:00,0.071052059
2022/10/19 22:15,0.075899806
2022/10/19 22:30,0.070825434
2022/10/19 22:45,0.065601194
2022/10/19 23:00,0.060075992
2022/10/19 23:15,0.059940512
2022/10/19 23:30,0.070583555
2022/10/19 23:45,0.075333241
2022/10/20 0:00,0.052941767
2022/10/20 0:15,0.05172553
2022/10/20 0:30,0.062197619
2022/10/20 0:45,0.072523291
2022/10/20 1:00,0.080753278
2022/10/20 1:15,0.077975789
2022/10/20 1:30,0.060636593
2022/10/20 1:45,0.041501833
2022/10/20 2:00,0.018674157
2022/10/20 2:15,0.001080477
2022/10/20 2:30,0
2022/10/20 2:45,0.020930663
2022/10/20 3:00,0.114373299
2022/10/20 3:15,0.207415673
2022/10/20 3:30,0.299714554
2022/10/20 3:45,0.429319394
2022/10/20 4:00,0.633533309
2022/10/20 4:15,0.76225277
2022/10/20 4:30,0.739979852
2022/10/20 4:45,0.754696508
2022/10/20 5:00,0.843388285
2022/10/20 5:15,0.90031293
2022/10/20 5:30,0.89369884
2022/10/20 5:45,0.892623624
2022/10/20 6:00,0.902621367
2022/10/20 6:15,0.9077828
2022/10/20 6:30,0.903266669
2022/10/20 6:45,0.899792777
2022/10/20 7:00,0.898398455
2022/10/20 7:15,0.898213199
2022/10/20 7:30,0.90044141
2022/10/20 7:45,0.901068466
2022/10/20 8:00,0.898489011
2022/10/20 8:15,0.896915493
2022/10/20 8:30,0.895137884
2022/10/20 8:45,0.887937174
2022/10/20 9:00,0.878062887
2022/10/20 9:15,0.870374016
2022/10/20 9:30,0.869077499
2022/10/20 9:45,0.864779233
2022/10/20 10:00,0.857115279
2022/10/20 10:15,0.845375958
2022/10/20 10:30,0.821213022
2022/10/20 10:45,0.776539712
2022/10/20 11:00,0.703844832
2022/10/20 11:15,0.588590237
2022/10/20 11:30,0.405489656
2022/10/20 11:45,0.282961952
2022/10/20 12:00,0.298028284
2022/10/20 12:15,0.298318834
2022/10/20 12:30,0.331298226
2022/10/20 12:45,0.327420657
2022/10/20 13:00,0.251370638
2022/10/20 13:15,0.21758706
2022/10/20 13:30,0.246696909
2022/10/20 13:45,0.236296013
2022/10/20 14:00,0.160698771
2022/10/20 14:15,0.10148605
2022/10/20 14:30,0.059456712
2022/10/20 14:45,0.02826098
2022/10/20 15:00,0.020636175
2022/10/20 15:15,0.013517039
2022/10/20 15:30,0.006831081
2022/10/20 15:45,0.002384021
2022/10/20 16:00,0
2022/10/20 16:15,0
2022/10/20 16:30,0
2022/10/20 16:45,0
2022/10/20 17:00,0
2022/10/20 17:15,0
2022/10/20 17:30,0
2022/10/20 17:45,0
2022/10/20 18:00,0
2022/10/20 18:15,0
2022/10/20 18:30,0
2022/10/20 18:45,0
2022/10/20 19:00,0
2022/10/20 19:15,0
2022/10/20 19:30,0
2022/10/20 19:45,0
2022/10/20 20:00,0
2022/10/20 20:15,0
2022/10/20 20:30,0
2022/10/20 20:45,0
2022/10/20 21:00,0
2022/10/20 21:15,0
2022/10/20 21:30,0
2022/10/20 21:45,0
2022/10/20 22:00,0
2022/10/20 22:15,0
2022/10/20 22:30,0
2022/10/20 22:45,0
2022/10/20 23:00,0
2022/10/20 23:15,0
2022/10/20 23:30,0
2022/10/20 23:45,0
2022/10/21 0:00,0.019508255
2022/10/21 0:15,0.023936251
2022/10/21 0:30,0.026338398
2022/10/21 0:45,0.027801165
2022/10/21 1:00,0.041254979
2022/10/21 1:15,0.041558076
2022/10/21 1:30,0.04919763
2022/10/21 1:45,0.06037131
2022/10/21 2:00,0.056147999
2022/10/21 2:15,0.052027437
2022/10/21 2:30,0.052281001
2022/10/21 2:45,0.056956339
2022/10/21 3:00,0.058544269
2022/10/21 3:15,0.071335496
2022/10/21 3:30,0.077742529
2022/10/21 3:45,0.076279086
2022/10/21 4:00,0.079949623
2022/10/21 4:15,0.089432479
2022/10/21 4:30,0.114105965
2022/10/21 4:45,0.12883759
2022/10/21 5:00,0.143576263
2022/10/21 5:15,0.160406591
2022/10/21 5:30,0.18449735
2022/10/21 5:45,0.183301006
2022/10/21 6:00,0.174563056
2022/10/21 6:15,0.174886833
2022/10/21 6:30,0.181015773
2022/10/21 6:45,0.185031884
2022/10/21 7:00,0.186548335
2022/10/21 7:15,0.177529395
2022/10/21 7:30,0.123571714
2022/10/21 7:45,0.103617215
2022/10/21 8:00,0.134526057
2022/10/21 8:15,0.152458882
2022/10/21 8:30,0.145829424
2022/10/21 8:45,0.141471516
2022/10/21 9:00,0.154290155
2022/10/21 9:15,0.173400562
2022/10/21 9:30,0.185619809
2022/10/21 9:45,0.177223005
2022/10/21 10:00,0.150348073
2022/10/21 10:15,0.133912325
2022/10/21 10:30,0.126701883
2022/10/21 10:45,0.116192685
2022/10/21 11:00,0.111040697
2022/10/21 11:15,0.107364029
2022/10/21 11:30,0.110398469
2022/10/21 11:45,0.110012663
2022/10/21 12:00,0.175900097
2022/10/21 12:15,0.157450307
2022/10/21 12:30,0.112229862
2022/10/21 12:45,0.086001834
2022/10/21 13:00,0.084809502
2022/10/21 13:15,0.06925793
2022/10/21 13:30,0.057925682
2022/10/21 13:45,0.064931505
2022/10/21 14:00,0.069604138
2022/10/21 14:15,0.068305248
2022/10/21 14:30,0.053797342
2022/10/21 14:45,0.050857269
2022/10/21 15:00,0.048033387
2022/10/21 15:15,0.061148039
2022/10/21 15:30,0.07987236
2022/10/21 15:45,0.083658457
2022/10/21 16:00,0.102846065
2022/10/21 16:15,0.126522909
2022/10/21 16:30,0.152487867
2022/10/21 16:45,0.174601583
2022/10/21 17:00,0.217376857
2022/10/21 17:15,0.281539865
2022/10/21 17:30,0.385861318
2022/10/21 17:45,0.513224474
2022/10/21 18:00,0.688312838
2022/10/21 18:15,0.784835477
2022/10/21 18:30,0.706555069
2022/10/21 18:45,0.653098409
2022/10/21 19:00,0.642270349
2022/10/21 19:15,0.634781655
2022/10/21 19:30,0.648874585
2022/10/21 19:45,0.6583786
2022/10/21 20:00,0.647928565
2022/10/21 20:15,0.622119881
2022/10/21 20:30,0.564909933
2022/10/21 20:45,0.530122574
2022/10/21 21:00,0.540815053
2022/10/21 21:15,0.555341742
2022/10/21 21:30,0.577534684
2022/10/21 21:45,0.583821694
2022/10/21 22:00,0.558294593
2022/10/21 22:15,0.534066134
2022/10/21 22:30,0.512432694
2022/10/21 22:45,0.497328833
2022/10/21 23:00,0.495281919
2022/10/21 23:15,0.516090909
2022/10/21 23:30,0.582609632
2022/10/21 23:45,0.618953445
2022/10/22 0:00,0.599743186
2022/10/22 0:15,0.608188402
2022/10/22 0:30,0.681939273
2022/10/22 0:45,0.722778776
2022/10/22 1:00,0.697791705
2022/10/22 1:15,0.665756069
2022/10/22 1:30,0.619619167
2022/10/22 1:45,0.588751343
2022/10/22 2:00,0.588417378
2022/10/22 2:15,0.580575979
2022/10/22 2:30,0.55771541
2022/10/22 2:45,0.531752651
2022/10/22 3:00,0.499581355
2022/10/22 3:15,0.482058267
2022/10/22 3:30,0.493827726
2022/10/22 3:45,0.499350646
2022/10/22 4:00,0.492377017
2022/10/22 4:15,0.490182319
2022/10/22 4:30,0.497542495
2022/10/22 4:45,0.464472738
2022/10/22 5:00,0.35054065
2022/10/22 5:15,0.280544983
2022/10/22 5:30,0.298420224
2022/10/22 5:45,0.348221684
2022/10/22 6:00,0.461874147
2022/10/22 6:15,0.545577094
2022/10/22 6:30,0.569380017
2022/10/22 6:45,0.575731219
2022/10/22 7:00,0.547178346
2022/10/22 7:15,0.505739032
2022/10/22 7:30,0.438526469
2022/10/22 7:45,0.386380971
2022/10/22 8:00,0.364369413
2022/10/22 8:15,0.342793448
2022/10/22 8:30,0.322088586
2022/10/22 8:45,0.368562684
2022/10/22 9:00,0.549394672
2022/10/22 9:15,0.665300064
2022/10/22 9:30,0.651352254
2022/10/22 9:45,0.654887495
2022/10/22 10:00,0.693388825
2022/10/22 10:15,0.724125408
2022/10/22 10:30,0.739332473
2022/10/22 10:45,0.737771598
2022/10/22 11:00,0.702674813
2022/10/22 11:15,0.694434339
2022/10/22 11:30,0.73990647
2022/10/22 11:45,0.74712244
2022/10/22 12:00,0.639177531
2022/10/22 12:15,0.573495844
2022/10/22 12:30,0.525387814
2022/10/22 12:45,0.511414723
2022/10/22 13:00,0.565711431
2022/10/22 13:15,0.588237109
2022/10/22 13:30,0.547220724
2022/10/22 13:45,0.526113389
2022/10/22 14:00,0.544824261
2022/10/22 14:15,0.539819204
2022/10/22 14:30,0.487382533
2022/10/22 14:45,0.442811393
2022/10/22 15:00,0.413971733
2022/10/22 15:15,0.404087686
2022/10/22 15:30,0.432115496
2022/10/22 15:45,0.441875185
2022/10/22 16:00,0.415099521
2022/10/22 16:15,0.39130817
2022/10/22 16:30,0.373486651
2022/10/22 16:45,0.376682051
2022/10/22 17:00,0.421912876
2022/10/22 17:15,0.439828075
2022/10/22 17:30,0.402885814
2022/10/22 17:45,0.367398629
2022/10/22 18:00,0.335677884
2022/10/22 18:15,0.33803639
2022/10/22 18:30,0.40855649
2022/10/22 18:45,0.472661675
2022/10/22 19:00,0.523940678
2022/10/22 19:15,0.544371774
2022/10/22 19:30,0.503111222
2022/10/22 19:45,0.456302203
2022/10/22 20:00,0.398400832
2022/10/22 20:15,0.361905179
2022/10/22 20:30,0.368225795
2022/10/22 20:45,0.362827631
2022/10/22 21:00,0.333996765
2022/10/22 21:15,0.326219891
2022/10/22 21:30,0.360555618
2022/10/22 21:45,0.376293948
2022/10/22 22:00,0.354841561
2022/10/22 22:15,0.346192689
2022/10/22 22:30,0.36315412
2022/10/22 22:45,0.374819713
2022/10/22 23:00,0.375895873
2022/10/22 23:15,0.394401078
2022/10/22 23:30,0.447765448
2022/10/22 23:45,0.452566321
2022/10/23 0:00,0.374081489
2022/10/23 0:15,0.311246763
2022/10/23 0:30,0.302834579
2022/10/23 0:45,0.298857506
2022/10/23 1:00,0.298167912
2022/10/23 1:15,0.28244869
2022/10/23 1:30,0.214765721
2022/10/23 1:45,0.180681144
2022/10/23 2:00,0.17136638
2022/10/23 2:15,0.171551858
2022/10/23 2:30,0.132103745
2022/10/23 2:45,0.032567749
2022/10/23 3:00,0.034269351
2022/10/23 3:15,0.099737498
2022/10/23 3:30,0.230592647
2022/10/23 3:45,0.253896829
2022/10/23 4:00,0.315686991
2022/10/23 4:15,0.397237779
2022/10/23 4:30,0.555676165
2022/10/23 4:45,0.597981001
2022/10/23 5:00,0.386727032
2022/10/23 5:15,0.244348909
2022/10/23 5:30,0.21773317
2022/10/23 5:45,0.199819996
2022/10/23 6:00,0.189670697
2022/10/23 6:15,0.177178925
2022/10/23 6:30,0.165206564
2022/10/23 6:45,0.173353515
2022/10/23 7:00,0.174439201
2022/10/23 7:15,0.169646327
2022/10/23 7:30,0.195647118
2022/10/23 7:45,0.224693901
2022/10/23 8:00,0.30762008
2022/10/23 8:15,0.383673483
2022/10/23 8:30,0.463627217
2022/10/23 8:45,0.537358107
2022/10/23 9:00,0.576896978
2022/10/23 9:15,0.579321232
2022/10/23 9:30,0.509232051
2022/10/23 9:45,0.422574202
2022/10/23 10:00,0.310913153
2022/10/23 10:15,0.244419106
2022/10/23 10:30,0.280777568
2022/10/23 10:45,0.291763175
2022/10/23 11:00,0.22177407
2022/10/23 11:15,0.187871786
2022/10/23 11:30,0.214230062
2022/10/23 11:45,0.232199486
2022/10/23 12:00,0.172150218
2022/10/23 12:15,0.13088083
2022/10/23 12:30,0.109293701
2022/10/23 12:45,0.127645614
2022/10/23 13:00,0.200555844
2022/10/23 13:15,0.249025756
2022/10/23 13:30,0.248620493
2022/10/23 13:45,0.250850899
2022/10/23 14:00,0.258358849
2022/10/23 14:15,0.267718591
2022/10/23 14:30,0.280788741
2022/10/23 14:45,0.283243556
2022/10/23 15:00,0.264474935
2022/10/23 15:15,0.2529675
2022/10/23 15:30,0.255989791
2022/10/23 15:45,0.246920212
2022/10/23 16:00,0.213674032
2022/10/23 16:15,0.193027718
2022/10/23 16:30,0.197587714
2022/10/23 16:45,0.201360205
2022/10/23 17:00,0.203563385
2022/10/23 17:15,0.212232862
2022/10/23 17:30,0.2338395
2022/10/23 17:45,0.261872291
2022/10/23 18:00,0.302760666
2022/10/23 18:15,0.326300042
2022/10/23 18:30,0.31514337
2022/10/23 18:45,0.310629388
2022/10/23 19:00,0.319401487
2022/10/23 19:15,0.314155555
2022/10/23 19:30,0.280873173
2022/10/23 19:45,0.272821028
2022/10/23 20:00,0.315228115
2022/10/23 20:15,0.350807832
2022/10/23 20:30,0.37273098
2022/10/23 20:45,0.365995188
2022/10/23 21:00,0.301939343
2022/10/23 21:15,0.250114876
2022/10/23 21:30,0.222750859
2022/10/23 21:45,0.202717641
2022/10/23 22:00,0.197343739
2022/10/23 22:15,0.192401107
2022/10/23 22:30,0.188318852
2022/10/23 22:45,0.184378644
2022/10/23 23:00,0.180720516
2022/10/23 23:15,0.180102985
2022/10/23 23:30,0.185564777
2022/10/23 23:45,0.190920767
2022/10/24 0:00,0.210816603
2022/10/24 0:15,0.215870176
2022/10/24 0:30,0.220749359
2022/10/24 0:45,0.219057924
2022/10/24 1:00,0.204220037
2022/10/24 1:15,0.182660452
2022/10/24 1:30,0.147652312
2022/10/24 1:45,0.119580907
2022/10/24 2:00,0.10537802
2022/10/24 2:15,0.099299386
2022/10/24 2:30,0.109464637
2022/10/24 2:45,0.109220151
2022/10/24 3:00,0.088151982
2022/10/24 3:15,0.067728643
2022/10/24 3:30,0.04859121
2022/10/24 3:45,0.033095502
2022/10/24 4:00,0.024879949
2022/10/24 4:15,0.019401981
2022/10/24 4:30,0.018163045
2022/10/24 4:45,0.015870778
2022/10/24 5:00,0.015869657
2022/10/24 5:15,0.016656175
2022/10/24 5:30,0.019074984
2022/10/24 5:45,0.020549833
2022/10/24 6:00,0.020134811
2022/10/24 6:15,0.019928281
2022/10/24 6:30,0.020136949
2022/10/24 6:45,0.021238085
2022/10/24 7:00,0.024122472
2022/10/24 7:15,0.026029545
2022/10/24 7:30,0.025980354
2022/10/24 7:45,0.025993723
2022/10/24 8:00,0.026130596
2022/10/24 8:15,0.041263851
2022/10/24 8:30,0.072182979
2022/10/24 8:45,0.077100533
2022/10/24 9:00,0.088965574
2022/10/24 9:15,0.105865766
2022/10/24 9:30,0.132834744
2022/10/24 9:45,0.152357702
2022/10/24 10:00,0.156987227
2022/10/24 10:15,0.1625543
2022/10/24 10:30,0.169995283
2022/10/24 10:45,0.173849744
2022/10/24 11:00,0.170530259
2022/10/24 11:15,0.162455788
2022/10/24 11:30,0.144870824
2022/10/24 11:45,0.127481969
2022/10/24 12:00,0.108171628
2022/10/24 12:15,0.08974572
2022/10/24 12:30,0.078875429
2022/10/24 12:45,0.075128288
2022/10/24 13:00,0.085628216
2022/10/24 13:15,0.093987344
2022/10/24 13:30,0.098066077
2022/10/24 13:45,0.100477915
2022/10/24 14:00,0.092017832
2022/10/24 14:15,0.079972757
2022/10/24 14:30,0.090385636
2022/10/24 14:45,0.108650364
2022/10/24 15:00,0.125355067
2022/10/24 15:15,0.122862929
2022/10/24 15:30,0.153173326
2022/10/24 15:45,0.180454789
2022/10/24 16:00,0.201680382
2022/10/24 16:15,0.208234569
2022/10/24 16:30,0.185447745
2022/10/24 16:45,0.167940071
2022/10/24 17:00,0.160992207
2022/10/24 17:15,0.152997703
2022/10/24 17:30,0.142911064
2022/10/24 17:45,0.141176482
2022/10/24 18:00,0.156146746
2022/10/24 18:15,0.166773087
2022/10/24 18:30,0.168711882
2022/10/24 18:45,0.170455587
2022/10/24 19:00,0.171808969
2022/10/24 19:15,0.179266592
2022/10/24 19:30,0.198932106
2022/10/24 19:45,0.220231311
2022/10/24 20:00,0.244796855
2022/10/24 20:15,0.231550168
2022/10/24 20:30,0.142677507
2022/10/24 20:45,0.08287278
2022/10/24 21:00,0.080775703
2022/10/24 21:15,0.080183909
2022/10/24 21:30,0.083772264
2022/10/24 21:45,0.116171542
2022/10/24 22:00,0.176500402
2022/10/24 22:15,0.173520008
2022/10/24 22:30,0.164805485
2022/10/24 22:45,0.162751767
2022/10/24 23:00,0.174015602
2022/10/24 23:15,0.178550523
2022/10/24 23:30,0.169623178
2022/10/24 23:45,0.147168686
2022/10/25 0:00,0.045762948
2022/10/25 0:15,0.028607371
2022/10/25 0:30,0.017530513
2022/10/25 0:45,0
2022/10/25 1:00,0
2022/10/25 1:15,0
2022/10/25 1:30,0
2022/10/25 1:45,0
2022/10/25 2:00,0
2022/10/25 2:15,0
2022/10/25 2:30,0
2022/10/25 2:45,0
2022/10/25 3:00,0
2022/10/25 3:15,0.031879393
2022/10/25 3:30,0.10491212
2022/10/25 3:45,0.118771482
2022/10/25 4:00,0.160377085
2022/10/25 4:15,0.174145873
2022/10/25 4:30,0.13224437
2022/10/25 4:45,0.109932512
2022/10/25 5:00,0.126803488
2022/10/25 5:15,0.132496564
2022/10/25 5:30,0.115837406
2022/10/25 5:45,0.104714751
2022/10/25 6:00,0.068124333
2022/10/25 6:15,0
2022/10/25 6:30,0
2022/10/25 6:45,0
2022/10/25 7:00,0.013064426
2022/10/25 7:15,0.007574578
2022/10/25 7:30,0
2022/10/25 7:45,0
2022/10/25 8:00,0.013452143
2022/10/25 8:15,0.050679265
2022/10/25 8:30,0.030157476
2022/10/25 8:45,0.012529708
2022/10/25 9:00,0.01818498
2022/10/25 9:15,0.050655646
2022/10/25 9:30,0.073637821
2022/10/25 9:45,0.084909885
2022/10/25 10:00,0.100742008
2022/10/25 10:15,0.123400669
2022/10/25 10:30,0.092493092
2022/10/25 10:45,0.083845471
2022/10/25 11:00,0.099213564
2022/10/25 11:15,0.130635648
2022/10/25 11:30,0.173211156
2022/10/25 11:45,0.193356017
2022/10/25 12:00,0.192389752
2022/10/25 12:15,0.218576524
2022/10/25 12:30,0.332978396
2022/10/25 12:45,0.410399766
2022/10/25 13:00,0.413860877
2022/10/25 13:15,0.415792935
2022/10/25 13:30,0.414667618
2022/10/25 13:45,0.404455424
2022/10/25 14:00,0.376003425
2022/10/25 14:15,0.385633845
2022/10/25 14:30,0.471638399
2022/10/25 14:45,0.513174827
2022/10/25 15:00,0.465776267
2022/10/25 15:15,0.445134052
2022/10/25 15:30,0.478006063
2022/10/25 15:45,0.472061839
2022/10/25 16:00,0.388486911
2022/10/25 16:15,0.352188143
2022/10/25 16:30,0.395488054
2022/10/25 16:45,0.410661955
2022/10/25 17:00,0.429644712
2022/10/25 17:15,0.463177978
2022/10/25 17:30,0.525813971
2022/10/25 17:45,0.553920102
2022/10/25 18:00,0.512967852
2022/10/25 18:15,0.455860789
2022/10/25 18:30,0.366444931
2022/10/25 18:45,0.285534762
2022/10/25 19:00,0.221636193
2022/10/25 19:15,0.173378225
2022/10/25 19:30,0.15640105
2022/10/25 19:45,0.158750083
2022/10/25 20:00,0.199750554
2022/10/25 20:15,0.249729384
2022/10/25 20:30,0.317663531
2022/10/25 20:45,0.364442061
2022/10/25 21:00,0.368907735
2022/10/25 21:15,0.398142912
2022/10/25 21:30,0.476915508
2022/10/25 21:45,0.482262811
2022/10/25 22:00,0.340758236
2022/10/25 22:15,0.23765089
2022/10/25 22:30,0.211337251
2022/10/25 22:45,0.200241602
2022/10/25 23:00,0.219581927
2022/10/25 23:15,0.250638392
2022/10/25 23:30,0.30512801
2022/10/25 23:45,0.349286058
2022/10/26 0:00,0.348812718
2022/10/26 0:15,0.371594347
2022/10/26 0:30,0.398433001
2022/10/26 0:45,0.430118353
2022/10/26 1:00,0.471501447
2022/10/26 1:15,0.482805697
2022/10/26 1:30,0.433957578
2022/10/26 1:45,0.435215873
2022/10/26 2:00,0.536693169
2022/10/26 2:15,0.566858071
2022/10/26 2:30,0.454189101
2022/10/26 2:45,0.361867589
2022/10/26 3:00,0.311053023
2022/10/26 3:15,0.305255944
2022/10/26 3:30,0.389501525
2022/10/26 3:45,0.457044031
2022/10/26 4:00,0.491188116
2022/10/26 4:15,0.495124717
2022/10/26 4:30,0.438653847
2022/10/26 4:45,0.384082578
2022/10/26 5:00,0.333317484
2022/10/26 5:15,0.300798178
2022/10/26 5:30,0.304776611
2022/10/26 5:45,0.339277475
2022/10/26 6:00,0.434828287
2022/10/26 6:15,0.524174188
2022/10/26 6:30,0.601114052
2022/10/26 6:45,0.630660307
2022/10/26 7:00,0.565421669
2022/10/26 7:15,0.516668343
2022/10/26 7:30,0.500886423
2022/10/26 7:45,0.493131054
2022/10/26 8:00,0.501428041
2022/10/26 8:15,0.493173351
2022/10/26 8:30,0.451813142
2022/10/26 8:45,0.43512606
2022/10/26 9:00,0.467781851
2022/10/26 9:15,0.468387103
2022/10/26 9:30,0.404886963
2022/10/26 9:45,0.366341363
2022/10/26 10:00,0.377699913
2022/10/26 10:15,0.367325498
2022/10/26 10:30,0.313479961
2022/10/26 10:45,0.255639592
2022/10/26 11:00,0.189804442
2022/10/26 11:15,0.151160878
2022/10/26 11:30,0.166895744
2022/10/26 11:45,0.167051769
2022/10/26 12:00,0.187905082
2022/10/26 12:15,0.175512811
2022/10/26 12:30,0.177850344
2022/10/26 12:45,0.174589272
2022/10/26 13:00,0.152573188
2022/10/26 13:15,0.141884074
2022/10/26 13:30,0.172774275
2022/10/26 13:45,0.190072736
2022/10/26 14:00,0.203965765
2022/10/26 14:15,0.206117677
2022/10/26 14:30,0.189374823
2022/10/26 14:45,0.178180639
2022/10/26 15:00,0.178008677
2022/10/26 15:15,0.17007633
2022/10/26 15:30,0.157811763
2022/10/26 15:45,0.148817276
2022/10/26 16:00,0.133301897
2022/10/26 16:15,0.122377163
2022/10/26 16:30,0.130260551
2022/10/26 16:45,0.151579701
2022/10/26 17:00,0.189037417
2022/10/26 17:15,0.218483182
2022/10/26 17:30,0.225022266
2022/10/26 17:45,0.22191662
2022/10/26 18:00,0.193846615
2022/10/26 18:15,0.16828407
2022/10/26 18:30,0.171322806
2022/10/26 18:45,0.188323227
2022/10/26 19:00,0.197305943
2022/10/26 19:15,0.202784761
2022/10/26 19:30,0.20280256
2022/10/26 19:45,0.213695327
2022/10/26 20:00,0.20834848
2022/10/26 20:15,0.202146808
2022/10/26 20:30,0.177057748
2022/10/26 20:45,0.1576744
2022/10/26 21:00,0.125268213
2022/10/26 21:15,0.109139666
2022/10/26 21:30,0.117934739
2022/10/26 21:45,0.133347029
2022/10/26 22:00,0.145228738
2022/10/26 22:15,0.147104877
2022/10/26 22:30,0.134465102
2022/10/26 22:45,0.118308301
2022/10/26 23:00,0.134834772
2022/10/26 23:15,0.145176879
2022/10/26 23:30,0.12241225
2022/10/26 23:45,0.10718189
2022/10/27 0:00,0.100016149
2022/10/27 0:15,0.089981875
2022/10/27 0:30,0.104613812
2022/10/27 0:45,0.112625664
2022/10/27 1:00,0.107396253
2022/10/27 1:15,0.103132917
2022/10/27 1:30,0.100801299
2022/10/27 1:45,0.08765409
2022/10/27 2:00,0.052876007
2022/10/27 2:15,0.027634016
2022/10/27 2:30,0.021295533
2022/10/27 2:45,0.01611891
2022/10/27 3:00,0.013413643
2022/10/27 3:15,0.011824866
2022/10/27 3:30,0.012471101
2022/10/27 3:45,0.011788876
2022/10/27 4:00,0.00845197
2022/10/27 4:15,0.009529307
2022/10/27 4:30,0.019437382
2022/10/27 4:45,0.023702222
2022/10/27 5:00,0.016682707
2022/10/27 5:15,0.012004349
2022/10/27 5:30,0.012010174
2022/10/27 5:45,0.012717368
2022/10/27 6:00,0.014828874
2022/10/27 6:15,0.016011925
2022/10/27 6:30,0.015339344
2022/10/27 6:45,0.013820555
2022/10/27 7:00,0.010610353
2022/10/27 7:15,0.0079593
2022/10/27 7:30,0.006427325
2022/10/27 7:45,0.005438094
2022/10/27 8:00,0.005473791
2022/10/27 8:15,0.009254672
2022/10/27 8:30,0.016820246
2022/10/27 8:45,0.017123312
2022/10/27 9:00,0.017963209
2022/10/27 9:15,0.019000903
2022/10/27 9:30,0.02043452
2022/10/27 9:45,0.021180359
2022/10/27 10:00,0.020550901
2022/10/27 10:15,0.019261821
2022/10/27 10:30,0.01665368
2022/10/27 10:45,0.01449423
2022/10/27 11:00,0.013232239
2022/10/27 11:15,0.012431054
2022/10/27 11:30,0.012551416
2022/10/27 11:45,0.013889971
2022/10/27 12:00,0.019396965
2022/10/27 12:15,0.021586237
2022/10/27 12:30,0.033524976
2022/10/27 12:45,0.038014582
2022/10/27 13:00,0.027607321
2022/10/27 13:15,0.020295918
2022/10/27 13:30,0.019177669
2022/10/27 13:45,0.01851818
2022/10/27 14:00,0.01877751
2022/10/27 14:15,0.018614096
2022/10/27 14:30,0.01760616
2022/10/27 14:45,0.016946719
2022/10/27 15:00,0.016984716
2022/10/27 15:15,0.017763377
2022/10/27 15:30,0.020023148
2022/10/27 15:45,0.02091068
2022/10/27 16:00,0.019052761
2022/10/27 16:15,0.017269169
2022/10/27 16:30,0.015632481
2022/10/27 16:45,0.015030075
2022/10/27 17:00,0.016493771
2022/10/27 17:15,0.030707174
2022/10/27 17:30,0.070967487
2022/10/27 17:45,0.094799824
2022/10/27 18:00,0.085772803
2022/10/27 18:15,0.085455548
2022/10/27 18:30,0.102554293
2022/10/27 18:45,0.112359008
2022/10/27 19:00,0.107572261
2022/10/27 19:15,0.112698248
2022/10/27 19:30,0.137646673
2022/10/27 19:45,0.148679152
2022/10/27 20:00,0.131877275
2022/10/27 20:15,0.116808004
2022/10/27 20:30,0.105202162
2022/10/27 20:45,0.112189469
2022/10/27 21:00,0.156362018
2022/10/27 21:15,0.19377325
2022/10/27 21:30,0.217661488
2022/10/27 21:45,0.253286984
2022/10/27 22:00,0.312387253
2022/10/27 22:15,0.357091191
2022/10/27 22:30,0.373003235
2022/10/27 22:45,0.375846566
2022/10/27 23:00,0.352553641
2022/10/27 23:15,0.331097705
2022/10/27 23:30,0.313317237
2022/10/27 23:45,0.311977601
2022/10/28 0:00,0.310982559
2022/10/28 0:15,0.325832301
2022/10/28 0:30,0.310646151
2022/10/28 0:45,0.285760086
2022/10/28 1:00,0.241475537
2022/10/28 1:15,0.205442232
2022/10/28 1:30,0.185913041
2022/10/28 1:45,0.169641499
2022/10/28 2:00,0.159887199
2022/10/28 2:15,0.167146552
2022/10/28 2:30,0.208435519
2022/10/28 2:45,0.260921673
2022/10/28 3:00,0.335804889
2022/10/28 3:15,0.373801828
2022/10/28 3:30,0.336168955
2022/10/28 3:45,0.298101538
2022/10/28 4:00,0.266846473
2022/10/28 4:15,0.234480052
2022/10/28 4:30,0.199894566
2022/10/28 4:45,0.166353913
2022/10/28 5:00,0.13490674
2022/10/28 5:15,0.11415415
2022/10/28 5:30,0.077809034
2022/10/28 5:45,0.029237464
2022/10/28 6:00,0.078828698
2022/10/28 6:15,0.082203821
2022/10/28 6:30,0.065820481
2022/10/28 6:45,0.023022698
2022/10/28 7:00,0.023760116
2022/10/28 7:15,0.022275706
2022/10/28 7:30,0.016350667
2022/10/28 7:45,0.01140239
2022/10/28 8:00,0.008410256
2022/10/28 8:15,0.005971633
2022/10/28 8:30,0.004642205
2022/10/28 8:45,0.003761818
2022/10/28 9:00,0.003720066
2022/10/28 9:15,0.003677215
2022/10/28 9:30,0.003633456
2022/10/28 9:45,0.037788985
2022/10/28 10:00,0.106499149
2022/10/28 10:15,0.107886237
2022/10/28 10:30,0.112138168
2022/10/28 10:45,0.1187874
2022/10/28 11:00,0.130231506
2022/10/28 11:15,0.141803882
2022/10/28 11:30,0.153632858
2022/10/28 11:45,0.163892377
2022/10/28 12:00,0.166287245
2022/10/28 12:15,0.207143167
2022/10/28 12:30,0.321086412
2022/10/28 12:45,0.409581089
2022/10/28 13:00,0.447179749
2022/10/28 13:15,0.454580895
2022/10/28 13:30,0.401587516
2022/10/28 13:45,0.363690752
2022/10/28 14:00,0.355987088
2022/10/28 14:15,0.346322034
2022/10/28 14:30,0.332733464
2022/10/28 14:45,0.33003366
2022/10/28 15:00,0.349110118
2022/10/28 15:15,0.367953604
2022/10/28 15:30,0.386329441
2022/10/28 15:45,0.406828581
2022/10/28 16:00,0.433693532
2022/10/28 16:15,0.448824209
2022/10/28 16:30,0.432547826
2022/10/28 16:45,0.435086646
2022/10/28 17:00,0.482575678
2022/10/28 17:15,0.510208995
2022/10/28 17:30,0.521544499
2022/10/28 17:45,0.446063698
2022/10/28 18:00,0.188081501
2022/10/28 18:15,0.108360981
2022/10/28 18:30,0.378564655
2022/10/28 18:45,0.553442145
2022/10/28 19:00,0.541639862
2022/10/28 19:15,0.522027845
2022/10/28 19:30,0.480535686
2022/10/28 19:45,0.453140341
2022/10/28 20:00,0.431677616
2022/10/28 20:15,0.415740748
2022/10/28 20:30,0.424476381
2022/10/28 20:45,0.427283412
2022/10/28 21:00,0.423297989
2022/10/28 21:15,0.415974033
2022/10/28 21:30,0.414468117
2022/10/28 21:45,0.404491251
2022/10/28 22:00,0.386681951
2022/10/28 22:15,0.441194658
2022/10/28 22:30,0.638479494
2022/10/28 22:45,0.723262599
2022/10/28 23:00,0.583640413
2022/10/28 23:15,0.474491398
2022/10/28 23:30,0.423650925
2022/10/28 23:45,0.379012598
2022/10/29 0:00,0.394631114
2022/10/29 0:15,0.398956265
2022/10/29 0:30,0.443269266
2022/10/29 0:45,0.48788249
2022/10/29 1:00,0.533101999
2022/10/29 1:15,0.553564914
2022/10/29 1:30,0.524520095
2022/10/29 1:45,0.507170216
2022/10/29 2:00,0.513215121
2022/10/29 2:15,0.51023665
2022/10/29 2:30,0.489215655
2022/10/29 2:45,0.427628978
2022/10/29 3:00,0.284914412
2022/10/29 3:15,0.17549303
2022/10/29 3:30,0.132660714
2022/10/29 3:45,0.103343637
2022/10/29 4:00,0.077289453
2022/10/29 4:15,0.029960595
2022/10/29 4:30,0.03462897
2022/10/29 4:45,0.045015584
2022/10/29 5:00,0.066839311
2022/10/29 5:15,0.07904402
2022/10/29 5:30,0.072010828
2022/10/29 5:45,0.071161765
2022/10/29 6:00,0.082680717
2022/10/29 6:15,0.087830744
2022/10/29 6:30,0.080242424
2022/10/29 6:45,0.075633767
2022/10/29 7:00,0.076983808
2022/10/29 7:15,0.081672956
2022/10/29 7:30,0.093039661
2022/10/29 7:45,0.102146234
2022/10/29 8:00,0.106731943
2022/10/29 8:15,0.338688709
2022/10/29 8:30,0.796464824
2022/10/29 8:45,0.803238521
2022/10/29 9:00,0.825827317
2022/10/29 9:15,0.836800477
2022/10/29 9:30,0.824542262
2022/10/29 9:45,0.795780628
2022/10/29 10:00,0.734012262
2022/10/29 10:15,0.723377892
2022/10/29 10:30,0.815011821
2022/10/29 10:45,0.885110785
2022/10/29 11:00,0.912140307
2022/10/29 11:15,0.898694902
2022/10/29 11:30,0.804300281
2022/10/29 11:45,0.733590858
2022/10/29 12:00,0.680889295
2022/10/29 12:15,0.691177595
2022/10/29 12:30,0.747324644
2022/10/29 12:45,0.750816508
2022/10/29 13:00,0.649001751
2022/10/29 13:15,0.499240578
2022/10/29 13:30,0.253590273
2022/10/29 13:45,0.088872718
2022/10/29 14:00,0.086024218
2022/10/29 14:15,0.075727311
2022/10/29 14:30,0.050536928
2022/10/29 14:45,0.034190747
2022/10/29 15:00,0.025225904
2022/10/29 15:15,0.005129968
2022/10/29 15:30,0.003482306
2022/10/29 15:45,0.001919502
2022/10/29 16:00,0.000528737
2022/10/29 16:15,0
2022/10/29 16:30,0
2022/10/29 16:45,0
2022/10/29 17:00,0
2022/10/29 17:15,0
2022/10/29 17:30,0
2022/10/29 17:45,0
2022/10/29 18:00,0
2022/10/29 18:15,0
2022/10/29 18:30,0
2022/10/29 18:45,0
2022/10/29 19:00,0.001142475
2022/10/29 19:15,0.003241844
2022/10/29 19:30,0.004571389
2022/10/29 19:45,0.019981694
2022/10/29 20:00,0.049351325
2022/10/29 20:15,0.046268492
2022/10/29 20:30,0.037205902
2022/10/29 20:45,0.026453622
2022/10/29 21:00,0.012318191
2022/10/29 21:15,0.002659728
2022/10/29 21:30,0.001400629
2022/10/29 21:45,0.034933632
2022/10/29 22:00,0.104231425
2022/10/29 22:15,0.102119527
2022/10/29 22:30,0.094576109
2022/10/29 22:45,0.09106547
2022/10/29 23:00,0.0956163
2022/10/29 23:15,0.0928328
2022/10/29 23:30,0.075376735
2022/10/29 23:45,0.057145102
2022/10/30 0:00,0.126766923
2022/10/30 0:15,0.113658958
2022/10/30 0:30,0.106262641
2022/10/30 0:45,0.086968626
2022/10/30 1:00,0.074127041
2022/10/30 1:15,0.061157133
2022/10/30 1:30,0.047929078
2022/10/30 1:45,0.036441073
2022/10/30 2:00,0.028431951
2022/10/30 2:15,0.023403018
2022/10/30 2:30,0.024333518
2022/10/30 2:45,0.026191279
2022/10/30 3:00,0.029902857
2022/10/30 3:15,0.037882196
2022/10/30 3:30,0.054396552
2022/10/30 3:45,0.064332569
2022/10/30 4:00,0.061111561
2022/10/30 4:15,0.056281931
2022/10/30 4:30,0.048234818
2022/10/30 4:45,0.088259062
2022/10/30 5:00,0.183791115
2022/10/30 5:15,0.199207618
2022/10/30 5:30,0.219062817
2022/10/30 5:45,0.25263258
2022/10/30 6:00,0.313631237
2022/10/30 6:15,0.371230535
2022/10/30 6:30,0.422030781
2022/10/30 6:45,0.467647689
2022/10/30 7:00,0.502897449
2022/10/30 7:15,0.51213309
2022/10/30 7:30,0.469339853
2022/10/30 7:45,0.419658958
2022/10/30 8:00,0.356201934
2022/10/30 8:15,0.321826851
2022/10/30 8:30,0.335078943
2022/10/30 8:45,0.378693588
2022/10/30 9:00,0.525115973
2022/10/30 9:15,0.600786402
2022/10/30 9:30,0.534951754
2022/10/30 9:45,0.506355608
2022/10/30 10:00,0.549266021
2022/10/30 10:15,0.570065134
2022/10/30 10:30,0.558754412
2022/10/30 10:45,0.553777665
2022/10/30 11:00,0.561467884
2022/10/30 11:15,0.567851214
2022/10/30 11:30,0.571619956
2022/10/30 11:45,0.568243575
2022/10/30 12:00,0.498439906
2022/10/30 12:15,0.476901946
2022/10/30 12:30,0.421621362
2022/10/30 12:45,0.37363553
2022/10/30 13:00,0.340239606
2022/10/30 13:15,0.291777067
2022/10/30 13:30,0.213181451
2022/10/30 13:45,0.176521167
2022/10/30 14:00,0.223731425
2022/10/30 14:15,0.256800048
2022/10/30 14:30,0.261585012
2022/10/30 14:45,0.272829074
2022/10/30 15:00,0.296990706
2022/10/30 15:15,0.314628735
2022/10/30 15:30,0.319218735
2022/10/30 15:45,0.303029639
2022/10/30 16:00,0.245281395
2022/10/30 16:15,0.212771796
2022/10/30 16:30,0.230738456
2022/10/30 16:45,0.238930767
2022/10/30 17:00,0.227573327
2022/10/30 17:15,0.183133692
2022/10/30 17:30,0.072528646
2022/10/30 17:45,0
2022/10/30 18:00,0
2022/10/30 18:15,0.012932446
2022/10/30 18:30,0.041211304
2022/10/30 18:45,0.056021431
2022/10/30 19:00,0.100454106
2022/10/30 19:15,0.124937724
2022/10/30 19:30,0.109522791
2022/10/30 19:45,0.089877262
2022/10/30 20:00,0.061770369
2022/10/30 20:15,0.039295735
2022/10/30 20:30,0.028085766
2022/10/30 20:45,0.019932622
2022/10/30 21:00,0.017893633
2022/10/30 21:15,0.016169282
2022/10/30 21:30,0.015075093
2022/10/30 21:45,0.017681223
2022/10/30 22:00,0.027689272
2022/10/30 22:15,0.035221082
2022/10/30 22:30,0.037802072
2022/10/30 22:45,0.044421154
2022/10/30 23:00,0.059118407
2022/10/30 23:15,0.075584451
2022/10/30 23:30,0.091429641
2022/10/30 23:45,0.089393448
2022/10/31 0:00,0.053977108
2022/10/31 0:15,0.041180066
2022/10/31 0:30,0.052502098
2022/10/31 0:45,0.057653653
2022/10/31 1:00,0.050463993
2022/10/31 1:15,0.041532891
2022/10/31 1:30,0.029119577
2022/10/31 1:45,0.021060391
2022/10/31 2:00,0.021710943
2022/10/31 2:15,0.018724484
2022/10/31 2:30,0.008466121
2022/10/31 2:45,0.008335638
2022/10/31 3:00,0.028463483
2022/10/31 3:15,0.041881446
2022/10/31 3:30,0.028689466
2022/10/31 3:45,0.00247914
2022/10/31 4:00,0.002474346
2022/10/31 4:15,0.044804303
2022/10/31 4:30,0.129824246
2022/10/31 4:45,0.14533146
2022/10/31 5:00,0.191876879
2022/10/31 5:15,0.209822673
2022/10/31 5:30,0.170571894
2022/10/31 5:45,0.155787734
2022/10/31 6:00,0.189939317
2022/10/31 6:15,0.238587951
2022/10/31 6:30,0.316233018
2022/10/31 6:45,0.37402927
2022/10/31 7:00,0.392130047
2022/10/31 7:15,0.432823393
2022/10/31 7:30,0.518703859
2022/10/31 7:45,0.581430682
2022/10/31 8:00,0.597852036
2022/10/31 8:15,0.581471797
2022/10/31 8:30,0.499490027
2022/10/31 8:45,0.421061708
2022/10/31 9:00,0.348292349
2022/10/31 9:15,0.296679546
2022/10/31 9:30,0.293415788
2022/10/31 9:45,0.289518342
2022/10/31 10:00,0.284354742
2022/10/31 10:15,0.303106536
2022/10/31 10:30,0.36969021
2022/10/31 10:45,0.388390483
2022/10/31 11:00,0.311324923
2022/10/31 11:15,0.264760259
2022/10/31 11:30,0.279198218
2022/10/31 11:45,0.27834463
2022/10/31 12:00,0.246065797
2022/10/31 12:15,0.230170346
2022/10/31 12:30,0.255152729
2022/10/31 12:45,0.26023832
2022/10/31 13:00,0.262981141
2022/10/31 13:15,0.254194643
2022/10/31 13:30,0.253955267
2022/10/31 13:45,0.237969405
2022/10/31 14:00,0.231898397
2022/10/31 14:15,0.208485519
2022/10/31 14:30,0.207602685
2022/10/31 14:45,0.199247462
2022/10/31 15:00,0.155910285
2022/10/31 15:15,0.130263487
2022/10/31 15:30,0.098616087
2022/10/31 15:45,0.077268251
2022/10/31 16:00,0.077335837
2022/10/31 16:15,0.071234422
2022/10/31 16:30,0.072831893
2022/10/31 16:45,0.069144764
2022/10/31 17:00,0.083434496
2022/10/31 17:15,0.081477757
2022/10/31 17:30,0.11257934
2022/10/31 17:45,0.112892779
2022/10/31 18:00,0.152877501
2022/10/31 18:15,0.116843012
2022/10/31 18:30,0.082568058
2022/10/31 18:45,0.104856054
2022/10/31 19:00,0.190023526
2022/10/31 19:15,0.201761586
2022/10/31 19:30,0.172680316
2022/10/31 19:45,0.208869566
2022/10/31 20:00,0.300136725
2022/10/31 20:15,0.29692816
2022/10/31 20:30,0.148947632
2022/10/31 20:45,0.06848119
2022/10/31 21:00,0.060784258
2022/10/31 21:15,0.043363384
2022/10/31 21:30,0.040795861
2022/10/31 21:45,0.031420291
2022/10/31 22:00,0.038660304
2022/10/31 22:15,0.046294397
2022/10/31 22:30,0.019149524
2022/10/31 22:45,0.018145666
2022/10/31 23:00,0.036382919
2022/10/31 23:15,0.04243448
2022/10/31 23:30,0.050690657
2022/10/31 23:45,0.05042454
2022/11/1 0:00,0.006087725
2022/11/1 0:15,0.003348886
2022/11/1 0:30,0.001639137
2022/11/1 0:45,0.00102545
2022/11/1 1:00,0.002605705
2022/11/1 1:15,0.004329173
2022/11/1 1:30,0.006341336
2022/11/1 1:45,0.007943801
2022/11/1 2:00,0.008729558
2022/11/1 2:15,0.008367466
2022/11/1 2:30,0.005712765
2022/11/1 2:45,0.003893619
2022/11/1 3:00,0.00374904
2022/11/1 3:15,0.033978299
2022/11/1 3:30,0.095275723
2022/11/1 3:45,0.113788349
2022/11/1 4:00,0.167599733
2022/11/1 4:15,0.221497391
2022/11/1 4:30,0.275571917
2022/11/1 4:45,0.319670787
2022/11/1 5:00,0.342615864
2022/11/1 5:15,0.36150313
2022/11/1 5:30,0.377107139
2022/11/1 5:45,0.390422833
2022/11/1 6:00,0.399166342
2022/11/1 6:15,0.41316158
2022/11/1 6:30,0.437664474
2022/11/1 6:45,0.406948656
2022/11/1 7:00,0.26030506
2022/11/1 7:15,0.151426602
2022/11/1 7:30,0.140294913
2022/11/1 7:45,0.166672616
2022/11/1 8:00,0.267631522
2022/11/1 8:15,0.352309426
2022/11/1 8:30,0.403160792
2022/11/1 8:45,0.409957691
2022/11/1 9:00,0.340751523
2022/11/1 9:15,0.282830906
2022/11/1 9:30,0.247481318
2022/11/1 9:45,0.219874486
2022/11/1 10:00,0.207752344
2022/11/1 10:15,0.216869861
2022/11/1 10:30,0.268465252
2022/11/1 10:45,0.288522097
2022/11/1 11:00,0.24549992
2022/11/1 11:15,0.214454613
2022/11/1 11:30,0.207360749
2022/11/1 11:45,0.195133259
2022/11/1 12:00,0.080992687
2022/11/1 12:15,0.060441594
2022/11/1 12:30,0.048898327
2022/11/1 12:45,0.0367459
2022/11/1 13:00,0.02337516
2022/11/1 13:15,0.015022122
2022/11/1 13:30,0.01670337
2022/11/1 13:45,0.015055859
2022/11/1 14:00,0.00674845
2022/11/1 14:15,0.001183256
2022/11/1 14:30,0
2022/11/1 14:45,0
2022/11/1 15:00,0
2022/11/1 15:15,0
2022/11/1 15:30,0.000147248
2022/11/1 15:45,0.001070363
2022/11/1 16:00,0.003949699
2022/11/1 16:15,0.006505111
2022/11/1 16:30,0.008404593
2022/11/1 16:45,0.009684379
2022/11/1 17:00,0.009716276
2022/11/1 17:15,0.009655017
2022/11/1 17:30,0.009398935
2022/11/1 17:45,0.009323451
2022/11/1 18:00,0.009601076
2022/11/1 18:15,0.00970537
2022/11/1 18:30,0.009455776
2022/11/1 18:45,0.006939705
2022/11/1 19:00,0
2022/11/1 19:15,0
2022/11/1 19:30,0
2022/11/1 19:45,0
2022/11/1 20:00,0
2022/11/1 20:15,0.001648625
2022/11/1 20:30,0.00844581
2022/11/1 20:45,0.01094923
2022/11/1 21:00,0.004866409
2022/11/1 21:15,0.002358613
2022/11/1 21:30,0.007003869
2022/11/1 21:45,0.009138065
2022/11/1 22:00,0.006254543
2022/11/1 22:15,0.004281437
2022/11/1 22:30,0.00413455
2022/11/1 22:45,0.005927682
2022/11/1 23:00,0.01160677
2022/11/1 23:15,0.013688334
2022/11/1 23:30,0.008580846
2022/11/1 23:45,0.006171328
2022/11/2 0:00,0
2022/11/2 0:15,0
2022/11/2 0:30,0
2022/11/2 0:45,0
2022/11/2 1:00,0
2022/11/2 1:15,0
2022/11/2 1:30,0
2022/11/2 1:45,0
2022/11/2 2:00,0
2022/11/2 2:15,0.011142292
2022/11/2 2:30,0.027636248
2022/11/2 2:45,0.039233407
2022/11/2 3:00,0.0628955
2022/11/2 3:15,0.050191384
2022/11/2 3:30,0.051060652
2022/11/2 3:45,0.022601745
2022/11/2 4:00,0.015332361
2022/11/2 4:15,0.009191034
2022/11/2 4:30,0.01129292
2022/11/2 4:45,0.007807001
2022/11/2 5:00,0.013053662
2022/11/2 5:15,0.002954887
2022/11/2 5:30,0
2022/11/2 5:45,0
2022/11/2 6:00,0
2022/11/2 6:15,0
2022/11/2 6:30,0
2022/11/2 6:45,0
2022/11/2 7:00,0
2022/11/2 7:15,0
2022/11/2 7:30,0
2022/11/2 7:45,0
2022/11/2 8:00,0
2022/11/2 8:15,0
2022/11/2 8:30,0
2022/11/2 8:45,0.024092935
2022/11/2 9:00,0.066049053
2022/11/2 9:15,0.0466197
2022/11/2 9:30,0.063354736
2022/11/2 9:45,0.085619394
2022/11/2 10:00,0.083818798
2022/11/2 10:15,0.107039957
2022/11/2 10:30,0.103620708
2022/11/2 10:45,0.10774293
2022/11/2 11:00,0.113891059
2022/11/2 11:15,0.120930417
2022/11/2 11:30,0.126771929
2022/11/2 11:45,0.09796925
2022/11/2 12:00,0.088621593
2022/11/2 12:15,0.074741282
2022/11/2 12:30,0.044720939
2022/11/2 12:45,0.031550609
2022/11/2 13:00,0.037410284
2022/11/2 13:15,0.038093557
2022/11/2 13:30,0.02985769
2022/11/2 13:45,0.019427231
2022/11/2 14:00,0.001732038
2022/11/2 14:15,0
2022/11/2 14:30,0
2022/11/2 14:45,0
2022/11/2 15:00,0
2022/11/2 15:15,0
2022/11/2 15:30,0
2022/11/2 15:45,0
2022/11/2 16:00,0
2022/11/2 16:15,0
2022/11/2 16:30,0
2022/11/2 16:45,0
2022/11/2 17:00,0
2022/11/2 17:15,0
2022/11/2 17:30,0.007400651
2022/11/2 17:45,0.010351978
2022/11/2 18:00,0.006778735
2022/11/2 18:15,0.01119467
2022/11/2 18:30,0.015412876
2022/11/2 18:45,0.018290912
2022/11/2 19:00,0.02432191
2022/11/2 19:15,0.035237493
2022/11/2 19:30,0.037910225
2022/11/2 19:45,0.02501595
2022/11/2 20:00,0.022220953
2022/11/2 20:15,0.023086411
2022/11/2 20:30,0.017673651
2022/11/2 20:45,0.013016073
2022/11/2 21:00,0.018968791
2022/11/2 21:15,0.024770604
2022/11/2 21:30,0.018454662
2022/11/2 21:45,0.027282905
2022/11/2 22:00,0.037378054
2022/11/2 22:15,0.035714607
2022/11/2 22:30,0.030490956
2022/11/2 22:45,0.025265772
2022/11/2 23:00,0.020098207
2022/11/2 23:15,0.021998121
2022/11/2 23:30,0.020677222
2022/11/2 23:45,0.015225005
2022/11/3 0:00,0
2022/11/3 0:15,0
2022/11/3 0:30,0
2022/11/3 0:45,0
2022/11/3 1:00,0
2022/11/3 1:15,0.001926617
2022/11/3 1:30,0.007436856
2022/11/3 1:45,0.009193713
2022/11/3 2:00,0.003441209
2022/11/3 2:15,0.000450823
2022/11/3 2:30,0.002981709
2022/11/3 2:45,0.005321267
2022/11/3 3:00,0.007274904
2022/11/3 3:15,0.011181852
2022/11/3 3:30,0.018991938
2022/11/3 3:45,0.02104722
2022/11/3 4:00,0.011589277
2022/11/3 4:15,0.018938989
2022/11/3 4:30,0.046409378
2022/11/3 4:45,0.058734169
2022/11/3 5:00,0.096859125
2022/11/3 5:15,0.138382184
2022/11/3 5:30,0.186697962
2022/11/3 5:45,0.219507411
2022/11/3 6:00,0.221300913
2022/11/3 6:15,0.217718575
2022/11/3 6:30,0.203381538
2022/11/3 6:45,0.205383389
2022/11/3 7:00,0.240060319
2022/11/3 7:15,0.268629734
2022/11/3 7:30,0.284981779
2022/11/3 7:45,0.265583964
2022/11/3 8:00,0.174684462
2022/11/3 8:15,0.14178101
2022/11/3 8:30,0.224868075
2022/11/3 8:45,0.274127457
2022/11/3 9:00,0.255730263
2022/11/3 9:15,0.254771762
2022/11/3 9:30,0.288689785
2022/11/3 9:45,0.333256992
2022/11/3 10:00,0.399122011
2022/11/3 10:15,0.420742367
2022/11/3 10:30,0.353873108
2022/11/3 10:45,0.292985265
2022/11/3 11:00,0.244060172
2022/11/3 11:15,0.210521865
2022/11/3 11:30,0.2077572
2022/11/3 11:45,0.200367911
2022/11/3 12:00,0.137220029
2022/11/3 12:15,0.134370264
2022/11/3 12:30,0.216169653
2022/11/3 12:45,0.249314984
2022/11/3 13:00,0.209252992
2022/11/3 13:15,0.182622883
2022/11/3 13:30,0.160777238
2022/11/3 13:45,0.130686082
2022/11/3 14:00,0.111031203
2022/11/3 14:15,0.098345528
2022/11/3 14:30,0.104230218
2022/11/3 14:45,0.100519591
2022/11/3 15:00,0.118512559
2022/11/3 15:15,0.107413113
2022/11/3 15:30,0.09858067
2022/11/3 15:45,0.083075701
2022/11/3 16:00,0.078853146
2022/11/3 16:15,0.089494617
2022/11/3 16:30,0.084184393
2022/11/3 16:45,0.087500585
2022/11/3 17:00,0.078632433
2022/11/3 17:15,0.064424991
2022/11/3 17:30,0.055973014
2022/11/3 17:45,0.053800354
2022/11/3 18:00,0.054278548
2022/11/3 18:15,0.050902514
2022/11/3 18:30,0.03437112
2022/11/3 18:45,0.038040861
2022/11/3 19:00,0.036850777
2022/11/3 19:15,0.019481488
2022/11/3 19:30,0.021907335
2022/11/3 19:45,0.013563046
2022/11/3 20:00,0.004739068
2022/11/3 20:15,0.000646414
2022/11/3 20:30,0.001483422
2022/11/3 20:45,0
2022/11/3 21:00,0
2022/11/3 21:15,0
2022/11/3 21:30,0
2022/11/3 21:45,0
2022/11/3 22:00,0.000127358
2022/11/3 22:15,0.001412201
2022/11/3 22:30,0
2022/11/3 22:45,0
2022/11/3 23:00,9.89E-05
2022/11/3 23:15,0
2022/11/3 23:30,0.000304939
2022/11/3 23:45,0.003333627
2022/11/4 0:00,0.018634838
2022/11/4 0:15,0.018552106
2022/11/4 0:30,0.016048902
2022/11/4 0:45,0.014741005
2022/11/4 1:00,0.015822608
2022/11/4 1:15,0.016868681
2022/11/4 1:30,0.017842242
2022/11/4 1:45,0.016803674
2022/11/4 2:00,0.011739033
2022/11/4 2:15,0.0086129
2022/11/4 2:30,0.0093616
2022/11/4 2:45,0.008936319
2022/11/4 3:00,0.00616057
2022/11/4 3:15,0.004742461
2022/11/4 3:30,0.006036885
2022/11/4 3:45,0.006204062
2022/11/4 4:00,0.004113864
2022/11/4 4:15,0.00315022
2022/11/4 4:30,0.004436804
2022/11/4 4:45,0.00501026
2022/11/4 5:00,0.004154714
2022/11/4 5:15,0.015639201
2022/11/4 5:30,0.052369558
2022/11/4 5:45,0.087690105
2022/11/4 6:00,0.120188898
2022/11/4 6:15,0.156145092
2022/11/4 6:30,0.199014367
2022/11/4 6:45,0.236205333
2022/11/4 7:00,0.262038393
2022/11/4 7:15,0.272521616
2022/11/4 7:30,0.252304292
2022/11/4 7:45,0.237551382
2022/11/4 8:00,0.233049992
2022/11/4 8:15,0.230730005
2022/11/4 8:30,0.235420751
2022/11/4 8:45,0.231654599
2022/11/4 9:00,0.211037951
2022/11/4 9:15,0.207489953
2022/11/4 9:30,0.238079686
2022/11/4 9:45,0.246664362
2022/11/4 10:00,0.211239611
2022/11/4 10:15,0.171703365
2022/11/4 10:30,0.123945052
2022/11/4 10:45,0.09562661
2022/11/4 11:00,0.106189066
2022/11/4 11:15,0.12367322
2022/11/4 11:30,0.155002152
2022/11/4 11:45,0.182454288
2022/11/4 12:00,0.208626964
2022/11/4 12:15,0.20472106
2022/11/4 12:30,0.16629513
2022/11/4 12:45,0.140382213
2022/11/4 13:00,0.139494996
2022/11/4 13:15,0.139578254
2022/11/4 13:30,0.141602571
2022/11/4 13:45,0.127800401
2022/11/4 14:00,0.082341909
2022/11/4 14:15,0.054311586
2022/11/4 14:30,0.061130826
2022/11/4 14:45,0.057358862
2022/11/4 15:00,0.032406129
2022/11/4 15:15,0.019644667
2022/11/4 15:30,0.031267868
2022/11/4 15:45,0.03271742
2022/11/4 16:00,0.013822189
2022/11/4 16:15,0.008384729
2022/11/4 16:30,0.026558251
2022/11/4 16:45,0.031570082
2022/11/4 17:00,0.023727647
2022/11/4 17:15,0.035215063
2022/11/4 17:30,0.085365058
2022/11/4 17:45,0.110097586
2022/11/4 18:00,0.083997852
2022/11/4 18:15,0.065388715
2022/11/4 18:30,0.061763097
2022/11/4 18:45,0.059040069
2022/11/4 19:00,0.058124084
2022/11/4 19:15,0.054627949
2022/11/4 19:30,0.045972834
2022/11/4 19:45,0.039959542
2022/11/4 20:00,0.033139268
2022/11/4 20:15,0.02109479
2022/11/4 20:30,0.022434712
2022/11/4 20:45,0.038386109
2022/11/4 21:00,0.084128307
2022/11/4 21:15,0.116896617
2022/11/4 21:30,0.123716179
2022/11/4 21:45,0.11731464
2022/11/4 22:00,0.084469458
2022/11/4 22:15,0.054371435
2022/11/4 22:30,0.029765905
2022/11/4 22:45,0.026312852
2022/11/4 23:00,0.065162635
2022/11/4 23:15,0.115749645
2022/11/4 23:30,0.189808808
2022/11/4 23:45,0.267475614
2022/11/5 0:00,0.369201438
2022/11/5 0:15,0.403744505
2022/11/5 0:30,0.345338247
2022/11/5 0:45,0.287340093
2022/11/5 1:00,0.204903729
2022/11/5 1:15,0.107730114
2022/11/5 1:30,0.102970097
2022/11/5 1:45,0.112787485
2022/11/5 2:00,0.102100027
2022/11/5 2:15,0.119063849
2022/11/5 2:30,0.123662598
2022/11/5 2:45,0.147651213
2022/11/5 3:00,0.217802222
2022/11/5 3:15,0.276394456
2022/11/5 3:30,0.226838068
2022/11/5 3:45,0.232398849
2022/11/5 4:00,0.223434395
2022/11/5 4:15,0.209964899
2022/11/5 4:30,0.236408574
2022/11/5 4:45,0.338557349
2022/11/5 5:00,0.557373697
2022/11/5 5:15,0.645969284
2022/11/5 5:30,0.612866721
2022/11/5 5:45,0.593849127
2022/11/5 6:00,0.654744035
2022/11/5 6:15,0.741360892
2022/11/5 6:30,0.651807635
2022/11/5 6:45,0.632134122
2022/11/5 7:00,0.650787026
2022/11/5 7:15,0.68264114
2022/11/5 7:30,0.785986915
2022/11/5 7:45,0.855983606
2022/11/5 8:00,0.89315436
2022/11/5 8:15,0.907413909
2022/11/5 8:30,0.884654879
2022/11/5 8:45,0.891383573
2022/11/5 9:00,0.896551786
2022/11/5 9:15,0.894967866
2022/11/5 9:30,0.880103636
2022/11/5 9:45,0.875970285
2022/11/5 10:00,0.885748284
2022/11/5 10:15,0.889428732
2022/11/5 10:30,0.870246077
2022/11/5 10:45,0.773464261
2022/11/5 11:00,0.609824934
2022/11/5 11:15,0.476503487
2022/11/5 11:30,0.445703451
2022/11/5 11:45,0.38915316
2022/11/5 12:00,0.291917437
2022/11/5 12:15,0.281568292
2022/11/5 12:30,0.39144093
2022/11/5 12:45,0.422973313
2022/11/5 13:00,0.297711316
2022/11/5 13:15,0.225138827
2022/11/5 13:30,0.257950886
2022/11/5 13:45,0.280329731
2022/11/5 14:00,0.281847854
2022/11/5 14:15,0.271223052
2022/11/5 14:30,0.236318092
2022/11/5 14:45,0.182354286
2022/11/5 15:00,0.090278305
2022/11/5 15:15,0.021691633
2022/11/5 15:30,8.88E-05
2022/11/5 15:45,0
2022/11/5 16:00,0.042046389
2022/11/5 16:15,0.064645176
2022/11/5 16:30,0.047904061
2022/11/5 16:45,0.047301712
2022/11/5 17:00,0.07898047
2022/11/5 17:15,0.102216173
2022/11/5 17:30,0.108568677
2022/11/5 17:45,0.113688019
2022/11/5 18:00,0.116343258
2022/11/5 18:15,0.118090638
2022/11/5 18:30,0.073697177
2022/11/5 18:45,0.052254879
2022/11/5 19:00,0.182906391
2022/11/5 19:15,0.191091257
2022/11/5 19:30,0.219400985
2022/11/5 19:45,0.218422931
2022/11/5 20:00,0.159658701
2022/11/5 20:15,0.120280952
2022/11/5 20:30,0.119674976
2022/11/5 20:45,0.126935326
2022/11/5 21:00,0.149926558
2022/11/5 21:15,0.166848663
2022/11/5 21:30,0.171630224
2022/11/5 21:45,0.165440573
2022/11/5 22:00,0.137305762
2022/11/5 22:15,0.116680343
2022/11/5 22:30,0.111070604
2022/11/5 22:45,0.096868924
2022/11/5 23:00,0.065479985
2022/11/5 23:15,0.052975462
2022/11/5 23:30,0.078236221
2022/11/5 23:45,0.098816104
2022/11/6 0:00,0.122436935
2022/11/6 0:15,0.106132638
2022/11/6 0:30,0.038293234
2022/11/6 0:45,0.033668495
2022/11/6 1:00,0.155471366
2022/11/6 1:15,0.240243945
2022/11/6 1:30,0.250954037
2022/11/6 1:45,0.239000165
2022/11/6 2:00,0.18171632
2022/11/6 2:15,0.151603602
2022/11/6 2:30,0.175830993
2022/11/6 2:45,0.194483131
2022/11/6 3:00,0.201982566
2022/11/6 3:15,0.21603145
2022/11/6 3:30,0.243177038
2022/11/6 3:45,0.262623851
2022/11/6 4:00,0.266670972
2022/11/6 4:15,0.269432292
2022/11/6 4:30,0.178075924
2022/11/6 4:45,0
2022/11/6 5:00,0
2022/11/6 5:15,0
2022/11/6 5:30,0.000953859
2022/11/6 5:45,0.002555512
2022/11/6 6:00,0.001831745
2022/11/6 6:15,0.002294469
2022/11/6 6:30,0.005128945
2022/11/6 6:45,0.006822724
2022/11/6 7:00,0.006234092
2022/11/6 7:15,0.006011036
2022/11/6 7:30,0.006518306
2022/11/6 7:45,0.007916754
2022/11/6 8:00,0.011096896
2022/11/6 8:15,0.011502038
2022/11/6 8:30,0.006356659
2022/11/6 8:45,0.220414426
2022/11/6 9:00,0.655449866
2022/11/6 9:15,0.623613515
2022/11/6 9:30,0.529877296
2022/11/6 9:45,0.443469604
2022/11/6 10:00,0.371718833
2022/11/6 10:15,0.330195441
2022/11/6 10:30,0.349126821
2022/11/6 10:45,0.32424074
2022/11/6 11:00,0.211719905
2022/11/6 11:15,0.136410711
2022/11/6 11:30,0.13552513
2022/11/6 11:45,0.149211086
2022/11/6 12:00,0.21576911
2022/11/6 12:15,0.206120234
2022/11/6 12:30,0.135925221
2022/11/6 12:45,0.088190394
2022/11/6 13:00,0.067300504
2022/11/6 13:15,0.028275472
2022/11/6 13:30,0.024755943
2022/11/6 13:45,0.022186761
2022/11/6 14:00,0.021519951
2022/11/6 14:15,0.021566045
2022/11/6 14:30,0.023039751
2022/11/6 14:45,0.026013386
2022/11/6 15:00,0.031988774
2022/11/6 15:15,0.036224667
2022/11/6 15:30,0.036983522
2022/11/6 15:45,0.037367594
2022/11/6 16:00,0.037004069
2022/11/6 16:15,0.032259167
2022/11/6 16:30,0.018753454
2022/11/6 16:45,0.017938841
2022/11/6 17:00,0.042508301
2022/11/6 17:15,0.055671908
2022/11/6 17:30,0.046025565
2022/11/6 17:45,0.041172642
2022/11/6 18:00,0.045908166
2022/11/6 18:15,0.046889237
2022/11/6 18:30,0.040362845
2022/11/6 18:45,0.03598561
2022/11/6 19:00,0.03590798
2022/11/6 19:15,0.03533693
2022/11/6 19:30,0.033780193
2022/11/6 19:45,0.036903507
2022/11/6 20:00,0.049387966
2022/11/6 20:15,0.056979874
2022/11/6 20:30,0.054787631
2022/11/6 20:45,0.054310382
2022/11/6 21:00,0.057263998
2022/11/6 21:15,0.057220943
2022/11/6 21:30,0.051185352
2022/11/6 21:45,0.04798156
2022/11/6 22:00,0.050442087
2022/11/6 22:15,0.050215961
2022/11/6 22:30,0.04461714
2022/11/6 22:45,0.039442179
2022/11/6 23:00,0.035115409
2022/11/6 23:15,0.031449579
2022/11/6 23:30,0.029105934
2022/11/6 23:45,0.029899625
2022/11/7 0:00,0.000960595
2022/11/7 0:15,0.000788989
2022/11/7 0:30,0.000618255
2022/11/7 0:45,0.002214713
2022/11/7 1:00,0.007344671
2022/11/7 1:15,0.015296164
2022/11/7 1:30,0.028889733
2022/11/7 1:45,0.039532422
2022/11/7 2:00,0.044272293
2022/11/7 2:15,0.046382606
2022/11/7 2:30,0.043232713
2022/11/7 2:45,0.040082464
2022/11/7 3:00,0.036930412
2022/11/7 3:15,0.033836932
2022/11/7 3:30,0.030859543
2022/11/7 3:45,0.029918375
2022/11/7 4:00,0.033048662
2022/11/7 4:15,0.033325959
2022/11/7 4:30,0.027896376
2022/11/7 4:45,0.023889685
2022/11/7 5:00,0.02327851
2022/11/7 5:15,0.035367998
2022/11/7 5:30,0.072858127
2022/11/7 5:45,0.09308487
2022/11/7 6:00,0.078784277
2022/11/7 6:15,0.069787803
2022/11/7 6:30,0.07139911
2022/11/7 6:45,0.078265768
2022/11/7 7:00,0.095642775
2022/11/7 7:15,0.103993361
2022/11/7 7:30,0.094290843
2022/11/7 7:45,0.092046092
2022/11/7 8:00,0.104483622
2022/11/7 8:15,0.111319047
2022/11/7 8:30,0.107823171
2022/11/7 8:45,0.110830805
2022/11/7 9:00,0.122710798
2022/11/7 9:15,0.120860335
2022/11/7 9:30,0.108323991
2022/11/7 9:45,0.106480055
2022/11/7 10:00,0.12400251
2022/11/7 10:15,0.137275842
2022/11/7 10:30,0.150065295
2022/11/7 10:45,0.15234532
2022/11/7 11:00,0.133606485
2022/11/7 11:15,0.119221558
2022/11/7 11:30,0.11354446
2022/11/7 11:45,0.105939468
2022/11/7 12:00,0.077345891
2022/11/7 12:15,0.061217337
2022/11/7 12:30,0.042061194
2022/11/7 12:45,0.030678605
2022/11/7 13:00,0.0329368
2022/11/7 13:15,0.026580351
2022/11/7 13:30,0.010860544
2022/11/7 13:45,4.59E-05
2022/11/7 14:00,0
2022/11/7 14:15,0
2022/11/7 14:30,0
2022/11/7 14:45,0
2022/11/7 15:00,0
2022/11/7 15:15,0.002669036
2022/11/7 15:30,0.023104731
2022/11/7 15:45,0.026555209
2022/11/7 16:00,0.021024454
2022/11/7 16:15,0.017091932
2022/11/7 16:30,0.016356916
2022/11/7 16:45,0.013641812
2022/11/7 17:00,0.006967608
2022/11/7 17:15,0.001868012
2022/11/7 17:30,0
2022/11/7 17:45,0
2022/11/7 18:00,0
2022/11/7 18:15,0
2022/11/7 18:30,0
2022/11/7 18:45,0
2022/11/7 19:00,0
2022/11/7 19:15,0
2022/11/7 19:30,0
2022/11/7 19:45,0
2022/11/7 20:00,0
2022/11/7 20:15,0
2022/11/7 20:30,0
2022/11/7 20:45,0
2022/11/7 21:00,0
2022/11/7 21:15,0
2022/11/7 21:30,0
2022/11/7 21:45,0
2022/11/7 22:00,0
2022/11/7 22:15,0
2022/11/7 22:30,0
2022/11/7 22:45,0
2022/11/7 23:00,0
2022/11/7 23:15,0
2022/11/7 23:30,0
2022/11/7 23:45,0
2022/11/8 0:00,0
2022/11/8 0:15,0
2022/11/8 0:30,0
2022/11/8 0:45,0.02847269
2022/11/8 1:00,0.092848923
2022/11/8 1:15,0.082909501
2022/11/8 1:30,0.044548718
2022/11/8 1:45,0.025902147
2022/11/8 2:00,0.04429076
2022/11/8 2:15,0.053527793
2022/11/8 2:30,0.022776236
2022/11/8 2:45,0.01117211
2022/11/8 3:00,0.012327692
2022/11/8 3:15,0.020154187
2022/11/8 3:30,0.019571427
2022/11/8 3:45,0.011181128
2022/11/8 4:00,0.002218319
2022/11/8 4:15,0
2022/11/8 4:30,0
2022/11/8 4:45,0
2022/11/8 5:00,0
2022/11/8 5:15,0
2022/11/8 5:30,0.00101925
2022/11/8 5:45,0.002931306
2022/11/8 6:00,0.000338994
2022/11/8 6:15,0
2022/11/8 6:30,0
2022/11/8 6:45,0
2022/11/8 7:00,0
2022/11/8 7:15,0
2022/11/8 7:30,0
2022/11/8 7:45,0
2022/11/8 8:00,0
2022/11/8 8:15,0
2022/11/8 8:30,0
2022/11/8 8:45,0
2022/11/8 9:00,0.000317196
2022/11/8 9:15,0.001074056
2022/11/8 9:30,0.000903938
2022/11/8 9:45,0
2022/11/8 10:00,0
2022/11/8 10:15,0.000397787
2022/11/8 10:30,0
2022/11/8 10:45,0.0106142
2022/11/8 11:00,0.038531186
2022/11/8 11:15,0.040732495
2022/11/8 11:30,0.037720408
2022/11/8 11:45,0.037962838
2022/11/8 12:00,0.04485025
2022/11/8 12:15,0.033489117
2022/11/8 12:30,0.038094881
2022/11/8 12:45,0.027943741
2022/11/8 13:00,0.0193287
2022/11/8 13:15,0.002112324
2022/11/8 13:30,0.007641042
2022/11/8 13:45,0.026067461
2022/11/8 14:00,0.027362641
2022/11/8 14:15,0.023682979
2022/11/8 14:30,0.022287957
2022/11/8 14:45,0.013263034
2022/11/8 15:00,0.012757392
2022/11/8 15:15,0.012276861
2022/11/8 15:30,0.011125472
2022/11/8 15:45,0.016972103
2022/11/8 16:00,0.026117859
2022/11/8 16:15,0.014523807
2022/11/8 16:30,0.012426694
2022/11/8 16:45,0.016769976
2022/11/8 17:00,0.014679671
2022/11/8 17:15,0.016839251
2022/11/8 17:30,0.000858936
2022/11/8 17:45,0.016781345
2022/11/8 18:00,0.023957548
2022/11/8 18:15,0.009501704
2022/11/8 18:30,0.02113186
2022/11/8 18:45,0.035555517
2022/11/8 19:00,0.043438225
2022/11/8 19:15,0.053867355
2022/11/8 19:30,0.073007995
2022/11/8 19:45,0.08767383
2022/11/8 20:00,0.084167535
2022/11/8 20:15,0.080304964
2022/11/8 20:30,0.053210056
2022/11/8 20:45,0.046639449
2022/11/8 21:00,0.044482649
2022/11/8 21:15,0.043307806
2022/11/8 21:30,0.025300828
2022/11/8 21:45,0.026528928
2022/11/8 22:00,0.021465549
2022/11/8 22:15,0.02105495
2022/11/8 22:30,0.010832693
2022/11/8 22:45,0.006126745
2022/11/8 23:00,0.005067633
2022/11/8 23:15,0.001164831
2022/11/8 23:30,0
2022/11/8 23:45,0
2022/11/9 0:00,0
2022/11/9 0:15,0
2022/11/9 0:30,0.045400057
2022/11/9 0:45,0.021191896
2022/11/9 1:00,0.048872416
2022/11/9 1:15,0.052173917
2022/11/9 1:30,0.001154837
2022/11/9 1:45,0.057019051
2022/11/9 2:00,0.05930632
2022/11/9 2:15,0.064071667
2022/11/9 2:30,0.047193835
2022/11/9 2:45,0.057354206
2022/11/9 3:00,0.053768588
2022/11/9 3:15,0.054782601
2022/11/9 3:30,0.065626478
2022/11/9 3:45,0.053292235
2022/11/9 4:00,0.04426347
2022/11/9 4:15,0.040100268
2022/11/9 4:30,0.02715834
2022/11/9 4:45,0.028968084
2022/11/9 5:00,0.048643566
2022/11/9 5:15,0.044838058
2022/11/9 5:30,0.063336756
2022/11/9 5:45,0.044867153
2022/11/9 6:00,0.043582609
2022/11/9 6:15,0.04873597
2022/11/9 6:30,0.046322283
2022/11/9 6:45,0.049066622
2022/11/9 7:00,0.049834157
2022/11/9 7:15,0.040830987
2022/11/9 7:30,0.05642652
2022/11/9 7:45,0.057343296
2022/11/9 8:00,0.047864863
2022/11/9 8:15,0.062885804
2022/11/9 8:30,0.054961754
2022/11/9 8:45,0.019899563
2022/11/9 9:00,0.017318357
2022/11/9 9:15,0.02560991
2022/11/9 9:30,0.030762274
2022/11/9 9:45,0.034868679
2022/11/9 10:00,0.051784785
2022/11/9 10:15,0.035164668
2022/11/9 10:30,0.030202523
2022/11/9 10:45,0
2022/11/9 11:00,0.004131765
2022/11/9 11:15,0.015811418
2022/11/9 11:30,0.000721893
2022/11/9 11:45,0
2022/11/9 12:00,0.012437766
2022/11/9 12:15,0.009492083
2022/11/9 12:30,0.008779202
2022/11/9 12:45,0.006550812
2022/11/9 13:00,0.001292311
2022/11/9 13:15,0.00031208
2022/11/9 13:30,0.007889167
2022/11/9 13:45,0.014832489
2022/11/9 14:00,0.020508872
2022/11/9 14:15,0.029909736
2022/11/9 14:30,0.046759913
2022/11/9 14:45,0.055271411
2022/11/9 15:00,0.047105619
2022/11/9 15:15,0.045755742
2022/11/9 15:30,0.058037461
2022/11/9 15:45,0.054104055
2022/11/9 16:00,0.017739864
2022/11/9 16:15,0
2022/11/9 16:30,0
2022/11/9 16:45,0
2022/11/9 17:00,0
2022/11/9 17:15,0
2022/11/9 17:30,0
2022/11/9 17:45,0
2022/11/9 18:00,0
2022/11/9 18:15,0
2022/11/9 18:30,0
2022/11/9 18:45,0
2022/11/9 19:00,0
2022/11/9 19:15,0
2022/11/9 19:30,0
2022/11/9 19:45,0
2022/11/9 20:00,0
2022/11/9 20:15,0
2022/11/9 20:30,0
2022/11/9 20:45,0
2022/11/9 21:00,0
2022/11/9 21:15,0
2022/11/9 21:30,0
2022/11/9 21:45,0.00092357
2022/11/9 22:00,0.045560023
2022/11/9 22:15,0.075163099
2022/11/9 22:30,0.074698843
2022/11/9 22:45,0.068988589
2022/11/9 23:00,0.052785584
2022/11/9 23:15,0.037984507
2022/11/9 23:30,0.025986381
2022/11/9 23:45,0.031624976
2022/11/10 0:00,0.131742371
2022/11/10 0:15,0.130072795
2022/11/10 0:30,0.061679134
2022/11/10 0:45,0.046722667
2022/11/10 1:00,0.043255943
2022/11/10 1:15,0.068265643
2022/11/10 1:30,0.148487531
2022/11/10 1:45,0.162294189
2022/11/10 2:00,0.192653226
2022/11/10 2:15,0.209727997
2022/11/10 2:30,0.196139557
2022/11/10 2:45,0.225338424
2022/11/10 3:00,0.323671529
2022/11/10 3:15,0.373695606
2022/11/10 3:30,0.255382497
2022/11/10 3:45,0.09352041
2022/11/10 4:00,0.218164133
2022/11/10 4:15,0.225775558
2022/11/10 4:30,0.226251004
2022/11/10 4:45,0.194540574
2022/11/10 5:00,0.153591215
2022/11/10 5:15,0.115349123
2022/11/10 5:30,0.108017926
2022/11/10 5:45,0.120816469
2022/11/10 6:00,0.142341361
2022/11/10 6:15,0.147503528
2022/11/10 6:30,0.1391956
2022/11/10 6:45,0.138411943
2022/11/10 7:00,0.114477884
2022/11/10 7:15,0.103841772
2022/11/10 7:30,0.090230534
2022/11/10 7:45,0.079313074
2022/11/10 8:00,0.045759514
2022/11/10 8:15,0.042825493
2022/11/10 8:30,0.005154493
2022/11/10 8:45,0
2022/11/10 9:00,0
2022/11/10 9:15,0.027189985
2022/11/10 9:30,0.021023387
2022/11/10 9:45,0.012055278
2022/11/10 10:00,0.002841783
2022/11/10 10:15,0.013180111
2022/11/10 10:30,0.036217015
2022/11/10 10:45,0.043151649
2022/11/10 11:00,0.054927612
2022/11/10 11:15,0.060944751
2022/11/10 11:30,0.061363563
2022/11/10 11:45,0.051805096
2022/11/10 12:00,0.022345683
2022/11/10 12:15,0.005381927
2022/11/10 12:30,0.006540452
2022/11/10 12:45,0.015032144
2022/11/10 13:00,0.017617279
2022/11/10 13:15,0.010377642
2022/11/10 13:30,0.013765701
2022/11/10 13:45,0.018155298
2022/11/10 14:00,0.005847116
2022/11/10 14:15,0.011313363
2022/11/10 14:30,0.011766392
2022/11/10 14:45,0.013675632
2022/11/10 15:00,0.014685565
2022/11/10 15:15,0.014022552
2022/11/10 15:30,0.016157151
2022/11/10 15:45,0.017389114
2022/11/10 16:00,0.024264537
2022/11/10 16:15,0.020998164
2022/11/10 16:30,0.01935368
2022/11/10 16:45,0.018981462
2022/11/10 17:00,0.01550126
2022/11/10 17:15,0.014497323
2022/11/10 17:30,0.007058575
2022/11/10 17:45,0.007154865
2022/11/10 18:00,0.009119787
2022/11/10 18:15,0.033944617
2022/11/10 18:30,0.052470336
2022/11/10 18:45,0.052255782
2022/11/10 19:00,0.046412454
2022/11/10 19:15,0.04551196
2022/11/10 19:30,0.023611274
2022/11/10 19:45,0.024491428
2022/11/10 20:00,0.028056695
2022/11/10 20:15,0.038696478
2022/11/10 20:30,0.031524008
2022/11/10 20:45,0.02664378
2022/11/10 21:00,0.026115748
2022/11/10 21:15,0.032817096
2022/11/10 21:30,0.033446488
2022/11/10 21:45,0.045747076
2022/11/10 22:00,0.053316585
2022/11/10 22:15,0.055940784
2022/11/10 22:30,0.050072661
2022/11/10 22:45,0.047790227
2022/11/10 23:00,0.051093551
2022/11/10 23:15,0.04611597
2022/11/10 23:30,0.041554047
2022/11/10 23:45,0.039823231
2022/11/11 0:00,0.021197515
2022/11/11 0:15,0.018387237
2022/11/11 0:30,0.010648144
2022/11/11 0:45,0.006742212
2022/11/11 1:00,0.008374434
2022/11/11 1:15,0.006701858
2022/11/11 1:30,0.004813613
2022/11/11 1:45,0.003827211
2022/11/11 2:00,0
2022/11/11 2:15,0.002400465
2022/11/11 2:30,0.003883937
2022/11/11 2:45,0.000673677
2022/11/11 3:00,0
2022/11/11 3:15,0
2022/11/11 3:30,0
2022/11/11 3:45,0
2022/11/11 4:00,0.001065064
2022/11/11 4:15,0
2022/11/11 4:30,0.000837405
2022/11/11 4:45,0.001313931
2022/11/11 5:00,0
2022/11/11 5:15,0.001355942
2022/11/11 5:30,0
2022/11/11 5:45,0
2022/11/11 6:00,0.006268128
2022/11/11 6:15,0.008135249
2022/11/11 6:30,0.008672195
2022/11/11 6:45,0.006375221
2022/11/11 7:00,0.004561193
2022/11/11 7:15,0.005909953
2022/11/11 7:30,0.004612518
2022/11/11 7:45,0.006060286
2022/11/11 8:00,0.006955215
2022/11/11 8:15,0.013976575
2022/11/11 8:30,0.041580138
2022/11/11 8:45,0.057996799
2022/11/11 9:00,0.070558979
2022/11/11 9:15,0.08803397
2022/11/11 9:30,0.110890975
2022/11/11 9:45,0.122850755
2022/11/11 10:00,0.125458916
2022/11/11 10:15,0.152949261
2022/11/11 10:30,0.246972305
2022/11/11 10:45,0.293287814
2022/11/11 11:00,0.241959168
2022/11/11 11:15,0.230370425
2022/11/11 11:30,0.298264314
2022/11/11 11:45,0.341578512
2022/11/11 12:00,0.381654469
2022/11/11 12:15,0.364330172
2022/11/11 12:30,0.320517331
2022/11/11 12:45,0.291728432
2022/11/11 13:00,0.292990185
2022/11/11 13:15,0.293477599
2022/11/11 13:30,0.292419532
2022/11/11 13:45,0.298864218
2022/11/11 14:00,0.320317955
2022/11/11 14:15,0.350454416
2022/11/11 14:30,0.397960091
2022/11/11 14:45,0.433395209
2022/11/11 15:00,0.444693022
2022/11/11 15:15,0.46038351
2022/11/11 15:30,0.484863
2022/11/11 15:45,0.478295503
2022/11/11 16:00,0.409637333
2022/11/11 16:15,0.364724718
2022/11/11 16:30,0.367306007
2022/11/11 16:45,0.383298577
2022/11/11 17:00,0.426115886
2022/11/11 17:15,0.450014724
2022/11/11 17:30,0.436078144
2022/11/11 17:45,0.432645297
2022/11/11 18:00,0.450220816
2022/11/11 18:15,0.460345473
2022/11/11 18:30,0.455568768
2022/11/11 18:45,0.472508536
2022/11/11 19:00,0.532881188
2022/11/11 19:15,0.572996352
2022/11/11 19:30,0.572596177
2022/11/11 19:45,0.551807793
2022/11/11 20:00,0.490242431
2022/11/11 20:15,0.497487304
2022/11/11 20:30,0.64235195
2022/11/11 20:45,0.747370052
2022/11/11 21:00,0.772694265
2022/11/11 21:15,0.783769672
2022/11/11 21:30,0.766346553
2022/11/11 21:45,0.768533973
2022/11/11 22:00,0.809941422
2022/11/11 22:15,0.845815251
2022/11/11 22:30,0.870620627
2022/11/11 22:45,0.887053928
2022/11/11 23:00,0.886741699
2022/11/11 23:15,0.878499819
2022/11/11 23:30,0.854397121
2022/11/11 23:45,0.821195076
2022/11/12 0:00,0.715489914
2022/11/12 0:15,0.70485318
2022/11/12 0:30,0.720566797
2022/11/12 0:45,0.709047077
2022/11/12 1:00,0.635541516
2022/11/12 1:15,0.586911382
2022/11/12 1:30,0.579606528
2022/11/12 1:45,0.56694101
2022/11/12 2:00,0.536751206
2022/11/12 2:15,0.561635557
2022/11/12 2:30,0.684940036
2022/11/12 2:45,0.746716643
2022/11/12 3:00,0.707298246
2022/11/12 3:15,0.67075765
2022/11/12 3:30,0.726280969
2022/11/12 3:45,0.757760809
2022/11/12 4:00,0.821002178
2022/11/12 4:15,0.825419462
2022/11/12 4:30,0.718178234
2022/11/12 4:45,0.635821523
2022/11/12 5:00,0.623144413
2022/11/12 5:15,0.599639596
2022/11/12 5:30,0.586606588
2022/11/12 5:45,0.570860744
2022/11/12 6:00,0.547482615
2022/11/12 6:15,0.52191155
2022/11/12 6:30,0.492674664
2022/11/12 6:45,0.452187314
2022/11/12 7:00,0.381406298
2022/11/12 7:15,0.331300899
2022/11/12 7:30,0.310012744
2022/11/12 7:45,0.298281531
2022/11/12 8:00,0.294803991
2022/11/12 8:15,0.295021008
2022/11/12 8:30,0.306395678
2022/11/12 8:45,0.322326885
2022/11/12 9:00,0.325843516
2022/11/12 9:15,0.28339832
2022/11/12 9:30,0.253653722
2022/11/12 9:45,0.224711731
2022/11/12 10:00,0.162250558
2022/11/12 10:15,0.15856201
2022/11/12 10:30,0.195734968
2022/11/12 10:45,0.216611417
2022/11/12 11:00,0.191838114
2022/11/12 11:15,0.178121602
2022/11/12 11:30,0.183538821
2022/11/12 11:45,0.179255801
2022/11/12 12:00,0.201623058
2022/11/12 12:15,0.291950044
2022/11/12 12:30,0.422614115
2022/11/12 12:45,0.449430699
2022/11/12 13:00,0.268552215
2022/11/12 13:15,0.149822018
2022/11/12 13:30,0.155329115
2022/11/12 13:45,0.156142033
2022/11/12 14:00,0.147566488
2022/11/12 14:15,0.149244049
2022/11/12 14:30,0.171427662
2022/11/12 14:45,0.199628939
2022/11/12 15:00,0.239865301
2022/11/12 15:15,0.270174763
2022/11/12 15:30,0.280630073
2022/11/12 15:45,0.274234559
2022/11/12 16:00,0.234136913
2022/11/12 16:15,0.209099671
2022/11/12 16:30,0.214182604
2022/11/12 16:45,0.217552666
2022/11/12 17:00,0.217496192
2022/11/12 17:15,0.2189937
2022/11/12 17:30,0.223598205
2022/11/12 17:45,0.230521485
2022/11/12 18:00,0.242081176
2022/11/12 18:15,0.24420033
2022/11/12 18:30,0.227437108
2022/11/12 18:45,0.217865825
2022/11/12 19:00,0.222676978
2022/11/12 19:15,0.229098873
2022/11/12 19:30,0.238740699
2022/11/12 19:45,0.249341142
2022/11/12 20:00,0.261857213
2022/11/12 20:15,0.258659066
2022/11/12 20:30,0.224030876
2022/11/12 20:45,0.202429458
2022/11/12 21:00,0.206880036
2022/11/12 21:15,0.216005543
2022/11/12 21:30,0.23447948
2022/11/12 21:45,0.26129704
2022/11/12 22:00,0.30486374
2022/11/12 22:15,0.32714468
2022/11/12 22:30,0.306853075
2022/11/12 22:45,0.295651887
2022/11/12 23:00,0.302630766
2022/11/12 23:15,0.283558406
2022/11/12 23:30,0.212383085
2022/11/12 23:45,0.156333572
2022/11/13 0:00,0.143158594
2022/11/13 0:15,0.127325297
2022/11/13 0:30,0.12500572
2022/11/13 0:45,0.127044292
2022/11/13 1:00,0.137797665
2022/11/13 1:15,0.142740102
2022/11/13 1:30,0.136059639
2022/11/13 1:45,0.128424512
2022/11/13 2:00,0.118879537
2022/11/13 2:15,0.118108198
2022/11/13 2:30,0.134884121
2022/11/13 2:45,0.147164031
2022/11/13 3:00,0.150452387
2022/11/13 3:15,0.151742032
2022/11/13 3:30,0.146246311
2022/11/13 3:45,0.13886814
2022/11/13 4:00,0.13882241
2022/11/13 4:15,0.138772262
2022/11/13 4:30,0.138714704
2022/11/13 4:45,0.138649733
2022/11/13 5:00,0.138571458
2022/11/13 5:15,0.138484867
2022/11/13 5:30,0.138383134
2022/11/13 5:45,0.13825946
2022/11/13 6:00,0.138093253
2022/11/13 6:15,0.140379809
2022/11/13 6:30,0.147573004
2022/11/13 6:45,0.155950518
2022/11/13 7:00,0.16669747
2022/11/13 7:15,0.173351733
2022/11/13 7:30,0.17182104
2022/11/13 7:45,0.159928151
2022/11/13 8:00,0.127310873
2022/11/13 8:15,0.121335828
2022/11/13 8:30,0.168644808
2022/11/13 8:45,0.204011941
2022/11/13 9:00,0.215494482
2022/11/13 9:15,0.215751472
2022/11/13 9:30,0.18966128
2022/11/13 9:45,0.179967564
2022/11/13 10:00,0.214926735
2022/11/13 10:15,0.237830324
2022/11/13 10:30,0.252376994
2022/11/13 10:45,0.280965904
2022/11/13 11:00,0.337636717
2022/11/13 11:15,0.406096581
2022/11/13 11:30,0.498131683
2022/11/13 11:45,0.5683795
2022/11/13 12:00,0.611792848
2022/11/13 12:15,0.58341563
2022/11/13 12:30,0.439361076
2022/11/13 12:45,0.310808384
2022/11/13 13:00,0.213259887
2022/11/13 13:15,0.127548175
2022/11/13 13:30,0.065510329
2022/11/13 13:45,0.022793415
2022/11/13 14:00,0.018682925
2022/11/13 14:15,0.016837906
2022/11/13 14:30,0.01945261
2022/11/13 14:45,0.020904776
2022/11/13 15:00,0.020031416
2022/11/13 15:15,0.019807065
2022/11/13 15:30,0.020880029
2022/11/13 15:45,0.019681366
2022/11/13 16:00,0.013938532
2022/11/13 16:15,0.040437948
2022/11/13 16:30,0.101654622
2022/11/13 16:45,0.102186185
2022/11/13 17:00,0.101557951
2022/11/13 17:15,0.124508378
2022/11/13 17:30,0.198492601
2022/11/13 17:45,0.2373191
2022/11/13 18:00,0.203761821
2022/11/13 18:15,0.181858544
2022/11/13 18:30,0.189641846
2022/11/13 18:45,0.205181566
2022/11/13 19:00,0.242710482
2022/11/13 19:15,0.285813933
2022/11/13 19:30,0.348181729
2022/11/13 19:45,0.386913211
2022/11/13 20:00,0.37837193
2022/11/13 20:15,0.37694866
2022/11/13 20:30,0.389761524
2022/11/13 20:45,0.372857311
2022/11/13 21:00,0.296519246
2022/11/13 21:15,0.2261191
2022/11/13 21:30,0.167595208
2022/11/13 21:45,0.133707168
2022/11/13 22:00,0.149091258
2022/11/13 22:15,0.155499908
2022/11/13 22:30,0.143958001
2022/11/13 22:45,0.143368782
2022/11/13 23:00,0.164685047
2022/11/13 23:15,0.173583083
2022/11/13 23:30,0.157644453
2022/11/13 23:45,0.150635053
2022/11/14 0:00,0.219891041
2022/11/14 0:15,0.243831481
2022/11/14 0:30,0.284293375
2022/11/14 0:45,0.33167911
2022/11/14 1:00,0.468514604
2022/11/14 1:15,0.545753107
2022/11/14 1:30,0.579091499
2022/11/14 1:45,0.578872613
2022/11/14 2:00,0.587826528
2022/11/14 2:15,0.573098064
2022/11/14 2:30,0.565468009
2022/11/14 2:45,0.545547412
2022/11/14 3:00,0.55207929
2022/11/14 3:15,0.517737293
2022/11/14 3:30,0.465984655
2022/11/14 3:45,0.458614235
2022/11/14 4:00,0.445184182
2022/11/14 4:15,0.451348256
2022/11/14 4:30,0.467962948
2022/11/14 4:45,0.46077999
2022/11/14 5:00,0.458403086
2022/11/14 5:15,0.449857876
2022/11/14 5:30,0.420887868
2022/11/14 5:45,0.404396772
2022/11/14 6:00,0.400278145
2022/11/14 6:15,0.399437502
2022/11/14 6:30,0.418879625
2022/11/14 6:45,0.44828798
2022/11/14 7:00,0.49543926
2022/11/14 7:15,0.546700639
2022/11/14 7:30,0.625725474
2022/11/14 7:45,0.726508524
2022/11/14 8:00,0.809068196
2022/11/14 8:15,0.866367323
2022/11/14 8:30,0.869577741
2022/11/14 8:45,0.870137389
2022/11/14 9:00,0.827844822
2022/11/14 9:15,0.82457612
2022/11/14 9:30,0.832702358
2022/11/14 9:45,0.861845612
2022/11/14 10:00,0.895772761
2022/11/14 10:15,0.936213357
2022/11/14 10:30,0.941623385
2022/11/14 10:45,0.907812089
2022/11/14 11:00,0.814985072
2022/11/14 11:15,0.787851835
2022/11/14 11:30,0.905614578
2022/11/14 11:45,0.979377342
2022/11/14 12:00,0.921555158
2022/11/14 12:15,0.921428721
2022/11/14 12:30,0.921347835
2022/11/14 12:45,0.923008592
2022/11/14 13:00,0.928150485
2022/11/14 13:15,0.936134386
2022/11/14 13:30,0.949800406
2022/11/14 13:45,0.960570233
2022/11/14 14:00,0.965546044
2022/11/14 14:15,0.967810553
2022/11/14 14:30,0.964651099
2022/11/14 14:45,0.961529677
2022/11/14 15:00,0.958483219
2022/11/14 15:15,0.955469402
2022/11/14 15:30,0.952520011
2022/11/14 15:45,0.920089976
2022/11/14 16:00,0.828698032
2022/11/14 16:15,0.797281147
2022/11/14 16:30,0.885813983
2022/11/14 16:45,0.944610708
2022/11/14 17:00,0.943935054
2022/11/14 17:15,0.94099619
2022/11/14 17:30,0.933531008
2022/11/14 17:45,0.927012336
2022/11/14 18:00,0.922387063
2022/11/14 18:15,0.919318493
2022/11/14 18:30,0.919364007
2022/11/14 18:45,0.918278049
2022/11/14 19:00,0.914930138
2022/11/14 19:15,0.906865651
2022/11/14 19:30,0.889369311
2022/11/14 19:45,0.883698599
2022/11/14 20:00,0.901447665
2022/11/14 20:15,0.912989794
2022/11/14 20:30,0.912992916
2022/11/14 20:45,0.91717792
2022/11/14 21:00,0.925594108
2022/11/14 21:15,0.924539913
2022/11/14 21:30,0.921322118
2022/11/14 21:45,0.919186073
2022/11/14 22:00,0.917197197
2022/11/14 22:15,0.908720707
2022/11/14 22:30,0.895285313
2022/11/14 22:45,0.850733464
2022/11/14 23:00,0.74395043
2022/11/14 23:15,0.708291187
2022/11/14 23:30,0.814880964
2022/11/14 23:45,0.883756427
2022/11/15 0:00,0.929905917
2022/11/15 0:15,0.885657925
2022/11/15 0:30,0.833383234
2022/11/15 0:45,0.819244946
2022/11/15 1:00,0.878261807
2022/11/15 1:15,0.918533002
2022/11/15 1:30,0.928691146
2022/11/15 1:45,0.925697423
2022/11/15 2:00,0.91682029
2022/11/15 2:15,0.833135551
2022/11/15 2:30,0.599837682
2022/11/15 2:45,0.447621856
2022/11/15 3:00,0.457032724
2022/11/15 3:15,0.487024827
2022/11/15 3:30,0.56027946
2022/11/15 3:45,0.579720281
2022/11/15 4:00,0.491535305
2022/11/15 4:15,0.415657385
2022/11/15 4:30,0.364395451
2022/11/15 4:45,0.322149049
2022/11/15 5:00,0.297935719
2022/11/15 5:15,0.29972564
2022/11/15 5:30,0.339156772
2022/11/15 5:45,0.376773354
2022/11/15 6:00,0.468470253
2022/11/15 6:15,0.53209869
2022/11/15 6:30,0.539593058
2022/11/15 6:45,0.536719893
2022/11/15 7:00,0.513114819
2022/11/15 7:15,0.504233972
2022/11/15 7:30,0.524804963
2022/11/15 7:45,0.495179041
2022/11/15 8:00,0.365162773
2022/11/15 8:15,0.260976538
2022/11/15 8:30,0.208453785
2022/11/15 8:45,0.188817664
2022/11/15 9:00,0.234957976
2022/11/15 9:15,0.291455284
2022/11/15 9:30,0.368669336
2022/11/15 9:45,0.419591093
2022/11/15 10:00,0.417930449
2022/11/15 10:15,0.404310957
2022/11/15 10:30,0.366775298
2022/11/15 10:45,0.344311549
2022/11/15 11:00,0.351992454
2022/11/15 11:15,0.337954071
2022/11/15 11:30,0.28047726
2022/11/15 11:45,0.313068081
2022/11/15 12:00,0.465899713
2022/11/15 12:15,0.569734893
2022/11/15 12:30,0.460802357
2022/11/15 12:45,0.380187478
2022/11/15 13:00,0.368140904
2022/11/15 13:15,0.330766498
2022/11/15 13:30,0.289405359
2022/11/15 13:45,0.2535424
2022/11/15 14:00,0.231145746
2022/11/15 14:15,0.210484083
2022/11/15 14:30,0.199153868
2022/11/15 14:45,0.176349533
2022/11/15 15:00,0.148375052
2022/11/15 15:15,0.134002254
2022/11/15 15:30,0.196194773
2022/11/15 15:45,0.232212307
2022/11/15 16:00,0.233825043
2022/11/15 16:15,0.232504901
2022/11/15 16:30,0.2049292
2022/11/15 16:45,0.188047257
2022/11/15 17:00,0.167614275
2022/11/15 17:15,0.132413395
2022/11/15 17:30,0.116591014
2022/11/15 17:45,0.098832294
2022/11/15 18:00,0.104491264
2022/11/15 18:15,0.112882229
2022/11/15 18:30,0.12546834
2022/11/15 18:45,0.13566229
2022/11/15 19:00,0.15589541
2022/11/15 19:15,0.185162306
2022/11/15 19:30,0.170764205
2022/11/15 19:45,0.174026714
2022/11/15 20:00,0.124355789
2022/11/15 20:15,0.170126349
2022/11/15 20:30,0.157134272
2022/11/15 20:45,0.1249696
2022/11/15 21:00,0.110017823
2022/11/15 21:15,0.140242987
2022/11/15 21:30,0.173387127
2022/11/15 21:45,0.162811687
2022/11/15 22:00,0.17939314
2022/11/15 22:15,0.198652932
2022/11/15 22:30,0.202692564
2022/11/15 22:45,0.181857363
2022/11/15 23:00,0.138695113
2022/11/15 23:15,0.109427106
2022/11/15 23:30,0.056470587
2022/11/15 23:45,0.04336888
2022/11/16 0:00,0.0264452
2022/11/16 0:15,0.025284764
2022/11/16 0:30,0.030085518
2022/11/16 0:45,0.033849291
2022/11/16 1:00,0.035540145
2022/11/16 1:15,0.035396636
2022/11/16 1:30,0.031585653
2022/11/16 1:45,0.02882521
2022/11/16 2:00,0.025189681
2022/11/16 2:15,0.019647095
2022/11/16 2:30,0.021669641
2022/11/16 2:45,0.023145399
2022/11/16 3:00,0.023529347
2022/11/16 3:15,0.023698066
2022/11/16 3:30,0.023438257
2022/11/16 3:45,0.023274938
2022/11/16 4:00,0.023306695
2022/11/16 4:15,0.023335803
2022/11/16 4:30,0.02336187
2022/11/16 4:45,0.023384841
2022/11/16 5:00,0.023404016
2022/11/16 5:15,0.023419919
2022/11/16 5:30,0.023431773
2022/11/16 5:45,0.023438826
2022/11/16 6:00,0.023438813
2022/11/16 6:15,0.023709034
2022/11/16 6:30,0.024522211
2022/11/16 6:45,0.02546485
2022/11/16 7:00,0.026668747
2022/11/16 7:15,0.027416033
2022/11/16 7:30,0.027252173
2022/11/16 7:45,0.025935437
2022/11/16 8:00,0.022314667
2022/11/16 8:15,0.021653035
2022/11/16 8:30,0.026910959
2022/11/16 8:45,0.041810529
2022/11/16 9:00,0.065380182
2022/11/16 9:15,0.067631564
2022/11/16 9:30,0.071833789
2022/11/16 9:45,0.103429691
2022/11/16 10:00,0.189812737
2022/11/16 10:15,0.254559273
2022/11/16 10:30,0.276032133
2022/11/16 10:45,0.282656725
2022/11/16 11:00,0.259583749
2022/11/16 11:15,0.227602384
2022/11/16 11:30,0.177802922
2022/11/16 11:45,0.167634361
2022/11/16 12:00,0.213277341
2022/11/16 12:15,0.276395433
2022/11/16 12:30,0.316406294
2022/11/16 12:45,0.338339663
2022/11/16 13:00,0.374182884
2022/11/16 13:15,0.394946223
2022/11/16 13:30,0.38900437
2022/11/16 13:45,0.373646082
2022/11/16 14:00,0.281416468
2022/11/16 14:15,0.214690615
2022/11/16 14:30,0.191413048
2022/11/16 14:45,0.195430552
2022/11/16 15:00,0.217196941
2022/11/16 15:15,0.207522193
2022/11/16 15:30,0.183898958
2022/11/16 15:45,0.143734699
2022/11/16 16:00,0.141438885
2022/11/16 16:15,0.16133843
2022/11/16 16:30,0.18433998
2022/11/16 16:45,0.1791714
2022/11/16 17:00,0.151982195
2022/11/16 17:15,0.125261857
2022/11/16 17:30,0.107947071
2022/11/16 17:45,0.101902136
2022/11/16 18:00,0.103230173
2022/11/16 18:15,0.110430463
2022/11/16 18:30,0.129576196
2022/11/16 18:45,0.126494572
2022/11/16 19:00,0.122681547
2022/11/16 19:15,0.107150099
2022/11/16 19:30,0.116186536
2022/11/16 19:45,0.112416498
2022/11/16 20:00,0.082187796
2022/11/16 20:15,0.06893017
2022/11/16 20:30,0.084653627
2022/11/16 20:45,0.090485489
2022/11/16 21:00,0.0979132
2022/11/16 21:15,0.085803765
2022/11/16 21:30,0.076218202
2022/11/16 21:45,0.055081126
2022/11/16 22:00,0.034951165
2022/11/16 22:15,0.023108244
2022/11/16 22:30,0.028254347
2022/11/16 22:45,0.034682293
2022/11/16 23:00,0.04087376
2022/11/16 23:15,0.047739485
2022/11/16 23:30,0.060124848
2022/11/16 23:45,0.080849392
2022/11/17 0:00,0.076076701
2022/11/17 0:15,0.091117051
2022/11/17 0:30,0.122542133
2022/11/17 0:45,0.128447479
2022/11/17 1:00,0.08331032
2022/11/17 1:15,0.062850965
2022/11/17 1:30,0.072207888
2022/11/17 1:45,0.080584355
2022/11/17 2:00,0.076947445
2022/11/17 2:15,0.071505999
2022/11/17 2:30,0.072681064
2022/11/17 2:45,0.065527647
2022/11/17 3:00,0.071121374
2022/11/17 3:15,0.100639147
2022/11/17 3:30,0.145953094
2022/11/17 3:45,0.174621209
2022/11/17 4:00,0.166585491
2022/11/17 4:15,0.167581699
2022/11/17 4:30,0.181756521
2022/11/17 4:45,0.193014312
2022/11/17 5:00,0.20338754
2022/11/17 5:15,0.194102994
2022/11/17 5:30,0.14833839
2022/11/17 5:45,0.129020574
2022/11/17 6:00,0.175428606
2022/11/17 6:15,0.196143738
2022/11/17 6:30,0.174624107
2022/11/17 6:45,0.170868498
2022/11/17 7:00,0.182872904
2022/11/17 7:15,0.178975376
2022/11/17 7:30,0.161975791
2022/11/17 7:45,0.14160764
2022/11/17 8:00,0.131100331
2022/11/17 8:15,0.12411804
2022/11/17 8:30,0.134473591
2022/11/17 8:45,0.139773663
2022/11/17 9:00,0.139909924
2022/11/17 9:15,0.150529612
2022/11/17 9:30,0.152983902
2022/11/17 9:45,0.149045241
2022/11/17 10:00,0.131019824
2022/11/17 10:15,0.113521859
2022/11/17 10:30,0.089066693
2022/11/17 10:45,0.071005663
2022/11/17 11:00,0.06944283
2022/11/17 11:15,0.064049139
2022/11/17 11:30,0.052107282
2022/11/17 11:45,0.049532839
2022/11/17 12:00,0.022800322
2022/11/17 12:15,0.019214123
2022/11/17 12:30,0.023022155
2022/11/17 12:45,0.022676359
2022/11/17 13:00,0.021739053
2022/11/17 13:15,0.023249246
2022/11/17 13:30,0.02965687
2022/11/17 13:45,0.03125702
2022/11/17 14:00,0.023244794
2022/11/17 14:15,0.017879601
2022/11/17 14:30,0.017459792
2022/11/17 14:45,0.016706215
2022/11/17 15:00,0.016633243
2022/11/17 15:15,0.016558285
2022/11/17 15:30,0.016481493
2022/11/17 15:45,0.016403021
2022/11/17 16:00,0.016323019
2022/11/17 16:15,0.016241624
2022/11/17 16:30,0.016158963
2022/11/17 16:45,0.016075142
2022/11/17 17:00,0.015990252
2022/11/17 17:15,0.015904363
2022/11/17 17:30,0.015817527
2022/11/17 17:45,0.018770308
2022/11/17 18:00,0.024802193
2022/11/17 18:15,0.024154476
2022/11/17 18:30,0.022389479
2022/11/17 18:45,0.02140655
2022/11/17 19:00,0.021988629
2022/11/17 19:15,0.050665368
2022/11/17 19:30,0.107232232
2022/11/17 19:45,0.106262545
2022/11/17 20:00,0.105551934
2022/11/17 20:15,0.110458332
2022/11/17 20:30,0.126599497
2022/11/17 20:45,0.134640288
2022/11/17 21:00,0.126480925
2022/11/17 21:15,0.125521409
2022/11/17 21:30,0.138961969
2022/11/17 21:45,0.158025269
2022/11/17 22:00,0.188153295
2022/11/17 22:15,0.219041987
2022/11/17 22:30,0.252116162
2022/11/17 22:45,0.280733418
2022/11/17 23:00,0.30043637
2022/11/17 23:15,0.321751352
2022/11/17 23:30,0.346289639
2022/11/17 23:45,0.374157916
2022/11/18 0:00,0.411398626
2022/11/18 0:15,0.466457513
2022/11/18 0:30,0.562525729
2022/11/18 0:45,0.622598136
2022/11/18 1:00,0.605751364
2022/11/18 1:15,0.589248589
2022/11/18 1:30,0.545781622
2022/11/18 1:45,0.51615023
2022/11/18 2:00,0.493248722
2022/11/18 2:15,0.45089846
2022/11/18 2:30,0.411685863
2022/11/18 2:45,0.385095401
2022/11/18 3:00,0.381170604
2022/11/18 3:15,0.399557044
2022/11/18 3:30,0.468600904
2022/11/18 3:45,0.524441954
2022/11/18 4:00,0.54980462
2022/11/18 4:15,0.578983025
2022/11/18 4:30,0.601786139
2022/11/18 4:45,0.602067396
2022/11/18 5:00,0.565128591
2022/11/18 5:15,0.557286096
2022/11/18 5:30,0.600092267
2022/11/18 5:45,0.597379547
2022/11/18 6:00,0.513299412
2022/11/18 6:15,0.480998993
2022/11/18 6:30,0.485809488
2022/11/18 6:45,0.474994907
2022/11/18 7:00,0.430619831
2022/11/18 7:15,0.41688193
2022/11/18 7:30,0.449781447
2022/11/18 7:45,0.479953102
2022/11/18 8:00,0.516966085
2022/11/18 8:15,0.545631148
2022/11/18 8:30,0.524504561
2022/11/18 8:45,0.524717646
2022/11/18 9:00,0.542197313
2022/11/18 9:15,0.52222158
2022/11/18 9:30,0.418680268
2022/11/18 9:45,0.363561955
2022/11/18 10:00,0.395877249
2022/11/18 10:15,0.397966549
2022/11/18 10:30,0.344987004
2022/11/18 10:45,0.313450688
2022/11/18 11:00,0.317377462
2022/11/18 11:15,0.339164527
2022/11/18 11:30,0.376538444
2022/11/18 11:45,0.382811014
2022/11/18 12:00,0.422517665
2022/11/18 12:15,0.46932644
2022/11/18 12:30,0.540564471
2022/11/18 12:45,0.588780852
2022/11/18 13:00,0.590951944
2022/11/18 13:15,0.590392122
2022/11/18 13:30,0.584368465
2022/11/18 13:45,0.572586301
2022/11/18 14:00,0.552300199
2022/11/18 14:15,0.503439767
2022/11/18 14:30,0.444265908
2022/11/18 14:45,0.455625111
2022/11/18 15:00,0.619984536
2022/11/18 15:15,0.719151953
2022/11/18 15:30,0.742075587
2022/11/18 15:45,0.724474804
2022/11/18 16:00,0.721551982
2022/11/18 16:15,0.675718701
2022/11/18 16:30,0.456297453
2022/11/18 16:45,0.388212079
2022/11/18 17:00,0.582233771
2022/11/18 17:15,0.704896875
2022/11/18 17:30,0.697033771
2022/11/18 17:45,0.690132294
2022/11/18 18:00,0.621432912
2022/11/18 18:15,0.640281535
2022/11/18 18:30,0.707084692
2022/11/18 18:45,0.696987628
2022/11/18 19:00,0.50075633
2022/11/18 19:15,0.428157672
2022/11/18 19:30,0.612090695
2022/11/18 19:45,0.715805335
2022/11/18 20:00,0.668148909
2022/11/18 20:15,0.653018874
2022/11/18 20:30,0.702388436
2022/11/18 20:45,0.732964892
2022/11/18 21:00,0.725027721
2022/11/18 21:15,0.710927942
2022/11/18 21:30,0.684501082
2022/11/18 21:45,0.677080923
2022/11/18 22:00,0.707672489
2022/11/18 22:15,0.711916765
2022/11/18 22:30,0.663465052
2022/11/18 22:45,0.644348294
2022/11/18 23:00,0.683900358
2022/11/18 23:15,0.71086479
2022/11/18 23:30,0.712653211
2022/11/18 23:45,0.709437804
2022/11/19 0:00,0.682771984
2022/11/19 0:15,0.683300187
2022/11/19 0:30,0.717914531
2022/11/19 0:45,0.768001025
2022/11/19 1:00,0.848596181
2022/11/19 1:15,0.902354188
2022/11/19 1:30,0.902439334
2022/11/19 1:45,0.899331995
2022/11/19 2:00,0.889840701
2022/11/19 2:15,0.883661799
2022/11/19 2:30,0.891163842
2022/11/19 2:45,0.868053612
2022/11/19 3:00,0.790827165
2022/11/19 3:15,0.736253497
2022/11/19 3:30,0.731730054
2022/11/19 3:45,0.738158713
2022/11/19 4:00,0.765652362
2022/11/19 4:15,0.790957209
2022/11/19 4:30,0.815272369
2022/11/19 4:45,0.820420809
2022/11/19 5:00,0.786435116
2022/11/19 5:15,0.732658564
2022/11/19 5:30,0.635554833
2022/11/19 5:45,0.604572132
2022/11/19 6:00,0.705830514
2022/11/19 6:15,0.769583981
2022/11/19 6:30,0.758326517
2022/11/19 6:45,0.746819064
2022/11/19 7:00,0.734810276
2022/11/19 7:15,0.696580383
2022/11/19 7:30,0.605906488
2022/11/19 7:45,0.566525618
2022/11/19 8:00,0.629728369
2022/11/19 8:15,0.674937049
2022/11/19 8:30,0.684154322
2022/11/19 8:45,0.687990427
2022/11/19 9:00,0.681059947
2022/11/19 9:15,0.697218092
2022/11/19 9:30,0.759548188
2022/11/19 9:45,0.797754366
2022/11/19 10:00,0.787706394
2022/11/19 10:15,0.778788625
2022/11/19 10:30,0.772124079
2022/11/19 10:45,0.739454301
2022/11/19 11:00,0.654766272
2022/11/19 11:15,0.614964295
2022/11/19 11:30,0.670723089
2022/11/19 11:45,0.724402407
2022/11/19 12:00,0.817767256
2022/11/19 12:15,0.877631902
2022/11/19 12:30,0.93521062
2022/11/19 12:45,0.953136657
2022/11/19 13:00,0.901629004
2022/11/19 13:15,0.896435963
2022/11/19 13:30,0.852576402
2022/11/19 13:45,0.797363401
2022/11/19 14:00,0.707882145
2022/11/19 14:15,0.66396885
2022/11/19 14:30,0.694447818
2022/11/19 14:45,0.679903829
2022/11/19 15:00,0.575316415
2022/11/19 15:15,0.519606671
2022/11/19 15:30,0.561655281
2022/11/19 15:45,0.559307683
2022/11/19 16:00,0.468171059
2022/11/19 16:15,0.466831547
2022/11/19 16:30,0.661109183
2022/11/19 16:45,0.734204569
2022/11/19 17:00,0.600130316
2022/11/19 17:15,0.48993625
2022/11/19 17:30,0.405053371
2022/11/19 17:45,0.34048949
2022/11/19 18:00,0.316566985
2022/11/19 18:15,0.306166849
2022/11/19 18:30,0.347749699
2022/11/19 18:45,0.317160954
2022/11/19 19:00,0.186060138
2022/11/19 19:15,0.129514857
2022/11/19 19:30,0.104444909
2022/11/19 19:45,0.114167291
2022/11/19 20:00,0.143184903
2022/11/19 20:15,0.164704888
2022/11/19 20:30,0.21002101
2022/11/19 20:45,0.25764511
2022/11/19 21:00,0.309027833
2022/11/19 21:15,0.328421159
2022/11/19 21:30,0.265717887
2022/11/19 21:45,0.258929351
2022/11/19 22:00,0.232594999
2022/11/19 22:15,0.223820802
2022/11/19 22:30,0.216146787
2022/11/19 22:45,0.201998773
2022/11/19 23:00,0.203447074
2022/11/19 23:15,0.221492846
2022/11/19 23:30,0.271383316
2022/11/19 23:45,0.313901277
2022/11/20 0:00,0.330985151
2022/11/20 0:15,0.293345402
2022/11/20 0:30,0.219447797
2022/11/20 0:45,0.181214863
2022/11/20 1:00,0.214313206
2022/11/20 1:15,0.244927604
2022/11/20 1:30,0.270575515
2022/11/20 1:45,0.306251709
2022/11/20 2:00,0.361985408
2022/11/20 2:15,0.381249753
2022/11/20 2:30,0.327575962
2022/11/20 2:45,0.294263809
2022/11/20 3:00,0.301675235
2022/11/20 3:15,0.292767172
2022/11/20 3:30,0.251220268
2022/11/20 3:45,0.234506163
2022/11/20 4:00,0.267457722
2022/11/20 4:15,0.30474544
2022/11/20 4:30,0.350705555
2022/11/20 4:45,0.373308217
2022/11/20 5:00,0.349196129
2022/11/20 5:15,0.330052935
2022/11/20 5:30,0.320847815
2022/11/20 5:45,0.301417246
2022/11/20 6:00,0.261536213
2022/11/20 6:15,0.242084166
2022/11/20 6:30,0.263490668
2022/11/20 6:45,0.273031082
2022/11/20 7:00,0.25884002
2022/11/20 7:15,0.239896208
2022/11/20 7:30,0.211447668
2022/11/20 7:45,0.182085305
2022/11/20 8:00,0.150896088
2022/11/20 8:15,0.124693618
2022/11/20 8:30,0.108465395
2022/11/20 8:45,0.096488672
2022/11/20 9:00,0.092524275
2022/11/20 9:15,0.101721856
2022/11/20 9:30,0.127778338
2022/11/20 9:45,0.130669237
2022/11/20 10:00,0.121522109
2022/11/20 10:15,0.100221365
2022/11/20 10:30,0.099804524
2022/11/20 10:45,0.128739315
2022/11/20 11:00,0.190425546
2022/11/20 11:15,0.179715309
2022/11/20 11:30,0.130150902
2022/11/20 11:45,0.11490781
2022/11/20 12:00,0.108586442
2022/11/20 12:15,0.106344043
2022/11/20 12:30,0.088166293
2022/11/20 12:45,0.073443068
2022/11/20 13:00,0.063826886
2022/11/20 13:15,0.065951365
2022/11/20 13:30,0.062577338
2022/11/20 13:45,0.073701479
2022/11/20 14:00,0.075738409
2022/11/20 14:15,0.111998867
2022/11/20 14:30,0.080782919
2022/11/20 14:45,0.096359339
2022/11/20 15:00,0.113185688
2022/11/20 15:15,0.123057656
2022/11/20 15:30,0.149351178
2022/11/20 15:45,0.137327292
2022/11/20 16:00,0.147988823
2022/11/20 16:15,0.167963952
2022/11/20 16:30,0.163141565
2022/11/20 16:45,0.135988313
2022/11/20 17:00,0.090939472
2022/11/20 17:15,0.061001695
2022/11/20 17:30,0.070158047
2022/11/20 17:45,0.051634517
2022/11/20 18:00,0.041064422
2022/11/20 18:15,0.04969687
2022/11/20 18:30,0.04330787
2022/11/20 18:45,0.04714261
2022/11/20 19:00,0.061790752
2022/11/20 19:15,0.072158376
2022/11/20 19:30,0.106513272
2022/11/20 19:45,0.139596723
2022/11/20 20:00,0.163857106
2022/11/20 20:15,0.205976685
2022/11/20 20:30,0.253818365
2022/11/20 20:45,0.280569813
2022/11/20 21:00,0.281364302
2022/11/20 21:15,0.26979106
2022/11/20 21:30,0.278412587
2022/11/20 21:45,0.26927046
2022/11/20 22:00,0.262593532
2022/11/20 22:15,0.260275743
2022/11/20 22:30,0.257684921
2022/11/20 22:45,0.246058277
2022/11/20 23:00,0.249980621
2022/11/20 23:15,0.23315934
2022/11/20 23:30,0.201578937
2022/11/20 23:45,0.216239542
2022/11/21 0:00,0.252730979
2022/11/21 0:15,0.243696559
2022/11/21 0:30,0.265013062
2022/11/21 0:45,0.283189029
2022/11/21 1:00,0.266256289
2022/11/21 1:15,0.257968987
2022/11/21 1:30,0.266971548
2022/11/21 1:45,0.272483544
2022/11/21 2:00,0.271013952
2022/11/21 2:15,0.26614574
2022/11/21 2:30,0.254480564
2022/11/21 2:45,0.237503806
2022/11/21 3:00,0.209905035
2022/11/21 3:15,0.19035152
2022/11/21 3:30,0.186890621
2022/11/21 3:45,0.19579249
2022/11/21 4:00,0.230893002
2022/11/21 4:15,0.297033754
2022/11/21 4:30,0.280332404
2022/11/21 4:45,0.256889557
2022/11/21 5:00,0.240731338
2022/11/21 5:15,0.229626484
2022/11/21 5:30,0.251407249
2022/11/21 5:45,0.267723477
2022/11/21 6:00,0.249245341
2022/11/21 6:15,0.240177108
2022/11/21 6:30,0.266676571
2022/11/21 6:45,0.274863395
2022/11/21 7:00,0.278219385
2022/11/21 7:15,0.288082441
2022/11/21 7:30,0.311033007
2022/11/21 7:45,0.311286612
2022/11/21 8:00,0.265982117
2022/11/21 8:15,0.234203322
2022/11/21 8:30,0.228703895
2022/11/21 8:45,0.237112357
2022/11/21 9:00,0.273428121
2022/11/21 9:15,0.337691309
2022/11/21 9:30,0.457700121
2022/11/21 9:45,0.530784776
2022/11/21 10:00,0.50988375
2022/11/21 10:15,0.453856537
2022/11/21 10:30,0.34814074
2022/11/21 10:45,0.286187603
2022/11/21 11:00,0.281712151
2022/11/21 11:15,0.300902887
2022/11/21 11:30,0.351638745
2022/11/21 11:45,0.389465021
2022/11/21 12:00,0.413544056
2022/11/21 12:15,0.40549762
2022/11/21 12:30,0.35718134
2022/11/21 12:45,0.329074829
2022/11/21 13:00,0.341390006
2022/11/21 13:15,0.345304361
2022/11/21 13:30,0.338059121
2022/11/21 13:45,0.338269868
2022/11/21 14:00,0.389280697
2022/11/21 14:15,0.439418434
2022/11/21 14:30,0.463640612
2022/11/21 14:45,0.48735564
2022/11/21 15:00,0.532043878
2022/11/21 15:15,0.55084155
2022/11/21 15:30,0.53830363
2022/11/21 15:45,0.536227495
2022/11/21 16:00,0.547609587
2022/11/21 16:15,0.574438683
2022/11/21 16:30,0.621131286
2022/11/21 16:45,0.663150699
2022/11/21 17:00,0.678522788
2022/11/21 17:15,0.681392405
2022/11/21 17:30,0.66407982
2022/11/21 17:45,0.648499802
2022/11/21 18:00,0.644578429
2022/11/21 18:15,0.658181856
2022/11/21 18:30,0.692753105
2022/11/21 18:45,0.726813958
2022/11/21 19:00,0.766387094
2022/11/21 19:15,0.753109676
2022/11/21 19:30,0.706470015
2022/11/21 19:45,0.654125579
2022/11/21 20:00,0.57133602
2022/11/21 20:15,0.553646771
2022/11/21 20:30,0.645749167
2022/11/21 20:45,0.726452004
2022/11/21 21:00,0.777561401
2022/11/21 21:15,0.797293829
2022/11/21 21:30,0.754271901
2022/11/21 21:45,0.711553711
2022/11/21 22:00,0.658553113
2022/11/21 22:15,0.603830204
2022/11/21 22:30,0.639798791
2022/11/21 22:45,0.644794995
2022/11/21 23:00,0.59956491
2022/11/21 23:15,0.588750769
2022/11/21 23:30,0.643728131
2022/11/21 23:45,0.661045708
2022/11/22 0:00,0.594053567
2022/11/22 0:15,0.587913876
2022/11/22 0:30,0.669378116
2022/11/22 0:45,0.71940191
2022/11/22 1:00,0.706548385
2022/11/22 1:15,0.696392601
2022/11/22 1:30,0.691636663
2022/11/22 1:45,0.686851065
2022/11/22 2:00,0.682011052
2022/11/22 2:15,0.671405094
2022/11/22 2:30,0.649272405
2022/11/22 2:45,0.653982565
2022/11/22 3:00,0.712383525
2022/11/22 3:15,0.726090287
2022/11/22 3:30,0.650413429
2022/11/22 3:45,0.612536818
2022/11/22 4:00,0.650264928
2022/11/22 4:15,0.690979322
2022/11/22 4:30,0.737669818
2022/11/22 4:45,0.680310482
2022/11/22 5:00,0.414854259
2022/11/22 5:15,0.311154828
2022/11/22 5:30,0.530971002
2022/11/22 5:45,0.691637596
2022/11/22 6:00,0.734006354
2022/11/22 6:15,0.760849283
2022/11/22 6:30,0.756641265
2022/11/22 6:45,0.734181892
2022/11/22 7:00,0.675219994
2022/11/22 7:15,0.647079422
2022/11/22 7:30,0.680581235
2022/11/22 7:45,0.701218437
2022/11/22 8:00,0.696125754
2022/11/22 8:15,0.706919769
2022/11/22 8:30,0.749486149
2022/11/22 8:45,0.740787613
2022/11/22 9:00,0.629557853
2022/11/22 9:15,0.551686479
2022/11/22 9:30,0.540530129
2022/11/22 9:45,0.587033825
2022/11/22 10:00,0.74885551
2022/11/22 10:15,0.832291267
2022/11/22 10:30,0.758952723
2022/11/22 10:45,0.724585416
2022/11/22 11:00,0.768157815
2022/11/22 11:15,0.807036119
2022/11/22 11:30,0.836523173
2022/11/22 11:45,0.83998673
2022/11/22 12:00,0.836836892
2022/11/22 12:15,0.816133763
2022/11/22 12:30,0.882419813
2022/11/22 12:45,0.883734252
2022/11/22 13:00,0.781606621
2022/11/22 13:15,0.718090371
2022/11/22 13:30,0.741258636
2022/11/22 13:45,0.775100975
2022/11/22 14:00,0.792322064
2022/11/22 14:15,0.797081525
2022/11/22 14:30,0.7751485
2022/11/22 14:45,0.73690161
2022/11/22 15:00,0.703452548
2022/11/22 15:15,0.655718985
2022/11/22 15:30,0.658344061
2022/11/22 15:45,0.692944648
2022/11/22 16:00,0.739929348
2022/11/22 16:15,0.729862325
2022/11/22 16:30,0.591470668
2022/11/22 16:45,0.577185878
2022/11/22 17:00,0.679986041
2022/11/22 17:15,0.73200371
2022/11/22 17:30,0.704822881
2022/11/22 17:45,0.697401174
2022/11/22 18:00,0.71251967
2022/11/22 18:15,0.725439458
2022/11/22 18:30,0.732456253
2022/11/22 18:45,0.704791923
2022/11/22 19:00,0.615402137
2022/11/22 19:15,0.565252214
2022/11/22 19:30,0.587405327
2022/11/22 19:45,0.595050586
2022/11/22 20:00,0.605661618
2022/11/22 20:15,0.589988571
2022/11/22 20:30,0.486046341
2022/11/22 20:45,0.468712361
2022/11/22 21:00,0.587909917
2022/11/22 21:15,0.675193139
2022/11/22 21:30,0.703328359
2022/11/22 21:45,0.704259046
2022/11/22 22:00,0.702675718
2022/11/22 22:15,0.7305718
2022/11/22 22:30,0.745584146
2022/11/22 22:45,0.752131599
2022/11/22 23:00,0.711443603
2022/11/22 23:15,0.655897698
2022/11/22 23:30,0.536506621
2022/11/22 23:45,0.492284896
2022/11/23 0:00,0.606567552
2022/11/23 0:15,0.714299515
2022/11/23 0:30,0.713976185
2022/11/23 0:45,0.711625029
2022/11/23 1:00,0.705218612
2022/11/23 1:15,0.695030983
2022/11/23 1:30,0.67728191
2022/11/23 1:45,0.652823043
2022/11/23 2:00,0.614945981
2022/11/23 2:15,0.607932172
2022/11/23 2:30,0.662646467
2022/11/23 2:45,0.689329787
2022/11/23 3:00,0.659952745
2022/11/23 3:15,0.641543493
2022/11/23 3:30,0.645071195
2022/11/23 3:45,0.643304416
2022/11/23 4:00,0.630949674
2022/11/23 4:15,0.593931756
2022/11/23 4:30,0.507587985
2022/11/23 4:45,0.480714211
2022/11/23 5:00,0.572780359
2022/11/23 5:15,0.664222895
2022/11/23 5:30,0.754417544
2022/11/23 5:45,0.787123865
2022/11/23 6:00,0.704852326
2022/11/23 6:15,0.640037608
2022/11/23 6:30,0.610134898
2022/11/23 6:45,0.620985451
2022/11/23 7:00,0.71334063
2022/11/23 7:15,0.754803676
2022/11/23 7:30,0.690618009
2022/11/23 7:45,0.647595935
2022/11/23 8:00,0.662290011
2022/11/23 8:15,0.632342849
2022/11/23 8:30,0.513111807
2022/11/23 8:45,0.405702121
2022/11/23 9:00,0.321257266
2022/11/23 9:15,0.268953724
2022/11/23 9:30,0.283877582
2022/11/23 9:45,0.265077397
2022/11/23 10:00,0.178470558
2022/11/23 10:15,0.124659368
2022/11/23 10:30,0.131577582
2022/11/23 10:45,0.125771267
2022/11/23 11:00,0.114207046
2022/11/23 11:15,0.12301669
2022/11/23 11:30,0.17257632
2022/11/23 11:45,0.220754784
2022/11/23 12:00,0.29018178
2022/11/23 12:15,0.30399139
2022/11/23 12:30,0.258279012
2022/11/23 12:45,0.237046354
2022/11/23 13:00,0.264775749
2022/11/23 13:15,0.287194229
2022/11/23 13:30,0.29899324
2022/11/23 13:45,0.307720725
2022/11/23 14:00,0.310307138
2022/11/23 14:15,0.292838742
2022/11/23 14:30,0.235262226
2022/11/23 14:45,0.191940488
2022/11/23 15:00,0.17712923
2022/11/23 15:15,0.156070336
2022/11/23 15:30,0.122516452
2022/11/23 15:45,0.100687002
2022/11/23 16:00,0.10230603
2022/11/23 16:15,0.093271936
2022/11/23 16:30,0.062930547
2022/11/23 16:45,0.039350983
2022/11/23 17:00,0.029293416
2022/11/23 17:15,0.023111121
2022/11/23 17:30,0.022936845
2022/11/23 17:45,0.022686646
2022/11/23 18:00,0.022282158
2022/11/23 18:15,0.022173674
2022/11/23 18:30,0.02218701
2022/11/23 18:45,0.022202517
2022/11/23 19:00,0.02221998
2022/11/23 19:15,0.022239136
2022/11/23 19:30,0.022259679
2022/11/23 19:45,0.022281265
2022/11/23 20:00,0.022303526
2022/11/23 20:15,0.022326078
2022/11/23 20:30,0.022348527
2022/11/23 20:45,0.038657525
2022/11/23 21:00,0.071607875
2022/11/23 21:15,0.064155122
2022/11/23 21:30,0.04175558
2022/11/23 21:45,0.026826821
2022/11/23 22:00,0.025321833
2022/11/23 22:15,0.022472756
2022/11/23 22:30,0.02248241
2022/11/23 22:45,0.022489492
2022/11/23 23:00,0.022493929
2022/11/23 23:15,0.022495682
2022/11/23 23:30,0.022494748
2022/11/23 23:45,0.022491153
2022/11/24 0:00,0.028722572
2022/11/24 0:15,0.030574894
2022/11/24 0:30,0.031886946
2022/11/24 0:45,0.033949809
2022/11/24 1:00,0.037515217
2022/11/24 1:15,0.039010679
2022/11/24 1:30,0.036367308
2022/11/24 1:45,0.031934828
2022/11/24 2:00,0.02392532
2022/11/24 2:15,0.021367567
2022/11/24 2:30,0.029714645
2022/11/24 2:45,0.035489233
2022/11/24 3:00,0.03612028
2022/11/24 3:15,0.039653374
2022/11/24 3:30,0.048992094
2022/11/24 3:45,0.083346796
2022/11/24 4:00,0.142659254
2022/11/24 4:15,0.147569665
2022/11/24 4:30,0.120503343
2022/11/24 4:45,0.069921717
2022/11/24 5:00,0.074212664
2022/11/24 5:15,0.077753579
2022/11/24 5:30,0.079796066
2022/11/24 5:45,0.15618988
2022/11/24 6:00,0.304845044
2022/11/24 6:15,0.321070097
2022/11/24 6:30,0.380339324
2022/11/24 6:45,0.411088608
2022/11/24 7:00,0.384799619
2022/11/24 7:15,0.345906637
2022/11/24 7:30,0.281807289
2022/11/24 7:45,0.241070757
2022/11/24 8:00,0.193683659
2022/11/24 8:15,0.257572231
2022/11/24 8:30,0.590096618
2022/11/24 8:45,0.55852773
2022/11/24 9:00,0.468488179
2022/11/24 9:15,0.393846595
2022/11/24 9:30,0.350002624
2022/11/24 9:45,0.307227379
2022/11/24 10:00,0.266591246
2022/11/24 10:15,0.236661357
2022/11/24 10:30,0.228145582
2022/11/24 10:45,0.205729717
2022/11/24 11:00,0.155515249
2022/11/24 11:15,0.119118955
2022/11/24 11:30,0.11036051
2022/11/24 11:45,0.107071938
2022/11/24 12:00,0.010629329
2022/11/24 12:15,0.008754864
2022/11/24 12:30,0.031035007
2022/11/24 12:45,0.029945557
2022/11/24 13:00,0.026747769
2022/11/24 13:15,0.026236382
2022/11/24 13:30,0.031096509
2022/11/24 13:45,0.035146198
2022/11/24 14:00,0.037573506
2022/11/24 14:15,0.040786992
2022/11/24 14:30,0.045571218
2022/11/24 14:45,0.047639632
2022/11/24 15:00,0.044274809
2022/11/24 15:15,0.042542798
2022/11/24 15:30,0.044074915
2022/11/24 15:45,0.042554731
2022/11/24 16:00,0.034928651
2022/11/24 16:15,0.027988947
2022/11/24 16:30,0.022420966
2022/11/24 16:45,0.018847576
2022/11/24 17:00,0.019262616
2022/11/24 17:15,0.01909402
2022/11/24 17:30,0.017757645
2022/11/24 17:45,0.015116531
2022/11/24 18:00,0.009865595
2022/11/24 18:15,0.005745666
2022/11/24 18:30,0.003887457
2022/11/24 18:45,0.002711921
2022/11/24 19:00,0.002901358
2022/11/24 19:15,0.003024985
2022/11/24 19:30,0.001023892
2022/11/24 19:45,0
2022/11/24 20:00,0
2022/11/24 20:15,0
2022/11/24 20:30,0
2022/11/24 20:45,0
2022/11/24 21:00,0
2022/11/24 21:15,0
2022/11/24 21:30,0
2022/11/24 21:45,0
2022/11/24 22:00,0
2022/11/24 22:15,0
2022/11/24 22:30,0
2022/11/24 22:45,0
2022/11/24 23:00,7.83E-05
2022/11/24 23:15,0.000249686
2022/11/24 23:30,0
2022/11/24 23:45,0
2022/11/25 0:00,0
2022/11/25 0:15,0.001167808
2022/11/25 0:30,0.002318188
2022/11/25 0:45,0.002925414
2022/11/25 1:00,0.004743482
2022/11/25 1:15,0.006191679
2022/11/25 1:30,0.010257381
2022/11/25 1:45,0.014102392
2022/11/25 2:00,0.02386218
2022/11/25 2:15,0.041956362
2022/11/25 2:30,0.046575994
2022/11/25 2:45,0.039113108
2022/11/25 3:00,0.027370824
2022/11/25 3:15,0.013130344
2022/11/25 3:30,0.013118819
2022/11/25 3:45,0.013111344
2022/11/25 4:00,0.013095552
2022/11/25 4:15,0.0130844
2022/11/25 4:30,0.018217283
2022/11/25 4:45,0.014605055
2022/11/25 5:00,0.01303311
2022/11/25 5:15,0.014971825
2022/11/25 5:30,0.012996194
2022/11/25 5:45,0.016432541
2022/11/25 6:00,0.015326024
2022/11/25 6:15,0.016495491
2022/11/25 6:30,0.014570409
2022/11/25 6:45,0.017497494
2022/11/25 7:00,0.017882847
2022/11/25 7:15,0.017317275
2022/11/25 7:30,0.039160204
2022/11/25 7:45,0.049149088
2022/11/25 8:00,0.037911011
2022/11/25 8:15,0.091390562
2022/11/25 8:30,0.09530343
2022/11/25 8:45,0.065642544
2022/11/25 9:00,0.048130846
2022/11/25 9:15,0.077743773
2022/11/25 9:30,0.095603403
2022/11/25 9:45,0.097351207
2022/11/25 10:00,0.095833943
2022/11/25 10:15,0.097126948
2022/11/25 10:30,0.040376936
2022/11/25 10:45,0.022331878
2022/11/25 11:00,0.024802441
2022/11/25 11:15,0.024593581
2022/11/25 11:30,0.012643883
2022/11/25 11:45,0.012692645
2022/11/25 12:00,0.043664083
2022/11/25 12:15,0.044409572
2022/11/25 12:30,0.046534174
2022/11/25 12:45,0.049747025
2022/11/25 13:00,0.055385152
2022/11/25 13:15,0.051456056
2022/11/25 13:30,0.065450214
2022/11/25 13:45,0.045949916
2022/11/25 14:00,0.041137492
2022/11/25 14:15,0.034080611
2022/11/25 14:30,0.017508475
2022/11/25 14:45,0.02839366
2022/11/25 15:00,0.027324957
2022/11/25 15:15,0.021689536
2022/11/25 15:30,0.011547908
2022/11/25 15:45,0.020804716
2022/11/25 16:00,0.030355381
2022/11/25 16:15,0.021380743
2022/11/25 16:30,0.012450366
2022/11/25 16:45,0.02128201
2022/11/25 17:00,0.029408979
2022/11/25 17:15,0.021795026
2022/11/25 17:30,0.041261619
2022/11/25 17:45,0.037001782
2022/11/25 18:00,0.062087912
2022/11/25 18:15,0.087434023
2022/11/25 18:30,0.087976896
2022/11/25 18:45,0.102393582
2022/11/25 19:00,0.106148064
2022/11/25 19:15,0.104565888
2022/11/25 19:30,0.097560698
2022/11/25 19:45,0.107785655
2022/11/25 20:00,0.123799151
2022/11/25 20:15,0.145251447
2022/11/25 20:30,0.191959884
2022/11/25 20:45,0.237062764
2022/11/25 21:00,0.258370349
2022/11/25 21:15,0.275633261
2022/11/25 21:30,0.274215973
2022/11/25 21:45,0.265494088
2022/11/25 22:00,0.274893279
2022/11/25 22:15,0.287775431
2022/11/25 22:30,0.310362121
2022/11/25 22:45,0.337491704
2022/11/25 23:00,0.326338202
2022/11/25 23:15,0.320880666
2022/11/25 23:30,0.333188405
2022/11/25 23:45,0.334080048
2022/11/26 0:00,0.294723982
2022/11/26 0:15,0.314684912
2022/11/26 0:30,0.331557451
2022/11/26 0:45,0.338454738
2022/11/26 1:00,0.325404457
2022/11/26 1:15,0.32266561
2022/11/26 1:30,0.34055224
2022/11/26 1:45,0.349764706
2022/11/26 2:00,0.341631076
2022/11/26 2:15,0.340790607
2022/11/26 2:30,0.354538303
2022/11/26 2:45,0.385141161
2022/11/26 3:00,0.449455802
2022/11/26 3:15,0.488417958
2022/11/26 3:30,0.476676214
2022/11/26 3:45,0.48346572
2022/11/26 4:00,0.527318398
2022/11/26 4:15,0.539558956
2022/11/26 4:30,0.488575508
2022/11/26 4:45,0.432757161
2022/11/26 5:00,0.367209576
2022/11/26 5:15,0.320187691
2022/11/26 5:30,0.310216449
2022/11/26 5:45,0.302694532
2022/11/26 6:00,0.300069976
2022/11/26 6:15,0.297717761
2022/11/26 6:30,0.29590843
2022/11/26 6:45,0.300712595
2022/11/26 7:00,0.3188007
2022/11/26 7:15,0.361564223
2022/11/26 7:30,0.453675982
2022/11/26 7:45,0.511537969
2022/11/26 8:00,0.50089758
2022/11/26 8:15,0.489094579
2022/11/26 8:30,0.474963421
2022/11/26 8:45,0.462093473
2022/11/26 9:00,0.451743037
2022/11/26 9:15,0.452718222
2022/11/26 9:30,0.476341869
2022/11/26 9:45,0.450799925
2022/11/26 10:00,0.326924215
2022/11/26 10:15,0.25929603
2022/11/26 10:30,0.304160536
2022/11/26 10:45,0.392227452
2022/11/26 11:00,0.566697051
2022/11/26 11:15,0.673057909
2022/11/26 11:30,0.643199332
2022/11/26 11:45,0.609164555
2022/11/26 12:00,0.583345565
2022/11/26 12:15,0.587887618
2022/11/26 12:30,0.69297344
2022/11/26 12:45,0.777788902
2022/11/26 13:00,0.738536352
2022/11/26 13:15,0.716663639
2022/11/26 13:30,0.71262672
2022/11/26 13:45,0.723368536
2022/11/26 14:00,0.741273841
2022/11/26 14:15,0.755936562
2022/11/26 14:30,0.781504814
2022/11/26 14:45,0.780384647
2022/11/26 15:00,0.741193154
2022/11/26 15:15,0.724756755
2022/11/26 15:30,0.743717545
2022/11/26 15:45,0.667696912
2022/11/26 16:00,0.351727479
2022/11/26 16:15,0.202629607
2022/11/26 16:30,0.408505597
2022/11/26 16:45,0.540090372
2022/11/26 17:00,0.592649412
2022/11/26 17:15,0.627112378
2022/11/26 17:30,0.558615563
2022/11/26 17:45,0.492634374
2022/11/26 18:00,0.415895955
2022/11/26 18:15,0.322369263
2022/11/26 18:30,0.269592887
2022/11/26 18:45,0.254677948
2022/11/26 19:00,0.311115411
2022/11/26 19:15,0.395483744
2022/11/26 19:30,0.528868982
2022/11/26 19:45,0.596047476
2022/11/26 20:00,0.524141775
2022/11/26 20:15,0.52214705
2022/11/26 20:30,0.657581842
2022/11/26 20:45,0.770960713
2022/11/26 21:00,0.84764643
2022/11/26 21:15,0.854648723
2022/11/26 21:30,0.722936895
2022/11/26 21:45,0.584069211
2022/11/26 22:00,0.452359826
2022/11/26 22:15,0.318642058
2022/11/26 22:30,0.204156639
2022/11/26 22:45,0.120784556
2022/11/26 23:00,0.108842953
2022/11/26 23:15,0.121700856
2022/11/26 23:30,0.169010995
2022/11/26 23:45,0.204564587
2022/11/27 0:00,0.274836493
2022/11/27 0:15,0.279168267
2022/11/27 0:30,0.234980668
2022/11/27 0:45,0.198441543
2022/11/27 1:00,0.191343113
2022/11/27 1:15,0.183406711
2022/11/27 1:30,0.152716229
2022/11/27 1:45,0.133888286
2022/11/27 2:00,0.12529062
2022/11/27 2:15,0.123064524
2022/11/27 2:30,0.101668791
2022/11/27 2:45,0.100957686
2022/11/27 3:00,0.085792878
2022/11/27 3:15,0.087524667
2022/11/27 3:30,0.06825679
2022/11/27 3:45,0.072311869
2022/11/27 4:00,0.061867609
2022/11/27 4:15,0.084095283
2022/11/27 4:30,0.084122533
2022/11/27 4:45,0.084069451
2022/11/27 5:00,0.08369875
2022/11/27 5:15,0.11011091
2022/11/27 5:30,0.128494991
2022/11/27 5:45,0.150495457
2022/11/27 6:00,0.20242312
2022/11/27 6:15,0.252337067
2022/11/27 6:30,0.292049467
2022/11/27 6:45,0.29329027
2022/11/27 7:00,0.234391208
2022/11/27 7:15,0.280973133
2022/11/27 7:30,0.331008018
2022/11/27 7:45,0.329609633
2022/11/27 8:00,0.315599799
2022/11/27 8:15,0.29200992
2022/11/27 8:30,0.269526245
2022/11/27 8:45,0.256137319
2022/11/27 9:00,0.240528923
2022/11/27 9:15,0.24872827
2022/11/27 9:30,0.246560676
2022/11/27 9:45,0.223674946
2022/11/27 10:00,0.148869448
2022/11/27 10:15,0.135378068
2022/11/27 10:30,0.061519069
2022/11/27 10:45,0.128685685
2022/11/27 11:00,0.150817619
2022/11/27 11:15,0.136209508
2022/11/27 11:30,0.088607051
2022/11/27 11:45,0.098533999
2022/11/27 12:00,0.063236571
2022/11/27 12:15,0.065213363
2022/11/27 12:30,0.063439022
2022/11/27 12:45,0.069391125
2022/11/27 13:00,0.09079724
2022/11/27 13:15,0.111811307
2022/11/27 13:30,0.132042034
2022/11/27 13:45,0.145215265
2022/11/27 14:00,0.144273896
2022/11/27 14:15,0.172428835
2022/11/27 14:30,0.258776451
2022/11/27 14:45,0.298786731
2022/11/27 15:00,0.246122154
2022/11/27 15:15,0.205608499
2022/11/27 15:30,0.189396362
2022/11/27 15:45,0.176346938
2022/11/27 16:00,0.169622596
2022/11/27 16:15,0.156381038
2022/11/27 16:30,0.130104806
2022/11/27 16:45,0.107340089
2022/11/27 17:00,0.091598354
2022/11/27 17:15,0.082532195
2022/11/27 17:30,0.075297665
2022/11/27 17:45,0.056962228
2022/11/27 18:00,0.061971496
2022/11/27 18:15,0.063192078
2022/11/27 18:30,0.056835891
2022/11/27 18:45,0.054338131
2022/11/27 19:00,0.059557914
2022/11/27 19:15,0.064286656
2022/11/27 19:30,0.068033979
2022/11/27 19:45,0.06782479
2022/11/27 20:00,0.059703099
2022/11/27 20:15,0.051058889
2022/11/27 20:30,0.041369937
2022/11/27 20:45,0.03346763
2022/11/27 21:00,0.029138639
2022/11/27 21:15,0.027184011
2022/11/27 21:30,0.029977861
2022/11/27 21:45,0.032106055
2022/11/27 22:00,0.032902461
2022/11/27 22:15,0.029500665
2022/11/27 22:30,0.017701855
2022/11/27 22:45,0.007656194
2022/11/27 23:00,0.00111619
2022/11/27 23:15,0
2022/11/27 23:30,0
2022/11/27 23:45,0
2022/11/28 0:00,0.011017876
2022/11/28 0:15,0.008137961
2022/11/28 0:30,0.008246486
2022/11/28 0:45,0.007688286
2022/11/28 1:00,0.005795658
2022/11/28 1:15,0.005000067
2022/11/28 1:30,0.006397757
2022/11/28 1:45,0.008074592
2022/11/28 2:00,0.010309134
2022/11/28 2:15,0.012039254
2022/11/28 2:30,0.012760157
2022/11/28 2:45,0.011978017
2022/11/28 3:00,0.008189606
2022/11/28 3:15,0.005499077
2022/11/28 3:30,0.005004266
2022/11/28 3:45,0.004980867
2022/11/28 4:00,0.005900352
2022/11/28 4:15,0.00626174
2022/11/28 4:30,0.005507047
2022/11/28 4:45,0.005832163
2022/11/28 5:00,0.008317018
2022/11/28 5:15,0.011036762
2022/11/28 5:30,0.014226369
2022/11/28 5:45,0.01726477
2022/11/28 6:00,0.02000076
2022/11/28 6:15,0.02138982
2022/11/28 6:30,0.020084886
2022/11/28 6:45,0.019460082
2022/11/28 7:00,0.020195211
2022/11/28 7:15,0.02169495
2022/11/28 7:30,0.024723326
2022/11/28 7:45,0.024385604
2022/11/28 8:00,0.017314781
2022/11/28 8:15,0.011774089
2022/11/28 8:30,0.00929236
2022/11/28 8:45,0.008036493
2022/11/28 9:00,0.009230589
2022/11/28 9:15,0.010663359
2022/11/28 9:30,0.0125712
2022/11/28 9:45,0.014790268
2022/11/28 10:00,0.01762897
2022/11/28 10:15,0.021964427
2022/11/28 10:30,0.029290046
2022/11/28 10:45,0.034878493
2022/11/28 11:00,0.036988776
2022/11/28 11:15,0.07599243
2022/11/28 11:30,0.151332657
2022/11/28 11:45,0.16300282
2022/11/28 12:00,0.200662125
2022/11/28 12:15,0.246088543
2022/11/28 12:30,0.320426525
2022/11/28 12:45,0.368604012
2022/11/28 13:00,0.364461825
2022/11/28 13:15,0.369589353
2022/11/28 13:30,0.393258235
2022/11/28 13:45,0.405018583
2022/11/28 14:00,0.392964297
2022/11/28 14:15,0.374779531
2022/11/28 14:30,0.344336629
2022/11/28 14:45,0.351573338
2022/11/28 15:00,0.434172358
2022/11/28 15:15,0.491875579
2022/11/28 15:30,0.499790448
2022/11/28 15:45,0.511130446
2022/11/28 16:00,0.529324032
2022/11/28 16:15,0.533341914
2022/11/28 16:30,0.509011775
2022/11/28 16:45,0.493702267
2022/11/28 17:00,0.496437466
2022/11/28 17:15,0.510318899
2022/11/28 17:30,0.546496342
2022/11/28 17:45,0.581017999
2022/11/28 18:00,0.612231765
2022/11/28 18:15,0.612890776
2022/11/28 18:30,0.552444114
2022/11/28 18:45,0.525420415
2022/11/28 19:00,0.56524662
2022/11/28 19:15,0.603132337
2022/11/28 19:30,0.635283216
2022/11/28 19:45,0.629987142
2022/11/28 20:00,0.557173559
2022/11/28 20:15,0.482214456
2022/11/28 20:30,0.403031176
2022/11/28 20:45,0.345895603
2022/11/28 21:00,0.332858709
2022/11/28 21:15,0.338032549
2022/11/28 21:30,0.379630462
2022/11/28 21:45,0.409664944
2022/11/28 22:00,0.416574336
2022/11/28 22:15,0.386161744
2022/11/28 22:30,0.281105999
2022/11/28 22:45,0.190136289
2022/11/28 23:00,0.12733845
2022/11/28 23:15,0.086485105
2022/11/28 23:30,0.055932329
2022/11/28 23:45,0.023850793
2022/11/29 0:00,0.021509978
2022/11/29 0:15,0.038140067
2022/11/29 0:30,0.073649568
2022/11/29 0:45,0.072082646
2022/11/29 1:00,0.06578811
2022/11/29 1:15,0.081237267
2022/11/29 1:30,0.140172881
2022/11/29 1:45,0.155174129
2022/11/29 2:00,0.082305764
2022/11/29 2:15,0.033657447
2022/11/29 2:30,0.030287366
2022/11/29 2:45,0.023061851
2022/11/29 3:00,0.02023663
2022/11/29 3:15,0.018388087
2022/11/29 3:30,0.018431509
2022/11/29 3:45,0.018474598
2022/11/29 4:00,0.018517157
2022/11/29 4:15,0.018558985
2022/11/29 4:30,0.018599884
2022/11/29 4:45,0.018639656
2022/11/29 5:00,0.018678111
2022/11/29 5:15,0.018715066
2022/11/29 5:30,0.01875035
2022/11/29 5:45,0.046148552
2022/11/29 6:00,0.101264705
2022/11/29 6:15,0.096270215
2022/11/29 6:30,0.081225798
2022/11/29 6:45,0.073225436
2022/11/29 7:00,0.079315432
2022/11/29 7:15,0.080365237
2022/11/29 7:30,0.071337116
2022/11/29 7:45,0.070756668
2022/11/29 8:00,0.087074187
2022/11/29 8:15,0.094614935
2022/11/29 8:30,0.084604896
2022/11/29 8:45,0.078270053
2022/11/29 9:00,0.079288465
2022/11/29 9:15,0.070587705
2022/11/29 9:30,0.042451552
2022/11/29 9:45,0.023689129
2022/11/29 10:00,0.02204928
2022/11/29 10:15,0.018955995
2022/11/29 10:30,0.018937818
2022/11/29 10:45,0.018916501
2022/11/29 11:00,0.01889204
2022/11/29 11:15,0.018864444
2022/11/29 11:30,0.018833728
2022/11/29 11:45,0.018799924
2022/11/29 12:00,0
2022/11/29 12:15,0
2022/11/29 12:30,0
2022/11/29 12:45,0
2022/11/29 13:00,0
2022/11/29 13:15,0
2022/11/29 13:30,0
2022/11/29 13:45,0
2022/11/29 14:00,0
2022/11/29 14:15,0
2022/11/29 14:30,0
2022/11/29 14:45,0
2022/11/29 15:00,0
2022/11/29 15:15,0
2022/11/29 15:30,0
2022/11/29 15:45,0
2022/11/29 16:00,0
2022/11/29 16:15,0
2022/11/29 16:30,0
2022/11/29 16:45,0
2022/11/29 17:00,0.022251875
2022/11/29 17:15,0.025236247
2022/11/29 17:30,0.034133643
2022/11/29 17:45,0.035998815
2022/11/29 18:00,0.030803904
2022/11/29 18:15,0.031186843
2022/11/29 18:30,0.04272399
2022/11/29 18:45,0.051163654
2022/11/29 19:00,0.057547286
2022/11/29 19:15,0.06242134
2022/11/29 19:30,0.055240701
2022/11/29 19:45,0.046582324
2022/11/29 20:00,0.035370547
2022/11/29 20:15,0.033157363
2022/11/29 20:30,0.040714983
2022/11/29 20:45,0.048088131
2022/11/29 21:00,0.059985898
2022/11/29 21:15,0.073281008
2022/11/29 21:30,0.090338333
2022/11/29 21:45,0.103376386
2022/11/29 22:00,0.112142868
2022/11/29 22:15,0.121439249
2022/11/29 22:30,0.120819856
2022/11/29 22:45,0.118650157
2022/11/29 23:00,0.127579509
2022/11/29 23:15,0.126499606
2022/11/29 23:30,0.110577361
2022/11/29 23:45,0.102923942
2022/11/30 0:00,0.121433681
2022/11/30 0:15,0.128707083
2022/11/30 0:30,0.13663438
2022/11/30 0:45,0.14157917
2022/11/30 1:00,0.140562162
2022/11/30 1:15,0.149922993
2022/11/30 1:30,0.180042164
2022/11/30 1:45,0.188431444
2022/11/30 2:00,0.15336296
2022/11/30 2:15,0.124590082
2022/11/30 2:30,0.108409739
2022/11/30 2:45,0.111261915
2022/11/30 3:00,0.152179734
2022/11/30 3:15,0.175705896
2022/11/30 3:30,0.164448661
2022/11/30 3:45,0.165468859
2022/11/30 4:00,0.1910432
2022/11/30 4:15,0.195771847
2022/11/30 4:30,0.158807835
2022/11/30 4:45,0.137449002
2022/11/30 5:00,0.147298814
2022/11/30 5:15,0.161430696
2022/11/30 5:30,0.184124677
2022/11/30 5:45,0.190168867
2022/11/30 6:00,0.162911225
2022/11/30 6:15,0.138828905
2022/11/30 6:30,0.121094873
2022/11/30 6:45,0.106455274
2022/11/30 7:00,0.098002151
2022/11/30 7:15,0.091592702
2022/11/30 7:30,0.089268221
2022/11/30 7:45,0.087071392
2022/11/30 8:00,0.085127513
2022/11/30 8:15,0.08518487
2022/11/30 8:30,0.089242357
2022/11/30 8:45,0.095090958
2022/11/30 9:00,0.104519425
2022/11/30 9:15,0.107213708
2022/11/30 9:30,0.096437216
2022/11/30 9:45,0.090116755
2022/11/30 10:00,0.092705908
2022/11/30 10:15,0.098826958
2022/11/30 10:30,0.107670855
2022/11/30 10:45,0.108486087
2022/11/30 11:00,0.110832235
2022/11/30 11:15,0.115777507
2022/11/30 11:30,0.125918685
2022/11/30 11:45,0.146355688
2022/11/30 12:00,0.173516486
2022/11/30 12:15,0.200537162
2022/11/30 12:30,0.198529048
2022/11/30 12:45,0.198884285
2022/11/30 13:00,0.203962851
2022/11/30 13:15,0.20025795
2022/11/30 13:30,0.178982716
2022/11/30 13:45,0.161140097
2022/11/30 14:00,0.150159415
2022/11/30 14:15,0.138689218
2022/11/30 14:30,0.126236958
2022/11/30 14:45,0.133939615
2022/11/30 15:00,0.18994831
2022/11/30 15:15,0.208458138
2022/11/30 15:30,0.162820285
2022/11/30 15:45,0.157083128
2022/11/30 16:00,0.225816295
2022/11/30 16:15,0.279739966
2022/11/30 16:30,0.300501414
2022/11/30 16:45,0.298482427
2022/11/30 17:00,0.244676512
2022/11/30 17:15,0.207351513
2022/11/30 17:30,0.22467566
2022/11/30 17:45,0.251580466
2022/11/30 18:00,0.295620891
2022/11/30 18:15,0.338568076
2022/11/30 18:30,0.384496623
2022/11/30 18:45,0.415920351
2022/11/30 19:00,0.415193949
2022/11/30 19:15,0.384198899
2022/11/30 19:30,0.292668855
2022/11/30 19:45,0.226160172
2022/11/30 20:00,0.213974416
2022/11/30 20:15,0.196252779
2022/11/30 20:30,0.157555178
2022/11/30 20:45,0.134693318
2022/11/30 21:00,0.139633959
2022/11/30 21:15,0.139441691
2022/11/30 21:30,0.128109095
2022/11/30 21:45,0.129634653
2022/11/30 22:00,0.156877937
2022/11/30 22:15,0.172784988
2022/11/30 22:30,0.16908927
2022/11/30 22:45,0.157007889
2022/11/30 23:00,0.176251367
2022/11/30 23:15,0.202397929
2022/11/30 23:30,0.21537741
2022/11/30 23:45,0.206464388
2022/12/1 0:00,0.181928738
2022/12/1 0:15,0.170957844
2022/12/1 0:30,0.162759727
2022/12/1 0:45,0.157414209
2022/12/1 1:00,0.157775516
2022/12/1 1:15,0.162103253
2022/12/1 1:30,0.174365617
2022/12/1 1:45,0.181640866
2022/12/1 2:00,0.177924553
2022/12/1 2:15,0.17743007
2022/12/1 2:30,0.18769385
2022/12/1 2:45,0.201696024
2022/12/1 3:00,0.223176302
2022/12/1 3:15,0.244245146
2022/12/1 3:30,0.26449219
2022/12/1 3:45,0.301483055
2022/12/1 4:00,0.37196246
2022/12/1 4:15,0.406300568
2022/12/1 4:30,0.36835694
2022/12/1 4:45,0.35650103
2022/12/1 5:00,0.39682153
2022/12/1 5:15,0.399687151
2022/12/1 5:30,0.327644261
2022/12/1 5:45,0.286477835
2022/12/1 6:00,0.307065969
2022/12/1 6:15,0.303189387
2022/12/1 6:30,0.250385441
2022/12/1 6:45,0.207555319
2022/12/1 7:00,0.184675321
2022/12/1 7:15,0.163978508
2022/12/1 7:30,0.147650846
2022/12/1 7:45,0.136873539
2022/12/1 8:00,0.137199862
2022/12/1 8:15,0.141378741
2022/12/1 8:30,0.153265583
2022/12/1 8:45,0.161607695
2022/12/1 9:00,0.162862926
2022/12/1 9:15,0.172616109
2022/12/1 9:30,0.199367326
2022/12/1 9:45,0.209275215
2022/12/1 10:00,0.185498012
2022/12/1 10:15,0.181784599
2022/12/1 10:30,0.218199716
2022/12/1 10:45,0.254562521
2022/12/1 11:00,0.290821064
2022/12/1 11:15,0.30073268
2022/12/1 11:30,0.257950305
2022/12/1 11:45,0.206582216
2022/12/1 12:00,0.138179431
2022/12/1 12:15,0.112035833
2022/12/1 12:30,0.113073879
2022/12/1 12:45,0.112695716
2022/12/1 13:00,0.109484742
2022/12/1 13:15,0.110392722
2022/12/1 13:30,0.119538311
2022/12/1 13:45,0.127360429
2022/12/1 14:00,0.132535364
2022/12/1 14:15,0.137826632
2022/12/1 14:30,0.143350343
2022/12/1 14:45,0.135409132
2022/12/1 15:00,0.100537827
2022/12/1 15:15,0.075769286
2022/12/1 15:30,0.070037802
2022/12/1 15:45,0.067401821
2022/12/1 16:00,0.075569828
2022/12/1 16:15,0.078716584
2022/12/1 16:30,0.071820278
2022/12/1 16:45,0.074643847
2022/12/1 17:00,0.096906481
2022/12/1 17:15,0.121284237
2022/12/1 17:30,0.149891448
2022/12/1 17:45,0.17713795
2022/12/1 18:00,0.201662192
2022/12/1 18:15,0.214062675
2022/12/1 18:30,0.202214822
2022/12/1 18:45,0.198386657
2022/12/1 19:00,0.210660306
2022/12/1 19:15,0.226948827
2022/12/1 19:30,0.251266597
2022/12/1 19:45,0.245552349
2022/12/1 20:00,0.17977387
2022/12/1 20:15,0.128567482
2022/12/1 20:30,0.106505472
2022/12/1 20:45,0.095333244
2022/12/1 21:00,0.105941238
2022/12/1 21:15,0.118732941
2022/12/1 21:30,0.135893225
2022/12/1 21:45,0.155236046
2022/12/1 22:00,0.178945635
2022/12/1 22:15,0.216637858
2022/12/1 22:30,0.282297551
2022/12/1 22:45,0.332109943
2022/12/1 23:00,0.350230388
2022/12/1 23:15,0.360289719
2022/12/1 23:30,0.354166688
2022/12/1 23:45,0.350887778
2022/12/2 0:00,0.369300857
2022/12/2 0:15,0.362110137
2022/12/2 0:30,0.323606579
2022/12/2 0:45,0.343656577
2022/12/2 1:00,0.478359354
2022/12/2 1:15,0.571676199
2022/12/2 1:30,0.562117744
2022/12/2 1:45,0.547005813
2022/12/2 2:00,0.552883853
2022/12/2 2:15,0.518422848
2022/12/2 2:30,0.462444461
2022/12/2 2:45,0.417012106
2022/12/2 3:00,0.403171391
2022/12/2 3:15,0.394372692
2022/12/2 3:30,0.307274904
2022/12/2 3:45,0.26605564
2022/12/2 4:00,0.252717404
2022/12/2 4:15,0.242776085
2022/12/2 4:30,0.24221495
2022/12/2 4:45,0.276675616
2022/12/2 5:00,0.384033776
2022/12/2 5:15,0.421288723
2022/12/2 5:30,0.318511129
2022/12/2 5:45,0.26526228
2022/12/2 6:00,0.253848258
2022/12/2 6:15,0.257797254
2022/12/2 6:30,0.224175145
2022/12/2 6:45,0.194613859
2022/12/2 7:00,0.173173044
2022/12/2 7:15,0.156789945
2022/12/2 7:30,0.136438664
2022/12/2 7:45,0.117181446
2022/12/2 8:00,0.109741007
2022/12/2 8:15,0.105061308
2022/12/2 8:30,0.114919577
2022/12/2 8:45,0.109176609
2022/12/2 9:00,0.082589991
2022/12/2 9:15,0.069770199
2022/12/2 9:30,0.080960849
2022/12/2 9:45,0.085395165
2022/12/2 10:00,0.076310623
2022/12/2 10:15,0.077231393
2022/12/2 10:30,0.063117763
2022/12/2 10:45,0.089262127
2022/12/2 11:00,0.153428641
2022/12/2 11:15,0.214438759
2022/12/2 11:30,0.268525048
2022/12/2 11:45,0.274537241
2022/12/2 12:00,0.203215456
2022/12/2 12:15,0.143409485
2022/12/2 12:30,0.180491535
2022/12/2 12:45,0.2364831
2022/12/2 13:00,0.28742875
2022/12/2 13:15,0.306333626
2022/12/2 13:30,0.271345117
2022/12/2 13:45,0.241876123
2022/12/2 14:00,0.249765
2022/12/2 14:15,0.249289045
2022/12/2 14:30,0.311435556
2022/12/2 14:45,0.359311448
2022/12/2 15:00,0.411108363
2022/12/2 15:15,0.433546613
2022/12/2 15:30,0.425110292
2022/12/2 15:45,0.407286795
2022/12/2 16:00,0.361188644
2022/12/2 16:15,0.326625745
2022/12/2 16:30,0.300897438
2022/12/2 16:45,0.282732377
2022/12/2 17:00,0.274488681
2022/12/2 17:15,0.282493985
2022/12/2 17:30,0.339906618
2022/12/2 17:45,0.350119424
2022/12/2 18:00,0.350247112
2022/12/2 18:15,0.305993228
2022/12/2 18:30,0.270055777
2022/12/2 18:45,0.273290769
2022/12/2 19:00,0.280484571
2022/12/2 19:15,0.288359627
2022/12/2 19:30,0.294132344
2022/12/2 19:45,0.306660859
2022/12/2 20:00,0.330264215
2022/12/2 20:15,0.331834863
2022/12/2 20:30,0.309377811
2022/12/2 20:45,0.321004597
2022/12/2 21:00,0.389807166
2022/12/2 21:15,0.419073768
2022/12/2 21:30,0.397699873
2022/12/2 21:45,0.38759305
2022/12/2 22:00,0.397551998
2022/12/2 22:15,0.378294663
2022/12/2 22:30,0.290454424
2022/12/2 22:45,0.241333142
2022/12/2 23:00,0.270344972
2022/12/2 23:15,0.289840851
2022/12/2 23:30,0.277101461
2022/12/2 23:45,0.288371501
2022/12/3 0:00,0.335538275
2022/12/3 0:15,0.367100235
2022/12/3 0:30,0.357363423
2022/12/3 0:45,0.352094045
2022/12/3 1:00,0.355758818
2022/12/3 1:15,0.349370323
2022/12/3 1:30,0.322874604
2022/12/3 1:45,0.307442965
2022/12/3 2:00,0.31413884
2022/12/3 2:15,0.322368359
2022/12/3 2:30,0.333664571
2022/12/3 2:45,0.34510058
2022/12/3 3:00,0.356815665
2022/12/3 3:15,0.375479827
2022/12/3 3:30,0.408041725
2022/12/3 3:45,0.437502016
2022/12/3 4:00,0.460758806
2022/12/3 4:15,0.459054036
2022/12/3 4:30,0.407426026
2022/12/3 4:45,0.366069903
2022/12/3 5:00,0.345257634
2022/12/3 5:15,0.354997644
2022/12/3 5:30,0.425842525
2022/12/3 5:45,0.470334321
2022/12/3 6:00,0.462059352
2022/12/3 6:15,0.449653431
2022/12/3 6:30,0.428986457
2022/12/3 6:45,0.411535595
2022/12/3 7:00,0.400518075
2022/12/3 7:15,0.397718573
2022/12/3 7:30,0.411356477
2022/12/3 7:45,0.414802965
2022/12/3 8:00,0.397868201
2022/12/3 8:15,0.387456131
2022/12/3 8:30,0.390091193
2022/12/3 8:45,0.376889218
2022/12/3 9:00,0.332015023
2022/12/3 9:15,0.291047915
2022/12/3 9:30,0.257896874
2022/12/3 9:45,0.237721923
2022/12/3 10:00,0.243501033
2022/12/3 10:15,0.239425066
2022/12/3 10:30,0.215640759
2022/12/3 10:45,0.211254641
2022/12/3 11:00,0.245666602
2022/12/3 11:15,0.260508593
2022/12/3 11:30,0.236212195
2022/12/3 11:45,0.253191565
2022/12/3 12:00,0.328510442
2022/12/3 12:15,0.398799924
2022/12/3 12:30,0.41072387
2022/12/3 12:45,0.422380332
2022/12/3 13:00,0.433503182
2022/12/3 13:15,0.43219411
2022/12/3 13:30,0.406022036
2022/12/3 13:45,0.387241636
2022/12/3 14:00,0.383244881
2022/12/3 14:15,0.404350029
2022/12/3 14:30,0.506383262
2022/12/3 14:45,0.538957046
2022/12/3 15:00,0.499938505
2022/12/3 15:15,0.453569264
2022/12/3 15:30,0.443226655
2022/12/3 15:45,0.417833758
2022/12/3 16:00,0.401248356
2022/12/3 16:15,0.379629336
2022/12/3 16:30,0.325981364
2022/12/3 16:45,0.350248287
2022/12/3 17:00,0.330723337
2022/12/3 17:15,0.316225933
2022/12/3 17:30,0.326329587
2022/12/3 17:45,0.282820454
2022/12/3 18:00,0.260413282
2022/12/3 18:15,0.251841033
2022/12/3 18:30,0.230256301
2022/12/3 18:45,0.221214412
2022/12/3 19:00,0.238789776
2022/12/3 19:15,0.24514507
2022/12/3 19:30,0.220701264
2022/12/3 19:45,0.218631655
2022/12/3 20:00,0.238886928
2022/12/3 20:15,0.258776277
2022/12/3 20:30,0.265923631
2022/12/3 20:45,0.255186459
2022/12/3 21:00,0.215505839
2022/12/3 21:15,0.185708741
2022/12/3 21:30,0.17567618
2022/12/3 21:45,0.167187757
2022/12/3 22:00,0.143963421
2022/12/3 22:15,0.118996979
2022/12/3 22:30,0.115099061
2022/12/3 22:45,0.093741125
2022/12/3 23:00,0.081828237
2022/12/3 23:15,0.083335204
2022/12/3 23:30,0.101321238
2022/12/3 23:45,0.102139829
2022/12/4 0:00,0.124939303
2022/12/4 0:15,0.113942891
2022/12/4 0:30,0.102575321
2022/12/4 0:45,0.093404054
2022/12/4 1:00,0.088624019
2022/12/4 1:15,0.086442222
2022/12/4 1:30,0.089456085
2022/12/4 1:45,0.097255814
2022/12/4 2:00,0.114627117
2022/12/4 2:15,0.126453706
2022/12/4 2:30,0.127191432
2022/12/4 2:45,0.125266621
2022/12/4 3:00,0.118018037
2022/12/4 3:15,0.114947452
2022/12/4 3:30,0.120234864
2022/12/4 3:45,0.126463628
2022/12/4 4:00,0.134577708
2022/12/4 4:15,0.135466514
2022/12/4 4:30,0.121907874
2022/12/4 4:45,0.109946013
2022/12/4 5:00,0.101181154
2022/12/4 5:15,0.092113752
2022/12/4 5:30,0.08244488
2022/12/4 5:45,0.072844508
2022/12/4 6:00,0.063384754
2022/12/4 6:15,0.050994413
2022/12/4 6:30,0.032746358
2022/12/4 6:45,0.019115662
2022/12/4 7:00,0.014722846
2022/12/4 7:15,0.011788669
2022/12/4 7:30,0.010428791
2022/12/4 7:45,0.00789868
2022/12/4 8:00,0.007880609
2022/12/4 8:15,0.007860904
2022/12/4 8:30,0.00783977
2022/12/4 8:45,0.007817399
2022/12/4 9:00,0.00779396
2022/12/4 9:15,0.0077696
2022/12/4 9:30,0.007744443
2022/12/4 9:45,0.007718585
2022/12/4 10:00,0.007692095
2022/12/4 10:15,0.00766502
2022/12/4 10:30,0.007637379
2022/12/4 10:45,0.024819682
2022/12/4 11:00,0.059567092
2022/12/4 11:15,0.058273823
2022/12/4 11:30,0.054452176
2022/12/4 11:45,0.047944236
2022/12/4 12:00,0.032405964
2022/12/4 12:15,0.031288561
2022/12/4 12:30,0.051589579
2022/12/4 12:45,0.063180216
2022/12/4 13:00,0.056815022
2022/12/4 13:15,0.051519998
2022/12/4 13:30,0.050747098
2022/12/4 13:45,0.053452043
2022/12/4 14:00,0.063113186
2022/12/4 14:15,0.072859717
2022/12/4 14:30,0.082777324
2022/12/4 14:45,0.084284158
2022/12/4 15:00,0.068969592
2022/12/4 15:15,0.057431872
2022/12/4 15:30,0.05344789
2022/12/4 15:45,0.047677593
2022/12/4 16:00,0.038334663
2022/12/4 16:15,0.034633535
2022/12/4 16:30,0.042216
2022/12/4 16:45,0.050782013
2022/12/4 17:00,0.06131512
2022/12/4 17:15,0.070883321
2022/12/4 17:30,0.078521714
2022/12/4 17:45,0.085585698
2022/12/4 18:00,0.090950326
2022/12/4 18:15,0.09447749
2022/12/4 18:30,0.094329694
2022/12/4 18:45,0.091519665
2022/12/4 19:00,0.083385098
2022/12/4 19:15,0.078901356
2022/12/4 19:30,0.08171915
2022/12/4 19:45,0.083142357
2022/12/4 20:00,0.081776238
2022/12/4 20:15,0.081197274
2022/12/4 20:30,0.08219245
2022/12/4 20:45,0.080214667
2022/12/4 21:00,0.072290801
2022/12/4 21:15,0.066211691
2022/12/4 21:30,0.063821957
2022/12/4 21:45,0.063653161
2022/12/4 22:00,0.067926149
2022/12/4 22:15,0.072201127
2022/12/4 22:30,0.076480046
2022/12/4 22:45,0.082173191
2022/12/4 23:00,0.090694799
2022/12/4 23:15,0.093409556
2022/12/4 23:30,0.084510665
2022/12/4 23:45,0.077663378
2022/12/5 0:00,0.012343388
2022/12/5 0:15,0.0198848
2022/12/5 0:30,0.017430176
2022/12/5 0:45,0.024111269
2022/12/5 1:00,0.028446477
2022/12/5 1:15,0.011873916
2022/12/5 1:30,0
2022/12/5 1:45,0
2022/12/5 2:00,0
2022/12/5 2:15,0
2022/12/5 2:30,0
2022/12/5 2:45,0
2022/12/5 3:00,0
2022/12/5 3:15,0.061975248
2022/12/5 3:30,0.083895658
2022/12/5 3:45,0.069193347
2022/12/5 4:00,0.086571938
2022/12/5 4:15,0.083105836
2022/12/5 4:30,0.085505718
2022/12/5 4:45,0.116688071
2022/12/5 5:00,0.154477135
2022/12/5 5:15,0.169562934
2022/12/5 5:30,0.191412086
2022/12/5 5:45,0.212730258
2022/12/5 6:00,0.227501758
2022/12/5 6:15,0.238885085
2022/12/5 6:30,0.238390085
2022/12/5 6:45,0.237441741
2022/12/5 7:00,0.235880841
2022/12/5 7:15,0.231053657
2022/12/5 7:30,0.219382973
2022/12/5 7:45,0.205313058
2022/12/5 8:00,0.185432733
2022/12/5 8:15,0.084352307
2022/12/5 8:30,0.05617331
2022/12/5 8:45,0.053401244
2022/12/5 9:00,0.069157905
2022/12/5 9:15,0.120528976
2022/12/5 9:30,0.20392924
2022/12/5 9:45,0.222733395
2022/12/5 10:00,0.223964654
2022/12/5 10:15,0.208191148
2022/12/5 10:30,0.108697843
2022/12/5 10:45,0.177785085
2022/12/5 11:00,0.188524785
2022/12/5 11:15,0.088309604
2022/12/5 11:30,0.046037814
2022/12/5 11:45,0.023017696
2022/12/5 12:00,0.0114977
2022/12/5 12:15,0.002293592
2022/12/5 12:30,0.002815494
2022/12/5 12:45,0.002043181
2022/12/5 13:00,0
2022/12/5 13:15,0
2022/12/5 13:30,0
2022/12/5 13:45,0
2022/12/5 14:00,0
2022/12/5 14:15,0
2022/12/5 14:30,0
2022/12/5 14:45,0.007771641
2022/12/5 15:00,0.005949716
2022/12/5 15:15,0.007166202
2022/12/5 15:30,0.006659655
2022/12/5 15:45,0.005323872
2022/12/5 16:00,0.004622876
2022/12/5 16:15,0.006112414
2022/12/5 16:30,0.0072452
2022/12/5 16:45,0.008245646
2022/12/5 17:00,0.008256811
2022/12/5 17:15,0.006581888
2022/12/5 17:30,0.005507574
2022/12/5 17:45,0.007661262
2022/12/5 18:00,0.010279464
2022/12/5 18:15,0.013036613
2022/12/5 18:30,0.017475781
2022/12/5 18:45,0.022937586
2022/12/5 19:00,0.023405989
2022/12/5 19:15,0.01902242
2022/12/5 19:30,0.015004124
2022/12/5 19:45,0.019113829
2022/12/5 20:00,0.023917776
2022/12/5 20:15,0.027374082
2022/12/5 20:30,0.028569572
2022/12/5 20:45,0.024834595
2022/12/5 21:00,0.022394189
2022/12/5 21:15,0.019823538
2022/12/5 21:30,0.019987001
2022/12/5 21:45,0.017240068
2022/12/5 22:00,0.013111605
2022/12/5 22:15,0.01425893
2022/12/5 22:30,0.010510364
2022/12/5 22:45,0.012374687
2022/12/5 23:00,0.00935895
2022/12/5 23:15,0.008011365
2022/12/5 23:30,0.009873408
2022/12/5 23:45,0.010579045
2022/12/6 0:00,3.47E-18
2022/12/6 0:15,0
2022/12/6 0:30,0
2022/12/6 0:45,0
2022/12/6 1:00,0
2022/12/6 1:15,0
2022/12/6 1:30,6.94E-18
2022/12/6 1:45,0.008784162
2022/12/6 2:00,0.03576808
2022/12/6 2:15,0.049968757
2022/12/6 2:30,0.038602953
2022/12/6 2:45,0.02773813
2022/12/6 3:00,0.01787527
2022/12/6 3:15,0.014593131
2022/12/6 3:30,0.024472435
2022/12/6 3:45,0.028886989
2022/12/6 4:00,0.022372042
2022/12/6 4:15,0.019611712
2022/12/6 4:30,0.024360619
2022/12/6 4:45,0.022904814
2022/12/6 5:00,0.009039585
2022/12/6 5:15,0
2022/12/6 5:30,0
2022/12/6 5:45,0
2022/12/6 6:00,5.20E-18
2022/12/6 6:15,6.94E-18
2022/12/6 6:30,0
2022/12/6 6:45,1.73E-18
2022/12/6 7:00,1.73E-18
2022/12/6 7:15,0
2022/12/6 7:30,5.20E-18
2022/12/6 7:45,0
2022/12/6 8:00,5.20E-18
2022/12/6 8:15,0
2022/12/6 8:30,0
2022/12/6 8:45,0
2022/12/6 9:00,6.94E-18
2022/12/6 9:15,0
2022/12/6 9:30,0
2022/12/6 9:45,0
2022/12/6 10:00,0
2022/12/6 10:15,0.006463424
2022/12/6 10:30,0.019784918
2022/12/6 10:45,0.038921959
2022/12/6 11:00,0.096333081
2022/12/6 11:15,0.13125925
2022/12/6 11:30,0.12121551
2022/12/6 11:45,0.127720591
2022/12/6 12:00,0.175736323
2022/12/6 12:15,0.203581425
2022/12/6 12:30,0.217884628
2022/12/6 12:45,0.21556468
2022/12/6 13:00,0.179997362
2022/12/6 13:15,0.159708876
2022/12/6 13:30,0.16600457
2022/12/6 13:45,0.158784044
2022/12/6 14:00,0.124529116
2022/12/6 14:15,0.102003385
2022/12/6 14:30,0.102933882
2022/12/6 14:45,0.105936151
2022/12/6 15:00,0.113079742
2022/12/6 15:15,0.129067023
2022/12/6 15:30,0.162739527
2022/12/6 15:45,0.186527864
2022/12/6 16:00,0.190545853
2022/12/6 16:15,0.190501312
2022/12/6 16:30,0.182329862
2022/12/6 16:45,0.174317803
2022/12/6 17:00,0.166622833
2022/12/6 17:15,0.181571901
2022/12/6 17:30,0.241020149
2022/12/6 17:45,0.275771987
2022/12/6 18:00,0.264219558
2022/12/6 18:15,0.262680823
2022/12/6 18:30,0.281167958
2022/12/6 18:45,0.318759475
2022/12/6 19:00,0.39455822
2022/12/6 19:15,0.430195393
2022/12/6 19:30,0.385507862
2022/12/6 19:45,0.341513457
2022/12/6 20:00,0.29890375
2022/12/6 20:15,0.2671322
2022/12/6 20:30,0.254594816
2022/12/6 20:45,0.252139211
2022/12/6 21:00,0.279845282
2022/12/6 21:15,0.30074157
2022/12/6 21:30,0.308017191
2022/12/6 21:45,0.307115993
2022/12/6 22:00,0.28986038
2022/12/6 22:15,0.260427466
2022/12/6 22:30,0.206639569
2022/12/6 22:45,0.177922027
2022/12/6 23:00,0.199345256
2022/12/6 23:15,0.222902087
2022/12/6 23:30,0.250726656
2022/12/6 23:45,0.264769042
2022/12/7 0:00,0.264797142
2022/12/7 0:15,0.264422141
2022/12/7 0:30,0.286155382
2022/12/7 0:45,0.287537202
2022/12/7 1:00,0.248217337
2022/12/7 1:15,0.231929248
2022/12/7 1:30,0.261706132
2022/12/7 1:45,0.265652073
2022/12/7 2:00,0.217937756
2022/12/7 2:15,0.174385912
2022/12/7 2:30,0.139160785
2022/12/7 2:45,0.124256845
2022/12/7 3:00,0.149997142
2022/12/7 3:15,0.165026063
2022/12/7 3:30,0.158634134
2022/12/7 3:45,0.149690384
2022/12/7 4:00,0.135644881
2022/12/7 4:15,0.124823268
2022/12/7 4:30,0.120451276
2022/12/7 4:45,0.117060041
2022/12/7 5:00,0.115632074
2022/12/7 5:15,0.119519409
2022/12/7 5:30,0.134038984
2022/12/7 5:45,0.149650526
2022/12/7 6:00,0.167447497
2022/12/7 6:15,0.168429089
2022/12/7 6:30,0.135781268
2022/12/7 6:45,0.115426217
2022/12/7 7:00,0.119657894
2022/12/7 7:15,0.123273522
2022/12/7 7:30,0.125658079
2022/12/7 7:45,0.127637992
2022/12/7 8:00,0.128809485
2022/12/7 8:15,0.13378627
2022/12/7 8:30,0.146374348
2022/12/7 8:45,0.160538456
2022/12/7 9:00,0.177855172
2022/12/7 9:15,0.188807685
2022/12/7 9:30,0.187032184
2022/12/7 9:45,0.182076762
2022/12/7 10:00,0.170761738
2022/12/7 10:15,0.190584026
2022/12/7 10:30,0.272681034
2022/12/7 10:45,0.326629346
2022/12/7 11:00,0.324280234
2022/12/7 11:15,0.344858382
2022/12/7 11:30,0.411290907
2022/12/7 11:45,0.48265899
2022/12/7 12:00,0.626189191
2022/12/7 12:15,0.676292246
2022/12/7 12:30,0.667945651
2022/12/7 12:45,0.651930684
2022/12/7 13:00,0.620577399
2022/12/7 13:15,0.628477725
2022/12/7 13:30,0.714883712
2022/12/7 13:45,0.747069032
2022/12/7 14:00,0.670811437
2022/12/7 14:15,0.595496731
2022/12/7 14:30,0.522066177
2022/12/7 14:45,0.506496939
2022/12/7 15:00,0.606648646
2022/12/7 15:15,0.646690546
2022/12/7 15:30,0.566511075
2022/12/7 15:45,0.507235332
2022/12/7 16:00,0.48976522
2022/12/7 16:15,0.470758436
2022/12/7 16:30,0.448676424
2022/12/7 16:45,0.415754421
2022/12/7 17:00,0.361150515
2022/12/7 17:15,0.341906821
2022/12/7 17:30,0.393381622
2022/12/7 17:45,0.408972128
2022/12/7 18:00,0.352792146
2022/12/7 18:15,0.287220457
2022/12/7 18:30,0.202863538
2022/12/7 18:45,0.130899654
2022/12/7 19:00,0.083720159
2022/12/7 19:15,0.051484565
2022/12/7 19:30,0.037649096
2022/12/7 19:45,0.013223061
2022/12/7 20:00,0.013026512
2022/12/7 20:15,0.013221627
2022/12/7 20:30,0.014199003
2022/12/7 20:45,0.014434554
2022/12/7 21:00,0.013185604
2022/12/7 21:15,0.01134815
2022/12/7 21:30,0.008333017
2022/12/7 21:45,0.004057076
2022/12/7 22:00,0
2022/12/7 22:15,0
2022/12/7 22:30,0.032280311
2022/12/7 22:45,0.068824812
2022/12/7 23:00,0.100940686
2022/12/7 23:15,0.100872219
2022/12/7 23:30,0.108117959
2022/12/7 23:45,0.125427795
2022/12/8 0:00,0.154778168
2022/12/8 0:15,0.166645478
2022/12/8 0:30,0.142441425
2022/12/8 0:45,0.117526399
2022/12/8 1:00,0.091192132
2022/12/8 1:15,0.071100805
2022/12/8 1:30,0.063497822
2022/12/8 1:45,0.059956639
2022/12/8 2:00,0.064541253
2022/12/8 2:15,0.067548435
2022/12/8 2:30,0.067402682
2022/12/8 2:45,0.056437124
2022/12/8 3:00,0.02383364
2022/12/8 3:15,0.042391688
2022/12/8 3:30,0.163274254
2022/12/8 3:45,0.250637384
2022/12/8 4:00,0.270962896
2022/12/8 4:15,0.273080423
2022/12/8 4:30,0.238783055
2022/12/8 4:45,0.217447005
2022/12/8 5:00,0.222034503
2022/12/8 5:15,0.232649555
2022/12/8 5:30,0.255320461
2022/12/8 5:45,0.247433434
2022/12/8 6:00,0.178431123
2022/12/8 6:15,0.129456773
2022/12/8 6:30,0.120538754
2022/12/8 6:45,0.130433362
2022/12/8 7:00,0.177953459
2022/12/8 7:15,0.211398539
2022/12/8 7:30,0.21669364
2022/12/8 7:45,0.224064784
2022/12/8 8:00,0.235587896
2022/12/8 8:15,0.237763207
2022/12/8 8:30,0.221242625
2022/12/8 8:45,0.236884259
2022/12/8 9:00,0.316849863
2022/12/8 9:15,0.358868989
2022/12/8 9:30,0.324994533
2022/12/8 9:45,0.295042734
2022/12/8 10:00,0.272935467
2022/12/8 10:15,0.234093272
2022/12/8 10:30,0.161780279
2022/12/8 10:45,0.134231186
2022/12/8 11:00,0.19620879
2022/12/8 11:15,0.227698372
2022/12/8 11:30,0.198210651
2022/12/8 11:45,0.199566012
2022/12/8 12:00,0.263962867
2022/12/8 12:15,0.336457883
2022/12/8 12:30,0.430453817
2022/12/8 12:45,0.470947517
2022/12/8 13:00,0.40443636
2022/12/8 13:15,0.334499309
2022/12/8 13:30,0.257709694
2022/12/8 13:45,0.195717183
2022/12/8 14:00,0.163317739
2022/12/8 14:15,0.132393723
2022/12/8 14:30,0.104419119
2022/12/8 14:45,0.082733137
2022/12/8 15:00,0.073622744
2022/12/8 15:15,0.066824747
2022/12/8 15:30,0.06464978
2022/12/8 15:45,0.065159213
2022/12/8 16:00,0.071035698
2022/12/8 16:15,0.068431567
2022/12/8 16:30,0.048864572
2022/12/8 16:45,0.04006823
2022/12/8 17:00,0.052811757
2022/12/8 17:15,0.068493716
2022/12/8 17:30,0.090051352
2022/12/8 17:45,0.109989885
2022/12/8 18:00,0.126628123
2022/12/8 18:15,0.136330068
2022/12/8 18:30,0.13215875
2022/12/8 18:45,0.12072146
2022/12/8 19:00,0.094751734
2022/12/8 19:15,0.072188177
2022/12/8 19:30,0.056436575
2022/12/8 19:45,0.05436575
2022/12/8 20:00,0.079656129
2022/12/8 20:15,0.101737484
2022/12/8 20:30,0.117400405
2022/12/8 20:45,0.126909357
2022/12/8 21:00,0.124109893
2022/12/8 21:15,0.126468114
2022/12/8 21:30,0.139141113
2022/12/8 21:45,0.122211489
2022/12/8 22:00,0.046075907
2022/12/8 22:15,0.008494133
2022/12/8 22:30,0.048019167
2022/12/8 22:45,0.072035516
2022/12/8 23:00,0.065033613
2022/12/8 23:15,0.05860192
2022/12/8 23:30,0.053309721
2022/12/8 23:45,0.046537553
2022/12/9 0:00,0.021127246
2022/12/9 0:15,0.010251027
2022/12/9 0:30,0
2022/12/9 0:45,0
2022/12/9 1:00,0
2022/12/9 1:15,0
2022/12/9 1:30,0
2022/12/9 1:45,0
2022/12/9 2:00,0
2022/12/9 2:15,0
2022/12/9 2:30,0
2022/12/9 2:45,0
2022/12/9 3:00,0
2022/12/9 3:15,0
2022/12/9 3:30,0
2022/12/9 3:45,0
2022/12/9 4:00,0
2022/12/9 4:15,0
2022/12/9 4:30,0
2022/12/9 4:45,0
2022/12/9 5:00,0
2022/12/9 5:15,0
2022/12/9 5:30,0
2022/12/9 5:45,0
2022/12/9 6:00,0
2022/12/9 6:15,0
2022/12/9 6:30,0
2022/12/9 6:45,0
2022/12/9 7:00,0
2022/12/9 7:15,0
2022/12/9 7:30,0
2022/12/9 7:45,0
2022/12/9 8:00,0.007967282
2022/12/9 8:15,0.004177369
2022/12/9 8:30,0
2022/12/9 8:45,0
2022/12/9 9:00,0
2022/12/9 9:15,0
2022/12/9 9:30,0
2022/12/9 9:45,0
2022/12/9 10:00,0
2022/12/9 10:15,0.005189815
2022/12/9 10:30,0.006105439
2022/12/9 10:45,0.021054424
2022/12/9 11:00,0.024068652
2022/12/9 11:15,0.048020108
2022/12/9 11:30,0.064464
2022/12/9 11:45,0.063641377
2022/12/9 12:00,0.027502811
2022/12/9 12:15,0.02774708
2022/12/9 12:30,0.029663411
2022/12/9 12:45,0.030654364
2022/12/9 13:00,0.029795991
2022/12/9 13:15,0.027330939
2022/12/9 13:30,0.021654452
2022/12/9 13:45,0.017655325
2022/12/9 14:00,0.017013425
2022/12/9 14:15,0.016569812
2022/12/9 14:30,0.01652595
2022/12/9 14:45,0.016671114
2022/12/9 15:00,0.017198223
2022/12/9 15:15,0.041018115
2022/12/9 15:30,0.111996471
2022/12/9 15:45,0.143850243
2022/12/9 16:00,0.097460118
2022/12/9 16:15,0.062847926
2022/12/9 16:30,0.051797419
2022/12/9 16:45,0.041670175
2022/12/9 17:00,0.03339565
2022/12/9 17:15,0.026421352
2022/12/9 17:30,0.020068782
2022/12/9 17:45,0.012532674
2022/12/9 18:00,0.010043247
2022/12/9 18:15,0.008765324
2022/12/9 18:30,0.009916334
2022/12/9 18:45,0.009650982
2022/12/9 19:00,0.006558309
2022/12/9 19:15,0.004480327
2022/12/9 19:30,0.003806346
2022/12/9 19:45,0.002518331
2022/12/9 20:00,0.002467525
2022/12/9 20:15,0.002413759
2022/12/9 20:30,0.002357349
2022/12/9 20:45,0.002298579
2022/12/9 21:00,0.002237709
2022/12/9 21:15,0.002174962
2022/12/9 21:30,0.002110534
2022/12/9 21:45,0.002044591
2022/12/9 22:00,0.00197727
2022/12/9 22:15,0.001908685
2022/12/9 22:30,0.001838932
2022/12/9 22:45,0.001768088
2022/12/9 23:00,0.00169622
2022/12/9 23:15,0.003832307
2022/12/9 23:30,0.008215866
2022/12/9 23:45,0.009082923
2022/12/10 0:00,0
2022/12/10 0:15,0
2022/12/10 0:30,0
2022/12/10 0:45,0
2022/12/10 1:00,8.70E-06
2022/12/10 1:15,1.48E-05
2022/12/10 1:30,1.71E-05
2022/12/10 1:45,1.53E-05
2022/12/10 2:00,0.006185429
2022/12/10 2:15,0.006730127
2022/12/10 2:30,0.009352059
2022/12/10 2:45,0.009940222
2022/12/10 3:00,0.008616224
2022/12/10 3:15,0.010886321
2022/12/10 3:30,0.008924355
2022/12/10 3:45,0.008892104
2022/12/10 4:00,0.007744957
2022/12/10 4:15,0.004467158
2022/12/10 4:30,0.005324868
2022/12/10 4:45,0.005598994
2022/12/10 5:00,0.010790499
2022/12/10 5:15,0.011560053
2022/12/10 5:30,0.00754393
2022/12/10 5:45,0.034097842
2022/12/10 6:00,0.088557334
2022/12/10 6:15,0.091740729
2022/12/10 6:30,0.107873471
2022/12/10 6:45,0.111717407
2022/12/10 7:00,0.113524237
2022/12/10 7:15,0.113734431
2022/12/10 7:30,0.113585628
2022/12/10 7:45,0.122487251
2022/12/10 8:00,0.121880793
2022/12/10 8:15,0.12842559
2022/12/10 8:30,0.155369881
2022/12/10 8:45,0.124199108
2022/12/10 9:00,0.109951464
2022/12/10 9:15,0.142581392
2022/12/10 9:30,0.148361892
2022/12/10 9:45,0.14691645
2022/12/10 10:00,0.07940499
2022/12/10 10:15,0.064194931
2022/12/10 10:30,0.074841592
2022/12/10 10:45,0.105429731
2022/12/10 11:00,0.116603733
2022/12/10 11:15,0.134570484
2022/12/10 11:30,0.090748797
2022/12/10 11:45,0.062574497
2022/12/10 12:00,0.047042359
2022/12/10 12:15,0.03513969
2022/12/10 12:30,0.031160419
2022/12/10 12:45,0.026228341
2022/12/10 13:00,0.019389316
2022/12/10 13:15,0.062380795
2022/12/10 13:30,0.157621314
2022/12/10 13:45,0.15371493
2022/12/10 14:00,0.143288017
2022/12/10 14:15,0.13841433
2022/12/10 14:30,0.144646322
2022/12/10 14:45,0.146134792
2022/12/10 15:00,0.138135664
2022/12/10 15:15,0.12419265
2022/12/10 15:30,0.095572691
2022/12/10 15:45,0.070443781
2022/12/10 16:00,0.063392951
2022/12/10 16:15,0.053224366
2022/12/10 16:30,0.036820277
2022/12/10 16:45,0.020429873
2022/12/10 17:00,0.004066951
2022/12/10 17:15,0
2022/12/10 17:30,0
2022/12/10 17:45,0
2022/12/10 18:00,0
2022/12/10 18:15,0
2022/12/10 18:30,0
2022/12/10 18:45,0
2022/12/10 19:00,0
2022/12/10 19:15,0
2022/12/10 19:30,0
2022/12/10 19:45,0
2022/12/10 20:00,0
2022/12/10 20:15,0
2022/12/10 20:30,0
2022/12/10 20:45,0.017402069
2022/12/10 21:00,0.064476754
2022/12/10 21:15,0.063385927
2022/12/10 21:30,0.056452443
2022/12/10 21:45,0.048360125
2022/12/10 22:00,0.049811373
2022/12/10 22:15,0.044304113
2022/12/10 22:30,0.040635719
2022/12/10 22:45,0.041688049
2022/12/10 23:00,0.052181147
2022/12/10 23:15,0.057775641
2022/12/10 23:30,0.053572102
2022/12/10 23:45,0.056062899
2022/12/11 0:00,0.161488307
2022/12/11 0:15,0.165667577
2022/12/11 0:30,0.153148879
2022/12/11 0:45,0.14796634
2022/12/11 1:00,0.155510399
2022/12/11 1:15,0.150606842
2022/12/11 1:30,0.132750115
2022/12/11 1:45,0.107051761
2022/12/11 2:00,0.087386382
2022/12/11 2:15,0.087043772
2022/12/11 2:30,0.141342764
2022/12/11 2:45,0.1746842
2022/12/11 3:00,0.173605145
2022/12/11 3:15,0.154411992
2022/12/11 3:30,0.063442246
2022/12/11 3:45,0.023144375
2022/12/11 4:00,0.03070938
2022/12/11 4:15,0.05285951
2022/12/11 4:30,0.077802105
2022/12/11 4:45,0.088909352
2022/12/11 5:00,0.102739822
2022/12/11 5:15,0.090875886
2022/12/11 5:30,0.095317237
2022/12/11 5:45,0.085159302
2022/12/11 6:00,0.082397842
2022/12/11 6:15,0.070868031
2022/12/11 6:30,0.107861854
2022/12/11 6:45,0.122637678
2022/12/11 7:00,0.138455967
2022/12/11 7:15,0.132438204
2022/12/11 7:30,0.126491678
2022/12/11 7:45,0.14371887
2022/12/11 8:00,0.181683465
2022/12/11 8:15,0.208281374
2022/12/11 8:30,0.19592792
2022/12/11 8:45,0.183623149
2022/12/11 9:00,0.16184938
2022/12/11 9:15,0.154807857
2022/12/11 9:30,0.174953222
2022/12/11 9:45,0.175244642
2022/12/11 10:00,0.14609387
2022/12/11 10:15,0.120551218
2022/12/11 10:30,0.106068302
2022/12/11 10:45,0.091739793
2022/12/11 11:00,0.089552462
2022/12/11 11:15,0.090424907
2022/12/11 11:30,0.082557922
2022/12/11 11:45,0.08432955
2022/12/11 12:00,0.105719459
2022/12/11 12:15,0.115214592
2022/12/11 12:30,0.089110339
2022/12/11 12:45,0.073697442
2022/12/11 13:00,0.079669579
2022/12/11 13:15,0.095858022
2022/12/11 13:30,0.132481888
2022/12/11 13:45,0.171967356
2022/12/11 14:00,0.217179331
2022/12/11 14:15,0.245021496
2022/12/11 14:30,0.238187008
2022/12/11 14:45,0.262709071
2022/12/11 15:00,0.349948417
2022/12/11 15:15,0.396062183
2022/12/11 15:30,0.352153883
2022/12/11 15:45,0.319665913
2022/12/11 16:00,0.326902947
2022/12/11 16:15,0.303674613
2022/12/11 16:30,0.276408024
2022/12/11 16:45,0.236405854
2022/12/11 17:00,0.170937091
2022/12/11 17:15,0.143144733
2022/12/11 17:30,0.190709467
2022/12/11 17:45,0.220898287
2022/12/11 18:00,0.216339143
2022/12/11 18:15,0.225986288
2022/12/11 18:30,0.26370996
2022/12/11 18:45,0.273689547
2022/12/11 19:00,0.228183723
2022/12/11 19:15,0.196298267
2022/12/11 19:30,0.191655686
2022/12/11 19:45,0.20087384
2022/12/11 20:00,0.237814972
2022/12/11 20:15,0.246364664
2022/12/11 20:30,0.198132367
2022/12/11 20:45,0.168620595
2022/12/11 21:00,0.170707892
2022/12/11 21:15,0.158138705
2022/12/11 21:30,0.139625515
2022/12/11 21:45,0.123287725
2022/12/11 22:00,0.111300036
2022/12/11 22:15,0.102448884
2022/12/11 22:30,0.099869689
2022/12/11 22:45,0.094031369
2022/12/11 23:00,0.081673312
2022/12/11 23:15,0.076036909
2022/12/11 23:30,0.083425663
2022/12/11 23:45,0.094004347
2022/12/12 0:00,0.18503022
2022/12/12 0:15,0.197854947
2022/12/12 0:30,0.211980531
2022/12/12 0:45,0.226987455
2022/12/12 1:00,0.243756773
2022/12/12 1:15,0.246867468
2022/12/12 1:30,0.202387418
2022/12/12 1:45,0.12156345
2022/12/12 2:00,0.057818403
2022/12/12 2:15,0.043171367
2022/12/12 2:30,0.12668069
2022/12/12 2:45,0.187050832
2022/12/12 3:00,0.201142586
2022/12/12 3:15,0.230915553
2022/12/12 3:30,0.309557658
2022/12/12 3:45,0.385177503
2022/12/12 4:00,0.454753356
2022/12/12 4:15,0.502310436
2022/12/12 4:30,0.50583084
2022/12/12 4:45,0.527362189
2022/12/12 5:00,0.584916643
2022/12/12 5:15,0.627338869
2022/12/12 5:30,0.639498156
2022/12/12 5:45,0.629439737
2022/12/12 6:00,0.574947642
2022/12/12 6:15,0.55497036
2022/12/12 6:30,0.60402454
2022/12/12 6:45,0.636543115
2022/12/12 7:00,0.635992278
2022/12/12 7:15,0.636392404
2022/12/12 7:30,0.638696073
2022/12/12 7:45,0.65817803
2022/12/12 8:00,0.712017868
2022/12/12 8:15,0.740893731
2022/12/12 8:30,0.719842533
2022/12/12 8:45,0.69991121
2022/12/12 9:00,0.68222004
2022/12/12 9:15,0.716821341
2022/12/12 9:30,0.856007476
2022/12/12 9:45,0.953215821
2022/12/12 10:00,0.966467985
2022/12/12 10:15,0.931641648
2022/12/12 10:30,0.80065727
2022/12/12 10:45,0.713803212
2022/12/12 11:00,0.71520838
2022/12/12 11:15,0.706993353
2022/12/12 11:30,0.679536226
2022/12/12 11:45,0.688153305
2022/12/12 12:00,0.711442359
2022/12/12 12:15,0.765125258
2022/12/12 12:30,0.786053869
2022/12/12 12:45,0.78920823
2022/12/12 13:00,0.756813417
2022/12/12 13:15,0.747440303
2022/12/12 13:30,0.784109607
2022/12/12 13:45,0.786554534
2022/12/12 14:00,0.720549442
2022/12/12 14:15,0.678491608
2022/12/12 14:30,0.684326746
2022/12/12 14:45,0.692766506
2022/12/12 15:00,0.706413698
2022/12/12 15:15,0.715297924
2022/12/12 15:30,0.714654158
2022/12/12 15:45,0.719080121
2022/12/12 16:00,0.733658334
2022/12/12 16:15,0.649775448
2022/12/12 16:30,0.368907598
2022/12/12 16:45,0.257454994
2022/12/12 17:00,0.48483029
2022/12/12 17:15,0.641422542
2022/12/12 17:30,0.656446058
2022/12/12 17:45,0.678816507
2022/12/12 18:00,0.715878194
2022/12/12 18:15,0.725212519
2022/12/12 18:30,0.679089591
2022/12/12 18:45,0.673415179
2022/12/12 19:00,0.748635443
2022/12/12 19:15,0.798789783
2022/12/12 19:30,0.545230384
2022/12/12 19:45,0.296560386
2022/12/12 20:00,0.813518951
2022/12/12 20:15,0.792822155
2022/12/12 20:30,0.730682902
2022/12/12 20:45,0.691927578
2022/12/12 21:00,0.699938828
2022/12/12 21:15,0.710673054
2022/12/12 21:30,0.726852209
2022/12/12 21:45,0.703215227
2022/12/12 22:00,0.599945185
2022/12/12 22:15,0.523052774
2022/12/12 22:30,0.498915054
2022/12/12 22:45,0.502195668
2022/12/12 23:00,0.560312567
2022/12/12 23:15,0.601663086
2022/12/12 23:30,0.609480627
2022/12/12 23:45,0.605554522
2022/12/13 0:00,0.591932631
2022/12/13 0:15,0.551740806
2022/12/13 0:30,0.538697908
2022/12/13 0:45,0.553339806
2022/12/13 1:00,0.529545982
2022/12/13 1:15,0.519078312
2022/12/13 1:30,0.553876927
2022/12/13 1:45,0.558249527
2022/12/13 2:00,0.523862026
2022/12/13 2:15,0.474411498
2022/12/13 2:30,0.45214804
2022/12/13 2:45,0.416292909
2022/12/13 3:00,0.369302872
2022/12/13 3:15,0.345577419
2022/12/13 3:30,0.320367235
2022/12/13 3:45,0.329631796
2022/12/13 4:00,0.381325256
2022/12/13 4:15,0.39732001
2022/12/13 4:30,0.3648899
2022/12/13 4:45,0.33033404
2022/12/13 5:00,0.304574865
2022/12/13 5:15,0.273993125
2022/12/13 5:30,0.220243711
2022/12/13 5:45,0.178555708
2022/12/13 6:00,0.152889097
2022/12/13 6:15,0.169931192
2022/12/13 6:30,0.192733962
2022/12/13 6:45,0.2305828
2022/12/13 7:00,0.241537384
2022/12/13 7:15,0.228611825
2022/12/13 7:30,0.220229498
2022/12/13 7:45,0.196728444
2022/12/13 8:00,0.198202654
2022/12/13 8:15,0.180346115
2022/12/13 8:30,0.150904611
2022/12/13 8:45,0.138401013
2022/12/13 9:00,0.140073247
2022/12/13 9:15,0.162190343
2022/12/13 9:30,0.156719971
2022/12/13 9:45,0.175587659
2022/12/13 10:00,0.172342197
2022/12/13 10:15,0.170874355
2022/12/13 10:30,0.181953535
2022/12/13 10:45,0.177717203
2022/12/13 11:00,0.200412959
2022/12/13 11:15,0.20158458
2022/12/13 11:30,0.179844586
2022/12/13 11:45,0.177405961
2022/12/13 12:00,0.121885989
2022/12/13 12:15,0.138751881
2022/12/13 12:30,0.122984912
2022/12/13 12:45,0.118099877
2022/12/13 13:00,0.134979395
2022/12/13 13:15,0.146256784
2022/12/13 13:30,0.146330305
2022/12/13 13:45,0.1490957
2022/12/13 14:00,0.15724493
2022/12/13 14:15,0.157167886
2022/12/13 14:30,0.140638082
2022/12/13 14:45,0.128670641
2022/12/13 15:00,0.125827445
2022/12/13 15:15,0.122542914
2022/12/13 15:30,0.11837501
2022/12/13 15:45,0.110982778
2022/12/13 16:00,0.09714102
2022/12/13 16:15,0.084002402
2022/12/13 16:30,0.072269089
2022/12/13 16:45,0.065060771
2022/12/13 17:00,0.066901411
2022/12/13 17:15,0.063394873
2022/12/13 17:30,0.049192929
2022/12/13 17:45,0.040621309
2022/12/13 18:00,0.043309296
2022/12/13 18:15,0.044447658
2022/12/13 18:30,0.042485755
2022/12/13 18:45,0.041654951
2022/12/13 19:00,0.043085349
2022/12/13 19:15,0.040528929
2022/12/13 19:30,0.029997897
2022/12/13 19:45,0.026769757
2022/12/13 20:00,0.038146441
2022/12/13 20:15,0.051473942
2022/12/13 20:30,0.068702128
2022/12/13 20:45,0.081910766
2022/12/13 21:00,0.087079377
2022/12/13 21:15,0.082271756
2022/12/13 21:30,0.057510782
2022/12/13 21:45,0.041666522
2022/12/13 22:00,0.043654861
2022/12/13 22:15,0.044159144
2022/12/13 22:30,0.041694572
2022/12/13 22:45,0.044932336
2022/12/13 23:00,0.059574135
2022/12/13 23:15,0.067036137
2022/12/13 23:30,0.060138027
2022/12/13 23:45,0.056529625
2022/12/14 0:00,0.011977425
2022/12/14 0:15,0.007486343
2022/12/14 0:30,0.006717369
2022/12/14 0:45,0.023578092
2022/12/14 1:00,0.059568414
2022/12/14 1:15,0.059555318
2022/12/14 1:30,0.054182725
2022/12/14 1:45,0.044218852
2022/12/14 2:00,0.025072167
2022/12/14 2:15,0.011295618
2022/12/14 2:30,0.008259383
2022/12/14 2:45,0.007684692
2022/12/14 3:00,0.011465199
2022/12/14 3:15,0.01398839
2022/12/14 3:30,0.022203263
2022/12/14 3:45,0.019737051
2022/12/14 4:00,0.016665137
2022/12/14 4:15,0.02714363
2022/12/14 4:30,0.026042066
2022/12/14 4:45,0.026620216
2022/12/14 5:00,0.022093051
2022/12/14 5:15,0.015989592
2022/12/14 5:30,0.029017356
2022/12/14 5:45,0.023105523
2022/12/14 6:00,0.030316824
2022/12/14 6:15,0.032008829
2022/12/14 6:30,0.029412128
2022/12/14 6:45,0.01912747
2022/12/14 7:00,0.030314302
2022/12/14 7:15,0.028848106
2022/12/14 7:30,0.023261184
2022/12/14 7:45,0.0452136
2022/12/14 8:00,0.075066459
2022/12/14 8:15,0.082734667
2022/12/14 8:30,0.096666637
2022/12/14 8:45,0.096188341
2022/12/14 9:00,0.083534938
2022/12/14 9:15,0.07475597
2022/12/14 9:30,0.075924789
2022/12/14 9:45,0.075536984
2022/12/14 10:00,0.076155477
2022/12/14 10:15,0.077468048
2022/12/14 10:30,0.081896402
2022/12/14 10:45,0.079094177
2022/12/14 11:00,0.063442891
2022/12/14 11:15,0.049935616
2022/12/14 11:30,0.045024092
2022/12/14 11:45,0.03837188
2022/12/14 12:00,0.007476986
2022/12/14 12:15,0.003205784
2022/12/14 12:30,0.000513664
2022/12/14 12:45,0.001002883
2022/12/14 13:00,0.007852932
2022/12/14 13:15,0.010390867
2022/12/14 13:30,0.004302773
2022/12/14 13:45,0
2022/12/14 14:00,0
2022/12/14 14:15,0
2022/12/14 14:30,0
2022/12/14 14:45,0
2022/12/14 15:00,0.000477318
2022/12/14 15:15,0.005156589
2022/12/14 15:30,0.011228906
2022/12/14 15:45,0.013452143
2022/12/14 16:00,0.007977281
2022/12/14 16:15,0.003839188
2022/12/14 16:30,0.002375179
2022/12/14 16:45,0.002757846
2022/12/14 17:00,0.006834845
2022/12/14 17:15,0.00866552
2022/12/14 17:30,0.006004881
2022/12/14 17:45,0.004641977
2022/12/14 18:00,0.005876126
2022/12/14 18:15,0.007071292
2022/12/14 18:30,0.008190211
2022/12/14 18:45,0.007938478
2022/12/14 19:00,0.00494717
2022/12/14 19:15,0.00262074
2022/12/14 19:30,0.001625692
2022/12/14 19:45,0
2022/12/14 20:00,0
2022/12/14 20:15,0
2022/12/14 20:30,0
2022/12/14 20:45,0
2022/12/14 21:00,0
2022/12/14 21:15,0
2022/12/14 21:30,0
2022/12/14 21:45,0
2022/12/14 22:00,0
2022/12/14 22:15,0
2022/12/14 22:30,0.000594852
2022/12/14 22:45,0.008422416
2022/12/14 23:00,0.019574642
2022/12/14 23:15,0.031103826
2022/12/14 23:30,0.043387372
2022/12/14 23:45,0.048107434
2022/12/15 0:00,0.004340737
2022/12/15 0:15,0.003503412
2022/12/15 0:30,0.00722632
2022/12/15 0:45,0.008843443
2022/12/15 1:00,0.006247114
2022/12/15 1:15,0.005326264
2022/12/15 1:30,0.007754098
2022/12/15 1:45,0.00868688
2022/12/15 2:00,0.006627007
2022/12/15 2:15,0.00945551
2022/12/15 2:30,0.02205804
2022/12/15 2:45,0.029258405
2022/12/15 3:00,0.02565162
2022/12/15 3:15,0.022351473
2022/12/15 3:30,0.019661739
2022/12/15 3:45,0.023753039
2022/12/15 4:00,0.041403527
2022/12/15 4:15,0.058890815
2022/12/15 4:30,0.076048823
2022/12/15 4:45,0.079994442
2022/12/15 5:00,0.0575124
2022/12/15 5:15,0.0379489
2022/12/15 5:30,0.024219601
2022/12/15 5:45,0.019600385
2022/12/15 6:00,0.03319846
2022/12/15 6:15,0.039724127
2022/12/15 6:30,0.032102122
2022/12/15 6:45,0.023555681
2022/12/15 7:00,0.013157561
2022/12/15 7:15,0.00621745
2022/12/15 7:30,0.002361907
2022/12/15 7:45,0
2022/12/15 8:00,0
2022/12/15 8:15,0
2022/12/15 8:30,0
2022/12/15 8:45,0
2022/12/15 9:00,0.001829226
2022/12/15 9:15,0.0030775
2022/12/15 9:30,0
2022/12/15 9:45,0
2022/12/15 10:00,0
2022/12/15 10:15,0
2022/12/15 10:30,0
2022/12/15 10:45,0
2022/12/15 11:00,0
2022/12/15 11:15,0
2022/12/15 11:30,0
2022/12/15 11:45,0
2022/12/15 12:00,0
2022/12/15 12:15,0
2022/12/15 12:30,0
2022/12/15 12:45,0
2022/12/15 13:00,0
2022/12/15 13:15,0
2022/12/15 13:30,0
2022/12/15 13:45,0
2022/12/15 14:00,0
2022/12/15 14:15,0
2022/12/15 14:30,0
2022/12/15 14:45,0
2022/12/15 15:00,0
2022/12/15 15:15,0
2022/12/15 15:30,0.006398463
2022/12/15 15:45,0.008586806
2022/12/15 16:00,0.015158595
2022/12/15 16:15,0.021532849
2022/12/15 16:30,0.027513126
2022/12/15 16:45,0.032391504
2022/12/15 17:00,0.035067407
2022/12/15 17:15,0.037425555
2022/12/15 17:30,0.039149655
2022/12/15 17:45,0.040618442
2022/12/15 18:00,0.041578129
2022/12/15 18:15,0.043120237
2022/12/15 18:30,0.04582873
2022/12/15 18:45,0.041785799
2022/12/15 19:00,0.024241565
2022/12/15 19:15,0.012410335
2022/12/15 19:30,0.012006668
2022/12/15 19:45,0.01548523
2022/12/15 20:00,0.026729844
2022/12/15 20:15,0.035876504
2022/12/15 20:30,0.040828925
2022/12/15 20:45,0.041692727
2022/12/15 21:00,0.034381066
2022/12/15 21:15,0.02787657
2022/12/15 21:30,0.022988307
2022/12/15 21:45,0.019610212
2022/12/15 22:00,0.019254488
2022/12/15 22:15,0.020721575
2022/12/15 22:30,0.025836444
2022/12/15 22:45,0.026269717
2022/12/15 23:00,0.017342055
2022/12/15 23:15,0.010907377
2022/12/15 23:30,0.009461007
2022/12/15 23:45,0.007550755
2022/12/16 0:00,0
2022/12/16 0:15,0
2022/12/16 0:30,0
2022/12/16 0:45,0
2022/12/16 1:00,0
2022/12/16 1:15,0
2022/12/16 1:30,0
2022/12/16 1:45,0
2022/12/16 2:00,0
2022/12/16 2:15,0
2022/12/16 2:30,0
2022/12/16 2:45,0
2022/12/16 3:00,0
2022/12/16 3:15,0
2022/12/16 3:30,0
2022/12/16 3:45,0
2022/12/16 4:00,0
2022/12/16 4:15,0
2022/12/16 4:30,0
2022/12/16 4:45,0
2022/12/16 5:00,0
2022/12/16 5:15,0
2022/12/16 5:30,0
2022/12/16 5:45,0
2022/12/16 6:00,0
2022/12/16 6:15,0
2022/12/16 6:30,0.024630909
2022/12/16 6:45,0.053691533
2022/12/16 7:00,0.074156958
2022/12/16 7:15,0.089294421
2022/12/16 7:30,0.089282519
2022/12/16 7:45,0.089706723
2022/12/16 8:00,0.108922924
2022/12/16 8:15,0.123249762
2022/12/16 8:30,0.127859211
2022/12/16 8:45,0.121999381
2022/12/16 9:00,0.095200656
2022/12/16 9:15,0.082915075
2022/12/16 9:30,0.099654964
2022/12/16 9:45,0.105305303
2022/12/16 10:00,0.088775294
2022/12/16 10:15,0.0716769
2022/12/16 10:30,0.053440112
2022/12/16 10:45,0.038232083
2022/12/16 11:00,0.029079644
2022/12/16 11:15,0.019059599
2022/12/16 11:30,0.007302173
2022/12/16 11:45,0
2022/12/16 12:00,0
2022/12/16 12:15,0
2022/12/16 12:30,0
2022/12/16 12:45,0
2022/12/16 13:00,0
2022/12/16 13:15,0
2022/12/16 13:30,0.051037777
2022/12/16 13:45,0.044570164
2022/12/16 14:00,0.025284714
2022/12/16 14:15,0.010867407
2022/12/16 14:30,0.006182169
2022/12/16 14:45,0
2022/12/16 15:00,0
2022/12/16 15:15,0
2022/12/16 15:30,0
2022/12/16 15:45,0
2022/12/16 16:00,0
2022/12/16 16:15,0
2022/12/16 16:30,0
2022/12/16 16:45,0
2022/12/16 17:00,0
2022/12/16 17:15,0
2022/12/16 17:30,0
2022/12/16 17:45,0
2022/12/16 18:00,0
2022/12/16 18:15,0
2022/12/16 18:30,0
2022/12/16 18:45,0
2022/12/16 19:00,0
2022/12/16 19:15,0
2022/12/16 19:30,0
2022/12/16 19:45,0
2022/12/16 20:00,0
2022/12/16 20:15,0
2022/12/16 20:30,0
2022/12/16 20:45,0
2022/12/16 21:00,0
2022/12/16 21:15,0
2022/12/16 21:30,0
2022/12/16 21:45,0
2022/12/16 22:00,0
2022/12/16 22:15,0
2022/12/16 22:30,0.005060675
2022/12/16 22:45,0
2022/12/16 23:00,0
2022/12/16 23:15,0.004465229
2022/12/16 23:30,0.029115911
2022/12/16 23:45,0.02442724
2022/12/17 0:00,0
2022/12/17 0:15,0
2022/12/17 0:30,0
2022/12/17 0:45,0
2022/12/17 1:00,0
2022/12/17 1:15,0
2022/12/17 1:30,0
2022/12/17 1:45,0
2022/12/17 2:00,0
2022/12/17 2:15,0
2022/12/17 2:30,0
2022/12/17 2:45,0
2022/12/17 3:00,0
2022/12/17 3:15,0
2022/12/17 3:30,0
2022/12/17 3:45,0
2022/12/17 4:00,0
2022/12/17 4:15,0
2022/12/17 4:30,0
2022/12/17 4:45,0
2022/12/17 5:00,0.001535891
2022/12/17 5:15,0.015545814
2022/12/17 5:30,0.025535987
2022/12/17 5:45,0.033843357
2022/12/17 6:00,0.03878873
2022/12/17 6:15,0.050324155
2022/12/17 6:30,0.0750435
2022/12/17 6:45,0.08814439
2022/12/17 7:00,0.078012238
2022/12/17 7:15,0.071110884
2022/12/17 7:30,0.070674895
2022/12/17 7:45,0.07139784
2022/12/17 8:00,0.074442208
2022/12/17 8:15,0.08025531
2022/12/17 8:30,0.091609149
2022/12/17 8:45,0.098023516
2022/12/17 9:00,0.094561884
2022/12/17 9:15,0.096049507
2022/12/17 9:30,0.107438253
2022/12/17 9:45,0.116152657
2022/12/17 10:00,0.119520669
2022/12/17 10:15,0.111509166
2022/12/17 10:30,0.080740629
2022/12/17 10:45,0.056401658
2022/12/17 11:00,0.044287077
2022/12/17 11:15,0.036906056
2022/12/17 11:30,0.03846791
2022/12/17 11:45,0.03042019
2022/12/17 12:00,0.026482907
2022/12/17 12:15,0.016822972
2022/12/17 12:30,0.022520913
2022/12/17 12:45,0.032033692
2022/12/17 13:00,0.049174573
2022/12/17 13:15,0.062669913
2022/12/17 13:30,0.061581495
2022/12/17 13:45,0.047004714
2022/12/17 14:00,0.034556172
2022/12/17 14:15,0.03038238
2022/12/17 14:30,0.037887935
2022/12/17 14:45,0.028524706
2022/12/17 15:00,0.005138438
2022/12/17 15:15,0
2022/12/17 15:30,0
2022/12/17 15:45,0
2022/12/17 16:00,0
2022/12/17 16:15,0
2022/12/17 16:30,0
2022/12/17 16:45,0.004624933
2022/12/17 17:00,0
2022/12/17 17:15,0
2022/12/17 17:30,0
2022/12/17 17:45,0
2022/12/17 18:00,0
2022/12/17 18:15,0
2022/12/17 18:30,0
2022/12/17 18:45,0.01110928
2022/12/17 19:00,0.0313184
2022/12/17 19:15,0.033179455
2022/12/17 19:30,0
2022/12/17 19:45,0
2022/12/17 20:00,0
2022/12/17 20:15,0
2022/12/17 20:30,0
2022/12/17 20:45,0
2022/12/17 21:00,0
2022/12/17 21:15,0
2022/12/17 21:30,0
2022/12/17 21:45,0
2022/12/17 22:00,0
2022/12/17 22:15,0
2022/12/17 22:30,0
2022/12/17 22:45,0
2022/12/17 23:00,0
2022/12/17 23:15,0
2022/12/17 23:30,0
2022/12/17 23:45,0
2022/12/18 0:00,0
2022/12/18 0:15,0
2022/12/18 0:30,0
2022/12/18 0:45,0
2022/12/18 1:00,0
2022/12/18 1:15,0
2022/12/18 1:30,0
2022/12/18 1:45,0
2022/12/18 2:00,0
2022/12/18 2:15,0
2022/12/18 2:30,0
2022/12/18 2:45,0
2022/12/18 3:00,0
2022/12/18 3:15,0
2022/12/18 3:30,0
2022/12/18 3:45,0
2022/12/18 4:00,0
2022/12/18 4:15,0
2022/12/18 4:30,0
2022/12/18 4:45,0
2022/12/18 5:00,0
2022/12/18 5:15,0
2022/12/18 5:30,0
2022/12/18 5:45,0
2022/12/18 6:00,0
2022/12/18 6:15,0.002943761
2022/12/18 6:30,0.031683418
2022/12/18 6:45,0.064352616
2022/12/18 7:00,0.104992994
2022/12/18 7:15,0.12850776
2022/12/18 7:30,0.117774855
2022/12/18 7:45,0.114084243
2022/12/18 8:00,0.124481834
2022/12/18 8:15,0.128195302
2022/12/18 8:30,0.118544061
2022/12/18 8:45,0.117699459
2022/12/18 9:00,0.134471471
2022/12/18 9:15,0.145709574
2022/12/18 9:30,0.145882889
2022/12/18 9:45,0.135141366
2022/12/18 10:00,0.10257282
2022/12/18 10:15,0.072136097
2022/12/18 10:30,0.045965245
2022/12/18 10:45,0.026885274
2022/12/18 11:00,0.021456078
2022/12/18 11:15,0.027925315
2022/12/18 11:30,0.047519563
2022/12/18 11:45,0.047104881
2022/12/18 12:00,0
2022/12/18 12:15,0
2022/12/18 12:30,0
2022/12/18 12:45,0
2022/12/18 13:00,0
2022/12/18 13:15,0
2022/12/18 13:30,0
2022/12/18 13:45,0
2022/12/18 14:00,0
2022/12/18 14:15,0
2022/12/18 14:30,0.021279796
2022/12/18 14:45,0.040084357
2022/12/18 15:00,0.059799622
2022/12/18 15:15,0.057496712
2022/12/18 15:30,0.061884834
2022/12/18 15:45,0.054296242
2022/12/18 16:00,0.061661879
2022/12/18 16:15,0.061831206
2022/12/18 16:30,0.025646066
2022/12/18 16:45,0.05393579
2022/12/18 17:00,0.011553771
2022/12/18 17:15,0
2022/12/18 17:30,0.035214747
2022/12/18 17:45,0.014897126
2022/12/18 18:00,0
2022/12/18 18:15,0
2022/12/18 18:30,0
2022/12/18 18:45,0
2022/12/18 19:00,0
2022/12/18 19:15,0
2022/12/18 19:30,0
2022/12/18 19:45,0
2022/12/18 20:00,0
2022/12/18 20:15,0
2022/12/18 20:30,0
2022/12/18 20:45,0
2022/12/18 21:00,0
2022/12/18 21:15,0
2022/12/18 21:30,0
2022/12/18 21:45,0
2022/12/18 22:00,0
2022/12/18 22:15,0
2022/12/18 22:30,0
2022/12/18 22:45,0
2022/12/18 23:00,0
2022/12/18 23:15,0
2022/12/18 23:30,0
2022/12/18 23:45,0
2022/12/19 0:00,0
2022/12/19 0:15,0
2022/12/19 0:30,0
2022/12/19 0:45,0
2022/12/19 1:00,0
2022/12/19 1:15,0
2022/12/19 1:30,0
2022/12/19 1:45,0
2022/12/19 2:00,0
2022/12/19 2:15,0
2022/12/19 2:30,0
2022/12/19 2:45,0
2022/12/19 3:00,0
2022/12/19 3:15,0
2022/12/19 3:30,0
2022/12/19 3:45,0
2022/12/19 4:00,0
2022/12/19 4:15,0
2022/12/19 4:30,0
2022/12/19 4:45,0
2022/12/19 5:00,0
2022/12/19 5:15,0
2022/12/19 5:30,0
2022/12/19 5:45,0
2022/12/19 6:00,0
2022/12/19 6:15,0.00854259
2022/12/19 6:30,0.054559372
2022/12/19 6:45,0.086218197
2022/12/19 7:00,0.08916081
2022/12/19 7:15,0.098759282
2022/12/19 7:30,0.121669271
2022/12/19 7:45,0.130344443
2022/12/19 8:00,0.110549875
2022/12/19 8:15,0.099032985
2022/12/19 8:30,0.104071433
2022/12/19 8:45,0.106250578
2022/12/19 9:00,0.102711179
2022/12/19 9:15,0.096590648
2022/12/19 9:30,0.085307984
2022/12/19 9:45,0.082663947
2022/12/19 10:00,0.097297336
2022/12/19 10:15,0.097425348
2022/12/19 10:30,0.068542788
2022/12/19 10:45,0.047940769
2022/12/19 11:00,0.043899991
2022/12/19 11:15,0.041844256
2022/12/19 11:30,0.043758699
2022/12/19 11:45,0.042908759
2022/12/19 12:00,0.051613619
2022/12/19 12:15,0.037837651
2022/12/19 12:30,0.016216668
2022/12/19 12:45,0.004666563
2022/12/19 13:00,0.007582663
2022/12/19 13:15,0.004783719
2022/12/19 13:30,0.00507194
2022/12/19 13:45,0.004221611
2022/12/19 14:00,0.005697354
2022/12/19 14:15,0.004273026
2022/12/19 14:30,0.015168435
2022/12/19 14:45,0.013486971
2022/12/19 15:00,0.012112141
2022/12/19 15:15,0.013713359
2022/12/19 15:30,0.015856612
2022/12/19 15:45,0.023467054
2022/12/19 16:00,0.042012479
2022/12/19 16:15,0.049745899
2022/12/19 16:30,0.03585597
2022/12/19 16:45,0.026344912
2022/12/19 17:00,0.025592293
2022/12/19 17:15,0.019097816
2022/12/19 17:30,0.00112035
2022/12/19 17:45,0
2022/12/19 18:00,0
2022/12/19 18:15,0
2022/12/19 18:30,0
2022/12/19 18:45,0
2022/12/19 19:00,0
2022/12/19 19:15,0
2022/12/19 19:30,0
2022/12/19 19:45,0
2022/12/19 20:00,0
2022/12/19 20:15,0
2022/12/19 20:30,0.000766291
2022/12/19 20:45,0
2022/12/19 21:00,0
2022/12/19 21:15,0
2022/12/19 21:30,0
2022/12/19 21:45,0
2022/12/19 22:00,0
2022/12/19 22:15,0
2022/12/19 22:30,0
2022/12/19 22:45,0
2022/12/19 23:00,0
2022/12/19 23:15,0
2022/12/19 23:30,0
2022/12/19 23:45,0
2022/12/20 0:00,0.013033969
2022/12/20 0:15,0.013152194
2022/12/20 0:30,0.012822921
2022/12/20 0:45,0.011651828
2022/12/20 1:00,0.008797329
2022/12/20 1:15,0.006451568
2022/12/20 1:30,0.005123526
2022/12/20 1:45,0.004207751
2022/12/20 2:00,0.004116756
2022/12/20 2:15,0.00326308
2022/12/20 2:30,0.000884294
2022/12/20 2:45,0
2022/12/20 3:00,0
2022/12/20 3:15,0
2022/12/20 3:30,0
2022/12/20 3:45,0
2022/12/20 4:00,0
2022/12/20 4:15,0
2022/12/20 4:30,0
2022/12/20 4:45,0.000124166
2022/12/20 5:00,0.004546562
2022/12/20 5:15,0.00514499
2022/12/20 5:30,0.006934856
2022/12/20 5:45,0.038595524
2022/12/20 6:00,0.10008183
2022/12/20 6:15,0.100149766
2022/12/20 6:30,0.099176769
2022/12/20 6:45,0.094994703
2022/12/20 7:00,0.084394661
2022/12/20 7:15,0.076941003
2022/12/20 7:30,0.075780269
2022/12/20 7:45,0.074386119
2022/12/20 8:00,0.050869082
2022/12/20 8:15,0.026987315
2022/12/20 8:30,0.06858005
2022/12/20 8:45,0.071275386
2022/12/20 9:00,0.07785986
2022/12/20 9:15,0.08780805
2022/12/20 9:30,0.104483771
2022/12/20 9:45,0.126339687
2022/12/20 10:00,0.158556075
2022/12/20 10:15,0.174284623
2022/12/20 10:30,0.156872913
2022/12/20 10:45,0.156758561
2022/12/20 11:00,0.191838424
2022/12/20 11:15,0.199008275
2022/12/20 11:30,0.149375083
2022/12/20 11:45,0.106679638
2022/12/20 12:00,0.091115542
2022/12/20 12:15,0.066588449
2022/12/20 12:30,0.052253807
2022/12/20 12:45,0.044473082
2022/12/20 13:00,0.049800808
2022/12/20 13:15,0.05923569
2022/12/20 13:30,0.076885719
2022/12/20 13:45,0.096736126
2022/12/20 14:00,0.120988257
2022/12/20 14:15,0.133785133
2022/12/20 14:30,0.118799726
2022/12/20 14:45,0.095819954
2022/12/20 15:00,0.076284353
2022/12/20 15:15,0.064601071
2022/12/20 15:30,0.068682499
2022/12/20 15:45,0.06660251
2022/12/20 16:00,0.052200424
2022/12/20 16:15,0.035276033
2022/12/20 16:30,0.01330762
2022/12/20 16:45,0
2022/12/20 17:00,0
2022/12/20 17:15,0
2022/12/20 17:30,0
2022/12/20 17:45,0
2022/12/20 18:00,0
2022/12/20 18:15,0
2022/12/20 18:30,0
2022/12/20 18:45,0
2022/12/20 19:00,0
2022/12/20 19:15,0
2022/12/20 19:30,0
2022/12/20 19:45,0
2022/12/20 20:00,0
2022/12/20 20:15,0
2022/12/20 20:30,0
2022/12/20 20:45,0
2022/12/20 21:00,0
2022/12/20 21:15,0
2022/12/20 21:30,0
2022/12/20 21:45,0
2022/12/20 22:00,0
2022/12/20 22:15,0
2022/12/20 22:30,0
2022/12/20 22:45,0
2022/12/20 23:00,0.002343819
2022/12/20 23:15,0.001412131
2022/12/20 23:30,0
2022/12/20 23:45,0
2022/12/21 0:00,0.046749851
2022/12/21 0:15,0.034561334
2022/12/21 0:30,0.01960721
2022/12/21 0:45,0.003613718
2022/12/21 1:00,0
2022/12/21 1:15,0
2022/12/21 1:30,0
2022/12/21 1:45,0
2022/12/21 2:00,0
2022/12/21 2:15,0
2022/12/21 2:30,0
2022/12/21 2:45,0
2022/12/21 3:00,0
2022/12/21 3:15,0
2022/12/21 3:30,0
2022/12/21 3:45,0.002579163
2022/12/21 4:00,0.020284004
2022/12/21 4:15,0.011864513
2022/12/21 4:30,0.020810849
2022/12/21 4:45,0.020976922
2022/12/21 5:00,0.005310291
2022/12/21 5:15,0.014926392
2022/12/21 5:30,0.027555927
2022/12/21 5:45,0.045246054
2022/12/21 6:00,0.046334928
2022/12/21 6:15,0.057837985
2022/12/21 6:30,0.063420775
2022/12/21 6:45,0.068072549
2022/12/21 7:00,0.117506063
2022/12/21 7:15,0.134835308
2022/12/21 7:30,0.119905927
2022/12/21 7:45,0.115917692
2022/12/21 8:00,0.114879499
2022/12/21 8:15,0.122662153
2022/12/21 8:30,0.160430925
2022/12/21 8:45,0.200560977
2022/12/21 9:00,0.270388472
2022/12/21 9:15,0.291156874
2022/12/21 9:30,0.266161136
2022/12/21 9:45,0.277765827
2022/12/21 10:00,0.315105015
2022/12/21 10:15,0.320598206
2022/12/21 10:30,0.240436431
2022/12/21 10:45,0.251289583
2022/12/21 11:00,0.308554862
2022/12/21 11:15,0.317122385
2022/12/21 11:30,0.246700283
2022/12/21 11:45,0.182098513
2022/12/21 12:00,0.206206279
2022/12/21 12:15,0.291691904
2022/12/21 12:30,0.423917666
2022/12/21 12:45,0.51678898
2022/12/21 13:00,0.530951154
2022/12/21 13:15,0.501169918
2022/12/21 13:30,0.383500822
2022/12/21 13:45,0.293491619
2022/12/21 14:00,0.258800407
2022/12/21 14:15,0.256862612
2022/12/21 14:30,0.320429176
2022/12/21 14:45,0.39806217
2022/12/21 15:00,0.503824984
2022/12/21 15:15,0.544777645
2022/12/21 15:30,0.456106546
2022/12/21 15:45,0.409757986
2022/12/21 16:00,0.448050823
2022/12/21 16:15,0.465326418
2022/12/21 16:30,0.440563827
2022/12/21 16:45,0.451803128
2022/12/21 17:00,0.53508678
2022/12/21 17:15,0.580186277
2022/12/21 17:30,0.541254959
2022/12/21 17:45,0.491670662
2022/12/21 18:00,0.470980827
2022/12/21 18:15,0.442655013
2022/12/21 18:30,0.419494178
2022/12/21 18:45,0.393491581
2022/12/21 19:00,0.37664445
2022/12/21 19:15,0.356460608
2022/12/21 19:30,0.330256843
2022/12/21 19:45,0.295254277
2022/12/21 20:00,0.260483206
2022/12/21 20:15,0.228971077
2022/12/21 20:30,0.203762489
2022/12/21 20:45,0.181947211
2022/12/21 21:00,0.162688921
2022/12/21 21:15,0.15991209
2022/12/21 21:30,0.189897918
2022/12/21 21:45,0.207468763
2022/12/21 22:00,0.207894278
2022/12/21 22:15,0.180144594
2022/12/21 22:30,0.126582169
2022/12/21 22:45,0.072758863
2022/12/21 23:00,0.057339306
2022/12/21 23:15,0.08117742
2022/12/21 23:30,0.160110509
2022/12/21 23:45,0.200323145
2022/12/22 0:00,0.19606166
2022/12/22 0:15,0.227983045
2022/12/22 0:30,0.329449525
2022/12/22 0:45,0.351454204
2022/12/22 1:00,0.214630042
2022/12/22 1:15,0.118758851
2022/12/22 1:30,0.092029025
2022/12/22 1:45,0.077646516
2022/12/22 2:00,0.094717524
2022/12/22 2:15,0.128117278
2022/12/22 2:30,0.220620137
2022/12/22 2:45,0.257209456
2022/12/22 3:00,0.185900757
2022/12/22 3:15,0.159464032
2022/12/22 3:30,0.211985396
2022/12/22 3:45,0.238191916
2022/12/22 4:00,0.227161296
2022/12/22 4:15,0.216117383
2022/12/22 4:30,0.180736357
2022/12/22 4:45,0.160288311
2022/12/22 5:00,0.164207458
2022/12/22 5:15,0.170979228
2022/12/22 5:30,0.167899542
2022/12/22 5:45,0.165727353
2022/12/22 6:00,0.15411268
2022/12/22 6:15,0.134853419
2022/12/22 6:30,0.125505036
2022/12/22 6:45,0.122556812
2022/12/22 7:00,0.135170119
2022/12/22 7:15,0.133575499
2022/12/22 7:30,0.129763619
2022/12/22 7:45,0.123162582
2022/12/22 8:00,0.100740203
2022/12/22 8:15,0.080750839
2022/12/22 8:30,0.071818825
2022/12/22 8:45,0.054116821
2022/12/22 9:00,0.035612399
2022/12/22 9:15,0.022350872
2022/12/22 9:30,0.008305991
2022/12/22 9:45,0
2022/12/22 10:00,0
2022/12/22 10:15,0
2022/12/22 10:30,0
2022/12/22 10:45,0.002954355
2022/12/22 11:00,0.005887287
2022/12/22 11:15,0
2022/12/22 11:30,0
2022/12/22 11:45,0
2022/12/22 12:00,0
2022/12/22 12:15,0
2022/12/22 12:30,0
2022/12/22 12:45,0
2022/12/22 13:00,0
2022/12/22 13:15,0
2022/12/22 13:30,0
2022/12/22 13:45,0
2022/12/22 14:00,0
2022/12/22 14:15,0
2022/12/22 14:30,0
2022/12/22 14:45,0
2022/12/22 15:00,0
2022/12/22 15:15,0
2022/12/22 15:30,0
2022/12/22 15:45,0
2022/12/22 16:00,0
2022/12/22 16:15,0
2022/12/22 16:30,0
2022/12/22 16:45,0
2022/12/22 17:00,0
2022/12/22 17:15,0
2022/12/22 17:30,0
2022/12/22 17:45,0
2022/12/22 18:00,0.00331664
2022/12/22 18:15,0.015869012
2022/12/22 18:30,0.024638285
2022/12/22 18:45,0.030803529
2022/12/22 19:00,0.031759153
2022/12/22 19:15,0.044528373
2022/12/22 19:30,0.077778639
2022/12/22 19:45,0.092381373
2022/12/22 20:00,0.082501854
2022/12/22 20:15,0.077229098
2022/12/22 20:30,0.081168052
2022/12/22 20:45,0.083427321
2022/12/22 21:00,0.082325438
2022/12/22 21:15,0.088165443
2022/12/22 21:30,0.107887537
2022/12/22 21:45,0.122232903
2022/12/22 22:00,0.125823285
2022/12/22 22:15,0.129432404
2022/12/22 22:30,0.133077676
2022/12/22 22:45,0.136243406
2022/12/22 23:00,0.138448977
2022/12/22 23:15,0.140864805
2022/12/22 23:30,0.143700341
2022/12/22 23:45,0.147902578
2022/12/23 0:00,0.130656672
2022/12/23 0:15,0.127133519
2022/12/23 0:30,0.122088554
2022/12/23 0:45,0.109924711
2022/12/23 1:00,0.084118172
2022/12/23 1:15,0.062999607
2022/12/23 1:30,0.051041052
2022/12/23 1:45,0.042793491
2022/12/23 2:00,0.041969643
2022/12/23 2:15,0.034282449
2022/12/23 2:30,0.012870145
2022/12/23 2:45,0
2022/12/23 3:00,0
2022/12/23 3:15,0
2022/12/23 3:30,0
2022/12/23 3:45,0
2022/12/23 4:00,0
2022/12/23 4:15,0
2022/12/23 4:30,0
2022/12/23 4:45,0.006067471
2022/12/23 5:00,0.045884586
2022/12/23 5:15,0.051289007
2022/12/23 5:30,0.067419528
2022/12/23 5:45,0.079948658
2022/12/23 6:00,0.085273361
2022/12/23 6:15,0.088420472
2022/12/23 6:30,0.087210539
2022/12/23 6:45,0.077909153
2022/12/23 7:00,0.052422991
2022/12/23 7:15,0.045738239
2022/12/23 7:30,0.07665464
2022/12/23 7:45,0.092019394
2022/12/23 8:00,0.076311796
2022/12/23 8:15,0.068871515
2022/12/23 8:30,0.07393511
2022/12/23 8:45,0.072820723
2022/12/23 9:00,0.058799672
2022/12/23 9:15,0.044364514
2022/12/23 9:30,0.029101583
2022/12/23 9:45,0.014401754
2022/12/23 10:00,0.000829144
2022/12/23 10:15,0
2022/12/23 10:30,0
2022/12/23 10:45,0
2022/12/23 11:00,0
2022/12/23 11:15,0
2022/12/23 11:30,0.015728683
2022/12/23 11:45,0.023715633
2022/12/23 12:00,0.084491894
2022/12/23 12:15,0.108842874
2022/12/23 12:30,0.133937833
2022/12/23 12:45,0.147467803
2022/12/23 13:00,0.138114355
2022/12/23 13:15,0.116584881
2022/12/23 13:30,0.107759129
2022/12/23 13:45,0.073078785
2022/12/23 14:00,0.053168572
2022/12/23 14:15,0.015996871
2022/12/23 14:30,0
2022/12/23 14:45,0.010511657
2022/12/23 15:00,0.009545198
2022/12/23 15:15,0.004012809
2022/12/23 15:30,0
2022/12/23 15:45,0.003336115
2022/12/23 16:00,0.012991753
2022/12/23 16:15,0.004122636
2022/12/23 16:30,0
2022/12/23 16:45,0.004236494
2022/12/23 17:00,0.012470516
2022/12/23 17:15,0.002393005
2022/12/23 17:30,0.016470265
2022/12/23 17:45,0.00354016
2022/12/23 18:00,0.002398792
2022/12/23 18:15,0.005523658
2022/12/23 18:30,0
2022/12/23 18:45,0
2022/12/23 19:00,0.004631427
2022/12/23 19:15,0.004477799
2022/12/23 19:30,0
2022/12/23 19:45,0
2022/12/23 20:00,0.001877163
2022/12/23 20:15,0.000271888
2022/12/23 20:30,0.0059867
2022/12/23 20:45,0.019730811
2022/12/23 21:00,0.028948729
2022/12/23 21:15,0.038284957
2022/12/23 21:30,0.037266432
2022/12/23 21:45,0.028395072
2022/12/23 22:00,0.036547915
2022/12/23 22:15,0.040908588
2022/12/23 22:30,0.040423282
2022/12/23 22:45,0.056634972
2022/12/23 23:00,0.0588717
2022/12/23 23:15,0.061045333
2022/12/23 23:30,0.069466219
2022/12/23 23:45,0.061593796
2022/12/24 0:00,0
2022/12/24 0:15,0
2022/12/24 0:30,0
2022/12/24 0:45,0
2022/12/24 1:00,0
2022/12/24 1:15,0
2022/12/24 1:30,0
2022/12/24 1:45,0.00296121
2022/12/24 2:00,0
2022/12/24 2:15,0.013477702
2022/12/24 2:30,0
2022/12/24 2:45,0.005614437
2022/12/24 3:00,0.014738113
2022/12/24 3:15,0.018105755
2022/12/24 3:30,0.040292001
2022/12/24 3:45,0.019973179
2022/12/24 4:00,0.013964865
2022/12/24 4:15,0.023212938
2022/12/24 4:30,0.019549587
2022/12/24 4:45,0.007779674
2022/12/24 5:00,0.006563424
2022/12/24 5:15,0.009649034
2022/12/24 5:30,0.030211146
2022/12/24 5:45,0.019111448
2022/12/24 6:00,0.008535005
2022/12/24 6:15,0.01716012
2022/12/24 6:30,0.010762802
2022/12/24 6:45,0.023142214
2022/12/24 7:00,0.063992538
2022/12/24 7:15,0.082909953
2022/12/24 7:30,0.089978029
2022/12/24 7:45,0.084875822
2022/12/24 8:00,0.049153674
2022/12/24 8:15,0.059641633
2022/12/24 8:30,0.132554105
2022/12/24 8:45,0.179150062
2022/12/24 9:00,0.189336818
2022/12/24 9:15,0.185271505
2022/12/24 9:30,0.19763232
2022/12/24 9:45,0.192167679
2022/12/24 10:00,0.18904439
2022/12/24 10:15,0.188045138
2022/12/24 10:30,0.182302165
2022/12/24 10:45,0.16879781
2022/12/24 11:00,0.173390653
2022/12/24 11:15,0.161711027
2022/12/24 11:30,0.144213806
2022/12/24 11:45,0.151934638
2022/12/24 12:00,0.090118713
2022/12/24 12:15,0.0766599
2022/12/24 12:30,0.049481969
2022/12/24 12:45,0.025126222
2022/12/24 13:00,0.006420072
2022/12/24 13:15,0
2022/12/24 13:30,0.011209386
2022/12/24 13:45,0.018679157
2022/12/24 14:00,0.015201474
2022/12/24 14:15,0.009215962
2022/12/24 14:30,0
2022/12/24 14:45,0
2022/12/24 15:00,0
2022/12/24 15:15,0
2022/12/24 15:30,0
2022/12/24 15:45,0
2022/12/24 16:00,0
2022/12/24 16:15,0
2022/12/24 16:30,0
2022/12/24 16:45,0
2022/12/24 17:00,0
2022/12/24 17:15,0
2022/12/24 17:30,0
2022/12/24 17:45,0.004835552
2022/12/24 18:00,0.049508818
2022/12/24 18:15,0.060669312
2022/12/24 18:30,0.075335717
2022/12/24 18:45,0.09354476
2022/12/24 19:00,0.081983601
2022/12/24 19:15,0.066897392
2022/12/24 19:30,0.06065619
2022/12/24 19:45,0.049140101
2022/12/24 20:00,0.042541394
2022/12/24 20:15,0.041225329
2022/12/24 20:30,0.042482877
2022/12/24 20:45,0.037188062
2022/12/24 21:00,0.036937113
2022/12/24 21:15,0.033346645
2022/12/24 21:30,0.022233614
2022/12/24 21:45,0.010662049
2022/12/24 22:00,0.00507637
2022/12/24 22:15,0
2022/12/24 22:30,0
2022/12/24 22:45,0
2022/12/24 23:00,0
2022/12/24 23:15,0
2022/12/24 23:30,0
2022/12/24 23:45,0
2022/12/25 0:00,0.073544335
2022/12/25 0:15,0.072349198
2022/12/25 0:30,0.07189857
2022/12/25 0:45,0.069976461
2022/12/25 1:00,0.071554724
2022/12/25 1:15,0.07131121
2022/12/25 1:30,0.042318886
2022/12/25 1:45,0.069403933
2022/12/25 2:00,0.065140081
2022/12/25 2:15,0.067385358
2022/12/25 2:30,0.062138004
2022/12/25 2:45,0.006881417
2022/12/25 3:00,0.027408897
2022/12/25 3:15,0.095172938
2022/12/25 3:30,0.205043634
2022/12/25 3:45,0.266658372
2022/12/25 4:00,0.333848932
2022/12/25 4:15,0.380515801
2022/12/25 4:30,0.401903203
2022/12/25 4:45,0.442135526
2022/12/25 5:00,0.539147111
2022/12/25 5:15,0.603937354
2022/12/25 5:30,0.549647239
2022/12/25 5:45,0.536952505
2022/12/25 6:00,0.574225119
2022/12/25 6:15,0.612962953
2022/12/25 6:30,0.676092801
2022/12/25 6:45,0.715562383
2022/12/25 7:00,0.708163678
2022/12/25 7:15,0.672227764
2022/12/25 7:30,0.550365635
2022/12/25 7:45,0.462766791
2022/12/25 8:00,0.441381172
2022/12/25 8:15,0.432247905
2022/12/25 8:30,0.445730127
2022/12/25 8:45,0.44245737
2022/12/25 9:00,0.405477709
2022/12/25 9:15,0.355876871
2022/12/25 9:30,0.281033905
2022/12/25 9:45,0.217749424
2022/12/25 10:00,0.174110308
2022/12/25 10:15,0.1432007
2022/12/25 10:30,0.144817074
2022/12/25 10:45,0.140974209
2022/12/25 11:00,0.13317522
2022/12/25 11:15,0.116107418
2022/12/25 11:30,0.070438367
2022/12/25 11:45,0.057422716
2022/12/25 12:00,0.152551939
2022/12/25 12:15,0.192114315
2022/12/25 12:30,0.207551364
2022/12/25 12:45,0.201539129
2022/12/25 13:00,0.152627171
2022/12/25 13:15,0.118259153
2022/12/25 13:30,0.11297829
2022/12/25 13:45,0.1206684
2022/12/25 14:00,0.15430023
2022/12/25 14:15,0.175248069
2022/12/25 14:30,0.170828256
2022/12/25 14:45,0.166638999
2022/12/25 15:00,0.162911768
2022/12/25 15:15,0.178191708
2022/12/25 15:30,0.231487477
2022/12/25 15:45,0.228283796
2022/12/25 16:00,0.112083209
2022/12/25 16:15,0.033403902
2022/12/25 16:30,0.029769521
2022/12/25 16:45,0.023980953
2022/12/25 17:00,0.013886556
2022/12/25 17:15,0.007335956
2022/12/25 17:30,0.002956181
2022/12/25 17:45,0
2022/12/25 18:00,0
2022/12/25 18:15,0
2022/12/25 18:30,0
2022/12/25 18:45,0
2022/12/25 19:00,0
2022/12/25 19:15,0
2022/12/25 19:30,0
2022/12/25 19:45,0
2022/12/25 20:00,0
2022/12/25 20:15,0
2022/12/25 20:30,0
2022/12/25 20:45,0
2022/12/25 21:00,0
2022/12/25 21:15,0
2022/12/25 21:30,0
2022/12/25 21:45,0
2022/12/25 22:00,0
2022/12/25 22:15,0
2022/12/25 22:30,0
2022/12/25 22:45,0
2022/12/25 23:00,0
2022/12/25 23:15,0
2022/12/25 23:30,0
2022/12/25 23:45,0
2022/12/26 0:00,0
2022/12/26 0:15,0
2022/12/26 0:30,0
2022/12/26 0:45,0
2022/12/26 1:00,0
2022/12/26 1:15,0
2022/12/26 1:30,0
2022/12/26 1:45,0
2022/12/26 2:00,0
2022/12/26 2:15,0
2022/12/26 2:30,0.014545571
2022/12/26 2:45,0.028232187
2022/12/26 3:00,0.041100192
2022/12/26 3:15,0.030002961
2022/12/26 3:30,0.027306102
2022/12/26 3:45,0.030825293
2022/12/26 4:00,0.080725017
2022/12/26 4:15,0.047577235
2022/12/26 4:30,0.011028132
2022/12/26 4:45,0.055146224
2022/12/26 5:00,0.045255654
2022/12/26 5:15,0.040125485
2022/12/26 5:30,0.061375432
2022/12/26 5:45,0.061114558
2022/12/26 6:00,0.054974791
2022/12/26 6:15,0.065661421
2022/12/26 6:30,0.060019567
2022/12/26 6:45,0.063867934
2022/12/26 7:00,0.070336041
2022/12/26 7:15,0.056305503
2022/12/26 7:30,0.037735125
2022/12/26 7:45,0.029891112
2022/12/26 8:00,0.037759149
2022/12/26 8:15,0.030556191
2022/12/26 8:30,0.035250382
2022/12/26 8:45,0.024408255
2022/12/26 9:00,0.019926447
2022/12/26 9:15,0.015026956
2022/12/26 9:30,0.013199165
2022/12/26 9:45,0.021563209
2022/12/26 10:00,0.017748652
2022/12/26 10:15,0.008227769
2022/12/26 10:30,0.008128737
2022/12/26 10:45,0.005974676
2022/12/26 11:00,0.008735119
2022/12/26 11:15,0.012492626
2022/12/26 11:30,0.005824897
2022/12/26 11:45,0.002517637
2022/12/26 12:00,0.075215432
2022/12/26 12:15,0.072050085
2022/12/26 12:30,0.015982464
2022/12/26 12:45,0
2022/12/26 13:00,0
2022/12/26 13:15,0
2022/12/26 13:30,0
2022/12/26 13:45,0
2022/12/26 14:00,0
2022/12/26 14:15,0
2022/12/26 14:30,0
2022/12/26 14:45,0
2022/12/26 15:00,0
2022/12/26 15:15,0
2022/12/26 15:30,0
2022/12/26 15:45,0
2022/12/26 16:00,0
2022/12/26 16:15,0
2022/12/26 16:30,0
2022/12/26 16:45,0
2022/12/26 17:00,0
2022/12/26 17:15,0
2022/12/26 17:30,0
2022/12/26 17:45,0
2022/12/26 18:00,0
2022/12/26 18:15,0.001686909
2022/12/26 18:30,0.013446719
2022/12/26 18:45,0.016871894
2022/12/26 19:00,0.016816263
2022/12/26 19:15,0.006817873
2022/12/26 19:30,0.019187444
2022/12/26 19:45,0.009483641
2022/12/26 20:00,0.009936943
2022/12/26 20:15,0.002904426
2022/12/26 20:30,0.00171956
2022/12/26 20:45,0.004688639
2022/12/26 21:00,0.020606944
2022/12/26 21:15,0.020831282
2022/12/26 21:30,0.010497463
2022/12/26 21:45,0.015388459
2022/12/26 22:00,0.026714216
2022/12/26 22:15,0.038302442
2022/12/26 22:30,0.041390597
2022/12/26 22:45,0.049266279
2022/12/26 23:00,0.032007259
2022/12/26 23:15,0.033803155
2022/12/26 23:30,0.04881495
2022/12/26 23:45,0.050959918
2022/12/27 0:00,0
2022/12/27 0:15,0.001243067
2022/12/27 0:30,0.004759267
2022/12/27 0:45,0.005987933
2022/12/27 1:00,0.002644318
2022/12/27 1:15,0.000135227
2022/12/27 1:30,0
2022/12/27 1:45,0
2022/12/27 2:00,0
2022/12/27 2:15,0
2022/12/27 2:30,0
2022/12/27 2:45,0
2022/12/27 3:00,0
2022/12/27 3:15,0.001279349
2022/12/27 3:30,0.003615819
2022/12/27 3:45,0.038554443
2022/12/27 4:00,0.106802365
2022/12/27 4:15,0.11453575
2022/12/27 4:30,0.13095199
2022/12/27 4:45,0.144352834
2022/12/27 5:00,0.112918445
2022/12/27 5:15,0.038626881
2022/12/27 5:30,0.033301062
2022/12/27 5:45,0.031526621
2022/12/27 6:00,0.03685311
2022/12/27 6:15,0.038484125
2022/12/27 6:30,0.03272204
2022/12/27 6:45,0.085307271
2022/12/27 7:00,0.198483873
2022/12/27 7:15,0.205664687
2022/12/27 7:30,0.227386123
2022/12/27 7:45,0.251441898
2022/12/27 8:00,0.280163823
2022/12/27 8:15,0.302441187
2022/12/27 8:30,0.311826901
2022/12/27 8:45,0.314347538
2022/12/27 9:00,0.303135499
2022/12/27 9:15,0.28042592
2022/12/27 9:30,0.234718728
2022/12/27 9:45,0.205461557
2022/12/27 10:00,0.209101858
2022/12/27 10:15,0.203282975
2022/12/27 10:30,0.17854309
2022/12/27 10:45,0.154209371
2022/12/27 11:00,0.130685271
2022/12/27 11:15,0.1093705
2022/12/27 11:30,0.092471593
2022/12/27 11:45,0.083280467
2022/12/27 12:00,0.077261115
2022/12/27 12:15,0.073425644
2022/12/27 12:30,0.050614843
2022/12/27 12:45,0.034483534
2022/12/27 13:00,0.03094264
2022/12/27 13:15,0.023963861
2022/12/27 13:30,0.01312147
2022/12/27 13:45,0.005051741
2022/12/27 14:00,0.002526299
2022/12/27 14:15,0.001823886
2022/12/27 14:30,0.004766079
2022/12/27 14:45,0.006737806
2022/12/27 15:00,0.0067666
2022/12/27 15:15,0.007017446
2022/12/27 15:30,0.007709736
2022/12/27 15:45,0.006387161
2022/12/27 16:00,0.001031458
2022/12/27 16:15,0
2022/12/27 16:30,0
2022/12/27 16:45,0
2022/12/27 17:00,0
2022/12/27 17:15,0
2022/12/27 17:30,0
2022/12/27 17:45,0.00208634
2022/12/27 18:00,0.014031868
2022/12/27 18:15,0.01410331
2022/12/27 18:30,0.008240064
2022/12/27 18:45,0.002573291
2022/12/27 19:00,0.014921517
2022/12/27 19:15,0.014457382
2022/12/27 19:30,0.012890166
2022/12/27 19:45,0.011886125
2022/12/27 20:00,0.012005155
2022/12/27 20:15,0.012723606
2022/12/27 20:30,0.014638834
2022/12/27 20:45,0.017748884
2022/12/27 21:00,0.023247816
2022/12/27 21:15,0.025786162
2022/12/27 21:30,0.022403863
2022/12/27 21:45,0.018860943
2022/12/27 22:00,0.014998461
2022/12/27 22:15,0.011037941
2022/12/27 22:30,0.006883953
2022/12/27 22:45,0.003910764
2022/12/27 23:00,0.003302415
2022/12/27 23:15,0.00315832
2022/12/27 23:30,0.003946283
2022/12/27 23:45,0.004165884
2022/12/28 0:00,0.013022982
2022/12/28 0:15,0.012683009
2022/12/28 0:30,0.005090624
2022/12/28 0:45,0
2022/12/28 1:00,0
2022/12/28 1:15,0
2022/12/28 1:30,0.00094735
2022/12/28 1:45,0.005776437
2022/12/28 2:00,0.006744404
2022/12/28 2:15,0.008204277
2022/12/28 2:30,0.01065054
2022/12/28 2:45,0.014768974
2022/12/28 3:00,0.022233937
2022/12/28 3:15,0.025526175
2022/12/28 3:30,0.020474773
2022/12/28 3:45,0.017809649
2022/12/28 4:00,0.019918549
2022/12/28 4:15,0.038118949
2022/12/28 4:30,0.070251151
2022/12/28 4:45,0.059869041
2022/12/28 5:00,0.039599843
2022/12/28 5:15,0.022275222
2022/12/28 5:30,0.010840512
2022/12/28 5:45,0.00288646
2022/12/28 6:00,0
2022/12/28 6:15,0
2022/12/28 6:30,0
2022/12/28 6:45,0
2022/12/28 7:00,0
2022/12/28 7:15,0
2022/12/28 7:30,0
2022/12/28 7:45,0
2022/12/28 8:00,0
2022/12/28 8:15,0
2022/12/28 8:30,0.003168635
2022/12/28 8:45,0.016259105
2022/12/28 9:00,0.052114224
2022/12/28 9:15,0.060798437
2022/12/28 9:30,0.015080376
2022/12/28 9:45,0
2022/12/28 10:00,0.045803334
2022/12/28 10:15,0.085938555
2022/12/28 10:30,0.114542529
2022/12/28 10:45,0.151425088
2022/12/28 11:00,0.203226943
2022/12/28 11:15,0.245968882
2022/12/28 11:30,0.275689234
2022/12/28 11:45,0.309086266
2022/12/28 12:00,0.34594411
2022/12/28 12:15,0.343315375
2022/12/28 12:30,0.24046593
2022/12/28 12:45,0.156133532
2022/12/28 13:00,0.108833616
2022/12/28 13:15,0.072633624
2022/12/28 13:30,0.05976853
2022/12/28 13:45,0.051650146
2022/12/28 14:00,0.035139044
2022/12/28 14:15,0.017347726
2022/12/28 14:30,0.009754817
2022/12/28 14:45,0.009955327
2022/12/28 15:00,0.030832222
2022/12/28 15:15,0.071770304
2022/12/28 15:30,0.09577529
2022/12/28 15:45,0.12043413
2022/12/28 16:00,0.136425544
2022/12/28 16:15,0.118742448
2022/12/28 16:30,0.125747426
2022/12/28 16:45,0.121466292
2022/12/28 17:00,0.170364941
2022/12/28 17:15,0.182340965
2022/12/28 17:30,0.182718055
2022/12/28 17:45,0.172176935
2022/12/28 18:00,0.19366758
2022/12/28 18:15,0.193797372
2022/12/28 18:30,0.177817448
2022/12/28 18:45,0.172395732
2022/12/28 19:00,0.169908044
2022/12/28 19:15,0.157467591
2022/12/28 19:30,0.153450098
2022/12/28 19:45,0.185478476
2022/12/28 20:00,0.206755892
2022/12/28 20:15,0.214206654
2022/12/28 20:30,0.19909251
2022/12/28 20:45,0.188129488
2022/12/28 21:00,0.205011893
2022/12/28 21:15,0.211923131
2022/12/28 21:30,0.193262495
2022/12/28 21:45,0.200937037
2022/12/28 22:00,0.180853824
2022/12/28 22:15,0.189042551
2022/12/28 22:30,0.201435534
2022/12/28 22:45,0.194479414
2022/12/28 23:00,0.195819552
2022/12/28 23:15,0.200784399
2022/12/28 23:30,0.203232352
2022/12/28 23:45,0.202069994
2022/12/29 0:00,0.230909457
2022/12/29 0:15,0.225581925
2022/12/29 0:30,0.218123249
2022/12/29 0:45,0.211854698
2022/12/29 1:00,0.207964922
2022/12/29 1:15,0.21212564
2022/12/29 1:30,0.232386101
2022/12/29 1:45,0.241315351
2022/12/29 2:00,0.227581145
2022/12/29 2:15,0.228114582
2022/12/29 2:30,0.257182464
2022/12/29 2:45,0.283131577
2022/12/29 3:00,0.302842484
2022/12/29 3:15,0.319109739
2022/12/29 3:30,0.328489193
2022/12/29 3:45,0.345547349
2022/12/29 4:00,0.377962598
2022/12/29 4:15,0.386897716
2022/12/29 4:30,0.348872469
2022/12/29 4:45,0.316157919
2022/12/29 5:00,0.294064892
2022/12/29 5:15,0.266658992
2022/12/29 5:30,0.228627726
2022/12/29 5:45,0.209223452
2022/12/29 6:00,0.227073796
2022/12/29 6:15,0.257478324
2022/12/29 6:30,0.312992077
2022/12/29 6:45,0.35440693
2022/12/29 7:00,0.367625004
2022/12/29 7:15,0.396614466
2022/12/29 7:30,0.457147805
2022/12/29 7:45,0.472349794
2022/12/29 8:00,0.39689016
2022/12/29 8:15,0.387592655
2022/12/29 8:30,0.510620347
2022/12/29 8:45,0.585567879
2022/12/29 9:00,0.564355799
2022/12/29 9:15,0.548731457
2022/12/29 9:30,0.544282993
2022/12/29 9:45,0.543085977
2022/12/29 10:00,0.548391915
2022/12/29 10:15,0.564567508
2022/12/29 10:30,0.602482122
2022/12/29 10:45,0.669304206
2022/12/29 11:00,0.793940617
2022/12/29 11:15,0.840049186
2022/12/29 11:30,0.729101177
2022/12/29 11:45,0.670558108
2022/12/29 12:00,0.720027612
2022/12/29 12:15,0.726601871
2022/12/29 12:30,0.647674145
2022/12/29 12:45,0.592796291
2022/12/29 13:00,0.58601681
2022/12/29 13:15,0.596588916
2022/12/29 13:30,0.641863063
2022/12/29 13:45,0.673843222
2022/12/29 14:00,0.679137879
2022/12/29 14:15,0.691896532
2022/12/29 14:30,0.719582699
2022/12/29 14:45,0.738541176
2022/12/29 15:00,0.493121045
2022/12/29 15:15,0.044344185
2022/12/29 15:30,0.133351088
2022/12/29 15:45,0.265658429
2022/12/29 16:00,0.658298663
2022/12/29 16:15,0.925507528
2022/12/29 16:30,0.641876835
2022/12/29 16:45,0.26272862
2022/12/29 17:00,0.681463014
2022/12/29 17:15,0.697388239
2022/12/29 17:30,0.751687328
2022/12/29 17:45,0.772621753
2022/12/29 18:00,0.726829481
2022/12/29 18:15,0.689902139
2022/12/29 18:30,0.670707486
2022/12/29 18:45,0.665629002
2022/12/29 19:00,0.688785793
2022/12/29 19:15,0.708140613
2022/12/29 19:30,0.719894462
2022/12/29 19:45,0.726435089
2022/12/29 20:00,0.722552223
2022/12/29 20:15,0.719462088
2022/12/29 20:30,0.480639939
2022/12/29 20:45,0.23347813
2022/12/29 21:00,0.690190286
2022/12/29 21:15,0.693099456
2022/12/29 21:30,0.703328766
2022/12/29 21:45,0.74242889
2022/12/29 22:00,0.839272959
2022/12/29 22:15,0.861356808
2022/12/29 22:30,0.7339222
2022/12/29 22:45,0.593410962
2022/12/29 23:00,0.426748042
2022/12/29 23:15,0.399162619
2022/12/29 23:30,0.649733315
2022/12/29 23:45,0.829611076
2022/12/30 0:00,0.845215284
2022/12/30 0:15,0.841310653
2022/12/30 0:30,0.752910931
2022/12/30 0:45,0.691000847
2022/12/30 1:00,0.695320978
2022/12/30 1:15,0.693945808
2022/12/30 1:30,0.674168386
2022/12/30 1:45,0.671265087
2022/12/30 2:00,0.702105962
2022/12/30 2:15,0.728462532
2022/12/30 2:30,0.745846544
2022/12/30 2:45,0.757848115
2022/12/30 3:00,0.759081115
2022/12/30 3:15,0.780960123
2022/12/30 3:30,0.838630417
2022/12/30 3:45,0.862196642
2022/12/30 4:00,0.822557322
2022/12/30 4:15,0.79106021
2022/12/30 4:30,0.774279151
2022/12/30 4:45,0.740111362
2022/12/30 5:00,0.671168432
2022/12/30 5:15,0.598198892
2022/12/30 5:30,0.517175072
2022/12/30 5:45,0.463470757
2022/12/30 6:00,0.464405012
2022/12/30 6:15,0.471520933
2022/12/30 6:30,0.49100036
2022/12/30 6:45,0.471343681
2022/12/30 7:00,0.373415552
2022/12/30 7:15,0.309675008
2022/12/30 7:30,0.314310961
2022/12/30 7:45,0.301561662
2022/12/30 8:00,0.254043713
2022/12/30 8:15,0.215163024
2022/12/30 8:30,0.193559185
2022/12/30 8:45,0.171371331
2022/12/30 9:00,0.148018195
2022/12/30 9:15,0.119328243
2022/12/30 9:30,0.079967735
2022/12/30 9:45,0.052198582
2022/12/30 10:00,0.047615445
2022/12/30 10:15,0.052104791
2022/12/30 10:30,0.074742514
2022/12/30 10:45,0.089120937
2022/12/30 11:00,0.086984151
2022/12/30 11:15,0.078720339
2022/12/30 11:30,0.05820572
2022/12/30 11:45,0.050785605
2022/12/30 12:00,0.086514005
2022/12/30 12:15,0.095548555
2022/12/30 12:30,0.072948498
2022/12/30 12:45,0.049592243
2022/12/30 13:00,0.024720931
2022/12/30 13:15,0.008329663
2022/12/30 13:30,0.008297542
2022/12/30 13:45,0.009713382
2022/12/30 14:00,0.012616687
2022/12/30 14:15,0.012194536
2022/12/30 14:30,0.010975491
2022/12/30 14:45,0.010750534
2022/12/30 15:00,0.012510366
2022/12/30 15:15,0.015660392
2022/12/30 15:30,0.021587553
2022/12/30 15:45,0.02666819
2022/12/30 16:00,0.030052767
2022/12/30 16:15,0.031217419
2022/12/30 16:30,0.027939536
2022/12/30 16:45,0.025187598
2022/12/30 17:00,0.023485267
2022/12/30 17:15,0.022450261
2022/12/30 17:30,0.022748079
2022/12/30 17:45,0.022357994
2022/12/30 18:00,0.020590772
2022/12/30 18:15,0.01991479
2022/12/30 18:30,0.02142046
2022/12/30 18:45,0.021654629
2022/12/30 19:00,0.019345452
2022/12/30 19:15,0.017930327
2022/12/30 19:30,0.018303398
2022/12/30 19:45,0.018602669
2022/12/30 20:00,0.018754791
2022/12/30 20:15,0.019650032
2022/12/30 20:30,0.022032228
2022/12/30 20:45,0.023375487
2022/12/30 21:00,0.022641754
2022/12/30 21:15,0.022230909
2022/12/30 21:30,0.022466795
2022/12/30 21:45,0.030191834
2022/12/30 22:00,0.053464411
2022/12/30 22:15,0.06922542
2022/12/30 22:30,0.069964154
2022/12/30 22:45,0.065876806
2022/12/30 23:00,0.052138031
2022/12/30 23:15,0.067168564
2022/12/30 23:30,0.139738292
2022/12/30 23:45,0.196353812
2022/12/31 0:00,0.206204759
2022/12/31 0:15,0.219253927
2022/12/31 0:30,0.236025021
2022/12/31 0:45,0.229639966
2022/12/31 1:00,0.176941324
2022/12/31 1:15,0.137124631
2022/12/31 1:30,0.123070433
2022/12/31 1:45,0.112361057
2022/12/31 2:00,0.108339793
2022/12/31 2:15,0.092325411
2022/12/31 2:30,0.052323091
2022/12/31 2:45,0.025529442
2022/12/31 3:00,0.020924557
2022/12/31 3:15,0.012693807
2022/12/31 3:30,0.013582994
2022/12/31 3:45,0.01687212
2022/12/31 4:00,0.022464443
2022/12/31 4:15,0.04246041
2022/12/31 4:30,0.103368544
2022/12/31 4:45,0.165211018
2022/12/31 5:00,0.228918988
2022/12/31 5:15,0.28312203
2022/12/31 5:30,0.318311761
2022/12/31 5:45,0.355394034
2022/12/31 6:00,0.396257769
2022/12/31 6:15,0.437268667
2022/12/31 6:30,0.478102589
2022/12/31 6:45,0.517369155
2022/12/31 7:00,0.553497502
2022/12/31 7:15,0.56780488
2022/12/31 7:30,0.538467123
2022/12/31 7:45,0.520959341
2022/12/31 8:00,0.527108776
2022/12/31 8:15,0.512570718
2022/12/31 8:30,0.456655523
2022/12/31 8:45,0.428492005
2022/12/31 9:00,0.455830348
2022/12/31 9:15,0.494466913
2022/12/31 9:30,0.55569911
2022/12/31 9:45,0.563557287
2022/12/31 10:00,0.464667262
2022/12/31 10:15,0.375647641
2022/12/31 10:30,0.30636926
2022/12/31 10:45,0.260683639
2022/12/31 11:00,0.262184484
2022/12/31 11:15,0.241649718
2022/12/31 11:30,0.177045104
2022/12/31 11:45,0.137159252
2022/12/31 12:00,0.130795284
2022/12/31 12:15,0.141666049
2022/12/31 12:30,0.154922693
2022/12/31 12:45,0.173665012
2022/12/31 13:00,0.203378427
2022/12/31 13:15,0.217755669
2022/12/31 13:30,0.201460615
2022/12/31 13:45,0.191184296
2022/12/31 14:00,0.192945845
2022/12/31 14:15,0.203412265
2022/12/31 14:30,0.231289229
2022/12/31 14:45,0.256394319
2022/12/31 15:00,0.275956904
2022/12/31 15:15,0.310614782
2022/12/31 15:30,0.375464933
2022/12/31 15:45,0.420136096
2022/12/31 16:00,0.424646262
2022/12/31 16:15,0.427751131
2022/12/31 16:30,0.427505174
2022/12/31 16:45,0.426644627
2022/12/31 17:00,0.424557627
2022/12/31 17:15,0.426130962
2022/12/31 17:30,0.435027829
2022/12/31 17:45,0.438188659
2022/12/31 18:00,0.42988029
2022/12/31 18:15,0.425370447
2022/12/31 18:30,0.428460434
2022/12/31 18:45,0.432425261
2022/12/31 19:00,0.438142366
2022/12/31 19:15,0.44289155
2022/12/31 19:30,0.445707258
2022/12/31 19:45,0.448095181
2022/12/31 20:00,0.44962965
2022/12/31 20:15,0.453403915
2022/12/31 20:30,0.461659657
2022/12/31 20:45,0.467339482
2022/12/31 21:00,0.455257817
2022/12/31 21:15,0.434089261
2022/12/31 21:30,0.441667923
2022/12/31 21:45,0.44314453
2022/12/31 22:00,0.44652222
2022/12/31 22:15,0.449903117
2022/12/31 22:30,0.453291757
2022/12/31 22:45,0.45371277
2022/12/31 23:00,0.448199774
2022/12/31 23:15,0.445857077
2022/12/31 23:30,0.449856141
2022/12/31 23:45,0.459162157
2023/1/1 0:00,0.458614898
2023/1/1 0:15,0.460299579
2023/1/1 0:30,0.407343328
2023/1/1 0:45,0.367351992
2023/1/1 1:00,0.291285966
2023/1/1 1:15,0.181590596
2023/1/1 1:30,0.140545241
2023/1/1 1:45,0.115411216
2023/1/1 2:00,0.114136728
2023/1/1 2:15,0.100988588
2023/1/1 2:30,0.087587611
2023/1/1 2:45,0.075534111
2023/1/1 3:00,0.077765928
2023/1/1 3:15,0.082345928
2023/1/1 3:30,0.061804821
2023/1/1 3:45,0.070735786
2023/1/1 4:00,0.083658787
2023/1/1 4:15,0.078635202
2023/1/1 4:30,0.084354455
2023/1/1 4:45,0.074599333
2023/1/1 5:00,0.068544375
2023/1/1 5:15,0.059976233
2023/1/1 5:30,0.060530969
2023/1/1 5:45,0.064500516
2023/1/1 6:00,0.061318728
2023/1/1 6:15,0.062594624
2023/1/1 6:30,0.070259637
2023/1/1 6:45,0.086694558
2023/1/1 7:00,0.090000905
2023/1/1 7:15,0.079174518
2023/1/1 7:30,0.065236981
2023/1/1 7:45,0.057093159
2023/1/1 8:00,0.045733189
2023/1/1 8:15,0.043403942
2023/1/1 8:30,0.054413777
2023/1/1 8:45,0.063667413
2023/1/1 9:00,0.069410147
2023/1/1 9:15,0.071665166
2023/1/1 9:30,0.066946169
2023/1/1 9:45,0.061166015
2023/1/1 10:00,0.053264835
2023/1/1 10:15,0.049153426
2023/1/1 10:30,0.052622681
2023/1/1 10:45,0.053374641
2023/1/1 11:00,0.048692935
2023/1/1 11:15,0.047577138
2023/1/1 11:30,0.053593861
2023/1/1 11:45,0.055772272
2023/1/1 12:00,0.029724359
2023/1/1 12:15,0.029813256
2023/1/1 12:30,0.029453373
2023/1/1 12:45,0.028250419
2023/1/1 13:00,0.025362842
2023/1/1 13:15,0.022982829
2023/1/1 13:30,0.021619402
2023/1/1 13:45,0.02066715
2023/1/1 14:00,0.020538629
2023/1/1 14:15,0.019646415
2023/1/1 14:30,0.017228108
2023/1/1 14:45,0.01548959
2023/1/1 15:00,0.015111867
2023/1/1 15:15,0.014846556
2023/1/1 15:30,0.014562771
2023/1/1 15:45,0.014053098
2023/1/1 16:00,0.014011437
2023/1/1 16:15,0.013968571
2023/1/1 16:30,0.013924458
2023/1/1 16:45,0.016069111
2023/1/1 17:00,0.020441934
2023/1/1 17:15,0.020989533
2023/1/1 17:30,0.022727233
2023/1/1 17:45,0.02406299
2023/1/1 18:00,0.02459637
2023/1/1 18:15,0.024885815
2023/1/1 18:30,0.024689078
2023/1/1 18:45,0.023591149
2023/1/1 19:00,0.020692708
2023/1/1 19:15,0.019881059
2023/1/1 19:30,0.023245032
2023/1/1 19:45,0.024843302
2023/1/1 20:00,0.022912326
2023/1/1 20:15,0.021849772
2023/1/1 20:30,0.022526288
2023/1/1 20:45,0.02242911
2023/1/1 21:00,0.020786763
2023/1/1 21:15,0.058042094
2023/1/1 21:30,0.056595415
2023/1/1 21:45,0.043118659
2023/1/1 22:00,0.046068454
2023/1/1 22:15,0.037874431
2023/1/1 22:30,0.0269483
2023/1/1 22:45,0.026146698
2023/1/1 23:00,0.028051114
2023/1/1 23:15,0.019238499
2023/1/1 23:30,0.015074569
2023/1/1 23:45,0.015864908
2023/1/2 0:00,0.002762717
2023/1/2 0:15,0.002562248
2023/1/2 0:30,0.002596365
2023/1/2 0:45,0.003190297
2023/1/2 1:00,0.004901856
2023/1/2 1:15,0.007863803
2023/1/2 1:30,0.013323946
2023/1/2 1:45,0.015031006
2023/1/2 2:00,0.009228915
2023/1/2 2:15,0.006189031
2023/1/2 2:30,0.00867036
2023/1/2 2:45,0.010960138
2023/1/2 3:00,0.012863588
2023/1/2 3:15,0.016719749
2023/1/2 3:30,0.024478249
2023/1/2 3:45,0.026480953
2023/1/2 4:00,0.016969255
2023/1/2 4:15,0.010417708
2023/1/2 4:30,0.009784001
2023/1/2 4:45,0.00935973
2023/1/2 5:00,0.009352243
2023/1/2 5:15,0.010003211
2023/1/2 5:30,0.01196936
2023/1/2 5:45,0.014514112
2023/1/2 6:00,0.01821464
2023/1/2 6:15,0.020974411
2023/1/2 6:30,0.021851469
2023/1/2 6:45,0.027175227
2023/1/2 7:00,0.041391337
2023/1/2 7:15,0.049356667
2023/1/2 7:30,0.044819468
2023/1/2 7:45,0.034711151
2023/1/2 8:00,0.013459657
2023/1/2 8:15,0.006416842
2023/1/2 8:30,0.027790427
2023/1/2 8:45,0.046673195
2023/1/2 9:00,0.060573324
2023/1/2 9:15,0.070477362
2023/1/2 9:30,0.072388143
2023/1/2 9:45,0.074549986
2023/1/2 10:00,0.077212787
2023/1/2 10:15,0.096807151
2023/1/2 10:30,0.132308938
2023/1/2 10:45,0.124144228
2023/1/2 11:00,0.133672228
2023/1/2 11:15,0.100322331
2023/1/2 11:30,0.098703113
2023/1/2 11:45,0.13322737
2023/1/2 12:00,0.122795291
2023/1/2 12:15,0.123975255
2023/1/2 12:30,0.070523915
2023/1/2 12:45,0.131670823
2023/1/2 13:00,0.201121497
2023/1/2 13:15,0.273092216
2023/1/2 13:30,0.368122831
2023/1/2 13:45,0.375670898
2023/1/2 14:00,0.344571771
2023/1/2 14:15,0.327688848
2023/1/2 14:30,0.437251478
2023/1/2 14:45,0.541732985
2023/1/2 15:00,0.364734138
2023/1/2 15:15,0.349874794
2023/1/2 15:30,0.347558115
2023/1/2 15:45,0.327960999
2023/1/2 16:00,0.351434969
2023/1/2 16:15,0.230715527
2023/1/2 16:30,0.203234442
2023/1/2 16:45,0.187389036
2023/1/2 17:00,0.158970626
2023/1/2 17:15,0.176525128
2023/1/2 17:30,0.132130842
2023/1/2 17:45,0.106256868
2023/1/2 18:00,0.064175768
2023/1/2 18:15,0.025050954
2023/1/2 18:30,0.050350533
2023/1/2 18:45,0.063166551
2023/1/2 19:00,0.090616402
2023/1/2 19:15,0.084082257
2023/1/2 19:30,0.066631722
2023/1/2 19:45,0.162954362
2023/1/2 20:00,0.124858464
2023/1/2 20:15,0.150014095
2023/1/2 20:30,0.12095925
2023/1/2 20:45,0.132524784
2023/1/2 21:00,0.120898456
2023/1/2 21:15,0.093707466
2023/1/2 21:30,0.05393796
2023/1/2 21:45,0.089222366
2023/1/2 22:00,0.035291235
2023/1/2 22:15,0.009117587
2023/1/2 22:30,0.006139924
2023/1/2 22:45,0.006313805
2023/1/2 23:00,0.006489592
2023/1/2 23:15,0.006666935
2023/1/2 23:30,0.006845507
2023/1/2 23:45,0.007025003
2023/1/3 0:00,0.047857743
2023/1/3 0:15,0.066182529
2023/1/3 0:30,0.066923543
2023/1/3 0:45,0.069144713
2023/1/3 1:00,0.076484625
2023/1/3 1:15,0.0758976
2023/1/3 1:30,0.052337148
2023/1/3 1:45,0.074556271
2023/1/3 2:00,0.066623556
2023/1/3 2:15,0.065803587
2023/1/3 2:30,0.063313674
2023/1/3 2:45,0.059871249
2023/1/3 3:00,0.070794998
2023/1/3 3:15,0.061391108
2023/1/3 3:30,0.075806166
2023/1/3 3:45,0.076845287
2023/1/3 4:00,0.072307168
2023/1/3 4:15,0.064244785
2023/1/3 4:30,0.076225233
2023/1/3 4:45,0.075469697
2023/1/3 5:00,0.07054049
2023/1/3 5:15,0.073458994
2023/1/3 5:30,0.068341817
2023/1/3 5:45,0.059738348
2023/1/3 6:00,0.067991692
2023/1/3 6:15,0.068887093
2023/1/3 6:30,0.06646313
2023/1/3 6:45,0.057669188
2023/1/3 7:00,0.058973801
2023/1/3 7:15,0.063131181
2023/1/3 7:30,0.075793179
2023/1/3 7:45,0.063232834
2023/1/3 8:00,0.069478917
2023/1/3 8:15,0.043567882
2023/1/3 8:30,0.053819202
2023/1/3 8:45,0.058448393
2023/1/3 9:00,0.052340797
2023/1/3 9:15,0
2023/1/3 9:30,0
2023/1/3 9:45,0.071471275
2023/1/3 10:00,0.068150216
2023/1/3 10:15,0.056975424
2023/1/3 10:30,0.072680745
2023/1/3 10:45,0.075000241
2023/1/3 11:00,0.052772518
2023/1/3 11:15,0.033894026
2023/1/3 11:30,0
2023/1/3 11:45,0
2023/1/3 12:00,0.005784989
2023/1/3 12:15,0.005803931
2023/1/3 12:30,0.005818082
2023/1/3 12:45,0.005827712
2023/1/3 13:00,0.005833113
2023/1/3 13:15,0.005834589
2023/1/3 13:30,0.005832446
2023/1/3 13:45,0.00582699
2023/1/3 14:00,0.005818514
2023/1/3 14:15,0.005807298
2023/1/3 14:30,0.005793601
2023/1/3 14:45,0.005777658
2023/1/3 15:00,0.005759684
2023/1/3 15:15,0.007385985
2023/1/3 15:30,0.010696197
2023/1/3 15:45,0.011647327
2023/1/3 16:00,0.014545326
2023/1/3 16:15,0.017109926
2023/1/3 16:30,0.019009089
2023/1/3 16:45,0.031638988
2023/1/3 17:00,0.082703224
2023/1/3 17:15,0.097339096
2023/1/3 17:30,0.118496243
2023/1/3 17:45,0.129196979
2023/1/3 18:00,0.137330689
2023/1/3 18:15,0.173269399
2023/1/3 18:30,0.182505323
2023/1/3 18:45,0.345109758
2023/1/3 19:00,0.454120071
2023/1/3 19:15,0.511312278
2023/1/3 19:30,0.522615139
2023/1/3 19:45,0.306345439
2023/1/3 20:00,0.275689539
2023/1/3 20:15,0.293667917
2023/1/3 20:30,0.420703163
2023/1/3 20:45,0.46339099
2023/1/3 21:00,0.355919207
2023/1/3 21:15,0.446294361
2023/1/3 21:30,0.510497691
2023/1/3 21:45,0.53621344
2023/1/3 22:00,0.550468548
2023/1/3 22:15,0.54694051
2023/1/3 22:30,0.55956225
2023/1/3 22:45,0.487673676
2023/1/3 23:00,0.475686786
2023/1/3 23:15,0.477477083
2023/1/3 23:30,0.474271675
2023/1/3 23:45,0.562964793
2023/1/4 0:00,0.398085228
2023/1/4 0:15,0.564984174
2023/1/4 0:30,0.619693712
2023/1/4 0:45,0.540094756
2023/1/4 1:00,0.554956481
2023/1/4 1:15,0.494966692
2023/1/4 1:30,0.481114758
2023/1/4 1:45,0.47729925
2023/1/4 2:00,0.489176235
2023/1/4 2:15,0.47851617
2023/1/4 2:30,0.459520221
2023/1/4 2:45,0.421825819
2023/1/4 3:00,0.415255904
2023/1/4 3:15,0.495046995
2023/1/4 3:30,0.543497831
2023/1/4 3:45,0.481399961
2023/1/4 4:00,0.491574101
2023/1/4 4:15,0.365428167
2023/1/4 4:30,0.323482477
2023/1/4 4:45,0.328144117
2023/1/4 5:00,0.258577526
2023/1/4 5:15,0.285542198
2023/1/4 5:30,0.304792552
2023/1/4 5:45,0.307206521
2023/1/4 6:00,0.234398401
2023/1/4 6:15,0.213816363
2023/1/4 6:30,0.17094062
2023/1/4 6:45,0.12911012
2023/1/4 7:00,0.091888109
2023/1/4 7:15,0.099555374
2023/1/4 7:30,0.077890785
2023/1/4 7:45,0.0826058
2023/1/4 8:00,0.067663592
2023/1/4 8:15,0.09899454
2023/1/4 8:30,0.26636827
2023/1/4 8:45,0.280680461
2023/1/4 9:00,0.416701338
2023/1/4 9:15,0.455153259
2023/1/4 9:30,0.390421222
2023/1/4 9:45,0.369779579
2023/1/4 10:00,0.39743474
2023/1/4 10:15,0.344788927
2023/1/4 10:30,0.268104863
2023/1/4 10:45,0.148275114
2023/1/4 11:00,0.163279969
2023/1/4 11:15,0.258309995
2023/1/4 11:30,0.297737514
2023/1/4 11:45,0.34039641
2023/1/4 12:00,0.264912904
2023/1/4 12:15,0.308286806
2023/1/4 12:30,0.358479036
2023/1/4 12:45,0.31277713
2023/1/4 13:00,0.289900505
2023/1/4 13:15,0.273404272
2023/1/4 13:30,0.313996464
2023/1/4 13:45,0.296272998
2023/1/4 14:00,0.279700011
2023/1/4 14:15,0.251056719
2023/1/4 14:30,0.241910671
2023/1/4 14:45,0.286166671
2023/1/4 15:00,0.213935631
2023/1/4 15:15,0.18612398
2023/1/4 15:30,0.171904647
2023/1/4 15:45,0.134218764
2023/1/4 16:00,0.155116221
2023/1/4 16:15,0.12260574
2023/1/4 16:30,0.116363766
2023/1/4 16:45,0.110005007
2023/1/4 17:00,0.147362901
2023/1/4 17:15,0.133915277
2023/1/4 17:30,0.142019339
2023/1/4 17:45,0.117602229
2023/1/4 18:00,0.144516604
2023/1/4 18:15,0.156553986
2023/1/4 18:30,0.113240789
2023/1/4 18:45,0.145278508
2023/1/4 19:00,0.131458238
2023/1/4 19:15,0.169235208
2023/1/4 19:30,0.091141439
2023/1/4 19:45,0.103989866
2023/1/4 20:00,0.154385567
2023/1/4 20:15,0.159948825
2023/1/4 20:30,0.11159618
2023/1/4 20:45,0.151389606
2023/1/4 21:00,0.139942696
2023/1/4 21:15,0.112075613
2023/1/4 21:30,0.112199702
2023/1/4 21:45,0.087062917
2023/1/4 22:00,0.062211489
2023/1/4 22:15,0.049433614
2023/1/4 22:30,0.040065603
2023/1/4 22:45,0.039791439
2023/1/4 23:00,0.025965438
2023/1/4 23:15,0.033912775
2023/1/4 23:30,0.017168249
2023/1/4 23:45,0.016678116
2023/1/5 0:00,0.006346716
2023/1/5 0:15,0.006305382
2023/1/5 0:30,0.00756431
2023/1/5 0:45,0.0086035
2023/1/5 1:00,0.009201753
2023/1/5 1:15,0.009089722
2023/1/5 1:30,0.007556032
2023/1/5 1:45,0.005725267
2023/1/5 2:00,0.003299731
2023/1/5 2:15,0.001464483
2023/1/5 2:30,0.000809744
2023/1/5 2:45,0.00386585
2023/1/5 3:00,0.014344216
2023/1/5 3:15,0.024194379
2023/1/5 3:30,0.032789389
2023/1/5 3:45,0.046170615
2023/1/5 4:00,0.069126219
2023/1/5 4:15,0.082937736
2023/1/5 4:30,0.078463685
2023/1/5 4:45,0.079481132
2023/1/5 5:00,0.09148476
2023/1/5 5:15,0.099475982
2023/1/5 5:30,0.099446044
2023/1/5 5:45,0.099737659
2023/1/5 6:00,0.100676351
2023/1/5 6:15,0.101216282
2023/1/5 6:30,0.100962819
2023/1/5 6:45,0.100864142
2023/1/5 7:00,0.101079168
2023/1/5 7:15,0.101302143
2023/1/5 7:30,0.101545026
2023/1/5 7:45,0.101709617
2023/1/5 8:00,0.101721407
2023/1/5 8:15,0.10174795
2023/1/5 8:30,0.101807492
2023/1/5 8:45,0.1014321
2023/1/5 9:00,0.100190017
2023/1/5 9:15,0.099337804
2023/1/5 9:30,0.09926818
2023/1/5 9:45,0.098935381
2023/1/5 10:00,0.098078761
2023/1/5 10:15,0.096288149
2023/1/5 10:30,0.092631779
2023/1/5 10:45,0.0876577
2023/1/5 11:00,0.109826174
2023/1/5 11:15,0.113148816
2023/1/5 11:30,0.124570233
2023/1/5 11:45,0.109479141
2023/1/5 12:00,0.069339435
2023/1/5 12:15,0.046652233
2023/1/5 12:30,0.061388234
2023/1/5 12:45,0.081984354
2023/1/5 13:00,0.068637976
2023/1/5 13:15,0.066432986
2023/1/5 13:30,0.0865953
2023/1/5 13:45,0.114514145
2023/1/5 14:00,0.126537654
2023/1/5 14:15,0.122259389
2023/1/5 14:30,0.096288775
2023/1/5 14:45,0.141583551
2023/1/5 15:00,0.120444934
2023/1/5 15:15,0.107084676
2023/1/5 15:30,0.09068193
2023/1/5 15:45,0.084471606
2023/1/5 16:00,0.098746752
2023/1/5 16:15,0.08780574
2023/1/5 16:30,0.070237612
2023/1/5 16:45,0.04805594
2023/1/5 17:00,0.052673425
2023/1/5 17:15,0.052767082
2023/1/5 17:30,0.02809358
2023/1/5 17:45,0.027607438
2023/1/5 18:00,0.012496283
2023/1/5 18:15,0.012195142
2023/1/5 18:30,0.029566172
2023/1/5 18:45,0.122927136
2023/1/5 19:00,0.132248001
2023/1/5 19:15,0.091566835
2023/1/5 19:30,0.090643703
2023/1/5 19:45,0.169578358
2023/1/5 20:00,0.175707671
2023/1/5 20:15,0.106447419
2023/1/5 20:30,0.105417853
2023/1/5 20:45,0.068263422
2023/1/5 21:00,0.068201497
2023/1/5 21:15,0.052428149
2023/1/5 21:30,0.051074315
2023/1/5 21:45,0.0826802
2023/1/5 22:00,0.097058446
2023/1/5 22:15,0.112047844
2023/1/5 22:30,0.152951953
2023/1/5 22:45,0.177850386
2023/1/5 23:00,0.25675821
2023/1/5 23:15,0.259172901
2023/1/5 23:30,0.25885679
2023/1/5 23:45,0.29326088
2023/1/6 0:00,0.328636338
2023/1/6 0:15,0.334175343
2023/1/6 0:30,0.324603296
2023/1/6 0:45,0.362818974
2023/1/6 1:00,0.393895664
2023/1/6 1:15,0.434067912
2023/1/6 1:30,0.497064266
2023/1/6 1:45,0.529919758
2023/1/6 2:00,0.511702177
2023/1/6 2:15,0.491727605
2023/1/6 2:30,0.535553119
2023/1/6 2:45,0.551179955
2023/1/6 3:00,0.591343773
2023/1/6 3:15,0.705847664
2023/1/6 3:30,0.761848596
2023/1/6 3:45,0.753126003
2023/1/6 4:00,0.787443569
2023/1/6 4:15,0.776553839
2023/1/6 4:30,0.768853523
2023/1/6 4:45,0.731116655
2023/1/6 5:00,0.769444375
2023/1/6 5:15,0.677725152
2023/1/6 5:30,0.68920351
2023/1/6 5:45,0.864891248
2023/1/6 6:00,0.941001921
2023/1/6 6:15,0.949981191
2023/1/6 6:30,0.950620626
2023/1/6 6:45,0.936494902
2023/1/6 7:00,0.669485336
2023/1/6 7:15,0.950489267
2023/1/6 7:30,0.983672363
2023/1/6 7:45,0.97820803
2023/1/6 8:00,0.989544551
2023/1/6 8:15,0.723968185
2023/1/6 8:30,0.653923649
2023/1/6 8:45,0.719325007
2023/1/6 9:00,0.64438995
2023/1/6 9:15,0.683902173
2023/1/6 9:30,0.74506029
2023/1/6 9:45,0.955699301
2023/1/6 10:00,0.974509623
2023/1/6 10:15,0.995255526
2023/1/6 10:30,0.918212304
2023/1/6 10:45,0.980149177
2023/1/6 11:00,0.993036495
2023/1/6 11:15,0.975967338
2023/1/6 11:30,0.860099137
2023/1/6 11:45,0.666621251
2023/1/6 12:00,0.535634362
2023/1/6 12:15,0.515676162
2023/1/6 12:30,0.490762638
2023/1/6 12:45,0.440923118
2023/1/6 13:00,0.468539247
2023/1/6 13:15,0.550116071
2023/1/6 13:30,0.549863222
2023/1/6 13:45,0.593266691
2023/1/6 14:00,0.602538882
2023/1/6 14:15,0.710650908
2023/1/6 14:30,0.729235375
2023/1/6 14:45,0.877519195
2023/1/6 15:00,0.782801761
2023/1/6 15:15,0.826394048
2023/1/6 15:30,0.691196136
2023/1/6 15:45,0.802022798
2023/1/6 16:00,0.708510064
2023/1/6 16:15,0.909042611
2023/1/6 16:30,0.909770431
2023/1/6 16:45,0.909775735
2023/1/6 17:00,0.906924566
2023/1/6 17:15,0.856147453
2023/1/6 17:30,0.440951236
2023/1/6 17:45,0.497234629
2023/1/6 18:00,0.538425854
2023/1/6 18:15,0.57736477
2023/1/6 18:30,0.556221967
2023/1/6 18:45,0.371618969
2023/1/6 19:00,0.011310901
2023/1/6 19:15,0.494242072
2023/1/6 19:30,0.796051609
2023/1/6 19:45,0.760515892
2023/1/6 20:00,0.862562663
2023/1/6 20:15,0.872599631
2023/1/6 20:30,0.88098779
2023/1/6 20:45,0.902129623
2023/1/6 21:00,0.765070277
2023/1/6 21:15,0.863770865
2023/1/6 21:30,0.912120791
2023/1/6 21:45,0.912700547
2023/1/6 22:00,0.723423271
2023/1/6 22:15,0.917221225
2023/1/6 22:30,0.23017989
2023/1/6 22:45,0.793714879
2023/1/6 23:00,0.914604489
2023/1/6 23:15,0.774318377
2023/1/6 23:30,0.476030626
2023/1/6 23:45,0.65330865
2023/1/7 0:00,0.723867788
2023/1/7 0:15,0.618361443
2023/1/7 0:30,0.013118134
2023/1/7 0:45,0.013239861
2023/1/7 1:00,0.497505746
2023/1/7 1:15,0.87301997
2023/1/7 1:30,0.84023694
2023/1/7 1:45,0.797296801
2023/1/7 2:00,0.681515553
2023/1/7 2:15,0.568377719
2023/1/7 2:30,0.420568141
2023/1/7 2:45,0.415188411
2023/1/7 3:00,0.503563159
2023/1/7 3:15,0.556776612
2023/1/7 3:30,0.444510682
2023/1/7 3:45,0.379838267
2023/1/7 4:00,0.345330072
2023/1/7 4:15,0.328841104
2023/1/7 4:30,0.349789487
2023/1/7 4:45,0.429195932
2023/1/7 5:00,0.409715638
2023/1/7 5:15,0.333295087
2023/1/7 5:30,0.281459154
2023/1/7 5:45,0.288847796
2023/1/7 6:00,0.34372812
2023/1/7 6:15,0.305333809
2023/1/7 6:30,0.336415537
2023/1/7 6:45,0.271552221
2023/1/7 7:00,0.263554155
2023/1/7 7:15,0.283797157
2023/1/7 7:30,0.260073726
2023/1/7 7:45,0.284948693
2023/1/7 8:00,0.226935266
2023/1/7 8:15,0.191655625
2023/1/7 8:30,0.186073827
2023/1/7 8:45,0.148245869
2023/1/7 9:00,0.106470864
2023/1/7 9:15,0.140766355
2023/1/7 9:30,0.138962631
2023/1/7 9:45,0.121824568
2023/1/7 10:00,0.093207831
2023/1/7 10:15,0.087925475
2023/1/7 10:30,0.074109891
2023/1/7 10:45,0.077087233
2023/1/7 11:00,0.051263809
2023/1/7 11:15,0.034085362
2023/1/7 11:30,0.022619421
2023/1/7 11:45,0.035729793
2023/1/7 12:00,0.045092371
2023/1/7 12:15,0.032251293
2023/1/7 12:30,0.023505055
2023/1/7 12:45,0.023489121
2023/1/7 13:00,0.023472297
2023/1/7 13:15,0.02345492
2023/1/7 13:30,0.023437324
2023/1/7 13:45,0.023419832
2023/1/7 14:00,0.023402758
2023/1/7 14:15,0.023386406
2023/1/7 14:30,0.023371066
2023/1/7 14:45,0.023357015
2023/1/7 15:00,0.023344515
2023/1/7 15:15,0.023333813
2023/1/7 15:30,0.023325136
2023/1/7 15:45,0.023318691
2023/1/7 16:00,0.023314664
2023/1/7 16:15,0.023313215
2023/1/7 16:30,0.02331448
2023/1/7 16:45,0.023318568
2023/1/7 17:00,0.026153853
2023/1/7 17:15,0.0233355
2023/1/7 17:30,0.023348417
2023/1/7 17:45,0.023364302
2023/1/7 18:00,0.023383119
2023/1/7 18:15,0.023404813
2023/1/7 18:30,0.023429305
2023/1/7 18:45,0.023456496
2023/1/7 19:00,0.023486275
2023/1/7 19:15,0.023518522
2023/1/7 19:30,0.023553109
2023/1/7 19:45,0.023589907
2023/1/7 20:00,0.023628792
2023/1/7 20:15,0.026632446
2023/1/7 20:30,0.028342196
2023/1/7 20:45,0.051871369
2023/1/7 21:00,0.129308206
2023/1/7 21:15,0.104979255
2023/1/7 21:30,0.105928214
2023/1/7 21:45,0.165590405
2023/1/7 22:00,0.229064257
2023/1/7 22:15,0.260260643
2023/1/7 22:30,0.340936325
2023/1/7 22:45,0.413811325
2023/1/7 23:00,0.441554351
2023/1/7 23:15,0.481259067
2023/1/7 23:30,0.42985469
2023/1/7 23:45,0.299541578
2023/1/8 0:00,0.339909942
2023/1/8 0:15,0.37045713
2023/1/8 0:30,0.375380971
2023/1/8 0:45,0.317903178
2023/1/8 1:00,0.38749482
2023/1/8 1:15,0.41446523
2023/1/8 1:30,0.368270607
2023/1/8 1:45,0.446647108
2023/1/8 2:00,0.600824441
2023/1/8 2:15,0.634860225
2023/1/8 2:30,0.553546057
2023/1/8 2:45,0.682705471
2023/1/8 3:00,0.756286373
2023/1/8 3:15,0.744332566
2023/1/8 3:30,0.805018147
2023/1/8 3:45,0.80936287
2023/1/8 4:00,0.858346633
2023/1/8 4:15,0.816623755
2023/1/8 4:30,0.917176195
2023/1/8 4:45,0.918932856
2023/1/8 5:00,0.9192335
2023/1/8 5:15,0.919169643
2023/1/8 5:30,0.862873539
2023/1/8 5:45,0.02038169
2023/1/8 6:00,0.028023904
2023/1/8 6:15,0.028416084
2023/1/8 6:30,0.024614211
2023/1/8 6:45,0.023843436
2023/1/8 7:00,0.024377097
2023/1/8 7:15,0.756264519
2023/1/8 7:30,0.925506705
2023/1/8 7:45,0.922742826
2023/1/8 8:00,0.922359306
2023/1/8 8:15,0.921512089
2023/1/8 8:30,0.9207334
2023/1/8 8:45,0.9204138
2023/1/8 9:00,0.920594003
2023/1/8 9:15,0.92043538
2023/1/8 9:30,0.920539156
2023/1/8 9:45,0.213236455
2023/1/8 10:00,0.02110936
2023/1/8 10:15,0.641895028
2023/1/8 10:30,0.920502653
2023/1/8 10:45,0.916037821
2023/1/8 11:00,0.920628758
2023/1/8 11:15,0.920453389
2023/1/8 11:30,0.919205963
2023/1/8 11:45,0.921535081
2023/1/8 12:00,0.912987134
2023/1/8 12:15,0.605118408
2023/1/8 12:30,0.013701814
2023/1/8 12:45,0.013706198
2023/1/8 13:00,0.155333079
2023/1/8 13:15,0.899323982
2023/1/8 13:30,0.904141342
2023/1/8 13:45,0.800128727
2023/1/8 14:00,0.88009491
2023/1/8 14:15,0.905773233
2023/1/8 14:30,0.892693178
2023/1/8 14:45,0.892064147
2023/1/8 15:00,0.870378838
2023/1/8 15:15,0.858808121
2023/1/8 15:30,0.886227976
2023/1/8 15:45,0.767221925
2023/1/8 16:00,0.696041309
2023/1/8 16:15,0.773070572
2023/1/8 16:30,0.692328506
2023/1/8 16:45,0.617293882
2023/1/8 17:00,0.733258861
2023/1/8 17:15,0.695237037
2023/1/8 17:30,0.505129894
2023/1/8 17:45,0.506340536
2023/1/8 18:00,0.464718874
2023/1/8 18:15,0.369566001
2023/1/8 18:30,0.225154563
2023/1/8 18:45,0.241181617
2023/1/8 19:00,0.225722231
2023/1/8 19:15,0.340052053
2023/1/8 19:30,0.336077837
2023/1/8 19:45,0.363612087
2023/1/8 20:00,0.293595336
2023/1/8 20:15,0.350195008
2023/1/8 20:30,0.354553564
2023/1/8 20:45,0.367045878
2023/1/8 21:00,0.351899884
2023/1/8 21:15,0.371339698
2023/1/8 21:30,0.342285394
2023/1/8 21:45,0.251406445
2023/1/8 22:00,0.212289809
2023/1/8 22:15,0.190007957
2023/1/8 22:30,0.183294033
2023/1/8 22:45,0.193721317
2023/1/8 23:00,0.226290596
2023/1/8 23:15,0.215319268
2023/1/8 23:30,0.18647673
2023/1/8 23:45,0.162193987
2023/1/9 0:00,0.168065091
2023/1/9 0:15,0.137601556
2023/1/9 0:30,0.107922588
2023/1/9 0:45,0.105952332
2023/1/9 1:00,0.060314117
2023/1/9 1:15,0.0567074
2023/1/9 1:30,0.067137646
2023/1/9 1:45,0.040721614
2023/1/9 2:00,0.039546311
2023/1/9 2:15,0.040418683
2023/1/9 2:30,0.045075648
2023/1/9 2:45,0.050980395
2023/1/9 3:00,0.059377427
2023/1/9 3:15,0.063468635
2023/1/9 3:30,0.058944749
2023/1/9 3:45,0.054874823
2023/1/9 4:00,0.051709437
2023/1/9 4:15,0.064217635
2023/1/9 4:30,0.107247109
2023/1/9 4:45,0.110887281
2023/1/9 5:00,0.092752984
2023/1/9 5:15,0.072385438
2023/1/9 5:30,0.067602112
2023/1/9 5:45,0.032226531
2023/1/9 6:00,0.031728657
2023/1/9 6:15,0.031831903
2023/1/9 6:30,0.029242475
2023/1/9 6:45,0.023979648
2023/1/9 7:00,0.024077984
2023/1/9 7:15,0.024173843
2023/1/9 7:30,0.024266857
2023/1/9 7:45,0.024356692
2023/1/9 8:00,0.02444305
2023/1/9 8:15,0.024525666
2023/1/9 8:30,0.024604305
2023/1/9 8:45,0.024678765
2023/1/9 9:00,0.024748868
2023/1/9 9:15,0.024814459
2023/1/9 9:30,0.024875403
2023/1/9 9:45,0.028731582
2023/1/9 10:00,0.036422355
2023/1/9 10:15,0.036627862
2023/1/9 10:30,0.037146659
2023/1/9 10:45,0.037926701
2023/1/9 11:00,0.039234299
2023/1/9 11:15,0.040550859
2023/1/9 11:30,0.041890568
2023/1/9 11:45,0.042943347
2023/1/9 12:00,0.01616802
2023/1/9 12:15,0.016245377
2023/1/9 12:30,0.016316435
2023/1/9 12:45,0.016381155
2023/1/9 13:00,0.016561213
2023/1/9 13:15,0.031294752
2023/1/9 13:30,0.035715838
2023/1/9 13:45,0.106366458
2023/1/9 14:00,0.143824537
2023/1/9 14:15,0.158290147
2023/1/9 14:30,0.231674499
2023/1/9 14:45,0.275792134
2023/1/9 15:00,0.307176919
2023/1/9 15:15,0.468093979
2023/1/9 15:30,0.374565812
2023/1/9 15:45,0.397612132
2023/1/9 16:00,0.564016792
2023/1/9 16:15,0.426585951
2023/1/9 16:30,0.509801369
2023/1/9 16:45,0.366398173
2023/1/9 17:00,0.451508958
2023/1/9 17:15,0.325774588
2023/1/9 17:30,0.338551678
2023/1/9 17:45,0.206367222
2023/1/9 18:00,0.269061917
2023/1/9 18:15,0.219578698
2023/1/9 18:30,0.19075262
2023/1/9 18:45,0.255313825
2023/1/9 19:00,0.34672583
2023/1/9 19:15,0.33074044
2023/1/9 19:30,0.384721918
2023/1/9 19:45,0.59042365
2023/1/9 20:00,0.368978116
2023/1/9 20:15,0.241804911
2023/1/9 20:30,0.335202778
2023/1/9 20:45,0.391855517
2023/1/9 21:00,0.552186279
2023/1/9 21:15,0.593812297
2023/1/9 21:30,0.369229627
2023/1/9 21:45,0.462815816
2023/1/9 22:00,0.407390556
2023/1/9 22:15,0.508715962
2023/1/9 22:30,0.486792983
2023/1/9 22:45,0.324760989
2023/1/9 23:00,0.281731325
2023/1/9 23:15,0.267914746
2023/1/9 23:30,0.26498119
2023/1/9 23:45,0.264339783
2023/1/10 0:00,0.277961072
2023/1/10 0:15,0.249571996
2023/1/10 0:30,0.181067386
2023/1/10 0:45,0.179595797
2023/1/10 1:00,0.16890259
2023/1/10 1:15,0.301277515
2023/1/10 1:30,0.357620815
2023/1/10 1:45,0.476822322
2023/1/10 2:00,0.382318176
2023/1/10 2:15,0.295089477
2023/1/10 2:30,0.425155373
2023/1/10 2:45,0.482755033
2023/1/10 3:00,0.402995589
2023/1/10 3:15,0.430144576
2023/1/10 3:30,0.454101807
2023/1/10 3:45,0.482283482
2023/1/10 4:00,0.466296311
2023/1/10 4:15,0.45249858
2023/1/10 4:30,0.484874155
2023/1/10 4:45,0.509614004
2023/1/10 5:00,0.361334828
2023/1/10 5:15,0.332288127
2023/1/10 5:30,0.410460635
2023/1/10 5:45,0.496753595
2023/1/10 6:00,0.523712317
2023/1/10 6:15,0.575294987
2023/1/10 6:30,0.519412205
2023/1/10 6:45,0.609876208
2023/1/10 7:00,0.699075905
2023/1/10 7:15,0.738726043
2023/1/10 7:30,0.798089322
2023/1/10 7:45,0.558175091
2023/1/10 8:00,0.690568557
2023/1/10 8:15,0.554743241
2023/1/10 8:30,0.540641293
2023/1/10 8:45,0.61210592
2023/1/10 9:00,0.783456176
2023/1/10 9:15,0.646553421
2023/1/10 9:30,0.640479016
2023/1/10 9:45,0.707785512
2023/1/10 10:00,0.664201971
2023/1/10 10:15,0.817741736
2023/1/10 10:30,0.802461431
2023/1/10 10:45,0.781913125
2023/1/10 11:00,0.862802047
2023/1/10 11:15,0.914373897
2023/1/10 11:30,0.917324319
2023/1/10 11:45,0.922731058
2023/1/10 12:00,0.921548707
2023/1/10 12:15,0.921027456
2023/1/10 12:30,0.921496866
2023/1/10 12:45,0.921556628
2023/1/10 13:00,0.92119165
2023/1/10 13:15,0.921135698
2023/1/10 13:30,0.92153059
2023/1/10 13:45,0.874417745
2023/1/10 14:00,0.700310349
2023/1/10 14:15,0.920707591
2023/1/10 14:30,0.944557647
2023/1/10 14:45,0.954718694
2023/1/10 15:00,0.967943782
2023/1/10 15:15,0.973838306
2023/1/10 15:30,0.978109259
2023/1/10 15:45,0.996857325
2023/1/10 16:00,0.980967312
2023/1/10 16:15,0.992086377
2023/1/10 16:30,0.987344967
2023/1/10 16:45,1
2023/1/10 17:00,0.996853647
2023/1/10 17:15,0.98494303
2023/1/10 17:30,0.98865687
2023/1/10 17:45,0.985720188
2023/1/10 18:00,0.966355763
2023/1/10 18:15,0.987551896
2023/1/10 18:30,0.973240653
2023/1/10 18:45,0.956317464
2023/1/10 19:00,0.793747188
2023/1/10 19:15,0.84135116
2023/1/10 19:30,0.954670484
2023/1/10 19:45,0.718797326
2023/1/10 20:00,0.651222936
2023/1/10 20:15,0.731503524
2023/1/10 20:30,0.54269973
2023/1/10 20:45,0.363700109
2023/1/10 21:00,0.316893047
2023/1/10 21:15,0.251203572
2023/1/10 21:30,0.22085285
2023/1/10 21:45,0.184643881
2023/1/10 22:00,0.170070428
2023/1/10 22:15,0.140399272
2023/1/10 22:30,0.184539322
2023/1/10 22:45,0.201195598
2023/1/10 23:00,0.162423353
2023/1/10 23:15,0.114244706
2023/1/10 23:30,0.113537854
2023/1/10 23:45,0.147765421
2023/1/11 0:00,0.155719047
2023/1/11 0:15,0.149616197
2023/1/11 0:30,0.147132488
2023/1/11 0:45,0.143016229
2023/1/11 1:00,0.144788845
2023/1/11 1:15,0.14559565
2023/1/11 1:30,0.151429189
2023/1/11 1:45,0.161123213
2023/1/11 2:00,0.172172064
2023/1/11 2:15,0.26574861
2023/1/11 2:30,0.214992251
2023/1/11 2:45,0.153049727
2023/1/11 3:00,0.117169025
2023/1/11 3:15,0.147723737
2023/1/11 3:30,0.18308288
2023/1/11 3:45,0.214343587
2023/1/11 4:00,0.22639786
2023/1/11 4:15,0.218502396
2023/1/11 4:30,0.240224265
2023/1/11 4:45,0.285063761
2023/1/11 5:00,0.268923724
2023/1/11 5:15,0.284239736
2023/1/11 5:30,0.335962732
2023/1/11 5:45,0.397845493
2023/1/11 6:00,0.477997402
2023/1/11 6:15,0.528459317
2023/1/11 6:30,0.545355188
2023/1/11 6:45,0.518280237
2023/1/11 7:00,0.491702177
2023/1/11 7:15,0.515700948
2023/1/11 7:30,0.63040947
2023/1/11 7:45,0.459119177
2023/1/11 8:00,0.44704148
2023/1/11 8:15,0.563694609
2023/1/11 8:30,0.467671695
2023/1/11 8:45,0.396501218
2023/1/11 9:00,0.477941332
2023/1/11 9:15,0.442193602
2023/1/11 9:30,0.60926633
2023/1/11 9:45,0.660235552
2023/1/11 10:00,0.643254398
2023/1/11 10:15,0.690391314
2023/1/11 10:30,0.558446323
2023/1/11 10:45,0.564372136
2023/1/11 11:00,0.612616655
2023/1/11 11:15,0.79889162
2023/1/11 11:30,0.899879803
2023/1/11 11:45,0.913582846
2023/1/11 12:00,0.752017994
2023/1/11 12:15,0.732954911
2023/1/11 12:30,0.697842919
2023/1/11 12:45,0.78629248
2023/1/11 13:00,0.95241027
2023/1/11 13:15,0.845708844
2023/1/11 13:30,0.876219273
2023/1/11 13:45,0.855011759
2023/1/11 14:00,0.977938082
2023/1/11 14:15,0.987676861
2023/1/11 14:30,0.982423334
2023/1/11 14:45,0.996697063
2023/1/11 15:00,0.981720584
2023/1/11 15:15,0.418040068
2023/1/11 15:30,0.08060847
2023/1/11 15:45,0.167962039
2023/1/11 16:00,0.960205314
2023/1/11 16:15,0.952754664
2023/1/11 16:30,0.900979547
2023/1/11 16:45,0.814688968
2023/1/11 17:00,0.931065671
2023/1/11 17:15,0.741913702
2023/1/11 17:30,0.759600349
2023/1/11 17:45,0.732513659
2023/1/11 18:00,0.649813867
2023/1/11 18:15,0.469107073
2023/1/11 18:30,0.417006076
2023/1/11 18:45,0.354839923
2023/1/11 19:00,0.295093219
2023/1/11 19:15,0.354479107
2023/1/11 19:30,0.368969255
2023/1/11 19:45,0.209562596
2023/1/11 20:00,0.215204061
2023/1/11 20:15,0.215055333
2023/1/11 20:30,0.183069996
2023/1/11 20:45,0.165258852
2023/1/11 21:00,0.118156609
2023/1/11 21:15,0.127685731
2023/1/11 21:30,0.14751646
2023/1/11 21:45,0.1783457
2023/1/11 22:00,0.152865822
2023/1/11 22:15,0.156008135
2023/1/11 22:30,0.141349953
2023/1/11 22:45,0.136634042
2023/1/11 23:00,0.140565741
2023/1/11 23:15,0.139034989
2023/1/11 23:30,0.138801879
2023/1/11 23:45,0.144309239
2023/1/12 0:00,0.125210882
2023/1/12 0:15,0.169401572
2023/1/12 0:30,0.179257097
2023/1/12 0:45,0.165394564
2023/1/12 1:00,0.149891607
2023/1/12 1:15,0.139615997
2023/1/12 1:30,0.124338799
2023/1/12 1:45,0.256992432
2023/1/12 2:00,0.308217758
2023/1/12 2:15,0.257816164
2023/1/12 2:30,0.220211785
2023/1/12 2:45,0.172182621
2023/1/12 3:00,0.151750042
2023/1/12 3:15,0.113547719
2023/1/12 3:30,0.125515912
2023/1/12 3:45,0.132945159
2023/1/12 4:00,0.153673972
2023/1/12 4:15,0.267091912
2023/1/12 4:30,0.28934189
2023/1/12 4:45,0.350158833
2023/1/12 5:00,0.349106502
2023/1/12 5:15,0.407100605
2023/1/12 5:30,0.424347102
2023/1/12 5:45,0.744347854
2023/1/12 6:00,0.714386046
2023/1/12 6:15,0.434664211
2023/1/12 6:30,0.324006215
2023/1/12 6:45,0.305192546
2023/1/12 7:00,0.386454385
2023/1/12 7:15,0.453047264
2023/1/12 7:30,0.446250648
2023/1/12 7:45,0.466951875
2023/1/12 8:00,0.691034615
2023/1/12 8:15,0.729497269
2023/1/12 8:30,0.912482969
2023/1/12 8:45,0.746942733
2023/1/12 9:00,0.590810158
2023/1/12 9:15,0.612866586
2023/1/12 9:30,0.527899236
2023/1/12 9:45,0.540834792
2023/1/12 10:00,0.592788112
2023/1/12 10:15,0.46955227
2023/1/12 10:30,0.442984083
2023/1/12 10:45,0.578503806
2023/1/12 11:00,0.649563396
2023/1/12 11:15,0.783051073
2023/1/12 11:30,0.681624002
2023/1/12 11:45,0.647542053
2023/1/12 12:00,0.587176654
2023/1/12 12:15,0.55062735
2023/1/12 12:30,0.485249046
2023/1/12 12:45,0.381927091
2023/1/12 13:00,0.303485525
2023/1/12 13:15,0.288876458
2023/1/12 13:30,0.397130261
2023/1/12 13:45,0.504193785
2023/1/12 14:00,0.356274662
2023/1/12 14:15,0.388675886
2023/1/12 14:30,0.530079591
2023/1/12 14:45,0.585023562
2023/1/12 15:00,0.758413688
2023/1/12 15:15,0.827434265
2023/1/12 15:30,0.878808174
2023/1/12 15:45,0.944361718
2023/1/12 16:00,0.950994043
2023/1/12 16:15,0.960249277
2023/1/12 16:30,0.971133322
2023/1/12 16:45,0.955233839
2023/1/12 17:00,0.955708861
2023/1/12 17:15,0.939709814
2023/1/12 17:30,0.843127792
2023/1/12 17:45,0.908566179
2023/1/12 18:00,0.935223019
2023/1/12 18:15,0.778666183
2023/1/12 18:30,0.808606358
2023/1/12 18:45,0.838596237
2023/1/12 19:00,0.867320029
2023/1/12 19:15,0.899333744
2023/1/12 19:30,0.566378597
2023/1/12 19:45,0.666873116
2023/1/12 20:00,0.620457494
2023/1/12 20:15,0.57739602
2023/1/12 20:30,0.609630676
2023/1/12 20:45,0.577530784
2023/1/12 21:00,0.557865838
2023/1/12 21:15,0.368410034
2023/1/12 21:30,0.372206085
2023/1/12 21:45,0.303699663
2023/1/12 22:00,0.327153243
2023/1/12 22:15,0.407664296
2023/1/12 22:30,0.416118415
2023/1/12 22:45,0.408434005
2023/1/12 23:00,0.342573278
2023/1/12 23:15,0.342654901
2023/1/12 23:30,0.353036715
2023/1/12 23:45,0.335848327
2023/1/13 0:00,0.307961674
2023/1/13 0:15,0.302067399
2023/1/13 0:30,0.297634411
2023/1/13 0:45,0.288445753
2023/1/13 1:00,0.270606543
2023/1/13 1:15,0.285719112
2023/1/13 1:30,0.251866234
2023/1/13 1:45,0.216423959
2023/1/13 2:00,0.238648083
2023/1/13 2:15,0.168539215
2023/1/13 2:30,0.151791745
2023/1/13 2:45,0.134409229
2023/1/13 3:00,0.151135122
2023/1/13 3:15,0.191242341
2023/1/13 3:30,0.181055162
2023/1/13 3:45,0.139323741
2023/1/13 4:00,0.173050076
2023/1/13 4:15,0.27067663
2023/1/13 4:30,0.277319224
2023/1/13 4:45,0.300555827
2023/1/13 5:00,0.30749872
2023/1/13 5:15,0.349431143
2023/1/13 5:30,0.321336566
2023/1/13 5:45,0.374211858
2023/1/13 6:00,0.487711528
2023/1/13 6:15,0.46449551
2023/1/13 6:30,0.394648981
2023/1/13 6:45,0.362249383
2023/1/13 7:00,0.429594063
2023/1/13 7:15,0.378665731
2023/1/13 7:30,0.326977932
2023/1/13 7:45,0.297480666
2023/1/13 8:00,0.220176461
2023/1/13 8:15,0.163544828
2023/1/13 8:30,0.203979675
2023/1/13 8:45,0.184330977
2023/1/13 9:00,0.195152849
2023/1/13 9:15,0.194839473
2023/1/13 9:30,0.183993728
2023/1/13 9:45,0.147932854
2023/1/13 10:00,0.132323566
2023/1/13 10:15,0.187406839
2023/1/13 10:30,0.221515528
2023/1/13 10:45,0.33455262
2023/1/13 11:00,0.327623446
2023/1/13 11:15,0.251977592
2023/1/13 11:30,0.165591601
2023/1/13 11:45,0.077339716
2023/1/13 12:00,0.066035718
2023/1/13 12:15,0.079856473
2023/1/13 12:30,0.044077035
2023/1/13 12:45,0.044883926
2023/1/13 13:00,0.042570988
2023/1/13 13:15,0.081212481
2023/1/13 13:30,0.128185888
2023/1/13 13:45,0.182833736
2023/1/13 14:00,0.20893835
2023/1/13 14:15,0.310180133
2023/1/13 14:30,0.46495651
2023/1/13 14:45,0.569109918
2023/1/13 15:00,0.778038163
2023/1/13 15:15,0.674998752
2023/1/13 15:30,0.66571901
2023/1/13 15:45,0.414554413
2023/1/13 16:00,0.354067301
2023/1/13 16:15,0.303704474
2023/1/13 16:30,0.328945967
2023/1/13 16:45,0.287128048
2023/1/13 17:00,0.329042847
2023/1/13 17:15,0.241594547
2023/1/13 17:30,0.168801787
2023/1/13 17:45,0.113285151
2023/1/13 18:00,0.092388788
2023/1/13 18:15,0.091810177
2023/1/13 18:30,0.098881932
2023/1/13 18:45,0.112596479
2023/1/13 19:00,0.140310105
2023/1/13 19:15,0.171925544
2023/1/13 19:30,0.18957692
2023/1/13 19:45,0.213424468
2023/1/13 20:00,0.212379684
2023/1/13 20:15,0.199993779
2023/1/13 20:30,0.21880535
2023/1/13 20:45,0.333982303
2023/1/13 21:00,0.467072959
2023/1/13 21:15,0.225042779
2023/1/13 21:30,0.198510296
2023/1/13 21:45,0.27866855
2023/1/13 22:00,0.25687958
2023/1/13 22:15,0.509902501
2023/1/13 22:30,0.609092376
2023/1/13 22:45,0.734972517
2023/1/13 23:00,0.811929797
2023/1/13 23:15,0.868241621
2023/1/13 23:30,0.882461305
2023/1/13 23:45,0.628146933
2023/1/14 0:00,0.33910545
2023/1/14 0:15,0.42077305
2023/1/14 0:30,0.585963044
2023/1/14 0:45,0.722026844
2023/1/14 1:00,0.835185238
2023/1/14 1:15,0.849606551
2023/1/14 1:30,0.874527709
2023/1/14 1:45,0.504002645
2023/1/14 2:00,0.408803835
2023/1/14 2:15,0.351948982
2023/1/14 2:30,0.320156925
2023/1/14 2:45,0.424638252
2023/1/14 3:00,0.473610171
2023/1/14 3:15,0.311243143
2023/1/14 3:30,0.397894044
2023/1/14 3:45,0.231591354
2023/1/14 4:00,0.116388498
2023/1/14 4:15,0.153357696
2023/1/14 4:30,0.199866119
2023/1/14 4:45,0.130974253
2023/1/14 5:00,0.106901942
2023/1/14 5:15,0.074749376
2023/1/14 5:30,0.039978978
2023/1/14 5:45,0.006014844
2023/1/14 6:00,0.002861799
2023/1/14 6:15,0.002730413
2023/1/14 6:30,0.002605152
2023/1/14 6:45,0.002486547
2023/1/14 7:00,0.002375102
2023/1/14 7:15,0.00227128
2023/1/14 7:30,0.002175493
2023/1/14 7:45,0.002088084
2023/1/14 8:00,0.002009317
2023/1/14 8:15,0.00193937
2023/1/14 8:30,0.001878319
2023/1/14 8:45,0.001826135
2023/1/14 9:00,0.001782681
2023/1/14 9:15,0.001747709
2023/1/14 9:30,0.001720864
2023/1/14 9:45,0.001701684
2023/1/14 10:00,0.001689616
2023/1/14 10:15,0.001684019
2023/1/14 10:30,0.001684181
2023/1/14 10:45,0.001689332
2023/1/14 11:00,0.00169866
2023/1/14 11:15,0.001711329
2023/1/14 11:30,0.001726493
2023/1/14 11:45,0.001743311
2023/1/14 12:00,0.016960665
2023/1/14 12:15,0.016996112
2023/1/14 12:30,0.017028956
2023/1/14 12:45,0.017058832
2023/1/14 13:00,0.017085439
2023/1/14 13:15,0.051543368
2023/1/14 13:30,0.077112144
2023/1/14 13:45,0.097784461
2023/1/14 14:00,0.138946817
2023/1/14 14:15,0.151897875
2023/1/14 14:30,0.186327492
2023/1/14 14:45,0.155148171
2023/1/14 15:00,0.155280067
2023/1/14 15:15,0.142438043
2023/1/14 15:30,0.106600143
2023/1/14 15:45,0.139574926
2023/1/14 16:00,0.180212105
2023/1/14 16:15,0.214618283
2023/1/14 16:30,0.131426464
2023/1/14 16:45,0.150778191
2023/1/14 17:00,0.128529156
2023/1/14 17:15,0.091110905
2023/1/14 17:30,0.112442735
2023/1/14 17:45,0.096658367
2023/1/14 18:00,0.12931224
2023/1/14 18:15,0.176813198
2023/1/14 18:30,0.079202464
2023/1/14 18:45,0.074439825
2023/1/14 19:00,0.029681625
2023/1/14 19:15,0.019279255
2023/1/14 19:30,0.016529075
2023/1/14 19:45,0.016470456
2023/1/14 20:00,0.016410004
2023/1/14 20:15,0.016347778
2023/1/14 20:30,0.016283836
2023/1/14 20:45,0.016218231
2023/1/14 21:00,0.016151022
2023/1/14 21:15,0.016082269
2023/1/14 21:30,0.016012044
2023/1/14 21:45,0.015940423
2023/1/14 22:00,0.09705012
2023/1/14 22:15,0.094187821
2023/1/14 22:30,0.09433164
2023/1/14 22:45,0.065642659
2023/1/14 23:00,0.125055611
2023/1/14 23:15,0.111596535
2023/1/14 23:30,0.087274347
2023/1/14 23:45,0.119955502
2023/1/15 0:00,0.116601046
2023/1/15 0:15,0.15348422
2023/1/15 0:30,0.228698594
2023/1/15 0:45,0.137064683
2023/1/15 1:00,0.161716644
2023/1/15 1:15,0.169770326
2023/1/15 1:30,0.154894304
2023/1/15 1:45,0.18078006
2023/1/15 2:00,0.224927924
2023/1/15 2:15,0.163235161
2023/1/15 2:30,0.140584924
2023/1/15 2:45,0.170913702
2023/1/15 3:00,0.216225177
2023/1/15 3:15,0.193002119
2023/1/15 3:30,0.263668712
2023/1/15 3:45,0.207474356
2023/1/15 4:00,0.21880038
2023/1/15 4:15,0.15357225
2023/1/15 4:30,0.216384736
2023/1/15 4:45,0.165629752
2023/1/15 5:00,0.153929298
2023/1/15 5:15,0.236656637
2023/1/15 5:30,0.239698205
2023/1/15 5:45,0.178505088
2023/1/15 6:00,0.182664011
2023/1/15 6:15,0.174734267
2023/1/15 6:30,0.203700909
2023/1/15 6:45,0.217879075
2023/1/15 7:00,0.201492124
2023/1/15 7:15,0.248122117
2023/1/15 7:30,0.174426602
2023/1/15 7:45,0.224957844
2023/1/15 8:00,0.198546161
2023/1/15 8:15,0.136671476
2023/1/15 8:30,0.261640353
2023/1/15 8:45,0.192155792
2023/1/15 9:00,0.272364939
2023/1/15 9:15,0.234023563
2023/1/15 9:30,0.201199745
2023/1/15 9:45,0.218453184
2023/1/15 10:00,0.25377861
2023/1/15 10:15,0.208358501
2023/1/15 10:30,0.274776836
2023/1/15 10:45,0.182637804
2023/1/15 11:00,0.276190383
2023/1/15 11:15,0.250685152
2023/1/15 11:30,0.289561622
2023/1/15 11:45,0.19240482
2023/1/15 12:00,0.270940937
2023/1/15 12:15,0.218736596
2023/1/15 12:30,0.187082918
2023/1/15 12:45,0.291304144
2023/1/15 13:00,0.302662828
2023/1/15 13:15,0.190383619
2023/1/15 13:30,0.258009249
2023/1/15 13:45,0.329696958
2023/1/15 14:00,0.268345319
2023/1/15 14:15,0.323672742
2023/1/15 14:30,0.264728861
2023/1/15 14:45,0.311562602
2023/1/15 15:00,0.284500789
2023/1/15 15:15,0.23723448
2023/1/15 15:30,0.274399026
2023/1/15 15:45,0.312025793
2023/1/15 16:00,0.299301861
2023/1/15 16:15,0.31819023
2023/1/15 16:30,0.34242125
2023/1/15 16:45,0.230292964
2023/1/15 17:00,0.290894994
2023/1/15 17:15,0.284232311
2023/1/15 17:30,0.29918612
2023/1/15 17:45,0.271391347
2023/1/15 18:00,0.31525863
2023/1/15 18:15,0.309255763
2023/1/15 18:30,0.281478017
2023/1/15 18:45,0.237444659
2023/1/15 19:00,0.31875212
2023/1/15 19:15,0.258519802
2023/1/15 19:30,0.321866134
2023/1/15 19:45,0.33040899
2023/1/15 20:00,0.288464069
2023/1/15 20:15,0.214589698
2023/1/15 20:30,0.312116752
2023/1/15 20:45,0.21851092
2023/1/15 21:00,0.293624466
2023/1/15 21:15,0.265919554
2023/1/15 21:30,0.246344172
2023/1/15 21:45,0.300901539
2023/1/15 22:00,0.251662695
2023/1/15 22:15,0.206999442
2023/1/15 22:30,0.240338027
2023/1/15 22:45,0.26522656
2023/1/15 23:00,0.219984809
2023/1/15 23:15,0.285941563
2023/1/15 23:30,0.249916832
2023/1/15 23:45,0.205651667
2023/1/16 0:00,0.256879269
2023/1/16 0:15,0.204265459
2023/1/16 0:30,0.254880487
2023/1/16 0:45,0.259110846
2023/1/16 1:00,0.238158
2023/1/16 1:15,0.266613053
2023/1/16 1:30,0.259465323
2023/1/16 1:45,0.276154265
2023/1/16 2:00,0.242779846
2023/1/16 2:15,0.264898177
2023/1/16 2:30,0.245473977
2023/1/16 2:45,0.222791732
2023/1/16 3:00,0.203126888
2023/1/16 3:15,0.295926943
2023/1/16 3:30,0.234992734
2023/1/16 3:45,0.293455149
2023/1/16 4:00,0.22160819
2023/1/16 4:15,0.261908689
2023/1/16 4:30,0.185732168
2023/1/16 4:45,0.182538228
2023/1/16 5:00,0.235089403
2023/1/16 5:15,0.197743241
2023/1/16 5:30,0.177901986
2023/1/16 5:45,0.192822733
2023/1/16 6:00,0.171272335
2023/1/16 6:15,0.301626671
2023/1/16 6:30,0.190069635
2023/1/16 6:45,0.256221028
2023/1/16 7:00,0.207135421
2023/1/16 7:15,0.262034854
2023/1/16 7:30,0.248642137
2023/1/16 7:45,0.236826951
2023/1/16 8:00,0.215978481
2023/1/16 8:15,0.256330081
2023/1/16 8:30,0.237588567
2023/1/16 8:45,0.222450798
2023/1/16 9:00,0.227819569
2023/1/16 9:15,0.232302405
2023/1/16 9:30,0.18124102
2023/1/16 9:45,0.250128723
2023/1/16 10:00,0.219731422
2023/1/16 10:15,0.180732004
2023/1/16 10:30,0.230041138
2023/1/16 10:45,0.363533034
2023/1/16 11:00,0.282672567
2023/1/16 11:15,0.263899734
2023/1/16 11:30,0.211636373
2023/1/16 11:45,0.217066028
2023/1/16 12:00,0.234264268
2023/1/16 12:15,0.273454324
2023/1/16 12:30,0.227335433
2023/1/16 12:45,0.212077429
2023/1/16 13:00,0.159583031
2023/1/16 13:15,0.257348295
2023/1/16 13:30,0.146986842
2023/1/16 13:45,0.211922348
2023/1/16 14:00,0.18528244
2023/1/16 14:15,0.203978805
2023/1/16 14:30,0.275982123
2023/1/16 14:45,0.211198434
2023/1/16 15:00,0.272426911
2023/1/16 15:15,0.234301466
2023/1/16 15:30,0.281558136
2023/1/16 15:45,0.255499262
2023/1/16 16:00,0.362967174
2023/1/16 16:15,0.259829834
2023/1/16 16:30,0.288819274
2023/1/16 16:45,0.256830793
2023/1/16 17:00,0.271871142
2023/1/16 17:15,0.242436578
2023/1/16 17:30,0.229965137
2023/1/16 17:45,0.226155861
2023/1/16 18:00,0.186924938
2023/1/16 18:15,0.2244951
2023/1/16 18:30,0.205394693
2023/1/16 18:45,0.21427591
2023/1/16 19:00,0.175883553
2023/1/16 19:15,0.201054696
2023/1/16 19:30,0.235244984
2023/1/16 19:45,0.18613668
2023/1/16 20:00,0.231443306
2023/1/16 20:15,0.22581678
2023/1/16 20:30,0.191952878
2023/1/16 20:45,0.222350226
2023/1/16 21:00,0.209071827
2023/1/16 21:15,0.192449721
2023/1/16 21:30,0.287255766
2023/1/16 21:45,0.126845542
2023/1/16 22:00,0.145272434
2023/1/16 22:15,0.122754336
2023/1/16 22:30,0.156345614
2023/1/16 22:45,0.180570515
2023/1/16 23:00,0.156343888
2023/1/16 23:15,0.195722133
2023/1/16 23:30,0.120480751
2023/1/16 23:45,0.184855923
2023/1/17 0:00,0.146268588
2023/1/17 0:15,0.096899829
2023/1/17 0:30,0.133467949
2023/1/17 0:45,0.127154441
2023/1/17 1:00,0.153172023
2023/1/17 1:15,0.155167067
2023/1/17 1:30,0.110038757
2023/1/17 1:45,0.170334991
2023/1/17 2:00,0.151826305
2023/1/17 2:15,0.162997772
2023/1/17 2:30,0.104416115
2023/1/17 2:45,0.1248549
2023/1/17 3:00,0.172239512
2023/1/17 3:15,0.137566727
2023/1/17 3:30,0.1964048
2023/1/17 3:45,0.198602689
2023/1/17 4:00,0.147109507
2023/1/17 4:15,0.1609365
2023/1/17 4:30,0.139466009
2023/1/17 4:45,0.173658302
2023/1/17 5:00,0.15448835
2023/1/17 5:15,0.140388458
2023/1/17 5:30,0.165374444
2023/1/17 5:45,0.173763692
2023/1/17 6:00,0.167168244
2023/1/17 6:15,0.124804683
2023/1/17 6:30,0.202162784
2023/1/17 6:45,0.16463633
2023/1/17 7:00,0.153280258
2023/1/17 7:15,0.151312877
2023/1/17 7:30,0.133131332
2023/1/17 7:45,0.113290779
2023/1/17 8:00,0.085136996
2023/1/17 8:15,0.126624015
2023/1/17 8:30,0.178755656
2023/1/17 8:45,0.149138584
2023/1/17 9:00,0.078187365
2023/1/17 9:15,0.084523349
2023/1/17 9:30,0.095206371
2023/1/17 9:45,0.127519583
2023/1/17 10:00,0.11651801
2023/1/17 10:15,0.178432522
2023/1/17 10:30,0.153343209
2023/1/17 10:45,0.197349227
2023/1/17 11:00,0.061702794
2023/1/17 11:15,0.032278711
2023/1/17 11:30,0.102924332
2023/1/17 11:45,0.150999716
2023/1/17 12:00,0.106627205
2023/1/17 12:15,0.106586854
2023/1/17 12:30,0.127322576
2023/1/17 12:45,0.165509187
2023/1/17 13:00,0.126333197
2023/1/17 13:15,0.086199466
2023/1/17 13:30,0.132953095
2023/1/17 13:45,0.074778011
2023/1/17 14:00,0.097953038
2023/1/17 14:15,0.141524708
2023/1/17 14:30,0.179159544
2023/1/17 14:45,0.121189069
2023/1/17 15:00,0.157100021
2023/1/17 15:15,0.131070741
2023/1/17 15:30,0.108615865
2023/1/17 15:45,0.201615722
2023/1/17 16:00,0.218628523
2023/1/17 16:15,0.168494011
2023/1/17 16:30,0.10984795
2023/1/17 16:45,0.14388939
2023/1/17 17:00,0.172595062
2023/1/17 17:15,0.19306822
2023/1/17 17:30,0.235929248
2023/1/17 17:45,0.192941935
2023/1/17 18:00,0.113662333
2023/1/17 18:15,0.140346734
2023/1/17 18:30,0.144868498
2023/1/17 18:45,0.191540019
2023/1/17 19:00,0.205003368
2023/1/17 19:15,0.214112868
2023/1/17 19:30,0.211166815
2023/1/17 19:45,0.138191208
2023/1/17 20:00,0.150390984
2023/1/17 20:15,0.124973875
2023/1/17 20:30,0.141007372
2023/1/17 20:45,0.166085271
2023/1/17 21:00,0.192345227
2023/1/17 21:15,0.097743904
2023/1/17 21:30,0.165847078
2023/1/17 21:45,0.150789053
2023/1/17 22:00,0.101900962
2023/1/17 22:15,0.102223222
2023/1/17 22:30,0.138220025
2023/1/17 22:45,0.172403577
2023/1/17 23:00,0.116121607
2023/1/17 23:15,0.142302496
2023/1/17 23:30,0.198862364
2023/1/17 23:45,0.138043856
2023/1/18 0:00,0.081148966
2023/1/18 0:15,0.100554316
2023/1/18 0:30,0.119958343
2023/1/18 0:45,0.099329719
2023/1/18 1:00,0.149399303
2023/1/18 1:15,0.166394151
2023/1/18 1:30,0.110095491
2023/1/18 1:45,0.149291813
2023/1/18 2:00,0.148372059
2023/1/18 2:15,0.169735663
2023/1/18 2:30,0.127305702
2023/1/18 2:45,0.191431414
2023/1/18 3:00,0.174672229
2023/1/18 3:15,0.203622114
2023/1/18 3:30,0.220357317
2023/1/18 3:45,0.166603533
2023/1/18 4:00,0.143732008
2023/1/18 4:15,0.167096412
2023/1/18 4:30,0.158332532
2023/1/18 4:45,0.127357678
2023/1/18 5:00,0.173568081
2023/1/18 5:15,0.120089333
2023/1/18 5:30,0.219382189
2023/1/18 5:45,0.217288496
2023/1/18 6:00,0.162056861
2023/1/18 6:15,0.171316925
2023/1/18 6:30,0.183312488
2023/1/18 6:45,0.181477201
2023/1/18 7:00,0.175767865
2023/1/18 7:15,0.207223322
2023/1/18 7:30,0.184715207
2023/1/18 7:45,0.235100942
2023/1/18 8:00,0.174621351
2023/1/18 8:15,0.165376774
2023/1/18 8:30,0.223761369
2023/1/18 8:45,0.199331542
2023/1/18 9:00,0.272399842
2023/1/18 9:15,0.279396942
2023/1/18 9:30,0.165116316
2023/1/18 9:45,0.231515783
2023/1/18 10:00,0.157172891
2023/1/18 10:15,0.2436189
2023/1/18 10:30,0.252070178
2023/1/18 10:45,0.28182459
2023/1/18 11:00,0.262191889
2023/1/18 11:15,0.194088848
2023/1/18 11:30,0.234630851
2023/1/18 11:45,0.282071351
2023/1/18 12:00,0.298380139
2023/1/18 12:15,0.249000447
2023/1/18 12:30,0.198444965
2023/1/18 12:45,0.262379258
2023/1/18 13:00,0.269242862
2023/1/18 13:15,0.279336929
2023/1/18 13:30,0.220700188
2023/1/18 13:45,0.246541353
2023/1/18 14:00,0.223297886
2023/1/18 14:15,0.289793922
2023/1/18 14:30,0.239462108
2023/1/18 14:45,0.327709671
2023/1/18 15:00,0.340256661
2023/1/18 15:15,0.27898983
2023/1/18 15:30,0.390060674
2023/1/18 15:45,0.325243655
2023/1/18 16:00,0.311473951
2023/1/18 16:15,0.303937583
2023/1/18 16:30,0.307278659
2023/1/18 16:45,0.296959394
2023/1/18 17:00,0.242092159
2023/1/18 17:15,0.362947504
2023/1/18 17:30,0.381431778
2023/1/18 17:45,0.377698937
2023/1/18 18:00,0.292005302
2023/1/18 18:15,0.363385834
2023/1/18 18:30,0.283008809
2023/1/18 18:45,0.309990235
2023/1/18 19:00,0.215286574
2023/1/18 19:15,0.289162753
2023/1/18 19:30,0.265203419
2023/1/18 19:45,0.302310017
2023/1/18 20:00,0.314404888
2023/1/18 20:15,0.247345112
2023/1/18 20:30,0.288260255
2023/1/18 20:45,0.320507339
2023/1/18 21:00,0.292771585
2023/1/18 21:15,0.282921032
2023/1/18 21:30,0.318897049
2023/1/18 21:45,0.359205775
2023/1/18 22:00,0.240864952
2023/1/18 22:15,0.290268867
2023/1/18 22:30,0.230931397
2023/1/18 22:45,0.301038069
2023/1/18 23:00,0.311128828
2023/1/18 23:15,0.23103553
2023/1/18 23:30,0.287392098
2023/1/18 23:45,0.322740174
2023/1/19 0:00,0.276678216
2023/1/19 0:15,0.288655525
2023/1/19 0:30,0.314841932
2023/1/19 0:45,0.337974113
2023/1/19 1:00,0.304762483
2023/1/19 1:15,0.329801705
2023/1/19 1:30,0.27421936
2023/1/19 1:45,0.338754272
2023/1/19 2:00,0.261704252
2023/1/19 2:15,0.268994474
2023/1/19 2:30,0.337021404
2023/1/19 2:45,0.285192034
2023/1/19 3:00,0.312252096
2023/1/19 3:15,0.318890269
2023/1/19 3:30,0.314307254
2023/1/19 3:45,0.352450628
2023/1/19 4:00,0.383551295
2023/1/19 4:15,0.298033464
2023/1/19 4:30,0.315599612
2023/1/19 4:45,0.369360162
2023/1/19 5:00,0.303904385
2023/1/19 5:15,0.322691595
2023/1/19 5:30,0.312077595
2023/1/19 5:45,0.343581795
2023/1/19 6:00,0.372564425
2023/1/19 6:15,0.347312229
2023/1/19 6:30,0.260440355
2023/1/19 6:45,0.348145846
2023/1/19 7:00,0.359315905
2023/1/19 7:15,0.271902933
2023/1/19 7:30,0.37028853
2023/1/19 7:45,0.317135748
2023/1/19 8:00,0.390999564
2023/1/19 8:15,0.381751246
2023/1/19 8:30,0.365097478
2023/1/19 8:45,0.409194831
2023/1/19 9:00,0.379082367
2023/1/19 9:15,0.35466696
2023/1/19 9:30,0.357091541
2023/1/19 9:45,0.341405266
2023/1/19 10:00,0.362706409
2023/1/19 10:15,0.338650192
2023/1/19 10:30,0.336545292
2023/1/19 10:45,0.405549724
2023/1/19 11:00,0.344708235
2023/1/19 11:15,0.331231588
2023/1/19 11:30,0.305259507
2023/1/19 11:45,0.417533229
2023/1/19 12:00,0.330816271
2023/1/19 12:15,0.269737132
2023/1/19 12:30,0.29699515
2023/1/19 12:45,0.317905076
2023/1/19 13:00,0.283649994
2023/1/19 13:15,0.236852915
2023/1/19 13:30,0.36752246
2023/1/19 13:45,0.297265979
2023/1/19 14:00,0.282498826
2023/1/19 14:15,0.290830959
2023/1/19 14:30,0.32504939
2023/1/19 14:45,0.312817722
2023/1/19 15:00,0.31603147
2023/1/19 15:15,0.279645943
2023/1/19 15:30,0.301885776
2023/1/19 15:45,0.358762861
2023/1/19 16:00,0.325619862
2023/1/19 16:15,0.240869204
2023/1/19 16:30,0.378985461
2023/1/19 16:45,0.330332138
2023/1/19 17:00,0.319093711
2023/1/19 17:15,0.320580419
2023/1/19 17:30,0.344620479
2023/1/19 17:45,0.300084194
2023/1/19 18:00,0.321462721
2023/1/19 18:15,0.340386505
2023/1/19 18:30,0.274962613
2023/1/19 18:45,0.302309124
2023/1/19 19:00,0.299435298
2023/1/19 19:15,0.36349435
2023/1/19 19:30,0.322999391
2023/1/19 19:45,0.268974502
2023/1/19 20:00,0.297600712
2023/1/19 20:15,0.309368716
2023/1/19 20:30,0.291434454
2023/1/19 20:45,0.253107233
2023/1/19 21:00,0.32714244
2023/1/19 21:15,0.288979256
2023/1/19 21:30,0.228185826
2023/1/19 21:45,0.263246365
2023/1/19 22:00,0.295689442
2023/1/19 22:15,0.315544051
2023/1/19 22:30,0.241320423
2023/1/19 22:45,0.272400811
2023/1/19 23:00,0.315834779
2023/1/19 23:15,0.298793198
2023/1/19 23:30,0.263483754
2023/1/19 23:45,0.237782264
2023/1/20 0:00,0.303298961
2023/1/20 0:15,0.229501401
2023/1/20 0:30,0.223209853
2023/1/20 0:45,0.236258288
2023/1/20 1:00,0.198089947
2023/1/20 1:15,0.234349589
2023/1/20 1:30,0.210010542
2023/1/20 1:45,0.244152012
2023/1/20 2:00,0.24296127
2023/1/20 2:15,0.220131998
2023/1/20 2:30,0.216301583
2023/1/20 2:45,0.255242557
2023/1/20 3:00,0.251330286
2023/1/20 3:15,0.262788004
2023/1/20 3:30,0.173724025
2023/1/20 3:45,0.253286395
2023/1/20 4:00,0.241662753
2023/1/20 4:15,0.241568932
2023/1/20 4:30,0.223601986
2023/1/20 4:45,0.198343016
2023/1/20 5:00,0.27962917
2023/1/20 5:15,0.28892789
2023/1/20 5:30,0.196009764
2023/1/20 5:45,0.251298016
2023/1/20 6:00,0.208387954
2023/1/20 6:15,0.222418045
2023/1/20 6:30,0.212815624
2023/1/20 6:45,0.271110101
2023/1/20 7:00,0.220833133
2023/1/20 7:15,0.232525486
2023/1/20 7:30,0.215012668
2023/1/20 7:45,0.197596307
2023/1/20 8:00,0.178405777
2023/1/20 8:15,0.232401397
2023/1/20 8:30,0.114463745
2023/1/20 8:45,0.218817749
2023/1/20 9:00,0.14101808
2023/1/20 9:15,0.188974686
2023/1/20 9:30,0.235476994
2023/1/20 9:45,0.174214175
2023/1/20 10:00,0.233751067
2023/1/20 10:15,0.170915481
2023/1/20 10:30,0.189189985
2023/1/20 10:45,0.217607688
2023/1/20 11:00,0.146829119
2023/1/20 11:15,0.185052344
2023/1/20 11:30,0.220188673
2023/1/20 11:45,0.187797393
2023/1/20 12:00,0.201257231
2023/1/20 12:15,0.259227209
2023/1/20 12:30,0.302346408
2023/1/20 12:45,0.267048491
2023/1/20 13:00,0.26400431
2023/1/20 13:15,0.271738782
2023/1/20 13:30,0.215953005
2023/1/20 13:45,0.219670183
2023/1/20 14:00,0.198766317
2023/1/20 14:15,0.231186853
2023/1/20 14:30,0.211798144
2023/1/20 14:45,0.232057096
2023/1/20 15:00,0.268631164
2023/1/20 15:15,0.224817602
2023/1/20 15:30,0.311738694
2023/1/20 15:45,0.266493486
2023/1/20 16:00,0.293718224
2023/1/20 16:15,0.185070933
2023/1/20 16:30,0.254175565
2023/1/20 16:45,0.271027206
2023/1/20 17:00,0.253742705
2023/1/20 17:15,0.325618473
2023/1/20 17:30,0.312951492
2023/1/20 17:45,0.26814508
2023/1/20 18:00,0.309616409
2023/1/20 18:15,0.268750198
2023/1/20 18:30,0.243489494
2023/1/20 18:45,0.256264077
2023/1/20 19:00,0.197184191
2023/1/20 19:15,0.209621211
2023/1/20 19:30,0.210172729
2023/1/20 19:45,0.283835733
2023/1/20 20:00,0.303362276
2023/1/20 20:15,0.2263707
2023/1/20 20:30,0.252133403
2023/1/20 20:45,0.261001945
2023/1/20 21:00,0.205716481
2023/1/20 21:15,0.195064125
2023/1/20 21:30,0.199185642
2023/1/20 21:45,0.239317736
2023/1/20 22:00,0.158186485
2023/1/20 22:15,0.105510854
2023/1/20 22:30,0.180700589
2023/1/20 22:45,0.251135002
2023/1/20 23:00,0.206976881
2023/1/20 23:15,0.240039312
2023/1/20 23:30,0.174303478
2023/1/20 23:45,0.147911438
2023/1/21 0:00,0.217350688
2023/1/21 0:15,0.14304075
2023/1/21 0:30,0.174735376
2023/1/21 0:45,0.235114914
2023/1/21 1:00,0.170812784
2023/1/21 1:15,0.184957871
2023/1/21 1:30,0.152690466
2023/1/21 1:45,0.219052603
2023/1/21 2:00,0.18163552
2023/1/21 2:15,0.153355103
2023/1/21 2:30,0.202910259
2023/1/21 2:45,0.124622041
2023/1/21 3:00,0.167130686
2023/1/21 3:15,0.17050208
2023/1/21 3:30,0.125782495
2023/1/21 3:45,0.233863106
2023/1/21 4:00,0.198160098
2023/1/21 4:15,0.170434842
2023/1/21 4:30,0.161364112
2023/1/21 4:45,0.188396667
2023/1/21 5:00,0.122667875
2023/1/21 5:15,0.139099105
2023/1/21 5:30,0.184733099
2023/1/21 5:45,0.186504946
2023/1/21 6:00,0.096295598
2023/1/21 6:15,0.165368138
2023/1/21 6:30,0.104397315
2023/1/21 6:45,0.165591067
2023/1/21 7:00,0.186634686
2023/1/21 7:15,0.200228616
2023/1/21 7:30,0.178109385
2023/1/21 7:45,0.170272244
2023/1/21 8:00,0.185349681
2023/1/21 8:15,0.160702677
2023/1/21 8:30,0.099778463
2023/1/21 8:45,0.235442989
2023/1/21 9:00,0.090263093
2023/1/21 9:15,0.131194158
2023/1/21 9:30,0.126516199
2023/1/21 9:45,0.105281916
2023/1/21 10:00,0.173773019
2023/1/21 10:15,0.15807178
2023/1/21 10:30,0.158512334
2023/1/21 10:45,0.105918512
2023/1/21 11:00,0.162408952
2023/1/21 11:15,0.143137919
2023/1/21 11:30,0.141061856
2023/1/21 11:45,0.170722029
2023/1/21 12:00,0.152367207
2023/1/21 12:15,0.176764832
2023/1/21 12:30,0.154760919
2023/1/21 12:45,0.219774196
2023/1/21 13:00,0.215775458
2023/1/21 13:15,0.181128133
2023/1/21 13:30,0.221345666
2023/1/21 13:45,0.202483889
2023/1/21 14:00,0.187760229
2023/1/21 14:15,0.197932406
2023/1/21 14:30,0.128454462
2023/1/21 14:45,0.216923547
2023/1/21 15:00,0.206037892
2023/1/21 15:15,0.202843212
2023/1/21 15:30,0.190104507
2023/1/21 15:45,0.182525519
2023/1/21 16:00,0.192937724
2023/1/21 16:15,0.306254213
2023/1/21 16:30,0.258976488
2023/1/21 16:45,0.206825212
2023/1/21 17:00,0.288882209
2023/1/21 17:15,0.16470632
2023/1/21 17:30,0.249968686
2023/1/21 17:45,0.28472405
2023/1/21 18:00,0.249463571
2023/1/21 18:15,0.240886443
2023/1/21 18:30,0.252602675
2023/1/21 18:45,0.267653051
2023/1/21 19:00,0.256873738
2023/1/21 19:15,0.297356473
2023/1/21 19:30,0.252138911
2023/1/21 19:45,0.25453079
2023/1/21 20:00,0.246507772
2023/1/21 20:15,0.222199241
2023/1/21 20:30,0.279048221
2023/1/21 20:45,0.231518236
2023/1/21 21:00,0.220442227
2023/1/21 21:15,0.217773959
2023/1/21 21:30,0.215193049
2023/1/21 21:45,0.237121105
2023/1/21 22:00,0.199208703
2023/1/21 22:15,0.270876927
2023/1/21 22:30,0.207729746
2023/1/21 22:45,0.248118503
2023/1/21 23:00,0.231983598
2023/1/21 23:15,0.191733872
2023/1/21 23:30,0.242763663
2023/1/21 23:45,0.1814685
2023/1/22 0:00,0.249007864
2023/1/22 0:15,0.051501109
2023/1/22 0:30,0.054158307
2023/1/22 0:45,0.062660548
2023/1/22 1:00,0.062298101
2023/1/22 1:15,0.088232207
2023/1/22 1:30,0.086569385
2023/1/22 1:45,0.088370489
2023/1/22 2:00,0.090780926
2023/1/22 2:15,0.084635479
2023/1/22 2:30,0.073096778
2023/1/22 2:45,0.06794266
2023/1/22 3:00,0.081652315
2023/1/22 3:15,0.077217069
2023/1/22 3:30,0.070870781
2023/1/22 3:45,0.069886627
2023/1/22 4:00,0.05798155
2023/1/22 4:15,0.049057839
2023/1/22 4:30,0.064504402
2023/1/22 4:45,0.069248339
2023/1/22 5:00,0.066389289
2023/1/22 5:15,0.06101731
2023/1/22 5:30,0.059039129
2023/1/22 5:45,0.051453379
2023/1/22 6:00,0.065140105
2023/1/22 6:15,0.077184888
2023/1/22 6:30,0.070038514
2023/1/22 6:45,0.096622713
2023/1/22 7:00,0.080490325
2023/1/22 7:15,0.094334858
2023/1/22 7:30,0.099660306
2023/1/22 7:45,0.100246147
2023/1/22 8:00,0.102971823
2023/1/22 8:15,0.097882304
2023/1/22 8:30,0.10246035
2023/1/22 8:45,0.106573948
2023/1/22 9:00,0.148841949
2023/1/22 9:15,0.16509616
2023/1/22 9:30,0.126216705
2023/1/22 9:45,0.132638988
2023/1/22 10:00,0.132636982
2023/1/22 10:15,0.112798994
2023/1/22 10:30,0.114198604
2023/1/22 10:45,0.102529829
2023/1/22 11:00,0.096135969
2023/1/22 11:15,0.086867193
2023/1/22 11:30,0.076710369
2023/1/22 11:45,0.076793343
2023/1/22 12:00,0.080692739
2023/1/22 12:15,0.05456852
2023/1/22 12:30,0.020510343
2023/1/22 12:45,0.010044134
2023/1/22 13:00,0.011108921
2023/1/22 13:15,0.009677639
2023/1/22 13:30,0.003255883
2023/1/22 13:45,0
2023/1/22 14:00,0
2023/1/22 14:15,0.000417026
2023/1/22 14:30,0.005367858
2023/1/22 14:45,0.01351258
2023/1/22 15:00,0.038017836
2023/1/22 15:15,0.04902995
2023/1/22 15:30,0.033057958
2023/1/22 15:45,0.021726418
2023/1/22 16:00,0.019677747
2023/1/22 16:15,0.046377287
2023/1/22 16:30,0.101976862
2023/1/22 16:45,0.085364996
2023/1/22 17:00,0.11485404
2023/1/22 17:15,0.080704249
2023/1/22 17:30,0.14060947
2023/1/22 17:45,0.05642596
2023/1/22 18:00,0.069298949
2023/1/22 18:15,0.064196021
2023/1/22 18:30,0.045979291
2023/1/22 18:45,0.132679215
2023/1/22 19:00,0.228427907
2023/1/22 19:15,0.146472812
2023/1/22 19:30,0.120711223
2023/1/22 19:45,0.121662374
2023/1/22 20:00,0.100265798
2023/1/22 20:15,0.045669232
2023/1/22 20:30,0.019913064
2023/1/22 20:45,0.013650839
2023/1/22 21:00,0.005055207
2023/1/22 21:15,0.005385287
2023/1/22 21:30,0.00389342
2023/1/22 21:45,0.003760651
2023/1/22 22:00,0.006343435
2023/1/22 22:15,0.007744053
2023/1/22 22:30,0.006777304
2023/1/22 22:45,0.004510735
2023/1/22 23:00,0
2023/1/22 23:15,0
2023/1/22 23:30,0
2023/1/22 23:45,0
2023/1/23 0:00,0.014769147
2023/1/23 0:15,0.013024055
2023/1/23 0:30,0.01395542
2023/1/23 0:45,0.01577767
2023/1/23 1:00,0.028169064
2023/1/23 1:15,0.027721417
2023/1/23 1:30,0.023658515
2023/1/23 1:45,0.025583667
2023/1/23 2:00,0.131149644
2023/1/23 2:15,0.162845594
2023/1/23 2:30,0.134142331
2023/1/23 2:45,0.097136297
2023/1/23 3:00,0.089417377
2023/1/23 3:15,0.09947588
2023/1/23 3:30,0.082769554
2023/1/23 3:45,0.074048387
2023/1/23 4:00,0.068710204
2023/1/23 4:15,0.069199535
2023/1/23 4:30,0.065428892
2023/1/23 4:45,0.064441029
2023/1/23 5:00,0.08673939
2023/1/23 5:15,0.105471856
2023/1/23 5:30,0.171551943
2023/1/23 5:45,0.175171938
2023/1/23 6:00,0.186029499
2023/1/23 6:15,0.302720568
2023/1/23 6:30,0.326549672
2023/1/23 6:45,0.412261341
2023/1/23 7:00,0.421595214
2023/1/23 7:15,0.332548376
2023/1/23 7:30,0.39006961
2023/1/23 7:45,0.449267539
2023/1/23 8:00,0.575151145
2023/1/23 8:15,0.347972613
2023/1/23 8:30,0.226922535
2023/1/23 8:45,0.235895355
2023/1/23 9:00,0.231531265
2023/1/23 9:15,0.28599517
2023/1/23 9:30,0.602127803
2023/1/23 9:45,0.552804423
2023/1/23 10:00,0.439368074
2023/1/23 10:15,0.411786784
2023/1/23 10:30,0.353191337
2023/1/23 10:45,0.201513713
2023/1/23 11:00,0.164215279
2023/1/23 11:15,0.210791808
2023/1/23 11:30,0.277452663
2023/1/23 11:45,0.318441552
2023/1/23 12:00,0.208155002
2023/1/23 12:15,0.230904182
2023/1/23 12:30,0.269235537
2023/1/23 12:45,0.163806699
2023/1/23 13:00,0.140407653
2023/1/23 13:15,0.159350335
2023/1/23 13:30,0.162850143
2023/1/23 13:45,0.186549918
2023/1/23 14:00,0.176320342
2023/1/23 14:15,0.241963021
2023/1/23 14:30,0.184863652
2023/1/23 14:45,0.392927726
2023/1/23 15:00,0.45989285
2023/1/23 15:15,0.631724974
2023/1/23 15:30,0.609109597
2023/1/23 15:45,0.557292919
2023/1/23 16:00,0.570868911
2023/1/23 16:15,0.742819666
2023/1/23 16:30,0.646241005
2023/1/23 16:45,0.750690693
2023/1/23 17:00,0.645701461
2023/1/23 17:15,0.548052043
2023/1/23 17:30,0.870926593
2023/1/23 17:45,0.449693968
2023/1/23 18:00,0.313648785
2023/1/23 18:15,0.509096914
2023/1/23 18:30,0.837235585
2023/1/23 18:45,0.758205104
2023/1/23 19:00,0.618623311
2023/1/23 19:15,0.42432082
2023/1/23 19:30,0.168443104
2023/1/23 19:45,0.285350922
2023/1/23 20:00,0.397864373
2023/1/23 20:15,0.329140427
2023/1/23 20:30,0.184058124
2023/1/23 20:45,0.257809027
2023/1/23 21:00,0.291037472
2023/1/23 21:15,0.17568757
2023/1/23 21:30,0.104746016
2023/1/23 21:45,0.059274331
2023/1/23 22:00,0.060887892
2023/1/23 22:15,0.05130897
2023/1/23 22:30,0.080903904
2023/1/23 22:45,0.028939274
2023/1/23 23:00,0
2023/1/23 23:15,0
2023/1/23 23:30,0
2023/1/23 23:45,0
2023/1/24 0:00,0.001081068
2023/1/24 0:15,0.001057599
2023/1/24 0:30,0.001034554
2023/1/24 0:45,0.001012132
2023/1/24 1:00,0.000990523
2023/1/24 1:15,0.000969905
2023/1/24 1:30,0.000950441
2023/1/24 1:45,0.000932278
2023/1/24 2:00,0.000915539
2023/1/24 2:15,0.000900322
2023/1/24 2:30,0.000886699
2023/1/24 2:45,0.000874708
2023/1/24 3:00,0.000864361
2023/1/24 3:15,0.000855635
2023/1/24 3:30,0.000848481
2023/1/24 3:45,0.000842817
2023/1/24 4:00,0.000838538
2023/1/24 4:15,0.000835516
2023/1/24 4:30,0.000833607
2023/1/24 4:45,0.003366499
2023/1/24 5:00,0.062212433
2023/1/24 5:15,0.135326978
2023/1/24 5:30,0.107043623
2023/1/24 5:45,0.133118786
2023/1/24 6:00,0.172650892
2023/1/24 6:15,0.211577274
2023/1/24 6:30,0.212589982
2023/1/24 6:45,0.236953463
2023/1/24 7:00,0.248383601
2023/1/24 7:15,0.205771986
2023/1/24 7:30,0.354447572
2023/1/24 7:45,0.297646843
2023/1/24 8:00,0.280547752
2023/1/24 8:15,0.333707631
2023/1/24 8:30,0.377599538
2023/1/24 8:45,0.372979487
2023/1/24 9:00,0.232803985
2023/1/24 9:15,0.110776747
2023/1/24 9:30,0.058337757
2023/1/24 9:45,0.076172345
2023/1/24 10:00,0.095937649
2023/1/24 10:15,0.146476746
2023/1/24 10:30,0.164409415
2023/1/24 10:45,0.138431684
2023/1/24 11:00,0.154870585
2023/1/24 11:15,0.190980974
2023/1/24 11:30,0.134376037
2023/1/24 11:45,0.102105018
2023/1/24 12:00,0.143391125
2023/1/24 12:15,0.127365892
2023/1/24 12:30,0.119015211
2023/1/24 12:45,0.18006194
2023/1/24 13:00,0.152025027
2023/1/24 13:15,0.144123505
2023/1/24 13:30,0.13523843
2023/1/24 13:45,0.17581508
2023/1/24 14:00,0.176906925
2023/1/24 14:15,0.192076402
2023/1/24 14:30,0.21539263
2023/1/24 14:45,0.221833736
2023/1/24 15:00,0.187409195
2023/1/24 15:15,0.195618209
2023/1/24 15:30,0.192455464
2023/1/24 15:45,0.209488272
2023/1/24 16:00,0.238598353
2023/1/24 16:15,0.23549045
2023/1/24 16:30,0.234904182
2023/1/24 16:45,0.181532142
2023/1/24 17:00,0.188339796
2023/1/24 17:15,0.23361266
2023/1/24 17:30,0.263527849
2023/1/24 17:45,0.285619072
2023/1/24 18:00,0.27679529
2023/1/24 18:15,0.241586292
2023/1/24 18:30,0.205001359
2023/1/24 18:45,0.190762454
2023/1/24 19:00,0.211009776
2023/1/24 19:15,0.168549921
2023/1/24 19:30,0.172387838
2023/1/24 19:45,0.155047509
2023/1/24 20:00,0.151285512
2023/1/24 20:15,0.175337386
2023/1/24 20:30,0.123534456
2023/1/24 20:45,0.182876972
2023/1/24 21:00,0.132397726
2023/1/24 21:15,0.115200722
2023/1/24 21:30,0.08178695
2023/1/24 21:45,0.076094332
2023/1/24 22:00,0.10023512
2023/1/24 22:15,0.267639143
2023/1/24 22:30,0.19187546
2023/1/24 22:45,0.119037553
2023/1/24 23:00,0.109809195
2023/1/24 23:15,0.125755431
2023/1/24 23:30,0.114857597
2023/1/24 23:45,0.083039174
2023/1/25 0:00,0.108143881
2023/1/25 0:15,0.188804701
2023/1/25 0:30,0.223436329
2023/1/25 0:45,0.179001595
2023/1/25 1:00,0.268823061
2023/1/25 1:15,0.421267205
2023/1/25 1:30,0.499643789
2023/1/25 1:45,0.550656546
2023/1/25 2:00,0.508410149
2023/1/25 2:15,0.378791771
2023/1/25 2:30,0.360702053
2023/1/25 2:45,0.333904606
2023/1/25 3:00,0.264596441
2023/1/25 3:15,0.342962811
2023/1/25 3:30,0.362271818
2023/1/25 3:45,0.313832814
2023/1/25 4:00,0.211801868
2023/1/25 4:15,0.327876407
2023/1/25 4:30,0.253995249
2023/1/25 4:45,0.179966775
2023/1/25 5:00,0.148418119
2023/1/25 5:15,0.136330661
2023/1/25 5:30,0.20013392
2023/1/25 5:45,0.089996667
2023/1/25 6:00,0.001937622
2023/1/25 6:15,0
2023/1/25 6:30,0
2023/1/25 6:45,0.001202568
2023/1/25 7:00,0
2023/1/25 7:15,0
2023/1/25 7:30,0
2023/1/25 7:45,0
2023/1/25 8:00,0
2023/1/25 8:15,0
2023/1/25 8:30,0
2023/1/25 8:45,0
2023/1/25 9:00,0.00657972
2023/1/25 9:15,0.013695035
2023/1/25 9:30,0.013438221
2023/1/25 9:45,0.014375967
2023/1/25 10:00,0.007836179
2023/1/25 10:15,0.003621143
2023/1/25 10:30,0.002923951
2023/1/25 10:45,0.001878343
2023/1/25 11:00,0.002767965
2023/1/25 11:15,0.001919284
2023/1/25 11:30,0.010045589
2023/1/25 11:45,0.007990069
2023/1/25 12:00,0.007307087
2023/1/25 12:15,0.007954401
2023/1/25 12:30,0.004390862
2023/1/25 12:45,0.001271545
2023/1/25 13:00,0
2023/1/25 13:15,0
2023/1/25 13:30,0
2023/1/25 13:45,0
2023/1/25 14:00,0.000829704
2023/1/25 14:15,0.017439876
2023/1/25 14:30,0.140858432
2023/1/25 14:45,0.149695133
2023/1/25 15:00,0.39971104
2023/1/25 15:15,0.370213984
2023/1/25 15:30,0.3631055
2023/1/25 15:45,0.485226341
2023/1/25 16:00,0.635140014
2023/1/25 16:15,0.469718762
2023/1/25 16:30,0.449137816
2023/1/25 16:45,0.375610337
2023/1/25 17:00,0.465850995
2023/1/25 17:15,0.597325957
2023/1/25 17:30,0.555380959
2023/1/25 17:45,0.629510374
2023/1/25 18:00,0.492837148
2023/1/25 18:15,0.694538343
2023/1/25 18:30,0.622197117
2023/1/25 18:45,0.643968122
2023/1/25 19:00,0.568737224
2023/1/25 19:15,0.521839159
2023/1/25 19:30,0.545472565
2023/1/25 19:45,0.433969819
2023/1/25 20:00,0.301291037
2023/1/25 20:15,0.425499025
2023/1/25 20:30,0.371819429
2023/1/25 20:45,0.318139139
2023/1/25 21:00,0.349832148
2023/1/25 21:15,0.17103853
2023/1/25 21:30,0.125325471
2023/1/25 21:45,0.132777407
2023/1/25 22:00,0.092096856
2023/1/25 22:15,0.130243639
2023/1/25 22:30,0.137543897
2023/1/25 22:45,0.095019325
2023/1/25 23:00,0.082059084
2023/1/25 23:15,0.070814177
2023/1/25 23:30,0.05930463
2023/1/25 23:45,0.114269161
2023/1/26 0:00,0.133826461
2023/1/26 0:15,0.215512013
2023/1/26 0:30,0.461000619
2023/1/26 0:45,0.578735667
2023/1/26 1:00,0.656670271
2023/1/26 1:15,0.612722873
2023/1/26 1:30,0.443297756
2023/1/26 1:45,0.133898943
2023/1/26 2:00,0.096462279
2023/1/26 2:15,0.112967213
2023/1/26 2:30,0.125069997
2023/1/26 2:45,0.071974795
2023/1/26 3:00,0.053843863
2023/1/26 3:15,0.071663375
2023/1/26 3:30,0.083095911
2023/1/26 3:45,0.0762353
2023/1/26 4:00,0.023429866
2023/1/26 4:15,0.013600316
2023/1/26 4:30,0.013093164
2023/1/26 4:45,0.012327999
2023/1/26 5:00,0.011048362
2023/1/26 5:15,0.010375222
2023/1/26 5:30,0.010370592
2023/1/26 5:45,0.010363109
2023/1/26 6:00,0.010352541
2023/1/26 6:15,0.010338675
2023/1/26 6:30,0.010321316
2023/1/26 6:45,0.010300291
2023/1/26 7:00,0.010275454
2023/1/26 7:15,0.010246687
2023/1/26 7:30,0.010213897
2023/1/26 7:45,0.010177028
2023/1/26 8:00,0.010136051
2023/1/26 8:15,0.010090974
2023/1/26 8:30,0.010041838
2023/1/26 8:45,0.009988717
2023/1/26 9:00,0.009931718
2023/1/26 9:15,0.00987098
2023/1/26 9:30,0.009806673
2023/1/26 9:45,0.009738992
2023/1/26 10:00,0.009668159
2023/1/26 10:15,0.009594416
2023/1/26 10:30,0.009518021
2023/1/26 10:45,0.009439248
2023/1/26 11:00,0.009358375
2023/1/26 11:15,0.009275681
2023/1/26 11:30,0.009191441
2023/1/26 11:45,0.009105919
2023/1/26 12:00,0
2023/1/26 12:15,0
2023/1/26 12:30,0
2023/1/26 12:45,0
2023/1/26 13:00,0
2023/1/26 13:15,0
2023/1/26 13:30,0
2023/1/26 13:45,0
2023/1/26 14:00,0
2023/1/26 14:15,0.127896715
2023/1/26 14:30,0.241028839
2023/1/26 14:45,0.308850722
2023/1/26 15:00,0.43030525
2023/1/26 15:15,0.486862657
2023/1/26 15:30,0.525374142
2023/1/26 15:45,0.697139739
2023/1/26 16:00,0.551953881
2023/1/26 16:15,0.652174529
2023/1/26 16:30,0.604985929
2023/1/26 16:45,0.782833059
2023/1/26 17:00,0.696894079
2023/1/26 17:15,0.589830484
2023/1/26 17:30,0.628377408
2023/1/26 17:45,0.613194336
2023/1/26 18:00,0.441547054
2023/1/26 18:15,0.64052973
2023/1/26 18:30,0.551704754
2023/1/26 18:45,0.649133129
2023/1/26 19:00,0.693229071
2023/1/26 19:15,0.80481665
2023/1/26 19:30,0.770195945
2023/1/26 19:45,0.863743101
2023/1/26 20:00,0.783275652
2023/1/26 20:15,0.805035794
2023/1/26 20:30,0.733110466
2023/1/26 20:45,0.594801269
2023/1/26 21:00,0.596234896
2023/1/26 21:15,0.485577509
2023/1/26 21:30,0.489234286
2023/1/26 21:45,0.562678167
2023/1/26 22:00,0.555354737
2023/1/26 22:15,0.375374997
2023/1/26 22:30,0.598236585
2023/1/26 22:45,0.636223141
2023/1/26 23:00,0.550178775
2023/1/26 23:15,0.331461232
2023/1/26 23:30,0.306869583
2023/1/26 23:45,0.277563229
2023/1/27 0:00,0.209416648
2023/1/27 0:15,0.200540897
2023/1/27 0:30,0.19808709
2023/1/27 0:45,0.217279432
2023/1/27 1:00,0.218582996
2023/1/27 1:15,0.209727931
2023/1/27 1:30,0.226799687
2023/1/27 1:45,0.160515869
2023/1/27 2:00,0.089766548
2023/1/27 2:15,0.066624304
2023/1/27 2:30,0.077324268
2023/1/27 2:45,0.072140806
2023/1/27 3:00,0.069190595
2023/1/27 3:15,0.111804616
2023/1/27 3:30,0.100154755
2023/1/27 3:45,0.167092588
2023/1/27 4:00,0.181322669
2023/1/27 4:15,0.273007153
2023/1/27 4:30,0.295977789
2023/1/27 4:45,0.435762023
2023/1/27 5:00,0.473500186
2023/1/27 5:15,0.267045234
2023/1/27 5:30,0.427227417
2023/1/27 5:45,0.543135623
2023/1/27 6:00,0.467237575
2023/1/27 6:15,0.441742503
2023/1/27 6:30,0.402034889
2023/1/27 6:45,0.341749607
2023/1/27 7:00,0.382339453
2023/1/27 7:15,0.35267392
2023/1/27 7:30,0.245628134
2023/1/27 7:45,0.204243608
2023/1/27 8:00,0.185609912
2023/1/27 8:15,0.203677836
2023/1/27 8:30,0.234068812
2023/1/27 8:45,0.149977831
2023/1/27 9:00,0.139349089
2023/1/27 9:15,0.134954595
2023/1/27 9:30,0.190308921
2023/1/27 9:45,0.268918394
2023/1/27 10:00,0.20285708
2023/1/27 10:15,0.264795928
2023/1/27 10:30,0.213124939
2023/1/27 10:45,0.200105905
2023/1/27 11:00,0.144580667
2023/1/27 11:15,0.136717718
2023/1/27 11:30,0.112959756
2023/1/27 11:45,0.081580303
2023/1/27 12:00,0.118286906
2023/1/27 12:15,0.151815395
2023/1/27 12:30,0.156179456
2023/1/27 12:45,0.190383465
2023/1/27 13:00,0.146300115
2023/1/27 13:15,0.124102272
2023/1/27 13:30,0.107862998
2023/1/27 13:45,0.125939992
2023/1/27 14:00,0.140638608
2023/1/27 14:15,0.164467097
2023/1/27 14:30,0.124563436
2023/1/27 14:45,0.192208155
2023/1/27 15:00,0.298739643
2023/1/27 15:15,0.326645127
2023/1/27 15:30,0.291760267
2023/1/27 15:45,0.384319912
2023/1/27 16:00,0.414024363
2023/1/27 16:15,0.330444437
2023/1/27 16:30,0.271694144
2023/1/27 16:45,0.310467242
2023/1/27 17:00,0.357468684
2023/1/27 17:15,0.349650117
2023/1/27 17:30,0.265917123
2023/1/27 17:45,0.241054856
2023/1/27 18:00,0.218945283
2023/1/27 18:15,0.218447859
2023/1/27 18:30,0.19340741
2023/1/27 18:45,0.171624229
2023/1/27 19:00,0.108549492
2023/1/27 19:15,0.14178806
2023/1/27 19:30,0.119655066
2023/1/27 19:45,0.05701897
2023/1/27 20:00,0.034873591
2023/1/27 20:15,0.035170218
2023/1/27 20:30,0.032461635
2023/1/27 20:45,0.03322048
2023/1/27 21:00,0.040915047
2023/1/27 21:15,0.045413152
2023/1/27 21:30,0.04351896
2023/1/27 21:45,0.042621156
2023/1/27 22:00,0.04371648
2023/1/27 22:15,0.041480107
2023/1/27 22:30,0.032580395
2023/1/27 22:45,0.027949199
2023/1/27 23:00,0.031854774
2023/1/27 23:15,0.034113881
2023/1/27 23:30,0.033079467
2023/1/27 23:45,0.034374513
2023/1/28 0:00,0.010113458
2023/1/28 0:15,0.0093193
2023/1/28 0:30,0.01308894
2023/1/28 0:45,0.014756461
2023/1/28 1:00,0.012214263
2023/1/28 1:15,0.011351304
2023/1/28 1:30,0.013840774
2023/1/28 1:45,0.014838874
2023/1/28 2:00,0.012847893
2023/1/28 2:15,0.015748701
2023/1/28 2:30,0.028426741
2023/1/28 2:45,0.035705566
2023/1/28 3:00,0.032179883
2023/1/28 3:15,0.028963137
2023/1/28 3:30,0.026358715
2023/1/28 3:45,0.030536818
2023/1/28 4:00,0.048275158
2023/1/28 4:15,0.06585088
2023/1/28 4:30,0.083097429
2023/1/28 4:45,0.08713122
2023/1/28 5:00,0.06473651
2023/1/28 5:15,0.04525904
2023/1/28 5:30,0.031614035
2023/1/28 5:45,0.027076966
2023/1/28 6:00,0.040754666
2023/1/28 6:15,0.047357096
2023/1/28 6:30,0.0398087
2023/1/28 6:45,0.031332461
2023/1/28 7:00,0.021000932
2023/1/28 7:15,0.01412364
2023/1/28 7:30,0.010327029
2023/1/28 7:45,0.002719994
2023/1/28 8:00,0.002749126
2023/1/28 8:15,0.003196481
2023/1/28 8:30,0.004101456
2023/1/28 8:45,0.005604763
2023/1/28 9:00,0.010064816
2023/1/28 9:15,0.011344742
2023/1/28 9:30,0.006266203
2023/1/28 9:45,0.002904636
2023/1/28 10:00,0.00291963
2023/1/28 10:15,0.002932794
2023/1/28 10:30,0.002944123
2023/1/28 10:45,0.002953612
2023/1/28 11:00,0.002961254
2023/1/28 11:15,0.002967042
2023/1/28 11:30,0.00297097
2023/1/28 11:45,0.002973034
2023/1/28 12:00,0.027126843
2023/1/28 12:15,0.028656789
2023/1/28 12:30,0.032717437
2023/1/28 12:45,0.020901683
2023/1/28 13:00,0
2023/1/28 13:15,0.05585032
2023/1/28 13:30,0.065472887
2023/1/28 13:45,0.10584542
2023/1/28 14:00,0.146542873
2023/1/28 14:15,0.15070685
2023/1/28 14:30,0.236421609
2023/1/28 14:45,0.203440144
2023/1/28 15:00,0.191502342
2023/1/28 15:15,0.273638826
2023/1/28 15:30,0.248305983
2023/1/28 15:45,0.25472717
2023/1/28 16:00,0.18599495
2023/1/28 16:15,0.17881128
2023/1/28 16:30,0.287373449
2023/1/28 16:45,0.327150184
2023/1/28 17:00,0.293007726
2023/1/28 17:15,0.26415705
2023/1/28 17:30,0.270389595
2023/1/28 17:45,0.250263861
2023/1/28 18:00,0.286075652
2023/1/28 18:15,0.270681828
2023/1/28 18:30,0.246498238
2023/1/28 18:45,0.294918932
2023/1/28 19:00,0.260464221
2023/1/28 19:15,0.214651824
2023/1/28 19:30,0.249312551
2023/1/28 19:45,0.223071043
2023/1/28 20:00,0.25113036
2023/1/28 20:15,0.238720191
2023/1/28 20:30,0.271885153
2023/1/28 20:45,0.250070039
2023/1/28 21:00,0.122322659
2023/1/28 21:15,0.116110215
2023/1/28 21:30,0.108460803
2023/1/28 21:45,0.088065877
2023/1/28 22:00,0.049629236
2023/1/28 22:15,0.03135509
2023/1/28 22:30,0.040769739
2023/1/28 22:45,0.033067016
2023/1/28 23:00,0.037061188
2023/1/28 23:15,0.043046331
2023/1/28 23:30,0.074208185
2023/1/28 23:45,0.171095828
2023/1/29 0:00,0.202188445
2023/1/29 0:15,0.248712153
2023/1/29 0:30,0.297491634
2023/1/29 0:45,0.26347854
2023/1/29 1:00,0.279766434
2023/1/29 1:15,0.311817131
2023/1/29 1:30,0.363233726
2023/1/29 1:45,0.339557424
2023/1/29 2:00,0.261070195
2023/1/29 2:15,0.224615418
2023/1/29 2:30,0.195705621
2023/1/29 2:45,0.147520416
2023/1/29 3:00,0.066850852
2023/1/29 3:15,0.070344363
2023/1/29 3:30,0.089343114
2023/1/29 3:45,0.115295918
2023/1/29 4:00,0.096608283
2023/1/29 4:15,0.099568841
2023/1/29 4:30,0.097325224
2023/1/29 4:45,0.098469905
2023/1/29 5:00,0.096885612
2023/1/29 5:15,0.102745743
2023/1/29 5:30,0.102366685
2023/1/29 5:45,0.108055864
2023/1/29 6:00,0.175657359
2023/1/29 6:15,0.178098773
2023/1/29 6:30,0.142366261
2023/1/29 6:45,0.131650406
2023/1/29 7:00,0.1366321
2023/1/29 7:15,0.145744655
2023/1/29 7:30,0.150272617
2023/1/29 7:45,0.110827586
2023/1/29 8:00,0.113350117
2023/1/29 8:15,0.089468636
2023/1/29 8:30,0.063643195
2023/1/29 8:45,0.041731267
2023/1/29 9:00,0.047715923
2023/1/29 9:15,0.044658911
2023/1/29 9:30,0.027846977
2023/1/29 9:45,0.027077981
2023/1/29 10:00,0.030444896
2023/1/29 10:15,0.020200923
2023/1/29 10:30,0.016937812
2023/1/29 10:45,0.007497208
2023/1/29 11:00,0.003571641
2023/1/29 11:15,0.000582749
2023/1/29 11:30,0.000521748
2023/1/29 11:45,0.02692625
2023/1/29 12:00,0.084514308
2023/1/29 12:15,0.110327398
2023/1/29 12:30,0.135212962
2023/1/29 12:45,0.140594101
2023/1/29 13:00,0.181659865
2023/1/29 13:15,0.1757985
2023/1/29 13:30,0.180581784
2023/1/29 13:45,0.211663855
2023/1/29 14:00,0.263025557
2023/1/29 14:15,0.226978706
2023/1/29 14:30,0.24486526
2023/1/29 14:45,0.234321759
2023/1/29 15:00,0.249905164
2023/1/29 15:15,0.258333747
2023/1/29 15:30,0.250051863
2023/1/29 15:45,0.282372642
2023/1/29 16:00,0.298609112
2023/1/29 16:15,0.225998032
2023/1/29 16:30,0.315472647
2023/1/29 16:45,0.315247055
2023/1/29 17:00,0.315744033
2023/1/29 17:15,0.286983793
2023/1/29 17:30,0.348063384
2023/1/29 17:45,0.281296533
2023/1/29 18:00,0.258159322
2023/1/29 18:15,0.261589002
2023/1/29 18:30,0.197135374
2023/1/29 18:45,0.162157692
2023/1/29 19:00,0.193360099
2023/1/29 19:15,0.130659819
2023/1/29 19:30,0.131938368
2023/1/29 19:45,0.120206349
2023/1/29 20:00,0.084240154
2023/1/29 20:15,0.107768005
2023/1/29 20:30,0.132686972
2023/1/29 20:45,0.157023644
2023/1/29 21:00,0.13407281
2023/1/29 21:15,0.094115816
2023/1/29 21:30,0.066120492
2023/1/29 21:45,0.054057793
2023/1/29 22:00,0.04445598
2023/1/29 22:15,0.047691762
2023/1/29 22:30,0.052200182
2023/1/29 22:45,0.036330763
2023/1/29 23:00,0.030857787
2023/1/29 23:15,0.045660991
2023/1/29 23:30,0.055493314
2023/1/29 23:45,0.052282674
2023/1/30 0:00,0.039522777
2023/1/30 0:15,0.038834873
2023/1/30 0:30,0.068640837
2023/1/30 0:45,0.088788361
2023/1/30 1:00,0.112382342
2023/1/30 1:15,0.152786296
2023/1/30 1:30,0.186056846
2023/1/30 1:45,0.211175452
2023/1/30 2:00,0.187714304
2023/1/30 2:15,0.227322182
2023/1/30 2:30,0.181881362
2023/1/30 2:45,0.204870724
2023/1/30 3:00,0.213242602
2023/1/30 3:15,0.29379428
2023/1/30 3:30,0.281512408
2023/1/30 3:45,0.212448329
2023/1/30 4:00,0.123426512
2023/1/30 4:15,0.060522783
2023/1/30 4:30,0.02515436
2023/1/30 4:45,0.025719582
2023/1/30 5:00,0.030116117
2023/1/30 5:15,0.061581978
2023/1/30 5:30,0.105304347
2023/1/30 5:45,0.123593781
2023/1/30 6:00,0.097215598
2023/1/30 6:15,0.06640666
2023/1/30 6:30,0.05275439
2023/1/30 6:45,0.047612843
2023/1/30 7:00,0.023243763
2023/1/30 7:15,0.025054577
2023/1/30 7:30,0.023627303
2023/1/30 7:45,0.022326287
2023/1/30 8:00,0.020017425
2023/1/30 8:15,0.034674593
2023/1/30 8:30,0.091321245
2023/1/30 8:45,0.078299244
2023/1/30 9:00,0.091349502
2023/1/30 9:15,0.097472769
2023/1/30 9:30,0.089068881
2023/1/30 9:45,0.080280044
2023/1/30 10:00,0.067951515
2023/1/30 10:15,0.080818304
2023/1/30 10:30,0.080698616
2023/1/30 10:45,0.064739773
2023/1/30 11:00,0.050784373
2023/1/30 11:15,0.069802744
2023/1/30 11:30,0.04260366
2023/1/30 11:45,0.051668231
2023/1/30 12:00,0.058214951
2023/1/30 12:15,0.116499566
2023/1/30 12:30,0.154474784
2023/1/30 12:45,0.211397833
2023/1/30 13:00,0.270107801
2023/1/30 13:15,0.276086604
2023/1/30 13:30,0.275978409
2023/1/30 13:45,0.426530668
2023/1/30 14:00,0.451370855
2023/1/30 14:15,0.522587345
2023/1/30 14:30,0.541442744
2023/1/30 14:45,0.560797014
2023/1/30 15:00,0.399552169
2023/1/30 15:15,0.510286379
2023/1/30 15:30,0.732303913
2023/1/30 15:45,0.52951787
2023/1/30 16:00,0.504002313
2023/1/30 16:15,0.752108405
2023/1/30 16:30,0.811343848
2023/1/30 16:45,0.802436005
2023/1/30 17:00,0.783063158
2023/1/30 17:15,0.834463078
2023/1/30 17:30,0.86901504
2023/1/30 17:45,0.732311383
2023/1/30 18:00,0.822575735
2023/1/30 18:15,0.802926302
2023/1/30 18:30,0.810464889
2023/1/30 18:45,0.802660518
2023/1/30 19:00,0.635817978
2023/1/30 19:15,0.711256002
2023/1/30 19:30,0.731312576
2023/1/30 19:45,0.63346471
2023/1/30 20:00,0.473797595
2023/1/30 20:15,0.573170288
2023/1/30 20:30,0.608034491
2023/1/30 20:45,0.655104309
2023/1/30 21:00,0.736990485
2023/1/30 21:15,0.596895259
2023/1/30 21:30,0.49144275
2023/1/30 21:45,0.397712648
2023/1/30 22:00,0.33596086
2023/1/30 22:15,0.256648601
2023/1/30 22:30,0.138178883
2023/1/30 22:45,0.194814872
2023/1/30 23:00,0.263583128
2023/1/30 23:15,0.201596599
2023/1/30 23:30,0.206058131
2023/1/30 23:45,0.202930413
2023/1/31 0:00,0.225139011
2023/1/31 0:15,0.155363134
2023/1/31 0:30,0.167938591
2023/1/31 0:45,0.168126476
2023/1/31 1:00,0.233614209
2023/1/31 1:15,0.211066775
2023/1/31 1:30,0.188637887
2023/1/31 1:45,0.163743535
2023/1/31 2:00,0.195786146
2023/1/31 2:15,0.269431356
2023/1/31 2:30,0.221236641
2023/1/31 2:45,0.167847236
2023/1/31 3:00,0.160016154
2023/1/31 3:15,0.157016759
2023/1/31 3:30,0.243744634
2023/1/31 3:45,0.304555832
2023/1/31 4:00,0.323998932
2023/1/31 4:15,0.276454037
2023/1/31 4:30,0.307572558
2023/1/31 4:45,0.274731156
2023/1/31 5:00,0.306463541
2023/1/31 5:15,0.297476302
2023/1/31 5:30,0.316696384
2023/1/31 5:45,0.326682612
2023/1/31 6:00,0.204787039
2023/1/31 6:15,0.189598961
2023/1/31 6:30,0.18010464
2023/1/31 6:45,0.166260199
2023/1/31 7:00,0.211606921
2023/1/31 7:15,0.186236136
2023/1/31 7:30,0.132396381
2023/1/31 7:45,0.147922
2023/1/31 8:00,0.144684173
2023/1/31 8:15,0.166426949
2023/1/31 8:30,0.163728286
2023/1/31 8:45,0.217710069
2023/1/31 9:00,0.235573693
2023/1/31 9:15,0.220344541
2023/1/31 9:30,0.193602292
2023/1/31 9:45,0.161748575
2023/1/31 10:00,0.13616944
2023/1/31 10:15,0.12535791
2023/1/31 10:30,0.102021895
2023/1/31 10:45,0.076582955
2023/1/31 11:00,0.086538731
2023/1/31 11:15,0.185884466
2023/1/31 11:30,0.238880009
2023/1/31 11:45,0.277585688
2023/1/31 12:00,0.287718786
2023/1/31 12:15,0.188423462
2023/1/31 12:30,0.270687602
2023/1/31 12:45,0.244407933
2023/1/31 13:00,0.216157609
2023/1/31 13:15,0.292061526
2023/1/31 13:30,0.384966936
2023/1/31 13:45,0.376144805
2023/1/31 14:00,0.406213615
2023/1/31 14:15,0.411729731
2023/1/31 14:30,0.409826793
2023/1/31 14:45,0.358055449
2023/1/31 15:00,0.574528934
2023/1/31 15:15,0.581344765
2023/1/31 15:30,0.712906175
2023/1/31 15:45,0.723847931
2023/1/31 16:00,0.715189514
2023/1/31 16:15,0.828944263
2023/1/31 16:30,0.781351855
2023/1/31 16:45,0.811410881
2023/1/31 17:00,0.731825337
2023/1/31 17:15,0.60420146
2023/1/31 17:30,0.528392612
2023/1/31 17:45,0.509113877
2023/1/31 18:00,0.513709351
2023/1/31 18:15,0.483633383
2023/1/31 18:30,0.33517573
2023/1/31 18:45,0.368544673
2023/1/31 19:00,0.358191273
2023/1/31 19:15,0.202240761
2023/1/31 19:30,0.224461816
2023/1/31 19:45,0.151832586
2023/1/31 20:00,0.077006242
2023/1/31 20:15,0.040898976
2023/1/31 20:30,0.049761287
2023/1/31 20:45,0.033709902
2023/1/31 21:00,0.025829353
2023/1/31 21:15,0.018140388
2023/1/31 21:30,0.009943337
2023/1/31 21:45,0.029202988
2023/1/31 22:00,0.038701169
2023/1/31 22:15,0.051384363
2023/1/31 22:30,0.038427086
2023/1/31 22:45,0.039875707
2023/1/31 23:00,0.040581832
2023/1/31 23:15,0.039109023
2023/1/31 23:30,0.041698434
2023/1/31 23:45,0.06849994
2023/2/1 0:00,0.036704304
2023/2/1 0:15,0.019267691
2023/2/1 0:30,0.025583763
2023/2/1 0:45,0.01128622
2023/2/1 1:00,0.002735355
2023/2/1 1:15,0.00187127
2023/2/1 1:30,0.00293251
2023/2/1 1:45,0.003609964
2023/2/1 2:00,0.003515536
2023/2/1 2:15,0.003047103
2023/2/1 2:30,0.00182682
2023/2/1 2:45,1.95E-05
2023/2/1 3:00,0
2023/2/1 3:15,0
2023/2/1 3:30,0
2023/2/1 3:45,0
2023/2/1 4:00,0
2023/2/1 4:15,0.001637785
2023/2/1 4:30,0.000237229
2023/2/1 4:45,0
2023/2/1 5:00,0
2023/2/1 5:15,0
2023/2/1 5:30,0
2023/2/1 5:45,0
2023/2/1 6:00,0.040160407
2023/2/1 6:15,0.082490207
2023/2/1 6:30,0.034333996
2023/2/1 6:45,0.011831722
2023/2/1 7:00,0.019587856
2023/2/1 7:15,0.015817024
2023/2/1 7:30,0.010108883
2023/2/1 7:45,0.001164065
2023/2/1 8:00,0
2023/2/1 8:15,0
2023/2/1 8:30,0.060858461
2023/2/1 8:45,0.120051806
2023/2/1 9:00,0.082957898
2023/2/1 9:15,0.103428132
2023/2/1 9:30,0.112760553
2023/2/1 9:45,0.147275302
2023/2/1 10:00,0.178404617
2023/2/1 10:15,0.17964605
2023/2/1 10:30,0.205225061
2023/2/1 10:45,0.217136808
2023/2/1 11:00,0.260621099
2023/2/1 11:15,0.190317764
2023/2/1 11:30,0.242067889
2023/2/1 11:45,0.202828415
2023/2/1 12:00,0.326266026
2023/2/1 12:15,0.387856732
2023/2/1 12:30,0.28099658
2023/2/1 12:45,0.221984942
2023/2/1 13:00,0.192680435
2023/2/1 13:15,0.142061421
2023/2/1 13:30,0.124036048
2023/2/1 13:45,0.099632205
2023/2/1 14:00,0.088755016
2023/2/1 14:15,0.104830499
2023/2/1 14:30,0.078568848
2023/2/1 14:45,0.033302676
2023/2/1 15:00,0.020406156
2023/2/1 15:15,0
2023/2/1 15:30,0
2023/2/1 15:45,0
2023/2/1 16:00,0
2023/2/1 16:15,0
2023/2/1 16:30,0
2023/2/1 16:45,0
2023/2/1 17:00,0.012682029
2023/2/1 17:15,0.001882559
2023/2/1 17:30,0
2023/2/1 17:45,0
2023/2/1 18:00,0
2023/2/1 18:15,0
2023/2/1 18:30,0
2023/2/1 18:45,0
2023/2/1 19:00,0
2023/2/1 19:15,0.187929914
2023/2/1 19:30,0.216685257
2023/2/1 19:45,0.296354647
2023/2/1 20:00,0.311515507
2023/2/1 20:15,0.319877119
2023/2/1 20:30,0.336228406
2023/2/1 20:45,0.347435143
2023/2/1 21:00,0.282456078
2023/2/1 21:15,0.228090298
2023/2/1 21:30,0.216984269
2023/2/1 21:45,0.17108894
2023/2/1 22:00,0.142160285
2023/2/1 22:15,0.147285001
2023/2/1 22:30,0.162755932
2023/2/1 22:45,0.181957744
2023/2/1 23:00,0.209856678
2023/2/1 23:15,0.225634475
2023/2/1 23:30,0.230825633
2023/2/1 23:45,0.203384889
2023/2/2 0:00,0.177019925
2023/2/2 0:15,0.170310965
2023/2/2 0:30,0.168138446
2023/2/2 0:45,0.133436259
2023/2/2 1:00,0.100604256
2023/2/2 1:15,0.081784653
2023/2/2 1:30,0.065520889
2023/2/2 1:45,0.062018141
2023/2/2 2:00,0.067043633
2023/2/2 2:15,0.048894219
2023/2/2 2:30,0.047157524
2023/2/2 2:45,0.043523606
2023/2/2 3:00,0.046634827
2023/2/2 3:15,0.034815825
2023/2/2 3:30,0.025182935
2023/2/2 3:45,0.026627065
2023/2/2 4:00,0.030149815
2023/2/2 4:15,0.029611989
2023/2/2 4:30,0.016175028
2023/2/2 4:45,0.005250394
2023/2/2 5:00,0.002345937
2023/2/2 5:15,0.000680812
2023/2/2 5:30,0.001501751
2023/2/2 5:45,0.002499657
2023/2/2 6:00,0.00536697
2023/2/2 6:15,0.006940602
2023/2/2 6:30,0.005929231
2023/2/2 6:45,0.004512047
2023/2/2 7:00,0.002285979
2023/2/2 7:15,0.000815193
2023/2/2 7:30,0.000834902
2023/2/2 7:45,0.000848293
2023/2/2 8:00,0.000884971
2023/2/2 8:15,0.001148858
2023/2/2 8:30,0.001679441
2023/2/2 8:45,0.001582218
2023/2/2 9:00,0.001232127
2023/2/2 9:15,0.001023835
2023/2/2 9:30,0.001042865
2023/2/2 9:45,0.001059016
2023/2/2 10:00,0.001072295
2023/2/2 10:15,0.001170841
2023/2/2 10:30,0.015206732
2023/2/2 10:45,0.06271692
2023/2/2 11:00,0.051299673
2023/2/2 11:15,0.105320787
2023/2/2 11:30,0.10597707
2023/2/2 11:45,0.118003242
2023/2/2 12:00,0.170037397
2023/2/2 12:15,0.162519362
2023/2/2 12:30,0.160355224
2023/2/2 12:45,0.223977535
2023/2/2 13:00,0.278204495
2023/2/2 13:15,0.35535425
2023/2/2 13:30,0.336973544
2023/2/2 13:45,0.431951195
2023/2/2 14:00,0.473184972
2023/2/2 14:15,0.575592462
2023/2/2 14:30,0.518617399
2023/2/2 14:45,0.531943579
2023/2/2 15:00,0.560784539
2023/2/2 15:15,0.601517672
2023/2/2 15:30,0.543510124
2023/2/2 15:45,0.739841973
2023/2/2 16:00,0.676802734
2023/2/2 16:15,0.561723762
2023/2/2 16:30,0.423848444
2023/2/2 16:45,0.442898654
2023/2/2 17:00,0.339151376
2023/2/2 17:15,0.348408618
2023/2/2 17:30,0.426062594
2023/2/2 17:45,0.478599984
2023/2/2 18:00,0.537306351
2023/2/2 18:15,0.376265612
2023/2/2 18:30,0.333418026
2023/2/2 18:45,0.17433498
2023/2/2 19:00,0.256284508
2023/2/2 19:15,0.18340806
2023/2/2 19:30,0.148128077
2023/2/2 19:45,0.207368267
2023/2/2 20:00,0.343931914
2023/2/2 20:15,0.308443534
2023/2/2 20:30,0.253031253
2023/2/2 20:45,0.350840184
2023/2/2 21:00,0.381301503
2023/2/2 21:15,0.259180582
2023/2/2 21:30,0.242083808
2023/2/2 21:45,0.141297978
2023/2/2 22:00,0.067293407
2023/2/2 22:15,0.052251203
2023/2/2 22:30,0.040894317
2023/2/2 22:45,0.033317704
2023/2/2 23:00,0.017427009
2023/2/2 23:15,0.013550007
2023/2/2 23:30,0.011335122
2023/2/2 23:45,0.009217665
2023/2/3 0:00,0
2023/2/3 0:15,0.023825325
2023/2/3 0:30,0.084727506
2023/2/3 0:45,0.120991829
2023/2/3 1:00,0.088583278
2023/2/3 1:15,0.081166672
2023/2/3 1:30,0.08740861
2023/2/3 1:45,0.08736185
2023/2/3 2:00,0.087304002
2023/2/3 2:15,0.087096034
2023/2/3 2:30,0.079783358
2023/2/3 2:45,0.07505359
2023/2/3 3:00,0.052788701
2023/2/3 3:15,0.095999219
2023/2/3 3:30,0.103672925
2023/2/3 3:45,0.082531032
2023/2/3 4:00,0.08057212
2023/2/3 4:15,0.029000316
2023/2/3 4:30,0
2023/2/3 4:45,0
2023/2/3 5:00,0
2023/2/3 5:15,0
2023/2/3 5:30,0.084397722
2023/2/3 5:45,0.084947114
2023/2/3 6:00,0.052565629
2023/2/3 6:15,0.009459213
2023/2/3 6:30,0
2023/2/3 6:45,0
2023/2/3 7:00,0
2023/2/3 7:15,0
2023/2/3 7:30,0
2023/2/3 7:45,0
2023/2/3 8:00,0
2023/2/3 8:15,0
2023/2/3 8:30,0
2023/2/3 8:45,0
2023/2/3 9:00,0
2023/2/3 9:15,0
2023/2/3 9:30,0
2023/2/3 9:45,0
2023/2/3 10:00,0
2023/2/3 10:15,0
2023/2/3 10:30,0
2023/2/3 10:45,0
2023/2/3 11:00,0
2023/2/3 11:15,0
2023/2/3 11:30,0.005903453
2023/2/3 11:45,0.08409941
2023/2/3 12:00,0.057314877
2023/2/3 12:15,0.037656318
2023/2/3 12:30,0.031415174
2023/2/3 12:45,0.063014057
2023/2/3 13:00,0.076485505
2023/2/3 13:15,0.080882605
2023/2/3 13:30,0.085743207
2023/2/3 13:45,0.081554972
2023/2/3 14:00,0.081359626
2023/2/3 14:15,0.064696139
2023/2/3 14:30,0.072408519
2023/2/3 14:45,0.06216889
2023/2/3 15:00,0.032073049
2023/2/3 15:15,0.024361003
2023/2/3 15:30,0.013402291
2023/2/3 15:45,0.01774552
2023/2/3 16:00,0.045262897
2023/2/3 16:15,0.082374083
2023/2/3 16:30,0.09021845
2023/2/3 16:45,0.08875051
2023/2/3 17:00,0.14760418
2023/2/3 17:15,0.121689837
2023/2/3 17:30,0.123457933
2023/2/3 17:45,0.154047072
2023/2/3 18:00,0.154373558
2023/2/3 18:15,0.201591075
2023/2/3 18:30,0.203553474
2023/2/3 18:45,0.213722845
2023/2/3 19:00,0.219080514
2023/2/3 19:15,0.202562004
2023/2/3 19:30,0.138250902
2023/2/3 19:45,0.157057478
2023/2/3 20:00,0.196960072
2023/2/3 20:15,0.170262304
2023/2/3 20:30,0.160019217
2023/2/3 20:45,0.151083091
2023/2/3 21:00,0.170630617
2023/2/3 21:15,0.160675475
2023/2/3 21:30,0.135676452
2023/2/3 21:45,0.126823293
2023/2/3 22:00,0.161436843
2023/2/3 22:15,0.184581178
2023/2/3 22:30,0.176908182
2023/2/3 22:45,0.149118041
2023/2/3 23:00,0.144014696
2023/2/3 23:15,0.146626547
2023/2/3 23:30,0.16103877
2023/2/3 23:45,0.148744365
2023/2/4 0:00,0.040817053
2023/2/4 0:15,0.025154803
2023/2/4 0:30,0.00098944
2023/2/4 0:45,0.000849721
2023/2/4 1:00,0
2023/2/4 1:15,0
2023/2/4 1:30,0
2023/2/4 1:45,0
2023/2/4 2:00,0
2023/2/4 2:15,0.006250618
2023/2/4 2:30,0.089878001
2023/2/4 2:45,0.054300912
2023/2/4 3:00,0.043962114
2023/2/4 3:15,0.046286256
2023/2/4 3:30,0.038175404
2023/2/4 3:45,0.052047121
2023/2/4 4:00,0.068809108
2023/2/4 4:15,0.050420118
2023/2/4 4:30,0.047895347
2023/2/4 4:45,0.039625238
2023/2/4 5:00,0.04982452
2023/2/4 5:15,0.064718279
2023/2/4 5:30,0.060566095
2023/2/4 5:45,0.069131834
2023/2/4 6:00,0.054007519
2023/2/4 6:15,0.076575775
2023/2/4 6:30,0.068512205
2023/2/4 6:45,0.070908959
2023/2/4 7:00,0.062531048
2023/2/4 7:15,0.057304427
2023/2/4 7:30,0.059917671
2023/2/4 7:45,0.047518621
2023/2/4 8:00,0.084501448
2023/2/4 8:15,0.153483733
2023/2/4 8:30,0.167385923
2023/2/4 8:45,0.115371096
2023/2/4 9:00,0.081912604
2023/2/4 9:15,0.053363957
2023/2/4 9:30,0.038122925
2023/2/4 9:45,0.03758035
2023/2/4 10:00,0.048543265
2023/2/4 10:15,0.05573565
2023/2/4 10:30,0.049827498
2023/2/4 10:45,0.048567462
2023/2/4 11:00,0.038953405
2023/2/4 11:15,0.021173271
2023/2/4 11:30,0.005890258
2023/2/4 11:45,0.065381693
2023/2/4 12:00,0.172863917
2023/2/4 12:15,0.293143008
2023/2/4 12:30,0.449016992
2023/2/4 12:45,0.419989495
2023/2/4 13:00,0.607507155
2023/2/4 13:15,0.707321242
2023/2/4 13:30,0.807155308
2023/2/4 13:45,0.825588218
2023/2/4 14:00,0.800000456
2023/2/4 14:15,0.813601125
2023/2/4 14:30,0.782179785
2023/2/4 14:45,0.782818699
2023/2/4 15:00,0.814306329
2023/2/4 15:15,0.841620514
2023/2/4 15:30,0.891420069
2023/2/4 15:45,0.883046749
2023/2/4 16:00,0.893582961
2023/2/4 16:15,0.900160988
2023/2/4 16:30,0.85842858
2023/2/4 16:45,0.897141096
2023/2/4 17:00,0.902022786
2023/2/4 17:15,0.898265663
2023/2/4 17:30,0.894736756
2023/2/4 17:45,0.891731147
2023/2/4 18:00,0.889879787
2023/2/4 18:15,0.228549753
2023/2/4 18:30,0.787614782
2023/2/4 18:45,0.868622436
2023/2/4 19:00,0.821874158
2023/2/4 19:15,0.71512426
2023/2/4 19:30,0.723254338
2023/2/4 19:45,0.555240532
2023/2/4 20:00,0.355342945
2023/2/4 20:15,0.51052269
2023/2/4 20:30,0.578352469
2023/2/4 20:45,0.579617834
2023/2/4 21:00,0.599471541
2023/2/4 21:15,0.517129235
2023/2/4 21:30,0.223486346
2023/2/4 21:45,0.200158224
2023/2/4 22:00,0.190840034
2023/2/4 22:15,0.13905793
2023/2/4 22:30,0.139148115
2023/2/4 22:45,0.215485742
2023/2/4 23:00,0.22297735
2023/2/4 23:15,0.233377282
2023/2/4 23:30,0.146953522
2023/2/4 23:45,0.134609688
2023/2/5 0:00,0.185692004
2023/2/5 0:15,0.249507712
2023/2/5 0:30,0.312015363
2023/2/5 0:45,0.29239298
2023/2/5 1:00,0.205631377
2023/2/5 1:15,0.186945628
2023/2/5 1:30,0.204217586
2023/2/5 1:45,0.325834524
2023/2/5 2:00,0.33680285
2023/2/5 2:15,0.289762995
2023/2/5 2:30,0.264841084
2023/2/5 2:45,0.320828598
2023/2/5 3:00,0.266155505
2023/2/5 3:15,0.102485154
2023/2/5 3:30,0.096748025
2023/2/5 3:45,0.176483273
2023/2/5 4:00,0.155478551
2023/2/5 4:15,0.113175759
2023/2/5 4:30,0.081242237
2023/2/5 4:45,0.047891166
2023/2/5 5:00,0.022075689
2023/2/5 5:15,0.062341484
2023/2/5 5:30,0.060736413
2023/2/5 5:45,0.113176895
2023/2/5 6:00,0.152148608
2023/2/5 6:15,0.16452148
2023/2/5 6:30,0.165828644
2023/2/5 6:45,0.105578047
2023/2/5 7:00,0.04316491
2023/2/5 7:15,0.029039878
2023/2/5 7:30,0.007880656
2023/2/5 7:45,0.00788888
2023/2/5 8:00,0.013655898
2023/2/5 8:15,0.018335947
2023/2/5 8:30,0.009175464
2023/2/5 8:45,0.001204992
2023/2/5 9:00,0.0264091
2023/2/5 9:15,0.069331988
2023/2/5 9:30,0.078727435
2023/2/5 9:45,0.034368399
2023/2/5 10:00,0.02875649
2023/2/5 10:15,0.033480695
2023/2/5 10:30,0.031122853
2023/2/5 10:45,0.007058877
2023/2/5 11:00,0
2023/2/5 11:15,0
2023/2/5 11:30,0.035070581
2023/2/5 11:45,0.072720467
2023/2/5 12:00,0.140739883
2023/2/5 12:15,0.252745725
2023/2/5 12:30,0.378789075
2023/2/5 12:45,0.412763389
2023/2/5 13:00,0.387716898
2023/2/5 13:15,0.43063407
2023/2/5 13:30,0.596240987
2023/2/5 13:45,0.744745012
2023/2/5 14:00,0.730765956
2023/2/5 14:15,0.698412215
2023/2/5 14:30,0.730066251
2023/2/5 14:45,0.838809365
2023/2/5 15:00,0.859794739
2023/2/5 15:15,0.728548161
2023/2/5 15:30,0.910690462
2023/2/5 15:45,0.887724999
2023/2/5 16:00,0.887274122
2023/2/5 16:15,0.790695838
2023/2/5 16:30,0.835234639
2023/2/5 16:45,0.882043337
2023/2/5 17:00,0.847237758
2023/2/5 17:15,0.745404157
2023/2/5 17:30,0.655669199
2023/2/5 17:45,0.546742223
2023/2/5 18:00,0.499096969
2023/2/5 18:15,0.472297851
2023/2/5 18:30,0.453633164
2023/2/5 18:45,0.30894055
2023/2/5 19:00,0.350547597
2023/2/5 19:15,0.346299368
2023/2/5 19:30,0.441164604
2023/2/5 19:45,0.353417853
2023/2/5 20:00,0.289796834
2023/2/5 20:15,0.258790826
2023/2/5 20:30,0.204709135
2023/2/5 20:45,0.248382582
2023/2/5 21:00,0.311862754
2023/2/5 21:15,0.36801387
2023/2/5 21:30,0.436970843
2023/2/5 21:45,0.369698659
2023/2/5 22:00,0.31473392
2023/2/5 22:15,0.261084511
2023/2/5 22:30,0.242690092
2023/2/5 22:45,0.226256152
2023/2/5 23:00,0.231075434
2023/2/5 23:15,0.177004398
2023/2/5 23:30,0.13063614
2023/2/5 23:45,0.105310267
2023/2/6 0:00,0.027241202
2023/2/6 0:15,0
2023/2/6 0:30,0
2023/2/6 0:45,0
2023/2/6 1:00,0
2023/2/6 1:15,0
2023/2/6 1:30,0.000135812
2023/2/6 1:45,0.003964062
2023/2/6 2:00,0.013702088
2023/2/6 2:15,0.03176992
2023/2/6 2:30,0.036359064
2023/2/6 2:45,0.028862033
2023/2/6 3:00,0.017082444
2023/2/6 3:15,0.002802018
2023/2/6 3:30,0.002748425
2023/2/6 3:45,0.002697286
2023/2/6 4:00,0.002636749
2023/2/6 4:15,0.046942432
2023/2/6 4:30,0.058997389
2023/2/6 4:45,0.067173611
2023/2/6 5:00,0.071346957
2023/2/6 5:15,0.082791243
2023/2/6 5:30,0.075351971
2023/2/6 5:45,0.072714059
2023/2/6 6:00,0.065873139
2023/2/6 6:15,0.072454796
2023/2/6 6:30,0.070510726
2023/2/6 6:45,0.072927931
2023/2/6 7:00,0.061245935
2023/2/6 7:15,0.034806329
2023/2/6 7:30,0.060070046
2023/2/6 7:45,0.082174249
2023/2/6 8:00,0.048343069
2023/2/6 8:15,0.096732946
2023/2/6 8:30,0.084337401
2023/2/6 8:45,0.054684945
2023/2/6 9:00,0.037186931
2023/2/6 9:15,0.066818883
2023/2/6 9:30,0.08470294
2023/2/6 9:45,0.086480598
2023/2/6 10:00,0.084998609
2023/2/6 10:15,0.086332269
2023/2/6 10:30,0.029628219
2023/2/6 10:45,0.011634322
2023/2/6 11:00,0.014161106
2023/2/6 11:15,0.014013357
2023/2/6 11:30,0.002129462
2023/2/6 11:45,0.002248495
2023/2/6 12:00,0.08077202
2023/2/6 12:15,0.134531196
2023/2/6 12:30,0.146978189
2023/2/6 12:45,0.149614461
2023/2/6 13:00,0.155725941
2023/2/6 13:15,0.134247906
2023/2/6 13:30,0.147693407
2023/2/6 13:45,0.192373914
2023/2/6 14:00,0.266872025
2023/2/6 14:15,0.238235086
2023/2/6 14:30,0.272235647
2023/2/6 14:45,0.320908203
2023/2/6 15:00,0.287344461
2023/2/6 15:15,0.269473062
2023/2/6 15:30,0.320594005
2023/2/6 15:45,0.28175606
2023/2/6 16:00,0.235860114
2023/2/6 16:15,0.235658988
2023/2/6 16:30,0.232365666
2023/2/6 16:45,0.179542553
2023/2/6 17:00,0.188715661
2023/2/6 17:15,0.18646379
2023/2/6 17:30,0.219569658
2023/2/6 17:45,0.189133123
2023/2/6 18:00,0.182240877
2023/2/6 18:15,0.151114027
2023/2/6 18:30,0.151013192
2023/2/6 18:45,0.149220987
2023/2/6 19:00,0.172922776
2023/2/6 19:15,0.142627266
2023/2/6 19:30,0.106848002
2023/2/6 19:45,0.114734334
2023/2/6 20:00,0.056976139
2023/2/6 20:15,0.062912373
2023/2/6 20:30,0.051362785
2023/2/6 20:45,0.041981215
2023/2/6 21:00,0.035675878
2023/2/6 21:15,0.05054122
2023/2/6 21:30,0.056822878
2023/2/6 21:45,0.058350243
2023/2/6 22:00,0.046018866
2023/2/6 22:15,0.053722966
2023/2/6 22:30,0.047268507
2023/2/6 22:45,0.049484835
2023/2/6 23:00,0.03661794
2023/2/6 23:15,0.027520764
2023/2/6 23:30,0.016405851
2023/2/6 23:45,0.012735495
2023/2/7 0:00,0.006140458
2023/2/7 0:15,0.006186366
2023/2/7 0:30,0.006237449
2023/2/7 0:45,0.006293758
2023/2/7 1:00,0.00635528
2023/2/7 1:15,0.006421941
2023/2/7 1:30,0.006493605
2023/2/7 1:45,0.006570078
2023/2/7 2:00,0.006651111
2023/2/7 2:15,0.006736402
2023/2/7 2:30,0.006825605
2023/2/7 2:45,0.006918333
2023/2/7 3:00,0.007014164
2023/2/7 3:15,0.007112649
2023/2/7 3:30,0.007213318
2023/2/7 3:45,0.007315686
2023/2/7 4:00,0.007419261
2023/2/7 4:15,0.007523547
2023/2/7 4:30,0.007628054
2023/2/7 4:45,0.008146678
2023/2/7 5:00,0.009552526
2023/2/7 5:15,0.011331448
2023/2/7 5:30,0.013857273
2023/2/7 5:45,0.015327598
2023/2/7 6:00,0.01468856
2023/2/7 6:15,0.01761208
2023/2/7 6:30,0.016853782
2023/2/7 6:45,0.020655451
2023/2/7 7:00,0.023629151
2023/2/7 7:15,0.024997864
2023/2/7 7:30,0.020887079
2023/2/7 7:45,0.017706026
2023/2/7 8:00,0.016388473
2023/2/7 8:15,0.015214671
2023/2/7 8:30,0.014332679
2023/2/7 8:45,0.014804522
2023/2/7 9:00,0.017988467
2023/2/7 9:15,0.020523285
2023/2/7 9:30,0.02176426
2023/2/7 9:45,0.022199118
2023/2/7 10:00,0.021026002
2023/2/7 10:15,0.021213481
2023/2/7 10:30,0.024126127
2023/2/7 10:45,0.025409127
2023/2/7 11:00,0.023436437
2023/2/7 11:15,0.023673262
2023/2/7 11:30,0.028332275
2023/2/7 11:45,0.031144549
2023/2/7 12:00,0.018003026
2023/2/7 12:15,0.019746859
2023/2/7 12:30,0.014915471
2023/2/7 12:45,0.012733246
2023/2/7 13:00,0.015848623
2023/2/7 13:15,0.018431138
2023/2/7 13:30,0.019946872
2023/2/7 13:45,0.021054132
2023/2/7 14:00,0.021343228
2023/2/7 14:15,0.019406089
2023/2/7 14:30,0.013015279
2023/2/7 14:45,0.047677076
2023/2/7 15:00,0.10791594
2023/2/7 15:15,0.118639117
2023/2/7 15:30,0.267425587
2023/2/7 15:45,0.270771564
2023/2/7 16:00,0.350718689
2023/2/7 16:15,0.342039114
2023/2/7 16:30,0.332820792
2023/2/7 16:45,0.400814373
2023/2/7 17:00,0.294423113
2023/2/7 17:15,0.265376501
2023/2/7 17:30,0.234825122
2023/2/7 17:45,0.226947841
2023/2/7 18:00,0.252616088
2023/2/7 18:15,0.284217422
2023/2/7 18:30,0.219308631
2023/2/7 18:45,0.282044683
2023/2/7 19:00,0.215120377
2023/2/7 19:15,0.262737748
2023/2/7 19:30,0.168322705
2023/2/7 19:45,0.092654076
2023/2/7 20:00,0.07405007
2023/2/7 20:15,0.083741048
2023/2/7 20:30,0.136532192
2023/2/7 20:45,0.134279233
2023/2/7 21:00,0.131654446
2023/2/7 21:15,0.048350082
2023/2/7 21:30,0.030980893
2023/2/7 21:45,0.016355739
2023/2/7 22:00,0.002776967
2023/2/7 22:15,0
2023/2/7 22:30,0
2023/2/7 22:45,0
2023/2/7 23:00,0
2023/2/7 23:15,0
2023/2/7 23:30,0
2023/2/7 23:45,0
2023/2/8 0:00,0.030631837
2023/2/8 0:15,0.027816171
2023/2/8 0:30,0.021199028
2023/2/8 0:45,0.017503148
2023/2/8 1:00,0.019653276
2023/2/8 1:15,0.021869841
2023/2/8 1:30,0.02422306
2023/2/8 1:45,0.024573062
2023/2/8 2:00,0.020920556
2023/2/8 2:15,0.019568435
2023/2/8 2:30,0.049915407
2023/2/8 2:45,0.127880207
2023/2/8 3:00,0.117793047
2023/2/8 3:15,0.132215278
2023/2/8 3:30,0.125493614
2023/2/8 3:45,0.108675339
2023/2/8 4:00,0.092338351
2023/2/8 4:15,0.098595959
2023/2/8 4:30,0.107435227
2023/2/8 4:45,0.11493317
2023/2/8 5:00,0.113256306
2023/2/8 5:15,0.096854631
2023/2/8 5:30,0.086733647
2023/2/8 5:45,0.105619184
2023/2/8 6:00,0.128751509
2023/2/8 6:15,0.153124748
2023/2/8 6:30,0.192629782
2023/2/8 6:45,0.241335387
2023/2/8 7:00,0.245100364
2023/2/8 7:15,0.205200657
2023/2/8 7:30,0.168594422
2023/2/8 7:45,0.207268224
2023/2/8 8:00,0.254360295
2023/2/8 8:15,0.286220698
2023/2/8 8:30,0.300072277
2023/2/8 8:45,0.268675265
2023/2/8 9:00,0.247164525
2023/2/8 9:15,0.224761549
2023/2/8 9:30,0.22750607
2023/2/8 9:45,0.202788682
2023/2/8 10:00,0.163079266
2023/2/8 10:15,0.171359515
2023/2/8 10:30,0.136569383
2023/2/8 10:45,0.151945304
2023/2/8 11:00,0.122678417
2023/2/8 11:15,0.108991049
2023/2/8 11:30,0.125301176
2023/2/8 11:45,0.131750144
2023/2/8 12:00,0.103663817
2023/2/8 12:15,0.082124115
2023/2/8 12:30,0.074993348
2023/2/8 12:45,0.065169721
2023/2/8 13:00,0.05677945
2023/2/8 13:15,0.060691271
2023/2/8 13:30,0.072992449
2023/2/8 13:45,0.054627993
2023/2/8 14:00,0.064722264
2023/2/8 14:15,0.021020306
2023/2/8 14:30,0.008633865
2023/2/8 14:45,0.008736091
2023/2/8 15:00,0.007416738
2023/2/8 15:15,0.007446888
2023/2/8 15:30,0.009342855
2023/2/8 15:45,0.016649837
2023/2/8 16:00,0.014048278
2023/2/8 16:15,0.007262445
2023/2/8 16:30,0.006995713
2023/2/8 16:45,0.011148804
2023/2/8 17:00,0.014694165
2023/2/8 17:15,0.011715306
2023/2/8 17:30,0.007116272
2023/2/8 17:45,0.007390553
2023/2/8 18:00,0.00662595
2023/2/8 18:15,0.006568046
2023/2/8 18:30,0.006511027
2023/2/8 18:45,0.044524693
2023/2/8 19:00,0.055396714
2023/2/8 19:15,0.149917985
2023/2/8 19:30,0.123527017
2023/2/8 19:45,0.151187758
2023/2/8 20:00,0.128051611
2023/2/8 20:15,0.105601084
2023/2/8 20:30,0.122588058
2023/2/8 20:45,0.138433006
2023/2/8 21:00,0.30732273
2023/2/8 21:15,0.180361848
2023/2/8 21:30,0.25994645
2023/2/8 21:45,0.27537959
2023/2/8 22:00,0.314243011
2023/2/8 22:15,0.282067289
2023/2/8 22:30,0.234139316
2023/2/8 22:45,0.273497171
2023/2/8 23:00,0.3252686
2023/2/8 23:15,0.344736264
2023/2/8 23:30,0.339128122
2023/2/8 23:45,0.345093009
2023/2/9 0:00,0.367113467
2023/2/9 0:15,0.421857204
2023/2/9 0:30,0.458706875
2023/2/9 0:45,0.570639494
2023/2/9 1:00,0.560445626
2023/2/9 1:15,0.481289018
2023/2/9 1:30,0.479673125
2023/2/9 1:45,0.615299475
2023/2/9 2:00,0.66251075
2023/2/9 2:15,0.693547054
2023/2/9 2:30,0.710153101
2023/2/9 2:45,0.692507737
2023/2/9 3:00,0.668771296
2023/2/9 3:15,0.592516455
2023/2/9 3:30,0.575435389
2023/2/9 3:45,0.546669312
2023/2/9 4:00,0.57064954
2023/2/9 4:15,0.58919887
2023/2/9 4:30,0.624051502
2023/2/9 4:45,0.645164836
2023/2/9 5:00,0.560811328
2023/2/9 5:15,0.515709192
2023/2/9 5:30,0.437062453
2023/2/9 5:45,0.411840637
2023/2/9 6:00,0.410414882
2023/2/9 6:15,0.364080334
2023/2/9 6:30,0.383781335
2023/2/9 6:45,0.414508548
2023/2/9 7:00,0.529373573
2023/2/9 7:15,0.547057342
2023/2/9 7:30,0.537443914
2023/2/9 7:45,0.402718365
2023/2/9 8:00,0.476793123
2023/2/9 8:15,0.502285317
2023/2/9 8:30,0.50585765
2023/2/9 8:45,0.479477216
2023/2/9 9:00,0.445000512
2023/2/9 9:15,0.413375494
2023/2/9 9:30,0.401459953
2023/2/9 9:45,0.374378764
2023/2/9 10:00,0.360772009
2023/2/9 10:15,0.362993288
2023/2/9 10:30,0.217244554
2023/2/9 10:45,0.139424757
2023/2/9 11:00,0.183132498
2023/2/9 11:15,0.171487204
2023/2/9 11:30,0.155274947
2023/2/9 11:45,0.145000821
2023/2/9 12:00,0.144153408
2023/2/9 12:15,0.10800334
2023/2/9 12:30,0.098531783
2023/2/9 12:45,0.088112273
2023/2/9 13:00,0.088014442
2023/2/9 13:15,0.072073805
2023/2/9 13:30,0.060291593
2023/2/9 13:45,0.040410495
2023/2/9 14:00,0.011738347
2023/2/9 14:15,0.004204824
2023/2/9 14:30,0
2023/2/9 14:45,0
2023/2/9 15:00,0
2023/2/9 15:15,0
2023/2/9 15:30,0.010784936
2023/2/9 15:45,0.012846977
2023/2/9 16:00,0.018991697
2023/2/9 16:15,0.028930902
2023/2/9 16:30,0.046461667
2023/2/9 16:45,0.05064194
2023/2/9 17:00,0.028123548
2023/2/9 17:15,0.012165137
2023/2/9 17:30,0.009328652
2023/2/9 17:45,0.006940005
2023/2/9 18:00,0.005448614
2023/2/9 18:15,0.004374494
2023/2/9 18:30,0.004136127
2023/2/9 18:45,0.003966067
2023/2/9 19:00,0.003933503
2023/2/9 19:15,0.004460599
2023/2/9 19:30,0.00610763
2023/2/9 19:45,0.010012356
2023/2/9 20:00,0.018432881
2023/2/9 20:15,0.027074421
2023/2/9 20:30,0.036158251
2023/2/9 20:45,0.043799762
2023/2/9 21:00,0.048556784
2023/2/9 21:15,0.049086029
2023/2/9 21:30,0.041159781
2023/2/9 21:45,0.031651723
2023/2/9 22:00,0.018980034
2023/2/9 22:15,0.011876972
2023/2/9 22:30,0.015911066
2023/2/9 22:45,0.016238888
2023/2/9 23:00,0.009153943
2023/2/9 23:15,0.00551712
2023/2/9 23:30,0.049136571
2023/2/9 23:45,0.056761135
2023/2/10 0:00,0.042498628
2023/2/10 0:15,0.04080447
2023/2/10 0:30,0.034403444
2023/2/10 0:45,0.02761861
2023/2/10 1:00,0.023996228
2023/2/10 1:15,0.062022981
2023/2/10 1:30,0.127612799
2023/2/10 1:45,0.107489083
2023/2/10 2:00,0.096842599
2023/2/10 2:15,0.100908968
2023/2/10 2:30,0.116855513
2023/2/10 2:45,0.112115855
2023/2/10 3:00,0.053647212
2023/2/10 3:15,0.035966929
2023/2/10 3:30,0.05147619
2023/2/10 3:45,0.062187477
2023/2/10 4:00,0.049031302
2023/2/10 4:15,0.022135968
2023/2/10 4:30,0.020483895
2023/2/10 4:45,0.019689101
2023/2/10 5:00,0.019082304
2023/2/10 5:15,0.018162062
2023/2/10 5:30,0.016615493
2023/2/10 5:45,0.018223619
2023/2/10 6:00,0.02614151
2023/2/10 6:15,0.127054781
2023/2/10 6:30,0.118785513
2023/2/10 6:45,0.047687151
2023/2/10 7:00,0.032487477
2023/2/10 7:15,0.068704587
2023/2/10 7:30,0.047722218
2023/2/10 7:45,0.027851997
2023/2/10 8:00,0.014023979
2023/2/10 8:15,0.004180019
2023/2/10 8:30,0.00727632
2023/2/10 8:45,0.010081319
2023/2/10 9:00,0.012303238
2023/2/10 9:15,0.014246768
2023/2/10 9:30,0.015632969
2023/2/10 9:45,0.016515947
2023/2/10 10:00,0.016391838
2023/2/10 10:15,0.017971183
2023/2/10 10:30,0.022956659
2023/2/10 10:45,0.059797985
2023/2/10 11:00,0.11923779
2023/2/10 11:15,0.108718383
2023/2/10 11:30,0.081799546
2023/2/10 11:45,0.11469956
2023/2/10 12:00,0.079780318
2023/2/10 12:15,0.157678706
2023/2/10 12:30,0.138138768
2023/2/10 12:45,0.202996068
2023/2/10 13:00,0.304758641
2023/2/10 13:15,0.262259303
2023/2/10 13:30,0.319223739
2023/2/10 13:45,0.233066833
2023/2/10 14:00,0.270217097
2023/2/10 14:15,0.334397336
2023/2/10 14:30,0.340670429
2023/2/10 14:45,0.355230177
2023/2/10 15:00,0.531150977
2023/2/10 15:15,0.579733245
2023/2/10 15:30,0.63062972
2023/2/10 15:45,0.698062465
2023/2/10 16:00,0.831128409
2023/2/10 16:15,0.858774524
2023/2/10 16:30,0.83961993
2023/2/10 16:45,0.850990001
2023/2/10 17:00,0.837822228
2023/2/10 17:15,0.891670072
2023/2/10 17:30,0.889374002
2023/2/10 17:45,0.891826584
2023/2/10 18:00,0.891595402
2023/2/10 18:15,0.891921311
2023/2/10 18:30,0.888095095
2023/2/10 18:45,0.863550466
2023/2/10 19:00,0.874237391
2023/2/10 19:15,0.871354026
2023/2/10 19:30,0.890335755
2023/2/10 19:45,0.770791378
2023/2/10 20:00,0.853587332
2023/2/10 20:15,0.689098078
2023/2/10 20:30,0.525288117
2023/2/10 20:45,0.360919139
2023/2/10 21:00,0.414205583
2023/2/10 21:15,0.385744552
2023/2/10 21:30,0.233886938
2023/2/10 21:45,0.227663055
2023/2/10 22:00,0.261027056
2023/2/10 22:15,0.178674341
2023/2/10 22:30,0.148480462
2023/2/10 22:45,0.062518986
2023/2/10 23:00,0.035821971
2023/2/10 23:15,0.002451275
2023/2/10 23:30,0.009096739
2023/2/10 23:45,0.018175477
2023/2/11 0:00,0.077986062
2023/2/11 0:15,0.155154282
2023/2/11 0:30,0.151946454
2023/2/11 0:45,0.107251312
2023/2/11 1:00,0.106536336
2023/2/11 1:15,0.101924171
2023/2/11 1:30,0.111362664
2023/2/11 1:45,0.110156648
2023/2/11 2:00,0.107802006
2023/2/11 2:15,0.112247852
2023/2/11 2:30,0.109465058
2023/2/11 2:45,0.117790538
2023/2/11 3:00,0.119588163
2023/2/11 3:15,0.06402049
2023/2/11 3:30,0.059066392
2023/2/11 3:45,0.077551134
2023/2/11 4:00,0.207202281
2023/2/11 4:15,0.225653148
2023/2/11 4:30,0.132423481
2023/2/11 4:45,0.143284231
2023/2/11 5:00,0.097969265
2023/2/11 5:15,0.073438533
2023/2/11 5:30,0.079504287
2023/2/11 5:45,0.082703649
2023/2/11 6:00,0.077790255
2023/2/11 6:15,0.073999914
2023/2/11 6:30,0.072454928
2023/2/11 6:45,0.155569374
2023/2/11 7:00,0.23789924
2023/2/11 7:15,0.145382391
2023/2/11 7:30,0.111250369
2023/2/11 7:45,0.148669667
2023/2/11 8:00,0.201567414
2023/2/11 8:15,0.269007345
2023/2/11 8:30,0.218227803
2023/2/11 8:45,0.200189917
2023/2/11 9:00,0.258452538
2023/2/11 9:15,0.323747172
2023/2/11 9:30,0.387541308
2023/2/11 9:45,0.312809851
2023/2/11 10:00,0.272195194
2023/2/11 10:15,0.240441972
2023/2/11 10:30,0.242815197
2023/2/11 10:45,0.215049837
2023/2/11 11:00,0.164349495
2023/2/11 11:15,0.144727511
2023/2/11 11:30,0.186938125
2023/2/11 11:45,0.289027451
2023/2/11 12:00,0.236015564
2023/2/11 12:15,0.263762926
2023/2/11 12:30,0.297063934
2023/2/11 12:45,0.295583963
2023/2/11 13:00,0.297859064
2023/2/11 13:15,0.263844279
2023/2/11 13:30,0.377985082
2023/2/11 13:45,0.414955643
2023/2/11 14:00,0.444443577
2023/2/11 14:15,0.479154461
2023/2/11 14:30,0.434198157
2023/2/11 14:45,0.419128148
2023/2/11 15:00,0.438769188
2023/2/11 15:15,0.374482482
2023/2/11 15:30,0.415410342
2023/2/11 15:45,0.343420891
2023/2/11 16:00,0.340424575
2023/2/11 16:15,0.358180345
2023/2/11 16:30,0.30185482
2023/2/11 16:45,0.359614046
2023/2/11 17:00,0.316432266
2023/2/11 17:15,0.283883414
2023/2/11 17:30,0.2530273
2023/2/11 17:45,0.280882891
2023/2/11 18:00,0.189926897
2023/2/11 18:15,0.206456427
2023/2/11 18:30,0.181251554
2023/2/11 18:45,0.202251785
2023/2/11 19:00,0.174775307
2023/2/11 19:15,0.141755882
2023/2/11 19:30,0.121845807
2023/2/11 19:45,0.191597756
2023/2/11 20:00,0.137533602
2023/2/11 20:15,0.111845076
2023/2/11 20:30,0.347866193
2023/2/11 20:45,0.191726045
2023/2/11 21:00,0.019000451
2023/2/11 21:15,0.173090181
2023/2/11 21:30,0.1861578
2023/2/11 21:45,0.137338495
2023/2/11 22:00,0.128999159
2023/2/11 22:15,0.092084201
2023/2/11 22:30,0.105271987
2023/2/11 22:45,0.031727894
2023/2/11 23:00,0.01091266
2023/2/11 23:15,0.057785092
2023/2/11 23:30,0.091193229
2023/2/11 23:45,0.122971145
2023/2/12 0:00,0.148226972
2023/2/12 0:15,0.112263861
2023/2/12 0:30,0.065824639
2023/2/12 0:45,0.027413293
2023/2/12 1:00,0.025370976
2023/2/12 1:15,0.021175583
2023/2/12 1:30,0.009847244
2023/2/12 1:45,0.004967681
2023/2/12 2:00,0.002493034
2023/2/12 2:15,0.022565512
2023/2/12 2:30,0.024430353
2023/2/12 2:45,0.002082115
2023/2/12 3:00,0.006077093
2023/2/12 3:15,0.010770029
2023/2/12 3:30,0.016857175
2023/2/12 3:45,0.019096335
2023/2/12 4:00,0.013638404
2023/2/12 4:15,0.009518147
2023/2/12 4:30,0.008072757
2023/2/12 4:45,0.008474682
2023/2/12 5:00,0.012571419
2023/2/12 5:15,0.014422129
2023/2/12 5:30,0.011781625
2023/2/12 5:45,0.010438736
2023/2/12 6:00,0.01169255
2023/2/12 6:15,0.012906786
2023/2/12 6:30,0.014043928
2023/2/12 6:45,0.013809313
2023/2/12 7:00,0.010833761
2023/2/12 7:15,0.008521466
2023/2/12 7:30,0.007538685
2023/2/12 7:45,0.005443423
2023/2/12 8:00,0.001126514
2023/2/12 8:15,0
2023/2/12 8:30,0.00096324
2023/2/12 8:45,0.002092805
2023/2/12 9:00,0.001411398
2023/2/12 9:15,0.00041417
2023/2/12 9:30,0
2023/2/12 9:45,0
2023/2/12 10:00,0
2023/2/12 10:15,0.000300579
2023/2/12 10:30,0.006443503
2023/2/12 10:45,0.014245413
2023/2/12 11:00,0.025368931
2023/2/12 11:15,0.036866464
2023/2/12 11:30,0.049115551
2023/2/12 11:45,0.053798499
2023/2/12 12:00,0.004881134
2023/2/12 12:15,0.053945243
2023/2/12 12:30,0.117580497
2023/2/12 12:45,0.158638922
2023/2/12 13:00,0.164861383
2023/2/12 13:15,0.187855341
2023/2/12 13:30,0.298965209
2023/2/12 13:45,0.236623948
2023/2/12 14:00,0.292773295
2023/2/12 14:15,0.433171248
2023/2/12 14:30,0.594237858
2023/2/12 14:45,0.714275658
2023/2/12 15:00,0.68798276
2023/2/12 15:15,0.691286933
2023/2/12 15:30,0.589338159
2023/2/12 15:45,0.685529902
2023/2/12 16:00,0.575615914
2023/2/12 16:15,0.611536106
2023/2/12 16:30,0.664787249
2023/2/12 16:45,0.615647938
2023/2/12 17:00,0.4972624
2023/2/12 17:15,0.514539653
2023/2/12 17:30,0.517249397
2023/2/12 17:45,0.419013032
2023/2/12 18:00,0.528921385
2023/2/12 18:15,0.401898443
2023/2/12 18:30,0.517434873
2023/2/12 18:45,0.375392832
2023/2/12 19:00,0.282242798
2023/2/12 19:15,0.37482357
2023/2/12 19:30,0.42778803
2023/2/12 19:45,0.173682404
2023/2/12 20:00,0.127856209
2023/2/12 20:15,0.177136903
2023/2/12 20:30,0.205248259
2023/2/12 20:45,0.174109853
2023/2/12 21:00,0.08752568
2023/2/12 21:15,0.119145375
2023/2/12 21:30,0.166679465
2023/2/12 21:45,0.08070107
2023/2/12 22:00,0.080228718
2023/2/12 22:15,0.062562019
2023/2/12 22:30,0.028862399
2023/2/12 22:45,0.009921288
2023/2/12 23:00,0.007519243
2023/2/12 23:15,0.013545888
2023/2/12 23:30,0.016792653
2023/2/12 23:45,0.018062014
2023/2/13 0:00,0
2023/2/13 0:15,0
2023/2/13 0:30,0
2023/2/13 0:45,0
2023/2/13 1:00,0
2023/2/13 1:15,0
2023/2/13 1:30,0
2023/2/13 1:45,0
2023/2/13 2:00,0
2023/2/13 2:15,0
2023/2/13 2:30,0
2023/2/13 2:45,0
2023/2/13 3:00,0
2023/2/13 3:15,0
2023/2/13 3:30,0
2023/2/13 3:45,0
2023/2/13 4:00,0
2023/2/13 4:15,0
2023/2/13 4:30,0
2023/2/13 4:45,0
2023/2/13 5:00,0
2023/2/13 5:15,0
2023/2/13 5:30,0
2023/2/13 5:45,0
2023/2/13 6:00,0
2023/2/13 6:15,0
2023/2/13 6:30,0
2023/2/13 6:45,0
2023/2/13 7:00,0
2023/2/13 7:15,0
2023/2/13 7:30,0
2023/2/13 7:45,0
2023/2/13 8:00,0
2023/2/13 8:15,0
2023/2/13 8:30,0
2023/2/13 8:45,0
2023/2/13 9:00,0
2023/2/13 9:15,0
2023/2/13 9:30,0.003751957
2023/2/13 9:45,0.003198315
2023/2/13 10:00,0.001694755
2023/2/13 10:15,0
2023/2/13 10:30,0
2023/2/13 10:45,0
2023/2/13 11:00,0
2023/2/13 11:15,0
2023/2/13 11:30,0
2023/2/13 11:45,0
2023/2/13 12:00,0
2023/2/13 12:15,0
2023/2/13 12:30,0
2023/2/13 12:45,0.004522558
2023/2/13 13:00,0.065510976
2023/2/13 13:15,0.062012553
2023/2/13 13:30,0.091231211
2023/2/13 13:45,0.096044576
2023/2/13 14:00,0.115217429
2023/2/13 14:15,0.109676583
2023/2/13 14:30,0.136247863
2023/2/13 14:45,0.116447844
2023/2/13 15:00,0.102943874
2023/2/13 15:15,0.128300098
2023/2/13 15:30,0.085902899
2023/2/13 15:45,0.119065048
2023/2/13 16:00,0.07945995
2023/2/13 16:15,0.084099298
2023/2/13 16:30,0.126948161
2023/2/13 16:45,0.089027688
2023/2/13 17:00,0.115880598
2023/2/13 17:15,0.149469086
2023/2/13 17:30,0.086216055
2023/2/13 17:45,0.098905876
2023/2/13 18:00,0.094066889
2023/2/13 18:15,0.080418142
2023/2/13 18:30,0.06717591
2023/2/13 18:45,0.081674309
2023/2/13 19:00,0.099912755
2023/2/13 19:15,0.063137346
2023/2/13 19:30,0.03849323
2023/2/13 19:45,0.058097522
2023/2/13 20:00,0.073167956
2023/2/13 20:15,0.059171159
2023/2/13 20:30,0.02857794
2023/2/13 20:45,0.037712369
2023/2/13 21:00,0.020978554
2023/2/13 21:15,0
2023/2/13 21:30,0
2023/2/13 21:45,0
2023/2/13 22:00,0
2023/2/13 22:15,0.001076472
2023/2/13 22:30,0.00984698
2023/2/13 22:45,0.014048158
2023/2/13 23:00,0.009110679
2023/2/13 23:15,0.00559067
2023/2/13 23:30,0.00490578
2023/2/13 23:45,0.004948802
2023/2/14 0:00,0
2023/2/14 0:15,0
2023/2/14 0:30,0
2023/2/14 0:45,0
2023/2/14 1:00,0
2023/2/14 1:15,0
2023/2/14 1:30,0.06581379
2023/2/14 1:45,0.161890882
2023/2/14 2:00,0.252003444
2023/2/14 2:15,0.370482723
2023/2/14 2:30,0.343677613
2023/2/14 2:45,0.43039699
2023/2/14 3:00,0.524494974
2023/2/14 3:15,0.759564255
2023/2/14 3:30,0.67303746
2023/2/14 3:45,0.655948715
2023/2/14 4:00,0.726190473
2023/2/14 4:15,0.608180692
2023/2/14 4:30,0.423696529
2023/2/14 4:45,0.389754108
2023/2/14 5:00,0.396780322
2023/2/14 5:15,0.419652397
2023/2/14 5:30,0.462703972
2023/2/14 5:45,0.399698136
2023/2/14 6:00,0.342677352
2023/2/14 6:15,0.341133713
2023/2/14 6:30,0.457482018
2023/2/14 6:45,0.396336244
2023/2/14 7:00,0.365543181
2023/2/14 7:15,0.279039991
2023/2/14 7:30,0.089585142
2023/2/14 7:45,0.142448019
2023/2/14 8:00,0.175200398
2023/2/14 8:15,0.261095932
2023/2/14 8:30,0.267649409
2023/2/14 8:45,0.304114963
2023/2/14 9:00,0.242094806
2023/2/14 9:15,0.303396955
2023/2/14 9:30,0.211788118
2023/2/14 9:45,0.195721021
2023/2/14 10:00,0.163316163
2023/2/14 10:15,0.237108089
2023/2/14 10:30,0.279792429
2023/2/14 10:45,0.283193903
2023/2/14 11:00,0.24297314
2023/2/14 11:15,0.281193856
2023/2/14 11:30,0.261187861
2023/2/14 11:45,0.266011012
2023/2/14 12:00,0.369680469
2023/2/14 12:15,0.4380104
2023/2/14 12:30,0.459970026
2023/2/14 12:45,0.506537644
2023/2/14 13:00,0.265390367
2023/2/14 13:15,0.187462371
2023/2/14 13:30,0.156427914
2023/2/14 13:45,0.145876443
2023/2/14 14:00,0.142466584
2023/2/14 14:15,0.199706085
2023/2/14 14:30,0.198097173
2023/2/14 14:45,0.220864073
2023/2/14 15:00,0.234796674
2023/2/14 15:15,0.226498092
2023/2/14 15:30,0.196285857
2023/2/14 15:45,0.264591414
2023/2/14 16:00,0.280719836
2023/2/14 16:15,0.229798106
2023/2/14 16:30,0.24931308
2023/2/14 16:45,0.266466362
2023/2/14 17:00,0.245846111
2023/2/14 17:15,0.257639945
2023/2/14 17:30,0.235792927
2023/2/14 17:45,0.326324178
2023/2/14 18:00,0.295948249
2023/2/14 18:15,0.338032846
2023/2/14 18:30,0.347487841
2023/2/14 18:45,0.384628201
2023/2/14 19:00,0.32670664
2023/2/14 19:15,0.318841158
2023/2/14 19:30,0.360478903
2023/2/14 19:45,0.313463293
2023/2/14 20:00,0.563649983
2023/2/14 20:15,0.496922046
2023/2/14 20:30,0.407772651
2023/2/14 20:45,0.377077943
2023/2/14 21:00,0.432106261
2023/2/14 21:15,0.46263054
2023/2/14 21:30,0.4600396
2023/2/14 21:45,0.38863762
2023/2/14 22:00,0.396503373
2023/2/14 22:15,0.434820964
2023/2/14 22:30,0.462713915
2023/2/14 22:45,0.407094318
2023/2/14 23:00,0.421069115
2023/2/14 23:15,0.384980539
2023/2/14 23:30,0.338771348
2023/2/14 23:45,0.310884417
2023/2/15 0:00,0.29101452
2023/2/15 0:15,0.264873277
2023/2/15 0:30,0.243286177
2023/2/15 0:45,0.244530403
2023/2/15 1:00,0.249938328
2023/2/15 1:15,0.252077872
2023/2/15 1:30,0.238935088
2023/2/15 1:45,0.241736378
2023/2/15 2:00,0.216374149
2023/2/15 2:15,0.218813139
2023/2/15 2:30,0.20559688
2023/2/15 2:45,0.148509124
2023/2/15 3:00,0.156812476
2023/2/15 3:15,0.132535996
2023/2/15 3:30,0.134367391
2023/2/15 3:45,0.131541927
2023/2/15 4:00,0.12629121
2023/2/15 4:15,0.126281107
2023/2/15 4:30,0.101451298
2023/2/15 4:45,0.087995713
2023/2/15 5:00,0.075157246
2023/2/15 5:15,0.075386705
2023/2/15 5:30,0.06804405
2023/2/15 5:45,0.07653304
2023/2/15 6:00,0.09980144
2023/2/15 6:15,0.084713613
2023/2/15 6:30,0.091943238
2023/2/15 6:45,0.101330092
2023/2/15 7:00,0.09237061
2023/2/15 7:15,0.098455951
2023/2/15 7:30,0.113184031
2023/2/15 7:45,0.115587164
2023/2/15 8:00,0.114823409
2023/2/15 8:15,0.135559332
2023/2/15 8:30,0.129478538
2023/2/15 8:45,0.10896569
2023/2/15 9:00,0.080936115
2023/2/15 9:15,0.076496844
2023/2/15 9:30,0.068312243
2023/2/15 9:45,0.062999731
2023/2/15 10:00,0.049989033
2023/2/15 10:15,0.04298369
2023/2/15 10:30,0.030722606
2023/2/15 10:45,0.020065093
2023/2/15 11:00,0.018813894
2023/2/15 11:15,0.017817115
2023/2/15 11:30,0.017330356
2023/2/15 11:45,0.016591035
2023/2/15 12:00,0.029682282
2023/2/15 12:15,0.030521175
2023/2/15 12:30,0.032740809
2023/2/15 12:45,0.036050252
2023/2/15 13:00,0.041786462
2023/2/15 13:15,0.037956866
2023/2/15 13:30,0.052051866
2023/2/15 13:45,0.032653674
2023/2/15 14:00,0.027944541
2023/2/15 14:15,0.020992053
2023/2/15 14:30,0.004525332
2023/2/15 14:45,0.015516872
2023/2/15 15:00,0.014555383
2023/2/15 15:15,0.009027954
2023/2/15 15:30,0
2023/2/15 15:45,0.008361151
2023/2/15 16:00,0.018021697
2023/2/15 16:15,0.009157433
2023/2/15 16:30,0.068982586
2023/2/15 16:45,0.115882473
2023/2/15 17:00,0.130253779
2023/2/15 17:15,0.127370017
2023/2/15 17:30,0.197934044
2023/2/15 17:45,0.217412097
2023/2/15 18:00,0.283782349
2023/2/15 18:15,0.296973853
2023/2/15 18:30,0.273418462
2023/2/15 18:45,0.242776579
2023/2/15 19:00,0.178713629
2023/2/15 19:15,0.185260107
2023/2/15 19:30,0.130517957
2023/2/15 19:45,0.139508604
2023/2/15 20:00,0.154773797
2023/2/15 20:15,0.108355088
2023/2/15 20:30,0.078615612
2023/2/15 20:45,0.086658014
2023/2/15 21:00,0.098059574
2023/2/15 21:15,0.134273856
2023/2/15 21:30,0.127534181
2023/2/15 21:45,0.103423427
2023/2/15 22:00,0.113279726
2023/2/15 22:15,0.107724266
2023/2/15 22:30,0.101562138
2023/2/15 22:45,0.0986128
2023/2/15 23:00,0.080292311
2023/2/15 23:15,0.071579397
2023/2/15 23:30,0.077052871
2023/2/15 23:45,0.066751803
2023/2/16 0:00,0
2023/2/16 0:15,0
2023/2/16 0:30,0
2023/2/16 0:45,0
2023/2/16 1:00,0
2023/2/16 1:15,0
2023/2/16 1:30,0
2023/2/16 1:45,0
2023/2/16 2:00,0
2023/2/16 2:15,0
2023/2/16 2:30,0
2023/2/16 2:45,0
2023/2/16 3:00,0
2023/2/16 3:15,0
2023/2/16 3:30,0
2023/2/16 3:45,0
2023/2/16 4:00,0
2023/2/16 4:15,0
2023/2/16 4:30,0
2023/2/16 4:45,0
2023/2/16 5:00,0
2023/2/16 5:15,0
2023/2/16 5:30,0.001044975
2023/2/16 5:45,0.004065063
2023/2/16 6:00,0.003108723
2023/2/16 6:15,0.003191285
2023/2/16 6:30,0.005354684
2023/2/16 6:45,0.006525059
2023/2/16 7:00,0.00571209
2023/2/16 7:15,0.005952408
2023/2/16 7:30,0.008301541
2023/2/16 7:45,0.009351919
2023/2/16 8:00,0.00780646
2023/2/16 8:15,0.006351274
2023/2/16 8:30,0.00507767
2023/2/16 8:45,0.005698289
2023/2/16 9:00,0.010107736
2023/2/16 9:15,0.013947871
2023/2/16 9:30,0.016649134
2023/2/16 9:45,0.020332112
2023/2/16 10:00,0.025977716
2023/2/16 10:15,0.030426007
2023/2/16 10:30,0.03247841
2023/2/16 10:45,0.032715848
2023/2/16 11:00,0.029321748
2023/2/16 11:15,0.026402819
2023/2/16 11:30,0.024432381
2023/2/16 11:45,0.024214032
2023/2/16 12:00,0.002744454
2023/2/16 12:15,0
2023/2/16 12:30,0
2023/2/16 12:45,0
2023/2/16 13:00,0
2023/2/16 13:15,0.004984061
2023/2/16 13:30,0.037529359
2023/2/16 13:45,0.088904232
2023/2/16 14:00,0.142532527
2023/2/16 14:15,0.171248867
2023/2/16 14:30,0.183356686
2023/2/16 14:45,0.206629276
2023/2/16 15:00,0.211882873
2023/2/16 15:15,0.25285892
2023/2/16 15:30,0.212504635
2023/2/16 15:45,0.25835927
2023/2/16 16:00,0.236123032
2023/2/16 16:15,0.143673037
2023/2/16 16:30,0.166688553
2023/2/16 16:45,0.148257451
2023/2/16 17:00,0.234217187
2023/2/16 17:15,0.194938602
2023/2/16 17:30,0.197349912
2023/2/16 17:45,0.207092344
2023/2/16 18:00,0.268311857
2023/2/16 18:15,0.231811319
2023/2/16 18:30,0.260195264
2023/2/16 18:45,0.231358566
2023/2/16 19:00,0.195689053
2023/2/16 19:15,0.241842058
2023/2/16 19:30,0.254514837
2023/2/16 19:45,0.161599088
2023/2/16 20:00,0.160955926
2023/2/16 20:15,0.155578516
2023/2/16 20:30,0.12151185
2023/2/16 20:45,0.201721489
2023/2/16 21:00,0.167574358
2023/2/16 21:15,0.143274907
2023/2/16 21:30,0.106189921
2023/2/16 21:45,0.063260537
2023/2/16 22:00,0.02344784
2023/2/16 22:15,0.018362329
2023/2/16 22:30,0.018745423
2023/2/16 22:45,0.014416953
2023/2/16 23:00,0.021194729
2023/2/16 23:15,0.025184774
2023/2/16 23:30,0.023308834
2023/2/16 23:45,0.021095339
2023/2/17 0:00,0
2023/2/17 0:15,0
2023/2/17 0:30,0
2023/2/17 0:45,0.088100978
2023/2/17 1:00,0.083477478
2023/2/17 1:15,0.044909393
2023/2/17 1:30,0.027467633
2023/2/17 1:45,0.017849952
2023/2/17 2:00,0.007363497
2023/2/17 2:15,0.03688353
2023/2/17 2:30,0.017149422
2023/2/17 2:45,0.009064917
2023/2/17 3:00,0.037301917
2023/2/17 3:15,0.056522083
2023/2/17 3:30,0
2023/2/17 3:45,0
2023/2/17 4:00,0.007938183
2023/2/17 4:15,0
2023/2/17 4:30,0
2023/2/17 4:45,0
2023/2/17 5:00,0
2023/2/17 5:15,0
2023/2/17 5:30,0
2023/2/17 5:45,0
2023/2/17 6:00,0.017986394
2023/2/17 6:15,0
2023/2/17 6:30,0
2023/2/17 6:45,0
2023/2/17 7:00,0
2023/2/17 7:15,0
2023/2/17 7:30,0.048646727
2023/2/17 7:45,0.090835334
2023/2/17 8:00,0.069583799
2023/2/17 8:15,0.061377918
2023/2/17 8:30,0.065686378
2023/2/17 8:45,0.046867547
2023/2/17 9:00,0.031608228
2023/2/17 9:15,0.037061918
2023/2/17 9:30,0.044085891
2023/2/17 9:45,0.068784594
2023/2/17 10:00,0.050664355
2023/2/17 10:15,0.048842804
2023/2/17 10:30,0.046769505
2023/2/17 10:45,0.06736819
2023/2/17 11:00,0.051826842
2023/2/17 11:15,0.048213476
2023/2/17 11:30,0.033523692
2023/2/17 11:45,0.041088834
2023/2/17 12:00,0.071060239
2023/2/17 12:15,0.067193782
2023/2/17 12:30,0.060180048
2023/2/17 12:45,0.060049855
2023/2/17 13:00,0.104769725
2023/2/17 13:15,0.112419677
2023/2/17 13:30,0.094534568
2023/2/17 13:45,0.139510545
2023/2/17 14:00,0.177407234
2023/2/17 14:15,0.193878742
2023/2/17 14:30,0.210282839
2023/2/17 14:45,0.299485214
2023/2/17 15:00,0.306705987
2023/2/17 15:15,0.373097497
2023/2/17 15:30,0.306260625
2023/2/17 15:45,0.312618915
2023/2/17 16:00,0.443876941
2023/2/17 16:15,0.318250942
2023/2/17 16:30,0.337495812
2023/2/17 16:45,0.364992045
2023/2/17 17:00,0.255324115
2023/2/17 17:15,0.391323585
2023/2/17 17:30,0.31586605
2023/2/17 17:45,0.372682138
2023/2/17 18:00,0.283825847
2023/2/17 18:15,0.243696974
2023/2/17 18:30,0.263964983
2023/2/17 18:45,0.208266937
2023/2/17 19:00,0.190307282
2023/2/17 19:15,0.226348069
2023/2/17 19:30,0.213058463
2023/2/17 19:45,0.1829737
2023/2/17 20:00,0.188640844
2023/2/17 20:15,0.190668259
2023/2/17 20:30,0.186878116
2023/2/17 20:45,0.148075465
2023/2/17 21:00,0.177825596
2023/2/17 21:15,0.153666265
2023/2/17 21:30,0.158063069
2023/2/17 21:45,0.124520541
2023/2/17 22:00,0.064024749
2023/2/17 22:15,0.055230087
2023/2/17 22:30,0.03382653
2023/2/17 22:45,0.058007117
2023/2/17 23:00,0.071191333
2023/2/17 23:15,0.067490621
2023/2/17 23:30,0.065471325
2023/2/17 23:45,0.042241899
2023/2/18 0:00,0.007607489
2023/2/18 0:15,0
2023/2/18 0:30,0
2023/2/18 0:45,0.000443527
2023/2/18 1:00,0.00165682
2023/2/18 1:15,0.003918521
2023/2/18 1:30,0.010656968
2023/2/18 1:45,0.023356622
2023/2/18 2:00,0.047977192
2023/2/18 2:15,0.066275151
2023/2/18 2:30,0.071926114
2023/2/18 2:45,0.069228421
2023/2/18 3:00,0.049831521
2023/2/18 3:15,0.033493915
2023/2/18 3:30,0.023273078
2023/2/18 3:45,0.016886991
2023/2/18 4:00,0.018168855
2023/2/18 4:15,0.022351512
2023/2/18 4:30,0.032334654
2023/2/18 4:45,0.041459516
2023/2/18 5:00,0.048867301
2023/2/18 5:15,0.058202445
2023/2/18 5:30,0.071392459
2023/2/18 5:45,0.08198138
2023/2/18 6:00,0.087368954
2023/2/18 6:15,0.090917287
2023/2/18 6:30,0.090788619
2023/2/18 6:45,0.087995447
2023/2/18 7:00,0.079875281
2023/2/18 7:15,0.075403347
2023/2/18 7:30,0.078230266
2023/2/18 7:45,0.079659879
2023/2/18 8:00,0.078297464
2023/2/18 8:15,0.077719567
2023/2/18 8:30,0.07871329
2023/2/18 8:45,0.076731695
2023/2/18 9:00,0.068801857
2023/2/18 9:15,0.062714854
2023/2/18 9:30,0.060315569
2023/2/18 9:45,0.060135858
2023/2/18 10:00,0.064396873
2023/2/18 10:15,0.068659145
2023/2/18 10:30,0.072924956
2023/2/18 10:45,0.078604932
2023/2/18 11:00,0.087113648
2023/2/18 11:15,0.089816133
2023/2/18 11:30,0.080905927
2023/2/18 11:45,0.146552978
2023/2/18 12:00,0.100699345
2023/2/18 12:15,0.126840727
2023/2/18 12:30,0.208634542
2023/2/18 12:45,0.151580325
2023/2/18 13:00,0.134803446
2023/2/18 13:15,0.208658302
2023/2/18 13:30,0.28195955
2023/2/18 13:45,0.371316142
2023/2/18 14:00,0.440738001
2023/2/18 14:15,0.548270669
2023/2/18 14:30,0.570712649
2023/2/18 14:45,0.615550144
2023/2/18 15:00,0.61393631
2023/2/18 15:15,0.509316566
2023/2/18 15:30,0.595437927
2023/2/18 15:45,0.442419648
2023/2/18 16:00,0.480233665
2023/2/18 16:15,0.395616488
2023/2/18 16:30,0.466064664
2023/2/18 16:45,0.495503533
2023/2/18 17:00,0.441048171
2023/2/18 17:15,0.441890156
2023/2/18 17:30,0.460698558
2023/2/18 17:45,0.464873269
2023/2/18 18:00,0.384009724
2023/2/18 18:15,0.44923688
2023/2/18 18:30,0.5274853
2023/2/18 18:45,0.447690984
2023/2/18 19:00,0.374744122
2023/2/18 19:15,0.492494638
2023/2/18 19:30,0.432291997
2023/2/18 19:45,0.418299425
2023/2/18 20:00,0.248511108
2023/2/18 20:15,0.246706005
2023/2/18 20:30,0.191873967
2023/2/18 20:45,0.251099605
2023/2/18 21:00,0.145569464
2023/2/18 21:15,0.155722481
2023/2/18 21:30,0.18425884
2023/2/18 21:45,0.179549388
2023/2/18 22:00,0.166997842
2023/2/18 22:15,0.165343946
2023/2/18 22:30,0.200164003
2023/2/18 22:45,0.202154508
2023/2/18 23:00,0.199911134
2023/2/18 23:15,0.164398435
2023/2/18 23:30,0.158551938
2023/2/18 23:45,0.127404766
2023/2/19 0:00,0.064215027
2023/2/19 0:15,0.043653762
2023/2/19 0:30,0.042341993
2023/2/19 0:45,0.040812367
2023/2/19 1:00,0.054882247
2023/2/19 1:15,0.042889539
2023/2/19 1:30,0.023978605
2023/2/19 1:45,0.021009127
2023/2/19 2:00,0.023612957
2023/2/19 2:15,0.022910457
2023/2/19 2:30,0.01809647
2023/2/19 2:45,0.030103606
2023/2/19 3:00,0.102149477
2023/2/19 3:15,0.13969755
2023/2/19 3:30,0.151915023
2023/2/19 3:45,0.103637167
2023/2/19 4:00,0.083116197
2023/2/19 4:15,0.144484836
2023/2/19 4:30,0.151220324
2023/2/19 4:45,0.087081695
2023/2/19 5:00,0.046063737
2023/2/19 5:15,0.079096432
2023/2/19 5:30,0.074214985
2023/2/19 5:45,0.087304723
2023/2/19 6:00,0.090201198
2023/2/19 6:15,0.058093426
2023/2/19 6:30,0.07073709
2023/2/19 6:45,0.063676633
2023/2/19 7:00,0.062295643
2023/2/19 7:15,0.07200365
2023/2/19 7:30,0.063348443
2023/2/19 7:45,0.063997847
2023/2/19 8:00,0.053795143
2023/2/19 8:15,0.043110766
2023/2/19 8:30,0.089031339
2023/2/19 8:45,0.078824668
2023/2/19 9:00,0.077528791
2023/2/19 9:15,0.075871532
2023/2/19 9:30,0.072436785
2023/2/19 9:45,0.056020883
2023/2/19 10:00,0.037953776
2023/2/19 10:15,0.035702483
2023/2/19 10:30,0.036537683
2023/2/19 10:45,0.040397209
2023/2/19 11:00,0.047547111
2023/2/19 11:15,0.049174293
2023/2/19 11:30,0.051535229
2023/2/19 11:45,0.088066992
2023/2/19 12:00,0.146266468
2023/2/19 12:15,0.187270839
2023/2/19 12:30,0.210036391
2023/2/19 12:45,0.224339432
2023/2/19 13:00,0.346552111
2023/2/19 13:15,0.350397177
2023/2/19 13:30,0.420258076
2023/2/19 13:45,0.521912987
2023/2/19 14:00,0.484981304
2023/2/19 14:15,0.448960406
2023/2/19 14:30,0.452292649
2023/2/19 14:45,0.495407105
2023/2/19 15:00,0.510721533
2023/2/19 15:15,0.626852929
2023/2/19 15:30,0.685514626
2023/2/19 15:45,0.673331007
2023/2/19 16:00,0.707343147
2023/2/19 16:15,0.739429842
2023/2/19 16:30,0.794974687
2023/2/19 16:45,0.737860328
2023/2/19 17:00,0.63445241
2023/2/19 17:15,0.571548408
2023/2/19 17:30,0.617352072
2023/2/19 17:45,0.504278702
2023/2/19 18:00,0.460748487
2023/2/19 18:15,0.469363564
2023/2/19 18:30,0.471406656
2023/2/19 18:45,0.421234138
2023/2/19 19:00,0.282164807
2023/2/19 19:15,0.250235269
2023/2/19 19:30,0.217772468
2023/2/19 19:45,0.230079971
2023/2/19 20:00,0.177637791
2023/2/19 20:15,0.141548823
2023/2/19 20:30,0.150668777
2023/2/19 20:45,0.105413855
2023/2/19 21:00,0.06510247
2023/2/19 21:15,0.103840405
2023/2/19 21:30,0.125394353
2023/2/19 21:45,0.063381016
2023/2/19 22:00,0.03900611
2023/2/19 22:15,0.059272665
2023/2/19 22:30,0.063930083
2023/2/19 22:45,0.036613346
2023/2/19 23:00,0.052925694
2023/2/19 23:15,0.046424421
2023/2/19 23:30,0.028125924
2023/2/19 23:45,0.027074984
2023/2/20 0:00,0.036504334
2023/2/20 0:15,0.057017171
2023/2/20 0:30,0.072604845
2023/2/20 0:45,0.053526784
2023/2/20 1:00,0.034244093
2023/2/20 1:15,0.041326623
2023/2/20 1:30,0.07263376
2023/2/20 1:45,0.106405653
2023/2/20 2:00,0.105976058
2023/2/20 2:15,0.11638365
2023/2/20 2:30,0.111472149
2023/2/20 2:45,0.10637703
2023/2/20 3:00,0.115914162
2023/2/20 3:15,0.110862577
2023/2/20 3:30,0.119639185
2023/2/20 3:45,0.147803061
2023/2/20 4:00,0.168022221
2023/2/20 4:15,0.14987553
2023/2/20 4:30,0.118046316
2023/2/20 4:45,0.115274098
2023/2/20 5:00,0.111020345
2023/2/20 5:15,0.104741514
2023/2/20 5:30,0.072998258
2023/2/20 5:45,0.034952071
2023/2/20 6:00,0.017778177
2023/2/20 6:15,0.01180568
2023/2/20 6:30,0.008797112
2023/2/20 6:45,0.026300062
2023/2/20 7:00,0.014143471
2023/2/20 7:15,0.053134972
2023/2/20 7:30,0.101122968
2023/2/20 7:45,0.10741743
2023/2/20 8:00,0.063124571
2023/2/20 8:15,0.075417576
2023/2/20 8:30,0.146130226
2023/2/20 8:45,0.126416577
2023/2/20 9:00,0.143178094
2023/2/20 9:15,0.099756149
2023/2/20 9:30,0.035763534
2023/2/20 9:45,0.020899814
2023/2/20 10:00,0.009109586
2023/2/20 10:15,0.008182908
2023/2/20 10:30,0.00726279
2023/2/20 10:45,0
2023/2/20 11:00,0
2023/2/20 11:15,0
2023/2/20 11:30,0
2023/2/20 11:45,0
2023/2/20 12:00,0.016693706
2023/2/20 12:15,0.018217283
2023/2/20 12:30,0.016477516
2023/2/20 12:45,0.043241951
2023/2/20 13:00,0.138707826
2023/2/20 13:15,0.184760529
2023/2/20 13:30,0.19650549
2023/2/20 13:45,0.229943062
2023/2/20 14:00,0.369354645
2023/2/20 14:15,0.545601109
2023/2/20 14:30,0.646915697
2023/2/20 14:45,0.583251046
2023/2/20 15:00,0.657828501
2023/2/20 15:15,0.575643381
2023/2/20 15:30,0.535541148
2023/2/20 15:45,0.553105547
2023/2/20 16:00,0.670866777
2023/2/20 16:15,0.481654004
2023/2/20 16:30,0.430844183
2023/2/20 16:45,0.491562167
2023/2/20 17:00,0.558532457
2023/2/20 17:15,0.497624036
2023/2/20 17:30,0.55686329
2023/2/20 17:45,0.436708294
2023/2/20 18:00,0.367843717
2023/2/20 18:15,0.298895823
2023/2/20 18:30,0.326921179
2023/2/20 18:45,0.262549209
2023/2/20 19:00,0.263090037
2023/2/20 19:15,0.197558986
2023/2/20 19:30,0.283581887
2023/2/20 19:45,0.203493351
2023/2/20 20:00,0.20453145
2023/2/20 20:15,0.206360664
2023/2/20 20:30,0.160730828
2023/2/20 20:45,0.134664556
2023/2/20 21:00,0.137765428
2023/2/20 21:15,0.269460066
2023/2/20 21:30,0.338426226
2023/2/20 21:45,0.338320754
2023/2/20 22:00,0.159820892
2023/2/20 22:15,0.101864783
2023/2/20 22:30,0.058038485
2023/2/20 22:45,0.098832687
2023/2/20 23:00,0.086787914
2023/2/20 23:15,0.035695364
2023/2/20 23:30,0.022317246
2023/2/20 23:45,0.021493493
2023/2/21 0:00,0.018411945
2023/2/21 0:15,0.018441982
2023/2/21 0:30,0.018470677
2023/2/21 0:45,0.018497904
2023/2/21 1:00,0.018523532
2023/2/21 1:15,0.018547429
2023/2/21 1:30,0.018569469
2023/2/21 1:45,0.018589533
2023/2/21 2:00,0.018607517
2023/2/21 2:15,0.018623332
2023/2/21 2:30,0.018636908
2023/2/21 2:45,0.018648199
2023/2/21 3:00,0.090646526
2023/2/21 3:15,0.105233396
2023/2/21 3:30,0.102668645
2023/2/21 3:45,0.110206577
2023/2/21 4:00,0.089984932
2023/2/21 4:15,0.091619032
2023/2/21 4:30,0.103584346
2023/2/21 4:45,0.129354119
2023/2/21 5:00,0.13293175
2023/2/21 5:15,0.082564083
2023/2/21 5:30,0.119485553
2023/2/21 5:45,0.137803621
2023/2/21 6:00,0.100671702
2023/2/21 6:15,0.055134417
2023/2/21 6:30,0.039280558
2023/2/21 6:45,0.038889683
2023/2/21 7:00,0.041141026
2023/2/21 7:15,0.043408178
2023/2/21 7:30,0.045707095
2023/2/21 7:45,0.044653084
2023/2/21 8:00,0.075394676
2023/2/21 8:15,0.111179732
2023/2/21 8:30,0.067894755
2023/2/21 8:45,0.048134452
2023/2/21 9:00,0.040585324
2023/2/21 9:15,0.039361562
2023/2/21 9:30,0.042902452
2023/2/21 9:45,0.04760016
2023/2/21 10:00,0.054610225
2023/2/21 10:15,0.082404483
2023/2/21 10:30,0.179380991
2023/2/21 10:45,0.09680765
2023/2/21 11:00,0.087986543
2023/2/21 11:15,0.190076979
2023/2/21 11:30,0.271216225
2023/2/21 11:45,0.203614957
2023/2/21 12:00,0.231383635
2023/2/21 12:15,0.273976014
2023/2/21 12:30,0.245324049
2023/2/21 12:45,0.282432033
2023/2/21 13:00,0.158819319
2023/2/21 13:15,0.276602948
2023/2/21 13:30,0.249228482
2023/2/21 13:45,0.200283977
2023/2/21 14:00,0.236173702
2023/2/21 14:15,0.217895683
2023/2/21 14:30,0.23337285
2023/2/21 14:45,0.259458598
2023/2/21 15:00,0.320780578
2023/2/21 15:15,0.229435396
2023/2/21 15:30,0.37239534
2023/2/21 15:45,0.279731387
2023/2/21 16:00,0.339776919
2023/2/21 16:15,0.445042816
2023/2/21 16:30,0.292394395
2023/2/21 16:45,0.567409511
2023/2/21 17:00,0.656018977
2023/2/21 17:15,0.580362023
2023/2/21 17:30,0.701050589
2023/2/21 17:45,0.635924003
2023/2/21 18:00,0.632693672
2023/2/21 18:15,0.493121618
2023/2/21 18:30,0.459535767
2023/2/21 18:45,0.518160217
2023/2/21 19:00,0.551790068
2023/2/21 19:15,0.459832421
2023/2/21 19:30,0.540218444
2023/2/21 19:45,0.443423275
2023/2/21 20:00,0.398173812
2023/2/21 20:15,0.29391261
2023/2/21 20:30,0.263433018
2023/2/21 20:45,0.262788841
2023/2/21 21:00,0.35156927
2023/2/21 21:15,0.411298147
2023/2/21 21:30,0.473229306
2023/2/21 21:45,0.319817723
2023/2/21 22:00,0.328626502
2023/2/21 22:15,0.31794169
2023/2/21 22:30,0.26877456
2023/2/21 22:45,0.300020605
2023/2/21 23:00,0.376033463
2023/2/21 23:15,0.365504658
2023/2/21 23:30,0.377741771
2023/2/21 23:45,0.373689588
2023/2/22 0:00,0.394700094
2023/2/22 0:15,0.418957632
2023/2/22 0:30,0.413011273
2023/2/22 0:45,0.399201909
2023/2/22 1:00,0.372705264
2023/2/22 1:15,0.359494927
2023/2/22 1:30,0.411102663
2023/2/22 1:45,0.410498529
2023/2/22 2:00,0.369572705
2023/2/22 2:15,0.235114055
2023/2/22 2:30,0.188472813
2023/2/22 2:45,0.261756631
2023/2/22 3:00,0.371274633
2023/2/22 3:15,0.4418077
2023/2/22 3:30,0.496092688
2023/2/22 3:45,0.559601808
2023/2/22 4:00,0.577639124
2023/2/22 4:15,0.540621573
2023/2/22 4:30,0.598543399
2023/2/22 4:45,0.655705212
2023/2/22 5:00,0.59688757
2023/2/22 5:15,0.609031402
2023/2/22 5:30,0.620383927
2023/2/22 5:45,0.646964056
2023/2/22 6:00,0.722951667
2023/2/22 6:15,0.840764773
2023/2/22 6:30,0.874716585
2023/2/22 6:45,0.826579793
2023/2/22 7:00,0.86715178
2023/2/22 7:15,0.819307421
2023/2/22 7:30,0.811293395
2023/2/22 7:45,0.819757196
2023/2/22 8:00,0.86480737
2023/2/22 8:15,0.804246091
2023/2/22 8:30,0.798470551
2023/2/22 8:45,0.771956278
2023/2/22 9:00,0.776179815
2023/2/22 9:15,0.724415531
2023/2/22 9:30,0.705092849
2023/2/22 9:45,0.761328698
2023/2/22 10:00,0.854579634
2023/2/22 10:15,0.847594772
2023/2/22 10:30,0.901308723
2023/2/22 10:45,0.87075601
2023/2/22 11:00,0.871085814
2023/2/22 11:15,0.900062925
2023/2/22 11:30,0.581758343
2023/2/22 11:45,0.820609203
2023/2/22 12:00,0.700905703
2023/2/22 12:15,0.595171304
2023/2/22 12:30,0.460724038
2023/2/22 12:45,0.315682397
2023/2/22 13:00,0.146718816
2023/2/22 13:15,0.128427258
2023/2/22 13:30,0.162587531
2023/2/22 13:45,0.169425847
2023/2/22 14:00,0.164708263
2023/2/22 14:15,0.23447544
2023/2/22 14:30,0.196892222
2023/2/22 14:45,0.188445217
2023/2/22 15:00,0.224352244
2023/2/22 15:15,0.225245989
2023/2/22 15:30,0.278983779
2023/2/22 15:45,0.320987966
2023/2/22 16:00,0.478421605
2023/2/22 16:15,0.403424876
2023/2/22 16:30,0.486622502
2023/2/22 16:45,0.486855053
2023/2/22 17:00,0.345108637
2023/2/22 17:15,0.371044968
2023/2/22 17:30,0.28478715
2023/2/22 17:45,0.328056251
2023/2/22 18:00,0.378330876
2023/2/22 18:15,0.495369684
2023/2/22 18:30,0.527540528
2023/2/22 18:45,0.479772903
2023/2/22 19:00,0.693645763
2023/2/22 19:15,0.698172213
2023/2/22 19:30,0.570269469
2023/2/22 19:45,0.536256879
2023/2/22 20:00,0.519895846
2023/2/22 20:15,0.54424927
2023/2/22 20:30,0.766685994
2023/2/22 20:45,0.844105582
2023/2/22 21:00,0.846644699
2023/2/22 21:15,0.672960438
2023/2/22 21:30,0.63349666
2023/2/22 21:45,0.78342246
2023/2/22 22:00,0.891763615
2023/2/22 22:15,0.918985365
2023/2/22 22:30,0.612708534
2023/2/22 22:45,0.84497594
2023/2/22 23:00,0.928915661
2023/2/22 23:15,0.929187314
2023/2/22 23:30,0.922185957
2023/2/22 23:45,0.56692774
2023/2/23 0:00,0.734928587
2023/2/23 0:15,0.798160487
2023/2/23 0:30,0.915465817
2023/2/23 0:45,0.803687935
2023/2/23 1:00,0.914773972
2023/2/23 1:15,0.800533615
2023/2/23 1:30,0.913089672
2023/2/23 1:45,0.779349424
2023/2/23 2:00,0.839628302
2023/2/23 2:15,0.716972424
2023/2/23 2:30,0.718643449
2023/2/23 2:45,0.618488761
2023/2/23 3:00,0.774013525
2023/2/23 3:15,0.635116169
2023/2/23 3:30,0.486436524
2023/2/23 3:45,0.613606018
2023/2/23 4:00,0.439082507
2023/2/23 4:15,0.440212552
2023/2/23 4:30,0.53403227
2023/2/23 4:45,0.47150089
2023/2/23 5:00,0.567895711
2023/2/23 5:15,0.64212804
2023/2/23 5:30,0.599252466
2023/2/23 5:45,0.599352638
2023/2/23 6:00,0.572141512
2023/2/23 6:15,0.532788624
2023/2/23 6:30,0.592693918
2023/2/23 6:45,0.623323375
2023/2/23 7:00,0.575691697
2023/2/23 7:15,0.465820591
2023/2/23 7:30,0.407353295
2023/2/23 7:45,0.515095549
2023/2/23 8:00,0.399622426
2023/2/23 8:15,0.351786506
2023/2/23 8:30,0.403077669
2023/2/23 8:45,0.494168495
2023/2/23 9:00,0.326344536
2023/2/23 9:15,0.397349021
2023/2/23 9:30,0.346130786
2023/2/23 9:45,0.398561054
2023/2/23 10:00,0.323037415
2023/2/23 10:15,0.432826385
2023/2/23 10:30,0.480730107
2023/2/23 10:45,0.496831939
2023/2/23 11:00,0.624186605
2023/2/23 11:15,0.700786527
2023/2/23 11:30,0.797475149
2023/2/23 11:45,0.819365361
2023/2/23 12:00,0.848379803
2023/2/23 12:15,0.867255443
2023/2/23 12:30,0.872933719
2023/2/23 12:45,0.839267356
2023/2/23 13:00,0.878472807
2023/2/23 13:15,0.925191227
2023/2/23 13:30,0.861838008
2023/2/23 13:45,0.763420956
2023/2/23 14:00,0.849209574
2023/2/23 14:15,0.830823203
2023/2/23 14:30,0.735755336
2023/2/23 14:45,0.808946003
2023/2/23 15:00,0.777319369
2023/2/23 15:15,0.751114372
2023/2/23 15:30,0.788272406
2023/2/23 15:45,0.721110016
2023/2/23 16:00,0.607094775
2023/2/23 16:15,0.651388933
2023/2/23 16:30,0.661732578
2023/2/23 16:45,0.540041922
2023/2/23 17:00,0.547929882
2023/2/23 17:15,0.539009766
2023/2/23 17:30,0.604471442
2023/2/23 17:45,0.550649172
2023/2/23 18:00,0.734494365
2023/2/23 18:15,0.564070834
2023/2/23 18:30,0.664627487
2023/2/23 18:45,0.733371414
2023/2/23 19:00,0.632943146
2023/2/23 19:15,0.615969279
2023/2/23 19:30,0.57180913
2023/2/23 19:45,0.541336231
2023/2/23 20:00,0.628466724
2023/2/23 20:15,0.713477316
2023/2/23 20:30,0.790394695
2023/2/23 20:45,0.846549848
2023/2/23 21:00,0.905696662
2023/2/23 21:15,0.795859452
2023/2/23 21:30,0.941260508
2023/2/23 21:45,0.836010558
2023/2/23 22:00,0.939298506
2023/2/23 22:15,0.934270971
2023/2/23 22:30,0.838465332
2023/2/23 22:45,0.890576578
2023/2/23 23:00,0.934579903
2023/2/23 23:15,0.829033753
2023/2/23 23:30,0.944317376
2023/2/23 23:45,0.930753084
2023/2/24 0:00,0.864409328
2023/2/24 0:15,0.730522422
2023/2/24 0:30,0.916766872
2023/2/24 0:45,0.915523228
2023/2/24 1:00,0.915878093
2023/2/24 1:15,0.815944643
2023/2/24 1:30,0.791771428
2023/2/24 1:45,0.099408347
2023/2/24 2:00,0.024778717
2023/2/24 2:15,0.025151841
2023/2/24 2:30,0.026218136
2023/2/24 2:45,0.064755284
2023/2/24 3:00,0.572881967
2023/2/24 3:15,0.678707707
2023/2/24 3:30,0.702868529
2023/2/24 3:45,0.673921548
2023/2/24 4:00,0.657585929
2023/2/24 4:15,0.560186829
2023/2/24 4:30,0.345916112
2023/2/24 4:45,0.201537078
2023/2/24 5:00,0.172533704
2023/2/24 5:15,0.090641807
2023/2/24 5:30,0.04496162
2023/2/24 5:45,0.062097014
2023/2/24 6:00,0.088363325
2023/2/24 6:15,0.087439106
2023/2/24 6:30,0.032013554
2023/2/24 6:45,0.018244806
2023/2/24 7:00,0.018285563
2023/2/24 7:15,0.018327402
2023/2/24 7:30,0.018370343
2023/2/24 7:45,0.018414406
2023/2/24 8:00,0.018459609
2023/2/24 8:15,0.018505965
2023/2/24 8:30,0.018553476
2023/2/24 8:45,0.018602133
2023/2/24 9:00,0.018651911
2023/2/24 9:15,0.018702764
2023/2/24 9:30,0.018754624
2023/2/24 9:45,0.018807398
2023/2/24 10:00,0.018860964
2023/2/24 10:15,0.018915169
2023/2/24 10:30,0.018969833
2023/2/24 10:45,0.022842287
2023/2/24 11:00,0.030571758
2023/2/24 11:15,0.029841084
2023/2/24 11:30,0.027539188
2023/2/24 11:45,0.02609526
2023/2/24 12:00,0.076473554
2023/2/24 12:15,0.076737474
2023/2/24 12:30,0.068649526
2023/2/24 12:45,0.059230545
2023/2/24 13:00,0.047147589
2023/2/24 13:15,0.041069694
2023/2/24 13:30,0.047000735
2023/2/24 13:45,0.054572708
2023/2/24 14:00,0.065426047
2023/2/24 14:15,0.071305124
2023/2/24 14:30,0.067235808
2023/2/24 14:45,0.069166359
2023/2/24 15:00,0.083097341
2023/2/24 15:15,0.083085374
2023/2/24 15:30,0.055188711
2023/2/24 15:45,0.041704532
2023/2/24 16:00,0.057046971
2023/2/24 16:15,0.067939073
2023/2/24 16:30,0.069932557
2023/2/24 16:45,0.071286095
2023/2/24 17:00,0.071362173
2023/2/24 17:15,0.069942709
2023/2/24 17:30,0.065534926
2023/2/24 17:45,0.058026995
2023/2/24 18:00,0.04432183
2023/2/24 18:15,0.033978219
2023/2/24 18:30,0.030361005
2023/2/24 18:45,0.027374077
2023/2/24 19:00,0.025651157
2023/2/24 19:15,0.024084507
2023/2/24 19:30,0.022833887
2023/2/24 19:45,0.030040249
2023/2/24 20:00,0.069294737
2023/2/24 20:15,0.036489299
2023/2/24 20:30,0.021050506
2023/2/24 20:45,0.019738776
2023/2/24 21:00,0.0197071
2023/2/24 21:15,0.019673681
2023/2/24 21:30,0.019655765
2023/2/24 21:45,0.019635514
2023/2/24 22:00,0.019613058
2023/2/24 22:15,0.019588512
2023/2/24 22:30,0.019561975
2023/2/24 22:45,0.019533528
2023/2/24 23:00,0.019503229
2023/2/24 23:15,0.019471113
2023/2/24 23:30,0.019437191
2023/2/24 23:45,0.01940145
2023/2/25 0:00,0.083089396
2023/2/25 0:15,0.056622169
2023/2/25 0:30,0.055088975
2023/2/25 0:45,0.065434135
2023/2/25 1:00,0.056460105
2023/2/25 1:15,0.097415638
2023/2/25 1:30,0.199105723
2023/2/25 1:45,0.24661662
2023/2/25 2:00,0.250945741
2023/2/25 2:15,0.263862056
2023/2/25 2:30,0.293281492
2023/2/25 2:45,0.327550495
2023/2/25 3:00,0.274478817
2023/2/25 3:15,0.25408527
2023/2/25 3:30,0.265636894
2023/2/25 3:45,0.30547446
2023/2/25 4:00,0.34487283
2023/2/25 4:15,0.41735868
2023/2/25 4:30,0.521887072
2023/2/25 4:45,0.52213766
2023/2/25 5:00,0.549049635
2023/2/25 5:15,0.401692893
2023/2/25 5:30,0.447703132
2023/2/25 5:45,0.521654917
2023/2/25 6:00,0.554897887
2023/2/25 6:15,0.584659266
2023/2/25 6:30,0.555752008
2023/2/25 6:45,0.541486094
2023/2/25 7:00,0.489277431
2023/2/25 7:15,0.459878948
2023/2/25 7:30,0.527406895
2023/2/25 7:45,0.560377451
2023/2/25 8:00,0.533626998
2023/2/25 8:15,0.506246811
2023/2/25 8:30,0.534646495
2023/2/25 8:45,0.5952685
2023/2/25 9:00,0.524699278
2023/2/25 9:15,0.554078145
2023/2/25 9:30,0.53988592
2023/2/25 9:45,0.486219405
2023/2/25 10:00,0.466264082
2023/2/25 10:15,0.490328119
2023/2/25 10:30,0.570542286
2023/2/25 10:45,0.619575384
2023/2/25 11:00,0.794105159
2023/2/25 11:15,0.8465097
2023/2/25 11:30,0.895017068
2023/2/25 11:45,0.872773947
2023/2/25 12:00,0.921381235
2023/2/25 12:15,0.9184681
2023/2/25 12:30,0.936999038
2023/2/25 12:45,0.901176165
2023/2/25 13:00,0.897893504
2023/2/25 13:15,0.898713182
2023/2/25 13:30,0.862154707
2023/2/25 13:45,0.864856987
2023/2/25 14:00,0.85218214
2023/2/25 14:15,0.834801267
2023/2/25 14:30,0.840087334
2023/2/25 14:45,0.771947892
2023/2/25 15:00,0.54720859
2023/2/25 15:15,0.583097855
2023/2/25 15:30,0.525793833
2023/2/25 15:45,0.495571561
2023/2/25 16:00,0.452734827
2023/2/25 16:15,0.357026505
2023/2/25 16:30,0.373203039
2023/2/25 16:45,0.31922324
2023/2/25 17:00,0.276678887
2023/2/25 17:15,0.261596957
2023/2/25 17:30,0.300181942
2023/2/25 17:45,0.27336677
2023/2/25 18:00,0.246526144
2023/2/25 18:15,0.19900987
2023/2/25 18:30,0.217575725
2023/2/25 18:45,0.174430699
2023/2/25 19:00,0.172297811
2023/2/25 19:15,0.18794172
2023/2/25 19:30,0.179216551
2023/2/25 19:45,0.268099411
2023/2/25 20:00,0.396246012
2023/2/25 20:15,0.364727462
2023/2/25 20:30,0.239905562
2023/2/25 20:45,0.260027333
2023/2/25 21:00,0.266286066
2023/2/25 21:15,0.302135072
2023/2/25 21:30,0.297731617
2023/2/25 21:45,0.302833065
2023/2/25 22:00,0.28010697
2023/2/25 22:15,0.282804196
2023/2/25 22:30,0.226192895
2023/2/25 22:45,0.227822919
2023/2/25 23:00,0.22642058
2023/2/25 23:15,0.246877081
2023/2/25 23:30,0.283935926
2023/2/25 23:45,0.296249544
2023/2/26 0:00,0.317885803
2023/2/26 0:15,0.379501367
2023/2/26 0:30,0.400935445
2023/2/26 0:45,0.377398675
2023/2/26 1:00,0.266317582
2023/2/26 1:15,0.281324455
2023/2/26 1:30,0.251832775
2023/2/26 1:45,0.306715984
2023/2/26 2:00,0.429121838
2023/2/26 2:15,0.558794254
2023/2/26 2:30,0.487878229
2023/2/26 2:45,0.434183569
2023/2/26 3:00,0.366924039
2023/2/26 3:15,0.409913015
2023/2/26 3:30,0.463137141
2023/2/26 3:45,0.576656753
2023/2/26 4:00,0.599261455
2023/2/26 4:15,0.462336997
2023/2/26 4:30,0.481472797
2023/2/26 4:45,0.564328225
2023/2/26 5:00,0.609226017
2023/2/26 5:15,0.651055846
2023/2/26 5:30,0.684008888
2023/2/26 5:45,0.761220662
2023/2/26 6:00,0.931302742
2023/2/26 6:15,0.943600094
2023/2/26 6:30,0.914553421
2023/2/26 6:45,0.791923513
2023/2/26 7:00,0.932874244
2023/2/26 7:15,0.937817408
2023/2/26 7:30,0.552697716
2023/2/26 7:45,0.831012718
2023/2/26 8:00,0.797388298
2023/2/26 8:15,0.85223648
2023/2/26 8:30,0.372218157
2023/2/26 8:45,0.037720313
2023/2/26 9:00,0.142391997
2023/2/26 9:15,0.168722974
2023/2/26 9:30,0.175117768
2023/2/26 9:45,0.123983273
2023/2/26 10:00,0.08031199
2023/2/26 10:15,0.115716628
2023/2/26 10:30,0.240585211
2023/2/26 10:45,0.444560243
2023/2/26 11:00,0.729451205
2023/2/26 11:15,0.88649308
2023/2/26 11:30,0.794384962
2023/2/26 11:45,0.744029427
2023/2/26 12:00,0.634096962
2023/2/26 12:15,0.428264702
2023/2/26 12:30,0.693299529
2023/2/26 12:45,0.721205827
2023/2/26 13:00,0.797464445
2023/2/26 13:15,0.789622267
2023/2/26 13:30,0.754837509
2023/2/26 13:45,0.727134849
2023/2/26 14:00,0.651140633
2023/2/26 14:15,0.647618774
2023/2/26 14:30,0.717564001
2023/2/26 14:45,0.642494667
2023/2/26 15:00,0.527967405
2023/2/26 15:15,0.527581259
2023/2/26 15:30,0.537102724
2023/2/26 15:45,0.507185087
2023/2/26 16:00,0.346352292
2023/2/26 16:15,0.52048623
2023/2/26 16:30,0.483967718
2023/2/26 16:45,0.716615479
2023/2/26 17:00,0.646222291
2023/2/26 17:15,0.767985833
2023/2/26 17:30,0.841533053
2023/2/26 17:45,0.771482102
2023/2/26 18:00,0.802132808
2023/2/26 18:15,0.631577576
2023/2/26 18:30,0.159089917
2023/2/26 18:45,0.139073535
2023/2/26 19:00,0.139235658
2023/2/26 19:15,0.139359245
2023/2/26 19:30,0.137743373
2023/2/26 19:45,0.134188623
2023/2/26 20:00,0.134860971
2023/2/26 20:15,0.315644079
2023/2/26 20:30,0.461531755
2023/2/26 20:45,0.515872415
2023/2/26 21:00,0.546458149
2023/2/26 21:15,0.16969875
2023/2/26 21:30,0.000288577
2023/2/26 21:45,0.000264339
2023/2/26 22:00,0.000239688
2023/2/26 22:15,0.830374302
2023/2/26 22:30,0.814046956
2023/2/26 22:45,0.807396758
2023/2/26 23:00,0.899690511
2023/2/26 23:15,0.263768675
2023/2/26 23:30,0.596270441
2023/2/26 23:45,0.807633194
2023/2/27 0:00,0.853177465
2023/2/27 0:15,0.822907228
2023/2/27 0:30,0.316485329
2023/2/27 0:45,0.008661898
2023/2/27 1:00,0.008596284
2023/2/27 1:15,0.008530057
2023/2/27 1:30,0.008463553
2023/2/27 1:45,0.008397127
2023/2/27 2:00,0.008331147
2023/2/27 2:15,0.008265985
2023/2/27 2:30,0.008202012
2023/2/27 2:45,0.008139586
2023/2/27 3:00,0.008079046
2023/2/27 3:15,0.008020709
2023/2/27 3:30,0.007964858
2023/2/27 3:45,0.007911741
2023/2/27 4:00,0.007861566
2023/2/27 4:15,0.007814494
2023/2/27 4:30,0.007770639
2023/2/27 4:45,0.007730066
2023/2/27 5:00,0.007692788
2023/2/27 5:15,0.00765877
2023/2/27 5:30,0.007627927
2023/2/27 5:45,0.007600128
2023/2/27 6:00,0.034793935
2023/2/27 6:15,0.14733753
2023/2/27 6:30,0.251844612
2023/2/27 6:45,0.281380986
2023/2/27 7:00,0.27962776
2023/2/27 7:15,0.188423692
2023/2/27 7:30,0.2985614
2023/2/27 7:45,0.210064933
2023/2/27 8:00,0.213004726
2023/2/27 8:15,0.148590776
2023/2/27 8:30,0.136820887
2023/2/27 8:45,0.162448708
2023/2/27 9:00,0.304629216
2023/2/27 9:15,0.309898954
2023/2/27 9:30,0.215861695
2023/2/27 9:45,0.257509685
2023/2/27 10:00,0.358887076
2023/2/27 10:15,0.461338023
2023/2/27 10:30,0.486897348
2023/2/27 10:45,0.556693208
2023/2/27 11:00,0.400552437
2023/2/27 11:15,0.414612945
2023/2/27 11:30,0.548028736
2023/2/27 11:45,0.566343146
2023/2/27 12:00,0.485602997
2023/2/27 12:15,0.506515454
2023/2/27 12:30,0.621141348
2023/2/27 12:45,0.604822953
2023/2/27 13:00,0.507758282
2023/2/27 13:15,0.52917709
2023/2/27 13:30,0.451623439
2023/2/27 13:45,0.476045639
2023/2/27 14:00,0.501199015
2023/2/27 14:15,0.491507916
2023/2/27 14:30,0.623345847
2023/2/27 14:45,0.522562031
2023/2/27 15:00,0.709205657
2023/2/27 15:15,0.651764709
2023/2/27 15:30,0.731459068
2023/2/27 15:45,0.711942886
2023/2/27 16:00,0.600576672
2023/2/27 16:15,0.740106844
2023/2/27 16:30,0.724353573
2023/2/27 16:45,0.653811469
2023/2/27 17:00,0.549060647
2023/2/27 17:15,0.562667278
2023/2/27 17:30,0.520273475
2023/2/27 17:45,0.485411973
2023/2/27 18:00,0.504365544
2023/2/27 18:15,0.495698351
2023/2/27 18:30,0.529182516
2023/2/27 18:45,0.542547881
2023/2/27 19:00,0.618517889
2023/2/27 19:15,0.576048773
2023/2/27 19:30,0.745173175
2023/2/27 19:45,0.711003177
2023/2/27 20:00,0.515958072
2023/2/27 20:15,0.415101952
2023/2/27 20:30,0.288891759
2023/2/27 20:45,0.373799511
2023/2/27 21:00,0.438439836
2023/2/27 21:15,0.403832741
2023/2/27 21:30,0.585713273
2023/2/27 21:45,0.641522018
2023/2/27 22:00,0.664978717
2023/2/27 22:15,0.811504371
2023/2/27 22:30,0.77165466
2023/2/27 22:45,0.706392742
2023/2/27 23:00,0.739564669
2023/2/27 23:15,0.605620637
2023/2/27 23:30,0.64584414
2023/2/27 23:45,0.662060332
2023/2/28 0:00,0.724298439
2023/2/28 0:15,0.920631733
2023/2/28 0:30,0.863696417
2023/2/28 0:45,0.809792254
2023/2/28 1:00,0.554523769
2023/2/28 1:15,0.697636205
2023/2/28 1:30,0.543959602
2023/2/28 1:45,0.610684309
2023/2/28 2:00,0.52908932
2023/2/28 2:15,0.531838179
2023/2/28 2:30,0.522883274
2023/2/28 2:45,0.588424613
2023/2/28 3:00,0.451925986
2023/2/28 3:15,0.355007417
2023/2/28 3:30,0.364212352
2023/2/28 3:45,0.344324986
2023/2/28 4:00,0.458594773
2023/2/28 4:15,0.467868314
2023/2/28 4:30,0.471596907
2023/2/28 4:45,0.44906708
2023/2/28 5:00,0.509006376
2023/2/28 5:15,0.366448776
2023/2/28 5:30,0.431975326
2023/2/28 5:45,0.336626723
2023/2/28 6:00,0.289354002
2023/2/28 6:15,0.380683163
2023/2/28 6:30,0.418476777
2023/2/28 6:45,0.276616969
2023/2/28 7:00,0.271141288
2023/2/28 7:15,0.308445752
2023/2/28 7:30,0.307618633
2023/2/28 7:45,0.351572104
2023/2/28 8:00,0.292975306
2023/2/28 8:15,0.272382844
2023/2/28 8:30,0.260616923
2023/2/28 8:45,0.318848679
2023/2/28 9:00,0.211235628
2023/2/28 9:15,0.267496837
2023/2/28 9:30,0.243551917
2023/2/28 9:45,0.243926286
2023/2/28 10:00,0.256711645
2023/2/28 10:15,0.19124228
2023/2/28 10:30,0.233164289
2023/2/28 10:45,0.219934862
2023/2/28 11:00,0.183281146
2023/2/28 11:15,0.175795874
2023/2/28 11:30,0.167067203
2023/2/28 11:45,0.204092654
2023/2/28 12:00,0.285033552
2023/2/28 12:15,0.261864166
2023/2/28 12:30,0.218955397
2023/2/28 12:45,0.211041941
2023/2/28 13:00,0.199485489
2023/2/28 13:15,0.215207494
2023/2/28 13:30,0.183769693
2023/2/28 13:45,0.186842196
2023/2/28 14:00,0.196986914
2023/2/28 14:15,0.118016802
2023/2/28 14:30,0.069487033
2023/2/28 14:45,0.041883931
2023/2/28 15:00,0.041104747
2023/2/28 15:15,0.044260151
2023/2/28 15:30,0.036614402
2023/2/28 15:45,0.032830345
2023/2/28 16:00,0.036769773
2023/2/28 16:15,0.039358935
2023/2/28 16:30,0.039247478
2023/2/28 16:45,0.039065775
2023/2/28 17:00,0.038743456
2023/2/28 17:15,0.035461497
2023/2/28 17:30,0.026260284
2023/2/28 17:45,0.017049052
2023/2/28 18:00,0.007818176
2023/2/28 18:15,0.001650148
2023/2/28 18:30,0.001547621
2023/2/28 18:45,0.001442941
2023/2/28 19:00,0.001335685
2023/2/28 19:15,0.001225426
2023/2/28 19:30,0.001111748
2023/2/28 19:45,0.000994259
2023/2/28 20:00,0.000872607
2023/2/28 20:15,0.000746488
2023/2/28 20:30,0.000615666
2023/2/28 20:45,0.000479974
2023/2/28 21:00,0.000339331
2023/2/28 21:15,0.000193746
2023/2/28 21:30,4.33E-05
2023/2/28 21:45,0
2023/2/28 22:00,0
2023/2/28 22:15,0.000507723
2023/2/28 22:30,0.002264906
2023/2/28 22:45,0.002711505
2023/2/28 23:00,0.004388759
2023/2/28 23:15,0.0075022
2023/2/28 23:30,0.119979742
2023/2/28 23:45,0.103138564
2023/3/1 0:00,0.105729982
2023/3/1 0:15,0.104522771
2023/3/1 0:30,0.10958932
2023/3/1 0:45,0.078928076
2023/3/1 1:00,0.054033231
2023/3/1 1:15,0.061641184
2023/3/1 1:30,0.080379019
2023/3/1 1:45,0.117217288
2023/3/1 2:00,0.109925374
2023/3/1 2:15,0.100974206
2023/3/1 2:30,0.073217521
2023/3/1 2:45,0.052006505
2023/3/1 3:00,0.039315488
2023/3/1 3:15,0.029346246
2023/3/1 3:30,0.012186367
2023/3/1 3:45,0.005796289
2023/3/1 4:00,0.005742258
2023/3/1 4:15,0.005690288
2023/3/1 4:30,0.00564045
2023/3/1 4:45,0.005592797
2023/3/1 5:00,0.005547368
2023/3/1 5:15,0.005504183
2023/3/1 5:30,0.005463241
2023/3/1 5:45,0.005424524
2023/3/1 6:00,0.005387996
2023/3/1 6:15,0.005353599
2023/3/1 6:30,0.005321265
2023/3/1 6:45,0.005290905
2023/3/1 7:00,0.005262421
2023/3/1 7:15,0.005235704
2023/3/1 7:30,0.005210637
2023/3/1 7:45,0.005187097
2023/3/1 8:00,0.005164956
2023/3/1 8:15,0.005144086
2023/3/1 8:30,0.005124357
2023/3/1 8:45,0.008176863
2023/3/1 9:00,0.014340943
2023/3/1 9:15,0.014323871
2023/3/1 9:30,0.067767271
2023/3/1 9:45,0.014563149
2023/3/1 10:00,0.005022819
2023/3/1 10:15,0.005007521
2023/3/1 10:30,0.004992343
2023/3/1 10:45,0.004977148
2023/3/1 11:00,0.004961794
2023/3/1 11:15,0.004946128
2023/3/1 11:30,0.00492999
2023/3/1 11:45,0.004913208
2023/3/1 12:00,0.021820548
2023/3/1 12:15,0.019315352
2023/3/1 12:30,0.018971589
2023/3/1 12:45,0.040402871
2023/3/1 13:00,0.021857995
2023/3/1 13:15,0.01721867
2023/3/1 13:30,0.023467865
2023/3/1 13:45,0.040740118
2023/3/1 14:00,0.057666035
2023/3/1 14:15,0.061027626
2023/3/1 14:30,0.05465297
2023/3/1 14:45,0.04528164
2023/3/1 15:00,0.04522429
2023/3/1 15:15,0.046320299
2023/3/1 15:30,0.039611862
2023/3/1 15:45,0.053210272
2023/3/1 16:00,0.057438166
2023/3/1 16:15,0.059935585
2023/3/1 16:30,0.080204331
2023/3/1 16:45,0.087745569
2023/3/1 17:00,0.17610956
2023/3/1 17:15,0.302334602
2023/3/1 17:30,0.195127396
2023/3/1 17:45,0.319494867
2023/3/1 18:00,0.242479031
2023/3/1 18:15,0.222773531
2023/3/1 18:30,0.129234828
2023/3/1 18:45,0.249793631
2023/3/1 19:00,0.240804385
2023/3/1 19:15,0.181717542
2023/3/1 19:30,0.19077791
2023/3/1 19:45,0.258056183
2023/3/1 20:00,0.263730576
2023/3/1 20:15,0.420760218
2023/3/1 20:30,0.416893556
2023/3/1 20:45,0.348834174
2023/3/1 21:00,0.337713534
2023/3/1 21:15,0.270724809
2023/3/1 21:30,0.240131666
2023/3/1 21:45,0.148341766
2023/3/1 22:00,0.19861056
2023/3/1 22:15,0.287733759
2023/3/1 22:30,0.257102697
2023/3/1 22:45,0.135506652
2023/3/1 23:00,0.14859219
2023/3/1 23:15,0.141377075
2023/3/1 23:30,0.073244846
2023/3/1 23:45,0.090331122
2023/3/2 0:00,0.009180972
2023/3/2 0:15,0.006228273
2023/3/2 0:30,0.004482154
2023/3/2 0:45,0.02865027
2023/3/2 1:00,0.060334014
2023/3/2 1:15,0.189211243
2023/3/2 1:30,0.263643706
2023/3/2 1:45,0.41340305
2023/3/2 2:00,0.525383324
2023/3/2 2:15,0.463896847
2023/3/2 2:30,0.433830821
2023/3/2 2:45,0.382517522
2023/3/2 3:00,0.265537116
2023/3/2 3:15,0.148404559
2023/3/2 3:30,0.085313521
2023/3/2 3:45,0.055957733
2023/3/2 4:00,0.057444471
2023/3/2 4:15,0.117958299
2023/3/2 4:30,0.170487295
2023/3/2 4:45,0.157907296
2023/3/2 5:00,0.084331807
2023/3/2 5:15,0.057303825
2023/3/2 5:30,0.060314447
2023/3/2 5:45,0.078669498
2023/3/2 6:00,0.214753126
2023/3/2 6:15,0.437510814
2023/3/2 6:30,0.235582207
2023/3/2 6:45,0.11430937
2023/3/2 7:00,0.128059933
2023/3/2 7:15,0.179668009
2023/3/2 7:30,0.197469089
2023/3/2 7:45,0.16886139
2023/3/2 8:00,0.157665675
2023/3/2 8:15,0.234036129
2023/3/2 8:30,0.186406294
2023/3/2 8:45,0.217516848
2023/3/2 9:00,0.189494154
2023/3/2 9:15,0.173582449
2023/3/2 9:30,0.10399482
2023/3/2 9:45,0.088571829
2023/3/2 10:00,0.096760041
2023/3/2 10:15,0.095929322
2023/3/2 10:30,0.125499409
2023/3/2 10:45,0.186252339
2023/3/2 11:00,0.242546521
2023/3/2 11:15,0.356970262
2023/3/2 11:30,0.406429825
2023/3/2 11:45,0.146713946
2023/3/2 12:00,0.061276315
2023/3/2 12:15,0.058961005
2023/3/2 12:30,0.058177385
2023/3/2 12:45,0.056271632
2023/3/2 13:00,0.052115823
2023/3/2 13:15,0.050455501
2023/3/2 13:30,0.053779856
2023/3/2 13:45,0.054735528
2023/3/2 14:00,0.050947321
2023/3/2 14:15,0.04732151
2023/3/2 14:30,0.044014081
2023/3/2 14:45,0.041196851
2023/3/2 15:00,0.039354012
2023/3/2 15:15,0.037613992
2023/3/2 15:30,0.036074261
2023/3/2 15:45,0.036668903
2023/3/2 16:00,0.041527775
2023/3/2 16:15,0.04344823
2023/3/2 16:30,0.03948827
2023/3/2 16:45,0.047971402
2023/3/2 17:00,0.032784788
2023/3/2 17:15,0.029057428
2023/3/2 17:30,0.023970181
2023/3/2 17:45,0.130686658
2023/3/2 18:00,0.529772739
2023/3/2 18:15,0.559326153
2023/3/2 18:30,0.479633403
2023/3/2 18:45,0.518961633
2023/3/2 19:00,0.464628227
2023/3/2 19:15,0.369212858
2023/3/2 19:30,0.334689538
2023/3/2 19:45,0.263342853
2023/3/2 20:00,0.257558026
2023/3/2 20:15,0.282853223
2023/3/2 20:30,0.298391712
2023/3/2 20:45,0.235647082
2023/3/2 21:00,0.179686059
2023/3/2 21:15,0.146341963
2023/3/2 21:30,0.150656845
2023/3/2 21:45,0.126230871
2023/3/2 22:00,0.10647083
2023/3/2 22:15,0.079410186
2023/3/2 22:30,0.044381563
2023/3/2 22:45,0.030409106
2023/3/2 23:00,0.041663703
2023/3/2 23:15,0.060379529
2023/3/2 23:30,0.053460095
2023/3/2 23:45,0.061284665
2023/3/3 0:00,0.063545628
2023/3/3 0:15,0.053405185
2023/3/3 0:30,0.051984966
2023/3/3 0:45,0.026513724
2023/3/3 1:00,0.008093675
2023/3/3 1:15,0.007981279
2023/3/3 1:30,0.007864155
2023/3/3 1:45,0.007742481
2023/3/3 2:00,0.007616438
2023/3/3 2:15,0.007486205
2023/3/3 2:30,0.007351961
2023/3/3 2:45,0.007213886
2023/3/3 3:00,0.007072155
2023/3/3 3:15,0.006926945
2023/3/3 3:30,0.006778432
2023/3/3 3:45,0.00662679
2023/3/3 4:00,0.006472194
2023/3/3 4:15,0.00631482
2023/3/3 4:30,0.006154843
2023/3/3 4:45,0.005992437
2023/3/3 5:00,0.005827777
2023/3/3 5:15,0.005661034
2023/3/3 5:30,0.005492375
2023/3/3 5:45,0.005321962
2023/3/3 6:00,0.005149948
2023/3/3 6:15,0.004976478
2023/3/3 6:30,0.004801681
2023/3/3 6:45,0.004625675
2023/3/3 7:00,0.00444856
2023/3/3 7:15,0.004270419
2023/3/3 7:30,0.004091318
2023/3/3 7:45,0.003911303
2023/3/3 8:00,0.003730405
2023/3/3 8:15,0.003548638
2023/3/3 8:30,0.003366001
2023/3/3 8:45,0.003182487
2023/3/3 9:00,0.002998078
2023/3/3 9:15,0.002812754
2023/3/3 9:30,0.002626497
2023/3/3 9:45,0.002439293
2023/3/3 10:00,0.002251134
2023/3/3 10:15,0.002062028
2023/3/3 10:30,0.001871996
2023/3/3 10:45,0.001681075
2023/3/3 11:00,0.001489325
2023/3/3 11:15,0.001296823
2023/3/3 11:30,0.001103668
2023/3/3 11:45,0.000909982
2023/3/3 12:00,0.010303125
2023/3/3 12:15,0.008580861
2023/3/3 12:30,0.006010335
2023/3/3 12:45,0.003413091
2023/3/3 13:00,0.000762824
2023/3/3 13:15,0
2023/3/3 13:30,0
2023/3/3 13:45,0
2023/3/3 14:00,0
2023/3/3 14:15,0
2023/3/3 14:30,0
2023/3/3 14:45,0
2023/3/3 15:00,0
2023/3/3 15:15,0
2023/3/3 15:30,0
2023/3/3 15:45,0
2023/3/3 16:00,0
2023/3/3 16:15,0
2023/3/3 16:30,0
2023/3/3 16:45,0.026235311
2023/3/3 17:00,0.05307122
2023/3/3 17:15,0.041183689
2023/3/3 17:30,0.059474805
2023/3/3 17:45,0.084084669
2023/3/3 18:00,0.088120302
2023/3/3 18:15,0.106576328
2023/3/3 18:30,0.134912169
2023/3/3 18:45,0.144657224
2023/3/3 19:00,0.142801578
2023/3/3 19:15,0.154480152
2023/3/3 19:30,0.107283216
2023/3/3 19:45,0.094256368
2023/3/3 20:00,0.071552388
2023/3/3 20:15,0.081902482
2023/3/3 20:30,0.055765037
2023/3/3 20:45,0.03483534
2023/3/3 21:00,0.027173019
2023/3/3 21:15,0.008383027
2023/3/3 21:30,0
2023/3/3 21:45,0
2023/3/3 22:00,0
2023/3/3 22:15,0
2023/3/3 22:30,0.003636993
2023/3/3 22:45,0.007544603
2023/3/3 23:00,0.009612083
2023/3/3 23:15,0.011522563
2023/3/3 23:30,0.013117067
2023/3/3 23:45,0.014351844
2023/3/4 0:00,0
2023/3/4 0:15,0
2023/3/4 0:30,0
2023/3/4 0:45,0
2023/3/4 1:00,0
2023/3/4 1:15,0
2023/3/4 1:30,0.004024806
2023/3/4 1:45,0.005639666
2023/3/4 2:00,0
2023/3/4 2:15,0
2023/3/4 2:30,0
2023/3/4 2:45,0
2023/3/4 3:00,0
2023/3/4 3:15,0
2023/3/4 3:30,0
2023/3/4 3:45,0
2023/3/4 4:00,0
2023/3/4 4:15,0
2023/3/4 4:30,0
2023/3/4 4:45,0
2023/3/4 5:00,0
2023/3/4 5:15,0
2023/3/4 5:30,0
2023/3/4 5:45,0
2023/3/4 6:00,0
2023/3/4 6:15,0
2023/3/4 6:30,0
2023/3/4 6:45,0.027775869
2023/3/4 7:00,0.090895856
2023/3/4 7:15,0.100493926
2023/3/4 7:30,0.150026903
2023/3/4 7:45,0.103695547
2023/3/4 8:00,0.085331652
2023/3/4 8:15,0.06241017
2023/3/4 8:30,0.063522268
2023/3/4 8:45,0.057763844
2023/3/4 9:00,0.05170618
2023/3/4 9:15,0.009432108
2023/3/4 9:30,0
2023/3/4 9:45,0
2023/3/4 10:00,0
2023/3/4 10:15,0
2023/3/4 10:30,0
2023/3/4 10:45,0
2023/3/4 11:00,0
2023/3/4 11:15,0
2023/3/4 11:30,0
2023/3/4 11:45,0
2023/3/4 12:00,0.002510011
2023/3/4 12:15,0.121802725
2023/3/4 12:30,0.194898241
2023/3/4 12:45,0.227400252
2023/3/4 13:00,0.243629865
2023/3/4 13:15,0.261283083
2023/3/4 13:30,0.245315447
2023/3/4 13:45,0.226457174
2023/3/4 14:00,0.158091188
2023/3/4 14:15,0.15320316
2023/3/4 14:30,0.119125483
2023/3/4 14:45,0.073510236
2023/3/4 15:00,0.054873133
2023/3/4 15:15,0.120403893
2023/3/4 15:30,0.110322465
2023/3/4 15:45,0.102337205
2023/3/4 16:00,0.050167905
2023/3/4 16:15,0.054023636
2023/3/4 16:30,0.056896351
2023/3/4 16:45,0.057339519
2023/3/4 17:00,0.058598249
2023/3/4 17:15,0.055663252
2023/3/4 17:30,0.048393798
2023/3/4 17:45,0.049030136
2023/3/4 18:00,0.045128004
2023/3/4 18:15,0.047456493
2023/3/4 18:30,0.044348359
2023/3/4 18:45,0.054026468
2023/3/4 19:00,0.063209056
2023/3/4 19:15,0.079035286
2023/3/4 19:30,0.083335649
2023/3/4 19:45,0.082276141
2023/3/4 20:00,0.074602093
2023/3/4 20:15,0.061509596
2023/3/4 20:30,0.061530234
2023/3/4 20:45,0.098861744
2023/3/4 21:00,0.098560242
2023/3/4 21:15,0.098943952
2023/3/4 21:30,0.111282093
2023/3/4 21:45,0.105591902
2023/3/4 22:00,0.091244738
2023/3/4 22:15,0.124574855
2023/3/4 22:30,0.198680432
2023/3/4 22:45,0.161883785
2023/3/4 23:00,0.185373024
2023/3/4 23:15,0.186067511
2023/3/4 23:30,0.177865584
2023/3/4 23:45,0.087038057
2023/3/5 0:00,0.00995115
2023/3/5 0:15,0.13186829
2023/3/5 0:30,0.269035918
2023/3/5 0:45,0.27822717
2023/3/5 1:00,0.261060778
2023/3/5 1:15,0.283864268
2023/3/5 1:30,0.268886513
2023/3/5 1:45,0.21530344
2023/3/5 2:00,0.162994133
2023/3/5 2:15,0.179523119
2023/3/5 2:30,0.18027488
2023/3/5 2:45,0.15626489
2023/3/5 3:00,0.172187101
2023/3/5 3:15,0.187491335
2023/3/5 3:30,0.187489271
2023/3/5 3:45,0.209438904
2023/3/5 4:00,0.266053923
2023/3/5 4:15,0.319803051
2023/3/5 4:30,0.349214505
2023/3/5 4:45,0.271142903
2023/3/5 5:00,0.260317059
2023/3/5 5:15,0.271442451
2023/3/5 5:30,0.288526372
2023/3/5 5:45,0.281937811
2023/3/5 6:00,0.274538927
2023/3/5 6:15,0.280050886
2023/3/5 6:30,0.353512962
2023/3/5 6:45,0.505900875
2023/3/5 7:00,0.571707283
2023/3/5 7:15,0.563023406
2023/3/5 7:30,0.550667715
2023/3/5 7:45,0.426479808
2023/3/5 8:00,0.383780503
2023/3/5 8:15,0.374751502
2023/3/5 8:30,0.382409274
2023/3/5 8:45,0.467241363
2023/3/5 9:00,0.376009072
2023/3/5 9:15,0.460561886
2023/3/5 9:30,0.303732496
2023/3/5 9:45,0.207722474
2023/3/5 10:00,0.272563495
2023/3/5 10:15,0.452757574
2023/3/5 10:30,0.53821831
2023/3/5 10:45,0.483359577
2023/3/5 11:00,0.459161169
2023/3/5 11:15,0.402821847
2023/3/5 11:30,0.39452324
2023/3/5 11:45,0.293602766
2023/3/5 12:00,0.188490379
2023/3/5 12:15,0.160719923
2023/3/5 12:30,0.139898393
2023/3/5 12:45,0.144326339
2023/3/5 13:00,0.170229808
2023/3/5 13:15,0.144698816
2023/3/5 13:30,0.1469535
2023/3/5 13:45,0.138962734
2023/3/5 14:00,0.151908425
2023/3/5 14:15,0.077966351
2023/3/5 14:30,0.050918518
2023/3/5 14:45,0.031585457
2023/3/5 15:00,0.007272401
2023/3/5 15:15,0.010269299
2023/3/5 15:30,0.01163678
2023/3/5 15:45,0.009721955
2023/3/5 16:00,0.012807145
2023/3/5 16:15,0.015127904
2023/3/5 16:30,0.016053466
2023/3/5 16:45,0.022406286
2023/3/5 17:00,0.023787779
2023/3/5 17:15,0.021533505
2023/3/5 17:30,0.016331807
2023/3/5 17:45,0.016064117
2023/3/5 18:00,0.01507355
2023/3/5 18:15,0.012219299
2023/3/5 18:30,0.012302625
2023/3/5 18:45,0.013196474
2023/3/5 19:00,0.018788871
2023/3/5 19:15,0.017532274
2023/3/5 19:30,0.014877225
2023/3/5 19:45,0.022700437
2023/3/5 20:00,0.100423618
2023/3/5 20:15,0.088037441
2023/3/5 20:30,0.101303964
2023/3/5 20:45,0.096246052
2023/3/5 21:00,0.08367002
2023/3/5 21:15,0.048728553
2023/3/5 21:30,0.023161638
2023/3/5 21:45,0.029345953
2023/3/5 22:00,0.023882526
2023/3/5 22:15,0.024569135
2023/3/5 22:30,0.019899766
2023/3/5 22:45,0.018608128
2023/3/5 23:00,0.029792955
2023/3/5 23:15,0.022250389
2023/3/5 23:30,0.010765292
2023/3/5 23:45,0.01608263
2023/3/6 0:00,0.077627106
2023/3/6 0:15,0.161316674
2023/3/6 0:30,0.174337541
2023/3/6 0:45,0.181409634
2023/3/6 1:00,0.263814142
2023/3/6 1:15,0.256859237
2023/3/6 1:30,0.309226267
2023/3/6 1:45,0.382813874
2023/3/6 2:00,0.387055089
2023/3/6 2:15,0.481435841
2023/3/6 2:30,0.457153785
2023/3/6 2:45,0.45388419
2023/3/6 3:00,0.525508891
2023/3/6 3:15,0.518218706
2023/3/6 3:30,0.482620531
2023/3/6 3:45,0.467465443
2023/3/6 4:00,0.481807091
2023/3/6 4:15,0.516111326
2023/3/6 4:30,0.541539925
2023/3/6 4:45,0.545072119
2023/3/6 5:00,0.555912339
2023/3/6 5:15,0.528975928
2023/3/6 5:30,0.462995835
2023/3/6 5:45,0.468134347
2023/3/6 6:00,0.432393787
2023/3/6 6:15,0.452697182
2023/3/6 6:30,0.424041085
2023/3/6 6:45,0.510433513
2023/3/6 7:00,0.592341233
2023/3/6 7:15,0.734019651
2023/3/6 7:30,0.77194638
2023/3/6 7:45,0.76248592
2023/3/6 8:00,0.700939862
2023/3/6 8:15,0.581626799
2023/3/6 8:30,0.582774282
2023/3/6 8:45,0.538600238
2023/3/6 9:00,0.539815487
2023/3/6 9:15,0.597528101
2023/3/6 9:30,0.573529845
2023/3/6 9:45,0.639251353
2023/3/6 10:00,0.759461612
2023/3/6 10:15,0.812365958
2023/3/6 10:30,0.791124164
2023/3/6 10:45,0.768669719
2023/3/6 11:00,0.681812844
2023/3/6 11:15,0.760145684
2023/3/6 11:30,0.672807857
2023/3/6 11:45,0.600574804
2023/3/6 12:00,0.455866745
2023/3/6 12:15,0.440683624
2023/3/6 12:30,0.363685187
2023/3/6 12:45,0.420270014
2023/3/6 13:00,0.512588413
2023/3/6 13:15,0.4019366
2023/3/6 13:30,0.402089484
2023/3/6 13:45,0.17445375
2023/3/6 14:00,0.336154158
2023/3/6 14:15,0.296823092
2023/3/6 14:30,0.285235869
2023/3/6 14:45,0.246460741
2023/3/6 15:00,0.133776536
2023/3/6 15:15,0.101840024
2023/3/6 15:30,0.095681867
2023/3/6 15:45,0.04134299
2023/3/6 16:00,0.131910685
2023/3/6 16:15,0.107179877
2023/3/6 16:30,0.125891097
2023/3/6 16:45,0.081901101
2023/3/6 17:00,0.09282496
2023/3/6 17:15,0.063313929
2023/3/6 17:30,0.001436213
2023/3/6 17:45,0
2023/3/6 18:00,0
2023/3/6 18:15,0
2023/3/6 18:30,0
2023/3/6 18:45,0
2023/3/6 19:00,0
2023/3/6 19:15,0
2023/3/6 19:30,0
2023/3/6 19:45,0
2023/3/6 20:00,0
2023/3/6 20:15,0
2023/3/6 20:30,0
2023/3/6 20:45,0
2023/3/6 21:00,0
2023/3/6 21:15,0
2023/3/6 21:30,0
2023/3/6 21:45,0
2023/3/6 22:00,0
2023/3/6 22:15,0
2023/3/6 22:30,0
2023/3/6 22:45,0
2023/3/6 23:00,0
2023/3/6 23:15,0
2023/3/6 23:30,0
2023/3/6 23:45,0
2023/3/7 0:00,0
2023/3/7 0:15,0
2023/3/7 0:30,0
2023/3/7 0:45,3.47E-18
2023/3/7 1:00,0
2023/3/7 1:15,0
2023/3/7 1:30,0
2023/3/7 1:45,0
2023/3/7 2:00,0
2023/3/7 2:15,0
2023/3/7 2:30,0
2023/3/7 2:45,0
2023/3/7 3:00,0
2023/3/7 3:15,3.47E-18
2023/3/7 3:30,0
2023/3/7 3:45,6.94E-18
2023/3/7 4:00,0
2023/3/7 4:15,3.47E-18
2023/3/7 4:30,0
2023/3/7 4:45,0
2023/3/7 5:00,0
2023/3/7 5:15,0
2023/3/7 5:30,0
2023/3/7 5:45,0
2023/3/7 6:00,6.94E-18
2023/3/7 6:15,0
2023/3/7 6:30,0
2023/3/7 6:45,0
2023/3/7 7:00,0
2023/3/7 7:15,3.47E-18
2023/3/7 7:30,3.47E-18
2023/3/7 7:45,0
2023/3/7 8:00,0
2023/3/7 8:15,3.47E-18
2023/3/7 8:30,0
2023/3/7 8:45,3.47E-18
2023/3/7 9:00,3.47E-18
2023/3/7 9:15,0
2023/3/7 9:30,0
2023/3/7 9:45,0
2023/3/7 10:00,6.94E-18
2023/3/7 10:15,0
2023/3/7 10:30,0
2023/3/7 10:45,6.94E-18
2023/3/7 11:00,0
2023/3/7 11:15,0
2023/3/7 11:30,0
2023/3/7 11:45,3.47E-18
2023/3/7 12:00,0.015265844
2023/3/7 12:15,0.016208526
2023/3/7 12:30,0.016507343
2023/3/7 12:45,0.016654174
2023/3/7 13:00,0.016497418
2023/3/7 13:15,0.016521305
2023/3/7 13:30,0.016906856
2023/3/7 13:45,0.016600732
2023/3/7 14:00,0.014911579
2023/3/7 14:15,0.013974697
2023/3/7 14:30,0.014542592
2023/3/7 14:45,0.064399809
2023/3/7 15:00,0.101664041
2023/3/7 15:15,0.1317776
2023/3/7 15:30,0.161937217
2023/3/7 15:45,0.191819637
2023/3/7 16:00,0.141304843
2023/3/7 16:15,0.298564981
2023/3/7 16:30,0.320056912
2023/3/7 16:45,0.278370509
2023/3/7 17:00,0.228979851
2023/3/7 17:15,0.267088247
2023/3/7 17:30,0.193835581
2023/3/7 17:45,0.245488521
2023/3/7 18:00,0.21052475
2023/3/7 18:15,0.175312572
2023/3/7 18:30,0.115924647
2023/3/7 18:45,0.038612221
2023/3/7 19:00,0.078634341
2023/3/7 19:15,0.04274873
2023/3/7 19:30,0.020626919
2023/3/7 19:45,0.017250403
2023/3/7 20:00,0.005794187
2023/3/7 20:15,0.0057874
2023/3/7 20:30,0.005781433
2023/3/7 20:45,0.005776349
2023/3/7 21:00,0.005772199
2023/3/7 21:15,0.072963421
2023/3/7 21:30,0.060216158
2023/3/7 21:45,0.034564992
2023/3/7 22:00,0.01882441
2023/3/7 22:15,0.005766468
2023/3/7 22:30,0.005768369
2023/3/7 22:45,0.005771261
2023/3/7 23:00,0.005775128
2023/3/7 23:15,0.21123868
2023/3/7 23:30,0.48084807
2023/3/7 23:45,0.457962072
2023/3/8 0:00,0.454986184
2023/3/8 0:15,0.460102221
2023/3/8 0:30,0.495375793
2023/3/8 0:45,0.581049311
2023/3/8 1:00,0.568414302
2023/3/8 1:15,0.617429726
2023/3/8 1:30,0.597190611
2023/3/8 1:45,0.624770757
2023/3/8 2:00,0.646833873
2023/3/8 2:15,0.609016613
2023/3/8 2:30,0.652334991
2023/3/8 2:45,0.681958673
2023/3/8 3:00,0.709818925
2023/3/8 3:15,0.741791168
2023/3/8 3:30,0.70089884
2023/3/8 3:45,0.685577606
2023/3/8 4:00,0.596024553
2023/3/8 4:15,0.496394392
2023/3/8 4:30,0.571467322
2023/3/8 4:45,0.595368737
2023/3/8 5:00,0.614730989
2023/3/8 5:15,0.688742066
2023/3/8 5:30,0.722062345
2023/3/8 5:45,0.737728204
2023/3/8 6:00,0.742573799
2023/3/8 6:15,0.779641031
2023/3/8 6:30,0.670451067
2023/3/8 6:45,0.653151806
2023/3/8 7:00,0.598952581
2023/3/8 7:15,0.603239039
2023/3/8 7:30,0.653133574
2023/3/8 7:45,0.640340725
2023/3/8 8:00,0.626934994
2023/3/8 8:15,0.610406403
2023/3/8 8:30,0.53692652
2023/3/8 8:45,0.476395658
2023/3/8 9:00,0.49764267
2023/3/8 9:15,0.398234215
2023/3/8 9:30,0.496193441
2023/3/8 9:45,0.456595513
2023/3/8 10:00,0.515544667
2023/3/8 10:15,0.613923677
2023/3/8 10:30,0.712612065
2023/3/8 10:45,0.268202883
2023/3/8 11:00,0.063915331
2023/3/8 11:15,0.395979473
2023/3/8 11:30,0.509975241
2023/3/8 11:45,0.5664683
2023/3/8 12:00,0.658014187
2023/3/8 12:15,0.676754948
2023/3/8 12:30,0.632613634
2023/3/8 12:45,0.637034739
2023/3/8 13:00,0.658242703
2023/3/8 13:15,0.579932446
2023/3/8 13:30,0.478527561
2023/3/8 13:45,0.542153242
2023/3/8 14:00,0.584768876
2023/3/8 14:15,0.573630141
2023/3/8 14:30,0.443600167
2023/3/8 14:45,0.417671133
2023/3/8 15:00,0.392778701
2023/3/8 15:15,0.393020459
2023/3/8 15:30,0.322279767
2023/3/8 15:45,0.283396989
2023/3/8 16:00,0.236210073
2023/3/8 16:15,0.237807121
2023/3/8 16:30,0.27676674
2023/3/8 16:45,0.220029928
2023/3/8 17:00,0.227184279
2023/3/8 17:15,0.232892698
2023/3/8 17:30,0.212163791
2023/3/8 17:45,0.180412157
2023/3/8 18:00,0.137339077
2023/3/8 18:15,0.143984516
2023/3/8 18:30,0.107214465
2023/3/8 18:45,0.112819693
2023/3/8 19:00,0.140015922
2023/3/8 19:15,0.096843465
2023/3/8 19:30,0.047071901
2023/3/8 19:45,0.038897859
2023/3/8 20:00,0.016947085
2023/3/8 20:15,0.003579526
2023/3/8 20:30,0.001238906
2023/3/8 20:45,0
2023/3/8 21:00,0
2023/3/8 21:15,0.001841837
2023/3/8 21:30,0.004562792
2023/3/8 21:45,0.007075694
2023/3/8 22:00,0.009172809
2023/3/8 22:15,0.009640429
2023/3/8 22:30,0.006849415
2023/3/8 22:45,0.005985109
2023/3/8 23:00,0.008974431
2023/3/8 23:15,0.012613058
2023/3/8 23:30,0.017550198
2023/3/8 23:45,0.020183649
2023/3/9 0:00,0
2023/3/9 0:15,0
2023/3/9 0:30,0
2023/3/9 0:45,0
2023/3/9 1:00,0
2023/3/9 1:15,0
2023/3/9 1:30,0
2023/3/9 1:45,0
2023/3/9 2:00,0
2023/3/9 2:15,0
2023/3/9 2:30,0
2023/3/9 2:45,0
2023/3/9 3:00,0
2023/3/9 3:15,0
2023/3/9 3:30,0
2023/3/9 3:45,0
2023/3/9 4:00,0
2023/3/9 4:15,0
2023/3/9 4:30,0
2023/3/9 4:45,0
2023/3/9 5:00,0
2023/3/9 5:15,0
2023/3/9 5:30,0
2023/3/9 5:45,0
2023/3/9 6:00,0
2023/3/9 6:15,0
2023/3/9 6:30,0
2023/3/9 6:45,0
2023/3/9 7:00,0.012566719
2023/3/9 7:15,0.007167094
2023/3/9 7:30,0
2023/3/9 7:45,0
2023/3/9 8:00,0
2023/3/9 8:15,0.027297755
2023/3/9 8:30,0.020997009
2023/3/9 8:45,0.008279249
2023/3/9 9:00,0.000221469
2023/3/9 9:15,0.015564375
2023/3/9 9:30,0.014589122
2023/3/9 9:45,0.003772827
2023/3/9 10:00,0.001255077
2023/3/9 10:15,0.020225963
2023/3/9 10:30,0.014955617
2023/3/9 10:45,0.014603203
2023/3/9 11:00,0.00358361
2023/3/9 11:15,0.117457872
2023/3/9 11:30,0.224959675
2023/3/9 11:45,0.289654511
2023/3/9 12:00,0.338793755
2023/3/9 12:15,0.289947922
2023/3/9 12:30,0.03095469
2023/3/9 12:45,0.013084177
2023/3/9 13:00,0.193565643
2023/3/9 13:15,0.212112625
2023/3/9 13:30,0.215556742
2023/3/9 13:45,0.335165743
2023/3/9 14:00,0.343451156
2023/3/9 14:15,0.451217978
2023/3/9 14:30,0.552275766
2023/3/9 14:45,0.572488201
2023/3/9 15:00,0.535884516
2023/3/9 15:15,0.570451581
2023/3/9 15:30,0.576582625
2023/3/9 15:45,0.599242201
2023/3/9 16:00,0.634343666
2023/3/9 16:15,0.586573038
2023/3/9 16:30,0.314081675
2023/3/9 16:45,0.454811453
2023/3/9 17:00,0.50756854
2023/3/9 17:15,0.466368771
2023/3/9 17:30,0.292817036
2023/3/9 17:45,0.342014798
2023/3/9 18:00,0.347815134
2023/3/9 18:15,0.226025609
2023/3/9 18:30,0.290235224
2023/3/9 18:45,0.180936328
2023/3/9 19:00,0.188212485
2023/3/9 19:15,0.145033767
2023/3/9 19:30,0.152809094
2023/3/9 19:45,0.16064134
2023/3/9 20:00,0.099334963
2023/3/9 20:15,0.092750631
2023/3/9 20:30,0.085033162
2023/3/9 20:45,0.079015179
2023/3/9 21:00,0.083472684
2023/3/9 21:15,0.082718563
2023/3/9 21:30,0.128218668
2023/3/9 21:45,0.049660644
2023/3/9 22:00,0.002066435
2023/3/9 22:15,0.044621172
2023/3/9 22:30,0.160169663
2023/3/9 22:45,0.176549638
2023/3/9 23:00,0.172901482
2023/3/9 23:15,0.076288743
2023/3/9 23:30,0.045689975
2023/3/9 23:45,0.032149694
2023/3/10 0:00,0.054925617
2023/3/10 0:15,0.068685797
2023/3/10 0:30,0.065007831
2023/3/10 0:45,0.059809946
2023/3/10 1:00,0.047464722
2023/3/10 1:15,0.045819654
2023/3/10 1:30,0.02723606
2023/3/10 1:45,0.042457269
2023/3/10 2:00,0.155144748
2023/3/10 2:15,0.13457879
2023/3/10 2:30,0.162254031
2023/3/10 2:45,0.217880035
2023/3/10 3:00,0.25979106
2023/3/10 3:15,0.249483817
2023/3/10 3:30,0.226682411
2023/3/10 3:45,0.212266604
2023/3/10 4:00,0.192704337
2023/3/10 4:15,0.208632635
2023/3/10 4:30,0.214899033
2023/3/10 4:45,0.21672002
2023/3/10 5:00,0.196697504
2023/3/10 5:15,0.144964498
2023/3/10 5:30,0.181033371
2023/3/10 5:45,0.208560541
2023/3/10 6:00,0.180722537
2023/3/10 6:15,0.18144335
2023/3/10 6:30,0.188798263
2023/3/10 6:45,0.193999938
2023/3/10 7:00,0.191319502
2023/3/10 7:15,0.189081385
2023/3/10 7:30,0.18638843
2023/3/10 7:45,0.221307516
2023/3/10 8:00,0.249025907
2023/3/10 8:15,0.228950624
2023/3/10 8:30,0.186230787
2023/3/10 8:45,0.208396892
2023/3/10 9:00,0.249314831
2023/3/10 9:15,0.225845883
2023/3/10 9:30,0.210284635
2023/3/10 9:45,0.25999361
2023/3/10 10:00,0.360461113
2023/3/10 10:15,0.21062928
2023/3/10 10:30,0.18400599
2023/3/10 10:45,0.112556402
2023/3/10 11:00,0.051549529
2023/3/10 11:15,0.068168104
2023/3/10 11:30,0.044330288
2023/3/10 11:45,0.067851252
2023/3/10 12:00,0.010014143
2023/3/10 12:15,0.009970827
2023/3/10 12:30,0.010078141
2023/3/10 12:45,0.010265492
2023/3/10 13:00,0.010616887
2023/3/10 13:15,0.010618804
2023/3/10 13:30,0.009925469
2023/3/10 13:45,0.008875513
2023/3/10 14:00,0.007115638
2023/3/10 14:15,0.005962461
2023/3/10 14:30,0.006025535
2023/3/10 14:45,0.005881114
2023/3/10 15:00,0.005324032
2023/3/10 15:15,0.004836354
2023/3/10 15:30,0.004489263
2023/3/10 15:45,0.00425944
2023/3/10 16:00,0.004195682
2023/3/10 16:15,0.004081369
2023/3/10 16:30,0.004086396
2023/3/10 16:45,0.004091233
2023/3/10 17:00,0.004096037
2023/3/10 17:15,0.004100944
2023/3/10 17:30,0.004106073
2023/3/10 17:45,0.004111523
2023/3/10 18:00,0.004117377
2023/3/10 18:15,0.004123709
2023/3/10 18:30,0.00413058
2023/3/10 18:45,0.004138045
2023/3/10 19:00,0.004146156
2023/3/10 19:15,0.004154966
2023/3/10 19:30,0.004164528
2023/3/10 19:45,0.016712805
2023/3/10 20:00,0.057368642
2023/3/10 20:15,0.045594735
2023/3/10 20:30,0.027120761
2023/3/10 20:45,0.035073386
2023/3/10 21:00,0.064616306
2023/3/10 21:15,0.063215324
2023/3/10 21:30,0.039314958
2023/3/10 21:45,0.026438488
2023/3/10 22:00,0.040462586
2023/3/10 22:15,0.029484342
2023/3/10 22:30,0.014868821
2023/3/10 22:45,0.006189485
2023/3/10 23:00,0.004550663
2023/3/10 23:15,0.004445787
2023/3/10 23:30,0.00447608
2023/3/10 23:45,0.004507679
2023/3/11 0:00,0.016004502
2023/3/11 0:15,0.015315543
2023/3/11 0:30,0.014691658
2023/3/11 0:45,0.014509846
2023/3/11 1:00,0.015212242
2023/3/11 1:15,0.015327189
2023/3/11 1:30,0.014267279
2023/3/11 1:45,0.013119523
2023/3/11 2:00,0.011796009
2023/3/11 2:15,0.010995624
2023/3/11 2:30,0.010980758
2023/3/11 2:45,0.010966698
2023/3/11 3:00,0.010953663
2023/3/11 3:15,0.010941893
2023/3/11 3:30,0.010931644
2023/3/11 3:45,0.010923187
2023/3/11 4:00,0.010916801
2023/3/11 4:15,0.010912768
2023/3/11 4:30,0.010911366
2023/3/11 4:45,0.010912864
2023/3/11 5:00,0.010917513
2023/3/11 5:15,0.01092554
2023/3/11 5:30,0.010937138
2023/3/11 5:45,0.010952466
2023/3/11 6:00,0.010971635
2023/3/11 6:15,0.010994705
2023/3/11 6:30,0.011021685
2023/3/11 6:45,0.011052524
2023/3/11 7:00,0.011087112
2023/3/11 7:15,0.01112528
2023/3/11 7:30,0.011166798
2023/3/11 7:45,0.011211382
2023/3/11 8:00,0.011258697
2023/3/11 8:15,0.011308364
2023/3/11 8:30,0.011359966
2023/3/11 8:45,0.05472743
2023/3/11 9:00,0.076447625
2023/3/11 9:15,0.119713106
2023/3/11 9:30,0.106759416
2023/3/11 9:45,0.152250506
2023/3/11 10:00,0.078015159
2023/3/11 10:15,0.091313185
2023/3/11 10:30,0.089135758
2023/3/11 10:45,0.122702742
2023/3/11 11:00,0.241197697
2023/3/11 11:15,0.244318934
2023/3/11 11:30,0.256655157
2023/3/11 11:45,0.3021249
2023/3/11 12:00,0.344965474
2023/3/11 12:15,0.349133889
2023/3/11 12:30,0.380164745
2023/3/11 12:45,0.2667916
2023/3/11 13:00,0.066161896
2023/3/11 13:15,0.023819181
2023/3/11 13:30,0.027394022
2023/3/11 13:45,0.060322867
2023/3/11 14:00,0.406943244
2023/3/11 14:15,0.4301262
2023/3/11 14:30,0.377468614
2023/3/11 14:45,0.377734469
2023/3/11 15:00,0.437637495
2023/3/11 15:15,0.460152078
2023/3/11 15:30,0.344780305
2023/3/11 15:45,0.599681733
2023/3/11 16:00,0.613040845
2023/3/11 16:15,0.533106187
2023/3/11 16:30,0.579327615
2023/3/11 16:45,0.559409605
2023/3/11 17:00,0.579470769
2023/3/11 17:15,0.606255522
2023/3/11 17:30,0.619851882
2023/3/11 17:45,0.654282793
2023/3/11 18:00,0.675273752
2023/3/11 18:15,0.640775392
2023/3/11 18:30,0.586061329
2023/3/11 18:45,0.655281759
2023/3/11 19:00,0.526177845
2023/3/11 19:15,0.622639686
2023/3/11 19:30,0.588780386
2023/3/11 19:45,0.505188906
2023/3/11 20:00,0.567360035
2023/3/11 20:15,0.508531249
2023/3/11 20:30,0.509273271
2023/3/11 20:45,0.609981617
2023/3/11 21:00,0.530961122
2023/3/11 21:15,0.444520529
2023/3/11 21:30,0.502729261
2023/3/11 21:45,0.48868424
2023/3/11 22:00,0.493918704
2023/3/11 22:15,0.321173606
2023/3/11 22:30,0.332036313
2023/3/11 22:45,0.308519177
2023/3/11 23:00,0.346568254
2023/3/11 23:15,0.326127751
2023/3/11 23:30,0.32819693
2023/3/11 23:45,0.297229214
2023/3/12 0:00,0.213925547
2023/3/12 0:15,0.211159523
2023/3/12 0:30,0.245172168
2023/3/12 0:45,0.265066253
2023/3/12 1:00,0.267238505
2023/3/12 1:15,0.497192118
2023/3/12 1:30,0.622047227
2023/3/12 1:45,0.610154028
2023/3/12 2:00,0.506074294
2023/3/12 2:15,0.370285922
2023/3/12 2:30,0.512758639
2023/3/12 2:45,0.407842114
2023/3/12 3:00,0.358494702
2023/3/12 3:15,0.279734504
2023/3/12 3:30,0.329357846
2023/3/12 3:45,0.368527846
2023/3/12 4:00,0.410687169
2023/3/12 4:15,0.451999711
2023/3/12 4:30,0.429169739
2023/3/12 4:45,0.501901536
2023/3/12 5:00,0.501410928
2023/3/12 5:15,0.542865302
2023/3/12 5:30,0.516397194
2023/3/12 5:45,0.495849208
2023/3/12 6:00,0.508284989
2023/3/12 6:15,0.566641578
2023/3/12 6:30,0.584894778
2023/3/12 6:45,0.547388917
2023/3/12 7:00,0.494085968
2023/3/12 7:15,0.679256751
2023/3/12 7:30,0.648363339
2023/3/12 7:45,0.580190917
2023/3/12 8:00,0.604539208
2023/3/12 8:15,0.503818603
2023/3/12 8:30,0.528071264
2023/3/12 8:45,0.560404085
2023/3/12 9:00,0.588413044
2023/3/12 9:15,0.383569306
2023/3/12 9:30,0.487052764
2023/3/12 9:45,0.483139751
2023/3/12 10:00,0.480447715
2023/3/12 10:15,0.563630785
2023/3/12 10:30,0.695040144
2023/3/12 10:45,0.571631545
2023/3/12 11:00,0.431561833
2023/3/12 11:15,0.34017113
2023/3/12 11:30,0.284160498
2023/3/12 11:45,0.267558339
2023/3/12 12:00,0.306165836
2023/3/12 12:15,0.269385001
2023/3/12 12:30,0.271740093
2023/3/12 12:45,0.312207038
2023/3/12 13:00,0.313804914
2023/3/12 13:15,0.290994901
2023/3/12 13:30,0.268889011
2023/3/12 13:45,0.217608956
2023/3/12 14:00,0.264883567
2023/3/12 14:15,0.349460508
2023/3/12 14:30,0.390055863
2023/3/12 14:45,0.330968626
2023/3/12 15:00,0.287264378
2023/3/12 15:15,0.310239486
2023/3/12 15:30,0.372492635
2023/3/12 15:45,0.276561657
2023/3/12 16:00,0.24946623
2023/3/12 16:15,0.341872553
2023/3/12 16:30,0.373345424
2023/3/12 16:45,0.504313579
2023/3/12 17:00,0.520431523
2023/3/12 17:15,0.610334322
2023/3/12 17:30,0.756808389
2023/3/12 17:45,0.692336923
2023/3/12 18:00,0.678570094
2023/3/12 18:15,0.655187813
2023/3/12 18:30,0.733891573
2023/3/12 18:45,0.575586024
2023/3/12 19:00,0.695602764
2023/3/12 19:15,0.709136593
2023/3/12 19:30,0.71278923
2023/3/12 19:45,0.592017273
2023/3/12 20:00,0.28436401
2023/3/12 20:15,0.490427287
2023/3/12 20:30,0.714491597
2023/3/12 20:45,0.707309666
2023/3/12 21:00,0.657027566
2023/3/12 21:15,0.521607178
2023/3/12 21:30,0.549461894
2023/3/12 21:45,0.609735168
2023/3/12 22:00,0.492025575
2023/3/12 22:15,0.459406508
2023/3/12 22:30,0.433854859
2023/3/12 22:45,0.48637501
2023/3/12 23:00,0.484250449
2023/3/12 23:15,0.474363414
2023/3/12 23:30,0.487719507
2023/3/12 23:45,0.551171659
2023/3/13 0:00,0.582213781
2023/3/13 0:15,0.486025092
2023/3/13 0:30,0.438294409
2023/3/13 0:45,0.592215497
2023/3/13 1:00,0.592402994
2023/3/13 1:15,0.715683908
2023/3/13 1:30,0.809181394
2023/3/13 1:45,0.74034589
2023/3/13 2:00,0.684195232
2023/3/13 2:15,0.679128446
2023/3/13 2:30,0.616817217
2023/3/13 2:45,0.557866424
2023/3/13 3:00,0.592755034
2023/3/13 3:15,0.715304924
2023/3/13 3:30,0.748884481
2023/3/13 3:45,0.618440474
2023/3/13 4:00,0.538214019
2023/3/13 4:15,0.336083322
2023/3/13 4:30,0.125346583
2023/3/13 4:45,0.161871324
2023/3/13 5:00,0.174336754
2023/3/13 5:15,0.152851947
2023/3/13 5:30,0.075281789
2023/3/13 5:45,0.0442766
2023/3/13 6:00,0.077571293
2023/3/13 6:15,0.143165206
2023/3/13 6:30,0.120580805
2023/3/13 6:45,0.031540503
2023/3/13 7:00,0.070142282
2023/3/13 7:15,0.190325962
2023/3/13 7:30,0.185952141
2023/3/13 7:45,0.173811712
2023/3/13 8:00,0.210615487
2023/3/13 8:15,0.299229518
2023/3/13 8:30,0.345201666
2023/3/13 8:45,0.241772751
2023/3/13 9:00,0.257361901
2023/3/13 9:15,0.291836392
2023/3/13 9:30,0.095171727
2023/3/13 9:45,0.065916254
2023/3/13 10:00,0.045818506
2023/3/13 10:15,0.074003001
2023/3/13 10:30,0.084413485
2023/3/13 10:45,0.12031497
2023/3/13 11:00,0.231784107
2023/3/13 11:15,0.425661286
2023/3/13 11:30,0.493539798
2023/3/13 11:45,0.701134723
2023/3/13 12:00,0.287159934
2023/3/13 12:15,0.319643517
2023/3/13 12:30,0.426739197
2023/3/13 12:45,0.543524774
2023/3/13 13:00,0.479451061
2023/3/13 13:15,0.005712867
2023/3/13 13:30,0.005820576
2023/3/13 13:45,0.005926383
2023/3/13 14:00,0.006029937
2023/3/13 14:15,0.006130874
2023/3/13 14:30,0.006228814
2023/3/13 14:45,0.006323375
2023/3/13 15:00,0.006414171
2023/3/13 15:15,0.006500823
2023/3/13 15:30,0.006582966
2023/3/13 15:45,0.006660257
2023/3/13 16:00,0.006732379
2023/3/13 16:15,0.006799049
2023/3/13 16:30,0.006860022
2023/3/13 16:45,0.006915093
2023/3/13 17:00,0.006964103
2023/3/13 17:15,0.007006938
2023/3/13 17:30,0.007043531
2023/3/13 17:45,0.393268486
2023/3/13 18:00,0.90557067
2023/3/13 18:15,0.905798744
2023/3/13 18:30,0.898023269
2023/3/13 18:45,0.871050278
2023/3/13 19:00,0.781364346
2023/3/13 19:15,0.778047193
2023/3/13 19:30,0.761636502
2023/3/13 19:45,0.54232962
2023/3/13 20:00,0.586166344
2023/3/13 20:15,0.684679332
2023/3/13 20:30,0.717545459
2023/3/13 20:45,0.60814375
2023/3/13 21:00,0.543462958
2023/3/13 21:15,0.559859446
2023/3/13 21:30,0.373777737
2023/3/13 21:45,0.390086743
2023/3/13 22:00,0.498689748
2023/3/13 22:15,0.377941049
2023/3/13 22:30,0.167255867
2023/3/13 22:45,0.120654591
2023/3/13 23:00,0.171499837
2023/3/13 23:15,0.196917127
2023/3/13 23:30,0.218200057
2023/3/13 23:45,0.270820925
2023/3/14 0:00,0.311613991
2023/3/14 0:15,0.319633481
2023/3/14 0:30,0.194960602
2023/3/14 0:45,0.191716429
2023/3/14 1:00,0.094118609
2023/3/14 1:15,0.074993977
2023/3/14 1:30,0.055989484
2023/3/14 1:45,0.048793511
2023/3/14 2:00,0.078881394
2023/3/14 2:15,0.150182441
2023/3/14 2:30,0.181168666
2023/3/14 2:45,0.258977303
2023/3/14 3:00,0.227256261
2023/3/14 3:15,0.176342589
2023/3/14 3:30,0.034493114
2023/3/14 3:45,0.030189722
2023/3/14 4:00,0.032312012
2023/3/14 4:15,0.03323428
2023/3/14 4:30,0.031755215
2023/3/14 4:45,0.030763895
2023/3/14 5:00,0.030746869
2023/3/14 5:15,0.030092913
2023/3/14 5:30,0.028164028
2023/3/14 5:45,0.027016757
2023/3/14 6:00,0.027090453
2023/3/14 6:15,0.027164642
2023/3/14 6:30,0.027239164
2023/3/14 6:45,0.027313852
2023/3/14 7:00,0.027388528
2023/3/14 7:15,0.027463013
2023/3/14 7:30,0.027537131
2023/3/14 7:45,0.027610718
2023/3/14 8:00,0.027683623
2023/3/14 8:15,0.027755721
2023/3/14 8:30,0.027826915
2023/3/14 8:45,0.027897149
2023/3/14 9:00,0.027966408
2023/3/14 9:15,0.028034722
2023/3/14 9:30,0.028102174
2023/3/14 9:45,0.028168889
2023/3/14 10:00,0.028235044
2023/3/14 10:15,0.028300855
2023/3/14 10:30,0.02836657
2023/3/14 10:45,0.028432468
2023/3/14 11:00,0.028498838
2023/3/14 11:15,0.028565974
2023/3/14 11:30,0.028634161
2023/3/14 11:45,0.028703662
2023/3/14 12:00,0.031825186
2023/3/14 12:15,0.030185964
2023/3/14 12:30,0.031223011
2023/3/14 12:45,0.03315056
2023/3/14 13:00,0.045646608
2023/3/14 13:15,0.045302643
2023/3/14 13:30,0.041342063
2023/3/14 13:45,0.058341596
2023/3/14 14:00,0.154886546
2023/3/14 14:15,0.158648245
2023/3/14 14:30,0.235484602
2023/3/14 14:45,0.216678243
2023/3/14 15:00,0.166767944
2023/3/14 15:15,0.187451687
2023/3/14 15:30,0.233097572
2023/3/14 15:45,0.333731293
2023/3/14 16:00,0.32066249
2023/3/14 16:15,0.366405159
2023/3/14 16:30,0.178694836
2023/3/14 16:45,0.115416408
2023/3/14 17:00,0.058096739
2023/3/14 17:15,0.048685345
2023/3/14 17:30,0.037659446
2023/3/14 17:45,0.032767673
2023/3/14 18:00,0.03067377
2023/3/14 18:15,0.029664854
2023/3/14 18:30,0.027952461
2023/3/14 18:45,0.029607697
2023/3/14 19:00,0.033447009
2023/3/14 19:15,0.035656256
2023/3/14 19:30,0.039830164
2023/3/14 19:45,0.020013398
2023/3/14 20:00,0.018516515
2023/3/14 20:15,0.029390485
2023/3/14 20:30,0.076220284
2023/3/14 20:45,0.388989087
2023/3/14 21:00,0.859873637
2023/3/14 21:15,0.894550507
2023/3/14 21:30,0.883364243
2023/3/14 21:45,0.914289165
2023/3/14 22:00,0.91811994
2023/3/14 22:15,0.297120894
2023/3/14 22:30,0.018418969
2023/3/14 22:45,0.018428024
2023/3/14 23:00,0.018440306
2023/3/14 23:15,0.050200161
2023/3/14 23:30,0.151324167
2023/3/14 23:45,0.161373748
2023/3/15 0:00,0.195702639
2023/3/15 0:15,0.18328124
2023/3/15 0:30,0.185419183
2023/3/15 0:45,0.19047538
2023/3/15 1:00,0.226734347
2023/3/15 1:15,0.227305749
2023/3/15 1:30,0.211170882
2023/3/15 1:45,0.229899892
2023/3/15 2:00,0.454058533
2023/3/15 2:15,0.545622106
2023/3/15 2:30,0.967520311
2023/3/15 2:45,0.961738685
2023/3/15 3:00,0.986014439
2023/3/15 3:15,0.986579585
2023/3/15 3:30,1
2023/3/15 3:45,0.93671276
2023/3/15 4:00,0.266386118
2023/3/15 4:15,0.736353399
2023/3/15 4:30,0.999680231
2023/3/15 4:45,1
2023/3/15 5:00,1
2023/3/15 5:15,0.988904908
2023/3/15 5:30,0.98072186
2023/3/15 5:45,0.978430351
2023/3/15 6:00,0.979153952
2023/3/15 6:15,0.676620667
2023/3/15 6:30,0.844165848
2023/3/15 6:45,0.741528656
2023/3/15 7:00,0.961217028
2023/3/15 7:15,0.944142229
2023/3/15 7:30,0.946541594
2023/3/15 7:45,0.937941815
2023/3/15 8:00,0.929003513
2023/3/15 8:15,0.92502667
2023/3/15 8:30,0.92565925
2023/3/15 8:45,0.92405166
2023/3/15 9:00,0.923693823
2023/3/15 9:15,0.922120741
2023/3/15 9:30,0.921329173
2023/3/15 9:45,0.923446068
2023/3/15 10:00,0.913830319
2023/3/15 10:15,0.537239274
2023/3/15 10:30,0.024962299
2023/3/15 10:45,0.025047374
2023/3/15 11:00,0.025144527
2023/3/15 11:15,0.024999014
2023/3/15 11:30,0.025306532
2023/3/15 11:45,0.028313083
2023/3/15 12:00,0.038768233
2023/3/15 12:15,0.039282819
2023/3/15 12:30,0.040400286
2023/3/15 12:45,0.040923138
2023/3/15 13:00,0.040259458
2023/3/15 13:15,0.038694774
2023/3/15 13:30,0.035330681
2023/3/15 13:45,0.032996876
2023/3/15 14:00,0.032726103
2023/3/15 14:15,0.444750969
2023/3/15 14:30,0.4605459
2023/3/15 14:45,0.801667318
2023/3/15 15:00,0.8027364
2023/3/15 15:15,0.42352324
2023/3/15 15:30,0.47056238
2023/3/15 15:45,0.547376
2023/3/15 16:00,0.776063791
2023/3/15 16:15,0.860108452
2023/3/15 16:30,0.82094534
2023/3/15 16:45,0.89815968
2023/3/15 17:00,0.846365471
2023/3/15 17:15,0.574269732
2023/3/15 17:30,0.520549775
2023/3/15 17:45,0.531190328
2023/3/15 18:00,0.502303838
2023/3/15 18:15,0.686409505
2023/3/15 18:30,0.508418422
2023/3/15 18:45,0.408234622
2023/3/15 19:00,0.380341035
2023/3/15 19:15,0.460640672
2023/3/15 19:30,0.450966117
2023/3/15 19:45,0.439118335
2023/3/15 20:00,0.574764983
2023/3/15 20:15,0.531746129
2023/3/15 20:30,0.756729167
2023/3/15 20:45,0.62239886
2023/3/15 21:00,0.760054775
2023/3/15 21:15,0.467971193
2023/3/15 21:30,0.412350169
2023/3/15 21:45,0.408488701
2023/3/15 22:00,0.294060201
2023/3/15 22:15,0.213215196
2023/3/15 22:30,0.643927322
2023/3/15 22:45,0.186743618
2023/3/15 23:00,0.570494715
2023/3/15 23:15,0.324134877
2023/3/15 23:30,0.594713516
2023/3/15 23:45,0.266567483
2023/3/16 0:00,0.36616984
2023/3/16 0:15,0.472030831
2023/3/16 0:30,0.433323869
2023/3/16 0:45,0.317485754
2023/3/16 1:00,0.191982776
2023/3/16 1:15,0.201438367
2023/3/16 1:30,0.248200742
2023/3/16 1:45,0.140181243
2023/3/16 2:00,0.016805611
2023/3/16 2:15,0.017577822
2023/3/16 2:30,0.021845948
2023/3/16 2:45,0.019201087
2023/3/16 3:00,0.025361227
2023/3/16 3:15,0.035114325
2023/3/16 3:30,0.045229494
2023/3/16 3:45,0.03797298
2023/3/16 4:00,0.037551419
2023/3/16 4:15,0.047874533
2023/3/16 4:30,0.057476044
2023/3/16 4:45,0.051383633
2023/3/16 5:00,0.097133025
2023/3/16 5:15,0.118173776
2023/3/16 5:30,0.295091035
2023/3/16 5:45,0.254329186
2023/3/16 6:00,0.220607414
2023/3/16 6:15,0.204772814
2023/3/16 6:30,0.254701508
2023/3/16 6:45,0.286049768
2023/3/16 7:00,0.24257533
2023/3/16 7:15,0.279447798
2023/3/16 7:30,0.261357634
2023/3/16 7:45,0.331320695
2023/3/16 8:00,0.326618641
2023/3/16 8:15,0.032798657
2023/3/16 8:30,0.033376153
2023/3/16 8:45,0.038901085
2023/3/16 9:00,0.041364502
2023/3/16 9:15,0.028838262
2023/3/16 9:30,0.021508503
2023/3/16 9:45,0.020022735
2023/3/16 10:00,0.030074636
2023/3/16 10:15,0.247492023
2023/3/16 10:30,0.511158551
2023/3/16 10:45,0.700901702
2023/3/16 11:00,0.72310005
2023/3/16 11:15,0.530045256
2023/3/16 11:30,0.563571509
2023/3/16 11:45,0.693475632
2023/3/16 12:00,0.315302198
2023/3/16 12:15,0.388880113
2023/3/16 12:30,0.654548246
2023/3/16 12:45,0.729795649
2023/3/16 13:00,0.515562523
2023/3/16 13:15,0.65169094
2023/3/16 13:30,0.314027137
2023/3/16 13:45,0.101281456
2023/3/16 14:00,0.041258803
2023/3/16 14:15,0.060690267
2023/3/16 14:30,0.071802985
2023/3/16 14:45,0.064591982
2023/3/16 15:00,0.072748737
2023/3/16 15:15,0.063495106
2023/3/16 15:30,0.058925114
2023/3/16 15:45,0.060770303
2023/3/16 16:00,0.0737562
2023/3/16 16:15,0.052641484
2023/3/16 16:30,0.191086341
2023/3/16 16:45,0.154619549
2023/3/16 17:00,0.060953866
2023/3/16 17:15,0.054123243
2023/3/16 17:30,0.060648514
2023/3/16 17:45,0.047246812
2023/3/16 18:00,0.039549303
2023/3/16 18:15,0.031847308
2023/3/16 18:30,0.259339818
2023/3/16 18:45,0.209644998
2023/3/16 19:00,0.027769114
2023/3/16 19:15,0.299313701
2023/3/16 19:30,0.450469647
2023/3/16 19:45,0.745026116
2023/3/16 20:00,0.916462833
2023/3/16 20:15,0.91658396
2023/3/16 20:30,0.91125888
2023/3/16 20:45,0.869475716
2023/3/16 21:00,0.739000548
2023/3/16 21:15,0.633238344
2023/3/16 21:30,0.380957691
2023/3/16 21:45,0.592544291
2023/3/16 22:00,0.551416422
2023/3/16 22:15,0.63206322
2023/3/16 22:30,0.623442247
2023/3/16 22:45,0.52714175
2023/3/16 23:00,0.48980543
2023/3/16 23:15,0.43674542
2023/3/16 23:30,0.352973283
2023/3/16 23:45,0.444671382
2023/3/17 0:00,0.558933674
2023/3/17 0:15,0.484507161
2023/3/17 0:30,0.426811989
2023/3/17 0:45,0.207005635
2023/3/17 1:00,0.599658254
2023/3/17 1:15,0.492355074
2023/3/17 1:30,0.535361595
2023/3/17 1:45,0.516295862
2023/3/17 2:00,0.540870401
2023/3/17 2:15,0.581106769
2023/3/17 2:30,0.576359007
2023/3/17 2:45,0.481497282
2023/3/17 3:00,0.35544803
2023/3/17 3:15,0.455036503
2023/3/17 3:30,0.424048172
2023/3/17 3:45,0.453200785
2023/3/17 4:00,0.457715664
2023/3/17 4:15,0.3747091
2023/3/17 4:30,0.353692583
2023/3/17 4:45,0.308098117
2023/3/17 5:00,0.380668769
2023/3/17 5:15,0.401116779
2023/3/17 5:30,0.549639535
2023/3/17 5:45,0.590369443
2023/3/17 6:00,0.73313043
2023/3/17 6:15,0.336097203
2023/3/17 6:30,0.225909031
2023/3/17 6:45,0.250855523
2023/3/17 7:00,0.328117714
2023/3/17 7:15,0.346977514
2023/3/17 7:30,0.423251542
2023/3/17 7:45,0.553219162
2023/3/17 8:00,0.563855959
2023/3/17 8:15,0.512974496
2023/3/17 8:30,0.575116354
2023/3/17 8:45,0.465025017
2023/3/17 9:00,0.452330628
2023/3/17 9:15,0.353630764
2023/3/17 9:30,0.268824819
2023/3/17 9:45,0.305320602
2023/3/17 10:00,0.42310521
2023/3/17 10:15,0.452034467
2023/3/17 10:30,0.450272759
2023/3/17 10:45,0.452667763
2023/3/17 11:00,0.36331893
2023/3/17 11:15,0.449007302
2023/3/17 11:30,0.561737035
2023/3/17 11:45,0.443245548
2023/3/17 12:00,0.415633256
2023/3/17 12:15,0.434712524
2023/3/17 12:30,0.479657589
2023/3/17 12:45,0.452870361
2023/3/17 13:00,0.486558337
2023/3/17 13:15,0.489787269
2023/3/17 13:30,0.463237963
2023/3/17 13:45,0.407587251
2023/3/17 14:00,0.384471594
2023/3/17 14:15,0.460590085
2023/3/17 14:30,0.485358284
2023/3/17 14:45,0.492910061
2023/3/17 15:00,0.472577751
2023/3/17 15:15,0.401909556
2023/3/17 15:30,0.438353039
2023/3/17 15:45,0.43454963
2023/3/17 16:00,0.456948767
2023/3/17 16:15,0.462055797
2023/3/17 16:30,0.423047236
2023/3/17 16:45,0.468893669
2023/3/17 17:00,0.495266785
2023/3/17 17:15,0.430263061
2023/3/17 17:30,0.453282315
2023/3/17 17:45,0.556533942
2023/3/17 18:00,0.557337376
2023/3/17 18:15,0.606053157
2023/3/17 18:30,0.584920048
2023/3/17 18:45,0.656349173
2023/3/17 19:00,0.633693907
2023/3/17 19:15,0.617569798
2023/3/17 19:30,0.54976188
2023/3/17 19:45,0.636189453
2023/3/17 20:00,0.870318111
2023/3/17 20:15,0.738720951
2023/3/17 20:30,0.840518831
2023/3/17 20:45,0.802920521
2023/3/17 21:00,0.528188527
2023/3/17 21:15,0.221397166
2023/3/17 21:30,0.111824995
2023/3/17 21:45,0.188630149
2023/3/17 22:00,0.028617628
2023/3/17 22:15,0.029133694
2023/3/17 22:30,0.031953799
2023/3/17 22:45,0.204556638
2023/3/17 23:00,0.176461186
2023/3/17 23:15,0.222295746
2023/3/17 23:30,0.432863833
2023/3/17 23:45,0.024889976
2023/3/18 0:00,0.037547544
2023/3/18 0:15,0.031719774
2023/3/18 0:30,0.313006938
2023/3/18 0:45,0.932640911
2023/3/18 1:00,0.940251075
2023/3/18 1:15,0.870734414
2023/3/18 1:30,0.935126084
2023/3/18 1:45,0.943233642
2023/3/18 2:00,0.936192323
2023/3/18 2:15,0.940887035
2023/3/18 2:30,0.869191241
2023/3/18 2:45,0.832458833
2023/3/18 3:00,0.629625724
2023/3/18 3:15,0.853536601
2023/3/18 3:30,0.891700314
2023/3/18 3:45,0.83872585
2023/3/18 4:00,0.883651146
2023/3/18 4:15,0.422233265
2023/3/18 4:30,0.045304195
2023/3/18 4:45,0.032985364
2023/3/18 5:00,0.039841638
2023/3/18 5:15,0.0399178
2023/3/18 5:30,0.922694544
2023/3/18 5:45,0.925311613
2023/3/18 6:00,0.639411566
2023/3/18 6:15,0.251544618
2023/3/18 6:30,0.067644735
2023/3/18 6:45,0.034119037
2023/3/18 7:00,0.071653206
2023/3/18 7:15,0.110023071
2023/3/18 7:30,0.043647765
2023/3/18 7:45,0.044894236
2023/3/18 8:00,0.040626548
2023/3/18 8:15,0.03264632
2023/3/18 8:30,0.043378196
2023/3/18 8:45,0.032919183
2023/3/18 9:00,0.041296479
2023/3/18 9:15,0.038221576
2023/3/18 9:30,0.035991974
2023/3/18 9:45,0.041954176
2023/3/18 10:00,0.036291329
2023/3/18 10:15,0.031283543
2023/3/18 10:30,0.035234466
2023/3/18 10:45,0.038289797
2023/3/18 11:00,0.03363831
2023/3/18 11:15,0.041186716
2023/3/18 11:30,0.231512378
2023/3/18 11:45,0.930957238
2023/3/18 12:00,0.91229831
2023/3/18 12:15,0.900910017
2023/3/18 12:30,0.893431513
2023/3/18 12:45,0.87348136
2023/3/18 13:00,0.886571983
2023/3/18 13:15,0.883594513
2023/3/18 13:30,0.622533644
2023/3/18 13:45,0.866583753
2023/3/18 14:00,0.829329626
2023/3/18 14:15,0.851301313
2023/3/18 14:30,0.80713948
2023/3/18 14:45,0.150132636
2023/3/18 15:00,0.008851573
2023/3/18 15:15,0.405180083
2023/3/18 15:30,0.749574601
2023/3/18 15:45,0.651927272
2023/3/18 16:00,0.589012039
2023/3/18 16:15,0.501498375
2023/3/18 16:30,0.506726954
2023/3/18 16:45,0.421380851
2023/3/18 17:00,0.326718431
2023/3/18 17:15,0.364169972
2023/3/18 17:30,0.174137939
2023/3/18 17:45,0.160512054
2023/3/18 18:00,0.200713581
2023/3/18 18:15,0.155496683
2023/3/18 18:30,0.132620274
2023/3/18 18:45,0.106325106
2023/3/18 19:00,0.077282246
2023/3/18 19:15,0.13755827
2023/3/18 19:30,0.116821172
2023/3/18 19:45,0.09654214
2023/3/18 20:00,0.0563693
2023/3/18 20:15,0.028778182
2023/3/18 20:30,0.009352123
2023/3/18 20:45,0
2023/3/18 21:00,0.002670368
2023/3/18 21:15,0.005692356
2023/3/18 21:30,0.006237555
2023/3/18 21:45,0.025533858
2023/3/18 22:00,0.051077829
2023/3/18 22:15,0.062399605
2023/3/18 22:30,0.108867565
2023/3/18 22:45,0.103416304
2023/3/18 23:00,0.056776039
2023/3/18 23:15,0.051580655
2023/3/18 23:30,0.038693665
2023/3/18 23:45,0.027809834
2023/3/19 0:00,0.008542487
2023/3/19 0:15,0.011371543
2023/3/19 0:30,0.045269116
2023/3/19 0:45,0.163742836
2023/3/19 1:00,0.106564734
2023/3/19 1:15,0.233571036
2023/3/19 1:30,0.221064645
2023/3/19 1:45,0.116485128
2023/3/19 2:00,0.032682737
2023/3/19 2:15,0.053282305
2023/3/19 2:30,0.096094306
2023/3/19 2:45,0.17123864
2023/3/19 3:00,0.127186329
2023/3/19 3:15,0.204271205
2023/3/19 3:30,0.149332251
2023/3/19 3:45,0.085934594
2023/3/19 4:00,0.070585175
2023/3/19 4:15,0.088608681
2023/3/19 4:30,0.183049432
2023/3/19 4:45,0.187950552
2023/3/19 5:00,0.242250754
2023/3/19 5:15,0.209899432
2023/3/19 5:30,0.179314674
2023/3/19 5:45,0.173674623
2023/3/19 6:00,0.131003964
2023/3/19 6:15,0.13147651
2023/3/19 6:30,0.099080925
2023/3/19 6:45,0.120683104
2023/3/19 7:00,0.115266476
2023/3/19 7:15,0.090245673
2023/3/19 7:30,0.055397201
2023/3/19 7:45,0.064063441
2023/3/19 8:00,0.082389663
2023/3/19 8:15,0.052256251
2023/3/19 8:30,0.032925034
2023/3/19 8:45,0.010170746
2023/3/19 9:00,0.023240612
2023/3/19 9:15,0.048123999
2023/3/19 9:30,0.117361024
2023/3/19 9:45,0.166041836
2023/3/19 10:00,0.242618614
2023/3/19 10:15,0.140792642
2023/3/19 10:30,0.248418517
2023/3/19 10:45,0.39303151
2023/3/19 11:00,0.531251651
2023/3/19 11:15,0.44364151
2023/3/19 11:30,0.545804299
2023/3/19 11:45,0.735376349
2023/3/19 12:00,0.784383134
2023/3/19 12:15,0.798236864
2023/3/19 12:30,0.712121518
2023/3/19 12:45,0.719956458
2023/3/19 13:00,0.671404143
2023/3/19 13:15,0.58014815
2023/3/19 13:30,0.523400846
2023/3/19 13:45,0.582450622
2023/3/19 14:00,0.717585426
2023/3/19 14:15,0.573455342
2023/3/19 14:30,0.54769494
2023/3/19 14:45,0.553965666
2023/3/19 15:00,0.549853039
2023/3/19 15:15,0.559863984
2023/3/19 15:30,0.641022257
2023/3/19 15:45,0.608822669
2023/3/19 16:00,0.556125748
2023/3/19 16:15,0.431038825
2023/3/19 16:30,0.620287956
2023/3/19 16:45,0.553162412
2023/3/19 17:00,0.501732391
2023/3/19 17:15,0.466102421
2023/3/19 17:30,0.584172267
2023/3/19 17:45,0.681658644
2023/3/19 18:00,0.763686294
2023/3/19 18:15,0.727742898
2023/3/19 18:30,0.612589531
2023/3/19 18:45,0.607398024
2023/3/19 19:00,0.551317517
2023/3/19 19:15,0.428878805
2023/3/19 19:30,0.371436115
2023/3/19 19:45,0.350395968
2023/3/19 20:00,0.223909394
2023/3/19 20:15,0.293454957
2023/3/19 20:30,0.169620984
2023/3/19 20:45,0.109508469
2023/3/19 21:00,0.124172459
2023/3/19 21:15,0.12792847
2023/3/19 21:30,0.11617405
2023/3/19 21:45,0.106680261
2023/3/19 22:00,0.106221408
2023/3/19 22:15,0.162414095
2023/3/19 22:30,0.163197281
2023/3/19 22:45,0.094936992
2023/3/19 23:00,0.077669188
2023/3/19 23:15,0.062390188
2023/3/19 23:30,0.061207282
2023/3/19 23:45,0.067149621
2023/3/20 0:00,0.017347226
2023/3/20 0:15,0.017194329
2023/3/20 0:30,0.019421952
2023/3/20 0:45,0.034834989
2023/3/20 1:00,0.055917096
2023/3/20 1:15,0.087442809
2023/3/20 1:30,0.064396108
2023/3/20 1:45,0.029952666
2023/3/20 2:00,0.097027288
2023/3/20 2:15,0.117642364
2023/3/20 2:30,0.496818959
2023/3/20 2:45,0.376372103
2023/3/20 3:00,0.28502677
2023/3/20 3:15,0.298127049
2023/3/20 3:30,0.278581435
2023/3/20 3:45,0.279051152
2023/3/20 4:00,0.329643345
2023/3/20 4:15,0.2892109
2023/3/20 4:30,0.322773231
2023/3/20 4:45,0.263442714
2023/3/20 5:00,0.313826461
2023/3/20 5:15,0.300204982
2023/3/20 5:30,0.26485732
2023/3/20 5:45,0.243313565
2023/3/20 6:00,0.221325632
2023/3/20 6:15,0.218814606
2023/3/20 6:30,0.134411378
2023/3/20 6:45,0.130587485
2023/3/20 7:00,0.101847969
2023/3/20 7:15,0.075630512
2023/3/20 7:30,0.146259463
2023/3/20 7:45,0.168086884
2023/3/20 8:00,0.144901563
2023/3/20 8:15,0.140213155
2023/3/20 8:30,0.12221254
2023/3/20 8:45,0.136532029
2023/3/20 9:00,0.092278182
2023/3/20 9:15,0.087155934
2023/3/20 9:30,0.08848908
2023/3/20 9:45,0.131609772
2023/3/20 10:00,0.159621402
2023/3/20 10:15,0.012692824
2023/3/20 10:30,0.01259514
2023/3/20 10:45,0.012496804
2023/3/20 11:00,0.012398221
2023/3/20 11:15,0.012299772
2023/3/20 11:30,0.012201805
2023/3/20 11:45,0.012104643
2023/3/20 12:00,0.024616912
2023/3/20 12:15,0.021922025
2023/3/20 12:30,0.017015083
2023/3/20 12:45,0.016370475
2023/3/20 13:00,0.017160762
2023/3/20 13:15,0.152311439
2023/3/20 13:30,0.09803538
2023/3/20 13:45,0.063419777
2023/3/20 14:00,0.019083685
2023/3/20 14:15,0.010405565
2023/3/20 14:30,0.006884618
2023/3/20 14:45,0.00474281
2023/3/20 15:00,0.003684834
2023/3/20 15:15,0.003668584
2023/3/20 15:30,0.003656762
2023/3/20 15:45,0.0036493
2023/3/20 16:00,0.003646106
2023/3/20 16:15,0.003647063
2023/3/20 16:30,0.00365203
2023/3/20 16:45,0.003660849
2023/3/20 17:00,0.003673346
2023/3/20 17:15,0.003689339
2023/3/20 17:30,0.00370864
2023/3/20 17:45,0.00373106
2023/3/20 18:00,0.003756419
2023/3/20 18:15,0.003784542
2023/3/20 18:30,0.053416348
2023/3/20 18:45,0.093067059
2023/3/20 19:00,0.146211075
2023/3/20 19:15,0.099060017
2023/3/20 19:30,0.11950211
2023/3/20 19:45,0.081717239
2023/3/20 20:00,0.062326845
2023/3/20 20:15,0.089073504
2023/3/20 20:30,0.084003739
2023/3/20 20:45,0.118008748
2023/3/20 21:00,0.241479838
2023/3/20 21:15,0.268550536
2023/3/20 21:30,0.29940559
2023/3/20 21:45,0.525792527
2023/3/20 22:00,0.589567045
2023/3/20 22:15,0.500674069
2023/3/20 22:30,0.415020278
2023/3/20 22:45,0.447589505
2023/3/20 23:00,0.502885069
2023/3/20 23:15,0.421473333
2023/3/20 23:30,0.441556708
2023/3/20 23:45,0.475062706
2023/3/21 0:00,0.467090682
2023/3/21 0:15,0.375394142
2023/3/21 0:30,0.320397817
2023/3/21 0:45,0.252588736
2023/3/21 1:00,0.236008921
2023/3/21 1:15,0.237266246
2023/3/21 1:30,0.269052921
2023/3/21 1:45,0.333789498
2023/3/21 2:00,0.388345169
2023/3/21 2:15,0.401678327
2023/3/21 2:30,0.404172029
2023/3/21 2:45,0.389753685
2023/3/21 3:00,0.429222253
2023/3/21 3:15,0.467523984
2023/3/21 3:30,0.515401385
2023/3/21 3:45,0.579161916
2023/3/21 4:00,0.579984401
2023/3/21 4:15,0.609318342
2023/3/21 4:30,0.543757021
2023/3/21 4:45,0.481264585
2023/3/21 5:00,0.426270152
2023/3/21 5:15,0.446680343
2023/3/21 5:30,0.458907285
2023/3/21 5:45,0.44813894
2023/3/21 6:00,0.446928682
2023/3/21 6:15,0.491115739
2023/3/21 6:30,0.528349549
2023/3/21 6:45,0.542607784
2023/3/21 7:00,0.556695547
2023/3/21 7:15,0.535024992
2023/3/21 7:30,0.481852556
2023/3/21 7:45,0.451340676
2023/3/21 8:00,0.50653762
2023/3/21 8:15,0.537319407
2023/3/21 8:30,0.483786165
2023/3/21 8:45,0.470403836
2023/3/21 9:00,0.399061469
2023/3/21 9:15,0.333461118
2023/3/21 9:30,0.281125826
2023/3/21 9:45,0.291680183
2023/3/21 10:00,0.349347352
2023/3/21 10:15,0.402765459
2023/3/21 10:30,0.485685476
2023/3/21 10:45,0.497247162
2023/3/21 11:00,0.522528847
2023/3/21 11:15,0.442274154
2023/3/21 11:30,0.501053302
2023/3/21 11:45,0.477984554
2023/3/21 12:00,0.46538626
2023/3/21 12:15,0.401624626
2023/3/21 12:30,0.348584208
2023/3/21 12:45,0.242033084
2023/3/21 13:00,0.169263656
2023/3/21 13:15,0.156029862
2023/3/21 13:30,0.087539054
2023/3/21 13:45,0.032936495
2023/3/21 14:00,0
2023/3/21 14:15,0.007879765
2023/3/21 14:30,0.043799125
2023/3/21 14:45,0.092268228
2023/3/21 15:00,0.061577926
2023/3/21 15:15,0.048574341
2023/3/21 15:30,0
2023/3/21 15:45,0
2023/3/21 16:00,3.47E-18
2023/3/21 16:15,0
2023/3/21 16:30,0
2023/3/21 16:45,0
2023/3/21 17:00,0
2023/3/21 17:15,0
2023/3/21 17:30,0.041858783
2023/3/21 17:45,0.075101128
2023/3/21 18:00,0.113750123
2023/3/21 18:15,0.15726313
2023/3/21 18:30,0.229381392
2023/3/21 18:45,0.25708554
2023/3/21 19:00,0.288288881
2023/3/21 19:15,0.25577663
2023/3/21 19:30,0.240221002
2023/3/21 19:45,0.269089354
2023/3/21 20:00,0.360653797
2023/3/21 20:15,0.328273095
2023/3/21 20:30,0.242141612
2023/3/21 20:45,0.491495379
2023/3/21 21:00,0.717170388
2023/3/21 21:15,0.754313152
2023/3/21 21:30,0.435807544
2023/3/21 21:45,0.569625415
2023/3/21 22:00,0.675140593
2023/3/21 22:15,0.687555497
2023/3/21 22:30,0.600618279
2023/3/21 22:45,0.43243661
2023/3/21 23:00,0.449462295
2023/3/21 23:15,0.465165916
2023/3/21 23:30,0.524583155
2023/3/21 23:45,0.545357977
2023/3/22 0:00,0.576847006
2023/3/22 0:15,0.635946505
2023/3/22 0:30,0.61234053
2023/3/22 0:45,0.637671824
2023/3/22 1:00,0.692865897
2023/3/22 1:15,0.67593305
2023/3/22 1:30,0.685072141
2023/3/22 1:45,0.623738701
2023/3/22 2:00,0.635448523
2023/3/22 2:15,0.625433742
2023/3/22 2:30,0.613232354
2023/3/22 2:45,0.608560649
2023/3/22 3:00,0.618239458
2023/3/22 3:15,0.587094709
2023/3/22 3:30,0.573794018
2023/3/22 3:45,0.59452194
2023/3/22 4:00,0.570332442
2023/3/22 4:15,0.51602855
2023/3/22 4:30,0.488101643
2023/3/22 4:45,0.518192181
2023/3/22 5:00,0.567691607
2023/3/22 5:15,0.628229091
2023/3/22 5:30,0.648877115
2023/3/22 5:45,0.69325116
2023/3/22 6:00,0.733992899
2023/3/22 6:15,0.683629542
2023/3/22 6:30,0.663333675
2023/3/22 6:45,0.732922167
2023/3/22 7:00,0.658883391
2023/3/22 7:15,0.602096502
2023/3/22 7:30,0.593753874
2023/3/22 7:45,0.698971242
2023/3/22 8:00,0.689429308
2023/3/22 8:15,0.710145433
2023/3/22 8:30,0.636809994
2023/3/22 8:45,0.643959841
2023/3/22 9:00,0.592207215
2023/3/22 9:15,0.556216866
2023/3/22 9:30,0.483102907
2023/3/22 9:45,0.505201425
2023/3/22 10:00,0.56687626
2023/3/22 10:15,0.611524841
2023/3/22 10:30,0.6716125
2023/3/22 10:45,0.60169842
2023/3/22 11:00,0.629268004
2023/3/22 11:15,0.64472575
2023/3/22 11:30,0.449281372
2023/3/22 11:45,0.351177861
2023/3/22 12:00,0.203853864
2023/3/22 12:15,0.123410284
2023/3/22 12:30,0.231223144
2023/3/22 12:45,0.173278118
2023/3/22 13:00,0.155939721
2023/3/22 13:15,0.142828664
2023/3/22 13:30,0.195528603
2023/3/22 13:45,0.368332745
2023/3/22 14:00,0.375183692
2023/3/22 14:15,0.341748631
2023/3/22 14:30,0.325533448
2023/3/22 14:45,0.244445568
2023/3/22 15:00,0.242542959
2023/3/22 15:15,0.229288911
2023/3/22 15:30,0.215335908
2023/3/22 15:45,0.266953884
2023/3/22 16:00,0.342069951
2023/3/22 16:15,0.235861195
2023/3/22 16:30,0.216473422
2023/3/22 16:45,0.255095813
2023/3/22 17:00,0.235865222
2023/3/22 17:15,0.254935139
2023/3/22 17:30,0.119328258
2023/3/22 17:45,0.270532352
2023/3/22 18:00,0.332011052
2023/3/22 18:15,0.197711418
2023/3/22 18:30,0.304114128
2023/3/22 18:45,0.428082329
2023/3/22 19:00,0.493273648
2023/3/22 19:15,0.587191199
2023/3/22 19:30,0.759556006
2023/3/22 19:45,0.891687075
2023/3/22 20:00,0.86030382
2023/3/22 20:15,0.825743907
2023/3/22 20:30,0.582117506
2023/3/22 20:45,0.528960856
2023/3/22 21:00,0.510193426
2023/3/22 21:15,0.495632702
2023/3/22 21:30,0.334117481
2023/3/22 21:45,0.343308256
2023/3/22 22:00,0.298004382
2023/3/22 22:15,0.294567068
2023/3/22 22:30,0.202813681
2023/3/22 22:45,0.160693972
2023/3/22 23:00,0.151381525
2023/3/22 23:15,0.116461182
2023/3/22 23:30,0.041134083
2023/3/22 23:45,0.011381141
2023/3/23 0:00,0
2023/3/23 0:15,0
2023/3/23 0:30,0
2023/3/23 0:45,0.009220241
2023/3/23 1:00,0.021608279
2023/3/23 1:15,0.016376716
2023/3/23 1:30,0.022126753
2023/3/23 1:45,0.025260321
2023/3/23 2:00,0.01532656
2023/3/23 2:15,0.044815283
2023/3/23 2:30,0.025052008
2023/3/23 2:45,0.016940559
2023/3/23 3:00,0.045152901
2023/3/23 3:15,0.064350738
2023/3/23 3:30,0
2023/3/23 3:45,0
2023/3/23 4:00,0
2023/3/23 4:15,0
2023/3/23 4:30,0
2023/3/23 4:45,0
2023/3/23 5:00,0
2023/3/23 5:15,0
2023/3/23 5:30,0
2023/3/23 5:45,0
2023/3/23 6:00,0.025725993
2023/3/23 6:15,0.003251224
2023/3/23 6:30,0
2023/3/23 6:45,0
2023/3/23 7:00,0
2023/3/23 7:15,0
2023/3/23 7:30,0.056450871
2023/3/23 7:45,0.098656518
2023/3/23 8:00,0.077423476
2023/3/23 8:15,0.069237388
2023/3/23 8:30,0.073566783
2023/3/23 8:45,0.054769867
2023/3/23 9:00,0.039533285
2023/3/23 9:15,0.045010376
2023/3/23 9:30,0.052058268
2023/3/23 9:45,0.076781272
2023/3/23 10:00,0.058685595
2023/3/23 10:15,0.056888765
2023/3/23 10:30,0.054840261
2023/3/23 10:45,0.075463752
2023/3/23 11:00,0.05994718
2023/3/23 11:15,0.056358539
2023/3/23 11:30,0.041693428
2023/3/23 11:45,0.049283209
2023/3/23 12:00,0.048731772
2023/3/23 12:15,0.047741543
2023/3/23 12:30,0.040039046
2023/3/23 12:45,0.034697199
2023/3/23 13:00,0.034079969
2023/3/23 13:15,0.036065207
2023/3/23 13:30,0.043258654
2023/3/23 13:45,0.047160074
2023/3/23 14:00,0.044480556
2023/3/23 14:15,0.042505418
2023/3/23 14:30,0.041941901
2023/3/23 14:45,0.042056581
2023/3/23 15:00,0.043530191
2023/3/23 15:15,0.095630524
2023/3/23 15:30,0.150370355
2023/3/23 15:45,0.198355322
2023/3/23 16:00,0.301258026
2023/3/23 16:15,0.354391886
2023/3/23 16:30,0.374437974
2023/3/23 16:45,0.216918952
2023/3/23 17:00,0.148650043
2023/3/23 17:15,0.134983742
2023/3/23 17:30,0.142032664
2023/3/23 17:45,0.114322274
2023/3/23 18:00,0.09222197
2023/3/23 18:15,0.096108705
2023/3/23 18:30,0.060238472
2023/3/23 18:45,0.031045382
2023/3/23 19:00,0.012631853
2023/3/23 19:15,0.012610687
2023/3/23 19:30,0.012589505
2023/3/23 19:45,0.01256842
2023/3/23 20:00,0.012547565
2023/3/23 20:15,0.012527093
2023/3/23 20:30,0.012507181
2023/3/23 20:45,0.012488025
2023/3/23 21:00,0.012469843
2023/3/23 21:15,0.012452868
2023/3/23 21:30,0.012437347
2023/3/23 21:45,0.012423537
2023/3/23 22:00,0.012411694
2023/3/23 22:15,0.012402073
2023/3/23 22:30,0.012394917
2023/3/23 22:45,0.012390451
2023/3/23 23:00,0.012388874
2023/3/23 23:15,0.012390355
2023/3/23 23:30,0.012395021
2023/3/23 23:45,0.012402956
2023/3/24 0:00,0.036326363
2023/3/24 0:15,0.042094696
2023/3/24 0:30,0.05003582
2023/3/24 0:45,0.055417978
2023/3/24 1:00,0.055682809
2023/3/24 1:15,0.055642834
2023/3/24 1:30,0.054994199
2023/3/24 1:45,0.063653388
2023/3/24 2:00,0.064409353
2023/3/24 2:15,0.060209341
2023/3/24 2:30,0.061786304
2023/3/24 2:45,0.039542457
2023/3/24 3:00,0.056814757
2023/3/24 3:15,0.068256636
2023/3/24 3:30,0.067886372
2023/3/24 3:45,0.086227439
2023/3/24 4:00,0.198018139
2023/3/24 4:15,0.237280722
2023/3/24 4:30,0.266631086
2023/3/24 4:45,0.221170867
2023/3/24 5:00,0.215410843
2023/3/24 5:15,0.19791176
2023/3/24 5:30,0.180931123
2023/3/24 5:45,0.174811877
2023/3/24 6:00,0.165645782
2023/3/24 6:15,0.182702953
2023/3/24 6:30,0.203675497
2023/3/24 6:45,0.197604586
2023/3/24 7:00,0.18749619
2023/3/24 7:15,0.177221247
2023/3/24 7:30,0.204308107
2023/3/24 7:45,0.192625465
2023/3/24 8:00,0.206499179
2023/3/24 8:15,0.256609042
2023/3/24 8:30,0.301244298
2023/3/24 8:45,0.257703206
2023/3/24 9:00,0.293637795
2023/3/24 9:15,0.296101985
2023/3/24 9:30,0.342598386
2023/3/24 9:45,0.227306344
2023/3/24 10:00,0.18348983
2023/3/24 10:15,0.255496421
2023/3/24 10:30,0.313276317
2023/3/24 10:45,0.321218028
2023/3/24 11:00,0.371172118
2023/3/24 11:15,0.368447524
2023/3/24 11:30,0.407198252
2023/3/24 11:45,0.286406211
2023/3/24 12:00,0.159985831
2023/3/24 12:15,0.222544741
2023/3/24 12:30,0.292840653
2023/3/24 12:45,0.206103761
2023/3/24 13:00,0.320634593
2023/3/24 13:15,0.215683561
2023/3/24 13:30,0.173872016
2023/3/24 13:45,0.125170058
2023/3/24 14:00,0.083040637
2023/3/24 14:15,0.122859437
2023/3/24 14:30,0.065672126
2023/3/24 14:45,0.03534107
2023/3/24 15:00,0.023478848
2023/3/24 15:15,0.021553252
2023/3/24 15:30,0.02151729
2023/3/24 15:45,0.021478831
2023/3/24 16:00,0.021437873
2023/3/24 16:15,0.021394436
2023/3/24 16:30,0.02134856
2023/3/24 16:45,0.021300304
2023/3/24 17:00,0.02124974
2023/3/24 17:15,0.021196958
2023/3/24 17:30,0.021142059
2023/3/24 17:45,0.021085153
2023/3/24 18:00,0.021026359
2023/3/24 18:15,0.020965802
2023/3/24 18:30,0.020903609
2023/3/24 18:45,0.122069559
2023/3/24 19:00,0.499991453
2023/3/24 19:15,0.581380042
2023/3/24 19:30,0.547978791
2023/3/24 19:45,0.460716215
2023/3/24 20:00,0.588692624
2023/3/24 20:15,0.563620544
2023/3/24 20:30,0.427222032
2023/3/24 20:45,0.547109881
2023/3/24 21:00,0.411219171
2023/3/24 21:15,0.375808718
2023/3/24 21:30,0.381338337
2023/3/24 21:45,0.348531598
2023/3/24 22:00,0.428814213
2023/3/24 22:15,0.372366457
2023/3/24 22:30,0.357936378
2023/3/24 22:45,0.432434624
2023/3/24 23:00,0.270204353
2023/3/24 23:15,0.210121241
2023/3/24 23:30,0.214303814
2023/3/24 23:45,0.218486554
2023/3/25 0:00,0.230448365
2023/3/25 0:15,0.132981911
2023/3/25 0:30,0.011533715
2023/3/25 0:45,0.005779511
2023/3/25 1:00,0.003489403
2023/3/25 1:15,0.001732735
2023/3/25 1:30,0.001038752
2023/3/25 1:45,0.00019878
2023/3/25 2:00,0
2023/3/25 2:15,0
2023/3/25 2:30,0
2023/3/25 2:45,0
2023/3/25 3:00,0
2023/3/25 3:15,0
2023/3/25 3:30,0
2023/3/25 3:45,0
2023/3/25 4:00,0
2023/3/25 4:15,0
2023/3/25 4:30,0
2023/3/25 4:45,0
2023/3/25 5:00,0
2023/3/25 5:15,0
2023/3/25 5:30,0
2023/3/25 5:45,0
2023/3/25 6:00,0
2023/3/25 6:15,0
2023/3/25 6:30,0
2023/3/25 6:45,0
2023/3/25 7:00,0
2023/3/25 7:15,0
2023/3/25 7:30,0
2023/3/25 7:45,0
2023/3/25 8:00,0
2023/3/25 8:15,0
2023/3/25 8:30,0
2023/3/25 8:45,0
2023/3/25 9:00,0
2023/3/25 9:15,0
2023/3/25 9:30,0
2023/3/25 9:45,0
2023/3/25 10:00,0
2023/3/25 10:15,0
2023/3/25 10:30,0
2023/3/25 10:45,0
2023/3/25 11:00,0
2023/3/25 11:15,0
2023/3/25 11:30,0
2023/3/25 11:45,0
2023/3/25 12:00,0
2023/3/25 12:15,0
2023/3/25 12:30,0
2023/3/25 12:45,0
2023/3/25 13:00,0.03509514
2023/3/25 13:15,0.067842298
2023/3/25 13:30,0.067513082
2023/3/25 13:45,0.157910953
2023/3/25 14:00,0.370977405
2023/3/25 14:15,0.49471876
2023/3/25 14:30,0.615728739
2023/3/25 14:45,0.622040112
2023/3/25 15:00,0.706497946
2023/3/25 15:15,0.735797436
2023/3/25 15:30,0.713892777
2023/3/25 15:45,0.708135551
2023/3/25 16:00,0.696626213
2023/3/25 16:15,0.712665258
2023/3/25 16:30,0.660173349
2023/3/25 16:45,0.750679614
2023/3/25 17:00,0.688112094
2023/3/25 17:15,0.825919227
2023/3/25 17:30,0.83704233
2023/3/25 17:45,0.777978904
2023/3/25 18:00,0.769617305
2023/3/25 18:15,0.757614392
2023/3/25 18:30,0.7081317
2023/3/25 18:45,0.565271879
2023/3/25 19:00,0.551223948
2023/3/25 19:15,0.553964913
2023/3/25 19:30,0.343319783
2023/3/25 19:45,0.393146376
2023/3/25 20:00,0.372290909
2023/3/25 20:15,0.281439508
2023/3/25 20:30,0.211855229
2023/3/25 20:45,0.220903557
2023/3/25 21:00,0.258678405
2023/3/25 21:15,0.244630649
2023/3/25 21:30,0.223868875
2023/3/25 21:45,0.158718788
2023/3/25 22:00,0.103553144
2023/3/25 22:15,0.096365733
2023/3/25 22:30,0.087658707
2023/3/25 22:45,0.091661378
2023/3/25 23:00,0.088493437
2023/3/25 23:15,0.075059919
2023/3/25 23:30,0.076783044
2023/3/25 23:45,0.055093254
2023/3/26 0:00,0
2023/3/26 0:15,0
2023/3/26 0:30,0
2023/3/26 0:45,0.008777634
2023/3/26 1:00,0.021197354
2023/3/26 1:15,0.015992445
2023/3/26 1:30,0.0217638
2023/3/26 1:45,0.024913124
2023/3/26 2:00,0.014989406
2023/3/26 2:15,0.044482392
2023/3/26 2:30,0.024717613
2023/3/26 2:45,0.016598978
2023/3/26 3:00,0.044798596
2023/3/26 3:15,0.063978378
2023/3/26 3:30,0
2023/3/26 3:45,0
2023/3/26 4:00,0
2023/3/26 4:15,0
2023/3/26 4:30,0
2023/3/26 4:45,0
2023/3/26 5:00,0
2023/3/26 5:15,0
2023/3/26 5:30,0
2023/3/26 5:45,0
2023/3/26 6:00,0.024886288
2023/3/26 6:15,0.002352593
2023/3/26 6:30,0
2023/3/26 6:45,0
2023/3/26 7:00,0
2023/3/26 7:15,0
2023/3/26 7:30,0.055243241
2023/3/26 7:45,0.097386844
2023/3/26 8:00,0.076092666
2023/3/26 8:15,0.067846815
2023/3/26 8:30,0.072118294
2023/3/26 8:45,0.053265792
2023/3/26 9:00,0.037976423
2023/3/26 9:15,0.043403986
2023/3/26 9:30,0.050406036
2023/3/26 9:45,0.07508728
2023/3/26 10:00,0.056954276
2023/3/26 10:15,0.055124849
2023/3/26 10:30,0.053048721
2023/3/26 10:45,0.073649744
2023/3/26 11:00,0.058115982
2023/3/26 11:15,0.054515486
2023/3/26 11:30,0.039843854
2023/3/26 11:45,0.047432393
2023/3/26 12:00,0.251682452
2023/3/26 12:15,0.299658345
2023/3/26 12:30,0.47651853
2023/3/26 12:45,0.596145236
2023/3/26 13:00,0.574024711
2023/3/26 13:15,0.620977398
2023/3/26 13:30,0.625583493
2023/3/26 13:45,0.778657243
2023/3/26 14:00,0.832407127
2023/3/26 14:15,0.90590412
2023/3/26 14:30,0.909350891
2023/3/26 14:45,0.917670554
2023/3/26 15:00,0.916887446
2023/3/26 15:15,0.923137104
2023/3/26 15:30,0.92577597
2023/3/26 15:45,0.887085943
2023/3/26 16:00,0.905679409
2023/3/26 16:15,0.906814509
2023/3/26 16:30,0.898765382
2023/3/26 16:45,0.917934573
2023/3/26 17:00,0.924960949
2023/3/26 17:15,0.906975744
2023/3/26 17:30,0.900276509
2023/3/26 17:45,0.897533007
2023/3/26 18:00,0.907748956
2023/3/26 18:15,0.842051262
2023/3/26 18:30,0.839746516
2023/3/26 18:45,0.776403671
2023/3/26 19:00,0.908917023
2023/3/26 19:15,0.75896166
2023/3/26 19:30,0.731928249
2023/3/26 19:45,0.629831357
2023/3/26 20:00,0.589334134
2023/3/26 20:15,0.718158569
2023/3/26 20:30,0.735270974
2023/3/26 20:45,0.745735466
2023/3/26 21:00,0.762566065
2023/3/26 21:15,0.686769875
2023/3/26 21:30,0.60460978
2023/3/26 21:45,0.413884788
2023/3/26 22:00,0.386425949
2023/3/26 22:15,0.364120946
2023/3/26 22:30,0.30842134
2023/3/26 22:45,0.202866763
2023/3/26 23:00,0.209222429
2023/3/26 23:15,0.233035098
2023/3/26 23:30,0.288379347
2023/3/26 23:45,0.290613518
2023/3/27 0:00,0.192316778
2023/3/27 0:15,0.10178079
2023/3/27 0:30,0.089205964
2023/3/27 0:45,0.057800611
2023/3/27 1:00,0.038711979
2023/3/27 1:15,0.044758302
2023/3/27 1:30,0.052174784
2023/3/27 1:45,0.038976156
2023/3/27 2:00,0.025260235
2023/3/27 2:15,0.017065599
2023/3/27 2:30,0.01873585
2023/3/27 2:45,0.016709214
2023/3/27 3:00,0.02851812
2023/3/27 3:15,0.038749022
2023/3/27 3:30,0.029784334
2023/3/27 3:45,0.033791124
2023/3/27 4:00,0.023940242
2023/3/27 4:15,0.037847965
2023/3/27 4:30,0.044403038
2023/3/27 4:45,0.055275867
2023/3/27 5:00,0.044096332
2023/3/27 5:15,0.041385874
2023/3/27 5:30,0.076194605
2023/3/27 5:45,0.150736423
2023/3/27 6:00,0.149105086
2023/3/27 6:15,0.067806318
2023/3/27 6:30,8.87E-05
2023/3/27 6:45,0.010474906
2023/3/27 7:00,0.011521231
2023/3/27 7:15,0.007010031
2023/3/27 7:30,0.006914979
2023/3/27 7:45,0.01569192
2023/3/27 8:00,0.016378587
2023/3/27 8:15,0.008688126
2023/3/27 8:30,0.008578602
2023/3/27 8:45,0.004455191
2023/3/27 9:00,0.004453368
2023/3/27 9:15,0.002706216
2023/3/27 9:30,0.002561775
2023/3/27 9:45,0.0060802
2023/3/27 10:00,0.007685221
2023/3/27 10:15,0.009359001
2023/3/27 10:30,0.013913091
2023/3/27 10:45,0.016689684
2023/3/27 11:00,0.025468214
2023/3/27 11:15,0.025748348
2023/3/27 11:30,0.025725815
2023/3/27 11:45,0.02956172
2023/3/27 12:00,0.013872221
2023/3/27 12:15,0.012344973
2023/3/27 12:30,0.011290682
2023/3/27 12:45,0.01027768
2023/3/27 13:00,0.009345882
2023/3/27 13:15,0.008684175
2023/3/27 13:30,0.008561239
2023/3/27 13:45,0.067370625
2023/3/27 14:00,0.111306054
2023/3/27 14:15,0.112938278
2023/3/27 14:30,0.218202943
2023/3/27 14:45,0.264088296
2023/3/27 15:00,0.325389437
2023/3/27 15:15,0.205144734
2023/3/27 15:30,0.318624381
2023/3/27 15:45,0.176877166
2023/3/27 16:00,0.170235151
2023/3/27 16:15,0.179695147
2023/3/27 16:30,0.247772035
2023/3/27 16:45,0.182161514
2023/3/27 17:00,0.149516981
2023/3/27 17:15,0.106085671
2023/3/27 17:30,0.088976686
2023/3/27 17:45,0.086536565
2023/3/27 18:00,0.094621304
2023/3/27 18:15,0.024327584
2023/3/27 18:30,0.02232
2023/3/27 18:45,0.023991956
2023/3/27 19:00,0.023380158
2023/3/27 19:15,0.023132604
2023/3/27 19:30,0.023614058
2023/3/27 19:45,0.024985389
2023/3/27 20:00,0.028137131
2023/3/27 20:15,0.028512617
2023/3/27 20:30,0.023336356
2023/3/27 20:45,0.019578646
2023/3/27 21:00,0.018658877
2023/3/27 21:15,0.033022963
2023/3/27 21:30,0.057461679
2023/3/27 21:45,0.039328923
2023/3/27 22:00,0.035487153
2023/3/27 22:15,0.101864403
2023/3/27 22:30,0.139170286
2023/3/27 22:45,0.259717344
2023/3/27 23:00,0.529787718
2023/3/27 23:15,0.573676733
2023/3/27 23:30,0.565783319
2023/3/27 23:45,0.643474923
2023/3/28 0:00,0.685682035
2023/3/28 0:15,0.47818401
2023/3/28 0:30,0.610613812
2023/3/28 0:45,0.344917102
2023/3/28 1:00,0.307410238
2023/3/28 1:15,0.287188977
2023/3/28 1:30,0.16202865
2023/3/28 1:45,0.103303205
2023/3/28 2:00,0.125495298
2023/3/28 2:15,0.083568497
2023/3/28 2:30,0.101915333
2023/3/28 2:45,0.10602238
2023/3/28 3:00,0.198627714
2023/3/28 3:15,0.281339516
2023/3/28 3:30,0.39204686
2023/3/28 3:45,0.395950733
2023/3/28 4:00,0.308618372
2023/3/28 4:15,0.287881621
2023/3/28 4:30,0.184088738
2023/3/28 4:45,0.186732584
2023/3/28 5:00,0.20367876
2023/3/28 5:15,0.121296717
2023/3/28 5:30,0.057366434
2023/3/28 5:45,0.053309479
2023/3/28 6:00,0.065456265
2023/3/28 6:15,0.031812144
2023/3/28 6:30,0.016200201
2023/3/28 6:45,0.092477391
2023/3/28 7:00,0.07641404
2023/3/28 7:15,0.072013116
2023/3/28 7:30,0.030703504
2023/3/28 7:45,0.008917543
2023/3/28 8:00,0.008886896
2023/3/28 8:15,0.008856644
2023/3/28 8:30,0.008826736
2023/3/28 8:45,0.058448519
2023/3/28 9:00,0.138989099
2023/3/28 9:15,0.202806787
2023/3/28 9:30,0.200276808
2023/3/28 9:45,0.208500156
2023/3/28 10:00,0.149428695
2023/3/28 10:15,0.11128358
2023/3/28 10:30,0.104803167
2023/3/28 10:45,0.095191568
2023/3/28 11:00,0.103002004
2023/3/28 11:15,0.095173077
2023/3/28 11:30,0.168124762
2023/3/28 11:45,0.149446173
2023/3/28 12:00,0.186936719
2023/3/28 12:15,0.158144579
2023/3/28 12:30,0.142572126
2023/3/28 12:45,0.130144298
2023/3/28 13:00,0.05654388
2023/3/28 13:15,0.039197298
2023/3/28 13:30,0.047493976
2023/3/28 13:45,0.030268835
2023/3/28 14:00,0.032023552
2023/3/28 14:15,0.027618255
2023/3/28 14:30,0.037392054
2023/3/28 14:45,0.034960264
2023/3/28 15:00,0.019140944
2023/3/28 15:15,0.162254299
2023/3/28 15:30,0.360372305
2023/3/28 15:45,0.305701717
2023/3/28 16:00,0.336662997
2023/3/28 16:15,0.469767853
2023/3/28 16:30,0.53212623
2023/3/28 16:45,0.37471398
2023/3/28 17:00,0.353766955
2023/3/28 17:15,0.305699941
2023/3/28 17:30,0.323479204
2023/3/28 17:45,0.231637454
2023/3/28 18:00,0.199196532
2023/3/28 18:15,0.189430282
2023/3/28 18:30,0.153961315
2023/3/28 18:45,0.179706437
2023/3/28 19:00,0.157235579
2023/3/28 19:15,0.107972109
2023/3/28 19:30,0.052477102
2023/3/28 19:45,0.038327782
2023/3/28 20:00,0.0400945
2023/3/28 20:15,0.078203154
2023/3/28 20:30,0.063353581
2023/3/28 20:45,0.061057972
2023/3/28 21:00,0.05197895
2023/3/28 21:15,0.039329839
2023/3/28 21:30,0.032404761
2023/3/28 21:45,0.032893963
2023/3/28 22:00,0.050176668
2023/3/28 22:15,0.212733259
2023/3/28 22:30,0.511541529
2023/3/28 22:45,0.431796361
2023/3/28 23:00,0.62307647
2023/3/28 23:15,0.499874216
2023/3/28 23:30,0.488163516
2023/3/28 23:45,0.544410599
2023/3/29 0:00,0.570225505
2023/3/29 0:15,0.574351
2023/3/29 0:30,0.56377125
2023/3/29 0:45,0.646229144
2023/3/29 1:00,0.841132175
2023/3/29 1:15,0.883829593
2023/3/29 1:30,0.918979067
2023/3/29 1:45,0.933883427
2023/3/29 2:00,0.928988582
2023/3/29 2:15,0.924262651
2023/3/29 2:30,0.951338889
2023/3/29 2:45,0.974316166
2023/3/29 3:00,0.978186632
2023/3/29 3:15,0.762859456
2023/3/29 3:30,0.981346772
2023/3/29 3:45,0.920435224
2023/3/29 4:00,0.844223964
2023/3/29 4:15,0.812810468
2023/3/29 4:30,0.826687546
2023/3/29 4:45,0.807771708
2023/3/29 5:00,0.754621034
2023/3/29 5:15,0.768540004
2023/3/29 5:30,0.774524338
2023/3/29 5:45,0.902386382
2023/3/29 6:00,0.900255281
2023/3/29 6:15,0.903823524
2023/3/29 6:30,0.89717306
2023/3/29 6:45,0.886667823
2023/3/29 7:00,0.671846935
2023/3/29 7:15,0.83491233
2023/3/29 7:30,0.776975335
2023/3/29 7:45,0.754568662
2023/3/29 8:00,0.712480953
2023/3/29 8:15,0.750660794
2023/3/29 8:30,0.782217502
2023/3/29 8:45,0.718125323
2023/3/29 9:00,0.631972337
2023/3/29 9:15,0.659090613
2023/3/29 9:30,0.744782933
2023/3/29 9:45,0.795716238
2023/3/29 10:00,0.635608812
2023/3/29 10:15,0.67234477
2023/3/29 10:30,0.720862548
2023/3/29 10:45,0.803671563
2023/3/29 11:00,0.756532821
2023/3/29 11:15,0.803808341
2023/3/29 11:30,0.6165764
2023/3/29 11:45,0.714973423
2023/3/29 12:00,0.731691468
2023/3/29 12:15,0.661907688
2023/3/29 12:30,0.580089545
2023/3/29 12:45,0.580593005
2023/3/29 13:00,0.49968608
2023/3/29 13:15,0.432747599
2023/3/29 13:30,0.386646712
2023/3/29 13:45,0.25425884
2023/3/29 14:00,0.221459254
2023/3/29 14:15,0.207270075
2023/3/29 14:30,0.156263028
2023/3/29 14:45,0.086132696
2023/3/29 15:00,0.112368703
2023/3/29 15:15,0.089926167
2023/3/29 15:30,0.064231288
2023/3/29 15:45,0.081045199
2023/3/29 16:00,0.075433941
2023/3/29 16:15,0.280951004
2023/3/29 16:30,0.477859771
2023/3/29 16:45,0.454099963
2023/3/29 17:00,0.330154276
2023/3/29 17:15,0.407496536
2023/3/29 17:30,0.467897446
2023/3/29 17:45,0.42645535
2023/3/29 18:00,0.409169144
2023/3/29 18:15,0.415598955
2023/3/29 18:30,0.427743355
2023/3/29 18:45,0.327213035
2023/3/29 19:00,0.41297495
2023/3/29 19:15,0.380767361
2023/3/29 19:30,0.173236532
2023/3/29 19:45,0.322569008
2023/3/29 20:00,0.393696144
2023/3/29 20:15,0.373896719
2023/3/29 20:30,0.277471075
2023/3/29 20:45,0.434028584
2023/3/29 21:00,0.522732288
2023/3/29 21:15,0.337054723
2023/3/29 21:30,0.306826685
2023/3/29 21:45,0.291798705
2023/3/29 22:00,0.594087208
2023/3/29 22:15,0.539624735
2023/3/29 22:30,0.397562839
2023/3/29 22:45,0.344843077
2023/3/29 23:00,0.287803341
2023/3/29 23:15,0.3875695
2023/3/29 23:30,0.404746539
2023/3/29 23:45,0.261100521
2023/3/30 0:00,0.232987078
2023/3/30 0:15,0.413887997
2023/3/30 0:30,0.71945099
2023/3/30 0:45,0.456333027
2023/3/30 1:00,0.211542365
2023/3/30 1:15,0.179070238
2023/3/30 1:30,0.174485846
2023/3/30 1:45,0.144671939
2023/3/30 2:00,0.268503929
2023/3/30 2:15,0.250038957
2023/3/30 2:30,0.138558641
2023/3/30 2:45,0.172129439
2023/3/30 3:00,0.103870943
2023/3/30 3:15,0.159868202
2023/3/30 3:30,0.06403902
2023/3/30 3:45,0.082843731
2023/3/30 4:00,0.089030061
2023/3/30 4:15,0.074121373
2023/3/30 4:30,0.070350763
2023/3/30 4:45,0.071485209
2023/3/30 5:00,0.123337631
2023/3/30 5:15,0.153984267
2023/3/30 5:30,0.15445136
2023/3/30 5:45,0.099287716
2023/3/30 6:00,0.070431247
2023/3/30 6:15,0.138948362
2023/3/30 6:30,0.50360502
2023/3/30 6:45,0.855456117
2023/3/30 7:00,0.819913099
2023/3/30 7:15,0.849234826
2023/3/30 7:30,0.634656675
2023/3/30 7:45,0.309543754
2023/3/30 8:00,0.356439926
2023/3/30 8:15,0.216671841
2023/3/30 8:30,0.129510638
2023/3/30 8:45,0.103368371
2023/3/30 9:00,0.198353668
2023/3/30 9:15,0.264446826
2023/3/30 9:30,0.390937433
2023/3/30 9:45,0.58418608
2023/3/30 10:00,0.703922583
2023/3/30 10:15,0.738375404
2023/3/30 10:30,0.750284091
2023/3/30 10:45,0.755154955
2023/3/30 11:00,0.792338793
2023/3/30 11:15,0.850552331
2023/3/30 11:30,0.814408638
2023/3/30 11:45,0.656084848
2023/3/30 12:00,0.673615999
2023/3/30 12:15,0.627388303
2023/3/30 12:30,0.620718506
2023/3/30 12:45,0.726928486
2023/3/30 13:00,0.821158152
2023/3/30 13:15,0.85479798
2023/3/30 13:30,0.873276696
2023/3/30 13:45,0.823119518
2023/3/30 14:00,0.763795425
2023/3/30 14:15,0.779063229
2023/3/30 14:30,0.660217529
2023/3/30 14:45,0.71029202
2023/3/30 15:00,0.629430287
2023/3/30 15:15,0.586310144
2023/3/30 15:30,0.588828661
2023/3/30 15:45,0.603248739
2023/3/30 16:00,0.453043773
2023/3/30 16:15,0.318271473
2023/3/30 16:30,0.246456876
2023/3/30 16:45,0.145451545
2023/3/30 17:00,0.119471651
2023/3/30 17:15,0.093917247
2023/3/30 17:30,0.068976374
2023/3/30 17:45,0.044220041
2023/3/30 18:00,0.01881666
2023/3/30 18:15,0.014850679
2023/3/30 18:30,0.016763178
2023/3/30 18:45,0.011050957
2023/3/30 19:00,0.005383513
2023/3/30 19:15,0.005480089
2023/3/30 19:30,0.005578979
2023/3/30 19:45,0.005679622
2023/3/30 20:00,0.005781438
2023/3/30 20:15,0.005883844
2023/3/30 20:30,0.005986262
2023/3/30 20:45,0.011820036
2023/3/30 21:00,0.012303966
2023/3/30 21:15,0.081631008
2023/3/30 21:30,0.062494842
2023/3/30 21:45,0.006480253
2023/3/30 22:00,0.006572425
2023/3/30 22:15,0.006661663
2023/3/30 22:30,0.006747792
2023/3/30 22:45,0.006830706
2023/3/30 23:00,0.006910367
2023/3/30 23:15,0.006986798
2023/3/30 23:30,0.00706008
2023/3/30 23:45,0.007130347
2023/3/31 0:00,0.044618651
2023/3/31 0:15,0.046501284
2023/3/31 0:30,0.05446583
2023/3/31 0:45,0.056914058
2023/3/31 1:00,0.04833233
2023/3/31 1:15,0.039724065
2023/3/31 1:30,0.031064993
2023/3/31 1:45,0.029000946
2023/3/31 2:00,0.079536057
2023/3/31 2:15,0.093471099
2023/3/31 2:30,0.067919688
2023/3/31 2:45,0.079067073
2023/3/31 3:00,0.081932365
2023/3/31 3:15,0.112916729
2023/3/31 3:30,0.112088924
2023/3/31 3:45,0.081709203
2023/3/31 4:00,0.054025203
2023/3/31 4:15,0.094584103
2023/3/31 4:30,0.075719414
2023/3/31 4:45,0.106344103
2023/3/31 5:00,0.083175403
2023/3/31 5:15,0.043742439
2023/3/31 5:30,0.071253851
2023/3/31 5:45,0.064346191
2023/3/31 6:00,0.059379451
2023/3/31 6:15,0.05834236
2023/3/31 6:30,0.062216971
2023/3/31 6:45,0.065588676
2023/3/31 7:00,0.067949533
2023/3/31 7:15,0.067646829
2023/3/31 7:30,0.062012882
2023/3/31 7:45,0.05785552
2023/3/31 8:00,0.05664846
2023/3/31 8:15,0.058279699
2023/3/31 8:30,0.065586123
2023/3/31 8:45,0.070149446
2023/3/31 9:00,0.069226659
2023/3/31 9:15,0.06817261
2023/3/31 9:30,0.066857516
2023/3/31 9:45,0.066507174
2023/3/31 10:00,0.068088971
2023/3/31 10:15,0.069172922
2023/3/31 10:30,0.040517327
2023/3/31 10:45,0.006160851
2023/3/31 11:00,0.052345469
2023/3/31 11:15,0.054693861
2023/3/31 11:30,0.061575405
2023/3/31 11:45,0.058718598
2023/3/31 12:00,0.01225093
2023/3/31 12:15,0.025786538
2023/3/31 12:30,0.041056822
2023/3/31 12:45,0.045781145
2023/3/31 13:00,0.048722701
2023/3/31 13:15,0.038425304
2023/3/31 13:30,0.049797723
2023/3/31 13:45,0.051940819
2023/3/31 14:00,0.046179575
2023/3/31 14:15,0.059954951
2023/3/31 14:30,0.049670931
2023/3/31 14:45,0.065188218
2023/3/31 15:00,0.066023794
2023/3/31 15:15,0.054298277
2023/3/31 15:30,0.057233694
2023/3/31 15:45,0.055344036
2023/3/31 16:00,0.084651537
2023/3/31 16:15,0.083348621
2023/3/31 16:30,0.077826465
2023/3/31 16:45,0.08398654
2023/3/31 17:00,0.073456294
2023/3/31 17:15,0.073299423
2023/3/31 17:30,0.072391052
2023/3/31 17:45,0.082149815
2023/3/31 18:00,0.09544271
2023/3/31 18:15,0.077736487
2023/3/31 18:30,0.092574682
2023/3/31 18:45,0.09066105
2023/3/31 19:00,0.233213406
2023/3/31 19:15,0.188456204
2023/3/31 19:30,0.084782314
2023/3/31 19:45,0.066550374
2023/3/31 20:00,0.089589439
2023/3/31 20:15,0.343495822
2023/3/31 20:30,0.292886096
2023/3/31 20:45,0.174396464
2023/3/31 21:00,0.100693678
2023/3/31 21:15,0.231428433
2023/3/31 21:30,0.221726835
2023/3/31 21:45,0.117087288
2023/3/31 22:00,0.094837723
2023/3/31 22:15,0.27548561
2023/3/31 22:30,0.218434072
2023/3/31 22:45,0.213463767
2023/3/31 23:00,0.114278124
2023/3/31 23:15,0.093310446
2023/3/31 23:30,0.075808823
2023/3/31 23:45,0.048974146
2023/4/1 0:00,0.061448146
2023/4/1 0:15,0.047663952
2023/4/1 0:30,0.044063935
2023/4/1 0:45,0.041358194
2023/4/1 1:00,0.036500652
2023/4/1 1:15,0.032563328
2023/4/1 1:30,0.030463019
2023/4/1 1:45,0.028727702
2023/4/1 2:00,0.027719358
2023/4/1 2:15,0.039673877
2023/4/1 2:30,0.141052058
2023/4/1 2:45,0.18243744
2023/4/1 3:00,0.167809171
2023/4/1 3:15,0.143649118
2023/4/1 3:30,0.14312841
2023/4/1 3:45,0.138264721
2023/4/1 4:00,0.117166107
2023/4/1 4:15,0.087030423
2023/4/1 4:30,0.069317814
2023/4/1 4:45,0.052012474
2023/4/1 5:00,0.028322608
2023/4/1 5:15,0.023795241
2023/4/1 5:30,0.019809488
2023/4/1 5:45,0.01443293
2023/4/1 6:00,0.019911882
2023/4/1 6:15,0.020007309
2023/4/1 6:30,0.017410442
2023/4/1 6:45,0.012140729
2023/4/1 7:00,0.012232849
2023/4/1 7:15,0.01232322
2023/4/1 7:30,0.012411466
2023/4/1 7:45,0.012497187
2023/4/1 8:00,0.012579955
2023/4/1 8:15,0.012659325
2023/4/1 8:30,0.012734834
2023/4/1 8:45,0.012806013
2023/4/1 9:00,0.012872395
2023/4/1 9:15,0.012933524
2023/4/1 9:30,0.012988967
2023/4/1 9:45,0.016838322
2023/4/1 10:00,0.024520695
2023/4/1 10:15,0.024716017
2023/4/1 10:30,0.02522269
2023/4/1 10:45,0.025988577
2023/4/1 11:00,0.027279972
2023/4/1 11:15,0.02857834
2023/4/1 11:30,0.082068229
2023/4/1 11:45,0.076120012
2023/4/1 12:00,0.061999106
2023/4/1 12:15,0.063777164
2023/4/1 12:30,0.040313939
2023/4/1 12:45,0.034534795
2023/4/1 13:00,0.040044433
2023/4/1 13:15,0.038685639
2023/4/1 13:30,0.031835626
2023/4/1 13:45,0.034473715
2023/4/1 14:00,0.040016755
2023/4/1 14:15,0.038663475
2023/4/1 14:30,0.0349347
2023/4/1 14:45,0.042795199
2023/4/1 15:00,0.033785189
2023/4/1 15:15,0.029196351
2023/4/1 15:30,0.030139071
2023/4/1 15:45,0.028691727
2023/4/1 16:00,0.027017481
2023/4/1 16:15,0.034010428
2023/4/1 16:30,0.026854692
2023/4/1 16:45,0.028900711
2023/4/1 17:00,0.032136141
2023/4/1 17:15,0.032596743
2023/4/1 17:30,0.044923829
2023/4/1 17:45,0.025980899
2023/4/1 18:00,0.02564846
2023/4/1 18:15,0.027180937
2023/4/1 18:30,0.029717849
2023/4/1 18:45,0.029833359
2023/4/1 19:00,0.072151366
2023/4/1 19:15,0.130641871
2023/4/1 19:30,0.149968581
2023/4/1 19:45,0.144967484
2023/4/1 20:00,0.106773484
2023/4/1 20:15,0.093304462
2023/4/1 20:30,0.094868216
2023/4/1 20:45,0.083191999
2023/4/1 21:00,0.057131668
2023/4/1 21:15,0.088751598
2023/4/1 21:30,0.157321393
2023/4/1 21:45,0.16576192
2023/4/1 22:00,0.100154507
2023/4/1 22:15,0.088871065
2023/4/1 22:30,0.091556565
2023/4/1 22:45,0.048367365
2023/4/1 23:00,0.050246148
2023/4/1 23:15,0.033940833
2023/4/1 23:30,0.020637124
2023/4/1 23:45,0.019906943
2023/4/2 0:00,0.07640418
2023/4/2 0:15,0.090008682
2023/4/2 0:30,0.10387094
2023/4/2 0:45,0.118482103
2023/4/2 1:00,0.13310688
2023/4/2 1:15,0.151293457
2023/4/2 1:30,0.185383963
2023/4/2 1:45,0.22284295
2023/4/2 2:00,0.312962764
2023/4/2 2:15,0.471478271
2023/4/2 2:30,0.517775407
2023/4/2 2:45,0.453843074
2023/4/2 3:00,0.351231747
2023/4/2 3:15,0.226621284
2023/4/2 3:30,0.221998862
2023/4/2 3:45,0.220273158
2023/4/2 4:00,0.210239013
2023/4/2 4:15,0.199136727
2023/4/2 4:30,0.25374754
2023/4/2 4:45,0.223967827
2023/4/2 5:00,0.212043818
2023/4/2 5:15,0.237782255
2023/4/2 5:30,0.223762347
2023/4/2 5:45,0.256478941
2023/4/2 6:00,0.247096943
2023/4/2 6:15,0.261768356
2023/4/2 6:30,0.232328164
2023/4/2 6:45,0.256376543
2023/4/2 7:00,0.253054824
2023/4/2 7:15,0.248323875
2023/4/2 7:30,0.4498304
2023/4/2 7:45,0.538884435
2023/4/2 8:00,0.436513864
2023/4/2 8:15,0.916311772
2023/4/2 8:30,0.943377802
2023/4/2 8:45,0.669830029
2023/4/2 9:00,0.514750688
2023/4/2 9:15,0.770850094
2023/4/2 9:30,0.942783795
2023/4/2 9:45,0.954302242
2023/4/2 10:00,0.947423996
2023/4/2 10:15,0.970260902
2023/4/2 10:30,0.470788601
2023/4/2 10:45,0.259361741
2023/4/2 11:00,0.259301673
2023/4/2 11:15,0.294767995
2023/4/2 11:30,0.200383644
2023/4/2 11:45,0.207642635
2023/4/2 12:00,0.159209106
2023/4/2 12:15,0.161846127
2023/4/2 12:30,0.146027854
2023/4/2 12:45,0.14909045
2023/4/2 13:00,0.236227484
2023/4/2 13:15,0.152156974
2023/4/2 13:30,0.43285838
2023/4/2 13:45,0.554535765
2023/4/2 14:00,0.631137118
2023/4/2 14:15,0.548083744
2023/4/2 14:30,0.628877621
2023/4/2 14:45,0.908735971
2023/4/2 15:00,0.810243134
2023/4/2 15:15,0.39067552
2023/4/2 15:30,0.190684811
2023/4/2 15:45,0.272794685
2023/4/2 16:00,0.192954193
2023/4/2 16:15,0.164485645
2023/4/2 16:30,0.201929464
2023/4/2 16:45,0.336312495
2023/4/2 17:00,0.398043294
2023/4/2 17:15,0.354599301
2023/4/2 17:30,0.353418725
2023/4/2 17:45,0.329230567
2023/4/2 18:00,0.309927942
2023/4/2 18:15,0.02479713
2023/4/2 18:30,0.012677537
2023/4/2 18:45,0.012741468
2023/4/2 19:00,0.01280011
2023/4/2 19:15,0.012853378
2023/4/2 19:30,0.012901271
2023/4/2 19:45,0.012943876
2023/4/2 20:00,0.012981356
2023/4/2 20:15,0.019314251
2023/4/2 20:30,0.031982322
2023/4/2 20:45,0.033148688
2023/4/2 21:00,0.066046868
2023/4/2 21:15,0.435423658
2023/4/2 21:30,0.627333019
2023/4/2 21:45,0.637939301
2023/4/2 22:00,0.637323373
2023/4/2 22:15,0.802709503
2023/4/2 22:30,0.883574805
2023/4/2 22:45,0.52341089
2023/4/2 23:00,0.253883764
2023/4/2 23:15,0.206177261
2023/4/2 23:30,0.345494313
2023/4/2 23:45,0.427555681
2023/4/3 0:00,0.590571211
2023/4/3 0:15,0.147627865
2023/4/3 0:30,0.017892398
2023/4/3 0:45,0.017872392
2023/4/3 1:00,0.017849942
2023/4/3 1:15,0.017825349
2023/4/3 1:30,0.017798961
2023/4/3 1:45,0.017771169
2023/4/3 2:00,0.017742401
2023/4/3 2:15,0.017713116
2023/4/3 2:30,0.017683797
2023/4/3 2:45,0.017654942
2023/4/3 3:00,0.017627057
2023/4/3 3:15,0.017600642
2023/4/3 3:30,0.017576184
2023/4/3 3:45,0.01755415
2023/4/3 4:00,0.030765478
2023/4/3 4:15,0.464565119
2023/4/3 4:30,0.435200006
2023/4/3 4:45,0.349835558
2023/4/3 5:00,0.339335628
2023/4/3 5:15,0.321981708
2023/4/3 5:30,0.495942097
2023/4/3 5:45,0.701641644
2023/4/3 6:00,0.755977661
2023/4/3 6:15,0.79094843
2023/4/3 6:30,0.937863966
2023/4/3 6:45,0.941526206
2023/4/3 7:00,0.944776106
2023/4/3 7:15,0.946021736
2023/4/3 7:30,0.943864534
2023/4/3 7:45,0.94233209
2023/4/3 8:00,0.940518268
2023/4/3 8:15,0.942047806
2023/4/3 8:30,0.943263797
2023/4/3 8:45,0.942780433
2023/4/3 9:00,0.939671033
2023/4/3 9:15,0.939037046
2023/4/3 9:30,0.941960254
2023/4/3 9:45,0.94323948
2023/4/3 10:00,0.939943875
2023/4/3 10:15,0.735536969
2023/4/3 10:30,0.313931105
2023/4/3 10:45,0.099596621
2023/4/3 11:00,0.029326244
2023/4/3 11:15,0.030729729
2023/4/3 11:30,0.033347092
2023/4/3 11:45,0.03550448
2023/4/3 12:00,0.066129549
2023/4/3 12:15,0.062818117
2023/4/3 12:30,0.046783045
2023/4/3 12:45,0.127072029
2023/4/3 13:00,0.732823522
2023/4/3 13:15,0.911651642
2023/4/3 13:30,0.904975877
2023/4/3 13:45,0.899995959
2023/4/3 14:00,0.894791352
2023/4/3 14:15,0.640650657
2023/4/3 14:30,0.257958415
2023/4/3 14:45,0.029210868
2023/4/3 15:00,0.001513738
2023/4/3 15:15,0.001609363
2023/4/3 15:30,0.001704635
2023/4/3 15:45,0.001799411
2023/4/3 16:00,0.001893571
2023/4/3 16:15,0.309792349
2023/4/3 16:30,0.8473094
2023/4/3 16:45,0.633000051
2023/4/3 17:00,0.62267269
2023/4/3 17:15,0.823086278
2023/4/3 17:30,0.921859678
2023/4/3 17:45,0.926775765
2023/4/3 18:00,0.923155274
2023/4/3 18:15,0.920667948
2023/4/3 18:30,0.922034259
2023/4/3 18:45,0.924017944
2023/4/3 19:00,0.927799489
2023/4/3 19:15,0.795824113
2023/4/3 19:30,0.939456912
2023/4/3 19:45,0.786521803
2023/4/3 20:00,0.939563435
2023/4/3 20:15,0.743766089
2023/4/3 20:30,0.0451496
2023/4/3 20:45,0.477354417
2023/4/3 21:00,0.61933051
2023/4/3 21:15,0.531178463
2023/4/3 21:30,0.514121629
2023/4/3 21:45,0.231785662
2023/4/3 22:00,0.190505244
2023/4/3 22:15,0.262010309
2023/4/3 22:30,0.29983345
2023/4/3 22:45,0.469109747
2023/4/3 23:00,0.62262274
2023/4/3 23:15,0.639981487
2023/4/3 23:30,0.563231764
2023/4/3 23:45,0.586211921
2023/4/4 0:00,0.541700281
2023/4/4 0:15,0.42959894
2023/4/4 0:30,0.400462802
2023/4/4 0:45,0.303115115
2023/4/4 1:00,0.30785131
2023/4/4 1:15,0.262546591
2023/4/4 1:30,0.20231172
2023/4/4 1:45,0.311317055
2023/4/4 2:00,0.417074245
2023/4/4 2:15,0.520598378
2023/4/4 2:30,0.603730424
2023/4/4 2:45,0.612142254
2023/4/4 3:00,0.807942742
2023/4/4 3:15,0.706122777
2023/4/4 3:30,0.719412381
2023/4/4 3:45,0.894472711
2023/4/4 4:00,0.928977107
2023/4/4 4:15,0.915977752
2023/4/4 4:30,0.67998826
2023/4/4 4:45,0.8959952
2023/4/4 5:00,0.835847308
2023/4/4 5:15,0.640766856
2023/4/4 5:30,0.377134178
2023/4/4 5:45,0.248244601
2023/4/4 6:00,0.236056295
2023/4/4 6:15,0.238110157
2023/4/4 6:30,0.255118311
2023/4/4 6:45,0.250674694
2023/4/4 7:00,0.272081175
2023/4/4 7:15,0.321099799
2023/4/4 7:30,0.369776882
2023/4/4 7:45,0.298274975
2023/4/4 8:00,0.274273993
2023/4/4 8:15,0.343596839
2023/4/4 8:30,0.278284077
2023/4/4 8:45,0.381240894
2023/4/4 9:00,0.490597496
2023/4/4 9:15,0.563556685
2023/4/4 9:30,0.605870631
2023/4/4 9:45,0.419977697
2023/4/4 10:00,0.242710092
2023/4/4 10:15,0.419802702
2023/4/4 10:30,0.665242685
2023/4/4 10:45,0.828986
2023/4/4 11:00,0.564423562
2023/4/4 11:15,0.569870581
2023/4/4 11:30,0.808181123
2023/4/4 11:45,0.770061706
2023/4/4 12:00,0.648630296
2023/4/4 12:15,0.820444761
2023/4/4 12:30,0.834726483
2023/4/4 12:45,0.844861778
2023/4/4 13:00,0.923377918
2023/4/4 13:15,0.90621188
2023/4/4 13:30,0.689381502
2023/4/4 13:45,0.883890595
2023/4/4 14:00,0.807928115
2023/4/4 14:15,0.805054096
2023/4/4 14:30,0.776297533
2023/4/4 14:45,0.742056265
2023/4/4 15:00,0.839361761
2023/4/4 15:15,0.754717607
2023/4/4 15:30,0.884445491
2023/4/4 15:45,0.893789684
2023/4/4 16:00,0.852936715
2023/4/4 16:15,0.780361645
2023/4/4 16:30,0.888166645
2023/4/4 16:45,0.881340712
2023/4/4 17:00,0.836943087
2023/4/4 17:15,0.863164659
2023/4/4 17:30,0.817053499
2023/4/4 17:45,0.739552846
2023/4/4 18:00,0.813749545
2023/4/4 18:15,0.821709979
2023/4/4 18:30,0.799780824
2023/4/4 18:45,0.731754118
2023/4/4 19:00,0.785349978
2023/4/4 19:15,0.831658182
2023/4/4 19:30,0.941740262
2023/4/4 19:45,0.818825059
2023/4/4 20:00,0.889073667
2023/4/4 20:15,0.652895909
2023/4/4 20:30,0.729805787
2023/4/4 20:45,0.7845921
2023/4/4 21:00,0.7143303
2023/4/4 21:15,0.218329213
2023/4/4 21:30,0.113485054
2023/4/4 21:45,0.879008619
2023/4/4 22:00,0.857891392
2023/4/4 22:15,0.750917761
2023/4/4 22:30,0.890555572
2023/4/4 22:45,0.919625503
2023/4/4 23:00,0.70149214
2023/4/4 23:15,0.52487701
2023/4/4 23:30,0.144305029
2023/4/4 23:45,0.042684994
2023/4/5 0:00,0.027287006
2023/4/5 0:15,0.024625291
2023/4/5 0:30,0.022730358
2023/4/5 0:45,0.022817196
2023/4/5 1:00,0.022904831
2023/4/5 1:15,0.022993092
2023/4/5 1:30,0.023081826
2023/4/5 1:45,0.023170897
2023/4/5 2:00,0.023260182
2023/4/5 2:15,0.087335501
2023/4/5 2:30,0.555903225
2023/4/5 2:45,0.725588721
2023/4/5 3:00,0.903455094
2023/4/5 3:15,0.883141903
2023/4/5 3:30,0.923031696
2023/4/5 3:45,0.855114748
2023/4/5 4:00,0.921769729
2023/4/5 4:15,0.926944687
2023/4/5 4:30,0.608341741
2023/4/5 4:45,0.861792385
2023/4/5 5:00,0.48434363
2023/4/5 5:15,0.311077149
2023/4/5 5:30,0.700454107
2023/4/5 5:45,0.508541163
2023/4/5 6:00,0.35036838
2023/4/5 6:15,0.345217154
2023/4/5 6:30,0.282526424
2023/4/5 6:45,0.261438166
2023/4/5 7:00,0.315051023
2023/4/5 7:15,0.337696585
2023/4/5 7:30,0.268932218
2023/4/5 7:45,0.276008914
2023/4/5 8:00,0.224558958
2023/4/5 8:15,0.193284644
2023/4/5 8:30,0.104874838
2023/4/5 8:45,0.026637392
2023/4/5 9:00,0.025606516
2023/4/5 9:15,0.02567205
2023/4/5 9:30,0.025745347
2023/4/5 9:45,0.081024763
2023/4/5 10:00,0.086323184
2023/4/5 10:15,0.040974455
2023/4/5 10:30,0.115332216
2023/4/5 10:45,0.030389397
2023/4/5 11:00,0.026159518
2023/4/5 11:15,0.062814586
2023/4/5 11:30,0.088024199
2023/4/5 11:45,0.035546667
2023/4/5 12:00,0.056290244
2023/4/5 12:15,0.038836284
2023/4/5 12:30,0.11467695
2023/4/5 12:45,0.080244602
2023/4/5 13:00,0.100553182
2023/4/5 13:15,0.102777668
2023/4/5 13:30,0.079026138
2023/4/5 13:45,0.055180505
2023/4/5 14:00,0.057469351
2023/4/5 14:15,0.034743717
2023/4/5 14:30,0.116442052
2023/4/5 14:45,0.158635861
2023/4/5 15:00,0.115121552
2023/4/5 15:15,0.552110476
2023/4/5 15:30,0.916249447
2023/4/5 15:45,0.916211813
2023/4/5 16:00,0.844359577
2023/4/5 16:15,0.43137357
2023/4/5 16:30,0.912992693
2023/4/5 16:45,0.903812705
2023/4/5 17:00,0.198820083
2023/4/5 17:15,0.12029536
2023/4/5 17:30,0.305158481
2023/4/5 17:45,0.245220054
2023/4/5 18:00,0.187631255
2023/4/5 18:15,0.22492789
2023/4/5 18:30,0.199407358
2023/4/5 18:45,0.188648759
2023/4/5 19:00,0.073721202
2023/4/5 19:15,0.066018746
2023/4/5 19:30,0.063222185
2023/4/5 19:45,0.064643211
2023/4/5 20:00,0.072065334
2023/4/5 20:15,0.070971882
2023/4/5 20:30,0.072887566
2023/4/5 20:45,0.077671362
2023/4/5 21:00,0.077201836
2023/4/5 21:15,0.065958255
2023/4/5 21:30,0.177898264
2023/4/5 21:45,0.161720813
2023/4/5 22:00,0.11653162
2023/4/5 22:15,0.101970106
2023/4/5 22:30,0.222189722
2023/4/5 22:45,0.501412588
2023/4/5 23:00,0.591689219
2023/4/5 23:15,0.468441
2023/4/5 23:30,0.336485777
2023/4/5 23:45,0.278975277
2023/4/6 0:00,0.22549225
2023/4/6 0:15,0.233595916
2023/4/6 0:30,0.201804317
2023/4/6 0:45,0.237281566
2023/4/6 1:00,0.22662615
2023/4/6 1:15,0.256415873
2023/4/6 1:30,0.288164616
2023/4/6 1:45,0.278338451
2023/4/6 2:00,0.386150888
2023/4/6 2:15,0.404460691
2023/4/6 2:30,0.358594845
2023/4/6 2:45,0.343123632
2023/4/6 3:00,0.292424643
2023/4/6 3:15,0.288536223
2023/4/6 3:30,0.321125898
2023/4/6 3:45,0.347634404
2023/4/6 4:00,0.377962767
2023/4/6 4:15,0.37492285
2023/4/6 4:30,0.350876934
2023/4/6 4:45,0.407508822
2023/4/6 5:00,0.455665321
2023/4/6 5:15,0.433919069
2023/4/6 5:30,0.32451223
2023/4/6 5:45,0.285934852
2023/4/6 6:00,0.307919762
2023/4/6 6:15,0.332960317
2023/4/6 6:30,0.23658632
2023/4/6 6:45,0.184581772
2023/4/6 7:00,0.14785447
2023/4/6 7:15,0.208108057
2023/4/6 7:30,0.228568172
2023/4/6 7:45,0.241802026
2023/4/6 8:00,0.30882091
2023/4/6 8:15,0.363490036
2023/4/6 8:30,0.396521362
2023/4/6 8:45,0.346329313
2023/4/6 9:00,0.248067846
2023/4/6 9:15,0.333699836
2023/4/6 9:30,0.332713032
2023/4/6 9:45,0.497365884
2023/4/6 10:00,0.714399647
2023/4/6 10:15,0.666175292
2023/4/6 10:30,0.634422312
2023/4/6 10:45,0.622262931
2023/4/6 11:00,0.530313989
2023/4/6 11:15,0.480245336
2023/4/6 11:30,0.483087794
2023/4/6 11:45,0.560492078
2023/4/6 12:00,0.594803186
2023/4/6 12:15,0.525147456
2023/4/6 12:30,0.596347384
2023/4/6 12:45,0.409784594
2023/4/6 13:00,0.308929219
2023/4/6 13:15,0.273839965
2023/4/6 13:30,0.158742847
2023/4/6 13:45,0.162081078
2023/4/6 14:00,0.127072398
2023/4/6 14:15,0.164375691
2023/4/6 14:30,0.17862906
2023/4/6 14:45,0.179287369
2023/4/6 15:00,0.09755662
2023/4/6 15:15,0.098746704
2023/4/6 15:30,0.10451728
2023/4/6 15:45,0.119158026
2023/4/6 16:00,0.11756981
2023/4/6 16:15,0.05775492
2023/4/6 16:30,0.034633512
2023/4/6 16:45,0.102634359
2023/4/6 17:00,0.085989527
2023/4/6 17:15,0.14288364
2023/4/6 17:30,0.255348314
2023/4/6 17:45,0.208178969
2023/4/6 18:00,0.25471606
2023/4/6 18:15,0.263852783
2023/4/6 18:30,0.327935335
2023/4/6 18:45,0.243520299
2023/4/6 19:00,0.25750207
2023/4/6 19:15,0.23792066
2023/4/6 19:30,0.298705118
2023/4/6 19:45,0.459540761
2023/4/6 20:00,0.500681436
2023/4/6 20:15,0.314411341
2023/4/6 20:30,0.260754992
2023/4/6 20:45,0.216482046
2023/4/6 21:00,0.1988664
2023/4/6 21:15,0.220333797
2023/4/6 21:30,0.359124381
2023/4/6 21:45,0.245535988
2023/4/6 22:00,0.253259251
2023/4/6 22:15,0.373404517
2023/4/6 22:30,0.407890757
2023/4/6 22:45,0.453967333
2023/4/6 23:00,0.475821631
2023/4/6 23:15,0.577647109
2023/4/6 23:30,0.523139472
2023/4/6 23:45,0.608975042
2023/4/7 0:00,0.618291433
2023/4/7 0:15,0.649622297
2023/4/7 0:30,0.764679923
2023/4/7 0:45,0.84868801
2023/4/7 1:00,0.848694828
2023/4/7 1:15,0.813861653
2023/4/7 1:30,0.757604711
2023/4/7 1:45,0.726476363
2023/4/7 2:00,0.710282846
2023/4/7 2:15,0.715460801
2023/4/7 2:30,0.627945696
2023/4/7 2:45,0.578831703
2023/4/7 3:00,0.586371899
2023/4/7 3:15,0.613517651
2023/4/7 3:30,0.615801008
2023/4/7 3:45,0.622670581
2023/4/7 4:00,0.569597966
2023/4/7 4:15,0.510226922
2023/4/7 4:30,0.511752725
2023/4/7 4:45,0.534857051
2023/4/7 5:00,0.541186521
2023/4/7 5:15,0.573825615
2023/4/7 5:30,0.648323741
2023/4/7 5:45,0.656798563
2023/4/7 6:00,0.637607128
2023/4/7 6:15,0.6354488
2023/4/7 6:30,0.617851259
2023/4/7 6:45,0.665818708
2023/4/7 7:00,0.619320731
2023/4/7 7:15,0.572207933
2023/4/7 7:30,0.505039902
2023/4/7 7:45,0.521585353
2023/4/7 8:00,0.564976298
2023/4/7 8:15,0.569479343
2023/4/7 8:30,0.523098047
2023/4/7 8:45,0.47306376
2023/4/7 9:00,0.415584032
2023/4/7 9:15,0.491677129
2023/4/7 9:30,0.67213536
2023/4/7 9:45,0.788585029
2023/4/7 10:00,0.782367947
2023/4/7 10:15,0.687430567
2023/4/7 10:30,0.767261204
2023/4/7 10:45,0.756571887
2023/4/7 11:00,0.763979981
2023/4/7 11:15,0.416530169
2023/4/7 11:30,0.146291626
2023/4/7 11:45,0.156277044
2023/4/7 12:00,0.16373235
2023/4/7 12:15,0.219554683
2023/4/7 12:30,0.665179164
2023/4/7 12:45,0.451883847
2023/4/7 13:00,0.696709951
2023/4/7 13:15,0.723225713
2023/4/7 13:30,0.263081724
2023/4/7 13:45,0.768607039
2023/4/7 14:00,0.799400522
2023/4/7 14:15,0.849705679
2023/4/7 14:30,0.699658056
2023/4/7 14:45,0.790965838
2023/4/7 15:00,0.754596885
2023/4/7 15:15,0.764171144
2023/4/7 15:30,0.871317528
2023/4/7 15:45,0.763962132
2023/4/7 16:00,0.674565698
2023/4/7 16:15,0.630643013
2023/4/7 16:30,0.511083819
2023/4/7 16:45,0.525693275
2023/4/7 17:00,0.703904865
2023/4/7 17:15,0.672130026
2023/4/7 17:30,0.843780962
2023/4/7 17:45,0.680549955
2023/4/7 18:00,0.667653459
2023/4/7 18:15,0.71409016
2023/4/7 18:30,0.695212102
2023/4/7 18:45,0.716590038
2023/4/7 19:00,0.70785016
2023/4/7 19:15,0.61627536
2023/4/7 19:30,0.756298883
2023/4/7 19:45,0.761308189
2023/4/7 20:00,0.666957786
2023/4/7 20:15,0.796506706
2023/4/7 20:30,0.72636887
2023/4/7 20:45,0.414542389
2023/4/7 21:00,0.400161965
2023/4/7 21:15,0.478955851
2023/4/7 21:30,0.520143266
2023/4/7 21:45,0.554769423
2023/4/7 22:00,0.710394132
2023/4/7 22:15,0.562205136
2023/4/7 22:30,0.514968425
2023/4/7 22:45,0.207257299
2023/4/7 23:00,0.275275391
2023/4/7 23:15,0.377059317
2023/4/7 23:30,0.236265418
2023/4/7 23:45,0.211262401
2023/4/8 0:00,0.256103667
2023/4/8 0:15,0.254717486
2023/4/8 0:30,0.590105218
2023/4/8 0:45,0.920717874
2023/4/8 1:00,0.926123669
2023/4/8 1:15,0.913485812
2023/4/8 1:30,0.913536481
2023/4/8 1:45,0.928952197
2023/4/8 2:00,0.765063543
2023/4/8 2:15,0.693416189
2023/4/8 2:30,0.644454817
2023/4/8 2:45,0.664793491
2023/4/8 3:00,0.564761278
2023/4/8 3:15,0.681692614
2023/4/8 3:30,0.657880061
2023/4/8 3:45,0.634945011
2023/4/8 4:00,0.616185485
2023/4/8 4:15,0.807108567
2023/4/8 4:30,0.900595979
2023/4/8 4:45,0.772601115
2023/4/8 5:00,0.845917236
2023/4/8 5:15,0.763308984
2023/4/8 5:30,0.742860478
2023/4/8 5:45,0.748971135
2023/4/8 6:00,0.555655234
2023/4/8 6:15,0.46524813
2023/4/8 6:30,0.45567432
2023/4/8 6:45,0.332236829
2023/4/8 7:00,0.43449195
2023/4/8 7:15,0.382928623
2023/4/8 7:30,0.401459315
2023/4/8 7:45,0.482939144
2023/4/8 8:00,0.426459923
2023/4/8 8:15,0.331913584
2023/4/8 8:30,0.177708166
2023/4/8 8:45,0.106845682
2023/4/8 9:00,0.091320122
2023/4/8 9:15,0.145371297
2023/4/8 9:30,0.185528578
2023/4/8 9:45,0.319734439
2023/4/8 10:00,0.375705031
2023/4/8 10:15,0.419104272
2023/4/8 10:30,0.454966546
2023/4/8 10:45,0.588469544
2023/4/8 11:00,0.502900519
2023/4/8 11:15,0.729793759
2023/4/8 11:30,0.592723462
2023/4/8 11:45,0.717456349
2023/4/8 12:00,0.884162608
2023/4/8 12:15,0.83440462
2023/4/8 12:30,0.736693087
2023/4/8 12:45,0.678937127
2023/4/8 13:00,0.68151711
2023/4/8 13:15,0.63178627
2023/4/8 13:30,0.592849302
2023/4/8 13:45,0.483207856
2023/4/8 14:00,0.427583505
2023/4/8 14:15,0.366521576
2023/4/8 14:30,0.438545607
2023/4/8 14:45,0.433997916
2023/4/8 15:00,0.343768189
2023/4/8 15:15,0.349712465
2023/4/8 15:30,0.22808753
2023/4/8 15:45,0.300250094
2023/4/8 16:00,0.278681371
2023/4/8 16:15,0.348893207
2023/4/8 16:30,0.365285587
2023/4/8 16:45,0.318908641
2023/4/8 17:00,0.420551388
2023/4/8 17:15,0.311137995
2023/4/8 17:30,0.388862961
2023/4/8 17:45,0.336680157
2023/4/8 18:00,0.354030377
2023/4/8 18:15,0.191917121
2023/4/8 18:30,0.265402727
2023/4/8 18:45,0.2059246
2023/4/8 19:00,0.289799177
2023/4/8 19:15,0.195137437
2023/4/8 19:30,0.137060806
2023/4/8 19:45,0.16840232
2023/4/8 20:00,0.14805405
2023/4/8 20:15,0.187332423
2023/4/8 20:30,0.199865757
2023/4/8 20:45,0.217966161
2023/4/8 21:00,0.161069048
2023/4/8 21:15,0.164500869
2023/4/8 21:30,0.26806201
2023/4/8 21:45,0.321524882
2023/4/8 22:00,0.367158351
2023/4/8 22:15,0.388342206
2023/4/8 22:30,0.395201401
2023/4/8 22:45,0.350914805
2023/4/8 23:00,0.310819033
2023/4/8 23:15,0.321753011
2023/4/8 23:30,0.30101513
2023/4/8 23:45,0.268761385
2023/4/9 0:00,0.315600975
2023/4/9 0:15,0.323973044
2023/4/9 0:30,0.299200234
2023/4/9 0:45,0.2345823
2023/4/9 1:00,0.283449305
2023/4/9 1:15,0.186967707
2023/4/9 1:30,0.177007463
2023/4/9 1:45,0.172685903
2023/4/9 2:00,0.180479879
2023/4/9 2:15,0.177821636
2023/4/9 2:30,0.165245354
2023/4/9 2:45,0.182085502
2023/4/9 3:00,0.281002435
2023/4/9 3:15,0.186288041
2023/4/9 3:30,0.21915136
2023/4/9 3:45,0.076727692
2023/4/9 4:00,0.041499772
2023/4/9 4:15,0.041656895
2023/4/9 4:30,0.052113095
2023/4/9 4:45,0.045197115
2023/4/9 5:00,0.055939671
2023/4/9 5:15,0.06421966
2023/4/9 5:30,0.059487419
2023/4/9 5:45,0.059529803
2023/4/9 6:00,0.056536885
2023/4/9 6:15,0.052193875
2023/4/9 6:30,0.058878217
2023/4/9 6:45,0.062307997
2023/4/9 7:00,0.057040026
2023/4/9 7:15,0.044854105
2023/4/9 7:30,0.03837687
2023/4/9 7:45,0.050328688
2023/4/9 8:00,0.037400738
2023/4/9 8:15,0.062582445
2023/4/9 8:30,0.100647405
2023/4/9 8:45,0.102637226
2023/4/9 9:00,0.092841185
2023/4/9 9:15,0.129416814
2023/4/9 9:30,0.11371046
2023/4/9 9:45,0.111510944
2023/4/9 10:00,0.078100373
2023/4/9 10:15,0.077497072
2023/4/9 10:30,0.074056861
2023/4/9 10:45,0.060594531
2023/4/9 11:00,0.062308256
2023/4/9 11:15,0.070778661
2023/4/9 11:30,0.081478926
2023/4/9 11:45,0.083866525
2023/4/9 12:00,0.01945975
2023/4/9 12:15,0.01571495
2023/4/9 12:30,0.015289728
2023/4/9 12:45,0.015303837
2023/4/9 13:00,0.015320512
2023/4/9 13:15,0.015339698
2023/4/9 13:30,0.015361306
2023/4/9 13:45,0.015385216
2023/4/9 14:00,0.015411276
2023/4/9 14:15,0.015439307
2023/4/9 14:30,0.015469106
2023/4/9 14:45,0.015500449
2023/4/9 15:00,0.015533095
2023/4/9 15:15,0.01556679
2023/4/9 15:30,0.044951088
2023/4/9 15:45,0.06016712
2023/4/9 16:00,0.015671478
2023/4/9 16:15,0.020635785
2023/4/9 16:30,0.060881776
2023/4/9 16:45,0.022793889
2023/4/9 17:00,0.023470541
2023/4/9 17:15,0.053928332
2023/4/9 17:30,0.109726895
2023/4/9 17:45,0.098770394
2023/4/9 18:00,0.049235301
2023/4/9 18:15,0.023374785
2023/4/9 18:30,0.02437536
2023/4/9 18:45,0.085672502
2023/4/9 19:00,0.140899017
2023/4/9 19:15,0.02867079
2023/4/9 19:30,0.019576618
2023/4/9 19:45,0.150853132
2023/4/9 20:00,0.208150183
2023/4/9 20:15,0.080372818
2023/4/9 20:30,0.028827213
2023/4/9 20:45,0.016031802
2023/4/9 21:00,0.016018861
2023/4/9 21:15,0.021347362
2023/4/9 21:30,0.029880372
2023/4/9 21:45,0.020236095
2023/4/9 22:00,0.058999369
2023/4/9 22:15,0.21091406
2023/4/9 22:30,0.339537507
2023/4/9 22:45,0.273385488
2023/4/9 23:00,0.26836948
2023/4/9 23:15,0.332611661
2023/4/9 23:30,0.553942847
2023/4/9 23:45,0.511224876
2023/4/10 0:00,0.186716687
2023/4/10 0:15,0.107283268
2023/4/10 0:30,0.085770256
2023/4/10 0:45,0.070796526
2023/4/10 1:00,0.082753014
2023/4/10 1:15,0.150437034
2023/4/10 1:30,0.134793956
2023/4/10 1:45,0.077516318
2023/4/10 2:00,0.06136502
2023/4/10 2:15,0.088749472
2023/4/10 2:30,0.062901881
2023/4/10 2:45,0.034123403
2023/4/10 3:00,0.016584217
2023/4/10 3:15,0.007962757
2023/4/10 3:30,0.011943057
2023/4/10 3:45,0.014626321
2023/4/10 4:00,0.014715212
2023/4/10 4:15,0.013879007
2023/4/10 4:30,0.011192827
2023/4/10 4:45,0.008723309
2023/4/10 5:00,0.006687943
2023/4/10 5:15,0.00421588
2023/4/10 5:30,0.000871916
2023/4/10 5:45,0
2023/4/10 6:00,0.000208263
2023/4/10 6:15,0.001435592
2023/4/10 6:30,0.00277079
2023/4/10 6:45,0.004215157
2023/4/10 7:00,0.005881179
2023/4/10 7:15,0.01883235
2023/4/10 7:30,0.004999209
2023/4/10 7:45,0.004018328
2023/4/10 8:00,0.004066883
2023/4/10 8:15,0.003329525
2023/4/10 8:30,0.001024686
2023/4/10 8:45,0.001270897
2023/4/10 9:00,0.006623697
2023/4/10 9:15,0.009171541
2023/4/10 9:30,0.006114016
2023/4/10 9:45,0.00475718
2023/4/10 10:00,0.006806219
2023/4/10 10:15,0.007747602
2023/4/10 10:30,0.006478014
2023/4/10 10:45,0.005284397
2023/4/10 11:00,0.004246781
2023/4/10 11:15,0.002155833
2023/4/10 11:30,0
2023/4/10 11:45,0.013489556
2023/4/10 12:00,0.158302375
2023/4/10 12:15,0.109260734
2023/4/10 12:30,0.183863376
2023/4/10 12:45,0.13858002
2023/4/10 13:00,0.218021982
2023/4/10 13:15,0.281106858
2023/4/10 13:30,0.334707687
2023/4/10 13:45,0.140092244
2023/4/10 14:00,0.269843481
2023/4/10 14:15,0.225133832
2023/4/10 14:30,0.158047041
2023/4/10 14:45,0.154696843
2023/4/10 15:00,0.139131658
2023/4/10 15:15,0.236917308
2023/4/10 15:30,0.149223909
2023/4/10 15:45,0.361122313
2023/4/10 16:00,0.308587424
2023/4/10 16:15,0.240994014
2023/4/10 16:30,0.283020555
2023/4/10 16:45,0.289463251
2023/4/10 17:00,0.239461377
2023/4/10 17:15,0.498043967
2023/4/10 17:30,0.438360555
2023/4/10 17:45,0.218795651
2023/4/10 18:00,0.512367902
2023/4/10 18:15,0.41725135
2023/4/10 18:30,0.391242495
2023/4/10 18:45,0.585770227
2023/4/10 19:00,0.587602014
2023/4/10 19:15,0.384451816
2023/4/10 19:30,0.286520516
2023/4/10 19:45,0.32513834
2023/4/10 20:00,0.526751758
2023/4/10 20:15,0.310121498
2023/4/10 20:30,0.249531668
2023/4/10 20:45,0.156602496
2023/4/10 21:00,0.044334128
2023/4/10 21:15,0.044650287
2023/4/10 21:30,0.027163354
2023/4/10 21:45,0.015776138
2023/4/10 22:00,0.012543817
2023/4/10 22:15,0.015444187
2023/4/10 22:30,0.023794839
2023/4/10 22:45,0.049272012
2023/4/10 23:00,0.058580049
2023/4/10 23:15,0.107836244
2023/4/10 23:30,0.103952773
2023/4/10 23:45,0.130622822
2023/4/11 0:00,0.137489653
2023/4/11 0:15,0.044168915
2023/4/11 0:30,0.030092522
2023/4/11 0:45,0.073437346
2023/4/11 1:00,0.035034266
2023/4/11 1:15,0.023098001
2023/4/11 1:30,0.013135695
2023/4/11 1:45,0.171120522
2023/4/11 2:00,0.146414373
2023/4/11 2:15,0.154230441
2023/4/11 2:30,0.099732276
2023/4/11 2:45,0.168803997
2023/4/11 3:00,0.206740389
2023/4/11 3:15,0.238528414
2023/4/11 3:30,0.254264376
2023/4/11 3:45,0.697880526
2023/4/11 4:00,0.801258585
2023/4/11 4:15,0.905085462
2023/4/11 4:30,0.917522638
2023/4/11 4:45,0.847452791
2023/4/11 5:00,0.637417269
2023/4/11 5:15,0.435343993
2023/4/11 5:30,0.301598131
2023/4/11 5:45,0.33524152
2023/4/11 6:00,0.129486678
2023/4/11 6:15,0.070095198
2023/4/11 6:30,0.043886327
2023/4/11 6:45,0.039832105
2023/4/11 7:00,0.03196986
2023/4/11 7:15,0.032726443
2023/4/11 7:30,0.0726798
2023/4/11 7:45,0.060068622
2023/4/11 8:00,0.029659058
2023/4/11 8:15,0.024687683
2023/4/11 8:30,0.020754684
2023/4/11 8:45,0.020125826
2023/4/11 9:00,0.020371253
2023/4/11 9:15,0.023358479
2023/4/11 9:30,0.022721395
2023/4/11 9:45,0.024416388
2023/4/11 10:00,0.154436021
2023/4/11 10:15,0.241286103
2023/4/11 10:30,0.337128844
2023/4/11 10:45,0.381756937
2023/4/11 11:00,0.507243815
2023/4/11 11:15,0.559338385
2023/4/11 11:30,0.451598302
2023/4/11 11:45,0.476495961
2023/4/11 12:00,0.490240828
2023/4/11 12:15,0.361274099
2023/4/11 12:30,0.304264119
2023/4/11 12:45,0.32370984
2023/4/11 13:00,0.265048196
2023/4/11 13:15,0.285734125
2023/4/11 13:30,0.431429283
2023/4/11 13:45,0.384521795
2023/4/11 14:00,0.287572832
2023/4/11 14:15,0.281151649
2023/4/11 14:30,0.265357932
2023/4/11 14:45,0.181835804
2023/4/11 15:00,0.149245911
2023/4/11 15:15,0.119985582
2023/4/11 15:30,0.018422445
2023/4/11 15:45,0
2023/4/11 16:00,0.01177771
2023/4/11 16:15,0.003563428
2023/4/11 16:30,0.000669519
2023/4/11 16:45,0
2023/4/11 17:00,0
2023/4/11 17:15,0
2023/4/11 17:30,0
2023/4/11 17:45,0.003342821
2023/4/11 18:00,0.020423842
2023/4/11 18:15,0.022375376
2023/4/11 18:30,0.028274598
2023/4/11 18:45,0.031308494
2023/4/11 19:00,0.028606915
2023/4/11 19:15,0.024423968
2023/4/11 19:30,0.017273779
2023/4/11 19:45,0.012510935
2023/4/11 20:00,0.006588068
2023/4/11 20:15,0.056254626
2023/4/11 20:30,0.09909383
2023/4/11 20:45,0.189743843
2023/4/11 21:00,0.163120177
2023/4/11 21:15,0.228392979
2023/4/11 21:30,0.238829514
2023/4/11 21:45,0.157490017
2023/4/11 22:00,0.125935352
2023/4/11 22:15,0.130587072
2023/4/11 22:30,0.191504022
2023/4/11 22:45,0.271707837
2023/4/11 23:00,0.31118717
2023/4/11 23:15,0.407803407
2023/4/11 23:30,0.497383408
2023/4/11 23:45,0.537305297
2023/4/12 0:00,0.586580424
2023/4/12 0:15,0.40973599
2023/4/12 0:30,0.35361851
2023/4/12 0:45,0.638038213
2023/4/12 1:00,0.759295012
2023/4/12 1:15,0.798873858
2023/4/12 1:30,0.843459862
2023/4/12 1:45,0.804936961
2023/4/12 2:00,0.803199102
2023/4/12 2:15,0.657954748
2023/4/12 2:30,0.722738113
2023/4/12 2:45,0.631066287
2023/4/12 3:00,0.35992724
2023/4/12 3:15,0.299054319
2023/4/12 3:30,0.19968969
2023/4/12 3:45,0.231550161
2023/4/12 4:00,0.307651725
2023/4/12 4:15,0.300765972
2023/4/12 4:30,0.345362726
2023/4/12 4:45,0.334709738
2023/4/12 5:00,0.348961278
2023/4/12 5:15,0.378526118
2023/4/12 5:30,0.315245552
2023/4/12 5:45,0.319518408
2023/4/12 6:00,0.387851616
2023/4/12 6:15,0.639581689
2023/4/12 6:30,0.546461341
2023/4/12 6:45,0.709046833
2023/4/12 7:00,0.881358423
2023/4/12 7:15,0.859574418
2023/4/12 7:30,0.896724509
2023/4/12 7:45,0.796968724
2023/4/12 8:00,0.908805577
2023/4/12 8:15,0.848778123
2023/4/12 8:30,0.688718685
2023/4/12 8:45,0.681491606
2023/4/12 9:00,0.729985268
2023/4/12 9:15,0.923570473
2023/4/12 9:30,0.765047206
2023/4/12 9:45,0.881071175
2023/4/12 10:00,0.875083084
2023/4/12 10:15,0.879186148
2023/4/12 10:30,0.964241146
2023/4/12 10:45,0.872510212
2023/4/12 11:00,0.961977547
2023/4/12 11:15,0.974609031
2023/4/12 11:30,0.968034061
2023/4/12 11:45,0.966815652
2023/4/12 12:00,0.894347418
2023/4/12 12:15,0.221812027
2023/4/12 12:30,0
2023/4/12 12:45,0.284099815
2023/4/12 13:00,0.894195894
2023/4/12 13:15,0.894129758
2023/4/12 13:30,0.836158463
2023/4/12 13:45,0.650557266
2023/4/12 14:00,0.745308507
2023/4/12 14:15,0.478117264
2023/4/12 14:30,0.493688291
2023/4/12 14:45,0.37222999
2023/4/12 15:00,0.274855795
2023/4/12 15:15,0.264175489
2023/4/12 15:30,0.246051376
2023/4/12 15:45,0.746169803
2023/4/12 16:00,0.734877869
2023/4/12 16:15,0.714011468
2023/4/12 16:30,0.740310942
2023/4/12 16:45,0.673029861
2023/4/12 17:00,0.57338975
2023/4/12 17:15,0.556806879
2023/4/12 17:30,0.566659483
2023/4/12 17:45,0.498130626
2023/4/12 18:00,0.455090164
2023/4/12 18:15,0.340763012
2023/4/12 18:30,0.626498501
2023/4/12 18:45,0.474136606
2023/4/12 19:00,0.565646191
2023/4/12 19:15,0.581097505
2023/4/12 19:30,0.486688961
2023/4/12 19:45,0.448346303
2023/4/12 20:00,0.351508515
2023/4/12 20:15,0.301859562
2023/4/12 20:30,0.300990249
2023/4/12 20:45,0.313555131
2023/4/12 21:00,0.355963938
2023/4/12 21:15,0.26834922
2023/4/12 21:30,0.284396987
2023/4/12 21:45,0.360681407
2023/4/12 22:00,0.277045643
2023/4/12 22:15,0.271396817
2023/4/12 22:30,0.15111884
2023/4/12 22:45,0.275368601
2023/4/12 23:00,0.305874143
2023/4/12 23:15,0.294337897
2023/4/12 23:30,0.380174375
2023/4/12 23:45,0.320199717
2023/4/13 0:00,0.32705178
2023/4/13 0:15,0.304572787
2023/4/13 0:30,0.236255784
2023/4/13 0:45,0.200537717
2023/4/13 1:00,0.210918345
2023/4/13 1:15,0.193017596
2023/4/13 1:30,0.176150197
2023/4/13 1:45,0.165901062
2023/4/13 2:00,0.124410962
2023/4/13 2:15,0.145570937
2023/4/13 2:30,0.158106554
2023/4/13 2:45,0.128491047
2023/4/13 3:00,0.111190536
2023/4/13 3:15,0.118240218
2023/4/13 3:30,0.100540226
2023/4/13 3:45,0.112601354
2023/4/13 4:00,0.136763052
2023/4/13 4:15,0.108365373
2023/4/13 4:30,0.132585554
2023/4/13 4:45,0.135370152
2023/4/13 5:00,0.119548659
2023/4/13 5:15,0.135170708
2023/4/13 5:30,0.123552622
2023/4/13 5:45,0.129157027
2023/4/13 6:00,0.185976807
2023/4/13 6:15,0.201672304
2023/4/13 6:30,0.20762932
2023/4/13 6:45,0.190213101
2023/4/13 7:00,0.181399227
2023/4/13 7:15,0.196599883
2023/4/13 7:30,0.179072818
2023/4/13 7:45,0.186343777
2023/4/13 8:00,0.188808353
2023/4/13 8:15,0.164252333
2023/4/13 8:30,0.155808741
2023/4/13 8:45,0.093776833
2023/4/13 9:00,0.091224529
2023/4/13 9:15,0.112475057
2023/4/13 9:30,0.141319093
2023/4/13 9:45,0.121526048
2023/4/13 10:00,0.116422669
2023/4/13 10:15,0.057491384
2023/4/13 10:30,0.041795788
2023/4/13 10:45,0.038794417
2023/4/13 11:00,0.041094415
2023/4/13 11:15,0.043558857
2023/4/13 11:30,0.04635046
2023/4/13 11:45,0.047568802
2023/4/13 12:00,0.029712226
2023/4/13 12:15,0.030687995
2023/4/13 12:30,0.038837439
2023/4/13 12:45,0.042944934
2023/4/13 13:00,0.038967112
2023/4/13 13:15,0.035149336
2023/4/13 13:30,0.031650233
2023/4/13 13:45,0.028486366
2023/4/13 14:00,0.025991548
2023/4/13 14:15,0.024582803
2023/4/13 14:30,0.025344762
2023/4/13 14:45,0.025659074
2023/4/13 15:00,0.025076622
2023/4/13 15:15,0.023851633
2023/4/13 15:30,0.021340069
2023/4/13 15:45,0.019577861
2023/4/13 16:00,0.019312848
2023/4/13 16:15,0.019189721
2023/4/13 16:30,0.019287695
2023/4/13 16:45,0.019387026
2023/4/13 17:00,0.019487634
2023/4/13 17:15,0.019589424
2023/4/13 17:30,0.019692276
2023/4/13 17:45,0.019796053
2023/4/13 18:00,0.019900595
2023/4/13 18:15,0.020005723
2023/4/13 18:30,0.02011124
2023/4/13 18:45,0.020216928
2023/4/13 19:00,0.020322557
2023/4/13 19:15,0.02042788
2023/4/13 19:30,0.02053264
2023/4/13 19:45,0.020636569
2023/4/13 20:00,0.020739393
2023/4/13 20:15,0.020840835
2023/4/13 20:30,0.035846392
2023/4/13 20:45,0.084068348
2023/4/13 21:00,0.043907123
2023/4/13 21:15,0.044186733
2023/4/13 21:30,0.035897807
2023/4/13 21:45,0.056052955
2023/4/13 22:00,0.036454155
2023/4/13 22:15,0.021569891
2023/4/13 22:30,0.021646935
2023/4/13 22:45,0.021720121
2023/4/13 23:00,0.021789274
2023/4/13 23:15,0.02185424
2023/4/13 23:30,0.021914883
2023/4/13 23:45,0.021971089
2023/4/14 0:00,0.0134851
2023/4/14 0:15,0.01352803
2023/4/14 0:30,0.013569092
2023/4/14 0:45,0.013608116
2023/4/14 1:00,0.013644937
2023/4/14 1:15,0.02054886
2023/4/14 1:30,0.021652901
2023/4/14 1:45,0.025853863
2023/4/14 2:00,0.026201543
2023/4/14 2:15,0.026422887
2023/4/14 2:30,0.036622327
2023/4/14 2:45,0.032951927
2023/4/14 3:00,0.030950744
2023/4/14 3:15,0.039860291
2023/4/14 3:30,0.038543571
2023/4/14 3:45,0.036201031
2023/4/14 4:00,0.028398134
2023/4/14 4:15,0.028627497
2023/4/14 4:30,0.040038758
2023/4/14 4:45,0.044619696
2023/4/14 5:00,0.040491252
2023/4/14 5:15,0.03696756
2023/4/14 5:30,0.0374898
2023/4/14 5:45,0.034790473
2023/4/14 6:00,0.038480464
2023/4/14 6:15,0.037229787
2023/4/14 6:30,0.035248321
2023/4/14 6:45,0.039763033
2023/4/14 7:00,0.037501011
2023/4/14 7:15,0.031146532
2023/4/14 7:30,0.035307434
2023/4/14 7:45,0.033346107
2023/4/14 8:00,0.035736441
2023/4/14 8:15,0.035097861
2023/4/14 8:30,0.038687177
2023/4/14 8:45,0.034978649
2023/4/14 9:00,0.02161939
2023/4/14 9:15,0.021859458
2023/4/14 9:30,0.020163726
2023/4/14 9:45,0.07645663
2023/4/14 10:00,0.130782283
2023/4/14 10:15,0.189532318
2023/4/14 10:30,0.197858502
2023/4/14 10:45,0.330938559
2023/4/14 11:00,0.357193206
2023/4/14 11:15,0.572704545
2023/4/14 11:30,0.723379388
2023/4/14 11:45,0.726266389
2023/4/14 12:00,0.687268616
2023/4/14 12:15,0.791774978
2023/4/14 12:30,0.631960869
2023/4/14 12:45,0.837835868
2023/4/14 13:00,0.234443627
2023/4/14 13:15,0.005959285
2023/4/14 13:30,0.003764915
2023/4/14 13:45,0.002878971
2023/4/14 14:00,0.006131975
2023/4/14 14:15,0.239911575
2023/4/14 14:30,0.681737777
2023/4/14 14:45,0.74674468
2023/4/14 15:00,0.883911273
2023/4/14 15:15,0.905733552
2023/4/14 15:30,0.867077414
2023/4/14 15:45,0.884524195
2023/4/14 16:00,0.899078596
2023/4/14 16:15,0.896384085
2023/4/14 16:30,0.898808597
2023/4/14 16:45,0.894892017
2023/4/14 17:00,0.896231431
2023/4/14 17:15,0.881078313
2023/4/14 17:30,0.879718197
2023/4/14 17:45,0.89797348
2023/4/14 18:00,0.897351736
2023/4/14 18:15,0.893993314
2023/4/14 18:30,0.897710373
2023/4/14 18:45,0.897338602
2023/4/14 19:00,0.863244199
2023/4/14 19:15,0.894336404
2023/4/14 19:30,0.89719368
2023/4/14 19:45,0.782579648
2023/4/14 20:00,0.40052185
2023/4/14 20:15,0.293861596
2023/4/14 20:30,0.896837513
2023/4/14 20:45,0.892374663
2023/4/14 21:00,0.861552435
2023/4/14 21:15,0.588035437
2023/4/14 21:30,0.239042695
2023/4/14 21:45,0.755999811
2023/4/14 22:00,0.476965394
2023/4/14 22:15,0.535133382
2023/4/14 22:30,0.350190319
2023/4/14 22:45,0.285184499
2023/4/14 23:00,0.222284196
2023/4/14 23:15,0.172292593
2023/4/14 23:30,0.260185982
2023/4/14 23:45,0.313514809
2023/4/15 0:00,0.43026855
2023/4/15 0:15,0.179934589
2023/4/15 0:30,0.335537227
2023/4/15 0:45,0.63121843
2023/4/15 1:00,0.82129358
2023/4/15 1:15,0.84406452
2023/4/15 1:30,0.623934088
2023/4/15 1:45,0.404290541
2023/4/15 2:00,0.42249632
2023/4/15 2:15,0.199171658
2023/4/15 2:30,0.206954406
2023/4/15 2:45,0.138827615
2023/4/15 3:00,0.211035418
2023/4/15 3:15,0.154566904
2023/4/15 3:30,0.091319607
2023/4/15 3:45,0.072564011
2023/4/15 4:00,0.057275401
2023/4/15 4:15,0.088671609
2023/4/15 4:30,0.08529939
2023/4/15 4:45,0.100318575
2023/4/15 5:00,0.105259979
2023/4/15 5:15,0.187652919
2023/4/15 5:30,0.574985486
2023/4/15 5:45,0.644683386
2023/4/15 6:00,0.84641336
2023/4/15 6:15,0.652974096
2023/4/15 6:30,0.542907252
2023/4/15 6:45,0.657142745
2023/4/15 7:00,0.550507948
2023/4/15 7:15,0.481545168
2023/4/15 7:30,0.456748169
2023/4/15 7:45,0.469918907
2023/4/15 8:00,0.537105536
2023/4/15 8:15,0.527654476
2023/4/15 8:30,0.545284504
2023/4/15 8:45,0.588722803
2023/4/15 9:00,0.584872978
2023/4/15 9:15,0.48404511
2023/4/15 9:30,0.445171
2023/4/15 9:45,0.426946017
2023/4/15 10:00,0.42783403
2023/4/15 10:15,0.435913823
2023/4/15 10:30,0.367117008
2023/4/15 10:45,0.300730366
2023/4/15 11:00,0.244830345
2023/4/15 11:15,0.237625619
2023/4/15 11:30,0.209934251
2023/4/15 11:45,0.206581067
2023/4/15 12:00,0.182375463
2023/4/15 12:15,0.107298561
2023/4/15 12:30,0.081300512
2023/4/15 12:45,0.058801104
2023/4/15 13:00,0.029023266
2023/4/15 13:15,0.022238
2023/4/15 13:30,0.033130368
2023/4/15 13:45,0.043636981
2023/4/15 14:00,0.074112498
2023/4/15 14:15,0.057616788
2023/4/15 14:30,0.071208705
2023/4/15 14:45,0.23979257
2023/4/15 15:00,0.507881906
2023/4/15 15:15,0.656773444
2023/4/15 15:30,0.453769022
2023/4/15 15:45,0.462943506
2023/4/15 16:00,0.832324722
2023/4/15 16:15,0.527221981
2023/4/15 16:30,0.66829561
2023/4/15 16:45,0.5709673
2023/4/15 17:00,0.49567598
2023/4/15 17:15,0.55045816
2023/4/15 17:30,0.605028255
2023/4/15 17:45,0.535852426
2023/4/15 18:00,0.513425209
2023/4/15 18:15,0.44414541
2023/4/15 18:30,0.370719966
2023/4/15 18:45,0.515883167
2023/4/15 19:00,0.401178844
2023/4/15 19:15,0.681054498
2023/4/15 19:30,0.50365191
2023/4/15 19:45,0.324219182
2023/4/15 20:00,0.314557901
2023/4/15 20:15,0.520396768
2023/4/15 20:30,0.326335183
2023/4/15 20:45,0.359369076
2023/4/15 21:00,0.408041417
2023/4/15 21:15,0.438759501
2023/4/15 21:30,0.594155182
2023/4/15 21:45,0.529719847
2023/4/15 22:00,0.458535547
2023/4/15 22:15,0.128743666
2023/4/15 22:30,0.079497483
2023/4/15 22:45,0.067133773
2023/4/15 23:00,0.047482787
2023/4/15 23:15,0.065326934
2023/4/15 23:30,0.021239004
2023/4/15 23:45,0.015057354
2023/4/16 0:00,0.042019964
2023/4/16 0:15,0.065531586
2023/4/16 0:30,0.055816607
2023/4/16 0:45,0.246969677
2023/4/16 1:00,0.335535246
2023/4/16 1:15,0.225426671
2023/4/16 1:30,0.234343165
2023/4/16 1:45,0.240746602
2023/4/16 2:00,0.277854459
2023/4/16 2:15,0.366842271
2023/4/16 2:30,0.334919736
2023/4/16 2:45,0.39008127
2023/4/16 3:00,0.48525308
2023/4/16 3:15,0.340385124
2023/4/16 3:30,0.305033082
2023/4/16 3:45,0.428329631
2023/4/16 4:00,0.458186054
2023/4/16 4:15,0.403391756
2023/4/16 4:30,0.398733254
2023/4/16 4:45,0.420466815
2023/4/16 5:00,0.416832806
2023/4/16 5:15,0.378353866
2023/4/16 5:30,0.430797814
2023/4/16 5:45,0.456775627
2023/4/16 6:00,0.480238539
2023/4/16 6:15,0.544736548
2023/4/16 6:30,0.5126357
2023/4/16 6:45,0.52181402
2023/4/16 7:00,0.68189812
2023/4/16 7:15,0.594725484
2023/4/16 7:30,0.70352229
2023/4/16 7:45,0.89860297
2023/4/16 8:00,0.922351303
2023/4/16 8:15,0.8927058
2023/4/16 8:30,0.863346284
2023/4/16 8:45,0.65519289
2023/4/16 9:00,0.894521962
2023/4/16 9:15,0.887156647
2023/4/16 9:30,0.720958211
2023/4/16 9:45,0.910543484
2023/4/16 10:00,0.929986653
2023/4/16 10:15,0.932145628
2023/4/16 10:30,0.92999057
2023/4/16 10:45,0.928431434
2023/4/16 11:00,0.929371414
2023/4/16 11:15,0.129825139
2023/4/16 11:30,0.491361675
2023/4/16 11:45,0.468778623
2023/4/16 12:00,0.53731491
2023/4/16 12:15,0.33234164
2023/4/16 12:30,0.172917623
2023/4/16 12:45,0.171190527
2023/4/16 13:00,0.053417938
2023/4/16 13:15,0.026397017
2023/4/16 13:30,0.025084896
2023/4/16 13:45,0.02418494
2023/4/16 14:00,0.024109518
2023/4/16 14:15,0.023271031
2023/4/16 14:30,0.020906926
2023/4/16 14:45,0.032343937
2023/4/16 15:00,0.261086318
2023/4/16 15:15,0.27403536
2023/4/16 15:30,0.192712685
2023/4/16 15:45,0.208060567
2023/4/16 16:00,0.139266325
2023/4/16 16:15,0.188444354
2023/4/16 16:30,0.183509265
2023/4/16 16:45,0.133722187
2023/4/16 17:00,0.147183564
2023/4/16 17:15,0.170589129
2023/4/16 17:30,0.158039061
2023/4/16 17:45,0.329577576
2023/4/16 18:00,0.272968611
2023/4/16 18:15,0.186973798
2023/4/16 18:30,0.053816922
2023/4/16 18:45,0.151400289
2023/4/16 19:00,0.274189942
2023/4/16 19:15,0.31731976
2023/4/16 19:30,0.228343571
2023/4/16 19:45,0.283132919
2023/4/16 20:00,0.386559031
2023/4/16 20:15,0.445318152
2023/4/16 20:30,0.401637599
2023/4/16 20:45,0.264479979
2023/4/16 21:00,0.265756116
2023/4/16 21:15,0.363758367
2023/4/16 21:30,0.516425872
2023/4/16 21:45,0.492471162
2023/4/16 22:00,0.508664993
2023/4/16 22:15,0.545712623
2023/4/16 22:30,0.51119557
2023/4/16 22:45,0.512753447
2023/4/16 23:00,0.491060797
2023/4/16 23:15,0.741640051
2023/4/16 23:30,0.701322548
2023/4/16 23:45,0.679667173
2023/4/17 0:00,0.802747104
2023/4/17 0:15,0.712431407
2023/4/17 0:30,0.723201092
2023/4/17 0:45,0.644140705
2023/4/17 1:00,0.606247945
2023/4/17 1:15,0.546006298
2023/4/17 1:30,0.563177876
2023/4/17 1:45,0.524687054
2023/4/17 2:00,0.464501097
2023/4/17 2:15,0.428763182
2023/4/17 2:30,0.441802637
2023/4/17 2:45,0.530016725
2023/4/17 3:00,0.55553613
2023/4/17 3:15,0.51752861
2023/4/17 3:30,0.5518186
2023/4/17 3:45,0.60648362
2023/4/17 4:00,0.589193815
2023/4/17 4:15,0.600896525
2023/4/17 4:30,0.612595318
2023/4/17 4:45,0.61912544
2023/4/17 5:00,0.579380412
2023/4/17 5:15,0.541260783
2023/4/17 5:30,0.546102174
2023/4/17 5:45,0.542527795
2023/4/17 6:00,0.500066364
2023/4/17 6:15,0.522580275
2023/4/17 6:30,0.495070062
2023/4/17 6:45,0.436118575
2023/4/17 7:00,0.479889541
2023/4/17 7:15,0.468660419
2023/4/17 7:30,0.460658759
2023/4/17 7:45,0.424101619
2023/4/17 8:00,0.377147436
2023/4/17 8:15,0.323935426
2023/4/17 8:30,0.3587196
2023/4/17 8:45,0.255878083
2023/4/17 9:00,0.342156337
2023/4/17 9:15,0.417273268
2023/4/17 9:30,0.423006737
2023/4/17 9:45,0.433587764
2023/4/17 10:00,0.379068934
2023/4/17 10:15,0.33849187
2023/4/17 10:30,0.339839757
2023/4/17 10:45,0.351408413
2023/4/17 11:00,0.392410205
2023/4/17 11:15,0.285913612
2023/4/17 11:30,0.346054728
2023/4/17 11:45,0.256048464
2023/4/17 12:00,0.249660802
2023/4/17 12:15,0.228830831
2023/4/17 12:30,0.210074981
2023/4/17 12:45,0.166975042
2023/4/17 13:00,0.114728232
2023/4/17 13:15,0.119826885
2023/4/17 13:30,0.043286978
2023/4/17 13:45,0.041389416
2023/4/17 14:00,0.052129854
2023/4/17 14:15,0.047557307
2023/4/17 14:30,0.046731032
2023/4/17 14:45,0.052203896
2023/4/17 15:00,0.063500525
2023/4/17 15:15,0.045723533
2023/4/17 15:30,0.041002536
2023/4/17 15:45,0.054698961
2023/4/17 16:00,0.056841573
2023/4/17 16:15,0.063494572
2023/4/17 16:30,0.055813075
2023/4/17 16:45,0.054129344
2023/4/17 17:00,0.051083964
2023/4/17 17:15,0.055456549
2023/4/17 17:30,0.059002317
2023/4/17 17:45,0.068579889
2023/4/17 18:00,0.064427017
2023/4/17 18:15,0.076672568
2023/4/17 18:30,0.042112269
2023/4/17 18:45,0.085015751
2023/4/17 19:00,0.082078047
2023/4/17 19:15,0.083710738
2023/4/17 19:30,0.083060272
2023/4/17 19:45,0.07844524
2023/4/17 20:00,0.048952448
2023/4/17 20:15,0.073726565
2023/4/17 20:30,0.050957858
2023/4/17 20:45,0.056005655
2023/4/17 21:00,0.064539733
2023/4/17 21:15,0.044563211
2023/4/17 21:30,0.07948159
2023/4/17 21:45,0.094658155
2023/4/17 22:00,0.127416612
2023/4/17 22:15,0.159935492
2023/4/17 22:30,0.188387497
2023/4/17 22:45,0.252869451
2023/4/17 23:00,0.353736042
2023/4/17 23:15,0.311270288
2023/4/17 23:30,0.29660208
2023/4/17 23:45,0.232838834
2023/4/18 0:00,0.132345832
2023/4/18 0:15,0.089866174
2023/4/18 0:30,0.07430183
2023/4/18 0:45,0.076859279
2023/4/18 1:00,0.079415562
2023/4/18 1:15,0.081970834
2023/4/18 1:30,0.078871926
2023/4/18 1:45,0.065877492
2023/4/18 2:00,0.081953968
2023/4/18 2:15,0.080252983
2023/4/18 2:30,0.049467955
2023/4/18 2:45,0.041588552
2023/4/18 3:00,0.033147451
2023/4/18 3:15,0.047883871
2023/4/18 3:30,0.071369489
2023/4/18 3:45,0.072253878
2023/4/18 4:00,0.077577105
2023/4/18 4:15,0.064393708
2023/4/18 4:30,0.032439844
2023/4/18 4:45,0.032851684
2023/4/18 5:00,0.029695987
2023/4/18 5:15,0.022121575
2023/4/18 5:30,0.010277718
2023/4/18 5:45,0.014571868
2023/4/18 6:00,0.012082656
2023/4/18 6:15,0.004776427
2023/4/18 6:30,0
2023/4/18 6:45,0
2023/4/18 7:00,0
2023/4/18 7:15,0
2023/4/18 7:30,0
2023/4/18 7:45,0
2023/4/18 8:00,0.037660175
2023/4/18 8:15,0.068182304
2023/4/18 8:30,0.05254352
2023/4/18 8:45,0.038386593
2023/4/18 9:00,0.028112066
2023/4/18 9:15,0.013885988
2023/4/18 9:30,0
2023/4/18 9:45,0
2023/4/18 10:00,0
2023/4/18 10:15,0
2023/4/18 10:30,0.006632385
2023/4/18 10:45,0
2023/4/18 11:00,0
2023/4/18 11:15,0.115022666
2023/4/18 11:30,0.140150756
2023/4/18 11:45,0.088586588
2023/4/18 12:00,0.078117932
2023/4/18 12:15,0.03484889
2023/4/18 12:30,0.0160516
2023/4/18 12:45,0.001425173
2023/4/18 13:00,0.000371038
2023/4/18 13:15,0.000301217
2023/4/18 13:30,0.000236163
2023/4/18 13:45,0.000175955
2023/4/18 14:00,0.000120573
2023/4/18 14:15,6.99E-05
2023/4/18 14:30,2.37E-05
2023/4/18 14:45,0
2023/4/18 15:00,0
2023/4/18 15:15,0
2023/4/18 15:30,0
2023/4/18 15:45,0.005268873
2023/4/18 16:00,0.007030454
2023/4/18 16:15,0.010717296
2023/4/18 16:30,0.01599478
2023/4/18 16:45,0.015989
2023/4/18 17:00,0.013400171
2023/4/18 17:15,0.013620686
2023/4/18 17:30,0.011738782
2023/4/18 17:45,0.012927942
2023/4/18 18:00,0.015583689
2023/4/18 18:15,0.017787241
2023/4/18 18:30,0.027010529
2023/4/18 18:45,0.025152541
2023/4/18 19:00,0.015865277
2023/4/18 19:15,0.01772473
2023/4/18 19:30,0.016335005
2023/4/18 19:45,0.017773575
2023/4/18 20:00,0.033026768
2023/4/18 20:15,0.040270812
2023/4/18 20:30,0.018816635
2023/4/18 20:45,0.0104135
2023/4/18 21:00,0.004341895
2023/4/18 21:15,0.006174656
2023/4/18 21:30,0.006901163
2023/4/18 21:45,0
2023/4/18 22:00,0
2023/4/18 22:15,0
2023/4/18 22:30,0.040727154
2023/4/18 22:45,0.008855411
2023/4/18 23:00,0
2023/4/18 23:15,0
2023/4/18 23:30,0
2023/4/18 23:45,0
2023/4/19 0:00,0.003689867
2023/4/19 0:15,0.005267516
2023/4/19 0:30,0.01029677
2023/4/19 0:45,0.190965281
2023/4/19 1:00,0.310347622
2023/4/19 1:15,0.412694813
2023/4/19 1:30,0.30932091
2023/4/19 1:45,0.435215098
2023/4/19 2:00,0.541710375
2023/4/19 2:15,0.460279081
2023/4/19 2:30,0.392999021
2023/4/19 2:45,0.359014927
2023/4/19 3:00,0.345251786
2023/4/19 3:15,0.337074016
2023/4/19 3:30,0.325094423
2023/4/19 3:45,0.317110385
2023/4/19 4:00,0.410635284
2023/4/19 4:15,0.190065929
2023/4/19 4:30,0.26007213
2023/4/19 4:45,0.308103238
2023/4/19 5:00,0.273479802
2023/4/19 5:15,0.346475024
2023/4/19 5:30,0.33238739
2023/4/19 5:45,0.320870867
2023/4/19 6:00,0.268759133
2023/4/19 6:15,0.116163846
2023/4/19 6:30,0.073714417
2023/4/19 6:45,0.1115874
2023/4/19 7:00,0.123271298
2023/4/19 7:15,0.25396167
2023/4/19 7:30,0.358442644
2023/4/19 7:45,0.225422211
2023/4/19 8:00,0.275440269
2023/4/19 8:15,0.334088931
2023/4/19 8:30,0.382297105
2023/4/19 8:45,0.371242076
2023/4/19 9:00,0.340326398
2023/4/19 9:15,0.367636774
2023/4/19 9:30,0.33794276
2023/4/19 9:45,0.3576465
2023/4/19 10:00,0.284012729
2023/4/19 10:15,0.377374074
2023/4/19 10:30,0.443923176
2023/4/19 10:45,0.44771037
2023/4/19 11:00,0.47646713
2023/4/19 11:15,0.530094462
2023/4/19 11:30,0.663485297
2023/4/19 11:45,0.648922841
2023/4/19 12:00,0.683273391
2023/4/19 12:15,0.617772196
2023/4/19 12:30,0.47747402
2023/4/19 12:45,0.50114688
2023/4/19 13:00,0.516671813
2023/4/19 13:15,0.475531649
2023/4/19 13:30,0.441513613
2023/4/19 13:45,0.470838569
2023/4/19 14:00,0.262243898
2023/4/19 14:15,0.359283298
2023/4/19 14:30,0.408326256
2023/4/19 14:45,0.260290214
2023/4/19 15:00,0.282277036
2023/4/19 15:15,0.146996163
2023/4/19 15:30,0.08955187
2023/4/19 15:45,0.130190988
2023/4/19 16:00,0.001746914
2023/4/19 16:15,0.236238754
2023/4/19 16:30,0.147289188
2023/4/19 16:45,0.177380699
2023/4/19 17:00,0.094247853
2023/4/19 17:15,0.202476938
2023/4/19 17:30,0.155150328
2023/4/19 17:45,0.147244716
2023/4/19 18:00,0.210737511
2023/4/19 18:15,0.188561856
2023/4/19 18:30,0.180372076
2023/4/19 18:45,0.30203229
2023/4/19 19:00,0.346002177
2023/4/19 19:15,0.251649412
2023/4/19 19:30,0.33838446
2023/4/19 19:45,0.377574621
2023/4/19 20:00,0.211001277
2023/4/19 20:15,0.264601141
2023/4/19 20:30,0.230695671
2023/4/19 20:45,0.13221509
2023/4/19 21:00,0.184278283
2023/4/19 21:15,0.265286281
2023/4/19 21:30,0.325807055
2023/4/19 21:45,0.355380845
2023/4/19 22:00,0.270279881
2023/4/19 22:15,0.284850502
2023/4/19 22:30,0.262786202
2023/4/19 22:45,0.301554906
2023/4/19 23:00,0.275381161
2023/4/19 23:15,0.318713103
2023/4/19 23:30,0.445118097
2023/4/19 23:45,0.465675534
2023/4/20 0:00,0.586898936
2023/4/20 0:15,0.579332297
2023/4/20 0:30,0.578117687
2023/4/20 0:45,0.430991835
2023/4/20 1:00,0.395221459
2023/4/20 1:15,0.379308797
2023/4/20 1:30,0.300410611
2023/4/20 1:45,0.277900199
2023/4/20 2:00,0.269933972
2023/4/20 2:15,0.225401005
2023/4/20 2:30,0.193114668
2023/4/20 2:45,0.164257137
2023/4/20 3:00,0.149912525
2023/4/20 3:15,0.154141188
2023/4/20 3:30,0.129289025
2023/4/20 3:45,0.118364905
2023/4/20 4:00,0.120962666
2023/4/20 4:15,0.129344586
2023/4/20 4:30,0.132256637
2023/4/20 4:45,0.151651281
2023/4/20 5:00,0.175649958
2023/4/20 5:15,0.163086451
2023/4/20 5:30,0.138923413
2023/4/20 5:45,0.122582685
2023/4/20 6:00,0.10311813
2023/4/20 6:15,0.084045441
2023/4/20 6:30,0.08366773
2023/4/20 6:45,0.1025498
2023/4/20 7:00,0.098019082
2023/4/20 7:15,0.078309424
2023/4/20 7:30,0.070337263
2023/4/20 7:45,0.072942002
2023/4/20 8:00,0.062793863
2023/4/20 8:15,0.049606836
2023/4/20 8:30,0.046262009
2023/4/20 8:45,0.040549932
2023/4/20 9:00,0.034160656
2023/4/20 9:15,0.015897141
2023/4/20 9:30,0.02390303
2023/4/20 9:45,0.036814358
2023/4/20 10:00,0.044508727
2023/4/20 10:15,0.016736856
2023/4/20 10:30,0.0100677
2023/4/20 10:45,0.009965917
2023/4/20 11:00,0.009858198
2023/4/20 11:15,0.009745092
2023/4/20 11:30,0.009627177
2023/4/20 11:45,0.009505054
2023/4/20 12:00,0.021631967
2023/4/20 12:15,0.020919106
2023/4/20 12:30,0.020583229
2023/4/20 12:45,0.020490882
2023/4/20 13:00,0.020889199
2023/4/20 13:15,0.021838264
2023/4/20 13:30,0.02389166
2023/4/20 13:45,0.024685297
2023/4/20 14:00,0.0229616
2023/4/20 14:15,0.022594785
2023/4/20 14:30,0.024943391
2023/4/20 14:45,0.02720604
2023/4/20 15:00,0.029298028
2023/4/20 15:15,0.031049569
2023/4/20 15:30,0.113913517
2023/4/20 15:45,0.070580371
2023/4/20 16:00,0.097547861
2023/4/20 16:15,0.089636691
2023/4/20 16:30,0.03485422
2023/4/20 16:45,0.113517254
2023/4/20 17:00,0.174494363
2023/4/20 17:15,0.247552155
2023/4/20 17:30,0.143993296
2023/4/20 17:45,0.130327256
2023/4/20 18:00,0.13681045
2023/4/20 18:15,0.121195264
2023/4/20 18:30,0.15421552
2023/4/20 18:45,0.159507661
2023/4/20 19:00,0.110130295
2023/4/20 19:15,0.163685824
2023/4/20 19:30,0.154565543
2023/4/20 19:45,0.108241085
2023/4/20 20:00,0.065019695
2023/4/20 20:15,0.039757676
2023/4/20 20:30,0.053343491
2023/4/20 20:45,0.072007899
2023/4/20 21:00,0.12064732
2023/4/20 21:15,0.084317891
2023/4/20 21:30,0.112125698
2023/4/20 21:45,0.1392125
2023/4/20 22:00,0.141017139
2023/4/20 22:15,0.180837832
2023/4/20 22:30,0.330407479
2023/4/20 22:45,0.384112428
2023/4/20 23:00,0.317045443
2023/4/20 23:15,0.207562349
2023/4/20 23:30,0.150362796
2023/4/20 23:45,0.102962336
2023/4/21 0:00,0.042791954
2023/4/21 0:15,0.077845155
2023/4/21 0:30,0.061810848
2023/4/21 0:45,0.08878375
2023/4/21 1:00,0.055006319
2023/4/21 1:15,0.018985722
2023/4/21 1:30,0.015200655
2023/4/21 1:45,0.013350416
2023/4/21 2:00,0.012228463
2023/4/21 2:15,0.013001042
2023/4/21 2:30,0.017558775
2023/4/21 2:45,0.023364658
2023/4/21 3:00,0.031663032
2023/4/21 3:15,0.035655653
2023/4/21 3:30,0.031033154
2023/4/21 3:45,0.026864533
2023/4/21 4:00,0.073242869
2023/4/21 4:15,0.134930652
2023/4/21 4:30,0.097261711
2023/4/21 4:45,0.06207648
2023/4/21 5:00,0.063106281
2023/4/21 5:15,0.082382387
2023/4/21 5:30,0.078552197
2023/4/21 5:45,0.070180129
2023/4/21 6:00,0.067946679
2023/4/21 6:15,0.043172555
2023/4/21 6:30,0.028831174
2023/4/21 6:45,0.026993215
2023/4/21 7:00,0.054060947
2023/4/21 7:15,0.07223105
2023/4/21 7:30,0.103927148
2023/4/21 7:45,0.211045379
2023/4/21 8:00,0.091681462
2023/4/21 8:15,0.120800282
2023/4/21 8:30,0.153677197
2023/4/21 8:45,0.143697562
2023/4/21 9:00,0.095333668
2023/4/21 9:15,0.087672549
2023/4/21 9:30,0.108454526
2023/4/21 9:45,0.150152283
2023/4/21 10:00,0.179012757
2023/4/21 10:15,0.142186631
2023/4/21 10:30,0.148293776
2023/4/21 10:45,0.145564905
2023/4/21 11:00,0.126840198
2023/4/21 11:15,0.148974815
2023/4/21 11:30,0.119718778
2023/4/21 11:45,0.126432726
2023/4/21 12:00,0.041595485
2023/4/21 12:15,0
2023/4/21 12:30,0
2023/4/21 12:45,0
2023/4/21 13:00,0
2023/4/21 13:15,0
2023/4/21 13:30,0
2023/4/21 13:45,0.022428658
2023/4/21 14:00,0.12400691
2023/4/21 14:15,0.061599984
2023/4/21 14:30,0.092755991
2023/4/21 14:45,0.102550235
2023/4/21 15:00,0.177043291
2023/4/21 15:15,0.143063619
2023/4/21 15:30,0.379415183
2023/4/21 15:45,0.236453533
2023/4/21 16:00,0.196420265
2023/4/21 16:15,0.402349859
2023/4/21 16:30,0.310314552
2023/4/21 16:45,0.390044815
2023/4/21 17:00,0.445741888
2023/4/21 17:15,0.377730252
2023/4/21 17:30,0.182246281
2023/4/21 17:45,0.202780476
2023/4/21 18:00,0.081872894
2023/4/21 18:15,0.369201751
2023/4/21 18:30,0.328743286
2023/4/21 18:45,0.372515321
2023/4/21 19:00,0.293758431
2023/4/21 19:15,0.196875992
2023/4/21 19:30,0.147155407
2023/4/21 19:45,0.07405825
2023/4/21 20:00,0.035815597
2023/4/21 20:15,0.010151428
2023/4/21 20:30,0.004682432
2023/4/21 20:45,0.004408603
2023/4/21 21:00,0.006194991
2023/4/21 21:15,0.008190585
2023/4/21 21:30,0.01060335
2023/4/21 21:45,0.012271624
2023/4/21 22:00,0.012449449
2023/4/21 22:15,0.012136631
2023/4/21 22:30,0.010840771
2023/4/21 22:45,0.009662626
2023/4/21 23:00,0.008717856
2023/4/21 23:15,0.007090209
2023/4/21 23:30,0.004094493
2023/4/21 23:45,0.003835281
2023/4/22 0:00,0.026545401
2023/4/22 0:15,0.00122371
2023/4/22 0:30,0.003446067
2023/4/22 0:45,0
2023/4/22 1:00,0
2023/4/22 1:15,0
2023/4/22 1:30,0
2023/4/22 1:45,0
2023/4/22 2:00,0.038121053
2023/4/22 2:15,0.087429069
2023/4/22 2:30,0.090676865
2023/4/22 2:45,0.101748448
2023/4/22 3:00,0.088603528
2023/4/22 3:15,0.100138766
2023/4/22 3:30,0.092341301
2023/4/22 3:45,0.115484135
2023/4/22 4:00,0.131802661
2023/4/22 4:15,0.118668932
2023/4/22 4:30,0.120679013
2023/4/22 4:45,0.113233736
2023/4/22 5:00,0.094521463
2023/4/22 5:15,0.097487701
2023/4/22 5:30,0.115987623
2023/4/22 5:45,0.09696583
2023/4/22 6:00,0.090620779
2023/4/22 6:15,0.101140135
2023/4/22 6:30,0.107433162
2023/4/22 6:45,0.109080664
2023/4/22 7:00,0.137692233
2023/4/22 7:15,0.108822245
2023/4/22 7:30,0.074521246
2023/4/22 7:45,0.039961723
2023/4/22 8:00,0.039635684
2023/4/22 8:15,0.022652126
2023/4/22 8:30,0.047529015
2023/4/22 8:45,0.047484507
2023/4/22 9:00,0.027088703
2023/4/22 9:15,0.002979938
2023/4/22 9:30,0
2023/4/22 9:45,0
2023/4/22 10:00,0.006871678
2023/4/22 10:15,0.00768308
2023/4/22 10:30,0.0225036
2023/4/22 10:45,0.014439688
2023/4/22 11:00,0
2023/4/22 11:15,0.001584518
2023/4/22 11:30,0.014136559
2023/4/22 11:45,0.011288162
2023/4/22 12:00,0.003314333
2023/4/22 12:15,0.00708698
2023/4/22 12:30,0.005546495
2023/4/22 12:45,0.00889667
2023/4/22 13:00,0.00572859
2023/4/22 13:15,0.002201738
2023/4/22 13:30,0.002045308
2023/4/22 13:45,0.002056277
2023/4/22 14:00,0.002060595
2023/4/22 14:15,0.008623501
2023/4/22 14:30,0.046608039
2023/4/22 14:45,0.02234143
2023/4/22 15:00,0.077292825
2023/4/22 15:15,0.164560955
2023/4/22 15:30,0.255074661
2023/4/22 15:45,0.189236592
2023/4/22 16:00,0.190428306
2023/4/22 16:15,0.290047924
2023/4/22 16:30,0.372183384
2023/4/22 16:45,0.313349018
2023/4/22 17:00,0.725103688
2023/4/22 17:15,0.821115611
2023/4/22 17:30,0.678545588
2023/4/22 17:45,0.483542779
2023/4/22 18:00,0.453375463
2023/4/22 18:15,0.377409433
2023/4/22 18:30,0.485363665
2023/4/22 18:45,0.461612285
2023/4/22 19:00,0.494280512
2023/4/22 19:15,0.390626971
2023/4/22 19:30,0.327143674
2023/4/22 19:45,0.269329435
2023/4/22 20:00,0.144977932
2023/4/22 20:15,0.150119764
2023/4/22 20:30,0.158840594
2023/4/22 20:45,0.207348635
2023/4/22 21:00,0.224059835
2023/4/22 21:15,0.110408221
2023/4/22 21:30,0.046707052
2023/4/22 21:45,0.037525875
2023/4/22 22:00,0.130353993
2023/4/22 22:15,0.222535381
2023/4/22 22:30,0.367042031
2023/4/22 22:45,0.441187396
2023/4/22 23:00,0.301858088
2023/4/22 23:15,0.51480153
2023/4/22 23:30,0.448799989
2023/4/22 23:45,0.250363567
2023/4/23 0:00,0.278013289
2023/4/23 0:15,0.291078958
2023/4/23 0:30,0.267035427
2023/4/23 0:45,0.177786533
2023/4/23 1:00,0.160172765
2023/4/23 1:15,0.170989506
2023/4/23 1:30,0.218096628
2023/4/23 1:45,0.281268942
2023/4/23 2:00,0.23651493
2023/4/23 2:15,0.190628649
2023/4/23 2:30,0.144579742
2023/4/23 2:45,0.237936091
2023/4/23 3:00,0.117191517
2023/4/23 3:15,0.30470221
2023/4/23 3:30,0.206447778
2023/4/23 3:45,0.283189871
2023/4/23 4:00,0.271860033
2023/4/23 4:15,0.315542609
2023/4/23 4:30,0.194912585
2023/4/23 4:45,0.154899529
2023/4/23 5:00,0.065272662
2023/4/23 5:15,0.070673096
2023/4/23 5:30,0.131059467
2023/4/23 5:45,0.163309871
2023/4/23 6:00,0.176128642
2023/4/23 6:15,0.20266844
2023/4/23 6:30,0.207981832
2023/4/23 6:45,0.146918815
2023/4/23 7:00,0.037338578
2023/4/23 7:15,0
2023/4/23 7:30,0.000397655
2023/4/23 7:45,0
2023/4/23 8:00,0.000274206
2023/4/23 8:15,0.000733835
2023/4/23 8:30,0.000220992
2023/4/23 8:45,0
2023/4/23 9:00,0
2023/4/23 9:15,0.175732056
2023/4/23 9:30,0.297626842
2023/4/23 9:45,0.609120955
2023/4/23 10:00,0.821624572
2023/4/23 10:15,0.871623381
2023/4/23 10:30,0.868620512
2023/4/23 10:45,0.745524607
2023/4/23 11:00,0.708996462
2023/4/23 11:15,0.529673984
2023/4/23 11:30,0.265892059
2023/4/23 11:45,0.236759154
2023/4/23 12:00,0.15172483
2023/4/23 12:15,0.079984855
2023/4/23 12:30,0.033663824
2023/4/23 12:45,0.34596603
2023/4/23 13:00,0.392636666
2023/4/23 13:15,0.502911278
2023/4/23 13:30,0.654768823
2023/4/23 13:45,0.550540902
2023/4/23 14:00,0.73911618
2023/4/23 14:15,0.679553691
2023/4/23 14:30,0.762790007
2023/4/23 14:45,0.72878824
2023/4/23 15:00,0.84629369
2023/4/23 15:15,0.834023694
2023/4/23 15:30,0.862154781
2023/4/23 15:45,0.88816014
2023/4/23 16:00,0.886413659
2023/4/23 16:15,0.888056068
2023/4/23 16:30,0.853209564
2023/4/23 16:45,0.88793443
2023/4/23 17:00,0.888183393
2023/4/23 17:15,0.520982922
2023/4/23 17:30,0.882431729
2023/4/23 17:45,0.700098564
2023/4/23 18:00,0
2023/4/23 18:15,0.13375678
2023/4/23 18:30,0.85779578
2023/4/23 18:45,0.718907808
2023/4/23 19:00,0.624915772
2023/4/23 19:15,0.418107331
2023/4/23 19:30,0.273403409
2023/4/23 19:45,0.181948162
2023/4/23 20:00,0.111952858
2023/4/23 20:15,0.121057506
2023/4/23 20:30,0.093650554
2023/4/23 20:45,0.078889081
2023/4/23 21:00,0.043687912
2023/4/23 21:15,0.022286498
2023/4/23 21:30,0
2023/4/23 21:45,0
2023/4/23 22:00,0
2023/4/23 22:15,0.049258508
2023/4/23 22:30,0.141051748
2023/4/23 22:45,0.268417194
2023/4/23 23:00,0.258565038
2023/4/23 23:15,0.142111946
2023/4/23 23:30,0.069779192
2023/4/23 23:45,0.058358058
2023/4/24 0:00,0.006731922
2023/4/24 0:15,0.010561404
2023/4/24 0:30,0.016347786
2023/4/24 0:45,0.007284593
2023/4/24 1:00,0.014499081
2023/4/24 1:15,0.00314227
2023/4/24 1:30,0
2023/4/24 1:45,0
2023/4/24 2:00,0.002864367
2023/4/24 2:15,0
2023/4/24 2:30,0
2023/4/24 2:45,0
2023/4/24 3:00,0
2023/4/24 3:15,0
2023/4/24 3:30,0
2023/4/24 3:45,0
2023/4/24 4:00,0
2023/4/24 4:15,0.002096721
2023/4/24 4:30,0.003263335
2023/4/24 4:45,0.003058499
2023/4/24 5:00,0
2023/4/24 5:15,0
2023/4/24 5:30,0
2023/4/24 5:45,0.000110903
2023/4/24 6:00,0.000270174
2023/4/24 6:15,0.04804917
2023/4/24 6:30,0.071359911
2023/4/24 6:45,0.044675754
2023/4/24 7:00,0.056074852
2023/4/24 7:15,0.071985787
2023/4/24 7:30,0.075714241
2023/4/24 7:45,0.084728501
2023/4/24 8:00,0.044862776
2023/4/24 8:15,0.019722277
2023/4/24 8:30,0.02689988
2023/4/24 8:45,0.027325619
2023/4/24 9:00,0.034654985
2023/4/24 9:15,0.035919102
2023/4/24 9:30,0.046248629
2023/4/24 9:45,0.058044017
2023/4/24 10:00,0.090529216
2023/4/24 10:15,0.061020784
2023/4/24 10:30,0.052915511
2023/4/24 10:45,0.04779749
2023/4/24 11:00,0.052001071
2023/4/24 11:15,0.035590691
2023/4/24 11:30,0.030379087
2023/4/24 11:45,0.009994376
2023/4/24 12:00,0.051882389
2023/4/24 12:15,0.041242017
2023/4/24 12:30,0.037223191
2023/4/24 12:45,0.055382022
2023/4/24 13:00,0.056003103
2023/4/24 13:15,0.070165527
2023/4/24 13:30,0.080746262
2023/4/24 13:45,0.073321575
2023/4/24 14:00,0.067367734
2023/4/24 14:15,0.06706937
2023/4/24 14:30,0.060367384
2023/4/24 14:45,0.053904194
2023/4/24 15:00,0.057596366
2023/4/24 15:15,0.07095981
2023/4/24 15:30,0.074298328
2023/4/24 15:45,0.059563957
2023/4/24 16:00,0.0784048
2023/4/24 16:15,0.145837549
2023/4/24 16:30,0.168682075
2023/4/24 16:45,0.181777778
2023/4/24 17:00,0.082434553
2023/4/24 17:15,0.166067695
2023/4/24 17:30,0.209061402
2023/4/24 17:45,0.196581135
2023/4/24 18:00,0.103015305
2023/4/24 18:15,0.096338101
2023/4/24 18:30,0.140665482
2023/4/24 18:45,0.0638143
2023/4/24 19:00,0.05340353
2023/4/24 19:15,0.110846108
2023/4/24 19:30,0.091244675
2023/4/24 19:45,0.054052272
2023/4/24 20:00,0.062659923
2023/4/24 20:15,0.071171708
2023/4/24 20:30,0.028099613
2023/4/24 20:45,0.016769676
2023/4/24 21:00,0.018446575
2023/4/24 21:15,0.02219515
2023/4/24 21:30,0.000210414
2023/4/24 21:45,0.091066131
2023/4/24 22:00,0.133791167
2023/4/24 22:15,0.126521764
2023/4/24 22:30,0.071599041
2023/4/24 22:45,0.063308004
2023/4/24 23:00,0.074777927
2023/4/24 23:15,0.114020769
2023/4/24 23:30,0.126368123
2023/4/24 23:45,0.116841402
2023/4/25 0:00,0.042523593
2023/4/25 0:15,0.024213641
2023/4/25 0:30,0.024525925
2023/4/25 0:45,0.025596414
2023/4/25 1:00,0.027237961
2023/4/25 1:15,0.028569659
2023/4/25 1:30,0.029284206
2023/4/25 1:45,0.029304687
2023/4/25 2:00,0.02794014
2023/4/25 2:15,0.026946152
2023/4/25 2:30,0.026696685
2023/4/25 2:45,0.025571718
2023/4/25 3:00,0.022699154
2023/4/25 3:15,0.02080044
2023/4/25 3:30,0.020791359
2023/4/25 3:45,0.069593938
2023/4/25 4:00,0.085700394
2023/4/25 4:15,0.119129609
2023/4/25 4:30,0.166877838
2023/4/25 4:45,0.167087802
2023/4/25 5:00,0.144069233
2023/4/25 5:15,0.146361151
2023/4/25 5:30,0.129764703
2023/4/25 5:45,0.140847612
2023/4/25 6:00,0.16517516
2023/4/25 6:15,0.185482965
2023/4/25 6:30,0.269021995
2023/4/25 6:45,0.252885614
2023/4/25 7:00,0.169943082
2023/4/25 7:15,0.187378366
2023/4/25 7:30,0.175627228
2023/4/25 7:45,0.163545108
2023/4/25 8:00,0.221555416
2023/4/25 8:15,0.172605891
2023/4/25 8:30,0.121995619
2023/4/25 8:45,0.126837338
2023/4/25 9:00,0.073200211
2023/4/25 9:15,0.090721931
2023/4/25 9:30,0.098299202
2023/4/25 9:45,0.02089934
2023/4/25 10:00,0.020928396
2023/4/25 10:15,0.020956197
2023/4/25 10:30,0.406851167
2023/4/25 10:45,0.120989137
2023/4/25 11:00,0.021026014
2023/4/25 11:15,0.021042914
2023/4/25 11:30,0.021055825
2023/4/25 11:45,0.021064358
2023/4/25 12:00,0.023234711
2023/4/25 12:15,0.027439574
2023/4/25 12:30,0.022692824
2023/4/25 12:45,0.11110957
2023/4/25 13:00,0.223374508
2023/4/25 13:15,0.167980262
2023/4/25 13:30,0.225601318
2023/4/25 13:45,0.260244134
2023/4/25 14:00,0.16183635
2023/4/25 14:15,0.427059894
2023/4/25 14:30,0.250289395
2023/4/25 14:45,0.171990991
2023/4/25 15:00,0.428541703
2023/4/25 15:15,0.596115806
2023/4/25 15:30,0.010150101
2023/4/25 15:45,0.017940083
2023/4/25 16:00,0.012850042
2023/4/25 16:15,0.007557986
2023/4/25 16:30,0.017728467
2023/4/25 16:45,0.014574283
2023/4/25 17:00,0.00987269
2023/4/25 17:15,0.010890982
2023/4/25 17:30,0.01248997
2023/4/25 17:45,0.004645987
2023/4/25 18:00,0.253919567
2023/4/25 18:15,0.047140994
2023/4/25 18:30,0.015249149
2023/4/25 18:45,0.014625621
2023/4/25 19:00,0.015330337
2023/4/25 19:15,0.018657242
2023/4/25 19:30,0.523819165
2023/4/25 19:45,0.907882776
2023/4/25 20:00,0.715585734
2023/4/25 20:15,0.648289346
2023/4/25 20:30,0.684058213
2023/4/25 20:45,0.516174117
2023/4/25 21:00,0.383092241
2023/4/25 21:15,0.422619855
2023/4/25 21:30,0.492262423
2023/4/25 21:45,0.709277858
2023/4/25 22:00,0.559521622
2023/4/25 22:15,0.543982916
2023/4/25 22:30,0.522118967
2023/4/25 22:45,0.705845058
2023/4/25 23:00,0.559859262
2023/4/25 23:15,0.53867987
2023/4/25 23:30,0.40744685
2023/4/25 23:45,0.474490875
2023/4/26 0:00,0.27762384
2023/4/26 0:15,0.23515488
2023/4/26 0:30,0.222585684
2023/4/26 0:45,0.13068874
2023/4/26 1:00,0.119149197
2023/4/26 1:15,0.124588458
2023/4/26 1:30,0.107641733
2023/4/26 1:45,0.069696073
2023/4/26 2:00,0.032534542
2023/4/26 2:15,0.034031613
2023/4/26 2:30,0.039377239
2023/4/26 2:45,0.04295273
2023/4/26 3:00,0.033456331
2023/4/26 3:15,0.014447281
2023/4/26 3:30,0.014483053
2023/4/26 3:45,0.062862327
2023/4/26 4:00,0.034789471
2023/4/26 4:15,0.034421746
2023/4/26 4:30,0.075268215
2023/4/26 4:45,0.053009483
2023/4/26 5:00,0.014716282
2023/4/26 5:15,0.014761259
2023/4/26 5:30,0.014808772
2023/4/26 5:45,0.014859048
2023/4/26 6:00,0.014912269
2023/4/26 6:15,0.015704578
2023/4/26 6:30,0.017236046
2023/4/26 6:45,0.016927347
2023/4/26 7:00,0.01587917
2023/4/26 7:15,0.015225033
2023/4/26 7:30,0.01529661
2023/4/26 7:45,0.015370831
2023/4/26 8:00,0.015447442
2023/4/26 8:15,0.019142637
2023/4/26 8:30,0.026495548
2023/4/26 8:45,0.026655352
2023/4/26 9:00,0.026972054
2023/4/26 9:15,0.026765913
2023/4/26 9:30,0.025513061
2023/4/26 9:45,0.024821695
2023/4/26 10:00,0.025253103
2023/4/26 10:15,0.02537046
2023/4/26 10:30,0.024860368
2023/4/26 10:45,0.023958547
2023/4/26 11:00,0.022274772
2023/4/26 11:15,0.022730788
2023/4/26 11:30,0.027468713
2023/4/26 11:45,0.029481584
2023/4/26 12:00,0.014864041
2023/4/26 12:15,0.027042098
2023/4/26 12:30,0.034961938
2023/4/26 12:45,0.038472062
2023/4/26 13:00,0.039266016
2023/4/26 13:15,0.041243159
2023/4/26 13:30,0.096363566
2023/4/26 13:45,0.668171233
2023/4/26 14:00,0.81031579
2023/4/26 14:15,0.759730719
2023/4/26 14:30,0.799458021
2023/4/26 14:45,0.778592966
2023/4/26 15:00,0.851359298
2023/4/26 15:15,0.876043017
2023/4/26 15:30,0.902259131
2023/4/26 15:45,0.850434977
2023/4/26 16:00,0.903859093
2023/4/26 16:15,0.907378538
2023/4/26 16:30,0.902233958
2023/4/26 16:45,0.79334376
2023/4/26 17:00,0.808113249
2023/4/26 17:15,0.890012755
2023/4/26 17:30,0.910683055
2023/4/26 17:45,0.882916925
2023/4/26 18:00,0.851568134
2023/4/26 18:15,0.907510073
2023/4/26 18:30,0.624087227
2023/4/26 18:45,0.908311613
2023/4/26 19:00,0.902654147
2023/4/26 19:15,0.821031756
2023/4/26 19:30,0.911642255
2023/4/26 19:45,0.801746477
2023/4/26 20:00,0.90934552
2023/4/26 20:15,0.790098576
2023/4/26 20:30,0.011782429
2023/4/26 20:45,0.729287681
2023/4/26 21:00,0.856222994
2023/4/26 21:15,0.861854283
2023/4/26 21:30,0.844071802
2023/4/26 21:45,0.818194694
2023/4/26 22:00,0.730585624
2023/4/26 22:15,0.636063212
2023/4/26 22:30,0.858107252
2023/4/26 22:45,0.91904288
2023/4/26 23:00,0.89253144
2023/4/26 23:15,0.819873319
2023/4/26 23:30,0.860905427
2023/4/26 23:45,0.522547921
2023/4/27 0:00,0.465875964
2023/4/27 0:15,0.755955313
2023/4/27 0:30,0.547666439
2023/4/27 0:45,0.087001753
2023/4/27 1:00,0.007290794
2023/4/27 1:15,0.007188533
2023/4/27 1:30,0.00708378
2023/4/27 1:45,0.006976326
2023/4/27 2:00,0.006866013
2023/4/27 2:15,0.15249254
2023/4/27 2:30,0.127871725
2023/4/27 2:45,0.117922871
2023/4/27 3:00,0.047093095
2023/4/27 3:15,0.04817306
2023/4/27 3:30,0.041460321
2023/4/27 3:45,0.040549768
2023/4/27 4:00,0.005883448
2023/4/27 4:15,0.007818829
2023/4/27 4:30,0.037676125
2023/4/27 4:45,0.052096279
2023/4/27 5:00,0.05659495
2023/4/27 5:15,0.06805656
2023/4/27 5:30,0.104194053
2023/4/27 5:45,0.15667963
2023/4/27 6:00,0.080579636
2023/4/27 6:15,0.085732956
2023/4/27 6:30,0.118292439
2023/4/27 6:45,0.140646285
2023/4/27 7:00,0.093162716
2023/4/27 7:15,0.137283667
2023/4/27 7:30,0.083265443
2023/4/27 7:45,0.055838931
2023/4/27 8:00,0.102198884
2023/4/27 8:15,0.085537765
2023/4/27 8:30,0.050920164
2023/4/27 8:45,0.047902821
2023/4/27 9:00,0.039455383
2023/4/27 9:15,0.079466583
2023/4/27 9:30,0.064699711
2023/4/27 9:45,0.066524356
2023/4/27 10:00,0.030534037
2023/4/27 10:15,0.017425179
2023/4/27 10:30,0.017446854
2023/4/27 10:45,0.02128337
2023/4/27 11:00,0.026590041
2023/4/27 11:15,0.03127106
2023/4/27 11:30,0.120645601
2023/4/27 11:45,0.143436465
2023/4/27 12:00,0.151049342
2023/4/27 12:15,0.218674701
2023/4/27 12:30,0.228007894
2023/4/27 12:45,0.355494785
2023/4/27 13:00,0.395031148
2023/4/27 13:15,0.239352793
2023/4/27 13:30,0.089616587
2023/4/27 13:45,0.08960507
2023/4/27 14:00,0.089585435
2023/4/27 14:15,0.089418681
2023/4/27 14:30,0.082150235
2023/4/27 14:45,0.077467711
2023/4/27 15:00,0.065061988
2023/4/27 15:15,0.686667527
2023/4/27 15:30,0.887651497
2023/4/27 15:45,0.748914649
2023/4/27 16:00,0.910424404
2023/4/27 16:15,0.827684415
2023/4/27 16:30,0.807055063
2023/4/27 16:45,0.882431864
2023/4/27 17:00,0.808839051
2023/4/27 17:15,0.878272969
2023/4/27 17:30,0.973578822
2023/4/27 17:45,0.985977552
2023/4/27 18:00,0.944786636
2023/4/27 18:15,0.911453358
2023/4/27 18:30,0.89227195
2023/4/27 18:45,0.888757514
2023/4/27 19:00,0.891749344
2023/4/27 19:15,0.896969186
2023/4/27 19:30,0.886996432
2023/4/27 19:45,0.888868341
2023/4/27 20:00,0.88894536
2023/4/27 20:15,0.134657432
2023/4/27 20:30,0
2023/4/27 20:45,0
2023/4/27 21:00,0
2023/4/27 21:15,0.29298299
2023/4/27 21:30,0.851281017
2023/4/27 21:45,0.888669397
2023/4/27 22:00,0.888792801
2023/4/27 22:15,0.775793499
2023/4/27 22:30,0
2023/4/27 22:45,0.71036593
2023/4/27 23:00,0.887780523
2023/4/27 23:15,0.12213568
2023/4/27 23:30,0.010624417
2023/4/27 23:45,0.088869083
2023/4/28 0:00,0.048137079
2023/4/28 0:15,0.03533431
2023/4/28 0:30,0.031732767
2023/4/28 0:45,0.029151615
2023/4/28 1:00,0.028610534
2023/4/28 1:15,0.029496351
2023/4/28 1:30,0.032359229
2023/4/28 1:45,0.033182406
2023/4/28 2:00,0.02948759
2023/4/28 2:15,0.027079462
2023/4/28 2:30,0.027244244
2023/4/28 2:45,0.033973247
2023/4/28 3:00,0.053830239
2023/4/28 3:15,0.069560254
2023/4/28 3:30,0.077035803
2023/4/28 3:45,0.081587982
2023/4/28 4:00,0.080292786
2023/4/28 4:15,0.108589751
2023/4/28 4:30,0.151571902
2023/4/28 4:45,0.136513453
2023/4/28 5:00,0.129046888
2023/4/28 5:15,0.116609749
2023/4/28 5:30,0.117630679
2023/4/28 5:45,0.116401092
2023/4/28 6:00,0.112486279
2023/4/28 6:15,0.095324446
2023/4/28 6:30,0.097183382
2023/4/28 6:45,0.089144929
2023/4/28 7:00,0.097230659
2023/4/28 7:15,0.089042991
2023/4/28 7:30,0.073122258
2023/4/28 7:45,0.069230186
2023/4/28 8:00,0.070378278
2023/4/28 8:15,0.035018535
2023/4/28 8:30,0.033094159
2023/4/28 8:45,0.030839765
2023/4/28 9:00,0.027089694
2023/4/28 9:15,0.023334592
2023/4/28 9:30,0.043461271
2023/4/28 9:45,0.17289568
2023/4/28 10:00,0.182002346
2023/4/28 10:15,0.427468708
2023/4/28 10:30,0.4739896
2023/4/28 10:45,0.667961142
2023/4/28 11:00,0.765987659
2023/4/28 11:15,0.765717564
2023/4/28 11:30,0.693565703
2023/4/28 11:45,0.744272551
2023/4/28 12:00,0.753506661
2023/4/28 12:15,0.795651406
2023/4/28 12:30,0.129482567
2023/4/28 12:45,0.094606642
2023/4/28 13:00,0
2023/4/28 13:15,0
2023/4/28 13:30,0
2023/4/28 13:45,0
2023/4/28 14:00,0
2023/4/28 14:15,0
2023/4/28 14:30,0
2023/4/28 14:45,0
2023/4/28 15:00,0
2023/4/28 15:15,0
2023/4/28 15:30,0
2023/4/28 15:45,0
2023/4/28 16:00,0
2023/4/28 16:15,0
2023/4/28 16:30,0
2023/4/28 16:45,0
2023/4/28 17:00,0.162084739
2023/4/28 17:15,0.065341559
2023/4/28 17:30,0.030185468
2023/4/28 17:45,0
2023/4/28 18:00,0
2023/4/28 18:15,0
2023/4/28 18:30,0
2023/4/28 18:45,0
2023/4/28 19:00,0
2023/4/28 19:15,0.003695237
2023/4/28 19:30,0.006313293
2023/4/28 19:45,0.559226693
2023/4/28 20:00,0.900234082
2023/4/28 20:15,0.898794535
2023/4/28 20:30,0.897737025
2023/4/28 20:45,0.891240488
2023/4/28 21:00,0.773333841
2023/4/28 21:15,0.614143222
2023/4/28 21:30,0.78139986
2023/4/28 21:45,0.522175537
2023/4/28 22:00,0.339811908
2023/4/28 22:15,0.416149603
2023/4/28 22:30,0.453601432
2023/4/28 22:45,0.487303543
2023/4/28 23:00,0.59567287
2023/4/28 23:15,0.623145987
2023/4/28 23:30,0.655270376
2023/4/28 23:45,0.341445922
2023/4/29 0:00,0.198460232
2023/4/29 0:15,0.197199092
2023/4/29 0:30,0.1015001
2023/4/29 0:45,0.108770738
2023/4/29 1:00,0.222672334
2023/4/29 1:15,0.191121728
2023/4/29 1:30,0.164722888
2023/4/29 1:45,0.09702463
2023/4/29 2:00,0.067046031
2023/4/29 2:15,0.063635284
2023/4/29 2:30,0.047984029
2023/4/29 2:45,0.07219325
2023/4/29 3:00,0.063916495
2023/4/29 3:15,0.037842098
2023/4/29 3:30,0.024476234
2023/4/29 3:45,0.028848588
2023/4/29 4:00,0.052643986
2023/4/29 4:15,0.027601389
2023/4/29 4:30,0.032997253
2023/4/29 4:45,0.059043326
2023/4/29 5:00,0.101462564
2023/4/29 5:15,0.09771928
2023/4/29 5:30,0.078607601
2023/4/29 5:45,0.062144428
2023/4/29 6:00,0.07835771
2023/4/29 6:15,0.061850662
2023/4/29 6:30,0.058079486
2023/4/29 6:45,0.047080705
2023/4/29 7:00,0.050155038
2023/4/29 7:15,0.076797832
2023/4/29 7:30,0.075908103
2023/4/29 7:45,0.057908771
2023/4/29 8:00,0.082630046
2023/4/29 8:15,0.097463136
2023/4/29 8:30,0.085820362
2023/4/29 8:45,0.075833699
2023/4/29 9:00,0.051750942
2023/4/29 9:15,0.102130524
2023/4/29 9:30,0.168639704
2023/4/29 9:45,0.216126701
2023/4/29 10:00,0.292835877
2023/4/29 10:15,0.283061839
2023/4/29 10:30,0.393554105
2023/4/29 10:45,0.415149726
2023/4/29 11:00,0.409389859
2023/4/29 11:15,0.430283066
2023/4/29 11:30,0.520063635
2023/4/29 11:45,0.49941489
2023/4/29 12:00,0.554286056
2023/4/29 12:15,0.51668864
2023/4/29 12:30,0.626896507
2023/4/29 12:45,0.701292249
2023/4/29 13:00,0.719876641
2023/4/29 13:15,0.607665026
2023/4/29 13:30,0.364037796
2023/4/29 13:45,0.288053314
2023/4/29 14:00,0.649546345
2023/4/29 14:15,0.183475419
2023/4/29 14:30,0.181962167
2023/4/29 14:45,0.612389463
2023/4/29 15:00,0.438562678
2023/4/29 15:15,0.044110548
2023/4/29 15:30,0.003528364
2023/4/29 15:45,0.009329953
2023/4/29 16:00,0.007622716
2023/4/29 16:15,0.009013016
2023/4/29 16:30,0.010889221
2023/4/29 16:45,0.317546668
2023/4/29 17:00,0.830087372
2023/4/29 17:15,0.793273378
2023/4/29 17:30,0.772632367
2023/4/29 17:45,0.761489919
2023/4/29 18:00,0.872618474
2023/4/29 18:15,0.723641351
2023/4/29 18:30,0.851454422
2023/4/29 18:45,0.782565839
2023/4/29 19:00,0.772511952
2023/4/29 19:15,0.766847866
2023/4/29 19:30,0.772392224
2023/4/29 19:45,0.691056906
2023/4/29 20:00,0.762429991
2023/4/29 20:15,0.866757956
2023/4/29 20:30,0.802728426
2023/4/29 20:45,0.689036917
2023/4/29 21:00,0.688122155
2023/4/29 21:15,0.710856445
2023/4/29 21:30,0.553392447
2023/4/29 21:45,0.632925011
2023/4/29 22:00,0.767622439
2023/4/29 22:15,0.717557199
2023/4/29 22:30,0.742874761
2023/4/29 22:45,0.783152311
2023/4/29 23:00,0.795601787
2023/4/29 23:15,0.876290004
2023/4/29 23:30,0.901788935
2023/4/29 23:45,0.803160979
2023/4/30 0:00,0.761069987
2023/4/30 0:15,0.740608347
2023/4/30 0:30,0.682357088
2023/4/30 0:45,0.614681641
2023/4/30 1:00,0.565214918
2023/4/30 1:15,0.412165084
2023/4/30 1:30,0.398049901
2023/4/30 1:45,0.357227565
2023/4/30 2:00,0.267177996
2023/4/30 2:15,0.186070508
2023/4/30 2:30,0.034860034
2023/4/30 2:45,0.001205304
2023/4/30 3:00,0.001096101
2023/4/30 3:15,0.000990589
2023/4/30 3:30,0.000880719
2023/4/30 3:45,0.002826443
2023/4/30 4:00,0.015112639
2023/4/30 4:15,0.020205164
2023/4/30 4:30,0.025929193
2023/4/30 4:45,0.021703953
2023/4/30 5:00,0.018617369
2023/4/30 5:15,0.014944194
2023/4/30 5:30,0.012764206
2023/4/30 5:45,0.012077709
2023/4/30 6:00,0.011624739
2023/4/30 6:15,0.013568522
2023/4/30 6:30,0.014910934
2023/4/30 6:45,0.01431757
2023/4/30 7:00,0.015410079
2023/4/30 7:15,0.014938292
2023/4/30 7:30,0.015521697
2023/4/30 7:45,0.012761625
2023/4/30 8:00,0.014764379
2023/4/30 8:15,0.02041467
2023/4/30 8:30,0.024693474
2023/4/30 8:45,0.019418981
2023/4/30 9:00,0.023457083
2023/4/30 9:15,0.023858943
2023/4/30 9:30,0.029312178
2023/4/30 9:45,0.016561098
2023/4/30 10:00,0.011289399
2023/4/30 10:15,0.019219256
2023/4/30 10:30,0.026226098
2023/4/30 10:45,0.029613643
2023/4/30 11:00,0.092177105
2023/4/30 11:15,0.126357169
2023/4/30 11:30,0.179393075
2023/4/30 11:45,0.14672183
2023/4/30 12:00,0.290454424
2023/4/30 12:15,0.223826956
2023/4/30 12:30,0.262207333
2023/4/30 12:45,0.330048801
2023/4/30 13:00,0.325757884
2023/4/30 13:15,0.290455635
2023/4/30 13:30,0.321033524
2023/4/30 13:45,0.324574579
2023/4/30 14:00,0.273506151
2023/4/30 14:15,0.188401156
2023/4/30 14:30,0.149127816
2023/4/30 14:45,0.19317287
2023/4/30 15:00,0.069569301
2023/4/30 15:15,0.136417645
2023/4/30 15:30,0.254076932
2023/4/30 15:45,0.168096593
2023/4/30 16:00,0.11378416
2023/4/30 16:15,0.150439062
2023/4/30 16:30,0.041093042
2023/4/30 16:45,0.282635453
2023/4/30 17:00,0.123144581
2023/4/30 17:15,0.231633862
2023/4/30 17:30,0.124394494
2023/4/30 17:45,0.164572834
2023/4/30 18:00,0.219679627
2023/4/30 18:15,0.174578452
2023/4/30 18:30,0.394070647
2023/4/30 18:45,0.173622873
2023/4/30 19:00,0.107169036
2023/4/30 19:15,0.297062375
2023/4/30 19:30,0.108648195
2023/4/30 19:45,0.146691766
2023/4/30 20:00,0.076050202
2023/4/30 20:15,0.057529993
2023/4/30 20:30,0.133337501
2023/4/30 20:45,0.151866232
2023/4/30 21:00,0.08020361
2023/4/30 21:15,0.112525094
2023/4/30 21:30,0.129489716
2023/4/30 21:45,0.142386827
2023/4/30 22:00,0.190382016
2023/4/30 22:15,0.155807894
2023/4/30 22:30,0.15007962
2023/4/30 22:45,0.149675652
2023/4/30 23:00,0.124552918
2023/4/30 23:15,0.123296619
2023/4/30 23:30,0.088002
2023/4/30 23:45,0.111030803
2023/5/1 0:00,0.07324055
2023/5/1 0:15,0.081180477
2023/5/1 0:30,0.110622466
2023/5/1 0:45,0.082005246
2023/5/1 1:00,0.036876192
2023/5/1 1:15,0.030283039
2023/5/1 1:30,0.023493274
2023/5/1 1:45,0.026187268
2023/5/1 2:00,0.031781112
2023/5/1 2:15,0.030259759
2023/5/1 2:30,0.026782803
2023/5/1 2:45,0.022924672
2023/5/1 3:00,0.025690155
2023/5/1 3:15,0.021119044
2023/5/1 3:30,0.02207232
2023/5/1 3:45,0.020628532
2023/5/1 4:00,0.018951152
2023/5/1 4:15,0.02593473
2023/5/1 4:30,0.018763962
2023/5/1 4:45,0.020789964
2023/5/1 5:00,0.024001157
2023/5/1 5:15,0.021092463
2023/5/1 5:30,0.022784267
2023/5/1 5:45,0.017756329
2023/5/1 6:00,0.017391337
2023/5/1 6:15,0.018891367
2023/5/1 6:30,0.021396761
2023/5/1 6:45,0.02148245
2023/5/1 7:00,0.026508587
2023/5/1 7:15,0.025416698
2023/5/1 7:30,0.021884421
2023/5/1 7:45,0.019607345
2023/5/1 8:00,0.031670959
2023/5/1 8:15,0.025821762
2023/5/1 8:30,0.02375691
2023/5/1 8:45,0.025032241
2023/5/1 9:00,0.001036305
2023/5/1 9:15,0.0142554
2023/5/1 9:30,0.014786814
2023/5/1 9:45,0.01085071
2023/5/1 10:00,0.010294914
2023/5/1 10:15,0.009043957
2023/5/1 10:30,0.010518622
2023/5/1 10:45,0.007350021
2023/5/1 11:00,0.003937568
2023/5/1 11:15,0.003219791
2023/5/1 11:30,0.02388682
2023/5/1 11:45,0.099076415
2023/5/1 12:00,0.084802898
2023/5/1 12:15,0.110585283
2023/5/1 12:30,0.100151407
2023/5/1 12:45,0.121977109
2023/5/1 13:00,0.130696619
2023/5/1 13:15,0.134851763
2023/5/1 13:30,0.15011162
2023/5/1 13:45,0.105770373
2023/5/1 14:00,0.098256703
2023/5/1 14:15,0.086508874
2023/5/1 14:30,0.145576545
2023/5/1 14:45,0.14595624
2023/5/1 15:00,0.112388561
2023/5/1 15:15,0.217679031
2023/5/1 15:30,0.068929448
2023/5/1 15:45,0.118505328
2023/5/1 16:00,0.166988739
2023/5/1 16:15,0.21584765
2023/5/1 16:30,0.278448857
2023/5/1 16:45,0.189757948
2023/5/1 17:00,0.146330095
2023/5/1 17:15,0.182343202
2023/5/1 17:30,0.235229944
2023/5/1 17:45,0.210327129
2023/5/1 18:00,0.209095077
2023/5/1 18:15,0.331209346
2023/5/1 18:30,0.34470675
2023/5/1 18:45,0.200613565
2023/5/1 19:00,0.378832986
2023/5/1 19:15,0.284326598
2023/5/1 19:30,0.463555655
2023/5/1 19:45,0.447180459
2023/5/1 20:00,0.583542124
2023/5/1 20:15,0.603572963
2023/5/1 20:30,0.570430131
2023/5/1 20:45,0.494325103
2023/5/1 21:00,0.502501651
2023/5/1 21:15,0.428205164
2023/5/1 21:30,0.405874879
2023/5/1 21:45,0.359404474
2023/5/1 22:00,0.271600427
2023/5/1 22:15,0.257794451
2023/5/1 22:30,0.27148868
2023/5/1 22:45,0.231674818
2023/5/1 23:00,0.224226132
2023/5/1 23:15,0.144018893
2023/5/1 23:30,0.152318709
2023/5/1 23:45,0.265945187
2023/5/2 0:00,0.292320455
2023/5/2 0:15,0.315112025
2023/5/2 0:30,0.310189771
2023/5/2 0:45,0.266549573
2023/5/2 1:00,0.123344812
2023/5/2 1:15,0.125739288
2023/5/2 1:30,0.238353912
2023/5/2 1:45,0.255458753
2023/5/2 2:00,0.370363536
2023/5/2 2:15,0.250482922
2023/5/2 2:30,0.193422163
2023/5/2 2:45,0.137475898
2023/5/2 3:00,0.178198566
2023/5/2 3:15,0.433810182
2023/5/2 3:30,0.32369712
2023/5/2 3:45,0.416179405
2023/5/2 4:00,0.338917527
2023/5/2 4:15,0.280857167
2023/5/2 4:30,0.284432088
2023/5/2 4:45,0.330356127
2023/5/2 5:00,0.48662627
2023/5/2 5:15,0.542272342
2023/5/2 5:30,0.3982078
2023/5/2 5:45,0.369962767
2023/5/2 6:00,0.058336961
2023/5/2 6:15,0.054448317
2023/5/2 6:30,0.051357074
2023/5/2 6:45,0.04837861
2023/5/2 7:00,0.045626591
2023/5/2 7:15,0.083479776
2023/5/2 7:30,0.075816479
2023/5/2 7:45,0.043256599
2023/5/2 8:00,0.040151355
2023/5/2 8:15,0.019314229
2023/5/2 8:30,0.064721113
2023/5/2 8:45,0.044970377
2023/5/2 9:00,0.025330312
2023/5/2 9:15,0.021508003
2023/5/2 9:30,0.017672478
2023/5/2 9:45,0.014290725
2023/5/2 10:00,0.011820147
2023/5/2 10:15,0.090644207
2023/5/2 10:30,0.016706971
2023/5/2 10:45,0.1654885
2023/5/2 11:00,0.377309863
2023/5/2 11:15,0.524704352
2023/5/2 11:30,0.537782788
2023/5/2 11:45,0.447363931
2023/5/2 12:00,0.375781394
2023/5/2 12:15,0.348737002
2023/5/2 12:30,0.33859746
2023/5/2 12:45,0.263091607
2023/5/2 13:00,0.244724983
2023/5/2 13:15,0.268784125
2023/5/2 13:30,0.271866736
2023/5/2 13:45,0.262332237
2023/5/2 14:00,0.302990191
2023/5/2 14:15,0.251147222
2023/5/2 14:30,0.245570773
2023/5/2 14:45,0.27670934
2023/5/2 15:00,0.170037763
2023/5/2 15:15,0.118852969
2023/5/2 15:30,0.131223253
2023/5/2 15:45,0.139088157
2023/5/2 16:00,0.085409465
2023/5/2 16:15,0.139546166
2023/5/2 16:30,0.120111919
2023/5/2 16:45,0.138369006
2023/5/2 17:00,0.211957843
2023/5/2 17:15,0.078473907
2023/5/2 17:30,0.067321574
2023/5/2 17:45,0.126823235
2023/5/2 18:00,0.036845548
2023/5/2 18:15,0.063633526
2023/5/2 18:30,0.136115111
2023/5/2 18:45,0.079570066
2023/5/2 19:00,0.116010262
2023/5/2 19:15,0.166858884
2023/5/2 19:30,0.168050901
2023/5/2 19:45,0.202921
2023/5/2 20:00,0.213446285
2023/5/2 20:15,0.172681025
2023/5/2 20:30,0.208430261
2023/5/2 20:45,0.371969622
2023/5/2 21:00,0.348517155
2023/5/2 21:15,0.20278566
2023/5/2 21:30,0.084827517
2023/5/2 21:45,0.395745654
2023/5/2 22:00,0.914424893
2023/5/2 22:15,0.315777316
2023/5/2 22:30,0.244286076
2023/5/2 22:45,0.205807397
2023/5/2 23:00,0.449922333
2023/5/2 23:15,0.597179184
2023/5/2 23:30,0.384527101
2023/5/2 23:45,0.597587719
2023/5/3 0:00,0.458708991
2023/5/3 0:15,0.332434417
2023/5/3 0:30,0.210370139
2023/5/3 0:45,0.148178776
2023/5/3 1:00,0.20281478
2023/5/3 1:15,0.092233055
2023/5/3 1:30,0.069321259
2023/5/3 1:45,0.231451223
2023/5/3 2:00,0.123674583
2023/5/3 2:15,0.430606554
2023/5/3 2:30,0.489921827
2023/5/3 2:45,0.519995902
2023/5/3 3:00,0.390821979
2023/5/3 3:15,0.450242417
2023/5/3 3:30,0.250986591
2023/5/3 3:45,0.234620315
2023/5/3 4:00,0.175724159
2023/5/3 4:15,0.137821039
2023/5/3 4:30,0.106497212
2023/5/3 4:45,0.110908515
2023/5/3 5:00,0.170003277
2023/5/3 5:15,0.202804494
2023/5/3 5:30,0.125441106
2023/5/3 5:45,0.124217684
2023/5/3 6:00,0.111173677
2023/5/3 6:15,0.069861021
2023/5/3 6:30,0.065468781
2023/5/3 6:45,0.056465529
2023/5/3 7:00,0.057558859
2023/5/3 7:15,0.061503186
2023/5/3 7:30,0.0739506
2023/5/3 7:45,0.061174416
2023/5/3 8:00,0.067203716
2023/5/3 8:15,0.041075294
2023/5/3 8:30,0.051108995
2023/5/3 8:45,0.055520735
2023/5/3 9:00,0.049196277
2023/5/3 9:15,0
2023/5/3 9:30,0
2023/5/3 9:45,0.067684208
2023/5/3 10:00,0.064153204
2023/5/3 10:15,0.052771381
2023/5/3 10:30,0.068273056
2023/5/3 10:45,0.070392755
2023/5/3 11:00,0.047969535
2023/5/3 11:15,0.028900277
2023/5/3 11:30,0
2023/5/3 11:45,0
2023/5/3 12:00,0.053270805
2023/5/3 12:15,0.049795703
2023/5/3 12:30,0.033599191
2023/5/3 12:45,0.019174149
2023/5/3 13:00,0.008287398
2023/5/3 13:15,0
2023/5/3 13:30,0
2023/5/3 13:45,0
2023/5/3 14:00,0
2023/5/3 14:15,0.029204204
2023/5/3 14:30,0
2023/5/3 14:45,0
2023/5/3 15:00,0
2023/5/3 15:15,0.06231203
2023/5/3 15:30,0.053955014
2023/5/3 15:45,0
2023/5/3 16:00,0
2023/5/3 16:15,0
2023/5/3 16:30,0.093553677
2023/5/3 16:45,0.08544891
2023/5/3 17:00,0.029847985
2023/5/3 17:15,0.009136562
2023/5/3 17:30,0.042557196
2023/5/3 17:45,0.057159773
2023/5/3 18:00,0.05114472
2023/5/3 18:15,0.040355798
2023/5/3 18:30,0.06757775
2023/5/3 18:45,0.045579672
2023/5/3 19:00,0.025965828
2023/5/3 19:15,0.068638488
2023/5/3 19:30,0.023462347
2023/5/3 19:45,0.02765317
2023/5/3 20:00,0.026966003
2023/5/3 20:15,0.026967906
2023/5/3 20:30,0.028348346
2023/5/3 20:45,0.26169551
2023/5/3 21:00,0.305069778
2023/5/3 21:15,0.394105342
2023/5/3 21:30,0.340357733
2023/5/3 21:45,0.397986055
2023/5/3 22:00,0.372194019
2023/5/3 22:15,0.43595866
2023/5/3 22:30,0.497291489
2023/5/3 22:45,0.486182726
2023/5/3 23:00,0.480396681
2023/5/3 23:15,0.595592989
2023/5/3 23:30,0.53179848
2023/5/3 23:45,0.520038981
2023/5/4 0:00,0.564184802
2023/5/4 0:15,0.55255794
2023/5/4 0:30,0.572558562
2023/5/4 0:45,0.739640621
2023/5/4 1:00,0.793084164
2023/5/4 1:15,0.70965721
2023/5/4 1:30,0.696837366
2023/5/4 1:45,0.825398073
2023/5/4 2:00,0.875079555
2023/5/4 2:15,0.814483246
2023/5/4 2:30,0.776949385
2023/5/4 2:45,0.713613322
2023/5/4 3:00,0.689728406
2023/5/4 3:15,0.683482265
2023/5/4 3:30,0.637853282
2023/5/4 3:45,0.64676565
2023/5/4 4:00,0.650248927
2023/5/4 4:15,0.664317455
2023/5/4 4:30,0.674352032
2023/5/4 4:45,0.546700427
2023/5/4 5:00,0.521973553
2023/5/4 5:15,0.554745315
2023/5/4 5:30,0.520867818
2023/5/4 5:45,0.510216571
2023/5/4 6:00,0.576503689
2023/5/4 6:15,0.427527184
2023/5/4 6:30,0.600622999
2023/5/4 6:45,0.645420959
2023/5/4 7:00,0.64587983
2023/5/4 7:15,0.537468893
2023/5/4 7:30,0.668129567
2023/5/4 7:45,0.642689858
2023/5/4 8:00,0.662682493
2023/5/4 8:15,0.7514842
2023/5/4 8:30,0.808150353
2023/5/4 8:45,0.699391163
2023/5/4 9:00,0.796965042
2023/5/4 9:15,0.891609934
2023/5/4 9:30,0.896115964
2023/5/4 9:45,0.778541473
2023/5/4 10:00,0.879011119
2023/5/4 10:15,0.872211686
2023/5/4 10:30,0.133590325
2023/5/4 10:45,0.006022752
2023/5/4 11:00,0.005739513
2023/5/4 11:15,0.552510808
2023/5/4 11:30,0.791483234
2023/5/4 11:45,0.663629024
2023/5/4 12:00,0.568891049
2023/5/4 12:15,0.571457625
2023/5/4 12:30,0.429939216
2023/5/4 12:45,0.466437785
2023/5/4 13:00,0.411817466
2023/5/4 13:15,0.433110709
2023/5/4 13:30,0.336933615
2023/5/4 13:45,0.256358697
2023/5/4 14:00,0.234264777
2023/5/4 14:15,0.295858772
2023/5/4 14:30,0.125861548
2023/5/4 14:45,0.159752701
2023/5/4 15:00,0.134042541
2023/5/4 15:15,0.082350956
2023/5/4 15:30,0.023282249
2023/5/4 15:45,0.001486734
2023/5/4 16:00,0.003637326
2023/5/4 16:15,0.000998353
2023/5/4 16:30,0.002815565
2023/5/4 16:45,0.003455277
2023/5/4 17:00,0.003275877
2023/5/4 17:15,0.002763379
2023/5/4 17:30,0.002527473
2023/5/4 17:45,0.001670975
2023/5/4 18:00,0.00316884
2023/5/4 18:15,0.004484136
2023/5/4 18:30,0.003667288
2023/5/4 18:45,0.006598811
2023/5/4 19:00,0.004784875
2023/5/4 19:15,0.006302808
2023/5/4 19:30,0.006875509
2023/5/4 19:45,0.006687639
2023/5/4 20:00,0.006499345
2023/5/4 20:15,0.005790756
2023/5/4 20:30,0.005900082
2023/5/4 20:45,0.006058738
2023/5/4 21:00,0.010656775
2023/5/4 21:15,0.012337241
2023/5/4 21:30,0.007835629
2023/5/4 21:45,0.008512329
2023/5/4 22:00,0.008763199
2023/5/4 22:15,0.019762785
2023/5/4 22:30,0.093052655
2023/5/4 22:45,0.084563833
2023/5/4 23:00,0.0876957
2023/5/4 23:15,0.104607816
2023/5/4 23:30,0.146683955
2023/5/4 23:45,0.132643404
2023/5/5 0:00,0.180771814
2023/5/5 0:15,0.13366145
2023/5/5 0:30,0.150899305
2023/5/5 0:45,0.138360852
2023/5/5 1:00,0.131701545
2023/5/5 1:15,0.12480882
2023/5/5 1:30,0.176304535
2023/5/5 1:45,0.258287045
2023/5/5 2:00,0.210977819
2023/5/5 2:15,0.214674286
2023/5/5 2:30,0.425182137
2023/5/5 2:45,0.634634878
2023/5/5 3:00,0.671797703
2023/5/5 3:15,0.61923658
2023/5/5 3:30,0.752912416
2023/5/5 3:45,0.593444263
2023/5/5 4:00,0.137656
2023/5/5 4:15,0.082238321
2023/5/5 4:30,0.059988091
2023/5/5 4:45,0.032534039
2023/5/5 5:00,0.106510986
2023/5/5 5:15,0.260965717
2023/5/5 5:30,0.205746486
2023/5/5 5:45,0.164694065
2023/5/5 6:00,0.16499255
2023/5/5 6:15,0.113670491
2023/5/5 6:30,0.151105352
2023/5/5 6:45,0.176224942
2023/5/5 7:00,0.145699705
2023/5/5 7:15,0.173567147
2023/5/5 7:30,0.173184676
2023/5/5 7:45,0.186090061
2023/5/5 8:00,0.193974986
2023/5/5 8:15,0.151293333
2023/5/5 8:30,0.136847324
2023/5/5 8:45,0.069393468
2023/5/5 9:00,0.036804595
2023/5/5 9:15,0.076538162
2023/5/5 9:30,0
2023/5/5 9:45,0.000150716
2023/5/5 10:00,0
2023/5/5 10:15,0
2023/5/5 10:30,0
2023/5/5 10:45,0.000441154
2023/5/5 11:00,0
2023/5/5 11:15,0.000931075
2023/5/5 11:30,0.023713897
2023/5/5 11:45,0
2023/5/5 12:00,0.072131496
2023/5/5 12:15,0.068083037
2023/5/5 12:30,0.061483232
2023/5/5 12:45,0.056599751
2023/5/5 13:00,0.055147542
2023/5/5 13:15,0.055750686
2023/5/5 13:30,0.060463382
2023/5/5 13:45,0.062474202
2023/5/5 14:00,0.05908041
2023/5/5 14:15,0.05675182
2023/5/5 14:30,0.056553123
2023/5/5 14:45,0.056293286
2023/5/5 15:00,0.055911044
2023/5/5 15:15,0.057771768
2023/5/5 15:30,0.064118707
2023/5/5 15:45,0.070800752
2023/5/5 16:00,0.078153706
2023/5/5 16:15,0.081034044
2023/5/5 16:30,0.074970246
2023/5/5 16:45,0.06644869
2023/5/5 17:00,0.053013088
2023/5/5 17:15,0.044499724
2023/5/5 17:30,0.045832646
2023/5/5 17:45,0.283428114
2023/5/5 18:00,0.536331724
2023/5/5 18:15,0.611122218
2023/5/5 18:30,0.65133519
2023/5/5 18:45,0.625002138
2023/5/5 19:00,0.651345416
2023/5/5 19:15,0.620427875
2023/5/5 19:30,0.585867263
2023/5/5 19:45,0.601038085
2023/5/5 20:00,0.768389524
2023/5/5 20:15,0.614242035
2023/5/5 20:30,0.509703364
2023/5/5 20:45,0.379058936
2023/5/5 21:00,0.262843963
2023/5/5 21:15,0.29511062
2023/5/5 21:30,0.240250386
2023/5/5 21:45,0.027112606
2023/5/5 22:00,0.000904058
2023/5/5 22:15,0.000834225
2023/5/5 22:30,0.00076186
2023/5/5 22:45,0.000687073
2023/5/5 23:00,0.000609979
2023/5/5 23:15,0.003852304
2023/5/5 23:30,0.013735779
2023/5/5 23:45,0.021775101
2023/5/6 0:00,0.003913852
2023/5/6 0:15,0.002432811
2023/5/6 0:30,0.00363237
2023/5/6 0:45,0.004147332
2023/5/6 1:00,0.003292361
2023/5/6 1:15,0.002245506
2023/5/6 1:30,0.000813626
2023/5/6 1:45,0
2023/5/6 2:00,0.019858997
2023/5/6 2:15,0.064802819
2023/5/6 2:30,0.053627844
2023/5/6 2:45,0.013464686
2023/5/6 3:00,0.00047737
2023/5/6 3:15,0.001934574
2023/5/6 3:30,0.000438252
2023/5/6 3:45,0
2023/5/6 4:00,0
2023/5/6 4:15,0.002155789
2023/5/6 4:30,0.011584106
2023/5/6 4:45,0.013291595
2023/5/6 5:00,0.018450434
2023/5/6 5:15,0.020434025
2023/5/6 5:30,0.016064746
2023/5/6 5:45,0.028069851
2023/5/6 6:00,0.065759503
2023/5/6 6:15,0.082750326
2023/5/6 6:30,0.089201193
2023/5/6 6:45,0.121217203
2023/5/6 7:00,0.111861183
2023/5/6 7:15,0.11729976
2023/5/6 7:30,0.102476941
2023/5/6 7:45,0.066503231
2023/5/6 8:00,0.079929065
2023/5/6 8:15,0.067884878
2023/5/6 8:30,0.052624817
2023/5/6 8:45,0.043751028
2023/5/6 9:00,0.035336575
2023/5/6 9:15,0.044032349
2023/5/6 9:30,0.028935399
2023/5/6 9:45,0.116213526
2023/5/6 10:00,0.154464461
2023/5/6 10:15,0.120966287
2023/5/6 10:30,0.144090585
2023/5/6 10:45,0.111298619
2023/5/6 11:00,0.100867139
2023/5/6 11:15,0.074770829
2023/5/6 11:30,0.047345336
2023/5/6 11:45,0.041555994
2023/5/6 12:00,0
2023/5/6 12:15,0
2023/5/6 12:30,0
2023/5/6 12:45,0
2023/5/6 13:00,0
2023/5/6 13:15,0
2023/5/6 13:30,0
2023/5/6 13:45,0
2023/5/6 14:00,0
2023/5/6 14:15,0
2023/5/6 14:30,0
2023/5/6 14:45,0
2023/5/6 15:00,0
2023/5/6 15:15,0
2023/5/6 15:30,0
2023/5/6 15:45,0
2023/5/6 16:00,0
2023/5/6 16:15,0
2023/5/6 16:30,0
2023/5/6 16:45,0
2023/5/6 17:00,0.006009435
2023/5/6 17:15,0
2023/5/6 17:30,0
2023/5/6 17:45,0
2023/5/6 18:00,0
2023/5/6 18:15,0
2023/5/6 18:30,0
2023/5/6 18:45,0
2023/5/6 19:00,0
2023/5/6 19:15,0
2023/5/6 19:30,0
2023/5/6 19:45,0
2023/5/6 20:00,0
2023/5/6 20:15,0.005684637
2023/5/6 20:30,0.020612995
2023/5/6 20:45,0.033554456
2023/5/6 21:00,0.035964401
2023/5/6 21:15,0.060206224
2023/5/6 21:30,0.053494488
2023/5/6 21:45,0.019674434
2023/5/6 22:00,0
2023/5/6 22:15,0
2023/5/6 22:30,0
2023/5/6 22:45,0
2023/5/6 23:00,0
2023/5/6 23:15,0
2023/5/6 23:30,0
2023/5/6 23:45,0
2023/5/7 0:00,0
2023/5/7 0:15,0
2023/5/7 0:30,0
2023/5/7 0:45,0.066265033
2023/5/7 1:00,0.06589472
2023/5/7 1:15,0.178843238
2023/5/7 1:30,0.121368151
2023/5/7 1:45,0.090411742
2023/5/7 2:00,0.068824803
2023/5/7 2:15,0.028888521
2023/5/7 2:30,0.014127546
2023/5/7 2:45,0.019921693
2023/5/7 3:00,0.015124642
2023/5/7 3:15,0.01170317
2023/5/7 3:30,0.018705642
2023/5/7 3:45,0.013616634
2023/5/7 4:00,0.00565617
2023/5/7 4:15,0
2023/5/7 4:30,0
2023/5/7 4:45,0
2023/5/7 5:00,0
2023/5/7 5:15,0
2023/5/7 5:30,0
2023/5/7 5:45,0
2023/5/7 6:00,0
2023/5/7 6:15,0
2023/5/7 6:30,0
2023/5/7 6:45,0
2023/5/7 7:00,0
2023/5/7 7:15,0
2023/5/7 7:30,0
2023/5/7 7:45,0
2023/5/7 8:00,0
2023/5/7 8:15,0
2023/5/7 8:30,0
2023/5/7 8:45,0
2023/5/7 9:00,0
2023/5/7 9:15,0
2023/5/7 9:30,0
2023/5/7 9:45,0
2023/5/7 10:00,0
2023/5/7 10:15,0
2023/5/7 10:30,0
2023/5/7 10:45,0
2023/5/7 11:00,0
2023/5/7 11:15,0.020290371
2023/5/7 11:30,0.040563938
2023/5/7 11:45,0.10457658
2023/5/7 12:00,0.128208689
2023/5/7 12:15,0.137175085
2023/5/7 12:30,0.125295673
2023/5/7 12:45,0.149491373
2023/5/7 13:00,0.355709354
2023/5/7 13:15,0.268045265
2023/5/7 13:30,0.32165869
2023/5/7 13:45,0.203688385
2023/5/7 14:00,0.215648112
2023/5/7 14:15,0.156292415
2023/5/7 14:30,0.044943481
2023/5/7 14:45,0.373412403
2023/5/7 15:00,0.331628465
2023/5/7 15:15,0.147549249
2023/5/7 15:30,0.145284962
2023/5/7 15:45,0.323403642
2023/5/7 16:00,0.125331175
2023/5/7 16:15,0.206292563
2023/5/7 16:30,0.359639523
2023/5/7 16:45,0.206248209
2023/5/7 17:00,0.355054067
2023/5/7 17:15,0.324326982
2023/5/7 17:30,0.24552894
2023/5/7 17:45,0.37082086
2023/5/7 18:00,0.638946543
2023/5/7 18:15,0.354211534
2023/5/7 18:30,0.249882668
2023/5/7 18:45,0.184470183
2023/5/7 19:00,0.232761914
2023/5/7 19:15,0.211136876
2023/5/7 19:30,0.161783705
2023/5/7 19:45,0.22836361
2023/5/7 20:00,0.238537097
2023/5/7 20:15,0.324216654
2023/5/7 20:30,0.236981732
2023/5/7 20:45,0.212420183
2023/5/7 21:00,0.203027154
2023/5/7 21:15,0.067561264
2023/5/7 21:30,0.024403807
2023/5/7 21:45,0.021062381
2023/5/7 22:00,0.020745794
2023/5/7 22:15,0.022254437
2023/5/7 22:30,0.02741323
2023/5/7 22:45,0.027892741
2023/5/7 23:00,0.019013573
2023/5/7 23:15,0.012629582
2023/5/7 23:30,0.011236031
2023/5/7 23:45,0.009380666
2023/5/8 0:00,0.005214617
2023/5/8 0:15,0.006238551
2023/5/8 0:30,0.003309386
2023/5/8 0:45,0.001570682
2023/5/8 1:00,0.002210773
2023/5/8 1:15,0.003988832
2023/5/8 1:30,0.008040458
2023/5/8 1:45,0.012413139
2023/5/8 2:00,0.017425324
2023/5/8 2:15,0.020263938
2023/5/8 2:30,0.018752589
2023/5/8 2:45,0.020795114
2023/5/8 3:00,0.029942387
2023/5/8 3:15,0.034706623
2023/5/8 3:30,0.030701672
2023/5/8 3:45,0.027253013
2023/5/8 4:00,0.024913784
2023/5/8 4:15,0.022487406
2023/5/8 4:30,0.019883612
2023/5/8 4:45,0.016104333
2023/5/8 5:00,0.009971058
2023/5/8 5:15,0.007819228
2023/5/8 5:30,0.013627378
2023/5/8 5:45,0.01747232
2023/5/8 6:00,0.017388042
2023/5/8 6:15,0.018746663
2023/5/8 6:30,0.022988333
2023/5/8 6:45,0.04058053
2023/5/8 7:00,0.058575748
2023/5/8 7:15,0.094858001
2023/5/8 7:30,0.077661128
2023/5/8 7:45,0.059888413
2023/5/8 8:00,0.086678706
2023/5/8 8:15,0.101479809
2023/5/8 8:30,0.100284876
2023/5/8 8:45,0.097120736
2023/5/8 9:00,0.107335608
2023/5/8 9:15,0.107306841
2023/5/8 9:30,0.10229656
2023/5/8 9:45,0.099811081
2023/5/8 10:00,0.081545742
2023/5/8 10:15,0.06359154
2023/5/8 10:30,0.043917291
2023/5/8 10:45,0.024778718
2023/5/8 11:00,0.010377764
2023/5/8 11:15,0.003609616
2023/5/8 11:30,0.004597247
2023/5/8 11:45,0.005986045
2023/5/8 12:00,0.01454663
2023/5/8 12:15,0.008033035
2023/5/8 12:30,0
2023/5/8 12:45,0.001888816
2023/5/8 13:00,0.030280208
2023/5/8 13:15,0.011481881
2023/5/8 13:30,0.020191769
2023/5/8 13:45,0.040573364
2023/5/8 14:00,0.051622249
2023/5/8 14:15,0.051496686
2023/5/8 14:30,0.089551695
2023/5/8 14:45,0.157839696
2023/5/8 15:00,0.085722284
2023/5/8 15:15,0.055995141
2023/5/8 15:30,0.080686702
2023/5/8 15:45,0.050747042
2023/5/8 16:00,0.060708325
2023/5/8 16:15,0.092511548
2023/5/8 16:30,0.064011823
2023/5/8 16:45,0.103500033
2023/5/8 17:00,0.060724638
2023/5/8 17:15,0.039038541
2023/5/8 17:30,0.098488185
2023/5/8 17:45,0.056980057
2023/5/8 18:00,0.052706773
2023/5/8 18:15,0.202250804
2023/5/8 18:30,0.091820707
2023/5/8 18:45,0.162088824
2023/5/8 19:00,0.087552621
2023/5/8 19:15,0.130539024
2023/5/8 19:30,0.350127702
2023/5/8 19:45,0.222966666
2023/5/8 20:00,0.159532351
2023/5/8 20:15,0.278294771
2023/5/8 20:30,0.145641888
2023/5/8 20:45,0.165504372
2023/5/8 21:00,0.493880549
2023/5/8 21:15,0.125569722
2023/5/8 21:30,0.101019939
2023/5/8 21:45,0.061996426
2023/5/8 22:00,0.054246437
2023/5/8 22:15,0.078231645
2023/5/8 22:30,0.117686042
2023/5/8 22:45,0.061356659
2023/5/8 23:00,0.132368175
2023/5/8 23:15,0.204684585
2023/5/8 23:30,0.468205059
2023/5/8 23:45,0.437624065
2023/5/9 0:00,0.349963555
2023/5/9 0:15,0.289769045
2023/5/9 0:30,0.214045679
2023/5/9 0:45,0.251906365
2023/5/9 1:00,0.334524909
2023/5/9 1:15,0.296784203
2023/5/9 1:30,0.26648868
2023/5/9 1:45,0.412622502
2023/5/9 2:00,0.331021711
2023/5/9 2:15,0.3447521
2023/5/9 2:30,0.409130099
2023/5/9 2:45,0.382345765
2023/5/9 3:00,0.452442542
2023/5/9 3:15,0.419671429
2023/5/9 3:30,0.394365932
2023/5/9 3:45,0.194383998
2023/5/9 4:00,0.073011352
2023/5/9 4:15,0.047882592
2023/5/9 4:30,0.065762215
2023/5/9 4:45,0.07454341
2023/5/9 5:00,0.058408163
2023/5/9 5:15,0.061001869
2023/5/9 5:30,0.054086497
2023/5/9 5:45,0.046623044
2023/5/9 6:00,0.038063764
2023/5/9 6:15,0.030645286
2023/5/9 6:30,0.025509129
2023/5/9 6:45,0.024018729
2023/5/9 7:00,0.029820804
2023/5/9 7:15,0.038762362
2023/5/9 7:30,0.053983931
2023/5/9 7:45,0.061233138
2023/5/9 8:00,0.052538633
2023/5/9 8:15,0.051939249
2023/5/9 8:30,0.067530999
2023/5/9 8:45,0.080720209
2023/5/9 9:00,0.089105081
2023/5/9 9:15,0.090162012
2023/5/9 9:30,0.076563669
2023/5/9 9:45,0.062366261
2023/5/9 10:00,0.046971237
2023/5/9 10:15,0.032532687
2023/5/9 10:30,0.020007584
2023/5/9 10:45,0.011445834
2023/5/9 11:00,0.01081136
2023/5/9 11:15,0.012428731
2023/5/9 11:30,0.0185505
2023/5/9 11:45,0.023810132
2023/5/9 12:00,0.004280539
2023/5/9 12:15,0.004401373
2023/5/9 12:30,0.004523896
2023/5/9 12:45,0.004648071
2023/5/9 13:00,0.004773874
2023/5/9 13:15,0.004901299
2023/5/9 13:30,0.005030356
2023/5/9 13:45,0.005161073
2023/5/9 14:00,0.005293487
2023/5/9 14:15,0.005427645
2023/5/9 14:30,0.005563601
2023/5/9 14:45,0.005701413
2023/5/9 15:00,0.005841135
2023/5/9 15:15,0.005982823
2023/5/9 15:30,0.006126523
2023/5/9 15:45,0.006272277
2023/5/9 16:00,0.006420115
2023/5/9 16:15,0.006570058
2023/5/9 16:30,0.006722116
2023/5/9 16:45,0.006876288
2023/5/9 17:00,0.007429178
2023/5/9 17:15,0.08261663
2023/5/9 17:30,0.238136307
2023/5/9 17:45,0.200460028
2023/5/9 18:00,0.228216011
2023/5/9 18:15,0.173047887
2023/5/9 18:30,0.135978038
2023/5/9 18:45,0.055533354
2023/5/9 19:00,0.02189724
2023/5/9 19:15,0.008525695
2023/5/9 19:30,0.041565858
2023/5/9 19:45,0.009842863
2023/5/9 20:00,0.0090513
2023/5/9 20:15,0.009228502
2023/5/9 20:30,0.009406429
2023/5/9 20:45,0.02954906
2023/5/9 21:00,0.051544922
2023/5/9 21:15,0.056785286
2023/5/9 21:30,0.026702859
2023/5/9 21:45,0.01095477
2023/5/9 22:00,0.093029177
2023/5/9 22:15,0.100728052
2023/5/9 22:30,0.23450967
2023/5/9 22:45,0.162335521
2023/5/9 23:00,0.028577798
2023/5/9 23:15,0.04746696
2023/5/9 23:30,0.160868561
2023/5/9 23:45,0.135682865
2023/5/10 0:00,0.13655212
2023/5/10 0:15,0.083020445
2023/5/10 0:30,0.041612447
2023/5/10 0:45,0.019306981
2023/5/10 1:00,0.033506184
2023/5/10 1:15,0.023488437
2023/5/10 1:30,0.036768418
2023/5/10 1:45,0.064467579
2023/5/10 2:00,0.05023019
2023/5/10 2:15,0.090281547
2023/5/10 2:30,0.108622828
2023/5/10 2:45,0.111105149
2023/5/10 3:00,0.084109146
2023/5/10 3:15,0.104609417
2023/5/10 3:30,0.078271341
2023/5/10 3:45,0.084079935
2023/5/10 4:00,0.104110947
2023/5/10 4:15,0.079861955
2023/5/10 4:30,0.066958185
2023/5/10 4:45,0.076579142
2023/5/10 5:00,0.08794652
2023/5/10 5:15,0.064355044
2023/5/10 5:30,0.023107351
2023/5/10 5:45,0.011105134
2023/5/10 6:00,0.006810535
2023/5/10 6:15,0.002266074
2023/5/10 6:30,0.002194207
2023/5/10 6:45,0.002319095
2023/5/10 7:00,0.002444854
2023/5/10 7:15,0.002571253
2023/5/10 7:30,0.002698045
2023/5/10 7:45,0.002824974
2023/5/10 8:00,0.002951776
2023/5/10 8:15,0.003078187
2023/5/10 8:30,0.003203944
2023/5/10 8:45,0.003328784
2023/5/10 9:00,0.003452452
2023/5/10 9:15,0.003574693
2023/5/10 9:30,0.003695254
2023/5/10 9:45,0.003813885
2023/5/10 10:00,0.003930334
2023/5/10 10:15,0.004044346
2023/5/10 10:30,0.004155669
2023/5/10 10:45,0.004264046
2023/5/10 11:00,0.004369223
2023/5/10 11:15,0.004470948
2023/5/10 11:30,0.034007593
2023/5/10 11:45,0.018139251
2023/5/10 12:00,0.002438256
2023/5/10 12:15,0.003160597
2023/5/10 12:30,0.003886156
2023/5/10 12:45,0.004614991
2023/5/10 13:00,0
2023/5/10 13:15,0.065883333
2023/5/10 13:30,0.066278832
2023/5/10 13:45,0.14783893
2023/5/10 14:00,0.04900641
2023/5/10 14:15,0.285511511
2023/5/10 14:30,0.046286678
2023/5/10 14:45,0.199307327
2023/5/10 15:00,0.283208245
2023/5/10 15:15,0.303620285
2023/5/10 15:30,0.523541332
2023/5/10 15:45,0.320975664
2023/5/10 16:00,0.26996595
2023/5/10 16:15,0.355580259
2023/5/10 16:30,0.310476996
2023/5/10 16:45,0.216634114
2023/5/10 17:00,0.194620005
2023/5/10 17:15,0.232992329
2023/5/10 17:30,0.407996442
2023/5/10 17:45,0.30608357
2023/5/10 18:00,0.234940839
2023/5/10 18:15,0.316916806
2023/5/10 18:30,0.250880577
2023/5/10 18:45,0.306188325
2023/5/10 19:00,0.448072848
2023/5/10 19:15,0.437211427
2023/5/10 19:30,0.418160073
2023/5/10 19:45,0.401786189
2023/5/10 20:00,0.322051215
2023/5/10 20:15,0.388990534
2023/5/10 20:30,0.450639344
2023/5/10 20:45,0.497854241
2023/5/10 21:00,0.652567564
2023/5/10 21:15,0.658708893
2023/5/10 21:30,0.732092571
2023/5/10 21:45,0.650199661
2023/5/10 22:00,0.576098753
2023/5/10 22:15,0.544677097
2023/5/10 22:30,0.567639777
2023/5/10 22:45,0.503881999
2023/5/10 23:00,0.550383621
2023/5/10 23:15,0.482572891
2023/5/10 23:30,0.417535576
2023/5/10 23:45,0.578767493
2023/5/11 0:00,0.474276962
2023/5/11 0:15,0.402853383
2023/5/11 0:30,0.181506304
2023/5/11 0:45,0.075982632
2023/5/11 1:00,0.070092013
2023/5/11 1:15,0.065185791
2023/5/11 1:30,0.075166375
2023/5/11 1:45,0.072516121
2023/5/11 2:00,0.01873637
2023/5/11 2:15,0.007701612
2023/5/11 2:30,0.007682375
2023/5/11 2:45,0.007662188
2023/5/11 3:00,0.007641134
2023/5/11 3:15,0.007619305
2023/5/11 3:30,0.007596803
2023/5/11 3:45,0.007573739
2023/5/11 4:00,0.007550231
2023/5/11 4:15,0.00752641
2023/5/11 4:30,0.007502411
2023/5/11 4:45,0.007478381
2023/5/11 5:00,0.007454471
2023/5/11 5:15,0.043836929
2023/5/11 5:30,0.128139714
2023/5/11 5:45,0.154513021
2023/5/11 6:00,0.122199294
2023/5/11 6:15,0.161822567
2023/5/11 6:30,0.19970062
2023/5/11 6:45,0.225551106
2023/5/11 7:00,0.279811566
2023/5/11 7:15,0.378065714
2023/5/11 7:30,0.402165544
2023/5/11 7:45,0.286192457
2023/5/11 8:00,0.261141706
2023/5/11 8:15,0.269062561
2023/5/11 8:30,0.220505607
2023/5/11 8:45,0.17877012
2023/5/11 9:00,0.232550831
2023/5/11 9:15,0.284995705
2023/5/11 9:30,0.2284019
2023/5/11 9:45,0.308125731
2023/5/11 10:00,0.399270596
2023/5/11 10:15,0.384605886
2023/5/11 10:30,0.337916045
2023/5/11 10:45,0.291228024
2023/5/11 11:00,0.245073062
2023/5/11 11:15,0.262538716
2023/5/11 11:30,0.251029147
2023/5/11 11:45,0.202348488
2023/5/11 12:00,0.179586775
2023/5/11 12:15,0.124591934
2023/5/11 12:30,0.050205678
2023/5/11 12:45,0.047731445
2023/5/11 13:00,0.017632653
2023/5/11 13:15,0.016320282
2023/5/11 13:30,0.015281688
2023/5/11 13:45,0.014143709
2023/5/11 14:00,0.012804622
2023/5/11 14:15,0.01223001
2023/5/11 14:30,0.013181991
2023/5/11 14:45,0.013736671
2023/5/11 15:00,0.013494355
2023/5/11 15:15,0.01465955
2023/5/11 15:30,0.018637361
2023/5/11 15:45,0.020507128
2023/5/11 16:00,0.018158479
2023/5/11 16:15,0.014828678
2023/5/11 16:30,0.009534436
2023/5/11 16:45,0.007994395
2023/5/11 17:00,0.013960953
2023/5/11 17:15,0.016392847
2023/5/11 17:30,0.011754078
2023/5/11 17:45,0.010731561
2023/5/11 18:00,0.016940801
2023/5/11 18:15,0.018838507
2023/5/11 18:30,0.012113056
2023/5/11 18:45,0.007839644
2023/5/11 19:00,0.008470907
2023/5/11 19:15,0.008906748
2023/5/11 19:30,0.007789657
2023/5/11 19:45,0.005526997
2023/5/11 20:00,0.005569108
2023/5/11 20:15,0.005608925
2023/5/11 20:30,0.005646354
2023/5/11 20:45,0.044298002
2023/5/11 21:00,0.096756966
2023/5/11 21:15,0.197244461
2023/5/11 21:30,0.221498933
2023/5/11 21:45,0.148063591
2023/5/11 22:00,0.226038235
2023/5/11 22:15,0.505876105
2023/5/11 22:30,0.43875902
2023/5/11 22:45,0.721943289
2023/5/11 23:00,0.790275694
2023/5/11 23:15,0.600080859
2023/5/11 23:30,0.05602534
2023/5/11 23:45,0.446410816
2023/5/12 0:00,0.922079362
2023/5/12 0:15,0.936262302
2023/5/12 0:30,0.957646239
2023/5/12 0:45,0.927854687
2023/5/12 1:00,0.92458707
2023/5/12 1:15,0.920838316
2023/5/12 1:30,0.904480199
2023/5/12 1:45,0.900414144
2023/5/12 2:00,0.903889213
2023/5/12 2:15,0.897545876
2023/5/12 2:30,0.898325282
2023/5/12 2:45,0.897899751
2023/5/12 3:00,0.910578514
2023/5/12 3:15,0.919866734
2023/5/12 3:30,0.932005149
2023/5/12 3:45,0.934020185
2023/5/12 4:00,0.924667818
2023/5/12 4:15,0.920906419
2023/5/12 4:30,0.820305412
2023/5/12 4:45,0.815553104
2023/5/12 5:00,0.87913127
2023/5/12 5:15,0.890118512
2023/5/12 5:30,0.760725922
2023/5/12 5:45,0.0207056
2023/5/12 6:00,0.744550645
2023/5/12 6:15,0.536616332
2023/5/12 6:30,0.661460499
2023/5/12 6:45,0.513009196
2023/5/12 7:00,0.298818862
2023/5/12 7:15,0.590530828
2023/5/12 7:30,0.566748615
2023/5/12 7:45,0.562711368
2023/5/12 8:00,0.601978671
2023/5/12 8:15,0.583215172
2023/5/12 8:30,0
2023/5/12 8:45,0.00114071
2023/5/12 9:00,0.010123357
2023/5/12 9:15,0.017247263
2023/5/12 9:30,0.016998461
2023/5/12 9:45,0.017943647
2023/5/12 10:00,0.011410747
2023/5/12 10:15,0.007202084
2023/5/12 10:30,0.006510809
2023/5/12 10:45,0.005470748
2023/5/12 11:00,0.00636566
2023/5/12 11:15,0.005522161
2023/5/12 11:30,0.013653718
2023/5/12 11:45,0.011603737
2023/5/12 12:00,0
2023/5/12 12:15,0
2023/5/12 12:30,0
2023/5/12 12:45,0
2023/5/12 13:00,0
2023/5/12 13:15,0
2023/5/12 13:30,0
2023/5/12 13:45,0
2023/5/12 14:00,0.006181087
2023/5/12 14:15,0.006760549
2023/5/12 14:30,0.019793509
2023/5/12 14:45,0.520951062
2023/5/12 15:00,0.727591411
2023/5/12 15:15,0.601486215
2023/5/12 15:30,0.646436269
2023/5/12 15:45,0.641145186
2023/5/12 16:00,0.619075024
2023/5/12 16:15,0.5605777
2023/5/12 16:30,0.710686951
2023/5/12 16:45,0.576223277
2023/5/12 17:00,0.562861393
2023/5/12 17:15,0.527376098
2023/5/12 17:30,0.539267557
2023/5/12 17:45,0.571032955
2023/5/12 18:00,0.637745867
2023/5/12 18:15,0.542289264
2023/5/12 18:30,0.458239717
2023/5/12 18:45,0.59024889
2023/5/12 19:00,0.721789775
2023/5/12 19:15,0.845758856
2023/5/12 19:30,0.781489291
2023/5/12 19:45,0.682516881
2023/5/12 20:00,0.613819518
2023/5/12 20:15,0.563429633
2023/5/12 20:30,0.874757014
2023/5/12 20:45,0.855558111
2023/5/12 21:00,0.765376757
2023/5/12 21:15,0.798204729
2023/5/12 21:30,0.804103744
2023/5/12 21:45,0.701870955
2023/5/12 22:00,0.773961838
2023/5/12 22:15,0.763250798
2023/5/12 22:30,0.874258527
2023/5/12 22:45,0.847429635
2023/5/12 23:00,0.795971548
2023/5/12 23:15,0.792075114
2023/5/12 23:30,0.766995192
2023/5/12 23:45,0.76678026
2023/5/13 0:00,0.800400176
2023/5/13 0:15,0.50568629
2023/5/13 0:30,0.637350077
2023/5/13 0:45,0.667260644
2023/5/13 1:00,0.670467551
2023/5/13 1:15,0.054149952
2023/5/13 1:30,0.786800341
2023/5/13 1:45,0.752246323
2023/5/13 2:00,0.685600015
2023/5/13 2:15,0.719366835
2023/5/13 2:30,0.730071279
2023/5/13 2:45,0.616727229
2023/5/13 3:00,0.637615011
2023/5/13 3:15,0.706629054
2023/5/13 3:30,0.778251411
2023/5/13 3:45,0.649655112
2023/5/13 4:00,0.436524531
2023/5/13 4:15,0.533925574
2023/5/13 4:30,0.52775874
2023/5/13 4:45,0.378321787
2023/5/13 5:00,0.466021234
2023/5/13 5:15,0.49134879
2023/5/13 5:30,0.471815059
2023/5/13 5:45,0.588540775
2023/5/13 6:00,0.531394655
2023/5/13 6:15,0.63571881
2023/5/13 6:30,0.418228922
2023/5/13 6:45,0.728979898
2023/5/13 7:00,0.463289224
2023/5/13 7:15,0.712354462
2023/5/13 7:30,0.785041875
2023/5/13 7:45,0.200794415
2023/5/13 8:00,0.724135836
2023/5/13 8:15,0.775168491
2023/5/13 8:30,0.858317817
2023/5/13 8:45,0.827396072
2023/5/13 9:00,0.754085695
2023/5/13 9:15,0.62813926
2023/5/13 9:30,0.618954552
2023/5/13 9:45,0.48934048
2023/5/13 10:00,0.53004049
2023/5/13 10:15,0.53582601
2023/5/13 10:30,0.41328041
2023/5/13 10:45,0.4323755
2023/5/13 11:00,0.349780208
2023/5/13 11:15,0.396406648
2023/5/13 11:30,0.47991832
2023/5/13 11:45,0.443759284
2023/5/13 12:00,0.344506215
2023/5/13 12:15,0.400638439
2023/5/13 12:30,0.41492624
2023/5/13 12:45,0.286551401
2023/5/13 13:00,0.3234325
2023/5/13 13:15,0.305765543
2023/5/13 13:30,0.210090793
2023/5/13 13:45,0.308045036
2023/5/13 14:00,0.270907895
2023/5/13 14:15,0.225567901
2023/5/13 14:30,0.095785355
2023/5/13 14:45,0.13859316
2023/5/13 15:00,0.195006193
2023/5/13 15:15,0.121181899
2023/5/13 15:30,0.227282389
2023/5/13 15:45,0.103777594
2023/5/13 16:00,0.159611479
2023/5/13 16:15,0.317819161
2023/5/13 16:30,0.309170158
2023/5/13 16:45,0.217404342
2023/5/13 17:00,0.268274931
2023/5/13 17:15,0.275193236
2023/5/13 17:30,0.27040964
2023/5/13 17:45,0.295543411
2023/5/13 18:00,0.241125572
2023/5/13 18:15,0.242559701
2023/5/13 18:30,0.369240884
2023/5/13 18:45,0.302828268
2023/5/13 19:00,0.243726684
2023/5/13 19:15,0.049689056
2023/5/13 19:30,0.017809479
2023/5/13 19:45,0.0177455
2023/5/13 20:00,0.073687743
2023/5/13 20:15,0.109779492
2023/5/13 20:30,0.061505957
2023/5/13 20:45,0.014359497
2023/5/13 21:00,0.161862885
2023/5/13 21:15,0.152894699
2023/5/13 21:30,0.205350328
2023/5/13 21:45,0.144302582
2023/5/13 22:00,0.073222252
2023/5/13 22:15,0.021142344
2023/5/13 22:30,0.010780447
2023/5/13 22:45,0.013341891
2023/5/13 23:00,0.016531497
2023/5/13 23:15,0.017305351
2023/5/13 23:30,0.050771705
2023/5/13 23:45,0.164161006
2023/5/14 0:00,0.063692747
2023/5/14 0:15,0.062913395
2023/5/14 0:30,0.051631872
2023/5/14 0:45,0.056031211
2023/5/14 1:00,0.056785822
2023/5/14 1:15,0.066297662
2023/5/14 1:30,0.05640827
2023/5/14 1:45,0.053296658
2023/5/14 2:00,0.047042902
2023/5/14 2:15,0.030585945
2023/5/14 2:30,0.015701176
2023/5/14 2:45,0.029606477
2023/5/14 3:00,0.034723463
2023/5/14 3:15,0.029432904
2023/5/14 3:30,0.022603287
2023/5/14 3:45,0.041922782
2023/5/14 4:00,0.049665017
2023/5/14 4:15,0.114901068
2023/5/14 4:30,0.256573419
2023/5/14 4:45,0.102766525
2023/5/14 5:00,0.100640045
2023/5/14 5:15,0.039253188
2023/5/14 5:30,0.020399715
2023/5/14 5:45,0.024079706
2023/5/14 6:00,0.019306276
2023/5/14 6:15,0.024123338
2023/5/14 6:30,0.011192469
2023/5/14 6:45,0.006453755
2023/5/14 7:00,0.011517343
2023/5/14 7:15,0.028270284
2023/5/14 7:30,0.020366984
2023/5/14 7:45,0.024504583
2023/5/14 8:00,0.017114505
2023/5/14 8:15,0.014467713
2023/5/14 8:30,0.011767032
2023/5/14 8:45,0.010829597
2023/5/14 9:00,0.008165262
2023/5/14 9:15,0.007606267
2023/5/14 9:30,0.007543403
2023/5/14 9:45,0.007610331
2023/5/14 10:00,0.007671642
2023/5/14 10:15,0.012891758
2023/5/14 10:30,0.020940175
2023/5/14 10:45,0.012911969
2023/5/14 11:00,0.011901802
2023/5/14 11:15,0.014046435
2023/5/14 11:30,0.015774039
2023/5/14 11:45,0.017698684
2023/5/14 12:00,0.028418498
2023/5/14 12:15,0.031411421
2023/5/14 12:30,0.031178491
2023/5/14 12:45,0.031208179
2023/5/14 13:00,0.031763136
2023/5/14 13:15,0.031343008
2023/5/14 13:30,0.028971843
2023/5/14 13:45,0.026983628
2023/5/14 14:00,0.025759683
2023/5/14 14:15,0.024483423
2023/5/14 14:30,0.023100317
2023/5/14 14:45,0.023959078
2023/5/14 15:00,0.029298965
2023/5/14 15:15,0.031183689
2023/5/14 15:30,0.026155275
2023/5/14 15:45,0.025438181
2023/5/14 16:00,0.033340882
2023/5/14 16:15,0.03934979
2023/5/14 16:30,0.041568381
2023/5/14 16:45,0.041066636
2023/5/14 17:00,0.03512174
2023/5/14 17:15,0.031679782
2023/5/14 17:30,0.033241595
2023/5/14 17:45,0.036077084
2023/5/14 18:00,0.041458282
2023/5/14 18:15,0.046816767
2023/5/14 18:30,0.052128707
2023/5/14 18:45,0.094674628
2023/5/14 19:00,0.128883318
2023/5/14 19:15,0.109447123
2023/5/14 19:30,0.089488606
2023/5/14 19:45,0.086612008
2023/5/14 20:00,0.099915568
2023/5/14 20:15,0.108549424
2023/5/14 20:30,0.085988971
2023/5/14 20:45,0.128795783
2023/5/14 21:00,0.111078539
2023/5/14 21:15,0.095725631
2023/5/14 21:30,0.047565171
2023/5/14 21:45,0.038568618
2023/5/14 22:00,0.071310492
2023/5/14 22:15,0.091949152
2023/5/14 22:30,0.06243516
2023/5/14 22:45,0.095240767
2023/5/14 23:00,0.091568656
2023/5/14 23:15,0.109137745
2023/5/14 23:30,0.119894786
2023/5/14 23:45,0.100881365
2023/5/15 0:00,0.070005259
2023/5/15 0:15,0.049920483
2023/5/15 0:30,0.040964863
2023/5/15 0:45,0.048212258
2023/5/15 1:00,0.052980942
2023/5/15 1:15,0.078455177
2023/5/15 1:30,0.054027644
2023/5/15 1:45,0.012922366
2023/5/15 2:00,0.009911029
2023/5/15 2:15,0.016811398
2023/5/15 2:30,0.032549479
2023/5/15 2:45,0.04618054
2023/5/15 3:00,0.058993234
2023/5/15 3:15,0.047840745
2023/5/15 3:30,0.045088496
2023/5/15 3:45,0.048551994
2023/5/15 4:00,0.098395569
2023/5/15 4:15,0.065191037
2023/5/15 4:30,0.028584458
2023/5/15 4:45,0.072644236
2023/5/15 5:00,0.062694413
2023/5/15 5:15,0.057503959
2023/5/15 5:30,0.078692501
2023/5/15 5:45,0.078369012
2023/5/15 6:00,0.072165327
2023/5/15 6:15,0.082786631
2023/5/15 6:30,0.077077922
2023/5/15 6:45,0.080857769
2023/5/15 7:00,0.087255531
2023/5/15 7:15,0.073152638
2023/5/15 7:30,0.054507684
2023/5/15 7:45,0.057493668
2023/5/15 8:00,0.065811771
2023/5/15 8:15,0.047089227
2023/5/15 8:30,0.051697371
2023/5/15 8:45,0.04076558
2023/5/15 9:00,0.036190164
2023/5/15 9:15,0.031192795
2023/5/15 9:30,0.029262532
2023/5/15 9:45,0.037519198
2023/5/15 10:00,0.033592064
2023/5/15 10:15,0.023953138
2023/5/15 10:30,0.023730364
2023/5/15 10:45,0.021446669
2023/5/15 11:00,0.024071437
2023/5/15 11:15,0.061820058
2023/5/15 11:30,0.110862523
2023/5/15 11:45,0.092891942
2023/5/15 12:00,0.059444035
2023/5/15 12:15,0.042371308
2023/5/15 12:30,0.108643628
2023/5/15 12:45,0.175986174
2023/5/15 13:00,0.086683708
2023/5/15 13:15,0.068366244
2023/5/15 13:30,0.165715902
2023/5/15 13:45,0.13574167
2023/5/15 14:00,0.084962949
2023/5/15 14:15,0.147810569
2023/5/15 14:30,0.048599353
2023/5/15 14:45,0.163801593
2023/5/15 15:00,0.032727144
2023/5/15 15:15,0.203569721
2023/5/15 15:30,0.126379217
2023/5/15 15:45,0.171720231
2023/5/15 16:00,0.309577893
2023/5/15 16:15,0.146856127
2023/5/15 16:30,0.058544474
2023/5/15 16:45,0.226830132
2023/5/15 17:00,0.102443687
2023/5/15 17:15,0.10569571
2023/5/15 17:30,0.124033897
2023/5/15 17:45,0.115683012
2023/5/15 18:00,0.144550009
2023/5/15 18:15,0.122009473
2023/5/15 18:30,0.327344641
2023/5/15 18:45,0.173337553
2023/5/15 19:00,0.0587162
2023/5/15 19:15,0.203378641
2023/5/15 19:30,0.188171354
2023/5/15 19:45,0.289957798
2023/5/15 20:00,0.244028724
2023/5/15 20:15,0.214817466
2023/5/15 20:30,0.20292201
2023/5/15 20:45,0.168185211
2023/5/15 21:00,0.176186715
2023/5/15 21:15,0.109002987
2023/5/15 21:30,0.087908659
2023/5/15 21:45,0.085978567
2023/5/15 22:00,0.068509032
2023/5/15 22:15,0.07970843
2023/5/15 22:30,0.063388479
2023/5/15 22:45,0.073137227
2023/5/15 23:00,0.106779872
2023/5/15 23:15,0.09231029
2023/5/15 23:30,0.064472089
2023/5/15 23:45,0.141144971
2023/5/16 0:00,0.249276513
2023/5/16 0:15,0.262477366
2023/5/16 0:30,0.289334534
2023/5/16 0:45,0.332415448
2023/5/16 1:00,0.346953966
2023/5/16 1:15,0.485039652
2023/5/16 1:30,0.355285519
2023/5/16 1:45,0.358412491
2023/5/16 2:00,0.462417513
2023/5/16 2:15,0.456656826
2023/5/16 2:30,0.411794553
2023/5/16 2:45,0.580839848
2023/5/16 3:00,0.764687614
2023/5/16 3:15,0.757485575
2023/5/16 3:30,0.665546037
2023/5/16 3:45,0.56081865
2023/5/16 4:00,0.576055338
2023/5/16 4:15,0.712707261
2023/5/16 4:30,0.681870321
2023/5/16 4:45,0.678445703
2023/5/16 5:00,0.639437849
2023/5/16 5:15,0.623000179
2023/5/16 5:30,0.675396523
2023/5/16 5:45,0.634040445
2023/5/16 6:00,0.624228332
2023/5/16 6:15,0.679356559
2023/5/16 6:30,0.660594035
2023/5/16 6:45,0.568401919
2023/5/16 7:00,0.60644697
2023/5/16 7:15,0.613938295
2023/5/16 7:30,0.530405296
2023/5/16 7:45,0.541600925
2023/5/16 8:00,0.519757321
2023/5/16 8:15,0.41030817
2023/5/16 8:30,0.355391844
2023/5/16 8:45,0.450200052
2023/5/16 9:00,0.469137826
2023/5/16 9:15,0.438348599
2023/5/16 9:30,0.471276301
2023/5/16 9:45,0.566283676
2023/5/16 10:00,0.637819887
2023/5/16 10:15,0.751850183
2023/5/16 10:30,0.788261388
2023/5/16 10:45,0.699289232
2023/5/16 11:00,0.698524397
2023/5/16 11:15,0.618372096
2023/5/16 11:30,0.503593475
2023/5/16 11:45,0.519036069
2023/5/16 12:00,0.607542126
2023/5/16 12:15,0.361665992
2023/5/16 12:30,0.352841221
2023/5/16 12:45,0.448566461
2023/5/16 13:00,0.36568228
2023/5/16 13:15,0.418802227
2023/5/16 13:30,0.289381915
2023/5/16 13:45,0.289007623
2023/5/16 14:00,0.434554104
2023/5/16 14:15,0.288167159
2023/5/16 14:30,0.16245093
2023/5/16 14:45,0.293900879
2023/5/16 15:00,0.34237596
2023/5/16 15:15,0.297839932
2023/5/16 15:30,0.24077147
2023/5/16 15:45,0.418650935
2023/5/16 16:00,0.299751066
2023/5/16 16:15,0.259839163
2023/5/16 16:30,0.275269246
2023/5/16 16:45,0.160942842
2023/5/16 17:00,0.445889601
2023/5/16 17:15,0.201072961
2023/5/16 17:30,0.195540594
2023/5/16 17:45,0.22443737
2023/5/16 18:00,0.178007991
2023/5/16 18:15,0.220514027
2023/5/16 18:30,0.10851336
2023/5/16 18:45,0.069070361
2023/5/16 19:00,0.115481543
2023/5/16 19:15,0.266428712
2023/5/16 19:30,0.194103741
2023/5/16 19:45,0.228927329
2023/5/16 20:00,0.157526324
2023/5/16 20:15,0.130608883
2023/5/16 20:30,0.106751315
2023/5/16 20:45,0.098757247
2023/5/16 21:00,0.075160897
2023/5/16 21:15,0.071305873
2023/5/16 21:30,0.073449712
2023/5/16 21:45,0.077311686
2023/5/16 22:00,0.082168346
2023/5/16 22:15,0.131878725
2023/5/16 22:30,0.203838412
2023/5/16 22:45,0.132058225
2023/5/16 23:00,0.125288333
2023/5/16 23:15,0.145479234
2023/5/16 23:30,0.159005387
2023/5/16 23:45,0.175981806
2023/5/17 0:00,0.123521371
2023/5/17 0:15,0.107634605
2023/5/17 0:30,0.115859787
2023/5/17 0:45,0.132124902
2023/5/17 1:00,0.243532166
2023/5/17 1:15,0.239405615
2023/5/17 1:30,0.20275689
2023/5/17 1:45,0.199767921
2023/5/17 2:00,0.180316469
2023/5/17 2:15,0.174128006
2023/5/17 2:30,0.166500711
2023/5/17 2:45,0.185138443
2023/5/17 3:00,0.193196755
2023/5/17 3:15,0.166842668
2023/5/17 3:30,0.16131184
2023/5/17 3:45,0.198525563
2023/5/17 4:00,0.272067581
2023/5/17 4:15,0.238906726
2023/5/17 4:30,0.226125964
2023/5/17 4:45,0.171389726
2023/5/17 5:00,0.177168592
2023/5/17 5:15,0.171854499
2023/5/17 5:30,0.168436371
2023/5/17 5:45,0.123016257
2023/5/17 6:00,0.098537408
2023/5/17 6:15,0.086365498
2023/5/17 6:30,0.070960569
2023/5/17 6:45,0.092613565
2023/5/17 7:00,0.133431469
2023/5/17 7:15,0.141179172
2023/5/17 7:30,0.177738054
2023/5/17 7:45,0.013896975
2023/5/17 8:00,0.007164951
2023/5/17 8:15,0.091006856
2023/5/17 8:30,0.035620537
2023/5/17 8:45,0.022222673
2023/5/17 9:00,0.096507843
2023/5/17 9:15,0.093750644
2023/5/17 9:30,0.06387097
2023/5/17 9:45,0.004238305
2023/5/17 10:00,0
2023/5/17 10:15,0.007733083
2023/5/17 10:30,0.022100922
2023/5/17 10:45,0.014826523
2023/5/17 11:00,0.014344244
2023/5/17 11:15,0.021556309
2023/5/17 11:30,0.046221467
2023/5/17 11:45,0.041546381
2023/5/17 12:00,0.050745518
2023/5/17 12:15,0.168784998
2023/5/17 12:30,0.178635821
2023/5/17 12:45,0.399706407
2023/5/17 13:00,0.393463878
2023/5/17 13:15,0.456449477
2023/5/17 13:30,0.475776963
2023/5/17 13:45,0.601610001
2023/5/17 14:00,0.621574623
2023/5/17 14:15,0.637589568
2023/5/17 14:30,0.49088157
2023/5/17 14:45,0.580316997
2023/5/17 15:00,0.678014374
2023/5/17 15:15,0.381728378
2023/5/17 15:30,0.620354497
2023/5/17 15:45,0.484294412
2023/5/17 16:00,0.753050303
2023/5/17 16:15,0.516708073
2023/5/17 16:30,0.465339785
2023/5/17 16:45,0.471728048
2023/5/17 17:00,0.556668087
2023/5/17 17:15,0.530234559
2023/5/17 17:30,0.48783116
2023/5/17 17:45,0.542701557
2023/5/17 18:00,0.592683102
2023/5/17 18:15,0.686891151
2023/5/17 18:30,0.643654087
2023/5/17 18:45,0.761200328
2023/5/17 19:00,0.685136875
2023/5/17 19:15,0.80680397
2023/5/17 19:30,0.748184166
2023/5/17 19:45,0.835533397
2023/5/17 20:00,0.553392234
2023/5/17 20:15,0.561218892
2023/5/17 20:30,0.344463661
2023/5/17 20:45,0.424227866
2023/5/17 21:00,0.346506479
2023/5/17 21:15,0.271133426
2023/5/17 21:30,0.175928004
2023/5/17 21:45,0.150883389
2023/5/17 22:00,0.224900282
2023/5/17 22:15,0.124676313
2023/5/17 22:30,0.043559586
2023/5/17 22:45,0.032154463
2023/5/17 23:00,0.013744654
2023/5/17 23:15,0.016859722
2023/5/17 23:30,0.046452442
2023/5/17 23:45,0.042707952
2023/5/18 0:00,0
2023/5/18 0:15,0
2023/5/18 0:30,0
2023/5/18 0:45,0
2023/5/18 1:00,0
2023/5/18 1:15,0
2023/5/18 1:30,0
2023/5/18 1:45,0
2023/5/18 2:00,0.034933465
2023/5/18 2:15,0.06411111
2023/5/18 2:30,0.051969236
2023/5/18 2:45,0.04318369
2023/5/18 3:00,0.056323156
2023/5/18 3:15,0.212303778
2023/5/18 3:30,0.460291086
2023/5/18 3:45,0.436945221
2023/5/18 4:00,0.433163136
2023/5/18 4:15,0.315159912
2023/5/18 4:30,0.333631786
2023/5/18 4:45,0.312725457
2023/5/18 5:00,0.18749888
2023/5/18 5:15,0.169005941
2023/5/18 5:30,0.154660199
2023/5/18 5:45,0.283933905
2023/5/18 6:00,0.102781331
2023/5/18 6:15,0.45920361
2023/5/18 6:30,0.540888763
2023/5/18 6:45,0.827807816
2023/5/18 7:00,0.645781745
2023/5/18 7:15,0.597662463
2023/5/18 7:30,0.473812649
2023/5/18 7:45,0.282507633
2023/5/18 8:00,0.126246449
2023/5/18 8:15,0.181237157
2023/5/18 8:30,0.338271313
2023/5/18 8:45,0.290477129
2023/5/18 9:00,0.132769274
2023/5/18 9:15,0.123618864
2023/5/18 9:30,0.108027783
2023/5/18 9:45,0.087945043
2023/5/18 10:00,0.083909502
2023/5/18 10:15,0.014895297
2023/5/18 10:30,0
2023/5/18 10:45,0
2023/5/18 11:00,0.082364366
2023/5/18 11:15,0.813957232
2023/5/18 11:30,0.795853519
2023/5/18 11:45,0.843600923
2023/5/18 12:00,0.834140488
2023/5/18 12:15,0.145943098
2023/5/18 12:30,0.471989335
2023/5/18 12:45,0.514044531
2023/5/18 13:00,0.462081983
2023/5/18 13:15,0.510660432
2023/5/18 13:30,0.267789237
2023/5/18 13:45,0.321413511
2023/5/18 14:00,0.323106474
2023/5/18 14:15,0.532485876
2023/5/18 14:30,0.551326652
2023/5/18 14:45,0.234601801
2023/5/18 15:00,0.133460219
2023/5/18 15:15,0.322681233
2023/5/18 15:30,0.264461124
2023/5/18 15:45,0.219966059
2023/5/18 16:00,0.182466683
2023/5/18 16:15,0.190882031
2023/5/18 16:30,0.211641059
2023/5/18 16:45,0.267651843
2023/5/18 17:00,0.320806919
2023/5/18 17:15,0.234361571
2023/5/18 17:30,0.093850168
2023/5/18 17:45,0.147237549
2023/5/18 18:00,0.323347338
2023/5/18 18:15,0.311964762
2023/5/18 18:30,0.117663942
2023/5/18 18:45,0.006359452
2023/5/18 19:00,0.26913088
2023/5/18 19:15,0.252948395
2023/5/18 19:30,0.279402013
2023/5/18 19:45,0.258046926
2023/5/18 20:00,0.261340724
2023/5/18 20:15,0.226939671
2023/5/18 20:30,0.252649874
2023/5/18 20:45,0.222872102
2023/5/18 21:00,0.254291384
2023/5/18 21:15,0.282509836
2023/5/18 21:30,0.240050054
2023/5/18 21:45,0.233982278
2023/5/18 22:00,0.202026784
2023/5/18 22:15,0.277926909
2023/5/18 22:30,0.243439747
2023/5/18 22:45,0.214524972
2023/5/18 23:00,0.200345258
2023/5/18 23:15,0.228703204
2023/5/18 23:30,0.263498478
2023/5/18 23:45,0.226642846
2023/5/19 0:00,0.21638833
2023/5/19 0:15,0.254308331
2023/5/19 0:30,0.211698323
2023/5/19 0:45,0.206732565
2023/5/19 1:00,0.209828061
2023/5/19 1:15,0.131777012
2023/5/19 1:30,0.181970392
2023/5/19 1:45,0.237918903
2023/5/19 2:00,0.155492173
2023/5/19 2:15,0.153145779
2023/5/19 2:30,0.162870061
2023/5/19 2:45,0.115629484
2023/5/19 3:00,0.140361248
2023/5/19 3:15,0.095003586
2023/5/19 3:30,0.102908631
2023/5/19 3:45,0.173565436
2023/5/19 4:00,0.128327627
2023/5/19 4:15,0.081295884
2023/5/19 4:30,0.173449829
2023/5/19 4:45,0.145703274
2023/5/19 5:00,0.104050119
2023/5/19 5:15,0.113894533
2023/5/19 5:30,0.128982259
2023/5/19 5:45,0.059098574
2023/5/19 6:00,0.183333089
2023/5/19 6:15,0.147354267
2023/5/19 6:30,0.156735295
2023/5/19 6:45,0.1518755
2023/5/19 7:00,0.158973051
2023/5/19 7:15,0.189670098
2023/5/19 7:30,0.150243753
2023/5/19 7:45,0.192117479
2023/5/19 8:00,0.185053185
2023/5/19 8:15,0.245931469
2023/5/19 8:30,0.220350218
2023/5/19 8:45,0.234798978
2023/5/19 9:00,0.273726465
2023/5/19 9:15,0.18794993
2023/5/19 9:30,0.24556639
2023/5/19 9:45,0.197426092
2023/5/19 10:00,0.316207634
2023/5/19 10:15,0.322280368
2023/5/19 10:30,0.291342505
2023/5/19 10:45,0.273810316
2023/5/19 11:00,0.215744213
2023/5/19 11:15,0.314307556
2023/5/19 11:30,0.319127927
2023/5/19 11:45,0.305357223
2023/5/19 12:00,0.30389948
2023/5/19 12:15,0.298970432
2023/5/19 12:30,0.295885499
2023/5/19 12:45,0.244465583
2023/5/19 13:00,0.294607626
2023/5/19 13:15,0.282890521
2023/5/19 13:30,0.221703797
2023/5/19 13:45,0.245856895
2023/5/19 14:00,0.296098081
2023/5/19 14:15,0.282295707
2023/5/19 14:30,0.250890121
2023/5/19 14:45,0.216055252
2023/5/19 15:00,0.240838185
2023/5/19 15:15,0.199600817
2023/5/19 15:30,0.208095413
2023/5/19 15:45,0.195031873
2023/5/19 16:00,0.179883847
2023/5/19 16:15,0.242704025
2023/5/19 16:30,0.178155747
2023/5/19 16:45,0.196399395
2023/5/19 17:00,0.225330395
2023/5/19 17:15,0.199201982
2023/5/19 17:30,0.214495921
2023/5/19 17:45,0.170001978
2023/5/19 18:00,0.168201066
2023/5/19 18:15,0.183733469
2023/5/19 18:30,0.212172905
2023/5/19 18:45,0.217247239
2023/5/19 19:00,0.263603695
2023/5/19 19:15,0.253628297
2023/5/19 19:30,0.21915116
2023/5/19 19:45,0.198483796
2023/5/19 20:00,0.311916779
2023/5/19 20:15,0.260728739
2023/5/19 20:30,0.236802837
2023/5/19 20:45,0.244706637
2023/5/19 21:00,0.028724308
2023/5/19 21:15,0.148313491
2023/5/19 21:30,0.155008042
2023/5/19 21:45,0.11869601
2023/5/19 22:00,0.107231698
2023/5/19 22:15,0.09163106
2023/5/19 22:30,0.104777368
2023/5/19 22:45,0.076163201
2023/5/19 23:00,0.045425266
2023/5/19 23:15,0.038800029
2023/5/19 23:30,0.015932671
2023/5/19 23:45,0.025290419
2023/5/20 0:00,0.014933802
2023/5/20 0:15,0.007084595
2023/5/20 0:30,0.006627238
2023/5/20 0:45,0.00656853
2023/5/20 1:00,0.006228664
2023/5/20 1:15,0.006039799
2023/5/20 1:30,0.006084771
2023/5/20 1:45,0.006136235
2023/5/20 2:00,0.006193937
2023/5/20 2:15,0.006257577
2023/5/20 2:30,0.006326818
2023/5/20 2:45,0.006401292
2023/5/20 3:00,0.006480602
2023/5/20 3:15,0.006564334
2023/5/20 3:30,0.006652063
2023/5/20 3:45,0.006743351
2023/5/20 4:00,0.00683776
2023/5/20 4:15,0.00693485
2023/5/20 4:30,0.007034185
2023/5/20 4:45,0.007135334
2023/5/20 5:00,0.007237873
2023/5/20 5:15,0.007341387
2023/5/20 5:30,0.007445471
2023/5/20 5:45,0.007549734
2023/5/20 6:00,0.007653794
2023/5/20 6:15,0.007757287
2023/5/20 6:30,0.007859864
2023/5/20 6:45,0.032371035
2023/5/20 7:00,0.046752058
2023/5/20 7:15,0.031745896
2023/5/20 7:30,0.019111416
2023/5/20 7:45,0.008348163
2023/5/20 8:00,0.008439049
2023/5/20 8:15,0.008527178
2023/5/20 8:30,0.008612388
2023/5/20 8:45,0.00869455
2023/5/20 9:00,0.008773559
2023/5/20 9:15,0.008849343
2023/5/20 9:30,0.008921855
2023/5/20 9:45,0.008991075
2023/5/20 10:00,0.00905701
2023/5/20 10:15,0.009119692
2023/5/20 10:30,0.009179176
2023/5/20 10:45,0.009235536
2023/5/20 11:00,0.00928887
2023/5/20 11:15,0.009339291
2023/5/20 11:30,0.00938693
2023/5/20 11:45,0.009431934
2023/5/20 12:00,0.065126054
2023/5/20 12:15,0.161284124
2023/5/20 12:30,0.099066868
2023/5/20 12:45,0.205393733
2023/5/20 13:00,0.262405019
2023/5/20 13:15,0.225797023
2023/5/20 13:30,0.099700075
2023/5/20 13:45,0.267311836
2023/5/20 14:00,0.185578565
2023/5/20 14:15,0.32668052
2023/5/20 14:30,0.152166203
2023/5/20 14:45,0.271841426
2023/5/20 15:00,0.424761848
2023/5/20 15:15,0.265082174
2023/5/20 15:30,0.484373492
2023/5/20 15:45,0.273283525
2023/5/20 16:00,0.423434551
2023/5/20 16:15,0.415230592
2023/5/20 16:30,0.314479246
2023/5/20 16:45,0.303498889
2023/5/20 17:00,0.435466356
2023/5/20 17:15,0.337222324
2023/5/20 17:30,0.34752139
2023/5/20 17:45,0.37947361
2023/5/20 18:00,0.430158295
2023/5/20 18:15,0.408841854
2023/5/20 18:30,0.373115087
2023/5/20 18:45,0.540656596
2023/5/20 19:00,0.479650665
2023/5/20 19:15,0.509464955
2023/5/20 19:30,0.459352338
2023/5/20 19:45,0.574796362
2023/5/20 20:00,0.461818591
2023/5/20 20:15,0.420603751
2023/5/20 20:30,0.396700885
2023/5/20 20:45,0.3502198
2023/5/20 21:00,0.236537156
2023/5/20 21:15,0.246146392
2023/5/20 21:30,0.18609763
2023/5/20 21:45,0.15638097
2023/5/20 22:00,0.119423864
2023/5/20 22:15,0.110004844
2023/5/20 22:30,0.069815084
2023/5/20 22:45,0.049679166
2023/5/20 23:00,0.024952199
2023/5/20 23:15,0.064951971
2023/5/20 23:30,0.046160414
2023/5/20 23:45,0.018264543
2023/5/21 0:00,0.035646757
2023/5/21 0:15,0.036959972
2023/5/21 0:30,0.026708394
2023/5/21 0:45,0.022450528
2023/5/21 1:00,0.030182876
2023/5/21 1:15,0.033338643
2023/5/21 1:30,0.027344806
2023/5/21 1:45,0.022649605
2023/5/21 2:00,0.020555853
2023/5/21 2:15,0.021495241
2023/5/21 2:30,0.028505503
2023/5/21 2:45,0.032469226
2023/5/21 3:00,0.030344634
2023/5/21 3:15,0.170296312
2023/5/21 3:30,0.336064041
2023/5/21 3:45,0.24268319
2023/5/21 4:00,0.209890069
2023/5/21 4:15,0.287106737
2023/5/21 4:30,0.262889924
2023/5/21 4:45,0.131922285
2023/5/21 5:00,0.09813328
2023/5/21 5:15,0.100214019
2023/5/21 5:30,0.062215801
2023/5/21 5:45,0.080304039
2023/5/21 6:00,0.121158625
2023/5/21 6:15,0.221716422
2023/5/21 6:30,0.146590377
2023/5/21 6:45,0.234730599
2023/5/21 7:00,0.198695241
2023/5/21 7:15,0.101721894
2023/5/21 7:30,0.063255583
2023/5/21 7:45,0.006755185
2023/5/21 8:00,0
2023/5/21 8:15,0
2023/5/21 8:30,0
2023/5/21 8:45,0
2023/5/21 9:00,0
2023/5/21 9:15,0
2023/5/21 9:30,0
2023/5/21 9:45,0.069889239
2023/5/21 10:00,0.207226604
2023/5/21 10:15,0.14889454
2023/5/21 10:30,0.033540839
2023/5/21 10:45,0.008377365
2023/5/21 11:00,0.000927909
2023/5/21 11:15,0.001261669
2023/5/21 11:30,0.004406952
2023/5/21 11:45,0.004432484
2023/5/21 12:00,0.015083144
2023/5/21 12:15,0.0153004
2023/5/21 12:30,0.014559271
2023/5/21 12:45,0.02361581
2023/5/21 13:00,0.202507492
2023/5/21 13:15,0.143160179
2023/5/21 13:30,0.238803394
2023/5/21 13:45,0.330587222
2023/5/21 14:00,0.608088772
2023/5/21 14:15,0.452616356
2023/5/21 14:30,0.573936233
2023/5/21 14:45,0.534111521
2023/5/21 15:00,0.432931548
2023/5/21 15:15,0.416177054
2023/5/21 15:30,0.471192263
2023/5/21 15:45,0.427782049
2023/5/21 16:00,0.400183193
2023/5/21 16:15,0.436359936
2023/5/21 16:30,0.501629141
2023/5/21 16:45,0.46097653
2023/5/21 17:00,0.413238619
2023/5/21 17:15,0.506614601
2023/5/21 17:30,0.45351589
2023/5/21 17:45,0.603220108
2023/5/21 18:00,0.391293587
2023/5/21 18:15,0.32318165
2023/5/21 18:30,0.556604439
2023/5/21 18:45,0.63680537
2023/5/21 19:00,0.484105305
2023/5/21 19:15,0.569037552
2023/5/21 19:30,0.40489858
2023/5/21 19:45,0.205483414
2023/5/21 20:00,0.001227296
2023/5/21 20:15,0
2023/5/21 20:30,0
2023/5/21 20:45,0
2023/5/21 21:00,0
2023/5/21 21:15,0.019773233
2023/5/21 21:30,0.02305435
2023/5/21 21:45,0
2023/5/21 22:00,0
2023/5/21 22:15,0
2023/5/21 22:30,0.000534584
2023/5/21 22:45,0.015124073
2023/5/21 23:00,0.018030502
2023/5/21 23:15,0.011709314
2023/5/21 23:30,0.001008195
2023/5/21 23:45,0
2023/5/22 0:00,0.007718869
2023/5/22 0:15,0.007720471
2023/5/22 0:30,0.007725411
2023/5/22 0:45,0.007733904
2023/5/22 1:00,0.00774616
2023/5/22 1:15,0.007762375
2023/5/22 1:30,0.007782722
2023/5/22 1:45,0.007807346
2023/5/22 2:00,0.063422241
2023/5/22 2:15,0.068451924
2023/5/22 2:30,0.092221903
2023/5/22 2:45,0.097734096
2023/5/22 3:00,0.086083575
2023/5/22 3:15,0.1068269
2023/5/22 3:30,0.089528482
2023/5/22 3:45,0.08964376
2023/5/22 4:00,0.07977024
2023/5/22 4:15,0.050764673
2023/5/22 4:30,0.059020661
2023/5/22 4:45,0.062064081
2023/5/22 5:00,0.109400927
2023/5/22 5:15,0.116974175
2023/5/22 5:30,0.081506873
2023/5/22 5:45,0.084965589
2023/5/22 6:00,0.100169651
2023/5/22 6:15,0.092751886
2023/5/22 6:30,0.128263566
2023/5/22 6:45,0.076459284
2023/5/22 7:00,0.052873238
2023/5/22 7:15,0.023807233
2023/5/22 7:30,0.009284284
2023/5/22 7:45,0.099472799
2023/5/22 8:00,0.150606929
2023/5/22 8:15,0.277996079
2023/5/22 8:30,0.612778951
2023/5/22 8:45,0.408745986
2023/5/22 9:00,0.325477792
2023/5/22 9:15,0.608188605
2023/5/22 9:30,0.537437866
2023/5/22 9:45,0.564382966
2023/5/22 10:00,0.322216409
2023/5/22 10:15,0.369916924
2023/5/22 10:30,0.288660814
2023/5/22 10:45,0.361453947
2023/5/22 11:00,0.208693629
2023/5/22 11:15,0.312811279
2023/5/22 11:30,0.252337276
2023/5/22 11:45,0.283772231
2023/5/22 12:00,0.375438555
2023/5/22 12:15,0.422887483
2023/5/22 12:30,0.467295603
2023/5/22 12:45,0.567611478
2023/5/22 13:00,0.526938644
2023/5/22 13:15,0.529915263
2023/5/22 13:30,0.587852732
2023/5/22 13:45,0.630280057
2023/5/22 14:00,0.55517712
2023/5/22 14:15,0.505118876
2023/5/22 14:30,0.5369206
2023/5/22 14:45,0.542420379
2023/5/22 15:00,0.60929296
2023/5/22 15:15,0.471430465
2023/5/22 15:30,0.525749932
2023/5/22 15:45,0.554443125
2023/5/22 16:00,0.634085514
2023/5/22 16:15,0.325589251
2023/5/22 16:30,0.279198516
2023/5/22 16:45,0.380049315
2023/5/22 17:00,0.542334753
2023/5/22 17:15,0.62017567
2023/5/22 17:30,0.638121188
2023/5/22 17:45,0.579659254
2023/5/22 18:00,0.573841864
2023/5/22 18:15,0.588365061
2023/5/22 18:30,0.62456055
2023/5/22 18:45,0.715602022
2023/5/22 19:00,0.889477507
2023/5/22 19:15,0.844611098
2023/5/22 19:30,0.902782021
2023/5/22 19:45,0.879846178
2023/5/22 20:00,0.873395244
2023/5/22 20:15,0.866409778
2023/5/22 20:30,0.761303365
2023/5/22 20:45,0.866146185
2023/5/22 21:00,0.737634081
2023/5/22 21:15,0.865586541
2023/5/22 21:30,0.591334251
2023/5/22 21:45,0.909825855
2023/5/22 22:00,0.523166292
2023/5/22 22:15,0.825820207
2023/5/22 22:30,0.825143416
2023/5/22 22:45,0.876215674
2023/5/22 23:00,0.879512268
2023/5/22 23:15,0.736754634
2023/5/22 23:30,0.860255249
2023/5/22 23:45,0.834552768
2023/5/23 0:00,0.798834561
2023/5/23 0:15,0.624630154
2023/5/23 0:30,0.45481713
2023/5/23 0:45,0.168219668
2023/5/23 1:00,0.028731846
2023/5/23 1:15,0.004733897
2023/5/23 1:30,0.004692885
2023/5/23 1:45,0.038243379
2023/5/23 2:00,0.093075662
2023/5/23 2:15,0.118305677
2023/5/23 2:30,0.085273199
2023/5/23 2:45,0.045981987
2023/5/23 3:00,0.051022301
2023/5/23 3:15,0.057027079
2023/5/23 3:30,0.061037042
2023/5/23 3:45,0.080020212
2023/5/23 4:00,0.064118533
2023/5/23 4:15,0.075393545
2023/5/23 4:30,0.070105468
2023/5/23 4:45,0.089794856
2023/5/23 5:00,0.08011839
2023/5/23 5:15,0.068030122
2023/5/23 5:30,0.071987998
2023/5/23 5:45,0.085537252
2023/5/23 6:00,0.120581358
2023/5/23 6:15,0.113989065
2023/5/23 6:30,0.088494848
2023/5/23 6:45,0.104869792
2023/5/23 7:00,0.126603411
2023/5/23 7:15,0.136002245
2023/5/23 7:30,0.139689584
2023/5/23 7:45,0.162694004
2023/5/23 8:00,0.144221064
2023/5/23 8:15,0.16225061
2023/5/23 8:30,0.15830706
2023/5/23 8:45,0.141734734
2023/5/23 9:00,0.124877923
2023/5/23 9:15,0.094273698
2023/5/23 9:30,0.092010822
2023/5/23 9:45,0.102554158
2023/5/23 10:00,0.085238186
2023/5/23 10:15,0.041964569
2023/5/23 10:30,0.063533596
2023/5/23 10:45,0.067631815
2023/5/23 11:00,0.057691841
2023/5/23 11:15,0.033432033
2023/5/23 11:30,0.031585934
2023/5/23 11:45,0.054521996
2023/5/23 12:00,0.05712043
2023/5/23 12:15,0.178643768
2023/5/23 12:30,0.31580751
2023/5/23 12:45,0.358082249
2023/5/23 13:00,0.38433305
2023/5/23 13:15,0.29145068
2023/5/23 13:30,0.393610674
2023/5/23 13:45,0.412717639
2023/5/23 14:00,0.360693552
2023/5/23 14:15,0.485234013
2023/5/23 14:30,0.396735276
2023/5/23 14:45,0.533533842
2023/5/23 15:00,0.54700004
2023/5/23 15:15,0.451007231
2023/5/23 15:30,0.487323021
2023/5/23 15:45,0.462840166
2023/5/23 16:00,0.72596623
2023/5/23 16:15,0.724343857
2023/5/23 16:30,0.684028596
2023/5/23 16:45,0.733162733
2023/5/23 17:00,0.683930435
2023/5/23 17:15,0.692768557
2023/5/23 17:30,0.66860192
2023/5/23 17:45,0.734658347
2023/5/23 18:00,0.850901984
2023/5/23 18:15,0.683284124
2023/5/23 18:30,0.828847617
2023/5/23 18:45,0.647455081
2023/5/23 19:00,0.631684647
2023/5/23 19:15,0.656811195
2023/5/23 19:30,0.598245754
2023/5/23 19:45,0.543942178
2023/5/23 20:00,0.762771844
2023/5/23 20:15,0.403471253
2023/5/23 20:30,0.461033317
2023/5/23 20:45,0.432265603
2023/5/23 21:00,0.425889316
2023/5/23 21:15,0.348802324
2023/5/23 21:30,0.334519974
2023/5/23 21:45,0.268498198
2023/5/23 22:00,0.283046534
2023/5/23 22:15,0.383413889
2023/5/23 22:30,0.312963344
2023/5/23 22:45,0.304811914
2023/5/23 23:00,0.288853607
2023/5/23 23:15,0.187932033
2023/5/23 23:30,0.130323728
2023/5/23 23:45,0.110144324
2023/5/24 0:00,0.125023988
2023/5/24 0:15,0.149912924
2023/5/24 0:30,0.170388408
2023/5/24 0:45,0.140627074
2023/5/24 1:00,0.114238602
2023/5/24 1:15,0.094662349
2023/5/24 1:30,0.059229249
2023/5/24 1:45,0.02491707
2023/5/24 2:00,0
2023/5/24 2:15,0
2023/5/24 2:30,0
2023/5/24 2:45,0.032634251
2023/5/24 3:00,0.010850904
2023/5/24 3:15,0.019659581
2023/5/24 3:30,0.007274592
2023/5/24 3:45,0.059855819
2023/5/24 4:00,0.043686828
2023/5/24 4:15,0.058439243
2023/5/24 4:30,0.074042219
2023/5/24 4:45,0.081750604
2023/5/24 5:00,0.102921544
2023/5/24 5:15,0.141535936
2023/5/24 5:30,0.128215922
2023/5/24 5:45,0.112582242
2023/5/24 6:00,0.104341154
2023/5/24 6:15,0.089706308
2023/5/24 6:30,0.062482384
2023/5/24 6:45,0.093446477
2023/5/24 7:00,0.088286736
2023/5/24 7:15,0.086396381
2023/5/24 7:30,0.078991576
2023/5/24 7:45,0.101994968
2023/5/24 8:00,0.09031036
2023/5/24 8:15,0.078338705
2023/5/24 8:30,0.045198934
2023/5/24 8:45,0.037737464
2023/5/24 9:00,0.058191222
2023/5/24 9:15,0.128354777
2023/5/24 9:30,0.074921535
2023/5/24 9:45,0.044198115
2023/5/24 10:00,0.126096182
2023/5/24 10:15,0.158837946
2023/5/24 10:30,0.172509284
2023/5/24 10:45,0.235261932
2023/5/24 11:00,0.185922094
2023/5/24 11:15,0.206883855
2023/5/24 11:30,0.325237547
2023/5/24 11:45,0.23303317
2023/5/24 12:00,0.222219634
2023/5/24 12:15,0.201927368
2023/5/24 12:30,0.141025998
2023/5/24 12:45,0.112129146
2023/5/24 13:00,0.102600972
2023/5/24 13:15,0.144206263
2023/5/24 13:30,0.080907653
2023/5/24 13:45,0.122036942
2023/5/24 14:00,0.074037788
2023/5/24 14:15,0.013717922
2023/5/24 14:30,0.013788669
2023/5/24 14:45,0.013857157
2023/5/24 15:00,0.013923209
2023/5/24 15:15,0.013986674
2023/5/24 15:30,0.014047424
2023/5/24 15:45,0.014105356
2023/5/24 16:00,0.014160388
2023/5/24 16:15,0.014212456
2023/5/24 16:30,0.014261511
2023/5/24 16:45,0.014307518
2023/5/24 17:00,0.014350447
2023/5/24 17:15,0.01439027
2023/5/24 17:30,0.014426961
2023/5/24 17:45,0.014460489
2023/5/24 18:00,0.014490817
2023/5/24 18:15,0.014517896
2023/5/24 18:30,0.014541671
2023/5/24 18:45,0.016387642
2023/5/24 19:00,0.018959605
2023/5/24 19:15,0.023391425
2023/5/24 19:30,0.021540808
2023/5/24 19:45,0.019451008
2023/5/24 20:00,0.02196621
2023/5/24 20:15,0.023495503
2023/5/24 20:30,0.023944087
2023/5/24 20:45,0.024010406
2023/5/24 21:00,0.025240748
2023/5/24 21:15,0.025355647
2023/5/24 21:30,0.024967092
2023/5/24 21:45,0.024838039
2023/5/24 22:00,0.022918293
2023/5/24 22:15,0.099017117
2023/5/24 22:30,0.365770443
2023/5/24 22:45,0.330571677
2023/5/24 23:00,0.369655626
2023/5/24 23:15,0.342273192
2023/5/24 23:30,0.231303408
2023/5/24 23:45,0.254469929
2023/5/25 0:00,0.193010636
2023/5/25 0:15,0.167645392
2023/5/25 0:30,0.138366809
2023/5/25 0:45,0.115045705
2023/5/25 1:00,0.087538432
2023/5/25 1:15,0.072872736
2023/5/25 1:30,0.061923197
2023/5/25 1:45,0.058554199
2023/5/25 2:00,0.032885955
2023/5/25 2:15,0.031097854
2023/5/25 2:30,0.026140792
2023/5/25 2:45,0.026175041
2023/5/25 3:00,0.052165204
2023/5/25 3:15,0.066386156
2023/5/25 3:30,0.059907498
2023/5/25 3:45,0.050953803
2023/5/25 4:00,0.038420574
2023/5/25 4:15,0.01889861
2023/5/25 4:30,0.003831891
2023/5/25 4:45,0.004473007
2023/5/25 5:00,0.000300954
2023/5/25 5:15,0.00266568
2023/5/25 5:30,0.008459929
2023/5/25 5:45,0.010985489
2023/5/25 6:00,0.006256662
2023/5/25 6:15,0.001402282
2023/5/25 6:30,0.005282995
2023/5/25 6:45,0.002961285
2023/5/25 7:00,0.004272854
2023/5/25 7:15,0.001866875
2023/5/25 7:30,0.000195044
2023/5/25 7:45,0.000190766
2023/5/25 8:00,0.000188024
2023/5/25 8:15,0.003904416
2023/5/25 8:30,0.017997641
2023/5/25 8:45,0.036892352
2023/5/25 9:00,0.053147182
2023/5/25 9:15,0.047834592
2023/5/25 9:30,0.035772571
2023/5/25 9:45,0.043277779
2023/5/25 10:00,0.084993256
2023/5/25 10:15,0.131612305
2023/5/25 10:30,0.150353379
2023/5/25 10:45,0.112091329
2023/5/25 11:00,0.185339058
2023/5/25 11:15,0.298207588
2023/5/25 11:30,0.301858548
2023/5/25 11:45,0.295309319
2023/5/25 12:00,0.275054152
2023/5/25 12:15,0.278106258
2023/5/25 12:30,0.269507166
2023/5/25 12:45,0.302667197
2023/5/25 13:00,0.37178268
2023/5/25 13:15,0.42873798
2023/5/25 13:30,0.431876502
2023/5/25 13:45,0.41066672
2023/5/25 14:00,0.288256854
2023/5/25 14:15,0.355925491
2023/5/25 14:30,0.450622937
2023/5/25 14:45,0.501481565
2023/5/25 15:00,0.598870307
2023/5/25 15:15,0.441204602
2023/5/25 15:30,0.395131554
2023/5/25 15:45,0.520348879
2023/5/25 16:00,0.536779908
2023/5/25 16:15,0.594891598
2023/5/25 16:30,0.51926279
2023/5/25 16:45,0.507709409
2023/5/25 17:00,0.480621784
2023/5/25 17:15,0.516106225
2023/5/25 17:30,0.55257094
2023/5/25 17:45,0.651755925
2023/5/25 18:00,0.629968209
2023/5/25 18:15,0.740230036
2023/5/25 18:30,0.430727259
2023/5/25 18:45,0.812567746
2023/5/25 19:00,0.770460177
2023/5/25 19:15,0.779741379
2023/5/25 19:30,0.77677492
2023/5/25 19:45,0.728967561
2023/5/25 20:00,0.459395496
2023/5/25 20:15,0.681758156
2023/5/25 20:30,0.471578264
2023/5/25 20:45,0.522665155
2023/5/25 21:00,0.611269742
2023/5/25 21:15,0.292058145
2023/5/25 21:30,0.259603783
2023/5/25 21:45,0.21627404
2023/5/25 22:00,0.222078987
2023/5/25 22:15,0.286655454
2023/5/25 22:30,0.39802357
2023/5/25 22:45,0.331998401
2023/5/25 23:00,0.526805658
2023/5/25 23:15,0.320051467
2023/5/25 23:30,0.24822774
2023/5/25 23:45,0.264012465
2023/5/26 0:00,0.241815164
2023/5/26 0:15,0.17807196
2023/5/26 0:30,0.129761295
2023/5/26 0:45,0.113190315
2023/5/26 1:00,0.093130665
2023/5/26 1:15,0.091862562
2023/5/26 1:30,0.096088003
2023/5/26 1:45,0.096435589
2023/5/26 2:00,0.089028255
2023/5/26 2:15,0.176313549
2023/5/26 2:30,0.626620975
2023/5/26 2:45,0.893483519
2023/5/26 3:00,0.882861754
2023/5/26 3:15,0.821215224
2023/5/26 3:30,0.888192061
2023/5/26 3:45,0.81963444
2023/5/26 4:00,0.706963364
2023/5/26 4:15,0.559159686
2023/5/26 4:30,0.472704041
2023/5/26 4:45,0.348268182
2023/5/26 5:00,0.406729283
2023/5/26 5:15,0.514406904
2023/5/26 5:30,0.455352712
2023/5/26 5:45,0.45915933
2023/5/26 6:00,0.447641375
2023/5/26 6:15,0.403618645
2023/5/26 6:30,0.372036369
2023/5/26 6:45,0.343548057
2023/5/26 7:00,0.332107397
2023/5/26 7:15,0.31718288
2023/5/26 7:30,0.254982848
2023/5/26 7:45,0.228879855
2023/5/26 8:00,0.306029416
2023/5/26 8:15,0.236281668
2023/5/26 8:30,0.225498906
2023/5/26 8:45,0.259896248
2023/5/26 9:00,0.333491663
2023/5/26 9:15,0.323480606
2023/5/26 9:30,0.305100453
2023/5/26 9:45,0.28362894
2023/5/26 10:00,0.218775136
2023/5/26 10:15,0.22194399
2023/5/26 10:30,0.183169478
2023/5/26 10:45,0.163439398
2023/5/26 11:00,0.112671474
2023/5/26 11:15,0.102577502
2023/5/26 11:30,0.070600368
2023/5/26 11:45,0.070076728
2023/5/26 12:00,0.010821303
2023/5/26 12:15,0.01083146
2023/5/26 12:30,0.010846069
2023/5/26 12:45,0.010865102
2023/5/26 13:00,0.010888488
2023/5/26 13:15,0.0483108
2023/5/26 13:30,0.010947856
2023/5/26 13:45,0.035967567
2023/5/26 14:00,0.064998627
2023/5/26 14:15,0.014783332
2023/5/26 14:30,0.011111871
2023/5/26 14:45,0.074578569
2023/5/26 15:00,0.011212674
2023/5/26 15:15,0.105882171
2023/5/26 15:30,0.086990412
2023/5/26 15:45,0.023139052
2023/5/26 16:00,0.062563383
2023/5/26 16:15,0.118644555
2023/5/26 16:30,0.077522627
2023/5/26 16:45,0.034744057
2023/5/26 17:00,0.227814732
2023/5/26 17:15,0.090673618
2023/5/26 17:30,0.020604323
2023/5/26 17:45,0.020379351
2023/5/26 18:00,0.047337617
2023/5/26 18:15,0.205217251
2023/5/26 18:30,0.105965052
2023/5/26 18:45,0.086971667
2023/5/26 19:00,0.023857135
2023/5/26 19:15,0.04462453
2023/5/26 19:30,0.061151729
2023/5/26 19:45,0.171579996
2023/5/26 20:00,0.162530906
2023/5/26 20:15,0.050579355
2023/5/26 20:30,0.013348037
2023/5/26 20:45,0.017938394
2023/5/26 21:00,0.030252799
2023/5/26 21:15,0.039037044
2023/5/26 21:30,0.068814853
2023/5/26 21:45,0.078503652
2023/5/26 22:00,0.099659379
2023/5/26 22:15,0.072223836
2023/5/26 22:30,0.067057331
2023/5/26 22:45,0.037390311
2023/5/26 23:00,0.03492525
2023/5/26 23:15,0.027404312
2023/5/26 23:30,0.015937605
2023/5/26 23:45,0.021269832
2023/5/27 0:00,0.038676865
2023/5/27 0:15,0.048203116
2023/5/27 0:30,0.062920963
2023/5/27 0:45,0.073263923
2023/5/27 1:00,0.074858828
2023/5/27 1:15,0.071568117
2023/5/27 1:30,0.058508662
2023/5/27 1:45,0.147066743
2023/5/27 2:00,0.235794119
2023/5/27 2:15,0.285617362
2023/5/27 2:30,0.325316097
2023/5/27 2:45,0.32813618
2023/5/27 3:00,0.311196964
2023/5/27 3:15,0.312609516
2023/5/27 3:30,0.230300349
2023/5/27 3:45,0.210384506
2023/5/27 4:00,0.187726606
2023/5/27 4:15,0.212977504
2023/5/27 4:30,0.25669252
2023/5/27 4:45,0.249462335
2023/5/27 5:00,0.256271739
2023/5/27 5:15,0.175211992
2023/5/27 5:30,0.111157267
2023/5/27 5:45,0.114036101
2023/5/27 6:00,0.1514708
2023/5/27 6:15,0.307756725
2023/5/27 6:30,0.271190749
2023/5/27 6:45,0.315561584
2023/5/27 7:00,0.316630959
2023/5/27 7:15,0.175554752
2023/5/27 7:30,0.169118124
2023/5/27 7:45,0.236604544
2023/5/27 8:00,0.265714596
2023/5/27 8:15,0.161513579
2023/5/27 8:30,0.159467428
2023/5/27 8:45,0.151428171
2023/5/27 9:00,0.194267026
2023/5/27 9:15,0.221939272
2023/5/27 9:30,0.416868142
2023/5/27 9:45,0.331270498
2023/5/27 10:00,0.455394963
2023/5/27 10:15,0.491644543
2023/5/27 10:30,0.537349458
2023/5/27 10:45,0.459041819
2023/5/27 11:00,0.477970698
2023/5/27 11:15,0.506090889
2023/5/27 11:30,0.566518615
2023/5/27 11:45,0.554097749
2023/5/27 12:00,0.485709224
2023/5/27 12:15,0.425028056
2023/5/27 12:30,0.575675744
2023/5/27 12:45,0.503279201
2023/5/27 13:00,0.314271075
2023/5/27 13:15,0.299525542
2023/5/27 13:30,0.200367891
2023/5/27 13:45,0.304910788
2023/5/27 14:00,0.140654123
2023/5/27 14:15,0.262849968
2023/5/27 14:30,0.303896039
2023/5/27 14:45,0.184956809
2023/5/27 15:00,0.283643651
2023/5/27 15:15,0.217549987
2023/5/27 15:30,0.077028169
2023/5/27 15:45,0.306871328
2023/5/27 16:00,0.188115143
2023/5/27 16:15,0.256625888
2023/5/27 16:30,0.225236989
2023/5/27 16:45,0.315986773
2023/5/27 17:00,0.188342449
2023/5/27 17:15,0.208533802
2023/5/27 17:30,0.338870896
2023/5/27 17:45,0.272403517
2023/5/27 18:00,0.193454493
2023/5/27 18:15,0.376647763
2023/5/27 18:30,0.366842165
2023/5/27 18:45,0.345641665
2023/5/27 19:00,0.478359436
2023/5/27 19:15,0.457998303
2023/5/27 19:30,0.497144055
2023/5/27 19:45,0.431369931
2023/5/27 20:00,0.461634537
2023/5/27 20:15,0.427221739
2023/5/27 20:30,0.265149475
2023/5/27 20:45,0.240667445
2023/5/27 21:00,0.209753368
2023/5/27 21:15,0.195529381
2023/5/27 21:30,0.314800453
2023/5/27 21:45,0.257811683
2023/5/27 22:00,0.204089614
2023/5/27 22:15,0.239480092
2023/5/27 22:30,0.213420716
2023/5/27 22:45,0.237666245
2023/5/27 23:00,0.342052842
2023/5/27 23:15,0.411779071
2023/5/27 23:30,0.41174799
2023/5/27 23:45,0.439094962
2023/5/28 0:00,0.296286069
2023/5/28 0:15,0.250300415
2023/5/28 0:30,0.270894497
2023/5/28 0:45,0.278272124
2023/5/28 1:00,0.313461097
2023/5/28 1:15,0.286999247
2023/5/28 1:30,0.304267748
2023/5/28 1:45,0.313461969
2023/5/28 2:00,0.295664476
2023/5/28 2:15,0.278325364
2023/5/28 2:30,0.304804237
2023/5/28 2:45,0.377571986
2023/5/28 3:00,0.398655303
2023/5/28 3:15,0.431178426
2023/5/28 3:30,0.375143047
2023/5/28 3:45,0.322684339
2023/5/28 4:00,0.409346088
2023/5/28 4:15,0.426971043
2023/5/28 4:30,0.471082867
2023/5/28 4:45,0.410017479
2023/5/28 5:00,0.379900635
2023/5/28 5:15,0.311938795
2023/5/28 5:30,0.279107928
2023/5/28 5:45,0.292916216
2023/5/28 6:00,0.346185318
2023/5/28 6:15,0.333921775
2023/5/28 6:30,0.401823712
2023/5/28 6:45,0.276207395
2023/5/28 7:00,0.184893099
2023/5/28 7:15,0.194875827
2023/5/28 7:30,0.202976805
2023/5/28 7:45,0.11880991
2023/5/28 8:00,0.121251782
2023/5/28 8:15,0.103764726
2023/5/28 8:30,0.047509053
2023/5/28 8:45,0.06798968
2023/5/28 9:00,0.08278452
2023/5/28 9:15,0.078266504
2023/5/28 9:30,0.052329389
2023/5/28 9:45,0.027534186
2023/5/28 10:00,0
2023/5/28 10:15,0
2023/5/28 10:30,0
2023/5/28 10:45,0
2023/5/28 11:00,0
2023/5/28 11:15,0.085260918
2023/5/28 11:30,0.197590053
2023/5/28 11:45,0.239964926
2023/5/28 12:00,0.348159853
2023/5/28 12:15,0.383942935
2023/5/28 12:30,0.438321527
2023/5/28 12:45,0.411174065
2023/5/28 13:00,0.419099715
2023/5/28 13:15,0.419473697
2023/5/28 13:30,0.493829066
2023/5/28 13:45,0.337498359
2023/5/28 14:00,0.350052418
2023/5/28 14:15,0.305977208
2023/5/28 14:30,0.38717675
2023/5/28 14:45,0.366593448
2023/5/28 15:00,0.24169325
2023/5/28 15:15,0.441347394
2023/5/28 15:30,0.197932474
2023/5/28 15:45,0.487154372
2023/5/28 16:00,0.14898445
2023/5/28 16:15,0.399186714
2023/5/28 16:30,0.588212139
2023/5/28 16:45,0.454022251
2023/5/28 17:00,0.188152196
2023/5/28 17:15,0.403156835
2023/5/28 17:30,0.540848969
2023/5/28 17:45,0.425915504
2023/5/28 18:00,0.316532106
2023/5/28 18:15,0.572693195
2023/5/28 18:30,0.706942475
2023/5/28 18:45,0.72455853
2023/5/28 19:00,0.687732702
2023/5/28 19:15,0.45159183
2023/5/28 19:30,0.379181969
2023/5/28 19:45,0.363589297
2023/5/28 20:00,0.43738037
2023/5/28 20:15,0.778921835
2023/5/28 20:30,0.650761622
2023/5/28 20:45,0.63344572
2023/5/28 21:00,0.550798542
2023/5/28 21:15,0.435335386
2023/5/28 21:30,0.370019601
2023/5/28 21:45,0.278846222
2023/5/28 22:00,0.188484904
2023/5/28 22:15,0.254730187
2023/5/28 22:30,0.262208804
2023/5/28 22:45,0.178541434
2023/5/28 23:00,0.180615047
2023/5/28 23:15,0.150151687
2023/5/28 23:30,0.138384802
2023/5/28 23:45,0.160741054
2023/5/29 0:00,0.158835122
2023/5/29 0:15,0.190832426
2023/5/29 0:30,0.152307637
2023/5/29 0:45,0.130670376
2023/5/29 1:00,0.177578862
2023/5/29 1:15,0.263839728
2023/5/29 1:30,0.234975703
2023/5/29 1:45,0.306078675
2023/5/29 2:00,0.464321065
2023/5/29 2:15,0.427865847
2023/5/29 2:30,0.441930947
2023/5/29 2:45,0.248753951
2023/5/29 3:00,0.299486851
2023/5/29 3:15,0.265030727
2023/5/29 3:30,0.149720865
2023/5/29 3:45,0.181367548
2023/5/29 4:00,0.1929128
2023/5/29 4:15,0.184594474
2023/5/29 4:30,0.075281913
2023/5/29 4:45,0.032059378
2023/5/29 5:00,0.014292764
2023/5/29 5:15,0.00926745
2023/5/29 5:30,0.007157218
2023/5/29 5:45,0.002929953
2023/5/29 6:00,0.002950727
2023/5/29 6:15,0.002969762
2023/5/29 6:30,0.002987206
2023/5/29 6:45,0.003003234
2023/5/29 7:00,0.084058594
2023/5/29 7:15,0.207486096
2023/5/29 7:30,0.156501029
2023/5/29 7:45,0.102987755
2023/5/29 8:00,0.036871235
2023/5/29 8:15,0.024100048
2023/5/29 8:30,0.01988907
2023/5/29 8:45,0.019227568
2023/5/29 9:00,0.003122498
2023/5/29 9:15,0.003137914
2023/5/29 9:30,0.003154756
2023/5/29 9:45,0.003173256
2023/5/29 10:00,0.003193618
2023/5/29 10:15,0.003510025
2023/5/29 10:30,0.004477795
2023/5/29 10:45,0.005133427
2023/5/29 11:00,0.004540566
2023/5/29 11:15,0.004892354
2023/5/29 11:30,0.008054765
2023/5/29 11:45,0.008096953
2023/5/29 12:00,0.012174529
2023/5/29 12:15,0.012538189
2023/5/29 12:30,0.010871894
2023/5/29 12:45,0.011316677
2023/5/29 13:00,0.021130632
2023/5/29 13:15,0.011877469
2023/5/29 13:30,0.043073698
2023/5/29 13:45,0.056599141
2023/5/29 14:00,0.065114734
2023/5/29 14:15,0.087702017
2023/5/29 14:30,0.189039977
2023/5/29 14:45,0.204684093
2023/5/29 15:00,0.223205317
2023/5/29 15:15,0.091542782
2023/5/29 15:30,0.145769739
2023/5/29 15:45,0.260010903
2023/5/29 16:00,0.082165468
2023/5/29 16:15,0.110900224
2023/5/29 16:30,0.115945198
2023/5/29 16:45,0.298591553
2023/5/29 17:00,0.626231656
2023/5/29 17:15,0.757642057
2023/5/29 17:30,0.329989765
2023/5/29 17:45,0.477371393
2023/5/29 18:00,0.275652831
2023/5/29 18:15,0.236353215
2023/5/29 18:30,0.127426001
2023/5/29 18:45,0.031834627
2023/5/29 19:00,0.112321482
2023/5/29 19:15,0.200207861
2023/5/29 19:30,0.129277622
2023/5/29 19:45,0.089463842
2023/5/29 20:00,0
2023/5/29 20:15,0.054406726
2023/5/29 20:30,0.037272033
2023/5/29 20:45,0.030016243
2023/5/29 21:00,0.015485606
2023/5/29 21:15,0.04117434
2023/5/29 21:30,0.062616949
2023/5/29 21:45,0.063817393
2023/5/29 22:00,0.063574283
2023/5/29 22:15,0.157396884
2023/5/29 22:30,0.232502974
2023/5/29 22:45,0.091590336
2023/5/29 23:00,0.044740594
2023/5/29 23:15,0.050151599
2023/5/29 23:30,0.083010052
2023/5/29 23:45,0.100612684
2023/5/30 0:00,0.062840787
2023/5/30 0:15,0.07453403
2023/5/30 0:30,0.139228055
2023/5/30 0:45,0.122196512
2023/5/30 1:00,0.101448959
2023/5/30 1:15,0.080131621
2023/5/30 1:30,0.090935917
2023/5/30 1:45,0.0666822
2023/5/30 2:00,0.04697612
2023/5/30 2:15,0.044610107
2023/5/30 2:30,0.039427611
2023/5/30 2:45,0.028761488
2023/5/30 3:00,0.031160763
2023/5/30 3:15,0.027449276
2023/5/30 3:30,0.036976866
2023/5/30 3:45,0.04283396
2023/5/30 4:00,0.046555421
2023/5/30 4:15,0.068111009
2023/5/30 4:30,0.058292333
2023/5/30 4:45,0.136319316
2023/5/30 5:00,0.317746933
2023/5/30 5:15,0.431117286
2023/5/30 5:30,0.397591276
2023/5/30 5:45,0.256515409
2023/5/30 6:00,0.321840709
2023/5/30 6:15,0.262634118
2023/5/30 6:30,0.135621991
2023/5/30 6:45,0.300806231
2023/5/30 7:00,0.385349591
2023/5/30 7:15,0.272593329
2023/5/30 7:30,0.030280324
2023/5/30 7:45,0.058926506
2023/5/30 8:00,0.017573811
2023/5/30 8:15,0.058074069
2023/5/30 8:30,0.048429355
2023/5/30 8:45,0.05247398
2023/5/30 9:00,0.083248714
2023/5/30 9:15,0.218932647
2023/5/30 9:30,0.175586968
2023/5/30 9:45,0.124430923
2023/5/30 10:00,0.044587233
2023/5/30 10:15,0.072405932
2023/5/30 10:30,0.126847012
2023/5/30 10:45,0.318873316
2023/5/30 11:00,0.339295767
2023/5/30 11:15,0.275672765
2023/5/30 11:30,0.523285941
2023/5/30 11:45,0.438079271
2023/5/30 12:00,0.60015186
2023/5/30 12:15,0.504417707
2023/5/30 12:30,0.386043711
2023/5/30 12:45,0.58439267
2023/5/30 13:00,0.559114838
2023/5/30 13:15,0.438815658
2023/5/30 13:30,0.448082427
2023/5/30 13:45,0.483758825
2023/5/30 14:00,0.490075638
2023/5/30 14:15,0.503968928
2023/5/30 14:30,0.496157083
2023/5/30 14:45,0.553428766
2023/5/30 15:00,0.592896543
2023/5/30 15:15,0.479638862
2023/5/30 15:30,0.438621656
2023/5/30 15:45,0.472570864
2023/5/30 16:00,0.482464759
2023/5/30 16:15,0.574288645
2023/5/30 16:30,0.644081391
2023/5/30 16:45,0.561197192
2023/5/30 17:00,0.690728694
2023/5/30 17:15,0.675895928
2023/5/30 17:30,0.625156514
2023/5/30 17:45,0.638611433
2023/5/30 18:00,0.53802246
2023/5/30 18:15,0.450626748
2023/5/30 18:30,0.565471557
2023/5/30 18:45,0.694117055
2023/5/30 19:00,0.484286797
2023/5/30 19:15,0.445142824
2023/5/30 19:30,0.526992313
2023/5/30 19:45,0.567371041
2023/5/30 20:00,0.381859981
2023/5/30 20:15,0.584158966
2023/5/30 20:30,0.243088694
2023/5/30 20:45,0.120126169
2023/5/30 21:00,0.073195277
2023/5/30 21:15,0.440504718
2023/5/30 21:30,0.385117352
2023/5/30 21:45,0.304472349
2023/5/30 22:00,0.221573406
2023/5/30 22:15,0.231179754
2023/5/30 22:30,0.268414379
2023/5/30 22:45,0.289575016
2023/5/30 23:00,0.271997998
2023/5/30 23:15,0.271127025
2023/5/30 23:30,0.356991928
2023/5/30 23:45,0.381754304
2023/5/31 0:00,0.425070505
2023/5/31 0:15,0.326917767
2023/5/31 0:30,0.345612734
2023/5/31 0:45,0.433984483
2023/5/31 1:00,0.4996002
2023/5/31 1:15,0.366227998
2023/5/31 1:30,0.291460478
2023/5/31 1:45,0.321782304
2023/5/31 2:00,0.407264183
2023/5/31 2:15,0.342741859
2023/5/31 2:30,0.193036285
2023/5/31 2:45,0.082067643
2023/5/31 3:00,0.076459435
2023/5/31 3:15,0.146687567
2023/5/31 3:30,0.262026238
2023/5/31 3:45,0.278662851
2023/5/31 4:00,0.166300765
2023/5/31 4:15,0.039361979
2023/5/31 4:30,0.151416703
2023/5/31 4:45,0.284221079
2023/5/31 5:00,0.206916378
2023/5/31 5:15,0.376701215
2023/5/31 5:30,0.705795734
2023/5/31 5:45,0.615035514
2023/5/31 6:00,0.533935704
2023/5/31 6:15,0.487332583
2023/5/31 6:30,0.433708617
2023/5/31 6:45,0.372143489
2023/5/31 7:00,0.401037418
2023/5/31 7:15,0.241096658
2023/5/31 7:30,0.153862123
2023/5/31 7:45,0.234833342
2023/5/31 8:00,0.391956302
2023/5/31 8:15,0.449469604
2023/5/31 8:30,0.546651793
2023/5/31 8:45,0.507457292
2023/5/31 9:00,0.410458198
2023/5/31 9:15,0.32694537
2023/5/31 9:30,0.45391426
2023/5/31 9:45,0.465764191
2023/5/31 10:00,0.494456872
2023/5/31 10:15,0.462201638
2023/5/31 10:30,0.493152097
2023/5/31 10:45,0.396078542
2023/5/31 11:00,0.21082633
2023/5/31 11:15,0.236910949
2023/5/31 11:30,0.048603023
2023/5/31 11:45,0.03957659
2023/5/31 12:00,0.021819429
2023/5/31 12:15,0.021210556
2023/5/31 12:30,0.021107596
2023/5/31 12:45,0.021001587
2023/5/31 13:00,0.020892683
2023/5/31 13:15,0.020781057
2023/5/31 13:30,0.111244071
2023/5/31 13:45,0.060386976
2023/5/31 14:00,0.295062694
2023/5/31 14:15,0.105241206
2023/5/31 14:30,0.325404624
2023/5/31 14:45,0.428320666
2023/5/31 15:00,0.262842173
2023/5/31 15:15,0.354919708
2023/5/31 15:30,0.518554625
2023/5/31 15:45,0.345331086
2023/5/31 16:00,0.505036968
2023/5/31 16:15,0.316193021
2023/5/31 16:30,0.258815717
2023/5/31 16:45,0.450017598
2023/5/31 17:00,0.465928548
2023/5/31 17:15,0.473753206
2023/5/31 17:30,0.574799544
2023/5/31 17:45,0.45241486
2023/5/31 18:00,0.458355686
2023/5/31 18:15,0.555284909
2023/5/31 18:30,0.578027061
2023/5/31 18:45,0.56507948
2023/5/31 19:00,0.611417251
2023/5/31 19:15,0.517413186
2023/5/31 19:30,0.756685678
2023/5/31 19:45,0.65606746
2023/5/31 20:00,0.741613754
2023/5/31 20:15,0.77202451
2023/5/31 20:30,0.751126069
2023/5/31 20:45,0.747246636
2023/5/31 21:00,0.645039547
2023/5/31 21:15,0.525911797
2023/5/31 21:30,0.477742523
2023/5/31 21:45,0.34545558
2023/5/31 22:00,0.510465725
2023/5/31 22:15,0.712827802
2023/5/31 22:30,0.625037848
2023/5/31 22:45,0.519052204
2023/5/31 23:00,0.619313146
2023/5/31 23:15,0.657840811
2023/5/31 23:30,0.542453679
2023/5/31 23:45,0.568897368
2023/6/1 0:00,0.467619574
2023/6/1 0:15,0.388891772
2023/6/1 0:30,0.427901643
2023/6/1 0:45,0.368358571
2023/6/1 1:00,0.399614367
2023/6/1 1:15,0.252066302
2023/6/1 1:30,0.156023479
2023/6/1 1:45,0.123475176
2023/6/1 2:00,0.133455729
2023/6/1 2:15,0.134780085
2023/6/1 2:30,0.093474993
2023/6/1 2:45,0.091501335
2023/6/1 3:00,0.091579669
2023/6/1 3:15,0.110511837
2023/6/1 3:30,0.067979275
2023/6/1 3:45,0.07122582
2023/6/1 4:00,0.078915058
2023/6/1 4:15,0.064626556
2023/6/1 4:30,0.048522598
2023/6/1 4:45,0.05665525
2023/6/1 5:00,0.078519233
2023/6/1 5:15,0.05673325
2023/6/1 5:30,0.086391448
2023/6/1 5:45,0.074480003
2023/6/1 6:00,0.089872181
2023/6/1 6:15,0.075896169
2023/6/1 6:30,0.049131069
2023/6/1 6:45,0.070418501
2023/6/1 7:00,0.076409616
2023/6/1 7:15,0.105060531
2023/6/1 7:30,0.242956952
2023/6/1 7:45,0.308813364
2023/6/1 8:00,0.102469641
2023/6/1 8:15,0.106095694
2023/6/1 8:30,0.040275599
2023/6/1 8:45,0.082689475
2023/6/1 9:00,0.07491126
2023/6/1 9:15,0.060587751
2023/6/1 9:30,0.053908694
2023/6/1 9:45,0.029153933
2023/6/1 10:00,0.015157845
2023/6/1 10:15,0.027370384
2023/6/1 10:30,0.049625757
2023/6/1 10:45,0.035106356
2023/6/1 11:00,0.035377854
2023/6/1 11:15,0.0259057
2023/6/1 11:30,0.03883179
2023/6/1 11:45,0.069496328
2023/6/1 12:00,0.328485373
2023/6/1 12:15,0.273852979
2023/6/1 12:30,0.156097472
2023/6/1 12:45,0.235387492
2023/6/1 13:00,0.493707738
2023/6/1 13:15,0.32332281
2023/6/1 13:30,0.392081252
2023/6/1 13:45,0.571233164
2023/6/1 14:00,0.518235795
2023/6/1 14:15,0.654131128
2023/6/1 14:30,0.606858262
2023/6/1 14:45,0.537408248
2023/6/1 15:00,0.506307124
2023/6/1 15:15,0.65731769
2023/6/1 15:30,0.403430231
2023/6/1 15:45,0.641493348
2023/6/1 16:00,0.760276576
2023/6/1 16:15,0.631995357
2023/6/1 16:30,0.477997223
2023/6/1 16:45,0.556936235
2023/6/1 17:00,0.75743585
2023/6/1 17:15,0.563788268
2023/6/1 17:30,0.835265121
2023/6/1 17:45,0.726262175
2023/6/1 18:00,0.335336069
2023/6/1 18:15,0.689165907
2023/6/1 18:30,0.495067483
2023/6/1 18:45,0.702124929
2023/6/1 19:00,0.765899836
2023/6/1 19:15,0.65843717
2023/6/1 19:30,0.672394917
2023/6/1 19:45,0.558476257
2023/6/1 20:00,0.5170111
2023/6/1 20:15,0.428156708
2023/6/1 20:30,0.312375533
2023/6/1 20:45,0.380273746
2023/6/1 21:00,0.326889388
2023/6/1 21:15,0.244745612
2023/6/1 21:30,0.210777048
2023/6/1 21:45,0.208741082
2023/6/1 22:00,0.197403471
2023/6/1 22:15,0.321243773
2023/6/1 22:30,0.5265786
2023/6/1 22:45,0.402180559
2023/6/1 23:00,0.402748499
2023/6/1 23:15,0.31469171
2023/6/1 23:30,0.435889849
2023/6/1 23:45,0.381542908
2023/6/2 0:00,0.318273482
2023/6/2 0:15,0.291121855
2023/6/2 0:30,0.287981733
2023/6/2 0:45,0.483953094
2023/6/2 1:00,0.326385944
2023/6/2 1:15,0.289172535
2023/6/2 1:30,0.340339156
2023/6/2 1:45,0.491254759
2023/6/2 2:00,0.64011306
2023/6/2 2:15,0.670278642
2023/6/2 2:30,0.619568047
2023/6/2 2:45,0.539661205
2023/6/2 3:00,0.539105899
2023/6/2 3:15,0.550848591
2023/6/2 3:30,0.496164992
2023/6/2 3:45,0.622327366
2023/6/2 4:00,0.660301882
2023/6/2 4:15,0.682878312
2023/6/2 4:30,0.865727134
2023/6/2 4:45,0.743099088
2023/6/2 5:00,0.635517152
2023/6/2 5:15,0.749691571
2023/6/2 5:30,0.706457614
2023/6/2 5:45,0.73013996
2023/6/2 6:00,0.74554517
2023/6/2 6:15,0.517246158
2023/6/2 6:30,0.470467845
2023/6/2 6:45,0.467918696
2023/6/2 7:00,0.514484043
2023/6/2 7:15,0.558060105
2023/6/2 7:30,0.534050105
2023/6/2 7:45,0.562136506
2023/6/2 8:00,0.63438332
2023/6/2 8:15,0.676639843
2023/6/2 8:30,0.637397509
2023/6/2 8:45,0.597586872
2023/6/2 9:00,0.623432002
2023/6/2 9:15,0.613678979
2023/6/2 9:30,0.53863878
2023/6/2 9:45,0.447957424
2023/6/2 10:00,0.519267715
2023/6/2 10:15,0.494181175
2023/6/2 10:30,0.485594265
2023/6/2 10:45,0.438464739
2023/6/2 11:00,0.39714066
2023/6/2 11:15,0.394097534
2023/6/2 11:30,0.331354533
2023/6/2 11:45,0.234521156
2023/6/2 12:00,0.027773123
2023/6/2 12:15,0.026580678
2023/6/2 12:30,0.02531137
2023/6/2 12:45,0.024281285
2023/6/2 13:00,0.02373464
2023/6/2 13:15,0.023472587
2023/6/2 13:30,0.023784134
2023/6/2 13:45,0.15653262
2023/6/2 14:00,0.554442825
2023/6/2 14:15,0.546496324
2023/6/2 14:30,0.419010837
2023/6/2 14:45,0.406765626
2023/6/2 15:00,0.421643907
2023/6/2 15:15,0.331787095
2023/6/2 15:30,0.514099055
2023/6/2 15:45,0.337016175
2023/6/2 16:00,0.364970705
2023/6/2 16:15,0.385952277
2023/6/2 16:30,0.274682502
2023/6/2 16:45,0.381557861
2023/6/2 17:00,0.280399669
2023/6/2 17:15,0.374240245
2023/6/2 17:30,0.282114545
2023/6/2 17:45,0.26236729
2023/6/2 18:00,0.477206085
2023/6/2 18:15,0.514489493
2023/6/2 18:30,0.435862553
2023/6/2 18:45,0.621837626
2023/6/2 19:00,0.712262055
2023/6/2 19:15,0.729808044
2023/6/2 19:30,0.683788122
2023/6/2 19:45,0.670373298
2023/6/2 20:00,0.612841915
2023/6/2 20:15,0.642020784
2023/6/2 20:30,0.586460698
2023/6/2 20:45,0.557427942
2023/6/2 21:00,0.494547412
2023/6/2 21:15,0.524890984
2023/6/2 21:30,0.381729127
2023/6/2 21:45,0.427607172
2023/6/2 22:00,0.639207354
2023/6/2 22:15,0.602509464
2023/6/2 22:30,0.518679301
2023/6/2 22:45,0.497728575
2023/6/2 23:00,0.430632394
2023/6/2 23:15,0.38432373
2023/6/2 23:30,0.304856611
2023/6/2 23:45,0.344222307
2023/6/3 0:00,0.403308589
2023/6/3 0:15,0.38823012
2023/6/3 0:30,0.332051739
2023/6/3 0:45,0.382824814
2023/6/3 1:00,0.338640507
2023/6/3 1:15,0.356346847
2023/6/3 1:30,0.337292143
2023/6/3 1:45,0.454698282
2023/6/3 2:00,0.499647514
2023/6/3 2:15,0.620490149
2023/6/3 2:30,0.722821867
2023/6/3 2:45,0.862817491
2023/6/3 3:00,0.854027449
2023/6/3 3:15,0.675282863
2023/6/3 3:30,0.641830818
2023/6/3 3:45,0.665408685
2023/6/3 4:00,0.773833035
2023/6/3 4:15,0.771973097
2023/6/3 4:30,0.782005311
2023/6/3 4:45,0.745564472
2023/6/3 5:00,0.754330438
2023/6/3 5:15,0.700627993
2023/6/3 5:30,0.72199125
2023/6/3 5:45,0.629453193
2023/6/3 6:00,0.798837146
2023/6/3 6:15,0.795309349
2023/6/3 6:30,0.566945234
2023/6/3 6:45,0.613413934
2023/6/3 7:00,0.055363294
2023/6/3 7:15,0.785844869
2023/6/3 7:30,0.712331218
2023/6/3 7:45,0.731998573
2023/6/3 8:00,0.659815106
2023/6/3 8:15,0.593041208
2023/6/3 8:30,0.62905631
2023/6/3 8:45,0.669409925
2023/6/3 9:00,0.642640079
2023/6/3 9:15,0.677082209
2023/6/3 9:30,0.78046268
2023/6/3 9:45,0.768620795
2023/6/3 10:00,0.685963629
2023/6/3 10:15,0.540468169
2023/6/3 10:30,0.558396677
2023/6/3 10:45,0.525218523
2023/6/3 11:00,0.44892357
2023/6/3 11:15,0.447613842
2023/6/3 11:30,0.326167458
2023/6/3 11:45,0.303716511
2023/6/3 12:00,0.271188916
2023/6/3 12:15,0.219202843
2023/6/3 12:30,0.146773762
2023/6/3 12:45,0.139838646
2023/6/3 13:00,0.127329595
2023/6/3 13:15,0.165832964
2023/6/3 13:30,0.03383399
2023/6/3 13:45,0.086633104
2023/6/3 14:00,0.073504694
2023/6/3 14:15,0.058227359
2023/6/3 14:30,0.015251569
2023/6/3 14:45,0.015776232
2023/6/3 15:00,0.030975255
2023/6/3 15:15,0.066279784
2023/6/3 15:30,0.015404588
2023/6/3 15:45,0.015440635
2023/6/3 16:00,0.039112804
2023/6/3 16:15,0.015508993
2023/6/3 16:30,0.015541042
2023/6/3 16:45,0.01557153
2023/6/3 17:00,0.015600377
2023/6/3 17:15,0.015627533
2023/6/3 17:30,0.015652971
2023/6/3 17:45,0.015676693
2023/6/3 18:00,0.015698731
2023/6/3 18:15,0.042846121
2023/6/3 18:30,0.060650703
2023/6/3 18:45,0.11237664
2023/6/3 19:00,0.184358463
2023/6/3 19:15,0.147384301
2023/6/3 19:30,0.078111345
2023/6/3 19:45,0.072252278
2023/6/3 20:00,0.058525347
2023/6/3 20:15,0.068533008
2023/6/3 20:30,0.103758331
2023/6/3 20:45,0.13024616
2023/6/3 21:00,0.091937205
2023/6/3 21:15,0.090682837
2023/6/3 21:30,0.134193585
2023/6/3 21:45,0.201232669
2023/6/3 22:00,0.165601267
2023/6/3 22:15,0.171316595
2023/6/3 22:30,0.238171152
2023/6/3 22:45,0.220117304
2023/6/3 23:00,0.208842116
2023/6/3 23:15,0.234997663
2023/6/3 23:30,0.279031106
2023/6/3 23:45,0.231380698
2023/6/4 0:00,0.171559982
2023/6/4 0:15,0.144952774
2023/6/4 0:30,0.138115418
2023/6/4 0:45,0.198725522
2023/6/4 1:00,0.216353479
2023/6/4 1:15,0.206635748
2023/6/4 1:30,0.227201993
2023/6/4 1:45,0.227365729
2023/6/4 2:00,0.17842359
2023/6/4 2:15,0.166915333
2023/6/4 2:30,0.157076664
2023/6/4 2:45,0.164594521
2023/6/4 3:00,0.138150027
2023/6/4 3:15,0.134528717
2023/6/4 3:30,0.127733022
2023/6/4 3:45,0.102115103
2023/6/4 4:00,0.104287811
2023/6/4 4:15,0.107870306
2023/6/4 4:30,0.112240538
2023/6/4 4:45,0.101490966
2023/6/4 5:00,0.075447292
2023/6/4 5:15,0.055299952
2023/6/4 5:30,0.043509724
2023/6/4 5:45,0.033559756
2023/6/4 6:00,0.026831835
2023/6/4 6:15,0.025926671
2023/6/4 6:30,0.017697077
2023/6/4 6:45,0.017653528
2023/6/4 7:00,0.018219938
2023/6/4 7:15,0.025955562
2023/6/4 7:30,0.021368635
2023/6/4 7:45,0.018264876
2023/6/4 8:00,0.010876431
2023/6/4 8:15,0.005959968
2023/6/4 8:30,0.00598738
2023/6/4 8:45,0.005929644
2023/6/4 9:00,0.005700878
2023/6/4 9:15,0.005536163
2023/6/4 9:30,0.005439037
2023/6/4 9:45,0.005343957
2023/6/4 10:00,0.005251138
2023/6/4 10:15,0.005160778
2023/6/4 10:30,0.005073063
2023/6/4 10:45,0.005781401
2023/6/4 11:00,0.008138388
2023/6/4 11:15,0.009971537
2023/6/4 11:30,0.056140288
2023/6/4 11:45,0.1277158
2023/6/4 12:00,0.153590595
2023/6/4 12:15,0.214772092
2023/6/4 12:30,0.14410575
2023/6/4 12:45,0.171937019
2023/6/4 13:00,0.075326916
2023/6/4 13:15,0.275856466
2023/6/4 13:30,0.148278004
2023/6/4 13:45,0.271356749
2023/6/4 14:00,0.00687301
2023/6/4 14:15,0.310274329
2023/6/4 14:30,0.079710243
2023/6/4 14:45,0.208347868
2023/6/4 15:00,0.247360017
2023/6/4 15:15,0.245323368
2023/6/4 15:30,0.244097697
2023/6/4 15:45,0.282767737
2023/6/4 16:00,0.647717167
2023/6/4 16:15,0.297470924
2023/6/4 16:30,0.163448976
2023/6/4 16:45,0.391613643
2023/6/4 17:00,0.090627256
2023/6/4 17:15,0.287467319
2023/6/4 17:30,0.500150226
2023/6/4 17:45,0.390210624
2023/6/4 18:00,0.300428256
2023/6/4 18:15,0.145034497
2023/6/4 18:30,0.051743134
2023/6/4 18:45,0.045350528
2023/6/4 19:00,0.410387306
2023/6/4 19:15,0.473018581
2023/6/4 19:30,0.520372394
2023/6/4 19:45,0.217538105
2023/6/4 20:00,0.344575958
2023/6/4 20:15,0.180394153
2023/6/4 20:30,0.284571119
2023/6/4 20:45,0.290219001
2023/6/4 21:00,0.118316542
2023/6/4 21:15,0.383326215
2023/6/4 21:30,0.363156404
2023/6/4 21:45,0.471813096
2023/6/4 22:00,0.279068387
2023/6/4 22:15,0.36575959
2023/6/4 22:30,0.205540159
2023/6/4 22:45,0.114345601
2023/6/4 23:00,0.139387139
2023/6/4 23:15,0.176843692
2023/6/4 23:30,0.239840969
2023/6/4 23:45,0.28245581
2023/6/5 0:00,0.14839698
2023/6/5 0:15,0.130200466
2023/6/5 0:30,0.098262437
2023/6/5 0:45,0.057470903
2023/6/5 1:00,0.04308476
2023/6/5 1:15,0.045093522
2023/6/5 1:30,0.039210621
2023/6/5 1:45,0.032674805
2023/6/5 2:00,0.02483739
2023/6/5 2:15,0.022323563
2023/6/5 2:30,0.030460781
2023/6/5 2:45,0.034921259
2023/6/5 3:00,0.032031767
2023/6/5 3:15,0.030096787
2023/6/5 3:30,0.026055425
2023/6/5 3:45,0.022011265
2023/6/5 4:00,0.017984155
2023/6/5 4:15,0.017953329
2023/6/5 4:30,0.017920036
2023/6/5 4:45,0.017930534
2023/6/5 5:00,0.018096206
2023/6/5 5:15,0.018097949
2023/6/5 5:30,0.017774095
2023/6/5 5:45,0.017720598
2023/6/5 6:00,0.017675074
2023/6/5 6:15,0.019993629
2023/6/5 6:30,0.027233436
2023/6/5 6:45,0.030001034
2023/6/5 7:00,0.023825521
2023/6/5 7:15,0.019430752
2023/6/5 7:30,0.048759165
2023/6/5 7:45,0.050176383
2023/6/5 8:00,0.020877025
2023/6/5 8:15,0.022337937
2023/6/5 8:30,0.130989745
2023/6/5 8:45,0.031422256
2023/6/5 9:00,0.025894212
2023/6/5 9:15,0.027108422
2023/6/5 9:30,0.059518032
2023/6/5 9:45,0.059621089
2023/6/5 10:00,0.025377337
2023/6/5 10:15,0.286605823
2023/6/5 10:30,0.156115014
2023/6/5 10:45,0.227227152
2023/6/5 11:00,0.204076878
2023/6/5 11:15,0.314396004
2023/6/5 11:30,0.408496203
2023/6/5 11:45,0.490669459
2023/6/5 12:00,0.490790702
2023/6/5 12:15,0.45460955
2023/6/5 12:30,0.408883072
2023/6/5 12:45,0.371728795
2023/6/5 13:00,0.428686675
2023/6/5 13:15,0.455820147
2023/6/5 13:30,0.421618317
2023/6/5 13:45,0.436419678
2023/6/5 14:00,0.417912157
2023/6/5 14:15,0.40533698
2023/6/5 14:30,0.42454792
2023/6/5 14:45,0.451530003
2023/6/5 15:00,0.4842356
2023/6/5 15:15,0.499643328
2023/6/5 15:30,0.515910505
2023/6/5 15:45,0.517907296
2023/6/5 16:00,0.574880509
2023/6/5 16:15,0.505051329
2023/6/5 16:30,0.582406179
2023/6/5 16:45,0.59641466
2023/6/5 17:00,0.601149481
2023/6/5 17:15,0.597431685
2023/6/5 17:30,0.603271554
2023/6/5 17:45,0.564085109
2023/6/5 18:00,0.648957036
2023/6/5 18:15,0.608497752
2023/6/5 18:30,0.631523777
2023/6/5 18:45,0.613605432
2023/6/5 19:00,0.835316045
2023/6/5 19:15,0.848151525
2023/6/5 19:30,0.960406095
2023/6/5 19:45,0.970105945
2023/6/5 20:00,0.980620324
2023/6/5 20:15,0.985537181
2023/6/5 20:30,0.987465412
2023/6/5 20:45,0.950199606
2023/6/5 21:00,0.879957484
2023/6/5 21:15,0.880204439
2023/6/5 21:30,0.884787254
2023/6/5 21:45,0.589451839
2023/6/5 22:00,0.612810552
2023/6/5 22:15,0.554385306
2023/6/5 22:30,0.5400095
2023/6/5 22:45,0.45179601
2023/6/5 23:00,0.423708053
2023/6/5 23:15,0.315431979
2023/6/5 23:30,0.22465065
2023/6/5 23:45,0.35996415
2023/6/6 0:00,0.398212096
2023/6/6 0:15,0.366978889
2023/6/6 0:30,0.325439502
2023/6/6 0:45,0.371152581
2023/6/6 1:00,0.348694902
2023/6/6 1:15,0.63347091
2023/6/6 1:30,0.440220089
2023/6/6 1:45,0.261549977
2023/6/6 2:00,0.123966028
2023/6/6 2:15,0.092742756
2023/6/6 2:30,0.063289427
2023/6/6 2:45,0.059722321
2023/6/6 3:00,0.055825253
2023/6/6 3:15,0.053336149
2023/6/6 3:30,0.053665622
2023/6/6 3:45,0.053938121
2023/6/6 4:00,0.054099172
2023/6/6 4:15,0.054460129
2023/6/6 4:30,0.055223169
2023/6/6 4:45,0.051468852
2023/6/6 5:00,0.038681813
2023/6/6 5:15,0.030701897
2023/6/6 5:30,0.032337912
2023/6/6 5:45,0.037455795
2023/6/6 6:00,0.049538782
2023/6/6 6:15,0.058397709
2023/6/6 6:30,0.060809569
2023/6/6 6:45,0.060787735
2023/6/6 7:00,0.055899259
2023/6/6 7:15,0.105391505
2023/6/6 7:30,0.130973548
2023/6/6 7:45,0.098518311
2023/6/6 8:00,0.121955627
2023/6/6 8:15,0.122925069
2023/6/6 8:30,0.112102939
2023/6/6 8:45,0.034514428
2023/6/6 9:00,0.052928658
2023/6/6 9:15,0.06457381
2023/6/6 9:30,0.062680069
2023/6/6 9:45,0.078303553
2023/6/6 10:00,0.105619162
2023/6/6 10:15,0.080265484
2023/6/6 10:30,0.070238987
2023/6/6 10:45,0.069873262
2023/6/6 11:00,0.152967571
2023/6/6 11:15,0.257951228
2023/6/6 11:30,0.451695882
2023/6/6 11:45,0.365878409
2023/6/6 12:00,0.372717286
2023/6/6 12:15,0.582333346
2023/6/6 12:30,0.436659212
2023/6/6 12:45,0.606026256
2023/6/6 13:00,0.45630834
2023/6/6 13:15,0.526785151
2023/6/6 13:30,0.545955996
2023/6/6 13:45,0.722517542
2023/6/6 14:00,0.424137789
2023/6/6 14:15,0.554169662
2023/6/6 14:30,0.779197627
2023/6/6 14:45,0.575541788
2023/6/6 15:00,0.585431468
2023/6/6 15:15,0.624361406
2023/6/6 15:30,0.627296245
2023/6/6 15:45,0.631980622
2023/6/6 16:00,0.645695824
2023/6/6 16:15,0.599783089
2023/6/6 16:30,0.798942433
2023/6/6 16:45,0.627568689
2023/6/6 17:00,0.862246645
2023/6/6 17:15,0.695583046
2023/6/6 17:30,0.673949209
2023/6/6 17:45,0.641502133
2023/6/6 18:00,0.848123124
2023/6/6 18:15,0.633762515
2023/6/6 18:30,0.674935205
2023/6/6 18:45,0.62133427
2023/6/6 19:00,0.609997111
2023/6/6 19:15,0.620533851
2023/6/6 19:30,0.719743719
2023/6/6 19:45,0.713894125
2023/6/6 20:00,0.69031011
2023/6/6 20:15,0.58474896
2023/6/6 20:30,0.530019284
2023/6/6 20:45,0.611463631
2023/6/6 21:00,0.579637815
2023/6/6 21:15,0.531462291
2023/6/6 21:30,0.631754369
2023/6/6 21:45,0.420522263
2023/6/6 22:00,0.325088275
2023/6/6 22:15,0.375867406
2023/6/6 22:30,0.408005785
2023/6/6 22:45,0.265042657
2023/6/6 23:00,0.267579102
2023/6/6 23:15,0.199616714
2023/6/6 23:30,0.228524705
2023/6/6 23:45,0.26993615
2023/6/7 0:00,0.35792312
2023/6/7 0:15,0.298848278
2023/6/7 0:30,0.278536649
2023/6/7 0:45,0.233344849
2023/6/7 1:00,0.206909367
2023/6/7 1:15,0.174671515
2023/6/7 1:30,0.110763016
2023/6/7 1:45,0.106334029
2023/6/7 2:00,0.11819853
2023/6/7 2:15,0.137423455
2023/6/7 2:30,0.125921269
2023/6/7 2:45,0.09887276
2023/6/7 3:00,0.056802226
2023/6/7 3:15,0.121607335
2023/6/7 3:30,0.19517458
2023/6/7 3:45,0.317098224
2023/6/7 4:00,0.39195823
2023/6/7 4:15,0.306874116
2023/6/7 4:30,0.314842347
2023/6/7 4:45,0.20544669
2023/6/7 5:00,0.175924422
2023/6/7 5:15,0.256088226
2023/6/7 5:30,0.347117908
2023/6/7 5:45,0.320471843
2023/6/7 6:00,0.396195248
2023/6/7 6:15,0.483604569
2023/6/7 6:30,0.498872577
2023/6/7 6:45,0.402041224
2023/6/7 7:00,0.284179539
2023/6/7 7:15,0.269049688
2023/6/7 7:30,0.254015316
2023/6/7 7:45,0.223349344
2023/6/7 8:00,0.163676789
2023/6/7 8:15,0.0451028
2023/6/7 8:30,0.111021578
2023/6/7 8:45,0.221759293
2023/6/7 9:00,0.354752661
2023/6/7 9:15,0.530815922
2023/6/7 9:30,0.58367615
2023/6/7 9:45,0.556260942
2023/6/7 10:00,0.604571222
2023/6/7 10:15,0.47106302
2023/6/7 10:30,0.349211562
2023/6/7 10:45,0.40771457
2023/6/7 11:00,0.402961439
2023/6/7 11:15,0.321572777
2023/6/7 11:30,0.243434579
2023/6/7 11:45,0.141988617
2023/6/7 12:00,0.007326357
2023/6/7 12:15,0.009822957
2023/6/7 12:30,0.007099074
2023/6/7 12:45,0.00558087
2023/6/7 13:00,0.00647067
2023/6/7 13:15,0.009999159
2023/6/7 13:30,0.018801471
2023/6/7 13:45,0.10813446
2023/6/7 14:00,0.038045062
2023/6/7 14:15,0.044811737
2023/6/7 14:30,0.045047043
2023/6/7 14:45,0.041696907
2023/6/7 15:00,0.031172766
2023/6/7 15:15,0.023077944
2023/6/7 15:30,0.082504942
2023/6/7 15:45,0.008306019
2023/6/7 16:00,0.010289892
2023/6/7 16:15,0.035874385
2023/6/7 16:30,0.045501523
2023/6/7 16:45,0.05169938
2023/6/7 17:00,0.027957018
2023/6/7 17:15,0.04835407
2023/6/7 17:30,0.088769793
2023/6/7 17:45,0.102940663
2023/6/7 18:00,0.058169594
2023/6/7 18:15,0.013057378
2023/6/7 18:30,0.047024623
2023/6/7 18:45,0.024060005
2023/6/7 19:00,0.036002624
2023/6/7 19:15,0.014474891
2023/6/7 19:30,0
2023/6/7 19:45,0
2023/6/7 20:00,0
2023/6/7 20:15,0.033182294
2023/6/7 20:30,0.160078937
2023/6/7 20:45,0.330175009
2023/6/7 21:00,0.476498249
2023/6/7 21:15,0.428700836
2023/6/7 21:30,0.320144586
2023/6/7 21:45,0.275690603
2023/6/7 22:00,0.083594559
2023/6/7 22:15,0.34951596
2023/6/7 22:30,0.341651173
2023/6/7 22:45,0.003702364
2023/6/7 23:00,0.372369964
2023/6/7 23:15,0.640078026
2023/6/7 23:30,0.491816513
2023/6/7 23:45,0.388297375
2023/6/8 0:00,0.385149737
2023/6/8 0:15,0.373023362
2023/6/8 0:30,0.367449803
2023/6/8 0:45,0.335209054
2023/6/8 1:00,0.35706496
2023/6/8 1:15,0.242090535
2023/6/8 1:30,0.273511236
2023/6/8 1:45,0.257918527
2023/6/8 2:00,0.1705635
2023/6/8 2:15,0.129896949
2023/6/8 2:30,0.235393771
2023/6/8 2:45,0.277594296
2023/6/8 3:00,0.353235668
2023/6/8 3:15,0.334246264
2023/6/8 3:30,0.570280419
2023/6/8 3:45,0.670155264
2023/6/8 4:00,0.659242666
2023/6/8 4:15,0.699717304
2023/6/8 4:30,0.659480388
2023/6/8 4:45,0.697341463
2023/6/8 5:00,0.666972006
2023/6/8 5:15,0.538276701
2023/6/8 5:30,0.653177867
2023/6/8 5:45,0.632827607
2023/6/8 6:00,0.587607047
2023/6/8 6:15,0.561654682
2023/6/8 6:30,0.562838424
2023/6/8 6:45,0.530984636
2023/6/8 7:00,0.56648667
2023/6/8 7:15,0.766779592
2023/6/8 7:30,0.741080647
2023/6/8 7:45,0.837680452
2023/6/8 8:00,0.384604359
2023/6/8 8:15,0.853927689
2023/6/8 8:30,0.92125611
2023/6/8 8:45,0.604578425
2023/6/8 9:00,0.019925128
2023/6/8 9:15,0.071395705
2023/6/8 9:30,0.608209737
2023/6/8 9:45,0.614519887
2023/6/8 10:00,0.591191628
2023/6/8 10:15,0.677309149
2023/6/8 10:30,0.79712583
2023/6/8 10:45,0.687521072
2023/6/8 11:00,0.365869972
2023/6/8 11:15,0.254317995
2023/6/8 11:30,0.099658186
2023/6/8 11:45,0.199640032
2023/6/8 12:00,0.113528482
2023/6/8 12:15,0.030623515
2023/6/8 12:30,0.427383772
2023/6/8 12:45,0.183506682
2023/6/8 13:00,0.166741748
2023/6/8 13:15,0.102260768
2023/6/8 13:30,0.045952802
2023/6/8 13:45,0.112736738
2023/6/8 14:00,0.196632992
2023/6/8 14:15,0.136769695
2023/6/8 14:30,0.223769059
2023/6/8 14:45,0.156756945
2023/6/8 15:00,0.126957111
2023/6/8 15:15,0.173892088
2023/6/8 15:30,0.086588165
2023/6/8 15:45,0.155838684
2023/6/8 16:00,0.140189181
2023/6/8 16:15,0.081647903
2023/6/8 16:30,0.083898396
2023/6/8 16:45,0.074452623
2023/6/8 17:00,0.065580682
2023/6/8 17:15,0.073016695
2023/6/8 17:30,0.067596581
2023/6/8 17:45,0.055717163
2023/6/8 18:00,0.038735643
2023/6/8 18:15,0.03568739
2023/6/8 18:30,0.035413416
2023/6/8 18:45,0.021896314
2023/6/8 19:00,0.131186945
2023/6/8 19:15,0.146065873
2023/6/8 19:30,0.071642069
2023/6/8 19:45,0.116782848
2023/6/8 20:00,0.201557551
2023/6/8 20:15,0.227021476
2023/6/8 20:30,0.181219766
2023/6/8 20:45,0.181107033
2023/6/8 21:00,0.192362866
2023/6/8 21:15,0.190939507
2023/6/8 21:30,0.192122268
2023/6/8 21:45,0.264864722
2023/6/8 22:00,0.220204206
2023/6/8 22:15,0.157907004
2023/6/8 22:30,0.198570827
2023/6/8 22:45,0.32826585
2023/6/8 23:00,0.388494267
2023/6/8 23:15,0.434627813
2023/6/8 23:30,0.578582482
2023/6/8 23:45,0.610011006
2023/6/9 0:00,0.515756192
2023/6/9 0:15,0.367658211
2023/6/9 0:30,0.387988988
2023/6/9 0:45,0.404463237
2023/6/9 1:00,0.405353463
2023/6/9 1:15,0.441136287
2023/6/9 1:30,0.47372913
2023/6/9 1:45,0.407946785
2023/6/9 2:00,0.321138669
2023/6/9 2:15,0.361658246
2023/6/9 2:30,0.352609536
2023/6/9 2:45,0.36053656
2023/6/9 3:00,0.435410179
2023/6/9 3:15,0.377273936
2023/6/9 3:30,0.3380614
2023/6/9 3:45,0.309045439
2023/6/9 4:00,0.291145389
2023/6/9 4:15,0.302132635
2023/6/9 4:30,0.317629066
2023/6/9 4:45,0.375142664
2023/6/9 5:00,0.356294302
2023/6/9 5:15,0.334621537
2023/6/9 5:30,0.328914036
2023/6/9 5:45,0.307477726
2023/6/9 6:00,0.285071034
2023/6/9 6:15,0.279086685
2023/6/9 6:30,0.276143612
2023/6/9 6:45,0.326421482
2023/6/9 7:00,0.326181499
2023/6/9 7:15,0.322958954
2023/6/9 7:30,0.348313249
2023/6/9 7:45,0.279471922
2023/6/9 8:00,0.252398351
2023/6/9 8:15,0.240049059
2023/6/9 8:30,0.255410174
2023/6/9 8:45,0.295173219
2023/6/9 9:00,0.305044731
2023/6/9 9:15,0.252316713
2023/6/9 9:30,0.233652654
2023/6/9 9:45,0.210782593
2023/6/9 10:00,0.202155026
2023/6/9 10:15,0.16120967
2023/6/9 10:30,0.149385637
2023/6/9 10:45,0.109962654
2023/6/9 11:00,0.102154853
2023/6/9 11:15,0.093704909
2023/6/9 11:30,0.05982014
2023/6/9 11:45,0.070522795
2023/6/9 12:00,0.025192968
2023/6/9 12:15,0.034075921
2023/6/9 12:30,0.052683916
2023/6/9 12:45,0.068015528
2023/6/9 13:00,0.080614854
2023/6/9 13:15,0.082329937
2023/6/9 13:30,0.08521072
2023/6/9 13:45,0.044247899
2023/6/9 14:00,0.034113813
2023/6/9 14:15,0.027964369
2023/6/9 14:30,0.024602197
2023/6/9 14:45,0.036383394
2023/6/9 15:00,0.04199813
2023/6/9 15:15,0.024131389
2023/6/9 15:30,0.033933325
2023/6/9 15:45,0.015628726
2023/6/9 16:00,0.002737626
2023/6/9 16:15,0.00615765
2023/6/9 16:30,0.009780163
2023/6/9 16:45,0.004044381
2023/6/9 17:00,0.001954079
2023/6/9 17:15,0
2023/6/9 17:30,0
2023/6/9 17:45,0
2023/6/9 18:00,0
2023/6/9 18:15,0
2023/6/9 18:30,0
2023/6/9 18:45,0
2023/6/9 19:00,0
2023/6/9 19:15,0
2023/6/9 19:30,0
2023/6/9 19:45,0
2023/6/9 20:00,0
2023/6/9 20:15,0
2023/6/9 20:30,0
2023/6/9 20:45,0.038596527
2023/6/9 21:00,0.019374569
2023/6/9 21:15,0
2023/6/9 21:30,0
2023/6/9 21:45,0
2023/6/9 22:00,0
2023/6/9 22:15,0
2023/6/9 22:30,0
2023/6/9 22:45,0
2023/6/9 23:00,0
2023/6/9 23:15,0
2023/6/9 23:30,0
2023/6/9 23:45,0
2023/6/10 0:00,0.016087913
2023/6/10 0:15,0.141155984
2023/6/10 0:30,0.132552707
2023/6/10 0:45,0.133389774
2023/6/10 1:00,0.031921176
2023/6/10 1:15,0
2023/6/10 1:30,0.003484596
2023/6/10 1:45,0.102765619
2023/6/10 2:00,0.48084029
2023/6/10 2:15,0.818882148
2023/6/10 2:30,0.871097079
2023/6/10 2:45,0.491241325
2023/6/10 3:00,0.469246385
2023/6/10 3:15,0.399671662
2023/6/10 3:30,0.458885154
2023/6/10 3:45,0.280639361
2023/6/10 4:00,0.365416824
2023/6/10 4:15,0.229919605
2023/6/10 4:30,0.12822209
2023/6/10 4:45,0.075907312
2023/6/10 5:00,0.065822537
2023/6/10 5:15,0.100434418
2023/6/10 5:30,0.124606641
2023/6/10 5:45,0.076735415
2023/6/10 6:00,0.11728072
2023/6/10 6:15,0.180787447
2023/6/10 6:30,0.125881336
2023/6/10 6:45,0.003893634
2023/6/10 7:00,0
2023/6/10 7:15,0
2023/6/10 7:30,0
2023/6/10 7:45,0
2023/6/10 8:00,0
2023/6/10 8:15,0.294005473
2023/6/10 8:30,0.208897289
2023/6/10 8:45,0.180897558
2023/6/10 9:00,0.153850462
2023/6/10 9:15,0.158980695
2023/6/10 9:30,0.198690176
2023/6/10 9:45,0.220025783
2023/6/10 10:00,0.307488247
2023/6/10 10:15,0.337661021
2023/6/10 10:30,0.391001647
2023/6/10 10:45,0.470213293
2023/6/10 11:00,0.410022215
2023/6/10 11:15,0.48994303
2023/6/10 11:30,0.687533989
2023/6/10 11:45,0.55145626
2023/6/10 12:00,0.447916925
2023/6/10 12:15,0.453669705
2023/6/10 12:30,0.347628895
2023/6/10 12:45,0.490491547
2023/6/10 13:00,0.215715599
2023/6/10 13:15,0.248204719
2023/6/10 13:30,0.338408024
2023/6/10 13:45,0.380770109
2023/6/10 14:00,0.281640738
2023/6/10 14:15,0.209062725
2023/6/10 14:30,0.335662054
2023/6/10 14:45,0.38726103
2023/6/10 15:00,0.507702162
2023/6/10 15:15,0.457303127
2023/6/10 15:30,0.259938026
2023/6/10 15:45,0.434195342
2023/6/10 16:00,0.3763437
2023/6/10 16:15,0.464263523
2023/6/10 16:30,0.23934166
2023/6/10 16:45,0.352666994
2023/6/10 17:00,0.287882744
2023/6/10 17:15,0.19917903
2023/6/10 17:30,0.378449776
2023/6/10 17:45,0.207617174
2023/6/10 18:00,0.285987554
2023/6/10 18:15,0.279048042
2023/6/10 18:30,0.259294005
2023/6/10 18:45,0.409238227
2023/6/10 19:00,0.275216282
2023/6/10 19:15,0.285733631
2023/6/10 19:30,0.186962712
2023/6/10 19:45,0.203170808
2023/6/10 20:00,0.167392918
2023/6/10 20:15,0.356744355
2023/6/10 20:30,0.223473139
2023/6/10 20:45,0.151056621
2023/6/10 21:00,0.216142813
2023/6/10 21:15,0.172730022
2023/6/10 21:30,0.162562153
2023/6/10 21:45,0.147951416
2023/6/10 22:00,0.159689002
2023/6/10 22:15,0.145660863
2023/6/10 22:30,0.141666272
2023/6/10 22:45,0.176483757
2023/6/10 23:00,0.125903397
2023/6/10 23:15,0.142203256
2023/6/10 23:30,0.136508378
2023/6/10 23:45,0.117585467
2023/6/11 0:00,0.085026122
2023/6/11 0:15,0.085963988
2023/6/11 0:30,0.109199246
2023/6/11 0:45,0.122776034
2023/6/11 1:00,0.119343377
2023/6/11 1:15,0.021106361
2023/6/11 1:30,0.034437584
2023/6/11 1:45,0.132261153
2023/6/11 2:00,0.089297543
2023/6/11 2:15,0.071583776
2023/6/11 2:30,0.108761386
2023/6/11 2:45,0.093071056
2023/6/11 3:00,0.08376707
2023/6/11 3:15,0.101571206
2023/6/11 3:30,0.150528892
2023/6/11 3:45,0.122494669
2023/6/11 4:00,0.126431688
2023/6/11 4:15,0.089273998
2023/6/11 4:30,0.098930446
2023/6/11 4:45,0.104721071
2023/6/11 5:00,0.178159483
2023/6/11 5:15,0.162940012
2023/6/11 5:30,0.170608438
2023/6/11 5:45,0.223663564
2023/6/11 6:00,0.232478635
2023/6/11 6:15,0.202175739
2023/6/11 6:30,0.168020608
2023/6/11 6:45,0.153138933
2023/6/11 7:00,0.142156643
2023/6/11 7:15,0.1874363
2023/6/11 7:30,0.141062174
2023/6/11 7:45,0.140129489
2023/6/11 8:00,0.13760082
2023/6/11 8:15,0.249363024
2023/6/11 8:30,0.302883158
2023/6/11 8:45,0.407322932
2023/6/11 9:00,0.205286349
2023/6/11 9:15,0.295516462
2023/6/11 9:30,0.387197348
2023/6/11 9:45,0.270302071
2023/6/11 10:00,0.209645033
2023/6/11 10:15,0.140967758
2023/6/11 10:30,0.191013866
2023/6/11 10:45,0.16465244
2023/6/11 11:00,0.082134574
2023/6/11 11:15,0.117789064
2023/6/11 11:30,0.18634266
2023/6/11 11:45,0.109911541
2023/6/11 12:00,0.067452309
2023/6/11 12:15,0.104673948
2023/6/11 12:30,0.152947783
2023/6/11 12:45,0.070733553
2023/6/11 13:00,0.130363416
2023/6/11 13:15,0.027375013
2023/6/11 13:30,0
2023/6/11 13:45,0
2023/6/11 14:00,0.020771803
2023/6/11 14:15,0
2023/6/11 14:30,0
2023/6/11 14:45,0
2023/6/11 15:00,0
2023/6/11 15:15,0
2023/6/11 15:30,0
2023/6/11 15:45,0
2023/6/11 16:00,0
2023/6/11 16:15,0.004437912
2023/6/11 16:30,0.018629784
2023/6/11 16:45,0.016050665
2023/6/11 17:00,0
2023/6/11 17:15,0
2023/6/11 17:30,0
2023/6/11 17:45,0
2023/6/11 18:00,0
2023/6/11 18:15,0
2023/6/11 18:30,0
2023/6/11 18:45,0
2023/6/11 19:00,0
2023/6/11 19:15,0
2023/6/11 19:30,0
2023/6/11 19:45,0
2023/6/11 20:00,0
2023/6/11 20:15,0
2023/6/11 20:30,0.023816784
2023/6/11 20:45,0.077338859
2023/6/11 21:00,0.110927298
2023/6/11 21:15,0.028588551
2023/6/11 21:30,0
2023/6/11 21:45,0
2023/6/11 22:00,0
2023/6/11 22:15,0
2023/6/11 22:30,0
2023/6/11 22:45,0
2023/6/11 23:00,0
2023/6/11 23:15,0
2023/6/11 23:30,0
2023/6/11 23:45,0
2023/6/12 0:00,0.030432934
2023/6/12 0:15,0.087485
2023/6/12 0:30,0.178590744
2023/6/12 0:45,0.278901769
2023/6/12 1:00,0.368921968
2023/6/12 1:15,0.271751807
2023/6/12 1:30,0.249106557
2023/6/12 1:45,0.298813581
2023/6/12 2:00,0.298228867
2023/6/12 2:15,0.245260033
2023/6/12 2:30,0.272032477
2023/6/12 2:45,0.214538358
2023/6/12 3:00,0.220775178
2023/6/12 3:15,0.177893699
2023/6/12 3:30,0.14422346
2023/6/12 3:45,0.135745738
2023/6/12 4:00,0.098891592
2023/6/12 4:15,0.096819803
2023/6/12 4:30,0.076707743
2023/6/12 4:45,0.091631645
2023/6/12 5:00,0.087466115
2023/6/12 5:15,0.062613039
2023/6/12 5:30,0.017886695
2023/6/12 5:45,0.015883095
2023/6/12 6:00,0.015462727
2023/6/12 6:15,0.014598034
2023/6/12 6:30,0.012847087
2023/6/12 6:45,0.048846917
2023/6/12 7:00,0.096057272
2023/6/12 7:15,0.085312538
2023/6/12 7:30,0.339545224
2023/6/12 7:45,0.070716266
2023/6/12 8:00,0.032330354
2023/6/12 8:15,0.031591566
2023/6/12 8:30,0.087639192
2023/6/12 8:45,0.022442925
2023/6/12 9:00,0.006754882
2023/6/12 9:15,0.082890209
2023/6/12 9:30,0.286710951
2023/6/12 9:45,0.526056771
2023/6/12 10:00,0.614508565
2023/6/12 10:15,0.441009042
2023/6/12 10:30,0.161420811
2023/6/12 10:45,0.07052975
2023/6/12 11:00,0.006784708
2023/6/12 11:15,0.006810929
2023/6/12 11:30,0.006835716
2023/6/12 11:45,0.006859175
2023/6/12 12:00,0
2023/6/12 12:15,0.001702052
2023/6/12 12:30,0
2023/6/12 12:45,0
2023/6/12 13:00,0
2023/6/12 13:15,0
2023/6/12 13:30,0
2023/6/12 13:45,0
2023/6/12 14:00,0
2023/6/12 14:15,0
2023/6/12 14:30,0
2023/6/12 14:45,0
2023/6/12 15:00,0
2023/6/12 15:15,0
2023/6/12 15:30,0
2023/6/12 15:45,0.0032067
2023/6/12 16:00,0.012292744
2023/6/12 16:15,0.004512332
2023/6/12 16:30,0
2023/6/12 16:45,0.033569422
2023/6/12 17:00,0.037494467
2023/6/12 17:15,0.013662845
2023/6/12 17:30,0.024601755
2023/6/12 17:45,0.023119892
2023/6/12 18:00,0.000391441
2023/6/12 18:15,0
2023/6/12 18:30,0
2023/6/12 18:45,0.024439998
2023/6/12 19:00,0.125108269
2023/6/12 19:15,0.030229627
2023/6/12 19:30,0
2023/6/12 19:45,0
2023/6/12 20:00,0
2023/6/12 20:15,0
2023/6/12 20:30,0
2023/6/12 20:45,0
2023/6/12 21:00,0
2023/6/12 21:15,0.010360718
2023/6/12 21:30,0.07381549
2023/6/12 21:45,0.101493221
2023/6/12 22:00,0.047720821
2023/6/12 22:15,0.002963235
2023/6/12 22:30,0
2023/6/12 22:45,0.165459328
2023/6/12 23:00,0.481079196
2023/6/12 23:15,0.478583657
2023/6/12 23:30,0.441084914
2023/6/12 23:45,0.412264412
2023/6/13 0:00,0.395799884
2023/6/13 0:15,0.484125761
2023/6/13 0:30,0.508334452
2023/6/13 0:45,0.551913131
2023/6/13 1:00,0.595490468
2023/6/13 1:15,0.639066382
2023/6/13 1:30,0.526092671
2023/6/13 1:45,0.420102743
2023/6/13 2:00,0.4268815
2023/6/13 2:15,0.512429298
2023/6/13 2:30,0.4464437
2023/6/13 2:45,0.420269949
2023/6/13 3:00,0.412813415
2023/6/13 3:15,0.372999222
2023/6/13 3:30,0.388285087
2023/6/13 3:45,0.432296066
2023/6/13 4:00,0.404773573
2023/6/13 4:15,0.324219833
2023/6/13 4:30,0.353121671
2023/6/13 4:45,0.266519257
2023/6/13 5:00,0.234017811
2023/6/13 5:15,0.206196973
2023/6/13 5:30,0.144244438
2023/6/13 5:45,0.1673503
2023/6/13 6:00,0.179500225
2023/6/13 6:15,0.14986154
2023/6/13 6:30,0.141339817
2023/6/13 6:45,0.154420425
2023/6/13 7:00,0.147049805
2023/6/13 7:15,0.115900972
2023/6/13 7:30,0.082533282
2023/6/13 7:45,0.045271285
2023/6/13 8:00,0.03132167
2023/6/13 8:15,0.113978853
2023/6/13 8:30,0.143447813
2023/6/13 8:45,0.136939807
2023/6/13 9:00,0.184052048
2023/6/13 9:15,0.170472125
2023/6/13 9:30,0.168861026
2023/6/13 9:45,0.152819663
2023/6/13 10:00,0.135859501
2023/6/13 10:15,0.129985462
2023/6/13 10:30,0.114028538
2023/6/13 10:45,0.106090959
2023/6/13 11:00,0.131360841
2023/6/13 11:15,0.109999186
2023/6/13 11:30,0.075079172
2023/6/13 11:45,0.053476086
2023/6/13 12:00,0.060934272
2023/6/13 12:15,0.072942001
2023/6/13 12:30,0.061892555
2023/6/13 12:45,0.031278464
2023/6/13 13:00,0.016804844
2023/6/13 13:15,0.059737752
2023/6/13 13:30,0.059573531
2023/6/13 13:45,0.085238853
2023/6/13 14:00,0.104997436
2023/6/13 14:15,0.041558614
2023/6/13 14:30,0.016027962
2023/6/13 14:45,0.021554693
2023/6/13 15:00,0.043442916
2023/6/13 15:15,0.051285898
2023/6/13 15:30,0.015518161
2023/6/13 15:45,0.015529068
2023/6/13 16:00,0.015540404
2023/6/13 16:15,0.015552536
2023/6/13 16:30,0.015565799
2023/6/13 16:45,0.015580488
2023/6/13 17:00,0.015596859
2023/6/13 17:15,0.015615118
2023/6/13 17:30,0.015635425
2023/6/13 17:45,0.015657891
2023/6/13 18:00,0.015682578
2023/6/13 18:15,0.016578599
2023/6/13 18:30,0.019276197
2023/6/13 18:45,0.020881018
2023/6/13 19:00,0.020298041
2023/6/13 19:15,0.019830337
2023/6/13 19:30,0.024599168
2023/6/13 19:45,0.075880282
2023/6/13 20:00,0.098143862
2023/6/13 20:15,0.081787228
2023/6/13 20:30,0.071964177
2023/6/13 20:45,0.057364324
2023/6/13 21:00,0.045854242
2023/6/13 21:15,0.030622764
2023/6/13 21:30,0.017940165
2023/6/13 21:45,0.017018502
2023/6/13 22:00,0.038191535
2023/6/13 22:15,0.120667761
2023/6/13 22:30,0.107523677
2023/6/13 22:45,0.093094729
2023/6/13 23:00,0.165478568
2023/6/13 23:15,0.102068316
2023/6/13 23:30,0.161776496
2023/6/13 23:45,0.243388367
2023/6/14 0:00,0.203328816
2023/6/14 0:15,0.247423948
2023/6/14 0:30,0.363748867
2023/6/14 0:45,0.416032316
2023/6/14 1:00,0.450104564
2023/6/14 1:15,0.448390114
2023/6/14 1:30,0.370966666
2023/6/14 1:45,0.342871867
2023/6/14 2:00,0.358258159
2023/6/14 2:15,0.227231982
2023/6/14 2:30,0.240058062
2023/6/14 2:45,0.205049802
2023/6/14 3:00,0.220614526
2023/6/14 3:15,0.260442521
2023/6/14 3:30,0.314174315
2023/6/14 3:45,0.347613671
2023/6/14 4:00,0.517361826
2023/6/14 4:15,0.519208326
2023/6/14 4:30,0.438213355
2023/6/14 4:45,0.490613223
2023/6/14 5:00,0.525203824
2023/6/14 5:15,0.548566525
2023/6/14 5:30,0.592127186
2023/6/14 5:45,0.580432552
2023/6/14 6:00,0.578524223
2023/6/14 6:15,0.550501272
2023/6/14 6:30,0.570153119
2023/6/14 6:45,0.709496055
2023/6/14 7:00,0.794093295
2023/6/14 7:15,0.703369717
2023/6/14 7:30,0.784989365
2023/6/14 7:45,0.768823285
2023/6/14 8:00,0.767457744
2023/6/14 8:15,0.807356346
2023/6/14 8:30,0.827518454
2023/6/14 8:45,0.730638896
2023/6/14 9:00,0.905510907
2023/6/14 9:15,0.754608265
2023/6/14 9:30,0.885475085
2023/6/14 9:45,0.901285554
2023/6/14 10:00,0.640290868
2023/6/14 10:15,0.75871143
2023/6/14 10:30,0.800553545
2023/6/14 10:45,0.854496211
2023/6/14 11:00,0.837156038
2023/6/14 11:15,0.807401707
2023/6/14 11:30,0.838849994
2023/6/14 11:45,0.67645274
2023/6/14 12:00,0.609345982
2023/6/14 12:15,0.440755667
2023/6/14 12:30,0.371627157
2023/6/14 12:45,0.351150094
2023/6/14 13:00,0.357352871
2023/6/14 13:15,0.312014994
2023/6/14 13:30,0.340706539
2023/6/14 13:45,0.367783065
2023/6/14 14:00,0.429446085
2023/6/14 14:15,0.398892877
2023/6/14 14:30,0.343790412
2023/6/14 14:45,0.338538
2023/6/14 15:00,0.24007713
2023/6/14 15:15,0.213033056
2023/6/14 15:30,0.249957498
2023/6/14 15:45,0.184946563
2023/6/14 16:00,0.122907691
2023/6/14 16:15,0.10987866
2023/6/14 16:30,0.16174104
2023/6/14 16:45,0.245949074
2023/6/14 17:00,0.267192517
2023/6/14 17:15,0.378308929
2023/6/14 17:30,0.347720452
2023/6/14 17:45,0.282336429
2023/6/14 18:00,0.269170798
2023/6/14 18:15,0.451954057
2023/6/14 18:30,0.238643377
2023/6/14 18:45,0.384136453
2023/6/14 19:00,0.249799904
2023/6/14 19:15,0.197314763
2023/6/14 19:30,0.216849602
2023/6/14 19:45,0.282575376
2023/6/14 20:00,0.369199774
2023/6/14 20:15,0.13516582
2023/6/14 20:30,0.169640394
2023/6/14 20:45,0.187211833
2023/6/14 21:00,0.117851776
2023/6/14 21:15,0.146003857
2023/6/14 21:30,0.101021757
2023/6/14 21:45,0.066394382
2023/6/14 22:00,0.087992968
2023/6/14 22:15,0.272322468
2023/6/14 22:30,0.303702133
2023/6/14 22:45,0.142611282
2023/6/14 23:00,0.124503394
2023/6/14 23:15,0.107911797
2023/6/14 23:30,0.107921905
2023/6/14 23:45,0.091515046
2023/6/15 0:00,0.092227658
2023/6/15 0:15,0.153034896
2023/6/15 0:30,0.088681672
2023/6/15 0:45,0.086636997
2023/6/15 1:00,0.089648437
2023/6/15 1:15,0.074652733
2023/6/15 1:30,0.067654935
2023/6/15 1:45,0.074311171
2023/6/15 2:00,0.062089658
2023/6/15 2:15,0.066392977
2023/6/15 2:30,0.07047125
2023/6/15 2:45,0.033434111
2023/6/15 3:00,0.016274975
2023/6/15 3:15,0.019320307
2023/6/15 3:30,0.020737202
2023/6/15 3:45,0.018872651
2023/6/15 4:00,0.022008856
2023/6/15 4:15,0.024381252
2023/6/15 4:30,0.025358963
2023/6/15 4:45,0.031764331
2023/6/15 5:00,0.033198664
2023/6/15 5:15,0.083993437
2023/6/15 5:30,0.049989318
2023/6/15 5:45,0.027780096
2023/6/15 6:00,0.024696568
2023/6/15 6:15,0.021894975
2023/6/15 6:30,0.02203056
2023/6/15 6:45,0.022976123
2023/6/15 7:00,0.067440858
2023/6/15 7:15,0.050940884
2023/6/15 7:30,0.024807108
2023/6/15 7:45,0.024873023
2023/6/15 8:00,0.162890172
2023/6/15 8:15,0.710468354
2023/6/15 8:30,0.551994034
2023/6/15 8:45,0.509114175
2023/6/15 9:00,0.826882846
2023/6/15 9:15,0.798736724
2023/6/15 9:30,0.835589378
2023/6/15 9:45,0.886155533
2023/6/15 10:00,0.810814334
2023/6/15 10:15,0.860391855
2023/6/15 10:30,0.849301499
2023/6/15 10:45,0.772412814
2023/6/15 11:00,0.587660433
2023/6/15 11:15,0.512304474
2023/6/15 11:30,0.451772262
2023/6/15 11:45,0.395537897
2023/6/15 12:00,0.473493688
2023/6/15 12:15,0.421464411
2023/6/15 12:30,0.391549281
2023/6/15 12:45,0.333203574
2023/6/15 13:00,0.32831655
2023/6/15 13:15,0.395813681
2023/6/15 13:30,0.426112528
2023/6/15 13:45,0.468189197
2023/6/15 14:00,0.533204804
2023/6/15 14:15,0.538791981
2023/6/15 14:30,0.571131366
2023/6/15 14:45,0.419262121
2023/6/15 15:00,0.373969683
2023/6/15 15:15,0.528172187
2023/6/15 15:30,0.545164291
2023/6/15 15:45,0.54228212
2023/6/15 16:00,0.494851046
2023/6/15 16:15,0.492589805
2023/6/15 16:30,0.605679498
2023/6/15 16:45,0.62626391
2023/6/15 17:00,0.425602803
2023/6/15 17:15,0.521112071
2023/6/15 17:30,0.538053166
2023/6/15 17:45,0.628826352
2023/6/15 18:00,0.605750338
2023/6/15 18:15,0.641734492
2023/6/15 18:30,0.635899921
2023/6/15 18:45,0.595163321
2023/6/15 19:00,0.609536084
2023/6/15 19:15,0.654715486
2023/6/15 19:30,0.694962637
2023/6/15 19:45,0.708012869
2023/6/15 20:00,0.662049785
2023/6/15 20:15,0.76085572
2023/6/15 20:30,0.849212798
2023/6/15 20:45,0.724765989
2023/6/15 21:00,0.703247561
2023/6/15 21:15,0.667969962
2023/6/15 21:30,0.681445179
2023/6/15 21:45,0.430415485
2023/6/15 22:00,0.299987358
2023/6/15 22:15,0.111650021
2023/6/15 22:30,0.100142943
2023/6/15 22:45,0.16735
2023/6/15 23:00,0.473637
2023/6/15 23:15,0.722873216
2023/6/15 23:30,0.581362227
2023/6/15 23:45,0.548980467
2023/6/16 0:00,0.473276944
2023/6/16 0:15,0.592396262
2023/6/16 0:30,0.548953172
2023/6/16 0:45,0.436126762
2023/6/16 1:00,0.403908045
2023/6/16 1:15,0.265587269
2023/6/16 1:30,0.290120813
2023/6/16 1:45,0.106931052
2023/6/16 2:00,0.13792629
2023/6/16 2:15,0.047378412
2023/6/16 2:30,0.022641467
2023/6/16 2:45,0.008305637
2023/6/16 3:00,0.007775824
2023/6/16 3:15,0.006751105
2023/6/16 3:30,0.00819234
2023/6/16 3:45,0.011524982
2023/6/16 4:00,0.01344679
2023/6/16 4:15,0.011387553
2023/6/16 4:30,0.008369159
2023/6/16 4:45,0.008503012
2023/6/16 5:00,0.008317359
2023/6/16 5:15,0.007928075
2023/6/16 5:30,0.004750308
2023/6/16 5:45,0.000766876
2023/6/16 6:00,0
2023/6/16 6:15,0
2023/6/16 6:30,0
2023/6/16 6:45,0.000801643
2023/6/16 7:00,0
2023/6/16 7:15,0.00359911
2023/6/16 7:30,0.00884213
2023/6/16 7:45,0.009447824
2023/6/16 8:00,0.004419328
2023/6/16 8:15,0.005624599
2023/6/16 8:30,0.013196167
2023/6/16 8:45,0.010840448
2023/6/16 9:00,0.012781217
2023/6/16 9:15,0.007965232
2023/6/16 9:30,0.001575703
2023/6/16 9:45,0.160883589
2023/6/16 10:00,0.080461528
2023/6/16 10:15,0.080131025
2023/6/16 10:30,0.059161161
2023/6/16 10:45,0
2023/6/16 11:00,0.139140981
2023/6/16 11:15,0.106210998
2023/6/16 11:30,0.17863703
2023/6/16 11:45,0.173441964
2023/6/16 12:00,0.180324545
2023/6/16 12:15,0.181845386
2023/6/16 12:30,0.261622792
2023/6/16 12:45,0.212113031
2023/6/16 13:00,0.236808237
2023/6/16 13:15,0.216208049
2023/6/16 13:30,0.372097784
2023/6/16 13:45,0.357273161
2023/6/16 14:00,0.384686867
2023/6/16 14:15,0.247892093
2023/6/16 14:30,0.263277536
2023/6/16 14:45,0.298573986
2023/6/16 15:00,0.186601159
2023/6/16 15:15,0.216564763
2023/6/16 15:30,0.171289701
2023/6/16 15:45,0.196838251
2023/6/16 16:00,0.357055402
2023/6/16 16:15,0.403428432
2023/6/16 16:30,0.426397459
2023/6/16 16:45,0.354796371
2023/6/16 17:00,0.382654549
2023/6/16 17:15,0.247980705
2023/6/16 17:30,0.373378539
2023/6/16 17:45,0.293736088
2023/6/16 18:00,0.695129605
2023/6/16 18:15,0.443484396
2023/6/16 18:30,0.281583739
2023/6/16 18:45,0.41938493
2023/6/16 19:00,0.697306033
2023/6/16 19:15,0.519205125
2023/6/16 19:30,0.388458181
2023/6/16 19:45,0.584409885
2023/6/16 20:00,0.758048314
2023/6/16 20:15,0.722608747
2023/6/16 20:30,0.639248339
2023/6/16 20:45,0.711909806
2023/6/16 21:00,0.627555578
2023/6/16 21:15,0.442741944
2023/6/16 21:30,0.435134156
2023/6/16 21:45,0.37902062
2023/6/16 22:00,0.442071534
2023/6/16 22:15,0.509926641
2023/6/16 22:30,0.263678704
2023/6/16 22:45,0.25362099
2023/6/16 23:00,0.420454884
2023/6/16 23:15,0.472469809
2023/6/16 23:30,0.542854696
2023/6/16 23:45,0.538054607
2023/6/17 0:00,0.532001101
2023/6/17 0:15,0.412804382
2023/6/17 0:30,0.32047872
2023/6/17 0:45,0.372089249
2023/6/17 1:00,0.405201636
2023/6/17 1:15,0.426837258
2023/6/17 1:30,0.430880376
2023/6/17 1:45,0.340122077
2023/6/17 2:00,0.307597134
2023/6/17 2:15,0.31287138
2023/6/17 2:30,0.298388268
2023/6/17 2:45,0.25633933
2023/6/17 3:00,0.254089579
2023/6/17 3:15,0.264543207
2023/6/17 3:30,0.306883881
2023/6/17 3:45,0.324378209
2023/6/17 4:00,0.38852709
2023/6/17 4:15,0.398213932
2023/6/17 4:30,0.40938401
2023/6/17 4:45,0.424470583
2023/6/17 5:00,0.412660626
2023/6/17 5:15,0.382710296
2023/6/17 5:30,0.396683226
2023/6/17 5:45,0.355261139
2023/6/17 6:00,0.362887402
2023/6/17 6:15,0.286565662
2023/6/17 6:30,0.347952782
2023/6/17 6:45,0.369879049
2023/6/17 7:00,0.412353044
2023/6/17 7:15,0.410776523
2023/6/17 7:30,0.409564962
2023/6/17 7:45,0.345375761
2023/6/17 8:00,0.307906081
2023/6/17 8:15,0.389126901
2023/6/17 8:30,0.501028932
2023/6/17 8:45,0.547897083
2023/6/17 9:00,0.546600858
2023/6/17 9:15,0.492469643
2023/6/17 9:30,0.386990602
2023/6/17 9:45,0.51702465
2023/6/17 10:00,0.579976308
2023/6/17 10:15,0.50143504
2023/6/17 10:30,0.602607095
2023/6/17 10:45,0.668554399
2023/6/17 11:00,0.728430686
2023/6/17 11:15,0.696307627
2023/6/17 11:30,0.596335487
2023/6/17 11:45,0.691522681
2023/6/17 12:00,0.697108379
2023/6/17 12:15,0.551073103
2023/6/17 12:30,0.479910603
2023/6/17 12:45,0.45207721
2023/6/17 13:00,0.412585972
2023/6/17 13:15,0.328493876
2023/6/17 13:30,0.535660484
2023/6/17 13:45,0.504060523
2023/6/17 14:00,0.491532033
2023/6/17 14:15,0.497561676
2023/6/17 14:30,0.54583777
2023/6/17 14:45,0.550259425
2023/6/17 15:00,0.494350495
2023/6/17 15:15,0.546859937
2023/6/17 15:30,0.535891448
2023/6/17 15:45,0.575023118
2023/6/17 16:00,0.655330313
2023/6/17 16:15,0.527484544
2023/6/17 16:30,0.511628166
2023/6/17 16:45,0.601033411
2023/6/17 17:00,0.518063845
2023/6/17 17:15,0.49091591
2023/6/17 17:30,0.440929749
2023/6/17 17:45,0.369978289
2023/6/17 18:00,0.416820066
2023/6/17 18:15,0.401988226
2023/6/17 18:30,0.307426136
2023/6/17 18:45,0.40270767
2023/6/17 19:00,0.345564709
2023/6/17 19:15,0.365999033
2023/6/17 19:30,0.44258086
2023/6/17 19:45,0.378201803
2023/6/17 20:00,0.391992516
2023/6/17 20:15,0.386925875
2023/6/17 20:30,0.230668424
2023/6/17 20:45,0.255526438
2023/6/17 21:00,0.264960209
2023/6/17 21:15,0.213595552
2023/6/17 21:30,0.225736976
2023/6/17 21:45,0.247978922
2023/6/17 22:00,0.206133108
2023/6/17 22:15,0.174097213
2023/6/17 22:30,0.168224918
2023/6/17 22:45,0.150412693
2023/6/17 23:00,0.186809305
2023/6/17 23:15,0.180007741
2023/6/17 23:30,0.177498528
2023/6/17 23:45,0.179611976
2023/6/18 0:00,0.223694894
2023/6/18 0:15,0.230562901
2023/6/18 0:30,0.209695768
2023/6/18 0:45,0.189747094
2023/6/18 1:00,0.132687138
2023/6/18 1:15,0.119866221
2023/6/18 1:30,0.102961885
2023/6/18 1:45,0.101220971
2023/6/18 2:00,0.118812866
2023/6/18 2:15,0.156920468
2023/6/18 2:30,0.198974836
2023/6/18 2:45,0.23783019
2023/6/18 3:00,0.247078076
2023/6/18 3:15,0.206157381
2023/6/18 3:30,0.21817786
2023/6/18 3:45,0.214079377
2023/6/18 4:00,0.187744546
2023/6/18 4:15,0.208471849
2023/6/18 4:30,0.226916046
2023/6/18 4:45,0.243716452
2023/6/18 5:00,0.272483751
2023/6/18 5:15,0.221043793
2023/6/18 5:30,0.224982501
2023/6/18 5:45,0.20260953
2023/6/18 6:00,0.220782588
2023/6/18 6:15,0.191598981
2023/6/18 6:30,0.168666871
2023/6/18 6:45,0.159105797
2023/6/18 7:00,0.114840787
2023/6/18 7:15,0.193780368
2023/6/18 7:30,0.168033097
2023/6/18 7:45,0.159063932
2023/6/18 8:00,0.133977324
2023/6/18 8:15,0.124875584
2023/6/18 8:30,0.121859502
2023/6/18 8:45,0.14828503
2023/6/18 9:00,0.156629032
2023/6/18 9:15,0.169983342
2023/6/18 9:30,0.19148319
2023/6/18 9:45,0.128232931
2023/6/18 10:00,0.131706945
2023/6/18 10:15,0.114629301
2023/6/18 10:30,0.157895842
2023/6/18 10:45,0.16380141
2023/6/18 11:00,0.252795853
2023/6/18 11:15,0.225509547
2023/6/18 11:30,0.21293099
2023/6/18 11:45,0.235980588
2023/6/18 12:00,0.141342108
2023/6/18 12:15,0.137475788
2023/6/18 12:30,0.187407539
2023/6/18 12:45,0.166095763
2023/6/18 13:00,0.137919736
2023/6/18 13:15,0.069271779
2023/6/18 13:30,0.073482112
2023/6/18 13:45,0.033358727
2023/6/18 14:00,0.046623969
2023/6/18 14:15,0.114855566
2023/6/18 14:30,0.17604196
2023/6/18 14:45,0.102140436
2023/6/18 15:00,0
2023/6/18 15:15,0.127090618
2023/6/18 15:30,0.115528657
2023/6/18 15:45,0.367102967
2023/6/18 16:00,0.290164429
2023/6/18 16:15,0.150788439
2023/6/18 16:30,0.231548539
2023/6/18 16:45,0.178397061
2023/6/18 17:00,0.109470326
2023/6/18 17:15,0.102304416
2023/6/18 17:30,0.060426085
2023/6/18 17:45,0.168017473
2023/6/18 18:00,0.21169432
2023/6/18 18:15,0.229889987
2023/6/18 18:30,0.147006817
2023/6/18 18:45,0.213198748
2023/6/18 19:00,0.136766833
2023/6/18 19:15,0.183161448
2023/6/18 19:30,0.23032417
2023/6/18 19:45,0.230970482
2023/6/18 20:00,0.231734392
2023/6/18 20:15,0.181748368
2023/6/18 20:30,0.251774803
2023/6/18 20:45,0.181666797
2023/6/18 21:00,0.126010288
2023/6/18 21:15,0.113055215
2023/6/18 21:30,0.074375803
2023/6/18 21:45,0.099184687
2023/6/18 22:00,0.079545204
2023/6/18 22:15,0.093715682
2023/6/18 22:30,0.124292297
2023/6/18 22:45,0.125980631
2023/6/18 23:00,0.164640296
2023/6/18 23:15,0.183119766
2023/6/18 23:30,0.14249425
2023/6/18 23:45,0.121614143
2023/6/19 0:00,0.114737236
2023/6/19 0:15,0.102186619
2023/6/19 0:30,0.070749105
2023/6/19 0:45,0.050078929
2023/6/19 1:00,0.04919498
2023/6/19 1:15,0.053064155
2023/6/19 1:30,0.056400482
2023/6/19 1:45,0.065049341
2023/6/19 2:00,0.082957236
2023/6/19 2:15,0.048021431
2023/6/19 2:30,0.053046957
2023/6/19 2:45,0.065583485
2023/6/19 3:00,0.048753417
2023/6/19 3:15,0.051071982
2023/6/19 3:30,0.073106225
2023/6/19 3:45,0.088886181
2023/6/19 4:00,0.100418966
2023/6/19 4:15,0.108410641
2023/6/19 4:30,0.056878968
2023/6/19 4:45,0.077813841
2023/6/19 5:00,0.036977602
2023/6/19 5:15,0.044089209
2023/6/19 5:30,0.034742552
2023/6/19 5:45,0.040669554
2023/6/19 6:00,0.031434854
2023/6/19 6:15,0.011437493
2023/6/19 6:30,0.033760697
2023/6/19 6:45,0.008203584
2023/6/19 7:00,0
2023/6/19 7:15,0.019703879
2023/6/19 7:30,0
2023/6/19 7:45,0.00479779
2023/6/19 8:00,0
2023/6/19 8:15,0
2023/6/19 8:30,0.003145883
2023/6/19 8:45,0.004788062
2023/6/19 9:00,0
2023/6/19 9:15,0.001035079
2023/6/19 9:30,0.002039288
2023/6/19 9:45,0.002616653
2023/6/19 10:00,0.00714232
2023/6/19 10:15,0.016713261
2023/6/19 10:30,0.066941546
2023/6/19 10:45,0.055830152
2023/6/19 11:00,0.055643917
2023/6/19 11:15,0.057986654
2023/6/19 11:30,0.061251401
2023/6/19 11:45,0.058333779
2023/6/19 12:00,0.016728788
2023/6/19 12:15,0.028848607
2023/6/19 12:30,0.011722465
2023/6/19 12:45,0.027172268
2023/6/19 13:00,0.009294042
2023/6/19 13:15,0
2023/6/19 13:30,0
2023/6/19 13:45,0
2023/6/19 14:00,0
2023/6/19 14:15,0
2023/6/19 14:30,0
2023/6/19 14:45,0
2023/6/19 15:00,0
2023/6/19 15:15,0
2023/6/19 15:30,0
2023/6/19 15:45,0
2023/6/19 16:00,0
2023/6/19 16:15,0
2023/6/19 16:30,0
2023/6/19 16:45,0
2023/6/19 17:00,0
2023/6/19 17:15,0
2023/6/19 17:30,0
2023/6/19 17:45,0
2023/6/19 18:00,0
2023/6/19 18:15,0.000445231
2023/6/19 18:30,0.002918852
2023/6/19 18:45,0
2023/6/19 19:00,0.000990631
2023/6/19 19:15,0.002645895
2023/6/19 19:30,0.002949599
2023/6/19 19:45,0.017079426
2023/6/19 20:00,0.31266675
2023/6/19 20:15,0.337145918
2023/6/19 20:30,0.342996142
2023/6/19 20:45,0.187541869
2023/6/19 21:00,0.273343154
2023/6/19 21:15,0.333752275
2023/6/19 21:30,0.124621564
2023/6/19 21:45,0.152434433
2023/6/19 22:00,0.136460797
2023/6/19 22:15,0.075917928
2023/6/19 22:30,0.055151502
2023/6/19 22:45,0.087370266
2023/6/19 23:00,0.05376532
2023/6/19 23:15,0.0312044
2023/6/19 23:30,0.032960002
2023/6/19 23:45,0.033020887
2023/6/20 0:00,0.08021635
2023/6/20 0:15,0.112309643
2023/6/20 0:30,0.110410624
2023/6/20 0:45,0.080841976
2023/6/20 1:00,0.063862718
2023/6/20 1:15,0.121192454
2023/6/20 1:30,0.109815099
2023/6/20 1:45,0.099335409
2023/6/20 2:00,0.133098455
2023/6/20 2:15,0.15410207
2023/6/20 2:30,0.112308981
2023/6/20 2:45,0.045466675
2023/6/20 3:00,0.045869983
2023/6/20 3:15,0.073222584
2023/6/20 3:30,0.105610784
2023/6/20 3:45,0.115957291
2023/6/20 4:00,0.092304361
2023/6/20 4:15,0.093294765
2023/6/20 4:30,0.110613654
2023/6/20 4:45,0.094116321
2023/6/20 5:00,0.082625044
2023/6/20 5:15,0.100868938
2023/6/20 5:30,0.052396428
2023/6/20 5:45,0.071037743
2023/6/20 6:00,0.11800492
2023/6/20 6:15,0.073039892
2023/6/20 6:30,0.047324015
2023/6/20 6:45,0.029134331
2023/6/20 7:00,0.03462628
2023/6/20 7:15,0.041181288
2023/6/20 7:30,0.042919643
2023/6/20 7:45,0.049151511
2023/6/20 8:00,0.062864131
2023/6/20 8:15,0.044939264
2023/6/20 8:30,0.015375289
2023/6/20 8:45,0.034288614
2023/6/20 9:00,0.063883294
2023/6/20 9:15,0.052642176
2023/6/20 9:30,0.10446427
2023/6/20 9:45,0.12939386
2023/6/20 10:00,0.160219972
2023/6/20 10:15,0.092035034
2023/6/20 10:30,0.073569765
2023/6/20 10:45,0.066808726
2023/6/20 11:00,0.038137427
2023/6/20 11:15,0.038799459
2023/6/20 11:30,0.04765836
2023/6/20 11:45,0.006182978
2023/6/20 12:00,0.030532196
2023/6/20 12:15,0.022129434
2023/6/20 12:30,0.013776922
2023/6/20 12:45,0.038354065
2023/6/20 13:00,0.053151471
2023/6/20 13:15,0.056159641
2023/6/20 13:30,0.021858659
2023/6/20 13:45,0.061916402
2023/6/20 14:00,0.021289338
2023/6/20 14:15,0.114715998
2023/6/20 14:30,0.114845274
2023/6/20 14:45,0.203911475
2023/6/20 15:00,0.205813902
2023/6/20 15:15,0.074002755
2023/6/20 15:30,0.004318725
2023/6/20 15:45,0.177270978
2023/6/20 16:00,0.000209458
2023/6/20 16:15,0.1329168
2023/6/20 16:30,0.170442102
2023/6/20 16:45,0.162297158
2023/6/20 17:00,0.054115714
2023/6/20 17:15,0.061310521
2023/6/20 17:30,0.071971449
2023/6/20 17:45,0.065170371
2023/6/20 18:00,0.160048211
2023/6/20 18:15,0.055451972
2023/6/20 18:30,0.006753126
2023/6/20 18:45,0.06723172
2023/6/20 19:00,0.18851312
2023/6/20 19:15,0.055055033
2023/6/20 19:30,0.041038351
2023/6/20 19:45,0.047406553
2023/6/20 20:00,0.034926403
2023/6/20 20:15,0.048007363
2023/6/20 20:30,0.063616762
2023/6/20 20:45,0.024788208
2023/6/20 21:00,0.029832952
2023/6/20 21:15,0.018794664
2023/6/20 21:30,0.021014026
2023/6/20 21:45,0.012157713
2023/6/20 22:00,0.011484592
2023/6/20 22:15,0.01015006
2023/6/20 22:30,0.007494725
2023/6/20 22:45,0.005286414
2023/6/20 23:00,0.003973988
2023/6/20 23:15,0.0031209
2023/6/20 23:30,0.00318801
2023/6/20 23:45,0.004472083
2023/6/21 0:00,0.002970147
2023/6/21 0:15,0.003114631
2023/6/21 0:30,0.002300417
2023/6/21 0:45,0.000702761
2023/6/21 1:00,0
2023/6/21 1:15,0
2023/6/21 1:30,0
2023/6/21 1:45,0
2023/6/21 2:00,0
2023/6/21 2:15,0
2023/6/21 2:30,0
2023/6/21 2:45,0
2023/6/21 3:00,0
2023/6/21 3:15,0.016281755
2023/6/21 3:30,0.026999256
2023/6/21 3:45,0.004634251
2023/6/21 4:00,0.035562486
2023/6/21 4:15,0.066876632
2023/6/21 4:30,0.07583938
2023/6/21 4:45,0.134936227
2023/6/21 5:00,0.14635438
2023/6/21 5:15,0.129903633
2023/6/21 5:30,0.08105991
2023/6/21 5:45,0.085091291
2023/6/21 6:00,0.088282072
2023/6/21 6:15,0.059392295
2023/6/21 6:30,0.05151127
2023/6/21 6:45,0.055312088
2023/6/21 7:00,0.112921779
2023/6/21 7:15,0.095765233
2023/6/21 7:30,0.06595895
2023/6/21 7:45,0.062480352
2023/6/21 8:00,0.078331258
2023/6/21 8:15,0.014220592
2023/6/21 8:30,0
2023/6/21 8:45,0.032923013
2023/6/21 9:00,0.143739281
2023/6/21 9:15,0.131374836
2023/6/21 9:30,0.12142467
2023/6/21 9:45,0.172638982
2023/6/21 10:00,0.121247514
2023/6/21 10:15,0.133564218
2023/6/21 10:30,0.096366118
2023/6/21 10:45,0.099140821
2023/6/21 11:00,0.202498398
2023/6/21 11:15,0.128058249
2023/6/21 11:30,0.013730783
2023/6/21 11:45,0.05099732
2023/6/21 12:00,0.051245555
2023/6/21 12:15,0.0570529
2023/6/21 12:30,0.034245505
2023/6/21 12:45,0
2023/6/21 13:00,0
2023/6/21 13:15,0
2023/6/21 13:30,0
2023/6/21 13:45,0
2023/6/21 14:00,0
2023/6/21 14:15,0
2023/6/21 14:30,0
2023/6/21 14:45,0
2023/6/21 15:00,0
2023/6/21 15:15,0
2023/6/21 15:30,0
2023/6/21 15:45,0
2023/6/21 16:00,0
2023/6/21 16:15,0.017023346
2023/6/21 16:30,0.000690266
2023/6/21 16:45,0.000486787
2023/6/21 17:00,0.00474893
2023/6/21 17:15,0.01009338
2023/6/21 17:30,0.014488925
2023/6/21 17:45,0.029572263
2023/6/21 18:00,0.017685527
2023/6/21 18:15,0.017002405
2023/6/21 18:30,0.015332529
2023/6/21 18:45,0.014982968
2023/6/21 19:00,0.017274835
2023/6/21 19:15,0.019581477
2023/6/21 19:30,0.021918616
2023/6/21 19:45,0.020901337
2023/6/21 20:00,0.013176302
2023/6/21 20:15,0.016471724
2023/6/21 20:30,0.196964315
2023/6/21 20:45,0.164440375
2023/6/21 21:00,0.150518465
2023/6/21 21:15,0.164150327
2023/6/21 21:30,0.125466494
2023/6/21 21:45,0.098174753
2023/6/21 22:00,0.091442822
2023/6/21 22:15,0.164490609
2023/6/21 22:30,0.091667
2023/6/21 22:45,0.113703412
2023/6/21 23:00,0.013878491
2023/6/21 23:15,0.039692837
2023/6/21 23:30,0.086961155
2023/6/21 23:45,0.094756949
2023/6/22 0:00,0.032877377
2023/6/22 0:15,0
2023/6/22 0:30,0.026047548
2023/6/22 0:45,0.116176061
2023/6/22 1:00,0.140192541
2023/6/22 1:15,0.074547431
2023/6/22 1:30,0.102100235
2023/6/22 1:45,0.141336348
2023/6/22 2:00,0.035655587
2023/6/22 2:15,0.080820018
2023/6/22 2:30,0.062637815
2023/6/22 2:45,0.062844024
2023/6/22 3:00,0.065540193
2023/6/22 3:15,0.055054623
2023/6/22 3:30,0.07351277
2023/6/22 3:45,0.083630688
2023/6/22 4:00,0.14411982
2023/6/22 4:15,0.11261067
2023/6/22 4:30,0.094265525
2023/6/22 4:45,0.08839196
2023/6/22 5:00,0.056277559
2023/6/22 5:15,0.046438825
2023/6/22 5:30,0
2023/6/22 5:45,0
2023/6/22 6:00,0.00194203
2023/6/22 6:15,0.22461713
2023/6/22 6:30,0.390792758
2023/6/22 6:45,0.388072898
2023/6/22 7:00,0.334241672
2023/6/22 7:15,0.324589399
2023/6/22 7:30,0.125337023
2023/6/22 7:45,0.131300683
2023/6/22 8:00,0.161822471
2023/6/22 8:15,0.255953773
2023/6/22 8:30,0.189667315
2023/6/22 8:45,0.144258619
2023/6/22 9:00,0.138528395
2023/6/22 9:15,0.198114485
2023/6/22 9:30,0.203568403
2023/6/22 9:45,0.315319213
2023/6/22 10:00,0.387011788
2023/6/22 10:15,0.41389392
2023/6/22 10:30,0.363746472
2023/6/22 10:45,0.344839883
2023/6/22 11:00,0.374148506
2023/6/22 11:15,0.328162703
2023/6/22 11:30,0.284386854
2023/6/22 11:45,0.266568751
2023/6/22 12:00,0.528982522
2023/6/22 12:15,0.377586446
2023/6/22 12:30,0.352336441
2023/6/22 12:45,0.300231878
2023/6/22 13:00,0.169667205
2023/6/22 13:15,0.196808439
2023/6/22 13:30,0.102362001
2023/6/22 13:45,0.091498423
2023/6/22 14:00,0.125550307
2023/6/22 14:15,0.092836805
2023/6/22 14:30,0.161453433
2023/6/22 14:45,0.225535425
2023/6/22 15:00,0.285038377
2023/6/22 15:15,0.162084474
2023/6/22 15:30,0.172699256
2023/6/22 15:45,0.178539513
2023/6/22 16:00,0.175881665
2023/6/22 16:15,0.152776697
2023/6/22 16:30,0.113010101
2023/6/22 16:45,0.116330771
2023/6/22 17:00,0.182568477
2023/6/22 17:15,0.228440527
2023/6/22 17:30,0.265871565
2023/6/22 17:45,0.4030407
2023/6/22 18:00,0.524991574
2023/6/22 18:15,0.354788674
2023/6/22 18:30,0.158474428
2023/6/22 18:45,0.059385314
2023/6/22 19:00,0.051926988
2023/6/22 19:15,0.242908189
2023/6/22 19:30,0.351540091
2023/6/22 19:45,0.27850033
2023/6/22 20:00,0.3464352
2023/6/22 20:15,0.341047231
2023/6/22 20:30,0.19129876
2023/6/22 20:45,0.244464062
2023/6/22 21:00,0.250413555
2023/6/22 21:15,0.149576113
2023/6/22 21:30,0.081993229
2023/6/22 21:45,0.049877963
2023/6/22 22:00,0.027074272
2023/6/22 22:15,0.028635394
2023/6/22 22:30,0.032786875
2023/6/22 22:45,0.037030428
2023/6/22 23:00,0.049010827
2023/6/22 23:15,0.052260636
2023/6/22 23:30,0.055968349
2023/6/22 23:45,0.021125651
2023/6/23 0:00,0
2023/6/23 0:15,0
2023/6/23 0:30,0
2023/6/23 0:45,0
2023/6/23 1:00,0
2023/6/23 1:15,0
2023/6/23 1:30,0
2023/6/23 1:45,0
2023/6/23 2:00,0
2023/6/23 2:15,0
2023/6/23 2:30,0
2023/6/23 2:45,0
2023/6/23 3:00,0
2023/6/23 3:15,0
2023/6/23 3:30,0
2023/6/23 3:45,0
2023/6/23 4:00,0
2023/6/23 4:15,0
2023/6/23 4:30,0
2023/6/23 4:45,0
2023/6/23 5:00,0
2023/6/23 5:15,0
2023/6/23 5:30,0.01642034
2023/6/23 5:45,0.012143968
2023/6/23 6:00,0.015137364
2023/6/23 6:15,0.00891665
2023/6/23 6:30,0.004706733
2023/6/23 6:45,0
2023/6/23 7:00,0
2023/6/23 7:15,0
2023/6/23 7:30,0
2023/6/23 7:45,0
2023/6/23 8:00,0
2023/6/23 8:15,0
2023/6/23 8:30,0
2023/6/23 8:45,0
2023/6/23 9:00,0
2023/6/23 9:15,0
2023/6/23 9:30,0
2023/6/23 9:45,0
2023/6/23 10:00,0
2023/6/23 10:15,0
2023/6/23 10:30,0.014432978
2023/6/23 10:45,0.006366759
2023/6/23 11:00,0
2023/6/23 11:15,0
2023/6/23 11:30,0.006087658
2023/6/23 11:45,0.003258046
2023/6/23 12:00,0
2023/6/23 12:15,0
2023/6/23 12:30,0
2023/6/23 12:45,0
2023/6/23 13:00,0
2023/6/23 13:15,0
2023/6/23 13:30,0
2023/6/23 13:45,0
2023/6/23 14:00,0.03016733
2023/6/23 14:15,0
2023/6/23 14:30,0.013316137
2023/6/23 14:45,0.023274757
2023/6/23 15:00,0.004420568
2023/6/23 15:15,0.000190211
2023/6/23 15:30,0.023800334
2023/6/23 15:45,0.083924561
2023/6/23 16:00,0.060954225
2023/6/23 16:15,0.005557243
2023/6/23 16:30,0.002320698
2023/6/23 16:45,0.043712092
2023/6/23 17:00,0.068957229
2023/6/23 17:15,0.042668163
2023/6/23 17:30,0.005088203
2023/6/23 17:45,0.004762015
2023/6/23 18:00,0.002705057
2023/6/23 18:15,0.014866162
2023/6/23 18:30,0.004979846
2023/6/23 18:45,0.35301764
2023/6/23 19:00,0.442387098
2023/6/23 19:15,0.584226521
2023/6/23 19:30,0.420523652
2023/6/23 19:45,0.161760952
2023/6/23 20:00,0.177400028
2023/6/23 20:15,0.122300548
2023/6/23 20:30,0.100251666
2023/6/23 20:45,0.055726882
2023/6/23 21:00,0.078233368
2023/6/23 21:15,0.011893315
2023/6/23 21:30,0.009761693
2023/6/23 21:45,0.005477842
2023/6/23 22:00,0.004417185
2023/6/23 22:15,0.005733524
2023/6/23 22:30,0.007653873
2023/6/23 22:45,0.003018305
2023/6/23 23:00,0.010888466
2023/6/23 23:15,0.019985936
2023/6/23 23:30,0.04783881
2023/6/23 23:45,0.044923843
2023/6/24 0:00,0.025409819
2023/6/24 0:15,0.040997035
2023/6/24 0:30,0.070879346
2023/6/24 0:45,0.05486761
2023/6/24 1:00,0.028872482
2023/6/24 1:15,0.013378346
2023/6/24 1:30,0.006313601
2023/6/24 1:45,0.004836873
2023/6/24 2:00,0.001602792
2023/6/24 2:15,0
2023/6/24 2:30,0
2023/6/24 2:45,0
2023/6/24 3:00,0
2023/6/24 3:15,0
2023/6/24 3:30,0
2023/6/24 3:45,0.004064775
2023/6/24 4:00,0.022597902
2023/6/24 4:15,0
2023/6/24 4:30,0
2023/6/24 4:45,0
2023/6/24 5:00,0
2023/6/24 5:15,0
2023/6/24 5:30,0
2023/6/24 5:45,0
2023/6/24 6:00,0
2023/6/24 6:15,0
2023/6/24 6:30,0
2023/6/24 6:45,0
2023/6/24 7:00,0
2023/6/24 7:15,0
2023/6/24 7:30,0
2023/6/24 7:45,0
2023/6/24 8:00,0
2023/6/24 8:15,0
2023/6/24 8:30,0
2023/6/24 8:45,0
2023/6/24 9:00,0
2023/6/24 9:15,0
2023/6/24 9:30,0
2023/6/24 9:45,0
2023/6/24 10:00,0
2023/6/24 10:15,0
2023/6/24 10:30,0
2023/6/24 10:45,0
2023/6/24 11:00,0
2023/6/24 11:15,0
2023/6/24 11:30,0
2023/6/24 11:45,0
2023/6/24 12:00,0.006726341
2023/6/24 12:15,0.00384321
2023/6/24 12:30,0.026584866
2023/6/24 12:45,0.015645197
2023/6/24 13:00,0.001488197
2023/6/24 13:15,0.058922461
2023/6/24 13:30,0.153150226
2023/6/24 13:45,0.05256454
2023/6/24 14:00,0.021388128
2023/6/24 14:15,0.15697664
2023/6/24 14:30,0.143515943
2023/6/24 14:45,0.153233905
2023/6/24 15:00,0.050016448
2023/6/24 15:15,0.075871088
2023/6/24 15:30,0.149076156
2023/6/24 15:45,0.187876005
2023/6/24 16:00,0.126823303
2023/6/24 16:15,0.096704273
2023/6/24 16:30,0.095818335
2023/6/24 16:45,0.103567527
2023/6/24 17:00,0.140764984
2023/6/24 17:15,0.073429357
2023/6/24 17:30,0.018224018
2023/6/24 17:45,0.163792175
2023/6/24 18:00,0.073589001
2023/6/24 18:15,0.132137106
2023/6/24 18:30,0.121766207
2023/6/24 18:45,0.239584116
2023/6/24 19:00,0.116769552
2023/6/24 19:15,0.148878758
2023/6/24 19:30,0.070745577
2023/6/24 19:45,0.149505757
2023/6/24 20:00,0.158753223
2023/6/24 20:15,0.170642448
2023/6/24 20:30,0.132389145
2023/6/24 20:45,0.13705879
2023/6/24 21:00,0.126660861
2023/6/24 21:15,0.108047155
2023/6/24 21:30,0.084307401
2023/6/24 21:45,0.056882044
2023/6/24 22:00,0.050735063
2023/6/24 22:15,0.030820023
2023/6/24 22:30,0.024165011
2023/6/24 22:45,0.029710059
2023/6/24 23:00,0.031776412
2023/6/24 23:15,0.032934612
2023/6/24 23:30,0.032272878
2023/6/24 23:45,0.031932006
2023/6/25 0:00,0
2023/6/25 0:15,0
2023/6/25 0:30,0
2023/6/25 0:45,0.006794023
2023/6/25 1:00,0.018901275
2023/6/25 1:15,0.008179419
2023/6/25 1:30,0.009172497
2023/6/25 1:45,0.00994707
2023/6/25 2:00,0.014252235
2023/6/25 2:15,0.088968885
2023/6/25 2:30,0.156294068
2023/6/25 2:45,0.147957437
2023/6/25 3:00,0.119023334
2023/6/25 3:15,0.128234784
2023/6/25 3:30,0.1096095
2023/6/25 3:45,0.140686021
2023/6/25 4:00,0.157324244
2023/6/25 4:15,0.164740717
2023/6/25 4:30,0.175689002
2023/6/25 4:45,0.230903327
2023/6/25 5:00,0.285296182
2023/6/25 5:15,0.241655177
2023/6/25 5:30,0.288461972
2023/6/25 5:45,0.327234685
2023/6/25 6:00,0.292342411
2023/6/25 6:15,0.286158332
2023/6/25 6:30,0.326490247
2023/6/25 6:45,0.298211792
2023/6/25 7:00,0.345296192
2023/6/25 7:15,0.312183714
2023/6/25 7:30,0.289506673
2023/6/25 7:45,0.219417164
2023/6/25 8:00,0.139958422
2023/6/25 8:15,0.126688796
2023/6/25 8:30,0.148220936
2023/6/25 8:45,0.177901339
2023/6/25 9:00,0.27040653
2023/6/25 9:15,0.331495414
2023/6/25 9:30,0.289204727
2023/6/25 9:45,0.318757108
2023/6/25 10:00,0.258525838
2023/6/25 10:15,0.264614046
2023/6/25 10:30,0.217929059
2023/6/25 10:45,0.248090705
2023/6/25 11:00,0.231684341
2023/6/25 11:15,0.085917894
2023/6/25 11:30,0.102834704
2023/6/25 11:45,0.077821099
2023/6/25 12:00,0.01644475
2023/6/25 12:15,0.054232014
2023/6/25 12:30,0.014370458
2023/6/25 12:45,0.028736167
2023/6/25 13:00,0.013871002
2023/6/25 13:15,0.027997214
2023/6/25 13:30,0.07816809
2023/6/25 13:45,0.016670211
2023/6/25 14:00,0.042399557
2023/6/25 14:15,0.027036184
2023/6/25 14:30,0.016181242
2023/6/25 14:45,0.017272599
2023/6/25 15:00,0.019442214
2023/6/25 15:15,0.021569558
2023/6/25 15:30,0.04785391
2023/6/25 15:45,0.040943137
2023/6/25 16:00,0.035796299
2023/6/25 16:15,0.039801719
2023/6/25 16:30,0.03558676
2023/6/25 16:45,0.055224096
2023/6/25 17:00,0.038626498
2023/6/25 17:15,0.082866179
2023/6/25 17:30,0.030476178
2023/6/25 17:45,0.025365446
2023/6/25 18:00,0.166944432
2023/6/25 18:15,0.075838791
2023/6/25 18:30,0.019201429
2023/6/25 18:45,0.026171987
2023/6/25 19:00,0.022982909
2023/6/25 19:15,0.009911228
2023/6/25 19:30,0.023534855
2023/6/25 19:45,0.056624479
2023/6/25 20:00,0.026593381
2023/6/25 20:15,0.008292617
2023/6/25 20:30,0.006682996
2023/6/25 20:45,0.00695599
2023/6/25 21:00,0.023676586
2023/6/25 21:15,0.008615254
2023/6/25 21:30,0.010014561
2023/6/25 21:45,0.019393528
2023/6/25 22:00,0.121713271
2023/6/25 22:15,0.0396121
2023/6/25 22:30,0.012632774
2023/6/25 22:45,0.048847683
2023/6/25 23:00,0.421601036
2023/6/25 23:15,0.1914389
2023/6/25 23:30,0.149912048
2023/6/25 23:45,0.227678696
2023/6/26 0:00,0.298935288
2023/6/26 0:15,0.272812758
2023/6/26 0:30,0.256477274
2023/6/26 0:45,0.193713965
2023/6/26 1:00,0.203822141
2023/6/26 1:15,0.19277796
2023/6/26 1:30,0.184068444
2023/6/26 1:45,0.192646268
2023/6/26 2:00,0.155478974
2023/6/26 2:15,0.14277555
2023/6/26 2:30,0.158433041
2023/6/26 2:45,0.158326411
2023/6/26 3:00,0.15410351
2023/6/26 3:15,0.201728061
2023/6/26 3:30,0.209765038
2023/6/26 3:45,0.428859621
2023/6/26 4:00,0.834090392
2023/6/26 4:15,0.712387251
2023/6/26 4:30,0.701406136
2023/6/26 4:45,0.60401691
2023/6/26 5:00,0.549475029
2023/6/26 5:15,0.633876041
2023/6/26 5:30,0.586878823
2023/6/26 5:45,0.482601535
2023/6/26 6:00,0.334075528
2023/6/26 6:15,0.244693038
2023/6/26 6:30,0.232174804
2023/6/26 6:45,0.178604375
2023/6/26 7:00,0.079326934
2023/6/26 7:15,0.084937332
2023/6/26 7:30,0.056804462
2023/6/26 7:45,0.029217591
2023/6/26 8:00,0.086703302
2023/6/26 8:15,0.084452267
2023/6/26 8:30,0.077599224
2023/6/26 8:45,0.097555625
2023/6/26 9:00,0.074293752
2023/6/26 9:15,0.075545473
2023/6/26 9:30,0.07740452
2023/6/26 9:45,0.093257866
2023/6/26 10:00,0.196596159
2023/6/26 10:15,0.210052209
2023/6/26 10:30,0.228447873
2023/6/26 10:45,0.30953501
2023/6/26 11:00,0.218385259
2023/6/26 11:15,0.32090338
2023/6/26 11:30,0.394241087
2023/6/26 11:45,0.313350375
2023/6/26 12:00,0.290328467
2023/6/26 12:15,0.297180608
2023/6/26 12:30,0.317034934
2023/6/26 12:45,0.34584129
2023/6/26 13:00,0.398154038
2023/6/26 13:15,0.364345967
2023/6/26 13:30,0.491827427
2023/6/26 13:45,0.317835484
2023/6/26 14:00,0.276008073
2023/6/26 14:15,0.213951657
2023/6/26 14:30,0.066227058
2023/6/26 14:45,0.165586014
2023/6/26 15:00,0.157326748
2023/6/26 15:15,0.107933429
2023/6/26 15:30,0.017950833
2023/6/26 15:45,0.102521388
2023/6/26 16:00,0.189704964
2023/6/26 16:15,0.110130592
2023/6/26 16:30,0.030926148
2023/6/26 16:45,0.116107946
2023/6/26 17:00,0.199517453
2023/6/26 17:15,0.110087504
2023/6/26 17:30,0.240304491
2023/6/26 17:45,0.12872752
2023/6/26 18:00,0.125817764
2023/6/26 18:15,0.161021042
2023/6/26 18:30,0.044555782
2023/6/26 18:45,0.104057327
2023/6/26 19:00,0.169813459
2023/6/26 19:15,0.169873311
2023/6/26 19:30,0.085798461
2023/6/26 19:45,0.11884199
2023/6/26 20:00,0.128077862
2023/6/26 20:15,0.109117781
2023/6/26 20:30,0.16317084
2023/6/26 20:45,0.294029958
2023/6/26 21:00,0.393239121
2023/6/26 21:15,0.485654924
2023/6/26 21:30,0.469159693
2023/6/26 21:45,0.385798061
2023/6/26 22:00,0.463267745
2023/6/26 22:15,0.503799194
2023/6/26 22:30,0.495092205
2023/6/26 22:45,0.638268269
2023/6/26 23:00,0.658880524
2023/6/26 23:15,0.678919659
2023/6/26 23:30,0.755162645
2023/6/26 23:45,0.684474033
2023/6/27 0:00,0.642700652
2023/6/27 0:15,0.608057295
2023/6/27 0:30,0.545122079
2023/6/27 0:45,0.544172997
2023/6/27 1:00,0.523621694
2023/6/27 1:15,0.40626631
2023/6/27 1:30,0.420775353
2023/6/27 1:45,0.382039926
2023/6/27 2:00,0.25112012
2023/6/27 2:15,0.111903688
2023/6/27 2:30,0.305978276
2023/6/27 2:45,0.374845397
2023/6/27 3:00,0.358375389
2023/6/27 3:15,0.364150334
2023/6/27 3:30,0.33635708
2023/6/27 3:45,0.352739913
2023/6/27 4:00,0.324347986
2023/6/27 4:15,0.302124921
2023/6/27 4:30,0.260255732
2023/6/27 4:45,0.277905899
2023/6/27 5:00,0.279171375
2023/6/27 5:15,0.240989262
2023/6/27 5:30,0.284626612
2023/6/27 5:45,0.406128344
2023/6/27 6:00,0.555009314
2023/6/27 6:15,0.546550831
2023/6/27 6:30,0.552443585
2023/6/27 6:45,0.531157631
2023/6/27 7:00,0.407278718
2023/6/27 7:15,0.37511469
2023/6/27 7:30,0.396739354
2023/6/27 7:45,0.330937459
2023/6/27 8:00,0.288339032
2023/6/27 8:15,0.278746635
2023/6/27 8:30,0.264968367
2023/6/27 8:45,0.319455474
2023/6/27 9:00,0.419884946
2023/6/27 9:15,0.445156493
2023/6/27 9:30,0.457936694
2023/6/27 9:45,0.536018886
2023/6/27 10:00,0.390848503
2023/6/27 10:15,0.261886221
2023/6/27 10:30,0.256928282
2023/6/27 10:45,0.280155628
2023/6/27 11:00,0.261295943
2023/6/27 11:15,0.302720705
2023/6/27 11:30,0.384351292
2023/6/27 11:45,0.338420068
2023/6/27 12:00,0.31965836
2023/6/27 12:15,0.284260727
2023/6/27 12:30,0.339340272
2023/6/27 12:45,0.285460881
2023/6/27 13:00,0.153657748
2023/6/27 13:15,0.09295308
2023/6/27 13:30,0.12653099
2023/6/27 13:45,0.196451874
2023/6/27 14:00,0.160341659
2023/6/27 14:15,0.164508516
2023/6/27 14:30,0.138457936
2023/6/27 14:45,0.146403894
2023/6/27 15:00,0.176752843
2023/6/27 15:15,0.102669701
2023/6/27 15:30,0.076367649
2023/6/27 15:45,0.073064122
2023/6/27 16:00,0.019197007
2023/6/27 16:15,0.014687608
2023/6/27 16:30,0.010921699
2023/6/27 16:45,0.007415746
2023/6/27 17:00,0.007903669
2023/6/27 17:15,0.010291118
2023/6/27 17:30,0.087071173
2023/6/27 17:45,0.160188348
2023/6/27 18:00,0.133199935
2023/6/27 18:15,0.094001693
2023/6/27 18:30,0.109130473
2023/6/27 18:45,0.057289063
2023/6/27 19:00,0.008436857
2023/6/27 19:15,0.010447201
2023/6/27 19:30,0.013961211
2023/6/27 19:45,0.025856377
2023/6/27 20:00,0.012587904
2023/6/27 20:15,0.015818661
2023/6/27 20:30,0.019468213
2023/6/27 20:45,0.069944352
2023/6/27 21:00,0.068017989
2023/6/27 21:15,0.028860976
2023/6/27 21:30,0.033646395
2023/6/27 21:45,0.018656989
2023/6/27 22:00,0.021019366
2023/6/27 22:15,0.016915597
2023/6/27 22:30,0.017547963
2023/6/27 22:45,0.017169999
2023/6/27 23:00,0.014956461
2023/6/27 23:15,0.01728208
2023/6/27 23:30,0.013895141
2023/6/27 23:45,0.014536685
2023/6/28 0:00,0.020256603
2023/6/28 0:15,0.009818552
2023/6/28 0:30,0
2023/6/28 0:45,0
2023/6/28 1:00,0
2023/6/28 1:15,0
2023/6/28 1:30,0.047040833
2023/6/28 1:45,0
2023/6/28 2:00,0.065471673
2023/6/28 2:15,0.19052251
2023/6/28 2:30,0.209780047
2023/6/28 2:45,0.16090256
2023/6/28 3:00,0.173635062
2023/6/28 3:15,0.113890921
2023/6/28 3:30,0.09319739
2023/6/28 3:45,0.109488829
2023/6/28 4:00,0.132557428
2023/6/28 4:15,0.166165536
2023/6/28 4:30,0.12157445
2023/6/28 4:45,0.148505365
2023/6/28 5:00,0.16276886
2023/6/28 5:15,0.149062926
2023/6/28 5:30,0.122820558
2023/6/28 5:45,0.059623365
2023/6/28 6:00,0
2023/6/28 6:15,0
2023/6/28 6:30,0
2023/6/28 6:45,0.016973872
2023/6/28 7:00,0.13788819
2023/6/28 7:15,0.00018868
2023/6/28 7:30,0
2023/6/28 7:45,0.047307633
2023/6/28 8:00,0.036728586
2023/6/28 8:15,0.071756653
2023/6/28 8:30,0.014320656
2023/6/28 8:45,0
2023/6/28 9:00,0
2023/6/28 9:15,0
2023/6/28 9:30,0
2023/6/28 9:45,0.085109452
2023/6/28 10:00,0.252891203
2023/6/28 10:15,0.098116477
2023/6/28 10:30,0.145455852
2023/6/28 10:45,0.134078579
2023/6/28 11:00,0.110735097
2023/6/28 11:15,0.108249825
2023/6/28 11:30,0.120116813
2023/6/28 11:45,0.103921327
2023/6/28 12:00,0.07158559
2023/6/28 12:15,0.035311935
2023/6/28 12:30,0.007002094
2023/6/28 12:45,0.005954355
2023/6/28 13:00,0.00506517
2023/6/28 13:15,0.005542214
2023/6/28 13:30,0.006950755
2023/6/28 13:45,0.004951349
2023/6/28 14:00,0.005752105
2023/6/28 14:15,0.063031107
2023/6/28 14:30,0.202851732
2023/6/28 14:45,0.325190918
2023/6/28 15:00,0.440165368
2023/6/28 15:15,0.339455238
2023/6/28 15:30,0.314350638
2023/6/28 15:45,0.345192232
2023/6/28 16:00,0.793459897
2023/6/28 16:15,0.494300765
2023/6/28 16:30,0.164530011
2023/6/28 16:45,0.560763855
2023/6/28 17:00,0.47091921
2023/6/28 17:15,0.423917374
2023/6/28 17:30,0.614335592
2023/6/28 17:45,0.611155365
2023/6/28 18:00,0.555064063
2023/6/28 18:15,0.650409406
2023/6/28 18:30,0.598797649
2023/6/28 18:45,0.632597379
2023/6/28 19:00,0.689974543
2023/6/28 19:15,0.571694823
2023/6/28 19:30,0.40312088
2023/6/28 19:45,0.337806258
2023/6/28 20:00,0.404945644
2023/6/28 20:15,0.337654208
2023/6/28 20:30,0.381070676
2023/6/28 20:45,0.284990929
2023/6/28 21:00,0.262778451
2023/6/28 21:15,0.204074888
2023/6/28 21:30,0.195642288
2023/6/28 21:45,0.271807732
2023/6/28 22:00,0.240968084
2023/6/28 22:15,0.150876603
2023/6/28 22:30,0.14382924
2023/6/28 22:45,0.127982105
2023/6/28 23:00,0.157741168
2023/6/28 23:15,0.192880229
2023/6/28 23:30,0.131401114
2023/6/28 23:45,0.101446713
2023/6/29 0:00,0.054173725
2023/6/29 0:15,0.038261199
2023/6/29 0:30,0.010227231
2023/6/29 0:45,0.072658179
2023/6/29 1:00,0.090033369
2023/6/29 1:15,0.204891112
2023/6/29 1:30,0.420483134
2023/6/29 1:45,0.397485747
2023/6/29 2:00,0.333972557
2023/6/29 2:15,0.222382924
2023/6/29 2:30,0.157375414
2023/6/29 2:45,0.129025537
2023/6/29 3:00,0.205958028
2023/6/29 3:15,0.254649097
2023/6/29 3:30,0.352017501
2023/6/29 3:45,0.318136427
2023/6/29 4:00,0.239359201
2023/6/29 4:15,0.218396575
2023/6/29 4:30,0.226429955
2023/6/29 4:45,0.22483359
2023/6/29 5:00,0.218056701
2023/6/29 5:15,0.270550722
2023/6/29 5:30,0.329256886
2023/6/29 5:45,0.310290433
2023/6/29 6:00,0.241695236
2023/6/29 6:15,0.214443239
2023/6/29 6:30,0.152191205
2023/6/29 6:45,0.137300151
2023/6/29 7:00,0.153053486
2023/6/29 7:15,0.113766733
2023/6/29 7:30,0.092013719
2023/6/29 7:45,0.167145994
2023/6/29 8:00,0.18994691
2023/6/29 8:15,0.12729316
2023/6/29 8:30,0.081926209
2023/6/29 8:45,0.131618171
2023/6/29 9:00,0.123443633
2023/6/29 9:15,0.113614123
2023/6/29 9:30,0.105746497
2023/6/29 9:45,0.079685136
2023/6/29 10:00,0.065307437
2023/6/29 10:15,0.099980536
2023/6/29 10:30,0.087228722
2023/6/29 10:45,0.073042836
2023/6/29 11:00,0.026162447
2023/6/29 11:15,0.03755612
2023/6/29 11:30,0.038795584
2023/6/29 11:45,0.014997926
2023/6/29 12:00,0
2023/6/29 12:15,0
2023/6/29 12:30,0
2023/6/29 12:45,0
2023/6/29 13:00,0
2023/6/29 13:15,0.047740156
2023/6/29 13:30,0.00324283
2023/6/29 13:45,0.061045242
2023/6/29 14:00,0.07371938
2023/6/29 14:15,0.000346129
2023/6/29 14:30,0.098892137
2023/6/29 14:45,0.216375241
2023/6/29 15:00,0.384422513
2023/6/29 15:15,0.249296241
2023/6/29 15:30,0.297936627
2023/6/29 15:45,0.207347344
2023/6/29 16:00,0.293474639
2023/6/29 16:15,0.327939779
2023/6/29 16:30,0.202914141
2023/6/29 16:45,0.334552632
2023/6/29 17:00,0.161862384
2023/6/29 17:15,0.472090106
2023/6/29 17:30,0.460971157
2023/6/29 17:45,0.422767371
2023/6/29 18:00,0.35941912
2023/6/29 18:15,0.466432225
2023/6/29 18:30,0.411652694
2023/6/29 18:45,0.652540486
2023/6/29 19:00,0.727854865
2023/6/29 19:15,0.554212871
2023/6/29 19:30,0.508027026
2023/6/29 19:45,0.493681735
2023/6/29 20:00,0.656907182
2023/6/29 20:15,0.714400678
2023/6/29 20:30,0.679854326
2023/6/29 20:45,0.676589608
2023/6/29 21:00,0.750166096
2023/6/29 21:15,0.689377706
2023/6/29 21:30,0.545061962
2023/6/29 21:45,0.586695726
2023/6/29 22:00,0.660578729
2023/6/29 22:15,0.720425749
2023/6/29 22:30,0.736304139
2023/6/29 22:45,0.659063061
2023/6/29 23:00,0.59860187
2023/6/29 23:15,0.62736864
2023/6/29 23:30,0.713074566
2023/6/29 23:45,0.670635619
2023/6/30 0:00,0.814022609
2023/6/30 0:15,0.604334776
2023/6/30 0:30,0.506668603
2023/6/30 0:45,0.604690261
2023/6/30 1:00,0.638033306
2023/6/30 1:15,0.656713453
2023/6/30 1:30,0.578199974
2023/6/30 1:45,0.639880592
2023/6/30 2:00,0.504506275
2023/6/30 2:15,0.453991682
2023/6/30 2:30,0.248697233
2023/6/30 2:45,0.084241356
2023/6/30 3:00,0.054140341
2023/6/30 3:15,0.020862042
2023/6/30 3:30,0.013985186
2023/6/30 3:45,0.033257219
2023/6/30 4:00,0.019641102
2023/6/30 4:15,0.015312026
2023/6/30 4:30,0.018153409
2023/6/30 4:45,0.006325584
2023/6/30 5:00,0.03835788
2023/6/30 5:15,0.011560166
2023/6/30 5:30,0.01141477
2023/6/30 5:45,0.015053959
2023/6/30 6:00,0.010241752
2023/6/30 6:15,0.015022355
2023/6/30 6:30,0.068411441
2023/6/30 6:45,0.042724562
2023/6/30 7:00,0.046620854
2023/6/30 7:15,0.072184624
2023/6/30 7:30,0.064352459
2023/6/30 7:45,0.044699856
2023/6/30 8:00,0.030169795
2023/6/30 8:15,0.012804064
2023/6/30 8:30,0.023578225
2023/6/30 8:45,0.011233467
2023/6/30 9:00,0.00129197
2023/6/30 9:15,0
2023/6/30 9:30,0
2023/6/30 9:45,0
2023/6/30 10:00,0
2023/6/30 10:15,0.003690048
2023/6/30 10:30,0.011762043
2023/6/30 10:45,0.003759246
2023/6/30 11:00,0.002775801
2023/6/30 11:15,0.004947936
2023/6/30 11:30,0.006703282
2023/6/30 11:45,0.008655374
2023/6/30 12:00,0
2023/6/30 12:15,0.003185759
2023/6/30 12:30,0.086219862
2023/6/30 12:45,0.070871016
2023/6/30 13:00,0.010695154
2023/6/30 13:15,0.092472357
2023/6/30 13:30,0.080128537
2023/6/30 13:45,0.047932175
2023/6/30 14:00,0.182422386
2023/6/30 14:15,0.175015338
2023/6/30 14:30,0.110721864
2023/6/30 14:45,0.137289112
2023/6/30 15:00,0.157800818
2023/6/30 15:15,0.080563627
2023/6/30 15:30,0.08658344
2023/6/30 15:45,0.091242217
2023/6/30 16:00,0.175565561
2023/6/30 16:15,0.087939199
2023/6/30 16:30,0.192786816
2023/6/30 16:45,0.188107565
2023/6/30 17:00,0.206184128
2023/6/30 17:15,0.209303001
2023/6/30 17:30,0.286647747
2023/6/30 17:45,0.425765656
2023/6/30 18:00,0.35808972
2023/6/30 18:15,0.230940031
2023/6/30 18:30,0.034215447
2023/6/30 18:45,0.245016102
2023/6/30 19:00,0.237008026
2023/6/30 19:15,0.164081297
2023/6/30 19:30,0.181195463
2023/6/30 19:45,0.100566826
2023/6/30 20:00,0.035830643
2023/6/30 20:15,0.109655936
2023/6/30 20:30,0.135238681
2023/6/30 20:45,0.126522923
2023/6/30 21:00,0.242818576
2023/6/30 21:15,0.294176834
2023/6/30 21:30,0.222236799
2023/6/30 21:45,0.264468255
2023/6/30 22:00,0.313824277
2023/6/30 22:15,0.303330631
2023/6/30 22:30,0.280219917
2023/6/30 22:45,0.265911726
2023/6/30 23:00,0.274395797
2023/6/30 23:15,0.339772828
2023/6/30 23:30,0.489860334
2023/6/30 23:45,0.64190438
