timestamp,bus,node,v_pu,angle_deg
2022-09-20 00:00:00,sourcebus,1.0,1.0000271368792133,29.99498880848473
2022-09-20 00:00:00,sourcebus,2.0,1.0000486286505388,-90.00602201759898
2022-09-20 00:00:00,sourcebus,3.0,1.0000226036896842,149.99341698165787
2022-09-20 00:00:00,650,1.0,0.9999941765230558,-0.007935588881654538
2022-09-20 00:00:00,650,2.0,1.0000312228612127,-120.00684522072613
2022-09-20 00:00:00,650,3.0,1.0000203578867313,119.99107603588936
2022-09-20 00:00:00,rg60,1.0,1.0499171748746985,-0.009593597961025997
2022-09-20 00:00:00,rg60,2.0,1.0374827229441905,-120.00845024006391
2022-09-20 00:00:00,rg60,3.0,1.043702203538288,119.9891600342138
2022-09-20 00:00:00,633,1.0,1.0209565475569335,-1.7664251260131874
2022-09-20 00:00:00,633,2.0,1.0338611780199958,-121.29392974857565
2022-09-20 00:00:00,633,3.0,1.0164721430019548,118.57935751740698
2022-09-20 00:00:00,634,1.0,1.0055458800036234,-2.179135603752268
2022-09-20 00:00:00,634,2.0,1.0205962346820585,-121.6061768440486
2022-09-20 00:00:00,634,3.0,1.0038635501518112,118.27878595156402
2022-09-20 00:00:00,671,1.0,1.0026764410524067,-3.648221893714201
2022-09-20 00:00:00,671,2.0,1.045879016411242,-121.77722899903519
2022-09-20 00:00:00,671,3.0,0.9994391046592274,117.474670183254
2022-09-20 00:00:00,645,2.0,1.0296951751379073,-121.37388725584235
2022-09-20 00:00:00,645,3.0,1.0170031889884665,118.59948693326211
2022-09-20 00:00:00,646,2.0,1.028652873647472,-121.4196798250746
2022-09-20 00:00:00,646,3.0,1.0157644926054952,118.62669003798787
2022-09-20 00:00:00,692,1.0,1.0026764345535815,-3.6482218815301946
2022-09-20 00:00:00,692,2.0,1.0458790156924345,-121.77722916367749
2022-09-20 00:00:00,692,3.0,0.9994391002090128,117.4746701310526
2022-09-20 00:00:00,675,1.0,0.9985161812657042,-3.841115113200301
2022-09-20 00:00:00,675,2.0,1.0478374783967077,-121.93277666502638
2022-09-20 00:00:00,675,3.0,0.9991636748481721,117.4556975208068
2022-09-20 00:00:00,611,3.0,0.9978161646429469,117.26396645707656
2022-09-20 00:00:00,652,1.0,0.9975806143082063,-3.604406730811325
2022-09-20 00:00:00,670,1.0,1.0161843974698703,-2.3592585271449336
2022-09-20 00:00:00,670,2.0,1.038337419730792,-121.4425657600681
2022-09-20 00:00:00,670,3.0,1.0112871030669333,118.17848259174843
2022-09-20 00:00:00,632,1.0,1.022865021423385,-1.730724662955774
2022-09-20 00:00:00,632,2.0,1.0353294375534958,-121.26311889261397
2022-09-20 00:00:00,632,3.0,1.0181624294017053,118.58411771065258
2022-09-20 00:00:00,680,1.0,1.0027328239526505,-3.640938418529244
2022-09-20 00:00:00,680,2.0,1.0458924775848362,-121.77023924617366
2022-09-20 00:00:00,680,3.0,0.9994903125863092,117.48256803705107
2022-09-20 00:00:00,684,1.0,1.0013248087578763,-3.6538129034674443
2022-09-20 00:00:00,684,3.0,0.998620939779494,117.38394786751263
2022-09-20 00:15:00,sourcebus,1.0,1.0000289474619455,29.99514762497049
2022-09-20 00:15:00,sourcebus,2.0,1.000051404358275,-90.00588428208668
2022-09-20 00:15:00,sourcebus,3.0,1.0000245781625434,149.99351737145997
2022-09-20 00:15:00,650,1.0,0.9999961107328852,-0.007775404764412204
2022-09-20 00:15:00,650,2.0,1.0000344884428514,-120.00662205532535
2022-09-20 00:15:00,650,3.0,1.00002355008951,119.9912313195887
2022-09-20 00:15:00,rg60,1.0,1.0499203501052823,-0.009408078172555385
2022-09-20 00:15:00,rg60,2.0,1.037488501800721,-120.00819895054943
2022-09-20 00:15:00,rg60,3.0,1.0437074127097263,119.98934498499055
2022-09-20 00:15:00,633,1.0,1.0211240057869888,-1.76580604907734
2022-09-20 00:15:00,633,2.0,1.0350500926945583,-121.25185146066431
2022-09-20 00:15:00,633,3.0,1.0171044586955962,118.63675716150169
2022-09-20 00:15:00,634,1.0,1.0057995443475714,-2.1739266372264545
2022-09-20 00:15:00,634,2.0,1.0221180110161843,-121.55352080109166
2022-09-20 00:15:00,634,3.0,1.0050845523192313,118.35331640363951
2022-09-20 00:15:00,671,1.0,1.0031015785154613,-3.637149381826048
2022-09-20 00:15:00,671,2.0,1.0476703196263346,-121.7063538811694
2022-09-20 00:15:00,671,3.0,1.0003881202046494,117.57050725732118
2022-09-20 00:15:00,645,2.0,1.0309033302206645,-121.33069937226362
2022-09-20 00:15:00,645,3.0,1.0175336296604311,118.65475300130984
2022-09-20 00:15:00,646,2.0,1.0298628319961378,-121.3763517564526
2022-09-20 00:15:00,646,3.0,1.0162972907861594,118.68191318163561
2022-09-20 00:15:00,692,1.0,1.0031015720966965,-3.637149371728392
2022-09-20 00:15:00,692,2.0,1.0476703189559546,-121.70635404823061
2022-09-20 00:15:00,692,3.0,1.0003881157109151,117.57050720743973
2022-09-20 00:15:00,675,1.0,0.998989365501505,-3.8307318033731304
2022-09-20 00:15:00,675,2.0,1.0496933605630232,-121.86087823736713
2022-09-20 00:15:00,675,3.0,1.000044812894258,117.552409316481
2022-09-20 00:15:00,611,3.0,0.998983708897673,117.36586331194638
2022-09-20 00:15:00,652,1.0,0.9976829276258404,-3.591301552746977
2022-09-20 00:15:00,670,1.0,1.0164589400107964,-2.3577713468094004
2022-09-20 00:15:00,670,2.0,1.0397547287629216,-121.38781382878547
2022-09-20 00:15:00,670,3.0,1.0119419496596538,118.24766526907244
2022-09-20 00:15:00,632,1.0,1.023053304527489,-1.7305535214907941
2022-09-20 00:15:00,632,2.0,1.036465018328847,-121.22080906993601
2022-09-20 00:15:00,632,3.0,1.018705190454855,118.6389152920907
2022-09-20 00:15:00,680,1.0,1.0031811689179886,-3.6268786277215965
2022-09-20 00:15:00,680,2.0,1.0476891361311895,-121.69652135159654
2022-09-20 00:15:00,680,3.0,1.0004602499535231,117.58162184830047
2022-09-20 00:15:00,684,1.0,1.0016231623571696,-3.6432825564537357
2022-09-20 00:15:00,684,3.0,0.9996795082771663,117.48354259780992
2022-09-20 00:30:00,sourcebus,1.0,1.000030851199417,29.995323252726962
2022-09-20 00:30:00,sourcebus,2.0,1.0000542563981027,-90.00572838126702
2022-09-20 00:30:00,sourcebus,3.0,1.0000266578436137,149.99363608457546
2022-09-20 00:30:00,650,1.0,0.9999981734181881,-0.007591812219521686
2022-09-20 00:30:00,650,2.0,1.00003784193839,-120.00637615462159
2022-09-20 00:30:00,650,3.0,1.0000268524054823,119.99141143499106
2022-09-20 00:30:00,rg60,1.0,1.0499238107929267,-0.00919213033063753
2022-09-20 00:30:00,rg60,2.0,1.037494493840713,-120.00791789864107
2022-09-20 00:30:00,rg60,3.0,1.0437128856132958,119.98956197774511
2022-09-20 00:30:00,633,1.0,1.0213312477686687,-1.7604491411779957
2022-09-20 00:30:00,633,2.0,1.0362388986166349,-121.20567368541934
2022-09-20 00:30:00,633,3.0,1.0177772912114493,118.69882339301131
2022-09-20 00:30:00,634,1.0,1.0060925707878234,-2.163930830773048
2022-09-20 00:30:00,634,2.0,1.0236378057363638,-121.49678690890231
2022-09-20 00:30:00,634,3.0,1.006344206870361,118.43249625364733
2022-09-20 00:30:00,671,1.0,1.0036008224848774,-3.6163369595763704
2022-09-20 00:30:00,671,2.0,1.0494618675225484,-121.62741456426359
2022-09-20 00:30:00,671,3.0,1.0014169518077514,117.6758585976142
2022-09-20 00:30:00,645,2.0,1.0321114524551596,-121.28342493657905
2022-09-20 00:30:00,645,3.0,1.0181048616406698,118.7146873156456
2022-09-20 00:30:00,646,2.0,1.0310727537291429,-121.32893843308817
2022-09-20 00:30:00,646,3.0,1.0168708679530414,118.74180386708596
2022-09-20 00:30:00,692,1.0,1.0036008161465457,-3.6163369515490555
2022-09-20 00:30:00,692,2.0,1.049461866898897,-121.62741473365347
2022-09-20 00:30:00,692,3.0,1.0014169472708327,117.67585855004768
2022-09-20 00:30:00,675,1.0,0.9995374954845099,-3.810553391835272
2022-09-20 00:30:00,675,2.0,1.0515475348857926,-121.78089188378075
2022-09-20 00:30:00,675,3.0,1.001005961646246,117.65859670024336
2022-09-20 00:30:00,611,3.0,1.0002313805804035,117.4772680633189
2022-09-20 00:30:00,652,1.0,0.9978587667701918,-3.568459174269955
2022-09-20 00:30:00,670,1.0,1.0167853747715243,-2.3499106856656065
2022-09-20 00:30:00,670,2.0,1.0411721818187005,-121.32764119692008
2022-09-20 00:30:00,670,3.0,1.0126507361048884,118.32311713172545
2022-09-20 00:30:00,632,1.0,1.0232813119738973,-1.7256472202691773
2022-09-20 00:30:00,632,2.0,1.0376007570173467,-121.17440656941287
2022-09-20 00:30:00,632,3.0,1.019288718873996,118.69838303149021
2022-09-20 00:30:00,680,1.0,1.0037215758460551,-3.6007735983745106
2022-09-20 00:30:00,680,2.0,1.0494901498410576,-121.61254712886118
2022-09-20 00:30:00,680,3.0,1.0015261212507733,117.69266782156167
2022-09-20 00:30:00,684,1.0,1.0019954022193036,-3.6230160175489843
2022-09-20 00:30:00,684,3.0,1.000818086100335,117.59264763566455
2022-09-20 00:45:00,sourcebus,1.0,1.000032982010022,29.995400903317698
2022-09-20 00:45:00,sourcebus,2.0,1.0000567605634745,-90.00553351257241
2022-09-20 00:45:00,sourcebus,3.0,1.000030747140753,149.99375382442088
2022-09-20 00:45:00,650,1.0,1.0000024054083776,-0.007502854378259756
2022-09-20 00:45:00,650,2.0,1.0000401430823196,-120.00618673019224
2022-09-20 00:45:00,650,3.0,1.000031571956759,119.99166767895726
2022-09-20 00:45:00,rg60,1.0,1.0436804729855644,-0.009127157180442503
2022-09-20 00:45:00,rg60,2.0,1.0312486289143525,-120.00769886888584
2022-09-20 00:45:00,rg60,3.0,1.0437207491894203,119.98985645450733
2022-09-20 00:45:00,633,1.0,1.0155817687989848,-1.779070525680258
2022-09-20 00:45:00,633,2.0,1.030732122590366,-121.1886257249743
2022-09-20 00:45:00,633,3.0,1.0188507556542055,118.76833331453692
2022-09-20 00:45:00,634,1.0,1.001071336921351,-2.170588604194784
2022-09-20 00:45:00,634,2.0,1.0186021697827736,-121.47532950017884
2022-09-20 00:45:00,634,3.0,1.0072912841572,118.49295837600454
2022-09-20 00:45:00,671,1.0,0.9975807194699549,-3.652116412055654
2022-09-20 00:45:00,671,2.0,1.0443558261794978,-121.61601543203075
2022-09-20 00:45:00,671,3.0,1.0037803346974525,117.83444578136195
2022-09-20 00:45:00,645,2.0,1.0267155255681624,-121.26829218477792
2022-09-20 00:45:00,645,3.0,1.0191792138590374,118.78857628570043
2022-09-20 00:45:00,646,2.0,1.0256772142297306,-121.31424734476379
2022-09-20 00:45:00,646,3.0,1.0179427809035861,118.81561368347874
2022-09-20 00:45:00,692,1.0,0.9975807129352771,-3.6521164046138193
2022-09-20 00:45:00,692,2.0,1.0443558255463712,-121.61601560081262
2022-09-20 00:45:00,692,3.0,1.003780330424664,117.83444572559706
2022-09-20 00:45:00,675,1.0,0.993347946867318,-3.846726857668773
2022-09-20 00:45:00,675,2.0,1.046380933617103,-121.77491743245206
2022-09-20 00:45:00,675,3.0,1.0036192854090893,117.81765612558878
2022-09-20 00:45:00,611,3.0,1.0026895864903804,117.63708887498525
2022-09-20 00:45:00,652,1.0,0.9919574728595643,-3.6042166407975094
2022-09-20 00:45:00,670,1.0,1.010847844826004,-2.3728437317032838
2022-09-20 00:45:00,670,2.0,1.0357478770610207,-121.31573812179549
2022-09-20 00:45:00,670,3.0,1.014219987785333,118.42499179208619
2022-09-20 00:45:00,632,1.0,1.01739775891119,-1.7445863358125153
2022-09-20 00:45:00,632,2.0,1.0320537991393357,-121.1596797757475
2022-09-20 00:45:00,632,3.0,1.0204025157017436,118.77126543683916
2022-09-20 00:45:00,680,1.0,0.9977290123948442,-3.633179095757998
2022-09-20 00:45:00,680,2.0,1.0443890451615507,-121.59785781588242
2022-09-20 00:45:00,680,3.0,1.0039102205595705,117.85445347883339
2022-09-20 00:45:00,684,1.0,0.9960061131643861,-3.657932140350493
2022-09-20 00:45:00,684,3.0,1.0032298966618152,117.75146999574834
2022-09-20 01:00:00,sourcebus,1.0,1.0000344757799797,29.99546107114345
2022-09-20 01:00:00,sourcebus,2.0,1.0000591007454558,-90.00535839918338
2022-09-20 01:00:00,sourcebus,3.0,1.0000344015955567,149.99382947266795
2022-09-20 01:00:00,650,1.0,1.0000055776419796,-0.007460302959693601
2022-09-20 01:00:00,650,2.0,1.0000420615388057,-120.00602229442136
2022-09-20 01:00:00,650,3.0,1.0000361562234967,119.9918878375599
2022-09-20 01:00:00,rg60,1.0,1.0436847382276615,-0.009102308999532465
2022-09-20 01:00:00,rg60,2.0,1.0312520704700636,-120.00752485394439
2022-09-20 01:00:00,rg60,3.0,1.0374786612360611,119.99011072333143
2022-09-20 01:00:00,633,1.0,1.0157717460168174,-1.7827471429804331
2022-09-20 01:00:00,633,2.0,1.031550901642706,-121.17513018713443
2022-09-20 01:00:00,633,3.0,1.0136841787333897,118.82347018032704
2022-09-20 01:00:00,634,1.0,1.002008540337654,-2.15536630452984
2022-09-20 01:00:00,634,2.0,1.0198999718219521,-121.45172234325129
2022-09-20 01:00:00,634,3.0,1.0018534615041637,118.5377055632979
2022-09-20 01:00:00,671,1.0,0.9972401119726992,-3.6611923418024603
2022-09-20 01:00:00,671,2.0,1.045633035704072,-121.61917207605791
2022-09-20 01:00:00,671,3.0,0.9999715342971066,117.96558236904691
2022-09-20 01:00:00,645,2.0,1.0276615195919327,-121.25660738194591
2022-09-20 01:00:00,645,3.0,1.0140347035108048,118.84893922638425
2022-09-20 01:00:00,646,2.0,1.026620496527376,-121.30251635176495
2022-09-20 01:00:00,646,3.0,1.0127973714317307,118.87630797968887
2022-09-20 01:00:00,692,1.0,0.9972401052719415,-3.6611923341176853
2022-09-20 01:00:00,692,2.0,1.045633035062491,-121.61917224446474
2022-09-20 01:00:00,692,3.0,0.999971530268869,117.96558230430033
2022-09-20 01:00:00,675,1.0,0.9928520171464602,-3.853664004808193
2022-09-20 01:00:00,675,2.0,1.047600385630571,-121.7828197464195
2022-09-20 01:00:00,675,3.0,1.0000501259035621,117.94833205876338
2022-09-20 01:00:00,611,3.0,0.9989585851869023,117.76935246667934
2022-09-20 01:00:00,652,1.0,0.9917012730772109,-3.6135713529308067
2022-09-20 01:00:00,670,1.0,1.0107569778612624,-2.3767380261093196
2022-09-20 01:00:00,670,2.0,1.0366618105257095,-121.31184922524233
2022-09-20 01:00:00,670,3.0,1.009603561813675,118.50744642907142
2022-09-20 01:00:00,632,1.0,1.0174403283062345,-1.7490053848635896
2022-09-20 01:00:00,632,2.0,1.0328309888141631,-121.14961526655753
2022-09-20 01:00:00,632,3.0,1.0153000847976918,118.82991601954913
2022-09-20 01:00:00,680,1.0,0.9973840278560222,-3.642702203946166
2022-09-20 01:00:00,680,2.0,1.0456661351782002,-121.60150954748501
2022-09-20 01:00:00,680,3.0,1.0000989175890347,117.98533708157355
2022-09-20 01:00:00,684,1.0,0.9956853664740053,-3.666447415959992
2022-09-20 01:00:00,684,3.0,0.9994607231358746,117.88297594052558
2022-09-20 01:15:00,sourcebus,1.0,1.0000349319256923,29.9954982314327
2022-09-20 01:15:00,sourcebus,2.0,1.0000587526632223,-90.00543198834704
2022-09-20 01:15:00,sourcebus,3.0,1.000032781548831,149.99385115991794
2022-09-20 01:15:00,650,1.0,1.0000049976587766,-0.007373997235894932
2022-09-20 01:15:00,650,2.0,1.0000426693290099,-120.00604774271619
2022-09-20 01:15:00,650,3.0,1.0000341423768082,119.9918041535856
2022-09-20 01:15:00,rg60,1.0,1.043684690012847,-0.008989746073132477
2022-09-20 01:15:00,rg60,2.0,1.0312528086612278,-120.00754164699318
2022-09-20 01:15:00,rg60,3.0,1.0374750682700342,119.99001016276638
2022-09-20 01:15:00,633,1.0,1.0165269102680532,-1.7651865987518405
2022-09-20 01:15:00,633,2.0,1.031292401293409,-121.14370204907
2022-09-20 01:15:00,633,3.0,1.012908275095134,118.76952971252165
2022-09-20 01:15:00,634,1.0,1.003104024194751,-2.127330847001827
2022-09-20 01:15:00,634,2.0,1.0199624442365607,-121.41175467461919
2022-09-20 01:15:00,634,3.0,1.0015647677394737,118.496570879292
2022-09-20 01:15:00,671,1.0,0.9985930100336079,-3.6230376938752347
2022-09-20 01:15:00,671,2.0,1.0447593239499,-121.56919101119595
2022-09-20 01:15:00,671,3.0,0.998222770272076,117.84445240874564
2022-09-20 01:15:00,645,2.0,1.027489613298453,-121.22387316998542
2022-09-20 01:15:00,645,3.0,1.0131729088682622,118.79454784641635
2022-09-20 01:15:00,646,2.0,1.026454237579019,-121.26945116254899
2022-09-20 01:15:00,646,3.0,1.0119429408568104,118.82173091546125
2022-09-20 01:15:00,692,1.0,0.9985930034315307,-3.623037686604192
2022-09-20 01:15:00,692,2.0,1.044759323301207,-121.56919117922716
2022-09-20 01:15:00,692,3.0,0.9982227661407103,117.84445234691775
2022-09-20 01:15:00,675,1.0,0.9942996445953283,-3.815600402403674
2022-09-20 01:15:00,675,2.0,1.0467345729999564,-121.7301878782383
2022-09-20 01:15:00,675,3.0,0.9981946368616526,117.82655417411527
2022-09-20 01:15:00,611,3.0,0.9968879837761851,117.64062748562291
2022-09-20 01:15:00,652,1.0,0.9932765751752702,-3.5772815556887223
2022-09-20 01:15:00,670,1.0,1.0117001706738327,-2.35321068133225
2022-09-20 01:15:00,670,2.0,1.0361630764501246,-121.27437686383387
2022-09-20 01:15:00,670,3.0,1.0084449469479644,118.42987572656689
2022-09-20 01:15:00,632,1.0,1.018166672535623,-1.7325393659630015
2022-09-20 01:15:00,632,2.0,1.0325339026745033,-121.11843326302504
2022-09-20 01:15:00,632,3.0,1.0144521371812976,118.77489188828275
2022-09-20 01:15:00,680,1.0,0.9987610362740516,-3.6014039886375726
2022-09-20 01:15:00,680,2.0,1.044798405248717,-121.5484695126048
2022-09-20 01:15:00,680,3.0,0.998372827172393,117.86772879244928
2022-09-20 01:15:00,684,1.0,0.9971411005745542,-3.628493573824374
2022-09-20 01:15:00,684,3.0,0.9975502460750659,117.75763419755316
2022-09-20 01:30:00,sourcebus,1.0,1.0000357140782206,29.99558997787433
2022-09-20 01:30:00,sourcebus,2.0,1.0000587058570702,-90.00544935109497
2022-09-20 01:30:00,sourcebus,3.0,1.000031499931435,149.99392948111873
2022-09-20 01:30:00,650,1.0,1.000004829691748,-0.007213519251109131
2022-09-20 01:30:00,650,2.0,1.0000436402607407,-120.006000168906
2022-09-20 01:30:00,650,3.0,1.0000325147167988,119.99179648167915
2022-09-20 01:30:00,rg60,1.0,1.0436855399036253,-0.008781332570828075
2022-09-20 01:30:00,rg60,2.0,1.0312543527245701,-120.00746404546308
2022-09-20 01:30:00,rg60,3.0,1.0374723435628073,119.99000763658105
2022-09-20 01:30:00,633,1.0,1.0174047590001922,-1.7337815103670442
2022-09-20 01:30:00,633,2.0,1.031072104322614,-121.09831409394825
2022-09-20 01:30:00,633,3.0,1.0122532712441972,118.73087706937172
2022-09-20 01:30:00,634,1.0,1.0043195942243313,-2.0852987941533825
2022-09-20 01:30:00,634,2.0,1.02006033387731,-121.35771014709532
2022-09-20 01:30:00,634,3.0,1.00139533456821,118.47091197352951
2022-09-20 01:30:00,671,1.0,1.0001789757244521,-3.5564376496136987
2022-09-20 01:30:00,671,2.0,1.043955945800597,-121.49145356769036
2022-09-20 01:30:00,671,3.0,0.9967077092701265,117.75428184203102
2022-09-20 01:30:00,645,2.0,1.027356446738311,-121.17719437696742
2022-09-20 01:30:00,645,3.0,1.012431763248463,118.75541819441196
2022-09-20 01:30:00,646,2.0,1.0263266890098544,-121.22244607244826
2022-09-20 01:30:00,646,3.0,1.0112090632815178,118.78241306194337
2022-09-20 01:30:00,692,1.0,1.0001789692221894,-3.556437642713005
2022-09-20 01:30:00,692,2.0,1.0439559451448053,-121.49145373534799
2022-09-20 01:30:00,692,3.0,0.9967077050360377,117.75428178315538
2022-09-20 01:30:00,675,1.0,0.9959805723377531,-3.748977397184572
2022-09-20 01:30:00,675,2.0,1.0459388965884129,-121.64980092992987
2022-09-20 01:30:00,675,3.0,0.9965733087060921,117.73572745677572
2022-09-20 01:30:00,611,3.0,0.995051831307603,117.54285448386722
2022-09-20 01:30:00,652,1.0,0.995084112954895,-3.512554304317346
2022-09-20 01:30:00,670,1.0,1.012804880781991,-2.3111024937013944
2022-09-20 01:30:00,670,2.0,1.0357141201591216,-121.21831677580458
2022-09-20 01:30:00,670,3.0,1.0074451287048625,118.37276570840729
2022-09-20 01:30:00,632,1.0,1.0190159653493644,-1.702255197469489
2022-09-20 01:30:00,632,2.0,1.0322754256852207,-121.07330332342772
2022-09-20 01:30:00,632,3.0,1.013725103814841,118.73513349936218
2022-09-20 01:30:00,680,1.0,1.0004267261482753,-3.524487868852467
2022-09-20 01:30:00,680,2.0,1.0440142601156879,-121.46074613642332
2022-09-20 01:30:00,680,3.0,0.9969307730112813,117.78890616924618
2022-09-20 01:30:00,684,1.0,0.9988295459840993,-3.56210185731109
2022-09-20 01:30:00,684,3.0,0.9958738968145281,117.66324603316176
2022-09-20 01:45:00,sourcebus,1.0,1.0000391003601699,29.995766997942315
2022-09-20 01:45:00,sourcebus,2.0,1.0000607254362806,-90.00531128030033
2022-09-20 01:45:00,sourcebus,3.0,1.0000336140461001,149.99415484207086
2022-09-20 01:45:00,650,1.0,1.0000086433009936,-0.006902541565171408
2022-09-20 01:45:00,650,2.0,1.0000472048728206,-120.00582043763973
2022-09-20 01:45:00,650,3.0,1.0000346975032022,119.9920359967938
2022-09-20 01:45:00,rg60,1.0,1.0436924429073047,-0.008398129132814352
2022-09-20 01:45:00,rg60,2.0,1.031259845031882,-120.00726337137947
2022-09-20 01:45:00,rg60,3.0,1.0374765010614564,119.99029068760142
2022-09-20 01:45:00,633,1.0,1.0184372263685468,-1.6571688936912687
2022-09-20 01:45:00,633,2.0,1.0312841388538538,-121.06720370717352
2022-09-20 01:45:00,633,3.0,1.013101187258998,118.75964005188871
2022-09-20 01:45:00,634,1.0,1.0055654501315683,-2.000336425019401
2022-09-20 01:45:00,634,2.0,1.0207750956348312,-121.31210706729367
2022-09-20 01:45:00,634,3.0,1.0022681684047878,118.50243106831543
2022-09-20 01:45:00,671,1.0,1.001922652751207,-3.3931089159714327
2022-09-20 01:45:00,671,2.0,1.0440670492567476,-121.43856091465018
2022-09-20 01:45:00,671,3.0,0.9987855368078609,117.82007099935579
2022-09-20 01:45:00,645,2.0,1.0274169343430608,-121.15183589108209
2022-09-20 01:45:00,645,3.0,1.013201661440543,118.78602395407897
2022-09-20 01:45:00,646,2.0,1.0263397282341127,-121.19919565831827
2022-09-20 01:45:00,646,3.0,1.0119223009642087,118.81423800069234
2022-09-20 01:45:00,692,1.0,1.0019226464876683,-3.3931089110205623
2022-09-20 01:45:00,692,2.0,1.0440670486186385,-121.43856108316203
2022-09-20 01:45:00,692,3.0,0.9987855325684528,117.82007093931887
2022-09-20 01:45:00,675,1.0,0.997950201473945,-3.582251422600138
2022-09-20 01:45:00,675,2.0,1.0460356326490874,-121.59319463011275
2022-09-20 01:45:00,675,3.0,0.9986445480952117,117.79939823376934
2022-09-20 01:45:00,611,3.0,0.9974623001857318,117.61553334947048
2022-09-20 01:45:00,652,1.0,0.9967984611185285,-3.3485101016872973
2022-09-20 01:45:00,670,1.0,1.0140870304606504,-2.2060473654740256
2022-09-20 01:45:00,670,2.0,1.0358432184629809,-121.18004687695678
2022-09-20 01:45:00,670,3.0,1.008681364985837,118.41179038370372
2022-09-20 01:45:00,632,1.0,1.0200108351048829,-1.6250712547328419
2022-09-20 01:45:00,632,2.0,1.0324111260603603,-121.04450108559249
2022-09-20 01:45:00,632,3.0,1.0145904453722534,118.76367117205548
2022-09-20 01:45:00,680,1.0,1.0022180516797567,-3.3550951119453036
2022-09-20 01:45:00,680,2.0,1.044137410207472,-121.40187949245384
2022-09-20 01:45:00,680,3.0,0.9990513730398762,117.86129628404785
2022-09-20 01:45:00,684,1.0,1.000534384754385,-3.3978483692928005
2022-09-20 01:45:00,684,3.0,0.9981177415146711,117.73238867211543
2022-09-20 02:00:00,sourcebus,1.0,1.000042057303315,29.9958748489535
2022-09-20 02:00:00,sourcebus,2.0,1.000062350705053,-90.00524449628925
2022-09-20 02:00:00,sourcebus,3.0,1.000035284330454,149.99430823634384
2022-09-20 02:00:00,650,1.0,1.000011911282102,-0.006685838858982825
2022-09-20 02:00:00,650,2.0,1.0000502927359272,-120.00573325189107
2022-09-20 02:00:00,650,3.0,1.0000363734476123,119.99217907772888
2022-09-20 02:00:00,rg60,1.0,1.0436981701023769,-0.008136473347446983
2022-09-20 02:00:00,rg60,2.0,1.031264294544186,-120.00718225571599
2022-09-20 02:00:00,rg60,3.0,1.0374795345981387,119.99044974266647
2022-09-20 02:00:00,633,1.0,1.019305685593795,-1.5984023642929304
2022-09-20 02:00:00,633,2.0,1.0314498191213572,-121.05393600465717
2022-09-20 02:00:00,633,3.0,1.0137933424914136,118.76921290460794
2022-09-20 02:00:00,634,1.0,1.00664908429636,-1.9335005748923484
2022-09-20 02:00:00,634,2.0,1.0214465136208024,-121.28452174650941
2022-09-20 02:00:00,634,3.0,1.0029878236856853,118.51453962796872
2022-09-20 02:00:00,671,1.0,1.0033580949829248,-3.2667129980277005
2022-09-20 02:00:00,671,2.0,1.0440939437787444,-121.42106506462105
2022-09-20 02:00:00,671,3.0,1.000564199712894,117.84664953801283
2022-09-20 02:00:00,645,2.0,1.027430605449047,-121.14429811640237
2022-09-20 02:00:00,645,3.0,1.0138158177896448,118.79745931106157
2022-09-20 02:00:00,646,2.0,1.0263060064215612,-121.19376345051893
2022-09-20 02:00:00,646,3.0,1.0124798892246913,118.82689393197109
2022-09-20 02:00:00,692,1.0,1.0033580889555258,-3.2667129950481724
2022-09-20 02:00:00,692,2.0,1.0440939431582508,-121.42106523398188
2022-09-20 02:00:00,692,3.0,1.0005641954670415,117.84664947679195
2022-09-20 02:00:00,675,1.0,0.9996100591008391,-3.452635250308496
2022-09-20 02:00:00,675,2.0,1.0460484331347788,-121.57200752888926
2022-09-20 02:00:00,675,3.0,1.0004160985019608,117.82385986773532
2022-09-20 02:00:00,611,3.0,0.9995727722659146,117.6489496998918
2022-09-20 02:00:00,652,1.0,0.9982064242867922,-3.221401810428605
2022-09-20 02:00:00,670,1.0,1.015154286556056,-2.125010904361428
2022-09-20 02:00:00,670,2.0,1.0359123523395988,-121.1655122306102
2022-09-20 02:00:00,670,3.0,1.009713255437674,118.42505679423945
2022-09-20 02:00:00,632,1.0,1.0208416527239128,-1.5657018935317353
2022-09-20 02:00:00,632,2.0,1.0325000905398314,-121.03352073229433
2022-09-20 02:00:00,632,3.0,1.0152998408632203,118.77304063955307
2022-09-20 02:00:00,680,1.0,1.0036303714473402,-3.2317244395745957
2022-09-20 02:00:00,680,2.0,1.0441594931924716,-121.38720055388127
2022-09-20 02:00:00,680,3.0,1.0008093463398375,117.88461091258478
2022-09-20 02:00:00,684,1.0,1.0019316619912952,-3.270527999683726
2022-09-20 02:00:00,684,3.0,1.0000619917694078,117.76229607694522
2022-09-20 02:15:00,sourcebus,1.0,1.000045126370894,29.995965221495755
2022-09-20 02:15:00,sourcebus,2.0,1.0000640424623204,-90.00511024383334
2022-09-20 02:15:00,sourcebus,3.0,1.0000383279668834,149.9944888914687
2022-09-20 02:15:00,650,1.0,1.0000164404724967,-0.006481781489748845
2022-09-20 02:15:00,650,2.0,1.0000528359385459,-120.00561933532974
2022-09-20 02:15:00,650,3.0,1.000039329291327,119.99241351098087
2022-09-20 02:15:00,rg60,1.0,1.0437057018641833,-0.007900928285484927
2022-09-20 02:15:00,rg60,2.0,1.031267936819785,-120.00705827092645
2022-09-20 02:15:00,rg60,3.0,1.0374848446715002,119.9907090698715
2022-09-20 02:15:00,633,1.0,1.0203796597106383,-1.5266640452870417
2022-09-20 02:15:00,633,2.0,1.03115589849907,-121.042662227616
2022-09-20 02:15:00,633,3.0,1.0149881799096248,118.78927959159144
2022-09-20 02:15:00,634,1.0,1.0076179051122869,-1.8632975262198865
2022-09-20 02:15:00,634,2.0,1.0210608384735893,-121.27458508494384
2022-09-20 02:15:00,634,3.0,1.00397012943189,118.53053212744285
2022-09-20 02:15:00,671,1.0,1.0055510893797874,-3.116087534469572
2022-09-20 02:15:00,671,2.0,1.0434833650646025,-121.39801683931738
2022-09-20 02:15:00,671,3.0,1.002867834719242,117.88160949751214
2022-09-20 02:15:00,645,2.0,1.0271496961043929,-121.13269636736034
2022-09-20 02:15:00,645,3.0,1.0150717918892291,118.81720096957376
2022-09-20 02:15:00,646,2.0,1.0260374614550327,-121.18168164987058
2022-09-20 02:15:00,646,3.0,1.0137498364579498,118.84625973273835
2022-09-20 02:15:00,692,1.0,1.005551083734957,-3.1160875436988746
2022-09-20 02:15:00,692,2.0,1.0434833644988508,-121.39801701131475
2022-09-20 02:15:00,692,3.0,1.0028678307377366,117.88160942835357
2022-09-20 02:15:00,675,1.0,1.0021064460811937,-3.295946143186229
2022-09-20 02:15:00,675,2.0,1.045416105357742,-121.54534969144436
2022-09-20 02:15:00,675,3.0,1.0028169625429515,117.85578604662535
2022-09-20 02:15:00,611,3.0,1.001767701324258,117.68147979811734
2022-09-20 02:15:00,652,1.0,1.0004486494250056,-3.0713157468667474
2022-09-20 02:15:00,670,1.0,1.016581798116357,-2.027488241857821
2022-09-20 02:15:00,670,2.0,1.0355420230280763,-121.15140976947984
2022-09-20 02:15:00,670,3.0,1.0113531684035744,118.4537370780604
2022-09-20 02:15:00,632,1.0,1.0219201320605247,-1.4936254924393941
2022-09-20 02:15:00,632,2.0,1.0322160353888583,-121.0225511597869
2022-09-20 02:15:00,632,3.0,1.0165285187971245,118.79351616452203
2022-09-20 02:15:00,680,1.0,1.0058164180050213,-3.082126841567943
2022-09-20 02:15:00,680,2.0,1.0435484304456955,-121.3649071632167
2022-09-20 02:15:00,680,3.0,1.003106226775084,117.91852862935005
2022-09-20 02:15:00,684,1.0,1.004151543788315,-3.1200405026411757
2022-09-20 02:15:00,684,3.0,1.0023107507869593,117.79592822479768
2022-09-20 02:30:00,sourcebus,1.0,1.0000483800022686,29.99609080464489
2022-09-20 02:30:00,sourcebus,2.0,1.0000659158104142,-90.00494074137241
2022-09-20 02:30:00,sourcebus,3.0,1.0000415552777042,149.99470492412547
2022-09-20 02:30:00,650,1.0,1.0000211868649467,-0.006230586965067277
2022-09-20 02:30:00,650,2.0,1.0000555965371951,-120.00545877440298
2022-09-20 02:30:00,650,3.0,1.0000425046440928,119.99269510877203
2022-09-20 02:30:00,rg60,1.0,1.0437137386746205,-0.007603871337401477
2022-09-20 02:30:00,rg60,2.0,1.0312720744713746,-120.00687391290303
2022-09-20 02:30:00,rg60,3.0,1.0374906664990708,119.99102959421349
2022-09-20 02:30:00,633,1.0,1.0215215901967005,-1.4463674187879925
2022-09-20 02:30:00,633,2.0,1.0308877548476016,-121.0226639068607
2022-09-20 02:30:00,633,3.0,1.0162545049243796,118.81904066508416
2022-09-20 02:30:00,634,1.0,1.0086537715517405,-1.784414664396802
2022-09-20 02:30:00,634,2.0,1.020699030033824,-121.25585915238591
2022-09-20 02:30:00,634,3.0,1.0050231998460557,118.55633398446516
2022-09-20 02:30:00,671,1.0,1.0078766929092846,-2.9483252219094105
2022-09-20 02:30:00,671,2.0,1.0429209312583285,-121.35763816993415
2022-09-20 02:30:00,671,3.0,1.005308982165889,117.93620160698927
2022-09-20 02:30:00,645,2.0,1.0268948851364228,-121.11237894226022
2022-09-20 02:30:00,645,3.0,1.0163991226570803,118.84662818236055
2022-09-20 02:30:00,646,2.0,1.0257949848851857,-121.16088530894253
2022-09-20 02:30:00,646,3.0,1.0150910915268456,118.87531115982405
2022-09-20 02:30:00,692,1.0,1.007876687645751,-2.9483252432342897
2022-09-20 02:30:00,692,2.0,1.0429209307473952,-121.35763834457616
2022-09-20 02:30:00,692,3.0,1.0053089784482863,117.93620152998741
2022-09-20 02:30:00,675,1.0,1.0047342362679905,-3.1221129688188487
2022-09-20 02:30:00,675,2.0,1.0448316922985792,-121.50138819850235
2022-09-20 02:30:00,675,3.0,1.0053554817708998,117.90736287371175
2022-09-20 02:30:00,611,3.0,1.00410053384802,117.73366292313949
2022-09-20 02:30:00,652,1.0,1.0028229033437526,-2.904096626106353
2022-09-20 02:30:00,670,1.0,1.0180995019521033,-1.9185738907435888
2022-09-20 02:30:00,670,2.0,1.0352054531526287,-121.12569193191254
2022-09-20 02:30:00,670,3.0,1.0130866827970049,118.49537690526834
2022-09-20 02:30:00,632,1.0,1.023066648422622,-1.4130082016339118
2022-09-20 02:30:00,632,2.0,1.031958035006008,-121.00286416059866
2022-09-20 02:30:00,632,3.0,1.0178286608434677,118.82367495232431
2022-09-20 02:30:00,680,1.0,1.0081702430434667,-2.910912866141454
2022-09-20 02:30:00,680,2.0,1.0429942626783033,-121.32088179495072
2022-09-20 02:30:00,680,3.0,1.0055720497713947,117.97695809643999
2022-09-20 02:30:00,684,1.0,1.0065038232266765,-2.952417137407083
2022-09-20 02:30:00,684,3.0,1.0046972304207875,117.84920293831452
2022-09-20 02:45:00,sourcebus,1.0,1.0000505384688354,29.996156849960546
2022-09-20 02:45:00,sourcebus,2.0,1.0000675010934064,-90.00477902231852
2022-09-20 02:45:00,sourcebus,3.0,1.0000448733164455,149.99484724961448
2022-09-20 02:45:00,650,1.0,1.0000253148766212,-0.006093338707228155
2022-09-20 02:45:00,650,2.0,1.0000570556213915,-120.005323747341
2022-09-20 02:45:00,650,3.0,1.000045989229397,119.99292712875466
2022-09-20 02:45:00,rg60,1.0,1.0374706989463178,-0.0074563306937398075
2022-09-20 02:45:00,rg60,2.0,1.0312742708660536,-120.0067007942532
2022-09-20 02:45:00,rg60,3.0,1.0374966237523149,119.99127498820283
2022-09-20 02:45:00,633,1.0,1.016323882610839,-1.4044683250164987
2022-09-20 02:45:00,633,2.0,1.030406288043973,-120.99856761515426
2022-09-20 02:45:00,633,3.0,1.017508487244866,118.83535533221948
2022-09-20 02:45:00,634,1.0,1.0036859551321526,-1.7404874909739099
2022-09-20 02:45:00,634,2.0,1.020145709635906,-121.23630134827798
2022-09-20 02:45:00,634,3.0,1.0065041802689287,118.5759941886636
2022-09-20 02:45:00,671,1.0,1.0033273993605014,-2.8603209732496087
2022-09-20 02:45:00,671,2.0,1.0418861801630135,-121.33802546955702
2022-09-20 02:45:00,671,3.0,1.00747095985573,117.97491128552541
2022-09-20 02:45:00,645,2.0,1.0266382092955313,-121.08014085080919
2022-09-20 02:45:00,645,3.0,1.0177890109941994,118.85951467916654
2022-09-20 02:45:00,646,2.0,1.0256337681674617,-121.1244721925807
2022-09-20 02:45:00,646,3.0,1.016593920386583,118.88563116978042
2022-09-20 02:45:00,692,1.0,1.003327394237571,-2.8603210006016595
2022-09-20 02:45:00,692,2.0,1.041886179612601,-121.33802564222925
2022-09-20 02:45:00,692,3.0,1.0074709562829283,117.97491120406016
2022-09-20 02:45:00,675,1.0,1.0003309496505404,-3.032542072742702
2022-09-20 02:45:00,675,2.0,1.0437156551979834,-121.47977398303888
2022-09-20 02:45:00,675,3.0,1.0075936642436933,117.94362181968333
2022-09-20 02:45:00,611,3.0,1.006541630670654,117.77658342807369
2022-09-20 02:45:00,652,1.0,0.9985398912973878,-2.816600819761468
2022-09-20 02:45:00,670,1.0,1.013134794065542,-1.8634545918924694
2022-09-20 02:45:00,670,2.0,1.0345658227922139,-121.10041936532988
2022-09-20 02:45:00,670,3.0,1.014554543242102,118.51697877108599
2022-09-20 02:45:00,632,1.0,1.017844150815191,-1.3721624696046348
2022-09-20 02:45:00,632,2.0,1.0315018087971053,-120.97786389700752
2022-09-20 02:45:00,632,3.0,1.0190394143793657,118.84046289738295
2022-09-20 02:45:00,680,1.0,1.0036436451933872,-2.8198968219003024
2022-09-20 02:45:00,680,2.0,1.0419615977585648,-121.29870130142623
2022-09-20 02:45:00,680,3.0,1.0077522898844475,118.01807885974794
2022-09-20 02:45:00,684,1.0,1.0020185732219256,-2.8624673337904785
2022-09-20 02:45:00,684,3.0,1.0069989012172103,117.8891939226617
2022-09-20 03:00:00,sourcebus,1.0,1.0000519467546274,29.996214766228043
2022-09-20 03:00:00,sourcebus,2.0,1.0000689137058776,-90.00464011400362
2022-09-20 03:00:00,sourcebus,3.0,1.0000475080195477,149.99494544978765
2022-09-20 03:00:00,650,1.0,1.0000281637240485,-0.005995392309576755
2022-09-20 03:00:00,650,2.0,1.0000580836316457,-120.0052022760858
2022-09-20 03:00:00,650,3.0,1.0000491145477632,119.99310933305043
2022-09-20 03:00:00,rg60,1.0,1.0374753330905948,-0.007341300782724309
2022-09-20 03:00:00,rg60,2.0,1.0312758126365094,-120.00654910687341
2022-09-20 03:00:00,rg60,3.0,1.0375019988843224,119.99146201943417
2022-09-20 03:00:00,633,1.0,1.0170155975782833,-1.346800509335487
2022-09-20 03:00:00,633,2.0,1.029865029336143,-120.98995299309166
2022-09-20 03:00:00,633,3.0,1.0188419260393267,118.84872107136555
2022-09-20 03:00:00,634,1.0,1.004613878376488,-1.6747158023094555
2022-09-20 03:00:00,634,2.0,1.0194632946701319,-121.23020481490485
2022-09-20 03:00:00,634,3.0,1.007995505307337,118.59482777089097
2022-09-20 03:00:00,671,1.0,1.0044031414234929,-2.746531588506882
2022-09-20 03:00:00,671,2.0,1.0407901288103025,-121.34716225940981
2022-09-20 03:00:00,671,3.0,1.0097872747366778,118.00608230398976
2022-09-20 03:00:00,645,2.0,1.0263335510288902,-121.06379209404409
2022-09-20 03:00:00,645,3.0,1.0192657761137478,118.86939885247368
2022-09-20 03:00:00,646,2.0,1.025424823058094,-121.10394506838621
2022-09-20 03:00:00,646,3.0,1.0181839389767233,118.89296233845664
2022-09-20 03:00:00,692,1.0,1.0044031364668804,-2.746531620743751
2022-09-20 03:00:00,692,2.0,1.040790128220301,-121.3471624300993
2022-09-20 03:00:00,692,3.0,1.009787271308076,118.00608221799743
2022-09-20 03:00:00,675,1.0,1.0015658476271685,-2.9147725186684412
2022-09-20 03:00:00,675,2.0,1.0425295161389039,-121.48663681433328
2022-09-20 03:00:00,675,3.0,1.0099851473317758,117.97185849291415
2022-09-20 03:00:00,611,3.0,1.0091371816962258,117.81210508849665
2022-09-20 03:00:00,652,1.0,0.9998520895407906,-2.70342381216839
2022-09-20 03:00:00,670,1.0,1.0139681155674354,-1.7896728906553439
2022-09-20 03:00:00,670,2.0,1.0338728741668721,-121.09534350279918
2022-09-20 03:00:00,670,3.0,1.0161310526215033,118.53407143050039
2022-09-20 03:00:00,632,1.0,1.0185045746875332,-1.316286314887679
2022-09-20 03:00:00,632,2.0,1.0309973292499868,-120.96876023385427
2022-09-20 03:00:00,632,3.0,1.0203366017397826,118.85423793704697
2022-09-20 03:00:00,680,1.0,1.0047123185868008,-2.707168977243716
2022-09-20 03:00:00,680,2.0,1.0408647471049182,-121.30862989398683
2022-09-20 03:00:00,680,3.0,1.010060949932608,118.04807410339198
2022-09-20 03:00:00,684,1.0,1.003148631485316,-2.7468366600418213
2022-09-20 03:00:00,684,3.0,1.0094548367669218,117.92179490905754
2022-09-20 03:15:00,sourcebus,1.0,1.0000548515022067,29.996351408053727
2022-09-20 03:15:00,sourcebus,2.0,1.0000709899451465,-90.00453540505167
2022-09-20 03:15:00,sourcebus,3.0,1.0000495157728002,149.99510723513083
2022-09-20 03:15:00,650,1.0,1.0000315582901873,-0.005762507294148131
2022-09-20 03:15:00,650,2.0,1.000061303691347,-120.00505567859341
2022-09-20 03:15:00,650,3.0,1.000051452778767,119.99327760736665
2022-09-20 03:15:00,rg60,1.0,1.0374813604566455,-0.007063224965130871
2022-09-20 03:15:00,rg60,2.0,1.0312807116209273,-120.00638274729899
2022-09-20 03:15:00,rg60,3.0,1.0375059668942264,119.99164432871018
2022-09-20 03:15:00,633,1.0,1.0182018432726543,-1.2839822528717877
2022-09-20 03:15:00,633,2.0,1.0298874330789816,-120.95525056542255
2022-09-20 03:15:00,633,3.0,1.01961627559483,118.85325900679834
2022-09-20 03:15:00,634,1.0,1.0063816675138713,-1.5931717749856105
2022-09-20 03:15:00,634,2.0,1.0195267933576477,-121.19262786908325
2022-09-20 03:15:00,634,3.0,1.0089805417035616,118.60676614360652
2022-09-20 03:15:00,671,1.0,1.0064683114994948,-2.6306692994312546
2022-09-20 03:15:00,671,2.0,1.0407821266006871,-121.28469957361632
2022-09-20 03:15:00,671,3.0,1.0109000531084535,118.00505781689564
2022-09-20 03:15:00,645,2.0,1.026469164064041,-121.02781147016476
2022-09-20 03:15:00,645,3.0,1.020022239183617,118.87475855359376
2022-09-20 03:15:00,646,2.0,1.0255786410699381,-121.06714698947954
2022-09-20 03:15:00,646,3.0,1.0189619668847734,118.897803901673
2022-09-20 03:15:00,692,1.0,1.006468306760069,-2.6306693350911634
2022-09-20 03:15:00,692,2.0,1.040782126035381,-121.28469974550738
2022-09-20 03:15:00,692,3.0,1.0109000496183569,118.00505773316269
2022-09-20 03:15:00,675,1.0,1.0038159623054526,-2.797707596774014
2022-09-20 03:15:00,675,2.0,1.0425476925137416,-121.42028218707989
2022-09-20 03:15:00,675,3.0,1.01099552862524,117.96985102661688
2022-09-20 03:15:00,611,3.0,1.0102628138170897,117.81096063618477
2022-09-20 03:15:00,652,1.0,1.0019920022834912,-2.5880005166443563
2022-09-20 03:15:00,670,1.0,1.0153467486996197,-1.7114901142786754
2022-09-20 03:15:00,670,2.0,1.0339275290238232,-121.0533071694876
2022-09-20 03:15:00,670,3.0,1.0170635190637496,118.54211813180741
2022-09-20 03:15:00,632,1.0,1.0196026548548887,-1.2561993123022401
2022-09-20 03:15:00,632,2.0,1.0310432512440197,-120.93465281486746
2022-09-20 03:15:00,632,3.0,1.0210706473463365,118.85996404526654
2022-09-20 03:15:00,680,1.0,1.0067706402275818,-2.5922456983564954
2022-09-20 03:15:00,680,2.0,1.0408559077300805,-121.24692668338777
2022-09-20 03:15:00,680,3.0,1.0111682214867208,118.0461710112572
2022-09-20 03:15:00,684,1.0,1.0052381013807243,-2.6306585480428084
2022-09-20 03:15:00,684,3.0,1.0105736664023313,117.92050218128858
2022-09-20 03:30:00,sourcebus,1.0,1.0000578779369829,29.99651294198163
2022-09-20 03:30:00,sourcebus,2.0,1.0000731930230218,-90.0044055619827
2022-09-20 03:30:00,sourcebus,3.0,1.0000516514436295,149.995293777931
2022-09-20 03:30:00,650,1.0,1.0000350974522538,-0.005496622752206898
2022-09-20 03:30:00,650,2.0,1.0000646691155914,-120.00487584205533
2022-09-20 03:30:00,650,3.0,1.0000539473211905,119.99347920623265
2022-09-20 03:30:00,rg60,1.0,1.0374877284729518,-0.00674196118465724
2022-09-20 03:30:00,rg60,2.0,1.0312859499752458,-120.00617326391341
2022-09-20 03:30:00,rg60,3.0,1.037510298739788,119.99186986139033
2022-09-20 03:30:00,633,1.0,1.0194340625903164,-1.2150979493951455
2022-09-20 03:30:00,633,2.0,1.029926657307163,-120.91439192794813
2022-09-20 03:30:00,633,3.0,1.020442507993005,118.86465798271112
2022-09-20 03:30:00,634,1.0,1.008192465330887,-1.5056038280766955
2022-09-20 03:30:00,634,2.0,1.0196058608191785,-121.14884479649231
2022-09-20 03:30:00,634,3.0,1.0100163803113216,118.62560091917828
2022-09-20 03:30:00,671,1.0,1.0086250690989946,-2.5026592481727477
2022-09-20 03:30:00,671,2.0,1.0408058282806887,-121.20999488882941
2022-09-20 03:30:00,671,3.0,1.0121128346748243,118.0179175402248
2022-09-20 03:30:00,645,2.0,1.0266217180700967,-120.98567477362205
2022-09-20 03:30:00,645,3.0,1.0208305805321833,118.88696404202148
2022-09-20 03:30:00,646,2.0,1.0257494102808373,-121.02419351857513
2022-09-20 03:30:00,646,3.0,1.0197918757304691,118.90949186747174
2022-09-20 03:30:00,692,1.0,1.0086250645761519,-2.502659287202481
2022-09-20 03:30:00,692,2.0,1.0408058277400947,-121.20999506192429
2022-09-20 03:30:00,692,3.0,1.0121128311235466,118.0179174587529
2022-09-20 03:30:00,675,1.0,1.0061568060046424,-2.668465150266412
2022-09-20 03:30:00,675,2.0,1.0425974063262693,-121.34170995784216
2022-09-20 03:30:00,675,3.0,1.0121065920435663,117.98173078594492
2022-09-20 03:30:00,611,3.0,1.0114887339207153,117.82370391798737
2022-09-20 03:30:00,652,1.0,1.0042233997058918,-2.4604246207409264
2022-09-20 03:30:00,670,1.0,1.0167873402078618,-1.6252173309957343
2022-09-20 03:30:00,670,2.0,1.034004128981933,-121.00306708398996
2022-09-20 03:30:00,670,3.0,1.0180639647982073,118.55932424610745
2022-09-20 03:30:00,632,1.0,1.0207471330487399,-1.1900454998977552
2022-09-20 03:30:00,632,2.0,1.0311060858336776,-120.89439037147815
2022-09-20 03:30:00,632,3.0,1.021856587966072,118.87253601519002
2022-09-20 03:30:00,680,1.0,1.0089455077934286,-2.462014256603124
2022-09-20 03:30:00,680,2.0,1.0408849112440497,-121.16985716686584
2022-09-20 03:30:00,680,3.0,1.0123975523580464,118.061540232698
2022-09-20 03:30:00,684,1.0,1.007419115227249,-2.502329765676394
2022-09-20 03:30:00,684,3.0,1.0117926639189487,117.9330948839507
2022-09-20 03:45:00,sourcebus,1.0,1.0000572219578312,29.996495650557257
2022-09-20 03:45:00,sourcebus,2.0,1.0000739687034141,-90.00432282064102
2022-09-20 03:45:00,sourcebus,3.0,1.0000532234111565,149.99525546958012
2022-09-20 03:45:00,650,1.0,1.0000353712320054,-0.005595715845332159
2022-09-20 03:45:00,650,2.0,1.0000643815671828,-120.00480675823634
2022-09-20 03:45:00,650,3.0,1.0000561759385096,119.99354881031333
2022-09-20 03:45:00,rg60,1.0,1.0374872291745891,-0.006883873251393474
2022-09-20 03:45:00,rg60,2.0,1.0312861223876935,-120.00609629250792
2022-09-20 03:45:00,rg60,3.0,1.0312638319660103,119.99195937670117
2022-09-20 03:45:00,633,1.0,1.0188654947462625,-1.2655594428300991
2022-09-20 03:45:00,633,2.0,1.0307435853739897,-120.91032021606536
2022-09-20 03:45:00,633,3.0,1.0144946867568403,118.90678109589545
2022-09-20 03:45:00,634,1.0,1.007468173375138,-1.564106369123277
2022-09-20 03:45:00,634,2.0,1.0210087706434863,-121.1331812365647
2022-09-20 03:45:00,634,3.0,1.0043528652724316,118.67034079079028
2022-09-20 03:45:00,671,1.0,1.0076635481522918,-2.5863931489069696
2022-09-20 03:45:00,671,2.0,1.0417339788797053,-121.21995731487438
2022-09-20 03:45:00,671,3.0,1.0063255406267688,118.08968941567286
2022-09-20 03:45:00,645,2.0,1.0274270908593102,-120.98020676103336
2022-09-20 03:45:00,645,3.0,1.0148812451488698,118.9270554658256
2022-09-20 03:45:00,646,2.0,1.0265704434091356,-121.01787833493279
2022-09-20 03:45:00,646,3.0,1.0138633662714118,118.94940737018746
2022-09-20 03:45:00,692,1.0,1.0076635434206789,-2.586393188439085
2022-09-20 03:45:00,692,2.0,1.0417339783214408,-121.21995748713684
2022-09-20 03:45:00,692,3.0,1.006325537199801,118.08968933066465
2022-09-20 03:45:00,675,1.0,1.0049908974724409,-2.7534316946025097
2022-09-20 03:45:00,675,2.0,1.0435110606993412,-121.35576810215188
2022-09-20 03:45:00,675,3.0,1.0064120387000686,118.05426501793201
2022-09-20 03:45:00,611,3.0,1.0057619186742741,117.89585479140777
2022-09-20 03:45:00,652,1.0,1.0034293862356298,-2.54488439967353
2022-09-20 03:45:00,670,1.0,1.0161265019290937,-1.6844347149346475
2022-09-20 03:45:00,670,2.0,1.0347903031355918,-121.00338869284697
2022-09-20 03:45:00,670,3.0,1.0121742932011009,118.60917650829919
2022-09-20 03:45:00,632,1.0,1.020222947816637,-1.2380521482054794
2022-09-20 03:45:00,632,2.0,1.0318138931999976,-120.8909708851613
2022-09-20 03:45:00,632,3.0,1.0158893660668737,118.91252874255555
2022-09-20 03:45:00,680,1.0,1.0079901264173885,-2.5446224878152983
2022-09-20 03:45:00,680,2.0,1.0418164449789673,-121.1789208677061
2022-09-20 03:45:00,680,3.0,1.0066197672902915,118.13512596757145
2022-09-20 03:45:00,684,1.0,1.0065061297003879,-2.5852635327267244
2022-09-20 03:45:00,684,3.0,1.0060363999653958,118.00466773360856
2022-09-20 04:00:00,sourcebus,1.0,1.000056516294458,29.99647576688138
2022-09-20 04:00:00,sourcebus,2.0,1.0000745923773295,-90.00425731155707
2022-09-20 04:00:00,sourcebus,3.0,1.000054473235062,149.9952123258441
2022-09-20 04:00:00,650,1.0,1.0000354255377135,-0.005694617726565884
2022-09-20 04:00:00,650,2.0,1.0000640517166608,-120.0047507914852
2022-09-20 04:00:00,650,3.0,1.0000579915141765,119.99359761944689
2022-09-20 04:00:00,rg60,1.0,1.0374864585237669,-0.007025053849334838
2022-09-20 04:00:00,rg60,2.0,1.031286200178494,-120.00603359233396
2022-09-20 04:00:00,rg60,3.0,1.0312667048869566,119.99202548318304
2022-09-20 04:00:00,633,1.0,1.0182278174540405,-1.3172548458674875
2022-09-20 04:00:00,633,2.0,1.0315752184770683,-120.90854167253806
2022-09-20 04:00:00,633,3.0,1.0147568266073912,118.96152435552732
2022-09-20 04:00:00,634,1.0,1.0066014226003461,-1.621709014381202
2022-09-20 04:00:00,634,2.0,1.0223540229275383,-121.11772068438033
2022-09-20 04:00:00,634,3.0,1.0048920060323354,118.73287468482218
2022-09-20 04:00:00,671,1.0,1.006624794625736,-2.673074059032995
2022-09-20 04:00:00,671,2.0,1.0427079249273568,-121.23396110033278
2022-09-20 04:00:00,671,3.0,1.0067563843418974,118.18108465177752
2022-09-20 04:00:00,645,2.0,1.028253037525995,-120.97746894247913
2022-09-20 04:00:00,645,3.0,1.0151316175271436,118.97897339664331
2022-09-20 04:00:00,646,2.0,1.027410764293841,-121.01449863487758
2022-09-20 04:00:00,646,3.0,1.01413083570387,119.00098223875325
2022-09-20 04:00:00,692,1.0,1.0066247896864127,-2.6730740990365915
2022-09-20 04:00:00,692,2.0,1.0427079243514639,-121.23396127176771
2022-09-20 04:00:00,692,3.0,1.0067563810544669,118.18108456411073
2022-09-20 04:00:00,675,1.0,1.0037441629936474,-2.841196300637653
2022-09-20 04:00:00,675,2.0,1.0444696003929526,-121.37413635275755
2022-09-20 04:00:00,675,3.0,1.0069458398055218,118.14716225722643
2022-09-20 04:00:00,611,3.0,1.0062699132797954,117.98789714965498
2022-09-20 04:00:00,652,1.0,1.002557736626406,-2.6321120465490564
2022-09-20 04:00:00,670,1.0,1.0154008467513258,-1.7462091849856356
2022-09-20 04:00:00,670,2.0,1.035614205553592,-121.00645647719084
2022-09-20 04:00:00,670,3.0,1.0124759748258714,118.67432339707246
2022-09-20 04:00:00,632,1.0,1.019640797646486,-1.2876917876785
2022-09-20 04:00:00,632,2.0,1.0325444870028369,-120.8899408912986
2022-09-20 04:00:00,632,3.0,1.0161281407473466,118.96449428004803
2022-09-20 04:00:00,680,1.0,1.006955328651907,-2.630871702569789
2022-09-20 04:00:00,680,2.0,1.0427904766022154,-121.1926024266663
2022-09-20 04:00:00,680,3.0,1.0070521919793949,118.22681853942579
2022-09-20 04:00:00,684,1.0,1.0055154504566888,-2.6709627977103265
2022-09-20 04:00:00,684,3.0,1.0065066365363402,118.09592123403785
2022-09-20 04:15:00,sourcebus,1.0,1.000055318357315,29.996332286097072
2022-09-20 04:15:00,sourcebus,2.0,1.0000714509994104,-90.00435902957507
2022-09-20 04:15:00,sourcebus,3.0,1.0000529348629108,149.99518615323856
2022-09-20 04:15:00,650,1.0,1.000034381164902,-0.005778731583159516
2022-09-20 04:15:00,650,2.0,1.0000607155664953,-120.00497503437107
2022-09-20 04:15:00,650,3.0,1.000054796584924,119.99353464559022
2022-09-20 04:15:00,rg60,1.0,1.0374848956279294,-0.007099494242451042
2022-09-20 04:15:00,rg60,2.0,1.0312800503942419,-120.00629504846763
2022-09-20 04:15:00,rg60,3.0,1.0312622390354396,119.99195642252761
2022-09-20 04:15:00,633,1.0,1.017857815265192,-1.2725214941292815
2022-09-20 04:15:00,633,2.0,1.0299161693310357,-120.98358703417144
2022-09-20 04:15:00,633,3.0,1.014796519322681,118.92298906841285
2022-09-20 04:15:00,634,1.0,1.0056756715527513,-1.5953401762280714
2022-09-20 04:15:00,634,2.0,1.019878832312041,-121.21594041557675
2022-09-20 04:15:00,634,3.0,1.0046096602252326,118.68367185649714
2022-09-20 04:15:00,671,1.0,1.0063240728326717,-2.6235167448213104
2022-09-20 04:15:00,671,2.0,1.0412405694222,-121.29773382104668
2022-09-20 04:15:00,671,3.0,1.006709030014124,118.13070644171894
2022-09-20 04:15:00,645,2.0,1.0259705444800753,-121.06015401354242
2022-09-20 04:15:00,645,3.0,1.0152064503208336,118.93907267449607
2022-09-20 04:15:00,646,2.0,1.0250613892637597,-121.10030054680256
2022-09-20 04:15:00,646,3.0,1.0141252002230918,118.9628323320913
2022-09-20 04:15:00,692,1.0,1.0063240679450098,-2.6235167829350186
2022-09-20 04:15:00,692,2.0,1.041240568848439,-121.29773399254368
2022-09-20 04:15:00,692,3.0,1.006709026650776,118.13070635522918
2022-09-20 04:15:00,675,1.0,1.0035104389002347,-2.7914799711864506
2022-09-20 04:15:00,675,2.0,1.0430030164437611,-121.43642346726969
2022-09-20 04:15:00,675,3.0,1.0068662789968614,118.09622230697045
2022-09-20 04:15:00,611,3.0,1.006125538797113,117.93711303586615
2022-09-20 04:15:00,652,1.0,1.0019629407225443,-2.581345101454626
2022-09-20 04:15:00,670,1.0,1.0151065921326217,-1.698934684283816
2022-09-20 04:15:00,670,2.0,1.034061040665014,-121.07693235485627
2022-09-20 04:15:00,670,3.0,1.0124977695503905,118.63103635747544
2022-09-20 04:15:00,632,1.0,1.0193488984742831,-1.242603254547335
2022-09-20 04:15:00,632,2.0,1.0309971562556595,-120.96195055191748
2022-09-20 04:15:00,632,3.0,1.0161928050682045,118.92652298491633
2022-09-20 04:15:00,680,1.0,1.0066509371671857,-2.581734313777127
2022-09-20 04:15:00,680,2.0,1.041323061234696,-121.2567021921334
2022-09-20 04:15:00,680,3.0,1.0070020649836986,118.17601671456003
2022-09-20 04:15:00,684,1.0,1.005126068729623,-2.6229163592055955
2022-09-20 04:15:00,684,3.0,1.00641011154651,118.04613388794591
2022-09-20 04:30:00,sourcebus,1.0,1.0000541114796933,29.996188920664856
2022-09-20 04:30:00,sourcebus,2.0,1.0000683003265711,-90.00445968036036
2022-09-20 04:30:00,sourcebus,3.0,1.0000514017617037,149.99516058977497
2022-09-20 04:30:00,650,1.0,1.00003333842999,-0.005862547892430023
2022-09-20 04:30:00,650,2.0,1.0000573582871635,-120.00519855729033
2022-09-20 04:30:00,650,3.0,1.0000516028225561,119.9934729900507
2022-09-20 04:30:00,rg60,1.0,1.0374833391668066,-0.0071734622474866234
2022-09-20 04:30:00,rg60,2.0,1.0312738711451477,-120.00655515359293
2022-09-20 04:30:00,rg60,3.0,1.0312577802580176,119.99188895737382
2022-09-20 04:30:00,633,1.0,1.0174924911253704,-1.2273905029185466
2022-09-20 04:30:00,633,2.0,1.0282474924206013,-121.05868763210367
2022-09-20 04:30:00,633,3.0,1.0148397365121071,118.88444730853615
2022-09-20 04:30:00,634,1.0,1.0047535958770024,-1.568620394100034
2022-09-20 04:30:00,634,2.0,1.0173899223333502,-121.31441337730311
2022-09-20 04:30:00,634,3.0,1.0043306712810662,118.63444985577613
2022-09-20 04:30:00,671,1.0,1.006029763787437,-2.57341205328333
2022-09-20 04:30:00,671,2.0,1.0397640323426043,-121.36136433476342
2022-09-20 04:30:00,671,3.0,1.0066663329096681,118.08047855427286
2022-09-20 04:30:00,645,2.0,1.023676744457225,-121.14293619711954
2022-09-20 04:30:00,645,3.0,1.0152856903598273,118.89912696854843
2022-09-20 04:30:00,646,2.0,1.0227010234202167,-121.18621337231764
2022-09-20 04:30:00,646,3.0,1.0141241928798692,118.9246294328508
2022-09-20 04:30:00,692,1.0,1.006029758951631,-2.57341208950234
2022-09-20 04:30:00,692,2.0,1.0397640317709924,-121.36136450632246
2022-09-20 04:30:00,692,3.0,1.0066663294704161,118.080478468956
2022-09-20 04:30:00,675,1.0,1.0032831480976292,-2.741212908311644
2022-09-20 04:30:00,675,2.0,1.0415271472168333,-121.49856395992974
2022-09-20 04:30:00,675,3.0,1.0067914015983093,118.04542969842281
2022-09-20 04:30:00,611,3.0,1.005985703784511,117.88647621695462
2022-09-20 04:30:00,652,1.0,1.001374833378484,-2.5300361195381256
2022-09-20 04:30:00,670,1.0,1.0148176401562665,-1.651216930406074
2022-09-20 04:30:00,670,2.0,1.0324987397656145,-121.14739479864994
2022-09-20 04:30:00,670,3.0,1.012523465161269,118.58779993646881
2022-09-20 04:30:00,632,1.0,1.0190616534368202,-1.1971258484141822
2022-09-20 04:30:00,632,2.0,1.0294408586574548,-121.03400084687755
2022-09-20 04:30:00,632,3.0,1.0162609842864785,118.88855370066187
2022-09-20 04:30:00,680,1.0,1.0063534935450813,-2.531982904640677
2022-09-20 04:30:00,680,2.0,1.0398465950840374,-121.32059344831218
2022-09-20 04:30:00,680,3.0,1.0069570575769125,118.12543782151587
2022-09-20 04:30:00,684,1.0,1.004743189712985,-2.574325991410768
2022-09-20 04:30:00,684,3.0,1.0063181334279212,117.99649462600983
2022-09-20 04:45:00,sourcebus,1.0,1.000055669392314,29.99630647494757
2022-09-20 04:45:00,sourcebus,2.0,1.0000701713406743,-90.00445547264682
2022-09-20 04:45:00,sourcebus,3.0,1.0000514028649483,149.99520593514026
2022-09-20 04:45:00,650,1.0,1.000034071699594,-0.0057244948358978025
2022-09-20 04:45:00,650,2.0,1.0000602685870519,-120.00509130736076
2022-09-20 04:45:00,650,3.0,1.0000523741157181,119.99345592758304
2022-09-20 04:45:00,rg60,1.0,1.0374851567122048,-0.007012304854352737
2022-09-20 04:45:00,rg60,2.0,1.0312785609906894,-120.00642943011144
2022-09-20 04:45:00,rg60,3.0,1.031258424961958,119.99185417914056
2022-09-20 04:45:00,633,1.0,1.0184157304073846,-1.2222497439496274
2022-09-20 04:45:00,633,2.0,1.028908351071337,-120.99891425751865
2022-09-20 04:45:00,633,3.0,1.014483446583367,118.85984102841266
2022-09-20 04:45:00,634,1.0,1.006463382734912,-1.538925024108215
2022-09-20 04:45:00,634,2.0,1.018884131695896,-121.23160434322314
2022-09-20 04:45:00,634,3.0,1.004118181410963,118.61544867200196
2022-09-20 04:45:00,671,1.0,1.0071649985416962,-2.553447744329237
2022-09-20 04:45:00,671,2.0,1.0403022784215146,-121.28972830129808
2022-09-20 04:45:00,671,3.0,1.006291812782727,118.03681501158597
2022-09-20 04:45:00,645,2.0,1.0244315602083978,-121.08443772588666
2022-09-20 04:45:00,645,3.0,1.0149214399578363,118.87637457123246
2022-09-20 04:45:00,646,2.0,1.0234681851510254,-121.1270460863824
2022-09-20 04:45:00,646,3.0,1.0137753839075097,118.90151655716073
2022-09-20 04:45:00,692,1.0,1.0071649937235654,-2.5534477790507895
2022-09-20 04:45:00,692,2.0,1.0403022778354734,-121.28972847215825
2022-09-20 04:45:00,692,3.0,1.0062918094266953,118.03681492171853
2022-09-20 04:45:00,675,1.0,1.0044516996206914,-2.718382091916599
2022-09-20 04:45:00,675,2.0,1.0420098635378512,-121.42743130192999
2022-09-20 04:45:00,675,3.0,1.0065307917759587,118.00034937231999
2022-09-20 04:45:00,611,3.0,1.0051663852796866,117.83358957895827
2022-09-20 04:45:00,652,1.0,1.0025757044854235,-2.5113650930841187
2022-09-20 04:45:00,670,1.0,1.0157551145671992,-1.6425914954638476
2022-09-20 04:45:00,670,2.0,1.0330550887194483,-121.08443252597867
2022-09-20 04:45:00,670,3.0,1.012112118442347,118.55510241836568
2022-09-20 04:45:00,632,1.0,1.0198558056531812,-1.1928082344474458
2022-09-20 04:45:00,632,2.0,1.0299989105848253,-120.97817495531011
2022-09-20 04:45:00,632,3.0,1.0159110539026572,118.86497645796939
2022-09-20 04:45:00,680,1.0,1.0074860275244977,-2.5123430720657622
2022-09-20 04:45:00,680,2.0,1.0403839989270944,-121.24927967840767
2022-09-20 04:45:00,680,3.0,1.0065813414069358,118.08152652641552
2022-09-20 04:45:00,684,1.0,1.0059400418556819,-2.555548609035134
2022-09-20 04:45:00,684,3.0,1.0057208145547756,117.94823694651124
2022-09-20 05:00:00,sourcebus,1.0,1.0000572102215985,29.99642209715641
2022-09-20 05:00:00,sourcebus,2.0,1.000072027859178,-90.0044529717067
2022-09-20 05:00:00,sourcebus,3.0,1.0000513915778333,149.99524933265945
2022-09-20 05:00:00,650,1.0,1.0000347868997026,-0.005589145719671766
2022-09-20 05:00:00,650,2.0,1.000063157801496,-120.00498643102306
2022-09-20 05:00:00,650,3.0,1.0000531303079705,119.99343646917592
2022-09-20 05:00:00,rg60,1.0,1.0374869374740543,-0.006854600451525431
2022-09-20 05:00:00,rg60,2.0,1.0312832116025796,-120.00630664934734
2022-09-20 05:00:00,rg60,3.0,1.031259038312167,119.99181634727455
2022-09-20 05:00:00,633,1.0,1.0193336505242319,-1.2176045271049398
2022-09-20 05:00:00,633,2.0,1.0295667589019253,-120.93965537617251
2022-09-20 05:00:00,633,3.0,1.014122899431505,118.83473127730961
2022-09-20 05:00:00,634,1.0,1.0081649225763143,-1.5098650850436286
2022-09-20 05:00:00,634,2.0,1.0203735582072309,-121.14941756225124
2022-09-20 05:00:00,634,3.0,1.0039017007758964,118.59593162245206
2022-09-20 05:00:00,671,1.0,1.0082913712905437,-2.534546823542819
2022-09-20 05:00:00,671,2.0,1.0408383796753506,-121.21906774972622
2022-09-20 05:00:00,671,3.0,1.0059087508332232,117.9921581759459
2022-09-20 05:00:00,645,2.0,1.0251840068648417,-121.02644630717828
2022-09-20 05:00:00,645,3.0,1.0145528190382869,118.8531135149446
2022-09-20 05:00:00,646,2.0,1.0242330132355104,-121.06838735952029
2022-09-20 05:00:00,646,3.0,1.0134222322826456,118.87789547594966
2022-09-20 05:00:00,692,1.0,1.0082913664899646,-2.534546856772507
2022-09-20 05:00:00,692,2.0,1.0408383790749096,-121.21906791988783
2022-09-20 05:00:00,692,3.0,1.0059087475604456,117.99215808151656
2022-09-20 05:00:00,675,1.0,1.0056114047424118,-2.696627103014541
2022-09-20 05:00:00,675,2.0,1.0424903904060818,-121.35726591692247
2022-09-20 05:00:00,675,3.0,1.0062617384817927,117.95427475189545
2022-09-20 05:00:00,611,3.0,1.0043384793016945,117.77970223615638
2022-09-20 05:00:00,652,1.0,1.0037676584385005,-2.4937619510060576
2022-09-20 05:00:00,670,1.0,1.0166863205230166,-1.6346485773987087
2022-09-20 05:00:00,670,2.0,1.0336093350905722,-121.02213259656028
2022-09-20 05:00:00,670,3.0,1.0116948911885428,118.52173741340268
2022-09-20 05:00:00,632,1.0,1.0206450584451472,-1.1889877709731995
2022-09-20 05:00:00,632,2.0,1.030554805160391,-120.92285233564166
2022-09-20 05:00:00,632,3.0,1.015556721908766,118.84089798218154
2022-09-20 05:00:00,680,1.0,1.0086078805221728,-2.49399901556744
2022-09-20 05:00:00,680,2.0,1.0409187929358095,-121.17917126263085
2022-09-20 05:00:00,680,3.0,1.0061954263777444,118.0363666059472
2022-09-20 05:00:00,684,1.0,1.0071279766853023,-2.537840354097775
2022-09-20 05:00:00,684,3.0,1.0051149261903678,117.89898443983633
2022-09-20 05:15:00,sourcebus,1.0,1.0000500441847575,29.996188395640864
2022-09-20 05:15:00,sourcebus,2.0,1.0000689130283633,-90.0046946921204
2022-09-20 05:15:00,sourcebus,3.0,1.0000461300498238,149.9948106069503
2022-09-20 05:15:00,650,1.0,1.0000253938068606,-0.006140807592686164
2022-09-20 05:15:00,650,2.0,1.0000573356744478,-120.00520184351387
2022-09-20 05:15:00,650,3.0,1.0000484470439672,119.99296213251286
2022-09-20 05:15:00,rg60,1.0,1.0374705292074557,-0.007528420723604006
2022-09-20 05:15:00,rg60,2.0,1.0312753121248444,-120.00653939242112
2022-09-20 05:15:00,rg60,3.0,1.0312501774771285,119.9912973006643
2022-09-20 05:15:00,633,1.0,1.0163669306840082,-1.4280183495279566
2022-09-20 05:15:00,633,2.0,1.0307281951116851,-120.96476544792239
2022-09-20 05:15:00,633,3.0,1.0117238778982365,118.8355174967349
2022-09-20 05:15:00,634,1.0,1.0037537144146893,-1.7658699496676502
2022-09-20 05:15:00,634,2.0,1.0206543225129743,-121.2001067421161
2022-09-20 05:15:00,634,3.0,1.002332022346355,118.61350689631512
2022-09-20 05:15:00,671,1.0,1.003844704294638,-2.942484930574875
2022-09-20 05:15:00,671,2.0,1.0431248453517252,-121.24023868524046
2022-09-20 05:15:00,671,3.0,1.000419917795696,117.9552150724558
2022-09-20 05:15:00,645,2.0,1.0266056297727313,-121.03924573799453
2022-09-20 05:15:00,645,3.0,1.0120227511724607,118.84636936727279
2022-09-20 05:15:00,646,2.0,1.0256899062206273,-121.07948572916057
2022-09-20 05:15:00,646,3.0,1.0109355041473624,118.87034245325509
2022-09-20 05:15:00,692,1.0,1.0038446988750582,-2.9424849541414635
2022-09-20 05:15:00,692,2.0,1.0431248447555532,-121.2402388557261
2022-09-20 05:15:00,692,3.0,1.000419914130978,117.95521499490124
2022-09-20 05:15:00,675,1.0,1.0005718785390645,-3.119086870089675
2022-09-20 05:15:00,675,2.0,1.0449716152511221,-121.38538376563
2022-09-20 05:15:00,675,3.0,1.0004655768978121,117.9260301909059
2022-09-20 05:15:00,611,3.0,0.998887437591839,117.7456472768543
2022-09-20 05:15:00,652,1.0,0.9988902185261612,-2.8993074484566064
2022-09-20 05:15:00,670,1.0,1.0134482404008165,-1.9091232088567303
2022-09-20 05:15:00,670,2.0,1.0351868878384465,-121.03847755334125
2022-09-20 05:15:00,670,3.0,1.0080793397492045,118.5014193320821
2022-09-20 05:15:00,632,1.0,1.0179848698504061,-1.3975140953544531
2022-09-20 05:15:00,632,2.0,1.0317920154482625,-120.93960659370343
2022-09-20 05:15:00,632,3.0,1.012983603828694,118.83460657215832
2022-09-20 05:15:00,680,1.0,1.004157768198726,-2.9020991340435462
2022-09-20 05:15:00,680,2.0,1.043201054460541,-121.20113407670884
2022-09-20 05:15:00,680,3.0,1.0007041665842813,117.99912322968183
2022-09-20 05:15:00,684,1.0,1.0025327276352902,-2.9473135850236547
2022-09-20 05:15:00,684,3.0,0.9996461441779987,117.86464615506765
2022-09-20 05:30:00,sourcebus,1.0,1.0000428152768914,29.99596083419801
2022-09-20 05:30:00,sourcebus,2.0,1.000065781702202,-90.00493463183956
2022-09-20 05:30:00,sourcebus,3.0,1.00004076295766,149.99437353828898
2022-09-20 05:30:00,650,1.0,1.0000158490402746,-0.0066866757132564136
2022-09-20 05:30:00,650,2.0,1.000051491408064,-120.00541140945737
2022-09-20 05:30:00,650,3.0,1.0000436870102491,119.99248838319852
2022-09-20 05:30:00,rg60,1.0,1.037453922427643,-0.008192036120062814
2022-09-20 05:30:00,rg60,2.0,1.0312674051760529,-120.00676446890809
2022-09-20 05:30:00,rg60,3.0,1.0312412207824255,119.99078032173097
2022-09-20 05:30:00,633,1.0,1.0133654919660149,-1.6382534482557927
2022-09-20 05:30:00,633,2.0,1.0318948841914422,-120.98990584480013
2022-09-20 05:30:00,633,3.0,1.0093217390594453,118.83743292747002
2022-09-20 05:30:00,634,1.0,0.9992943908846216,-2.0224036878264973
2022-09-20 05:30:00,634,2.0,1.020941297167756,-121.25077032601796
2022-09-20 05:30:00,634,3.0,1.0007621231275006,118.63233303928622
2022-09-20 05:30:00,671,1.0,0.9993671302981589,-3.351493694975432
2022-09-20 05:30:00,671,2.0,1.0454186032695434,-121.26117861653509
2022-09-20 05:30:00,671,3.0,0.9949203981774395,117.91988239470477
2022-09-20 05:30:00,645,2.0,1.0280316358420447,-121.05206209798774
2022-09-20 05:30:00,645,3.0,1.0094883613481194,118.84063850571212
2022-09-20 05:30:00,646,2.0,1.027151214257373,-121.09061161394747
2022-09-20 05:30:00,646,3.0,1.008444382438379,118.86379478800848
2022-09-20 05:30:00,692,1.0,0.9993671242534301,-3.351493708653764
2022-09-20 05:30:00,692,2.0,1.0454186026776322,-121.26117878734169
2022-09-20 05:30:00,692,3.0,0.9949203941153644,117.91988233438029
2022-09-20 05:30:00,675,1.0,0.9954974789129917,-3.5429401054714402
2022-09-20 05:30:00,675,2.0,1.0474594786755573,-121.4133300636909
2022-09-20 05:30:00,675,3.0,0.9946563297502442,117.89945527011565
2022-09-20 05:30:00,611,3.0,0.993426145991204,117.71320976899037
2022-09-20 05:30:00,652,1.0,0.9939863915219974,-3.305930372688764
2022-09-20 05:30:00,670,1.0,1.0101764157281339,-2.183608036003977
2022-09-20 05:30:00,670,2.0,1.036769951035751,-121.05473520422711
2022-09-20 05:30:00,670,3.0,1.0044568865693875,118.48230303632587
2022-09-20 05:30:00,632,1.0,1.0152930713677089,-1.6057916317226957
2022-09-20 05:30:00,632,2.0,1.0330338945988609,-120.95635598610025
2022-09-20 05:30:00,632,3.0,1.010406211406633,118.82934048525668
2022-09-20 05:30:00,680,1.0,0.9996803062870041,-3.3108095717621127
2022-09-20 05:30:00,680,2.0,1.0454915469289505,-121.22241215071027
2022-09-20 05:30:00,680,3.0,0.9952054197516238,117.96399316258554
2022-09-20 05:30:00,684,1.0,0.9979080633885202,-3.3578598896283234
2022-09-20 05:30:00,684,3.0,0.9941671523025701,117.83192265971745
2022-09-20 05:45:00,sourcebus,1.0,1.000017081693318,29.994761046905122
2022-09-20 05:45:00,sourcebus,2.0,1.0000416261251757,-90.00630233094921
2022-09-20 05:45:00,sourcebus,3.0,1.0000132806698663,149.99301146337245
2022-09-20 05:45:00,650,1.0,0.9999805336730816,-0.008440052711925435
2022-09-20 05:45:00,650,2.0,1.0000211060363082,-120.0071035520316
2022-09-20 05:45:00,650,3.0,1.0000099107322316,119.99057400026132
2022-09-20 05:45:00,rg60,1.0,1.0436455704203145,-0.010152617474873803
2022-09-20 05:45:00,rg60,2.0,1.0312186909494454,-120.00867015642854
2022-09-20 05:45:00,rg60,3.0,1.0374351159684094,119.98867066701482
2022-09-20 05:45:00,633,1.0,1.0109407745148584,-1.9873500973789378
2022-09-20 05:45:00,633,2.0,1.0280160990543745,-121.33054300338193
2022-09-20 05:45:00,633,3.0,1.0065295899716007,118.55245657849794
2022-09-20 05:45:00,634,1.0,0.9928785776480091,-2.4965728688145528
2022-09-20 05:45:00,634,2.0,1.0159282200991433,-121.63092678649166
2022-09-20 05:45:00,634,3.0,0.9968473796068115,118.30749716385611
2022-09-20 05:45:00,671,1.0,0.9919228058126682,-4.089011862957171
2022-09-20 05:45:00,671,2.0,1.040642237981619,-121.72350158284362
2022-09-20 05:45:00,671,3.0,0.9838413095373735,117.34169435593057
2022-09-20 05:45:00,645,2.0,1.022422642099249,-121.412189698588
2022-09-20 05:45:00,645,3.0,1.0067948740563528,118.54518988158208
2022-09-20 05:45:00,646,2.0,1.0213410100024454,-121.4599515303658
2022-09-20 05:45:00,646,3.0,1.0055108163311448,118.57373860948199
2022-09-20 05:45:00,692,1.0,0.9919227988235655,-4.0890118453234905
2022-09-20 05:45:00,692,2.0,1.0406422372840671,-121.72350174840841
2022-09-20 05:45:00,692,3.0,0.9838413044033322,117.34169433102295
2022-09-20 05:45:00,675,1.0,0.9872994266602031,-4.30424018185934
2022-09-20 05:45:00,675,2.0,1.0428854788585233,-121.88094532768933
2022-09-20 05:45:00,675,3.0,0.982924420925283,117.33158379005545
2022-09-20 05:45:00,611,3.0,0.9816923570300369,117.12863914986295
2022-09-20 05:45:00,652,1.0,0.9851982617451103,-4.037968026389429
2022-09-20 05:45:00,670,1.0,1.006429410309078,-2.644771780547136
2022-09-20 05:45:00,670,2.0,1.0324209307718515,-121.43714591009721
2022-09-20 05:45:00,670,3.0,0.9989893121131629,118.0904402177585
2022-09-20 05:45:00,632,1.0,1.0134958058047097,-1.9398342369731159
2022-09-20 05:45:00,632,2.0,1.0291395781600143,-121.28901949469338
2022-09-20 05:45:00,632,3.0,1.0077936338095126,118.53577568416547
2022-09-20 05:45:00,680,1.0,0.9922359490990463,-4.047822939773901
2022-09-20 05:45:00,680,2.0,1.0407140095487168,-121.68459326766974
2022-09-20 05:45:00,680,3.0,0.9841290413056681,117.38660763862715
2022-09-20 05:45:00,684,1.0,0.9900736823825856,-4.103055183716042
2022-09-20 05:45:00,684,3.0,0.982760672333682,117.2545109892842
2022-09-20 06:00:00,sourcebus,1.0,0.9999906541695922,29.993568131519876
2022-09-20 06:00:00,sourcebus,2.0,1.000016542242481,-90.00768429595068
2022-09-20 06:00:00,sourcebus,3.0,0.9999846678951525,149.9916573147973
2022-09-20 06:00:00,650,1.0,0.999943965683562,-0.010178134390086255
2022-09-20 06:00:00,650,2.0,0.9999898481481965,-120.0088085787241
2022-09-20 06:00:00,650,3.0,0.999974625931436,119.98865168673296
2022-09-20 06:00:00,rg60,1.0,1.0498347194839588,-0.012075645541743453
2022-09-20 06:00:00,rg60,2.0,1.037418242705421,-120.01058572508974
2022-09-20 06:00:00,rg60,3.0,1.043626204022412,119.9865737793126
2022-09-20 06:00:00,633,1.0,1.0083133713253507,-2.336804246895036
2022-09-20 06:00:00,633,2.0,1.0305107314687558,-121.65785300871205
2022-09-20 06:00:00,633,3.0,1.0034704974086774,118.27759697360986
2022-09-20 06:00:00,634,1.0,0.986126875553411,-2.971494808086355
2022-09-20 06:00:00,634,2.0,1.017293062551702,-121.99215693287329
2022-09-20 06:00:00,634,3.0,0.9925838961302812,117.99423082276039
2022-09-20 06:00:00,671,1.0,0.9842421108067492,-4.834800996763595
2022-09-20 06:00:00,671,2.0,1.0423183812844568,-122.1710675456806
2022-09-20 06:00:00,671,3.0,0.9723750720224736,116.76995269836854
2022-09-20 06:00:00,645,2.0,1.0231974747441759,-121.75868285573856
2022-09-20 06:00:00,645,3.0,1.0038377249317252,118.25961046759845
2022-09-20 06:00:00,646,2.0,1.0219111731615995,-121.81538541251146
2022-09-20 06:00:00,646,3.0,1.0023123223251253,118.2937999742509
2022-09-20 06:00:00,692,1.0,0.9842421028557425,-4.834800947092409
2022-09-20 06:00:00,692,2.0,1.0423183804851839,-122.17106770639103
2022-09-20 06:00:00,692,3.0,0.9723750657946999,116.76995271044449
2022-09-20 06:00:00,675,1.0,0.9788446803998346,-5.074738130385874
2022-09-20 06:00:00,675,2.0,1.0447818759629797,-122.33397274488856
2022-09-20 06:00:00,675,3.0,0.9707943757398659,116.77084699823767
2022-09-20 06:00:00,611,3.0,0.9695712485082254,116.55019229582908
2022-09-20 06:00:00,652,1.0,0.9762021532428892,-4.778298763545822
2022-09-20 06:00:00,670,1.0,1.002469048594296,-3.1078084088296936
2022-09-20 06:00:00,670,2.0,1.0344683187131873,-121.80596924590351
2022-09-20 06:00:00,670,3.0,0.9932153752566261,117.7080129120428
2022-09-20 06:00:00,632,1.0,1.011513498111027,-2.2741241258181466
2022-09-20 06:00:00,632,2.0,1.0316109870832628,-121.6090208333009
2022-09-20 06:00:00,632,3.0,1.0049254955319062,118.25159044757135
2022-09-20 06:00:00,680,1.0,0.9845558163045158,-4.792468063828714
2022-09-20 06:00:00,680,2.0,1.0423871414086983,-122.13227002039267
2022-09-20 06:00:00,680,3.0,0.9726718381130105,116.81624716643985
2022-09-20 06:00:00,684,1.0,0.9820124894402339,-4.856515305078264
2022-09-20 06:00:00,684,3.0,0.970967403202,116.6834143124923
2022-09-20 06:15:00,sourcebus,1.0,1.0000026546397283,29.994016999496694
2022-09-20 06:15:00,sourcebus,2.0,1.0000261623822622,-90.00707632890503
2022-09-20 06:15:00,sourcebus,3.0,0.999997882781811,149.99230386225616
2022-09-20 06:15:00,650,1.0,0.9999608959841589,-0.00943374112612279
2022-09-20 06:15:00,650,2.0,1.0000027996546712,-120.00818271046404
2022-09-20 06:15:00,650,3.0,0.9999895765900222,119.98960777144417
2022-09-20 06:15:00,rg60,1.0,1.0498616000736278,-0.011236460806249855
2022-09-20 06:15:00,rg60,2.0,1.0374385674322342,-120.00995197956757
2022-09-20 06:15:00,rg60,3.0,1.043652467737835,119.9876727217564
2022-09-20 06:15:00,633,1.0,1.0106577429339532,-2.1639844311911722
2022-09-20 06:15:00,633,2.0,1.032533450763054,-121.61447416342273
2022-09-20 06:15:00,633,3.0,1.0083735659270696,118.49804379083307
2022-09-20 06:15:00,634,1.0,0.9892147673974497,-2.7690646203263514
2022-09-20 06:15:00,634,2.0,1.0195906629564067,-121.93483652718544
2022-09-20 06:15:00,634,3.0,0.9970132975755243,118.21064388572864
2022-09-20 06:15:00,671,1.0,0.9878592255808182,-4.441141689588882
2022-09-20 06:15:00,671,2.0,1.0450979094548427,-122.12196836718057
2022-09-20 06:15:00,671,3.0,0.9836073206565648,117.24468009784904
2022-09-20 06:15:00,645,2.0,1.0255927925287063,-121.72813372262095
2022-09-20 06:15:00,645,3.0,1.008263564079127,118.49808066327967
2022-09-20 06:15:00,646,2.0,1.0241086122339047,-121.79373885139266
2022-09-20 06:15:00,646,3.0,1.0065010520626094,118.537569417462
2022-09-20 06:15:00,692,1.0,0.9878592182018108,-4.4411416559320305
2022-09-20 06:15:00,692,2.0,1.0450979086817254,-122.12196852921606
2022-09-20 06:15:00,692,3.0,0.9836073152297709,117.24468008046208
2022-09-20 06:15:00,675,1.0,0.9829662446413517,-4.661811134469751
2022-09-20 06:15:00,675,2.0,1.0473270840814943,-122.28245430224473
2022-09-20 06:15:00,675,3.0,0.9826491377371889,117.23660718962265
2022-09-20 06:15:00,611,3.0,0.9814676556517181,117.04012174228605
2022-09-20 06:15:00,652,1.0,0.9795410035413794,-4.381895000883626
2022-09-20 06:15:00,670,1.0,1.005164114113682,-2.8649459357527274
2022-09-20 06:15:00,670,2.0,1.0367816964496863,-121.76279447549237
2022-09-20 06:15:00,670,3.0,1.0003421851261027,118.01677763942979
2022-09-20 06:15:00,632,1.0,1.0136943490224266,-2.10345917248954
2022-09-20 06:15:00,632,2.0,1.0336256469247036,-121.57014307454848
2022-09-20 06:15:00,632,3.0,1.00991437537153,118.47579955722411
2022-09-20 06:15:00,680,1.0,0.9881759221138018,-4.399052206377848
2022-09-20 06:15:00,680,2.0,1.0451685137768467,-122.08303214545221
2022-09-20 06:15:00,680,3.0,0.9838996416317417,117.29012097594261
2022-09-20 06:15:00,684,1.0,0.9854797285907586,-4.461559684106838
2022-09-20 06:15:00,684,3.0,0.9825324896577771,117.16592488724953
2022-09-20 06:30:00,sourcebus,1.0,1.0000144610496335,29.99446560657232
2022-09-20 06:30:00,sourcebus,2.0,1.0000354807654546,-90.00647509192348
2022-09-20 06:30:00,sourcebus,3.0,1.0000107520319073,149.99295225434253
2022-09-20 06:30:00,650,1.0,0.9999774885924806,-0.008686747952244146
2022-09-20 06:30:00,650,2.0,1.00001548485552,-120.0075633714903
2022-09-20 06:30:00,650,3.0,1.0000040240371888,119.99055909964397
2022-09-20 06:30:00,rg60,1.0,1.0498879984724838,-0.01039080402989615
2022-09-20 06:30:00,rg60,2.0,1.0374585183803542,-120.00932335200176
2022-09-20 06:30:00,rg60,3.0,1.0436779785263375,119.98877311476534
2022-09-20 06:30:00,633,1.0,1.0129498801037715,-1.9937304269551763
2022-09-20 06:30:00,633,2.0,1.034545237692367,-121.5714332630851
2022-09-20 06:30:00,633,3.0,1.013139534487291,118.71692820651913
2022-09-20 06:30:00,634,1.0,0.9922468078243769,-2.569641865948785
2022-09-20 06:30:00,634,2.0,1.0218782259392336,-121.8780452409364
2022-09-20 06:30:00,634,3.0,1.001310772780457,118.42543271653976
2022-09-20 06:30:00,671,1.0,0.9914080841066111,-4.054586083998474
2022-09-20 06:30:00,671,2.0,1.0478604866161196,-122.07289717552847
2022-09-20 06:30:00,671,3.0,0.9945977820011883,117.71010088568391
2022-09-20 06:30:00,645,2.0,1.0279737661151496,-121.69798362421832
2022-09-20 06:30:00,645,3.0,1.0125521062355722,118.73493159870235
2022-09-20 06:30:00,646,2.0,1.0262917516128995,-121.77253143117227
2022-09-20 06:30:00,646,3.0,1.0105519645093757,118.77973719110467
2022-09-20 06:30:00,692,1.0,0.9914080772943793,-4.054586066145054
2022-09-20 06:30:00,692,2.0,1.047860485868125,-122.07289733883303
2022-09-20 06:30:00,692,3.0,0.9945977773571283,117.71010084005171
2022-09-20 06:30:00,675,1.0,0.98701474306015,-4.256518188724636
2022-09-20 06:30:00,675,2.0,1.0498596221694767,-122.23106685046669
2022-09-20 06:30:00,675,3.0,0.9942450903264671,117.69333533580642
2022-09-20 06:30:00,611,3.0,0.9931215830436507,117.5203937564159
2022-09-20 06:30:00,652,1.0,0.9828111151419966,-3.992633993087732
2022-09-20 06:30:00,670,1.0,1.007798693812368,-2.6259532754908617
2022-09-20 06:30:00,670,2.0,1.0390819014146122,-121.71980102261183
2022-09-20 06:30:00,670,3.0,1.007291972750661,118.32201535916536
2022-09-20 06:30:00,632,1.0,1.0158240429449332,-1.9353307072259989
2022-09-20 06:30:00,632,2.0,1.0356293442343802,-121.53153767906123
2022-09-20 06:30:00,632,3.0,1.0147654147626974,118.69838981463458
2022-09-20 06:30:00,680,1.0,0.9917267161778107,-4.012845456530995
2022-09-20 06:30:00,680,2.0,1.047932710894333,-122.03393923181636
2022-09-20 06:30:00,680,3.0,0.9948850835978731,117.75461818247462
2022-09-20 06:30:00,684,1.0,0.9888784971020719,-4.0737452596381045
2022-09-20 06:30:00,684,3.0,0.9938554346195566,117.63896120673752
2022-09-20 06:45:00,sourcebus,1.0,1.00002168903008,29.994953603876446
2022-09-20 06:45:00,sourcebus,2.0,1.0000410664323416,-90.00646806720796
2022-09-20 06:45:00,sourcebus,3.0,1.000009888570089,149.99328125264506
2022-09-20 06:45:00,650,1.0,0.9999814864192288,-0.007944166216516382
2022-09-20 06:45:00,650,2.0,1.0000260594694794,-120.00720283350387
2022-09-20 06:45:00,650,3.0,1.000004668780652,119.99057043251368
2022-09-20 06:45:00,rg60,1.0,1.0498984915099803,-0.00947086350635074
2022-09-20 06:45:00,rg60,2.0,1.0374747233366777,-120.00887641003659
2022-09-20 06:45:00,rg60,3.0,1.0436775355078638,119.98872106533534
2022-09-20 06:45:00,633,1.0,1.0173113434368402,-1.8429590637922735
2022-09-20 06:45:00,633,2.0,1.0344436570891133,-121.37263169680546
2022-09-20 06:45:00,633,3.0,1.0120996698291385,118.55415164143203
2022-09-20 06:45:00,634,1.0,0.9977375498797109,-2.3827665666947357
2022-09-20 06:45:00,634,2.0,1.0206767156670573,-121.70498080740096
2022-09-20 06:45:00,634,3.0,0.9997025250126307,118.24968576223978
2022-09-20 06:45:00,671,1.0,0.9989376494488716,-3.736981032081488
2022-09-20 06:45:00,671,2.0,1.0473756304668942,-121.74648565037494
2022-09-20 06:45:00,671,3.0,0.9925600542586619,117.38621795556702
2022-09-20 06:45:00,645,2.0,1.0287752137098953,-121.48455740774655
2022-09-20 06:45:00,645,3.0,1.01172006043225,118.57740576973862
2022-09-20 06:45:00,646,2.0,1.0272228719413008,-121.55278038307598
2022-09-20 06:45:00,646,3.0,1.0098774234182246,118.6183675605079
2022-09-20 06:45:00,692,1.0,0.9989376433323203,-3.7369810125665435
2022-09-20 06:45:00,692,2.0,1.0473756297233168,-121.7464858138594
2022-09-20 06:45:00,692,3.0,0.9925600489551686,117.3862179272163
2022-09-20 06:45:00,675,1.0,0.9952291649529357,-3.9369283372733253
2022-09-20 06:45:00,675,2.0,1.0494398212384601,-121.88796085999338
2022-09-20 06:45:00,675,3.0,0.991642599662094,117.36517210960477
2022-09-20 06:45:00,611,3.0,0.9905956848521426,117.18585869324531
2022-09-20 06:45:00,652,1.0,0.9905283161326903,-3.6776927357333107
2022-09-20 06:45:00,670,1.0,1.0130633171453736,-2.4320821897083946
2022-09-20 06:45:00,670,2.0,1.0391822848902195,-121.47245021635658
2022-09-20 06:45:00,670,3.0,1.0059346197274446,118.11686818424516
2022-09-20 06:45:00,632,1.0,1.0199585447795632,-1.791920661821278
2022-09-20 06:45:00,632,2.0,1.035775972063307,-121.33233581446324
2022-09-20 06:45:00,632,3.0,1.0137679092017968,118.54345453259836
2022-09-20 06:45:00,680,1.0,0.9992379013156292,-3.6974871381032877
2022-09-20 06:45:00,680,2.0,1.0474458449876736,-121.7092828082112
2022-09-20 06:45:00,680,3.0,0.9928390776389536,117.42920896968577
2022-09-20 06:45:00,684,1.0,0.9965151440277178,-3.7571129007695103
2022-09-20 06:45:00,684,3.0,0.9915689481531884,117.30951981610342
2022-09-20 07:00:00,sourcebus,1.0,1.0000287211003749,29.995430855237178
2022-09-20 07:00:00,sourcebus,2.0,1.0000465287060085,-90.00647161122114
2022-09-20 07:00:00,sourcebus,3.0,1.00000886803212,149.99359599574603
2022-09-20 07:00:00,650,1.0,0.9999852263680625,-0.007220222485371081
2022-09-20 07:00:00,650,2.0,1.0000364467164942,-120.00685523505594
2022-09-20 07:00:00,650,3.0,1.000005154062898,119.99056531896541
2022-09-20 07:00:00,rg60,1.0,1.049908512986947,-0.008573238706624709
2022-09-20 07:00:00,rg60,2.0,1.037490627620617,-120.00844557037576
2022-09-20 07:00:00,rg60,3.0,1.0436768033808155,119.98865008953614
2022-09-20 07:00:00,633,1.0,1.0215852425537155,-1.69826300085867
2022-09-20 07:00:00,633,2.0,1.0343690132438284,-121.17722241700103
2022-09-20 07:00:00,633,3.0,1.0110196836253356,118.3902603046616
2022-09-20 07:00:00,634,1.0,1.0031274422228553,-2.2027680472267095
2022-09-20 07:00:00,634,2.0,1.0195011476492388,-121.53539108457522
2022-09-20 07:00:00,634,3.0,0.9980530071087416,118.07269094323857
2022-09-20 07:00:00,671,1.0,1.00632209114992,-3.434178658462809
2022-09-20 07:00:00,671,2.0,1.0469580930198266,-121.42667719411675
2022-09-20 07:00:00,671,3.0,0.9904552510405706,117.0591360055536
2022-09-20 07:00:00,645,2.0,1.029604444230237,-121.27455672869142
2022-09-20 07:00:00,645,3.0,1.01084797470302,118.41868069954299
2022-09-20 07:00:00,646,2.0,1.028183193362405,-121.33649271574254
2022-09-20 07:00:00,646,3.0,1.0091639511028472,118.45583321696775
2022-09-20 07:00:00,692,1.0,1.0063220857167825,-3.434178637078646
2022-09-20 07:00:00,692,2.0,1.046958092280429,-121.42667735777322
2022-09-20 07:00:00,692,3.0,0.9904552450746444,117.05913599433983
2022-09-20 07:00:00,675,1.0,1.0032841267410457,-3.6323866160338127
2022-09-20 07:00:00,675,2.0,1.0490905292087727,-121.55179954928116
2022-09-20 07:00:00,675,3.0,0.988976948448831,117.03368143099114
2022-09-20 07:00:00,611,3.0,0.9880029444086945,116.84804758395914
2022-09-20 07:00:00,652,1.0,0.9981040027297216,-3.377605158845371
2022-09-20 07:00:00,670,1.0,1.0182204605400111,-2.246674079225697
2022-09-20 07:00:00,670,2.0,1.0393206157142771,-121.22960382652245
2022-09-20 07:00:00,670,3.0,1.0045251977631173,117.90991482150766
2022-09-20 07:00:00,632,1.0,1.0240080893764625,-1.654460147592684
2022-09-20 07:00:00,632,2.0,1.0359486812448517,-121.13650732385298
2022-09-20 07:00:00,632,3.0,1.0127292338856155,118.38733969395338
2022-09-20 07:00:00,680,1.0,1.0065932270946263,-3.3983574094075433
2022-09-20 07:00:00,680,2.0,1.0470232841123328,-121.39264616710685
2022-09-20 07:00:00,680,3.0,0.9907148257933494,117.09890779633515
2022-09-20 07:00:00,684,1.0,1.0040074428744419,-3.455333787211091
2022-09-20 07:00:00,684,3.0,0.9892157028737412,116.97683029938815
2022-09-20 07:15:00,sourcebus,1.0,1.0000220397045971,29.99513860414261
2022-09-20 07:15:00,sourcebus,2.0,1.0000447131066466,-90.0064536322059
2022-09-20 07:15:00,sourcebus,3.0,1.0000093090548414,149.99321742291315
2022-09-20 07:15:00,650,1.0,0.9999803081906433,-0.007880911744849088
2022-09-20 07:15:00,650,2.0,1.000029902086772,-120.00694215616664
2022-09-20 07:15:00,650,3.0,1.0000064245186056,119.99043312588579
2022-09-20 07:15:00,rg60,1.0,1.0498972795752433,-0.009436906409930649
2022-09-20 07:15:00,rg60,2.0,1.0374821963317062,-120.00852916818695
2022-09-20 07:15:00,rg60,3.0,1.0436782824061852,119.98853528332452
2022-09-20 07:15:00,633,1.0,1.0185254950885125,-1.9351457799527807
2022-09-20 07:15:00,633,2.0,1.0357419436237334,-121.21369312409824
2022-09-20 07:15:00,633,3.0,1.0099796170599968,118.49858582421547
2022-09-20 07:15:00,634,1.0,0.9977847463150296,-2.5117993013851923
2022-09-20 07:15:00,634,2.0,1.0192342656830045,-121.61821323824002
2022-09-20 07:15:00,634,3.0,0.9945178328137455,118.11069374034942
2022-09-20 07:15:00,671,1.0,1.0013151672407523,-3.8839497047536264
2022-09-20 07:15:00,671,2.0,1.0506168291184528,-121.48865450334753
2022-09-20 07:15:00,671,3.0,0.9897985378080898,117.3370648438517
2022-09-20 07:15:00,645,2.0,1.0311630086061943,-121.30344671669224
2022-09-20 07:15:00,645,3.0,1.0103708445108623,118.5262679620447
2022-09-20 07:15:00,646,2.0,1.0298246016699797,-121.36175307523267
2022-09-20 07:15:00,646,3.0,1.0087853220402556,118.56144261668926
2022-09-20 07:15:00,692,1.0,1.0013151605109383,-3.8839496716793893
2022-09-20 07:15:00,692,2.0,1.0506168283344453,-121.48865466502167
2022-09-20 07:15:00,692,3.0,0.9897985321405769,117.3370648307277
2022-09-20 07:15:00,675,1.0,0.99703292033726,-4.094127021723407
2022-09-20 07:15:00,675,2.0,1.0527988884686665,-121.63722512887031
2022-09-20 07:15:00,675,3.0,0.988637915625348,117.32349016511178
2022-09-20 07:15:00,611,3.0,0.9876501366021259,117.12763884826533
2022-09-20 07:15:00,652,1.0,0.9939190652855784,-3.8300957587241804
2022-09-20 07:15:00,670,1.0,1.0147054402746931,-2.546550640564782
2022-09-20 07:15:00,670,2.0,1.041495340585357,-121.27252243334135
2022-09-20 07:15:00,670,3.0,1.0037721751738768,118.0688950669333
2022-09-20 07:15:00,632,1.0,1.0211949670539127,-1.883339178526155
2022-09-20 07:15:00,632,2.0,1.0374889097868616,-121.17038883171195
2022-09-20 07:15:00,632,3.0,1.0120612475050084,118.49926633331994
2022-09-20 07:15:00,680,1.0,1.0015803370668679,-3.8490734557464745
2022-09-20 07:15:00,680,2.0,1.0506773692403133,-121.45592257164836
2022-09-20 07:15:00,680,3.0,0.9900467836640618,117.37529745426812
2022-09-20 07:15:00,684,1.0,0.9992447436931575,-3.900545067242799
2022-09-20 07:15:00,684,3.0,0.9887165938292225,117.25333443666551
2022-09-20 07:30:00,sourcebus,1.0,1.0000154033888538,29.994884402087322
2022-09-20 07:30:00,sourcebus,2.0,1.0000431084379258,-90.00639942374197
2022-09-20 07:30:00,sourcebus,3.0,1.0000098505503543,149.99286776100362
2022-09-20 07:30:00,650,1.0,0.9999753731581273,-0.008498808613735646
2022-09-20 07:30:00,650,2.0,1.0000235304039822,-120.00697748677426
2022-09-20 07:30:00,650,3.0,1.000007939558553,119.9903435684241
2022-09-20 07:30:00,rg60,1.0,1.049886166867525,-0.010240946400577154
2022-09-20 07:30:00,rg60,2.0,1.0374742238337131,-120.00854718600205
2022-09-20 07:30:00,rg60,3.0,1.0436803248569813,119.98847635756971
2022-09-20 07:30:00,633,1.0,1.0154297830044094,-2.165458222002097
2022-09-20 07:30:00,633,2.0,1.037174737134846,-121.2437703867048
2022-09-20 07:30:00,633,3.0,1.009048041232546,118.61927495293553
2022-09-20 07:30:00,634,1.0,0.9923772769866473,-2.8154997454801087
2022-09-20 07:30:00,634,2.0,1.0190257260187516,-121.69445228176097
2022-09-20 07:30:00,634,3.0,0.9910723688030798,118.16053014232352
2022-09-20 07:30:00,671,1.0,0.9962768276193253,-4.322386208591781
2022-09-20 07:30:00,671,2.0,1.0543899627500493,-121.53766574745484
2022-09-20 07:30:00,671,3.0,0.9893705893092611,117.64063634579755
2022-09-20 07:30:00,645,2.0,1.03278176420222,-121.3259345073503
2022-09-20 07:30:00,645,3.0,1.0100030872962054,118.64609742129278
2022-09-20 07:30:00,646,2.0,1.0315261160833866,-121.38062129341883
2022-09-20 07:30:00,646,3.0,1.0085158777578915,118.67927480173596
2022-09-20 07:30:00,692,1.0,0.9962768195781835,-4.322386163256653
2022-09-20 07:30:00,692,2.0,1.0543899619208834,-121.53766590713543
2022-09-20 07:30:00,692,3.0,0.9893705839401955,117.64063633048427
2022-09-20 07:30:00,675,1.0,0.9907344682680826,-4.544780704970669
2022-09-20 07:30:00,675,2.0,1.0566159349939985,-121.70988722679597
2022-09-20 07:30:00,675,3.0,0.9885387194745208,117.6385959826451
2022-09-20 07:30:00,611,3.0,0.9875249007542641,117.43291648578432
2022-09-20 07:30:00,652,1.0,0.9896954710882253,-4.2712884344370075
2022-09-20 07:30:00,670,1.0,1.0111563789186402,-2.837998590948079
2022-09-20 07:30:00,670,2.0,1.0437480801559074,-121.30683765887171
2022-09-20 07:30:00,670,3.0,1.003166934262178,118.24451987764043
2022-09-20 07:30:00,632,1.0,1.01834983249893,-2.105616458542691
2022-09-20 07:30:00,632,2.0,1.0390888992332326,-121.19786210094956
2022-09-20 07:30:00,632,3.0,1.011503230093118,118.62347543222931
2022-09-20 07:30:00,680,1.0,0.996572144335039,-4.28373177155948
2022-09-20 07:30:00,680,2.0,1.054453802551883,-121.50182471917829
2022-09-20 07:30:00,680,3.0,0.9896405316134778,117.68244575392794
2022-09-20 07:30:00,684,1.0,0.9944478885274474,-4.334452374446417
2022-09-20 07:30:00,684,3.0,0.9884447441127971,117.55551016625827
2022-09-20 07:45:00,sourcebus,1.0,1.000020479946698,29.995115246039994
2022-09-20 07:45:00,sourcebus,2.0,1.000047198069768,-90.00623055428804
2022-09-20 07:45:00,sourcebus,3.0,1.0000134967539944,149.99311659283524
2022-09-20 07:45:00,650,1.0,0.9999810406619551,-0.008144542074332942
2022-09-20 07:45:00,650,2.0,1.000029937125655,-120.00672408636773
2022-09-20 07:45:00,650,3.0,1.000012339730893,119.99062061544969
2022-09-20 07:45:00,rg60,1.0,1.0498956721914026,-0.009836043759049345
2022-09-20 07:45:00,rg60,2.0,1.0374844004379244,-120.0082902923592
2022-09-20 07:45:00,rg60,3.0,1.0436877474410498,119.9888002442231
2022-09-20 07:45:00,633,1.0,1.0167643200657297,-2.1202941949481096
2022-09-20 07:45:00,633,2.0,1.0390417224695334,-121.18312758060313
2022-09-20 07:45:00,633,3.0,1.010198876612036,118.68672255239959
2022-09-20 07:45:00,634,1.0,0.9953846312261387,-2.714120411433796
2022-09-20 07:45:00,634,2.0,1.0245660147990727,-121.53426950450442
2022-09-20 07:45:00,634,3.0,0.9941301347467705,118.28514084955005
2022-09-20 07:45:00,671,1.0,0.998104524056585,-4.227043713695052
2022-09-20 07:45:00,671,2.0,1.0562419867677715,-121.45299848299912
2022-09-20 07:45:00,671,3.0,0.991354963845215,117.74300253686552
2022-09-20 07:45:00,645,2.0,1.0337314447217416,-121.28540916695276
2022-09-20 07:45:00,645,3.0,1.0108040206786495,118.70996507862559
2022-09-20 07:45:00,646,2.0,1.032366186265062,-121.34484046252615
2022-09-20 07:45:00,646,3.0,1.0091869425129096,118.74604433030036
2022-09-20 07:45:00,692,1.0,0.9981045160232832,-4.227043666479999
2022-09-20 07:45:00,692,2.0,1.05624198596732,-121.45299864413285
2022-09-20 07:45:00,692,3.0,0.9913549585332342,117.74300251852073
2022-09-20 07:45:00,675,1.0,0.992566512600656,-4.447041995168275
2022-09-20 07:45:00,675,2.0,1.0584692334727026,-121.62624632079327
2022-09-20 07:45:00,675,3.0,0.9906165756260477,117.7409661674144
2022-09-20 07:45:00,611,3.0,0.9894873216988898,117.5338250359942
2022-09-20 07:45:00,652,1.0,0.9917181030032688,-4.176981442696698
2022-09-20 07:45:00,670,1.0,1.0125459429344201,-2.7748172497137205
2022-09-20 07:45:00,670,2.0,1.0452162119031287,-121.24609984246274
2022-09-20 07:45:00,670,3.0,1.0044714323242654,118.31748518704163
2022-09-20 07:45:00,632,1.0,1.0195011201226323,-2.0587286009558454
2022-09-20 07:45:00,632,2.0,1.0404059319590981,-121.14796365522855
2022-09-20 07:45:00,632,3.0,1.0124782112834692,118.683956733888
2022-09-20 07:45:00,680,1.0,0.9984114777086177,-4.186956184231372
2022-09-20 07:45:00,680,2.0,1.0563084486115262,-121.41580887758249
2022-09-20 07:45:00,680,3.0,0.9916352954142338,117.78635817189758
2022-09-20 07:45:00,684,1.0,0.9963426370225361,-4.238325672226948
2022-09-20 07:45:00,684,3.0,0.9904181620768344,117.65661334855515
2022-09-20 08:00:00,sourcebus,1.0,1.000025297500458,29.995341325262178
2022-09-20 08:00:00,sourcebus,2.0,1.0000513401417426,-90.00606272538387
2022-09-20 08:00:00,sourcebus,3.0,1.0000170959692818,149.99334706808145
2022-09-20 08:00:00,650,1.0,0.9999864753790758,-0.007810919741117204
2022-09-20 08:00:00,650,2.0,1.000036160432498,-120.00646541136064
2022-09-20 08:00:00,650,3.0,1.0000168377877041,119.99088056717741
2022-09-20 08:00:00,rg60,1.0,1.0499048067648094,-0.009458802186166158
2022-09-20 08:00:00,rg60,2.0,1.0312443916346943,-120.00802015493463
2022-09-20 08:00:00,rg60,3.0,1.043695170903403,119.98909858997854
2022-09-20 08:00:00,633,1.0,1.0181127247582895,-2.0751076159855946
2022-09-20 08:00:00,633,2.0,1.034478713667291,-121.13414580263108
2022-09-20 08:00:00,633,3.0,1.0113851660211763,118.74535522732874
2022-09-20 08:00:00,634,1.0,0.9984714500179392,-2.6154851073055188
2022-09-20 08:00:00,634,2.0,1.023638610433771,-121.39259303289764
2022-09-20 08:00:00,634,3.0,0.9972875015626734,118.39814798357857
2022-09-20 08:00:00,671,1.0,0.9999321146780371,-4.1347406283051615
2022-09-20 08:00:00,671,2.0,1.051587465118255,-121.38191003090377
2022-09-20 08:00:00,671,3.0,0.9933115785120334,117.83076669031506
2022-09-20 08:00:00,645,2.0,1.0282448557722301,-121.2568867911293
2022-09-20 08:00:00,645,3.0,1.0116435238726147,118.76489025135027
2022-09-20 08:00:00,646,2.0,1.0267766591924994,-121.32141153619169
2022-09-20 08:00:00,646,3.0,1.009900731042136,118.80357414153954
2022-09-20 08:00:00,692,1.0,0.999932106652667,-4.134740579213499
2022-09-20 08:00:00,692,2.0,1.051587464351331,-121.38191019349304
2022-09-20 08:00:00,692,3.0,0.9933115732565883,117.83076666895676
2022-09-20 08:00:00,675,1.0,0.9944029462731948,-4.3525581061643575
2022-09-20 08:00:00,675,2.0,1.0538131592910518,-121.55640423295102
2022-09-20 08:00:00,675,3.0,0.9926604916612951,117.82862784398885
2022-09-20 08:00:00,611,3.0,0.9914217614906051,117.62013277752061
2022-09-20 08:00:00,652,1.0,0.9937415464207108,-4.085717181843326
2022-09-20 08:00:00,670,1.0,1.013939096923692,-2.7125028514609757
2022-09-20 08:00:00,670,2.0,1.0402328514940733,-121.19731836178866
2022-09-20 08:00:00,670,3.0,1.0057844509332252,118.38012945045736
2022-09-20 08:00:00,632,1.0,1.0206594896198269,-2.0118305502414495
2022-09-20 08:00:00,632,2.0,1.0353039944217526,-121.10900407582572
2022-09-20 08:00:00,632,3.0,1.0134783080652583,118.73621153750274
2022-09-20 08:00:00,680,1.0,1.000240751423887,-4.09499989108373
2022-09-20 08:00:00,680,2.0,1.0516562377311962,-121.34426368565765
2022-09-20 08:00:00,680,3.0,0.9935881289916376,117.87388192054567
2022-09-20 08:00:00,684,1.0,0.9982376187904363,-4.14524398253099
2022-09-20 08:00:00,684,3.0,0.9923636493316398,117.7431155348131
2022-09-20 08:15:00,sourcebus,1.0,1.0000287428743566,29.995324318173544
2022-09-20 08:15:00,sourcebus,2.0,1.00004760563153,-90.00636838163132
2022-09-20 08:15:00,sourcebus,3.0,1.0000125881521926,149.99354199024472
2022-09-20 08:15:00,650,1.0,0.9999883667453351,-0.007466906400062412
2022-09-20 08:15:00,650,2.0,1.0000366314768407,-120.00679198533628
2022-09-20 08:15:00,650,3.0,1.0000082293238552,119.99068381322193
2022-09-20 08:15:00,rg60,1.0,1.0499111949210358,-0.009027439552257927
2022-09-20 08:15:00,rg60,2.0,1.031242780842479,-120.00835935069665
2022-09-20 08:15:00,rg60,3.0,1.0436808292842816,119.98884508800303
2022-09-20 08:15:00,633,1.0,1.022623401199932,-1.901533457630251
2022-09-20 08:15:00,633,2.0,1.0308729344878889,-121.07814191602415
2022-09-20 08:15:00,633,3.0,1.0091591727576552,118.48194040080531
2022-09-20 08:15:00,634,1.0,1.0065507963029912,-2.3324512958742107
2022-09-20 08:15:00,634,2.0,1.0189917586349995,-121.35633638688121
2022-09-20 08:15:00,634,3.0,0.9952581224680844,118.1465501286763
2022-09-20 08:15:00,671,1.0,1.0058710266682338,-3.881403655461933
2022-09-20 08:15:00,671,2.0,1.0460324196416058,-121.30558005293818
2022-09-20 08:15:00,671,3.0,0.9887316681130551,117.36884944196318
2022-09-20 08:15:00,645,2.0,1.0256686923753837,-121.19466868959233
2022-09-20 08:15:00,645,3.0,1.0092488082654558,118.51817169833079
2022-09-20 08:15:00,646,2.0,1.0242376118753873,-121.25737845330315
2022-09-20 08:15:00,646,3.0,1.0075517423018903,118.55561973646005
2022-09-20 08:15:00,692,1.0,1.0058710190609061,-3.881403611090393
2022-09-20 08:15:00,692,2.0,1.0460324188641292,-121.3055802148088
2022-09-20 08:15:00,692,3.0,0.988731662617639,117.36884942878477
2022-09-20 08:15:00,675,1.0,1.0007037239898706,-4.09694211291782
2022-09-20 08:15:00,675,2.0,1.0482826893462287,-121.47113017102404
2022-09-20 08:15:00,675,3.0,0.9877524125065886,117.36484523769336
2022-09-20 08:15:00,611,3.0,0.9861212920391642,117.13931145741084
2022-09-20 08:15:00,652,1.0,1.0005157309665276,-3.8385633664604417
2022-09-20 08:15:00,670,1.0,1.0185591023029017,-2.5189622906326474
2022-09-20 08:15:00,670,2.0,1.0359930828515491,-121.14387175280076
2022-09-20 08:15:00,670,3.0,1.0027008338408065,118.05386889275549
2022-09-20 08:15:00,632,1.0,1.024566221619428,-1.8565803090126003
2022-09-20 08:15:00,632,2.0,1.0320638514886977,-121.05490855061132
2022-09-20 08:15:00,632,3.0,1.0111439757450882,118.48667227819516
2022-09-20 08:15:00,680,1.0,1.0061724298177441,-3.8424085127532197
2022-09-20 08:15:00,680,2.0,1.0461044282432097,-121.26795440948372
2022-09-20 08:15:00,680,3.0,0.989009931776609,117.41232877125881
2022-09-20 08:15:00,684,1.0,1.0045192005097872,-3.891228235455873
2022-09-20 08:15:00,684,3.0,0.9874197886580562,117.26995902552379
2022-09-20 08:30:00,sourcebus,1.0,1.000032409814304,29.995264325871098
2022-09-20 08:30:00,sourcebus,2.0,1.000043714922836,-90.0067005149386
2022-09-20 08:30:00,sourcebus,3.0,1.0000083625808673,149.99372093028492
2022-09-20 08:30:00,650,1.0,0.9999909044933256,-0.007163755595113576
2022-09-20 08:30:00,650,2.0,1.000037029176048,-120.00716639888218
2022-09-20 08:30:00,650,3.0,0.9999995646922931,119.99046372989787
2022-09-20 08:30:00,rg60,1.0,1.0436689180991934,-0.008667219994723224
2022-09-20 08:30:00,rg60,2.0,1.031240928953842,-120.008754469919
2022-09-20 08:30:00,rg60,3.0,1.0436661501092968,119.9885594087864
2022-09-20 08:30:00,633,1.0,1.0210013423399211,-1.7698563671602958
2022-09-20 08:30:00,633,2.0,1.0273934127850786,-121.01752204624859
2022-09-20 08:30:00,633,3.0,1.0066689240115696,118.2107964548484
2022-09-20 08:30:00,634,1.0,1.008386345552553,-2.1051098235341343
2022-09-20 08:30:00,634,2.0,1.0144906460608776,-121.32277742991313
2022-09-20 08:30:00,634,3.0,0.9929896900421858,117.87977369573949
2022-09-20 08:30:00,671,1.0,1.0058227304557144,-3.7027113157571527
2022-09-20 08:30:00,671,2.0,1.0406591858378051,-121.21887544717843
2022-09-20 08:30:00,671,3.0,0.9836958430463445,116.89230076287087
2022-09-20 08:30:00,645,2.0,1.0232156191527706,-121.12658827337403
2022-09-20 08:30:00,645,3.0,1.006584382788681,118.26412506717259
2022-09-20 08:30:00,646,2.0,1.0218215425279575,-121.18746186711327
2022-09-20 08:30:00,646,3.0,1.0049331130654822,118.30035686480896
2022-09-20 08:30:00,692,1.0,1.0058227232014605,-3.702711276523594
2022-09-20 08:30:00,692,2.0,1.0406591850431386,-121.21887560800744
2022-09-20 08:30:00,692,3.0,0.9836958372927157,116.89230075815848
2022-09-20 08:30:00,675,1.0,1.000975573256652,-3.9196288412847142
2022-09-20 08:30:00,675,2.0,1.042942289151024,-121.37603502540699
2022-09-20 08:30:00,675,3.0,0.9823841994965934,116.88665992581996
2022-09-20 08:30:00,611,3.0,0.9803658839531115,116.64341574646906
2022-09-20 08:30:00,652,1.0,1.0013430347338774,-3.666070005527312
2022-09-20 08:30:00,670,1.0,1.017109124978186,-2.377040949640526
2022-09-20 08:30:00,670,2.0,1.0318908988250632,-121.08312800221958
2022-09-20 08:30:00,670,3.0,0.9992815044124307,117.71759971899823
2022-09-20 08:30:00,632,1.0,1.0223635680276841,-1.7418306434978421
2022-09-20 08:30:00,632,2.0,1.0289435669229188,-120.99505578596447
2022-09-20 08:30:00,632,3.0,1.0085414275428666,118.22980491247868
2022-09-20 08:30:00,680,1.0,1.00611269877984,-3.664743047622831
2022-09-20 08:30:00,680,2.0,1.0407287238088885,-121.18219597187311
2022-09-20 08:30:00,680,3.0,0.9839708034685413,116.93496671262635
2022-09-20 08:30:00,684,1.0,1.004826158084096,-3.711867806191045
2022-09-20 08:30:00,684,3.0,0.9820215985429991,116.7818352545584
2022-09-20 08:45:00,sourcebus,1.0,1.0000318929193772,29.99522102114873
2022-09-20 08:45:00,sourcebus,2.0,1.0000424911107382,-90.00666002214491
2022-09-20 08:45:00,sourcebus,3.0,1.0000087589057873,149.99375460175258
2022-09-20 08:45:00,650,1.0,0.999990954558373,-0.007167391650752508
2022-09-20 08:45:00,650,2.0,1.0000351980708477,-120.00721717500303
2022-09-20 08:45:00,650,3.0,0.9999995500071559,119.99055589278807
2022-09-20 08:45:00,rg60,1.0,1.0436688888622303,-0.008631223806252575
2022-09-20 08:45:00,rg60,2.0,1.031237542972571,-120.00882417333463
2022-09-20 08:45:00,rg60,3.0,1.0436672155467657,119.98866822095634
2022-09-20 08:45:00,633,1.0,1.019743189063699,-1.7140717382040442
2022-09-20 08:45:00,633,2.0,1.0265968829193945,-121.09953103997982
2022-09-20 08:45:00,633,3.0,1.0081140217538411,118.25059820104704
2022-09-20 08:45:00,634,1.0,1.0047610480053049,-2.1124592217472857
2022-09-20 08:45:00,634,2.0,1.01406766273936,-121.3916125546288
2022-09-20 08:45:00,634,3.0,0.9955598913825501,117.95297012372441
2022-09-20 08:45:00,671,1.0,1.0055601745765452,-3.521328636381128
2022-09-20 08:45:00,671,2.0,1.0374220998770451,-121.36197063897747
2022-09-20 08:45:00,671,3.0,0.9857344343725638,116.86227703117721
2022-09-20 08:45:00,645,2.0,1.0223042879031017,-121.20441431403462
2022-09-20 08:45:00,645,3.0,1.0078036243688884,118.29102868190324
2022-09-20 08:45:00,646,2.0,1.0208906105157924,-121.26639234776836
2022-09-20 08:45:00,646,3.0,1.006127373945366,118.32780070305535
2022-09-20 08:45:00,692,1.0,1.005560168070442,-3.521328613149322
2022-09-20 08:45:00,692,2.0,1.0374220990725789,-121.36197079916333
2022-09-20 08:45:00,692,3.0,0.9857344288132996,116.86227701933153
2022-09-20 08:45:00,675,1.0,1.0013999155620965,-3.7289426235430327
2022-09-20 08:45:00,675,2.0,1.0395866593557583,-121.50753442133541
2022-09-20 08:45:00,675,3.0,0.9844353592218474,116.84862376544373
2022-09-20 08:45:00,611,3.0,0.9827180530379653,116.6199699840143
2022-09-20 08:45:00,652,1.0,1.0010712569299953,-3.4840903021502
2022-09-20 08:45:00,670,1.0,1.0164695888469129,-2.2761455532628365
2022-09-20 08:45:00,670,2.0,1.030268618444429,-121.18053998699433
2022-09-20 08:45:00,670,3.0,1.0009106256986113,117.733692276387
2022-09-20 08:45:00,632,1.0,1.0215824574585655,-1.6775890270312874
2022-09-20 08:45:00,632,2.0,1.0279536650750225,-121.07200627782247
2022-09-20 08:45:00,632,3.0,1.0098291139300022,118.25501420107177
2022-09-20 08:45:00,680,1.0,1.005847985312254,-3.483674575799381
2022-09-20 08:45:00,680,2.0,1.037492963802475,-121.32533585104248
2022-09-20 08:45:00,680,3.0,0.9860067224424633,116.90452324422678
2022-09-20 08:45:00,684,1.0,1.0045333991512746,-3.529625145127425
2022-09-20 08:45:00,684,3.0,0.9842162762375128,116.75495952309842
2022-09-20 09:00:00,sourcebus,1.0,1.0000313127745202,29.99518150282873
2022-09-20 09:00:00,sourcebus,2.0,1.0000413161916129,-90.00661681574239
2022-09-20 09:00:00,sourcebus,3.0,1.0000091318348912,149.99378595866864
2022-09-20 09:00:00,650,1.0,0.9999909069390215,-0.0071720386800193485
2022-09-20 09:00:00,650,2.0,1.0000333754155994,-120.00726073548215
2022-09-20 09:00:00,650,3.0,0.9999995718809889,119.99064729218114
2022-09-20 09:00:00,rg60,1.0,1.043668702253032,-0.008596287292709498
2022-09-20 09:00:00,rg60,2.0,1.0312342211625263,-120.00888437112282
2022-09-20 09:00:00,rg60,3.0,1.0436683214967715,119.98877668510981
2022-09-20 09:00:00,633,1.0,1.0184568476124547,-1.6608592202798298
2022-09-20 09:00:00,633,2.0,1.025844882878275,-121.17971552897227
2022-09-20 09:00:00,633,3.0,1.0095339315419758,118.2914772717187
2022-09-20 09:00:00,634,1.0,1.001070019597244,-2.1250043758047
2022-09-20 09:00:00,634,2.0,1.013672196495836,-121.46049594559959
2022-09-20 09:00:00,634,3.0,0.9980800910040538,118.02498081127231
2022-09-20 09:00:00,671,1.0,1.0052773866705627,-3.342584656185085
2022-09-20 09:00:00,671,2.0,1.034261783211095,-121.50126479025081
2022-09-20 09:00:00,671,3.0,0.9877490753228755,116.83571405499731
2022-09-20 09:00:00,645,2.0,1.021438745359018,-121.28020703014874
2022-09-20 09:00:00,645,3.0,1.0090019363088656,118.31919387169519
2022-09-20 09:00:00,646,2.0,1.0200054822986073,-121.34329029946174
2022-09-20 09:00:00,646,3.0,1.0073007113571235,118.3565080649546
2022-09-20 09:00:00,692,1.0,1.00527738090361,-3.3425846489381663
2022-09-20 09:00:00,692,2.0,1.0342617823968128,-121.50126494979311
2022-09-20 09:00:00,692,3.0,0.9877490699511543,116.8357140360764
2022-09-20 09:00:00,675,1.0,1.001798319199573,-3.541202730711288
2022-09-20 09:00:00,675,2.0,1.0363076502172537,-121.63523984353687
2022-09-20 09:00:00,675,3.0,0.9864598207048282,116.81397031375907
2022-09-20 09:00:00,611,3.0,0.9850462385022973,116.59995661835093
2022-09-20 09:00:00,652,1.0,1.0007794134392325,-3.3047289005695113
2022-09-20 09:00:00,670,1.0,1.0158087873152677,-2.177656367096766
2022-09-20 09:00:00,670,2.0,1.0287017207546378,-121.27516489530272
2022-09-20 09:00:00,670,3.0,1.0025161049313036,117.75149598150803
2022-09-20 09:00:00,632,1.0,1.02077885369006,-1.6156849638105664
2022-09-20 09:00:00,632,2.0,1.0270092294529785,-121.14692803015568
2022-09-20 09:00:00,632,3.0,1.0110958741323244,118.2814762954914
2022-09-20 09:00:00,680,1.0,1.0055719034714874,-3.3040838208654524
2022-09-20 09:00:00,680,2.0,1.0343361599710015,-121.46354444636657
2022-09-20 09:00:00,680,3.0,0.9880270512749384,116.87884189608191
2022-09-20 09:00:00,684,1.0,1.0042205164373033,-3.350000775370481
2022-09-20 09:00:00,684,3.0,0.9863870189451198,116.73153205671402
2022-09-20 09:15:00,sourcebus,1.0,1.0000307561994344,29.995224677337312
2022-09-20 09:15:00,sourcebus,2.0,1.000042406827969,-90.00653875596326
2022-09-20 09:15:00,sourcebus,3.0,1.0000099261863435,149.99376484240537
2022-09-20 09:15:00,650,1.0,0.9999903973435929,-0.00721074745287308
2022-09-20 09:15:00,650,2.0,1.0000339120234603,-120.00714512079857
2022-09-20 09:15:00,650,3.0,1.0000012306660966,119.99070551551365
2022-09-20 09:15:00,rg60,1.0,1.0436671939016682,-0.008654118463446114
2022-09-20 09:15:00,rg60,2.0,1.0312359471364583,-120.00875781208794
2022-09-20 09:15:00,rg60,3.0,1.0436710444728818,119.98886948943215
2022-09-20 09:15:00,633,1.0,1.0175653212161593,-1.723165113344269
2022-09-20 09:15:00,633,2.0,1.0272971082157114,-121.16477329594512
2022-09-20 09:15:00,633,3.0,1.0094557529484582,118.3652014831363
2022-09-20 09:15:00,634,1.0,0.9997444947912836,-2.1973578716843005
2022-09-20 09:15:00,634,2.0,1.0159247891775312,-121.42251649574428
2022-09-20 09:15:00,634,3.0,0.9975911571810065,118.09084297658988
2022-09-20 09:15:00,671,1.0,1.0037741578861072,-3.4444975137390683
2022-09-20 09:15:00,671,2.0,1.036499922277973,-121.48346506383672
2022-09-20 09:15:00,671,3.0,0.9881679135237711,116.9822948930866
2022-09-20 09:15:00,645,2.0,1.0225817262735295,-121.27225551015043
2022-09-20 09:15:00,645,3.0,1.008984456623507,118.3922220446588
2022-09-20 09:15:00,646,2.0,1.0211132955199045,-121.33684768835326
2022-09-20 09:15:00,646,3.0,1.0072417743325606,118.43055121328884
2022-09-20 09:15:00,692,1.0,1.003774151643586,-3.4444974942021016
2022-09-20 09:15:00,692,2.0,1.0364999213723771,-121.48346521899835
2022-09-20 09:15:00,692,3.0,0.9881679079010952,116.98229488433866
2022-09-20 09:15:00,675,1.0,0.9998965407048699,-3.6498171424095194
2022-09-20 09:15:00,675,2.0,1.0385497733027542,-121.62226669020086
2022-09-20 09:15:00,675,3.0,0.9867659134916222,116.96463139163218
2022-09-20 09:15:00,611,3.0,0.9860625399652831,116.75778294606134
2022-09-20 09:15:00,652,1.0,0.9994462568690038,-3.4060222780850538
2022-09-20 09:15:00,670,1.0,1.0147278642040893,-2.250734469587559
2022-09-20 09:15:00,670,2.0,1.0303364672690796,-121.26111251958298
2022-09-20 09:15:00,670,3.0,1.0026787108449569,117.84898331921946
2022-09-20 09:15:00,632,1.0,1.0199342641191311,-1.6732748852162918
2022-09-20 09:15:00,632,2.0,1.0282998993196275,-121.13574490174973
2022-09-20 09:15:00,632,3.0,1.0111273207724332,118.35355486294462
2022-09-20 09:15:00,680,1.0,1.0040757913601184,-3.4050920341607958
2022-09-20 09:15:00,680,2.0,1.0365745497980297,-121.44511080117512
2022-09-20 09:15:00,680,3.0,0.9884507954688098,117.02618478691205
2022-09-20 09:15:00,684,1.0,1.002720129239132,-3.4491548877319604
2022-09-20 09:15:00,684,3.0,0.9871061228781235,116.88302986205944
2022-09-20 09:30:00,sourcebus,1.0,1.0000300965954048,29.99526160632522
2022-09-20 09:30:00,sourcebus,2.0,1.000043487036598,-90.0064665319105
2022-09-20 09:30:00,sourcebus,3.0,1.0000106700084141,149.9937330908187
2022-09-20 09:30:00,650,1.0,0.9999897657466977,-0.0072628668494763154
2022-09-20 09:30:00,650,2.0,1.0000343865732526,-120.00703502784361
2022-09-20 09:30:00,650,3.0,1.0000028724323755,119.99075231606687
2022-09-20 09:30:00,rg60,1.0,1.043665444482474,-0.008729610234219486
2022-09-20 09:30:00,rg60,2.0,1.0312375848521094,-120.00863797432466
2022-09-20 09:30:00,rg60,3.0,1.0436736847472172,119.98894804024998
2022-09-20 09:30:00,633,1.0,1.0166416384799313,-1.790324748321828
2022-09-20 09:30:00,633,2.0,1.028775698962607,-121.15013352475
2022-09-20 09:30:00,633,3.0,1.009338655640831,118.43761598449503
2022-09-20 09:30:00,634,1.0,0.9983692287434408,-2.2763485405226582
2022-09-20 09:30:00,634,2.0,1.0181852479321398,-121.38664174987096
2022-09-20 09:30:00,634,3.0,0.9970469857547497,118.15364781136502
2022-09-20 09:30:00,671,1.0,1.0022238685277494,-3.554663908506526
2022-09-20 09:30:00,671,2.0,1.038791868522395,-121.46555892209506
2022-09-20 09:30:00,671,3.0,0.988528858704866,117.12715798368072
2022-09-20 09:30:00,645,2.0,1.0237540106775698,-121.26438695645662
2022-09-20 09:30:00,645,3.0,1.0089304953663778,118.46412174411452
2022-09-20 09:30:00,646,2.0,1.0222503888767218,-121.3304817988036
2022-09-20 09:30:00,646,3.0,1.0071463861251246,118.50347272189845
2022-09-20 09:30:00,692,1.0,1.0022238618002857,-3.5546638766069054
2022-09-20 09:30:00,692,2.0,1.0387918675259569,-121.46555907291857
2022-09-20 09:30:00,692,3.0,0.9885288528261417,117.12715798510804
2022-09-20 09:30:00,675,1.0,0.9979415942152325,-3.7669848278418354
2022-09-20 09:30:00,675,2.0,1.0408473316329854,-121.6092286712412
2022-09-20 09:30:00,675,3.0,0.9870125334247587,117.11350786527105
2022-09-20 09:30:00,611,3.0,0.9870205718518634,116.91387785636712
2022-09-20 09:30:00,652,1.0,0.9980653952476707,-3.5156042532299643
2022-09-20 09:30:00,670,1.0,1.0136120748590969,-2.3296451505062925
2022-09-20 09:30:00,670,2.0,1.0320077240844658,-121.24704052720736
2022-09-20 09:30:00,670,3.0,1.0027964537622482,117.94497898581172
2022-09-20 09:30:00,632,1.0,1.0190597473623526,-1.7355588519273184
2022-09-20 09:30:00,632,2.0,1.0296196640841984,-121.12466119002934
2022-09-20 09:30:00,632,3.0,1.0111223159984468,118.4244947687268
2022-09-20 09:30:00,680,1.0,1.0025316414908423,-3.5144821120771508
2022-09-20 09:30:00,680,2.0,1.038866376544194,-121.42671251760332
2022-09-20 09:30:00,680,3.0,0.9888156280934713,117.17165322222321
2022-09-20 09:30:00,684,1.0,1.0011722750762562,-3.556595658404492
2022-09-20 09:30:00,684,3.0,0.9877670598087144,117.03280880755703
2022-09-20 09:45:00,sourcebus,1.0,1.000026309148595,29.994789074121933
2022-09-20 09:45:00,sourcebus,2.0,1.0000323670603828,-90.00692235876723
2022-09-20 09:45:00,sourcebus,3.0,1.000003468948944,149.99363274561557
2022-09-20 09:45:00,650,1.0,0.9999853843898848,-0.0075045716216181535
2022-09-20 09:45:00,650,2.0,1.0000236547416794,-120.00784775436001
2022-09-20 09:45:00,650,3.0,0.9999894968001911,119.99039946914648
2022-09-20 09:45:00,rg60,1.0,1.0436595411242902,-0.008940537231964057
2022-09-20 09:45:00,rg60,2.0,1.0312175617783317,-120.00956823010809
2022-09-20 09:45:00,rg60,3.0,1.0436534899969379,119.98855154772417
2022-09-20 09:45:00,633,1.0,1.0167803470721206,-1.6471977747183222
2022-09-20 09:45:00,633,2.0,1.0233679353774057,-121.34494928832426
2022-09-20 09:45:00,633,3.0,1.0081821874107988,118.23639749223031
2022-09-20 09:45:00,634,1.0,0.9997218938332755,-2.0958465932381887
2022-09-20 09:45:00,634,2.0,1.0123527089240039,-121.58974970410631
2022-09-20 09:45:00,634,3.0,0.9959342132759711,117.95687853558167
2022-09-20 09:45:00,671,1.0,1.0013064102144837,-3.4056315046991124
2022-09-20 09:45:00,671,2.0,1.0321396126279567,-121.71925918236929
2022-09-20 09:45:00,671,3.0,0.9864529883292297,116.8250023868136
2022-09-20 09:45:00,645,2.0,1.0165331115161267,-121.48951033760738
2022-09-20 09:45:00,645,3.0,1.0077408175140472,118.26323806305831
2022-09-20 09:45:00,646,2.0,1.014840802748621,-121.56473488799409
2022-09-20 09:45:00,646,3.0,1.0057286698769243,118.30749249407218
2022-09-20 09:45:00,692,1.0,1.0013064037732466,-3.4056314717259752
2022-09-20 09:45:00,692,2.0,1.0321396116895354,-121.71925933571985
2022-09-20 09:45:00,692,3.0,0.9864529826865799,116.82500237453095
2022-09-20 09:45:00,675,1.0,0.9973148716343238,-3.609118744726966
2022-09-20 09:45:00,675,2.0,1.0341144316199071,-121.8613979189865
2022-09-20 09:45:00,675,3.0,0.9852338943698812,116.80744624236071
2022-09-20 09:45:00,611,3.0,0.9844922427516151,116.60273287316149
2022-09-20 09:45:00,652,1.0,0.9971123083308727,-3.3675549938789997
2022-09-20 09:45:00,670,1.0,1.0133847712946285,-2.193218958471933
2022-09-20 09:45:00,670,2.0,1.02630704420984,-121.45319874040804
2022-09-20 09:45:00,670,3.0,1.0010388208534424,117.70275172153158
2022-09-20 09:45:00,632,1.0,1.0189892836947636,-1.5987385090036004
2022-09-20 09:45:00,632,2.0,1.0243470550213718,-121.32023907234196
2022-09-20 09:45:00,632,3.0,1.0099334006714193,118.22812206224638
2022-09-20 09:45:00,680,1.0,1.0016070864471622,-3.3661396576215665
2022-09-20 09:45:00,680,2.0,1.0322159072351111,-121.6807105033208
2022-09-20 09:45:00,680,3.0,0.986736349200403,116.86905782633177
2022-09-20 09:45:00,684,1.0,1.0002840690252501,-3.40944295012985
2022-09-20 09:45:00,684,3.0,0.9854630138336141,116.72646903773402
2022-09-20 10:00:00,sourcebus,1.0,1.0000222510434469,29.99429896411964
2022-09-20 10:00:00,sourcebus,2.0,1.0000210732405115,-90.00739067042147
2022-09-20 10:00:00,sourcebus,3.0,0.9999961226636341,149.99351257033504
2022-09-20 10:00:00,650,1.0,0.9999807351260384,-0.007774370115703787
2022-09-20 10:00:00,650,2.0,1.0000126036610564,-120.00867831014895
2022-09-20 10:00:00,650,3.0,0.9999759637044554,119.99002535581747
2022-09-20 10:00:00,rg60,1.0,1.043653144663892,-0.009186681310927512
2022-09-20 10:00:00,rg60,2.0,1.031197022685243,-120.01051800132579
2022-09-20 10:00:00,rg60,3.0,1.0436329710676124,119.98812822094226
2022-09-20 10:00:00,633,1.0,1.0168734004118205,-1.5095315134298095
2022-09-20 10:00:00,633,2.0,1.0179162371596135,-121.54446189256757
2022-09-20 10:00:00,633,3.0,1.0069786651993575,118.02983075329853
2022-09-20 10:00:00,634,1.0,1.001007921899491,-1.9228956134515132
2022-09-20 10:00:00,634,2.0,1.0064546998986352,-121.79966978279225
2022-09-20 10:00:00,634,3.0,0.9947575278814009,117.75279382843493
2022-09-20 10:00:00,671,1.0,1.0003023980842292,-3.2670739306105925
2022-09-20 10:00:00,671,2.0,1.0254603200787102,-121.98083195106098
2022-09-20 10:00:00,671,3.0,0.9842939428480911,116.513271359202
2022-09-20 10:00:00,645,2.0,1.0092517635861278,-121.71952130504525
2022-09-20 10:00:00,645,3.0,1.0065144504693377,118.05684805587686
2022-09-20 10:00:00,646,2.0,1.0073732647094833,-121.80397192905309
2022-09-20 10:00:00,646,3.0,1.0042762431744336,118.10593160345196
2022-09-20 10:00:00,692,1.0,1.0003023919220972,-3.2670738965565724
2022-09-20 10:00:00,692,2.0,1.0254603191990423,-121.9808321070067
2022-09-20 10:00:00,692,3.0,0.9842939374366637,116.5132713330209
2022-09-20 10:00:00,675,1.0,0.996597966877414,-3.4620049191370605
2022-09-20 10:00:00,675,2.0,1.027355390804993,-122.12147175984032
2022-09-20 10:00:00,675,3.0,0.9833709746427405,116.49168717372169
2022-09-20 10:00:00,611,3.0,0.9818803579025971,116.28196251972798
2022-09-20 10:00:00,652,1.0,0.9960729178827384,-3.230042001918453
2022-09-20 10:00:00,670,1.0,1.0131004137969044,-2.063884869696243
2022-09-20 10:00:00,670,2.0,1.020569676899816,-121.66469485257453
2022-09-20 10:00:00,670,3.0,0.9992198921582306,117.45369692716666
2022-09-20 10:00:00,632,1.0,1.0188759646043017,-1.467205020893852
2022-09-20 10:00:00,632,2.0,1.019033934112898,-121.52024727221853
2022-09-20 10:00:00,632,3.0,1.0086991593619101,118.02660216203434
2022-09-20 10:00:00,680,1.0,1.000586149666174,-3.2295754876727805
2022-09-20 10:00:00,680,2.0,1.025535691892294,-121.94387520176815
2022-09-20 10:00:00,680,3.0,0.9845644011365319,116.55541189595368
2022-09-20 10:00:00,684,1.0,0.9993091361322043,-3.2728243714105414
2022-09-20 10:00:00,684,3.0,0.9830755301011755,116.41053094737761
2022-09-20 10:15:00,sourcebus,1.0,1.0000246989894535,29.994526931486206
2022-09-20 10:15:00,sourcebus,2.0,1.000023031512551,-90.00737276170186
2022-09-20 10:15:00,sourcebus,3.0,0.999995150577095,149.9936598062738
2022-09-20 10:15:00,650,1.0,0.9999818053091114,-0.0074335769624737915
2022-09-20 10:15:00,650,2.0,1.0000161644411254,-120.00848867335208
2022-09-20 10:15:00,650,3.0,0.9999755997329308,119.99002154505294
2022-09-20 10:15:00,rg60,1.0,1.0436572219311986,-0.008757778889193131
2022-09-20 10:15:00,rg60,2.0,1.0312025697055303,-120.01024334871951
2022-09-20 10:15:00,rg60,3.0,1.0436315516392638,119.98808462588426
2022-09-20 10:15:00,633,1.0,1.019403696789752,-1.413689315775685
2022-09-20 10:15:00,633,2.0,1.0165060593881696,-121.43417622152809
2022-09-20 10:15:00,633,3.0,1.0064454072896554,117.91308755497782
2022-09-20 10:15:00,634,1.0,1.004165926550975,-1.8020987706275782
2022-09-20 10:15:00,634,2.0,1.0011391778112704,-121.78194949476902
2022-09-20 10:15:00,634,3.0,0.9941207677593853,117.64022969744927
2022-09-20 10:15:00,671,1.0,1.0047220553264997,-3.1429945518338767
2022-09-20 10:15:00,671,2.0,1.0250293076071084,-121.75364743399956
2022-09-20 10:15:00,671,3.0,0.9819368769285416,116.30509748371546
2022-09-20 10:15:00,645,2.0,1.0093556576436091,-121.57599752699949
2022-09-20 10:15:00,645,3.0,1.006161013293774,117.94123270003671
2022-09-20 10:15:00,646,2.0,1.0077021873467606,-121.64994543735419
2022-09-20 10:15:00,646,3.0,1.0041930081986525,117.98411195619428
2022-09-20 10:15:00,692,1.0,1.0047220493185947,-3.1429945146239295
2022-09-20 10:15:00,692,2.0,1.0250293067215488,-121.75364758964996
2022-09-20 10:15:00,692,3.0,0.9819368709645255,116.30509747870063
2022-09-20 10:15:00,675,1.0,1.001130525991069,-3.3429634218807216
2022-09-20 10:15:00,675,2.0,1.0270594888619704,-121.88737592658421
2022-09-20 10:15:00,675,3.0,0.9804758607450418,116.28609981950837
2022-09-20 10:15:00,611,3.0,0.9791967114091721,116.06737731539276
2022-09-20 10:15:00,652,1.0,1.0004370320172404,-3.1068161536519594
2022-09-20 10:15:00,670,1.0,1.0162032192558248,-1.9719170628680915
2022-09-20 10:15:00,670,2.0,1.019948835542226,-121.50645499864565
2022-09-20 10:15:00,670,3.0,0.997867830210873,117.30901603499694
2022-09-20 10:15:00,632,1.0,1.0212988424023473,-1.3872222183629415
2022-09-20 10:15:00,632,2.0,1.0183311168690237,-121.39771825872907
2022-09-20 10:15:00,632,3.0,1.0079913631716506,117.9175769897411
2022-09-20 10:15:00,680,1.0,1.004993836011324,-3.107011281666943
2022-09-20 10:15:00,680,2.0,1.0251024203163774,-121.71797346917413
2022-09-20 10:15:00,680,3.0,0.982200377219499,116.34609131998258
2022-09-20 10:15:00,684,1.0,1.0037394919419003,-3.1502805554156046
2022-09-20 10:15:00,684,3.0,0.9805535887892921,116.19946643991709
2022-09-20 10:30:00,sourcebus,1.0,1.0000270863643732,29.994759740780204
2022-09-20 10:30:00,sourcebus,2.0,1.0000250027971445,-90.00734700689661
2022-09-20 10:30:00,sourcebus,3.0,0.9999942001042617,149.99380973506308
2022-09-20 10:30:00,650,1.0,0.9999828380531692,-0.007090814910525739
2022-09-20 10:30:00,650,2.0,1.0000196838962796,-120.00828836247338
2022-09-20 10:30:00,650,3.0,0.9999752698585702,119.99002533801747
2022-09-20 10:30:00,rg60,1.0,1.0436612412261288,-0.00832707635995971
2022-09-20 10:30:00,rg60,2.0,1.0312081309583583,-120.00995356755253
2022-09-20 10:30:00,rg60,3.0,1.043630197502391,119.98805223269324
2022-09-20 10:30:00,633,1.0,1.0219317927918528,-1.3207894023454299
2022-09-20 10:30:00,633,2.0,1.0151243634677147,-121.32031733809426
2022-09-20 10:30:00,633,3.0,1.0058822452893144,117.79889977878548
2022-09-20 10:30:00,634,1.0,1.007297849091204,-1.6866406405178185
2022-09-20 10:30:00,634,2.0,0.9957873863485812,-121.76405527559089
2022-09-20 10:30:00,634,3.0,0.9934338742010492,117.52802906816845
2022-09-20 10:30:00,671,1.0,1.0091561180110915,-3.0235031563573775
2022-09-20 10:30:00,671,2.0,1.0246939347649873,-121.51809840816232
2022-09-20 10:30:00,671,3.0,0.9795294247620616,116.10300097495711
2022-09-20 10:30:00,645,2.0,1.0095012640204861,-121.4286414112315
2022-09-20 10:30:00,645,3.0,1.0057799443846391,117.82843400762341
2022-09-20 10:30:00,646,2.0,1.0080743599223632,-121.49211876343423
2022-09-20 10:30:00,646,3.0,1.0040834324293133,117.86515976716058
2022-09-20 10:30:00,692,1.0,1.009156112146726,-3.0235031160113475
2022-09-20 10:30:00,692,2.0,1.0246939338735914,-121.51809856352618
2022-09-20 10:30:00,692,3.0,0.9795294182358948,116.10300099128628
2022-09-20 10:30:00,675,1.0,1.0056682578380594,-3.2288272761134866
2022-09-20 10:30:00,675,2.0,1.0268641417584925,-121.64509058354268
2022-09-20 10:30:00,675,3.0,0.9775247338093772,116.08657871562579
2022-09-20 10:30:00,611,3.0,0.976462515815343,115.85883986029667
2022-09-20 10:30:00,652,1.0,1.0048145641147428,-2.9881863682109953
2022-09-20 10:30:00,670,1.0,1.0193127981739059,-1.883275097758828
2022-09-20 10:30:00,670,2.0,1.0193847104533569,-121.34276976248928
2022-09-20 10:30:00,670,3.0,0.9964777520288814,117.16803118553
2022-09-20 10:30:00,632,1.0,1.023722466904684,-1.3100273327466916
2022-09-20 10:30:00,632,2.0,1.0176674948437578,-121.2713446024998
2022-09-20 10:30:00,632,3.0,1.0072543867894206,117.81134032999341
2022-09-20 10:30:00,680,1.0,1.0094289303971602,-2.9873166496412913
2022-09-20 10:30:00,680,2.0,1.0247681483582294,-121.48201730760324
2022-09-20 10:30:00,680,3.0,0.9797984039184533,116.14479003564573
2022-09-20 10:30:00,684,1.0,1.008183743162956,-3.032335518725654
2022-09-20 10:30:00,684,3.0,0.9779811693914358,115.99446941075178
2022-09-20 10:45:00,sourcebus,1.0,1.0000260382172006,29.994755391477874
2022-09-20 10:45:00,sourcebus,2.0,1.0000221673532776,-90.00763419796998
2022-09-20 10:45:00,sourcebus,3.0,0.9999879830712276,149.99375265274682
2022-09-20 10:45:00,650,1.0,0.9999778530451511,-0.007075609060353472
2022-09-20 10:45:00,650,2.0,1.0000197534587407,-120.00848691498665
2022-09-20 10:45:00,650,3.0,0.9999670874537295,119.98972594792626
2022-09-20 10:45:00,rg60,1.0,1.0436536938738736,-0.008299622090696953
2022-09-20 10:45:00,rg60,2.0,1.0312085894290697,-120.01022038286914
2022-09-20 10:45:00,rg60,3.0,1.049865856940418,119.98780809727506
2022-09-20 10:45:00,633,1.0,1.020443217814761,-1.4409902130110106
2022-09-20 10:45:00,633,2.0,1.017567378064312,-121.31186464928734
2022-09-20 10:45:00,633,3.0,1.0088324334027214,117.84240603671978
2022-09-20 10:45:00,634,1.0,1.0041688983828236,-1.8327393301870791
2022-09-20 10:45:00,634,2.0,1.0006477266061153,-121.67220583507363
2022-09-20 10:45:00,634,3.0,0.9967075686479718,117.60200505962807
2022-09-20 10:45:00,671,1.0,1.007774077789874,-3.1778623896829092
2022-09-20 10:45:00,671,2.0,1.0264977812906118,-121.5185659230122
2022-09-20 10:45:00,671,3.0,0.9806702927985927,116.08724190078786
2022-09-20 10:45:00,645,2.0,1.011368099677723,-121.44394564907434
2022-09-20 10:45:00,645,3.0,1.0081687648716477,117.87244600670677
2022-09-20 10:45:00,646,2.0,1.0096731275942066,-121.51932958140814
2022-09-20 10:45:00,646,3.0,1.0061527804757422,117.91605487081483
2022-09-20 10:45:00,692,1.0,1.00777407183999,-3.1778623467263514
2022-09-20 10:45:00,692,2.0,1.0264977804529625,-121.51856608114964
2022-09-20 10:45:00,692,3.0,0.9806702859284454,116.08724193607087
2022-09-20 10:45:00,675,1.0,1.0041315891398017,-3.390504654947556
2022-09-20 10:45:00,675,2.0,1.0288625053953586,-121.64556618572314
2022-09-20 10:45:00,675,3.0,0.9782888625326349,116.07805061307491
2022-09-20 10:45:00,611,3.0,0.9778941589837045,115.84780228233572
2022-09-20 10:45:00,652,1.0,1.0036704892398913,-3.142891194451979
2022-09-20 10:45:00,670,1.0,1.017990806158865,-2.0075023751102847
2022-09-20 10:45:00,670,2.0,1.0213483556633338,-121.34323041550364
2022-09-20 10:45:00,670,3.0,0.9989548409779444,117.19272352662722
2022-09-20 10:45:00,632,1.0,1.022530027201368,-1.4184994194677012
2022-09-20 10:45:00,632,2.0,1.0195977804764584,-121.27057446049061
2022-09-20 10:45:00,632,3.0,1.0102665457526832,117.84100648493214
2022-09-20 10:45:00,680,1.0,1.0080473784426291,-3.141661865263317
2022-09-20 10:45:00,680,2.0,1.0265695280895892,-121.48272136431092
2022-09-20 10:45:00,680,3.0,0.9809379625920467,116.1286444461746
2022-09-20 10:45:00,684,1.0,1.0068550794956257,-3.1846719848665317
2022-09-20 10:45:00,684,3.0,0.97926866443611,115.9803053820612
2022-09-20 11:00:00,sourcebus,1.0,1.000023993101475,29.994678856083226
2022-09-20 11:00:00,sourcebus,2.0,1.0000193308861365,-90.00796338636101
2022-09-20 11:00:00,sourcebus,3.0,0.9999817233906523,149.99358906008234
2022-09-20 11:00:00,650,1.0,0.9999720153228283,-0.007209235797151568
2022-09-20 11:00:00,650,2.0,1.0000191241839986,-120.00873676310934
2022-09-20 11:00:00,650,3.0,0.9999592324787888,119.98933301229852
2022-09-20 11:00:00,rg60,1.0,1.0436441692434606,-0.008471591177546646
2022-09-20 11:00:00,rg60,2.0,1.0312080524846814,-120.01055031909712
2022-09-20 11:00:00,rg60,3.0,1.0498522460210293,119.98744319047783
2022-09-20 11:00:00,633,1.0,1.0188191865994116,-1.6129376581993533
2022-09-20 11:00:00,633,2.0,1.0202207214600028,-121.29945308790734
2022-09-20 11:00:00,633,3.0,1.0049954575043365,117.84491372806872
2022-09-20 11:00:00,634,1.0,1.0007950409040882,-2.0517185221574863
2022-09-20 11:00:00,634,2.0,1.005600952202598,-121.59812914601007
2022-09-20 11:00:00,634,3.0,0.9930149708423527,117.61049983257308
2022-09-20 11:00:00,671,1.0,1.0062232708607353,-3.4169127246432476
2022-09-20 11:00:00,671,2.0,1.0287139029532228,-121.50511771337769
2022-09-20 11:00:00,671,3.0,0.9746640721425681,116.00462991936658
2022-09-20 11:00:00,645,2.0,1.0134671747112074,-121.45221734054364
2022-09-20 11:00:00,645,3.0,1.0038180777246868,117.87843370908696
2022-09-20 11:00:00,646,2.0,1.0115059118077976,-121.538978424354
2022-09-20 11:00:00,646,3.0,1.001490232937905,117.92933021620111
2022-09-20 11:00:00,692,1.0,1.0062232647420795,-3.4169126791311024
2022-09-20 11:00:00,692,2.0,1.0287139021694411,-121.5051178743049
2022-09-20 11:00:00,692,3.0,0.9746640648336289,116.00462997423355
2022-09-20 11:00:00,675,1.0,1.0023756330705427,-3.6402372962461755
2022-09-20 11:00:00,675,2.0,1.0313019764911644,-121.63209930031097
2022-09-20 11:00:00,675,3.0,0.9718438156062876,116.00184156139588
2022-09-20 11:00:00,611,3.0,0.972159708575879,115.76928188781827
2022-09-20 11:00:00,652,1.0,1.002357962910264,-3.3824802525912148
2022-09-20 11:00:00,670,1.0,1.0165441773722672,-2.1922424777046254
2022-09-20 11:00:00,670,2.0,1.023586450316419,-121.33439730050672
2022-09-20 11:00:00,670,3.0,0.9945488874951515,117.16652567448634
2022-09-20 11:00:00,632,1.0,1.021214893409965,-1.5765147787025757
2022-09-20 11:00:00,632,2.0,1.0217576520353224,-121.26365093386919
2022-09-20 11:00:00,632,3.0,1.0065259231124857,117.83221038233896
2022-09-20 11:00:00,680,1.0,1.0064854760955007,-3.3818152804672383
2022-09-20 11:00:00,680,2.0,1.0287820414527293,-121.47078473276407
2022-09-20 11:00:00,680,3.0,0.974925004910071,116.04509391588614
2022-09-20 11:00:00,684,1.0,1.005357852165174,-3.4218946205377545
2022-09-20 11:00:00,684,3.0,0.9733995778733552,115.89906571899198
2022-09-20 11:15:00,sourcebus,1.0,1.000023848628752,29.994803902757997
2022-09-20 11:15:00,sourcebus,2.0,1.0000227421418304,-90.00775887073863
2022-09-20 11:15:00,sourcebus,3.0,0.9999845579256653,149.99357740165607
2022-09-20 11:15:00,650,1.0,0.9999723199596805,-0.007216816798341167
2022-09-20 11:15:00,650,2.0,1.00002116343401,-120.0084570452035
2022-09-20 11:15:00,650,3.0,0.9999647275868303,119.98949415207801
2022-09-20 11:15:00,rg60,1.0,1.04364368561221,-0.008478254444804198
2022-09-20 11:15:00,rg60,2.0,1.0312123921407885,-120.01024264941134
2022-09-20 11:15:00,rg60,3.0,1.0498613425840102,119.98762794455908
2022-09-20 11:15:00,633,1.0,1.0178843313297057,-1.6437001271779115
2022-09-20 11:15:00,633,2.0,1.0219506265540956,-121.286078482944
2022-09-20 11:15:00,633,3.0,1.0063911507083465,117.95463060323804
2022-09-20 11:15:00,634,1.0,1.001951278188079,-2.0098260078458665
2022-09-20 11:15:00,634,2.0,1.0082808410212418,-121.54611403352474
2022-09-20 11:15:00,634,3.0,0.9941369974880628,117.72817400040137
2022-09-20 11:15:00,671,1.0,1.0027698191609078,-3.519900987821601
2022-09-20 11:15:00,671,2.0,1.0316209911701115,-121.54666043835392
2022-09-20 11:15:00,671,3.0,0.9772953555738337,116.24092447821039
2022-09-20 11:15:00,645,2.0,1.0156137733544743,-121.44106726195638
2022-09-20 11:15:00,645,3.0,1.0052691993315974,117.99563779111384
2022-09-20 11:15:00,646,2.0,1.013696070427283,-121.52584544032025
2022-09-20 11:15:00,646,3.0,1.002992742811683,118.04550237412873
2022-09-20 11:15:00,692,1.0,1.0027698125906794,-3.519900928119123
2022-09-20 11:15:00,692,2.0,1.03162099037274,-121.54666059872558
2022-09-20 11:15:00,692,3.0,0.9772953484326145,116.24092452643976
2022-09-20 11:15:00,675,1.0,0.9985449906669919,-3.7421381208231486
2022-09-20 11:15:00,675,2.0,1.034147072374936,-121.68345375293414
2022-09-20 11:15:00,675,3.0,0.97482575875895,116.24151579908987
2022-09-20 11:15:00,611,3.0,0.9748002034660294,116.0084964278451
2022-09-20 11:15:00,652,1.0,0.9984001334923158,-3.4826247908820243
2022-09-20 11:15:00,670,1.0,1.0143915323058033,-2.2467826324972706
2022-09-20 11:15:00,670,2.0,1.0256180359863352,-121.35410242041041
2022-09-20 11:15:00,670,3.0,0.9965877201356869,117.32980742692588
2022-09-20 11:15:00,632,1.0,1.0198942856554072,-1.6134491963298623
2022-09-20 11:15:00,632,2.0,1.023434015811816,-121.2593175985849
2022-09-20 11:15:00,632,3.0,1.007985294535302,117.94815020957564
2022-09-20 11:15:00,680,1.0,1.0030265624771844,-3.4855857483428254
2022-09-20 11:15:00,680,2.0,1.0316852447361609,-121.51347027323389
2022-09-20 11:15:00,680,3.0,0.9775472827169726,116.27986185587844
2022-09-20 11:15:00,684,1.0,1.0017358338730584,-3.5266152626425993
2022-09-20 11:15:00,684,3.0,0.9760358133747717,116.138116388197
2022-09-20 11:30:00,sourcebus,1.0,1.0000236016054753,29.99492906902151
2022-09-20 11:30:00,sourcebus,2.0,1.0000261776207966,-90.00755309372454
2022-09-20 11:30:00,sourcebus,3.0,0.9999873705706641,149.9935601442348
2022-09-20 11:30:00,650,1.0,0.9999725129603885,-0.007231491576210116
2022-09-20 11:30:00,650,2.0,1.0000231614752386,-120.00817270493906
2022-09-20 11:30:00,650,3.0,0.9999702461065204,119.9896519702655
2022-09-20 11:30:00,rg60,1.0,1.0436429965475238,-0.00849491904615592
2022-09-20 11:30:00,rg60,2.0,1.0312167301285677,-120.00992804740606
2022-09-20 11:30:00,rg60,3.0,1.049870438150005,119.98780959705147
2022-09-20 11:30:00,633,1.0,1.0169255673958444,-1.6797787798888297
2022-09-20 11:30:00,633,2.0,1.0237295946321339,-121.27016072777177
2022-09-20 11:30:00,633,3.0,1.007735054726415,118.0648587427408
2022-09-20 11:30:00,634,1.0,1.00305051793072,-1.976117548542871
2022-09-20 11:30:00,634,2.0,1.0109787586571657,-121.49464487381732
2022-09-20 11:30:00,634,3.0,0.9951806736014329,117.84343196109153
2022-09-20 11:30:00,671,1.0,0.9992983367632405,-3.6313116930488007
2022-09-20 11:30:00,671,2.0,1.0346276074286005,-121.58161869953743
2022-09-20 11:30:00,671,3.0,0.9798603861077416,116.47938887784794
2022-09-20 11:30:00,645,2.0,1.0178124226149798,-121.42702098278235
2022-09-20 11:30:00,645,3.0,1.0066739272125884,118.11361345480651
2022-09-20 11:30:00,646,2.0,1.0159382702799653,-121.50980791721209
2022-09-20 11:30:00,646,3.0,1.0044489447442384,118.16244314654554
2022-09-20 11:30:00,692,1.0,0.9992983297256157,-3.631311618994131
2022-09-20 11:30:00,692,2.0,1.0346276066177864,-121.58161885936737
2022-09-20 11:30:00,692,3.0,0.9798603791241546,116.47938891957783
2022-09-20 11:30:00,675,1.0,0.9946843291292886,-3.852922220224705
2022-09-20 11:30:00,675,2.0,1.0370957319195537,-121.72831506820947
2022-09-20 11:30:00,675,3.0,0.9777370376847332,116.48324482446642
2022-09-20 11:30:00,611,3.0,0.9773749150689208,116.24983811135455
2022-09-20 11:30:00,652,1.0,0.9944284144033814,-3.5911834789604056
2022-09-20 11:30:00,670,1.0,1.0122216511997826,-2.307474430323084
2022-09-20 11:30:00,670,2.0,1.0277179327047914,-121.36953190638856
2022-09-20 11:30:00,670,3.0,0.9985699911772087,117.49401679765133
2022-09-20 11:30:00,632,1.0,1.0185544801312545,-1.6554934939473773
2022-09-20 11:30:00,632,2.0,1.0251638772881162,-121.25208282947513
2022-09-20 11:30:00,632,3.0,1.009397583679578,118.06486589649441
2022-09-20 11:30:00,680,1.0,0.9995585623961418,-3.5965832353416323
2022-09-20 11:30:00,680,2.0,1.0346901612349564,-121.54841417466108
2022-09-20 11:30:00,680,3.0,0.9801120991520382,116.5181673162776
2022-09-20 11:30:00,684,1.0,0.9980971030167565,-3.639749665689802
2022-09-20 11:30:00,684,3.0,0.9786063530098504,116.37929872450039
2022-09-20 11:45:00,sourcebus,1.0,1.0000145765393516,29.994797432906722
2022-09-20 11:45:00,sourcebus,2.0,1.000026391916686,-90.007397267679
2022-09-20 11:45:00,sourcebus,3.0,0.9999873105299215,149.99311377503784
2022-09-20 11:45:00,650,1.0,0.9999637062422503,-0.007863876971406362
2022-09-20 11:45:00,650,2.0,1.0000164548777217,-120.00799757358378
2022-09-20 11:45:00,650,3.0,0.9999743349515844,119.98953212460066
2022-09-20 11:45:00,rg60,1.0,1.0436261149614465,-0.009232090475845042
2022-09-20 11:45:00,rg60,2.0,1.031208795702159,-120.00968619707714
2022-09-20 11:45:00,rg60,3.0,1.0498767415484471,119.98767092659207
2022-09-20 11:45:00,633,1.0,1.0121110495184908,-1.8613486862903574
2022-09-20 11:45:00,633,2.0,1.0249935799948702,-121.33315035848278
2022-09-20 11:45:00,633,3.0,1.0088856971480247,118.21293252468745
2022-09-20 11:45:00,634,1.0,0.9966367812863252,-2.198618030669334
2022-09-20 11:45:00,634,2.0,1.010454940794408,-121.59674544637885
2022-09-20 11:45:00,634,3.0,0.9963365061962237,117.99758041932412
2022-09-20 11:45:00,671,1.0,0.9910525501589967,-4.074495857857142
2022-09-20 11:45:00,671,2.0,1.0394177188554226,-121.64692788033689
2022-09-20 11:45:00,671,3.0,0.9801368188570199,116.78145104522244
2022-09-20 11:45:00,645,2.0,1.018949813453014,-121.47104417881872
2022-09-20 11:45:00,645,3.0,1.008393878791883,118.24134669644413
2022-09-20 11:45:00,646,2.0,1.0173163862783188,-121.54334894480739
2022-09-20 11:45:00,646,3.0,1.0064531422439174,118.28401607771005
2022-09-20 11:45:00,692,1.0,0.9910525419543401,-4.074495756195883
2022-09-20 11:45:00,692,2.0,1.039417717976412,-121.64692803705437
2022-09-20 11:45:00,692,3.0,0.9801368116315111,116.78145109898291
2022-09-20 11:45:00,675,1.0,0.9854170913305599,-4.310279756574752
2022-09-20 11:45:00,675,2.0,1.0419548002411576,-121.81098105715297
2022-09-20 11:45:00,675,3.0,0.9780801591655567,116.79682513921395
2022-09-20 11:45:00,611,3.0,0.9777958049384755,116.56263017471262
2022-09-20 11:45:00,652,1.0,0.9846925351585215,-4.025979641660323
2022-09-20 11:45:00,670,1.0,1.0064495596908425,-2.5727884721413705
2022-09-20 11:45:00,670,2.0,1.030285734590957,-121.42719179497921
2022-09-20 11:45:00,670,3.0,0.9993473873175961,117.68758704345557
2022-09-20 11:45:00,632,1.0,1.0140197024404876,-1.8373912720268804
2022-09-20 11:45:00,632,2.0,1.0266534330468096,-121.30677956092164
2022-09-20 11:45:00,632,3.0,1.0104696637598065,118.2086905329265
2022-09-20 11:45:00,680,1.0,0.9913107028765946,-4.040020046464051
2022-09-20 11:45:00,680,2.0,1.0394742245294097,-121.61477252548686
2022-09-20 11:45:00,680,3.0,0.98038090984114,116.81894683950101
2022-09-20 11:45:00,684,1.0,0.9893420918199907,-4.088094457361133
2022-09-20 11:45:00,684,3.0,0.9789570645864393,116.6905802711741
2022-09-20 12:00:00,sourcebus,1.0,1.000003538839678,29.99460338448526
2022-09-20 12:00:00,sourcebus,2.0,1.0000265178282168,-90.00731525714053
2022-09-20 12:00:00,sourcebus,3.0,0.9999860276981692,149.99250380913594
2022-09-20 12:00:00,650,1.0,0.999952076200473,-0.00868021679323207
2022-09-20 12:00:00,650,2.0,1.0000087051374884,-120.00787114390444
2022-09-20 12:00:00,650,3.0,0.999978105750659,119.98924170568888
2022-09-20 12:00:00,rg60,1.0,1.0498532745793112,-0.010190394929520907
2022-09-20 12:00:00,rg60,2.0,1.0311994737238566,-120.00950713437356
2022-09-20 12:00:00,rg60,3.0,1.049881891725074,119.98732296202566
2022-09-20 12:00:00,633,1.0,1.0128989559215962,-2.0761459176680948
2022-09-20 12:00:00,633,2.0,1.0265124177029161,-121.40782646855394
2022-09-20 12:00:00,633,3.0,1.0096952857037578,118.34385232733199
2022-09-20 12:00:00,634,1.0,0.9956241684611242,-2.471236165365264
2022-09-20 12:00:00,634,2.0,1.0099147262745547,-121.72997876502248
2022-09-20 12:00:00,634,3.0,0.9968718521032693,118.11418847914017
2022-09-20 12:00:00,671,1.0,0.988088364283558,-4.569796775604062
2022-09-20 12:00:00,671,2.0,1.0447488293869673,-121.72568504840592
2022-09-20 12:00:00,671,3.0,0.9799789174613833,117.06107499140917
2022-09-20 12:00:00,645,2.0,1.0203845004957035,-121.52469843298005
2022-09-20 12:00:00,645,3.0,1.0098143969971607,118.3541400715
2022-09-20 12:00:00,646,2.0,1.018991368001336,-121.58645059471306
2022-09-20 12:00:00,646,3.0,1.0081581999826945,118.39064359773622
2022-09-20 12:00:00,692,1.0,0.9880883548373969,-4.56979664560432
2022-09-20 12:00:00,692,2.0,1.0447488284408806,-121.72568520211625
2022-09-20 12:00:00,692,3.0,0.9799789099246959,117.06107505711101
2022-09-20 12:00:00,675,1.0,0.9813810762393841,-4.820560984277573
2022-09-20 12:00:00,675,2.0,1.0473662913516784,-121.90711201655958
2022-09-20 12:00:00,675,3.0,0.9779577803153731,117.08663498935496
2022-09-20 12:00:00,611,3.0,0.9777849985421628,116.85303193716229
2022-09-20 12:00:00,652,1.0,0.9802225755535985,-4.513007618975965
2022-09-20 12:00:00,670,1.0,1.006197761973202,-2.8756277035026443
2022-09-20 12:00:00,670,2.0,1.0332193801840575,-121.49518143200991
2022-09-20 12:00:00,670,3.0,0.9997660928042654,117.86137745003401
2022-09-20 12:00:00,632,1.0,1.0151092890285731,-2.051008362560003
2022-09-20 12:00:00,632,2.0,1.0284377316258535,-121.37128376274846
2022-09-20 12:00:00,632,3.0,1.0112432498854933,118.33763060679156
2022-09-20 12:00:00,680,1.0,0.9883238867381098,-4.5385311442612055
2022-09-20 12:00:00,680,2.0,1.0447982160402955,-121.69683217474436
2022-09-20 12:00:00,680,3.0,0.9801969785203667,117.09480071886105
2022-09-20 12:00:00,684,1.0,0.9858632857853619,-4.5886424720604175
2022-09-20 12:00:00,684,3.0,0.9788766674472195,116.97949438742998
2022-09-20 12:15:00,sourcebus,1.0,1.000000786435079,29.994313996185465
2022-09-20 12:15:00,sourcebus,2.0,1.0000196961642756,-90.0076121255757
2022-09-20 12:15:00,sourcebus,3.0,0.9999811276743434,149.99241259593163
2022-09-20 12:15:00,650,1.0,0.9999488668872663,-0.008856125032851662
2022-09-20 12:15:00,650,2.0,1.0000019454834108,-120.00835412968475
2022-09-20 12:15:00,650,3.0,0.9999694263028823,119.98897399253926
2022-09-20 12:15:00,rg60,1.0,1.049848934161688,-0.010372004085761354
2022-09-20 12:15:00,rg60,2.0,1.0311872627813132,-120.01003574445097
2022-09-20 12:15:00,rg60,3.0,1.0498681113693529,119.98701925325084
2022-09-20 12:15:00,633,1.0,1.0134601433654014,-2.021236191624617
2022-09-20 12:15:00,633,2.0,1.0234153016210403,-121.4814671371156
2022-09-20 12:15:00,633,3.0,1.0081761063820844,118.19747343752567
2022-09-20 12:15:00,634,1.0,0.9968694005792519,-2.3929932023887748
2022-09-20 12:15:00,634,2.0,1.007177735099546,-121.79112179443689
2022-09-20 12:15:00,634,3.0,0.995261051459748,117.96951826915198
2022-09-20 12:15:00,671,1.0,0.9887974792804552,-4.4880208721453005
2022-09-20 12:15:00,671,2.0,1.0389833768621124,-121.86219205059794
2022-09-20 12:15:00,671,3.0,0.9766985427519821,116.75201549441144
2022-09-20 12:15:00,645,2.0,1.017215422408086,-121.60217893311048
2022-09-20 12:15:00,645,3.0,1.008338894904017,118.20919338882806
2022-09-20 12:15:00,646,2.0,1.0158242148122407,-121.66402379491366
2022-09-20 12:15:00,646,3.0,1.0066844481452757,118.24559633163065
2022-09-20 12:15:00,692,1.0,0.9887974701348816,-4.488020750577973
2022-09-20 12:15:00,692,2.0,1.0389833757801687,-121.86219219736563
2022-09-20 12:15:00,692,3.0,0.9766985352464267,116.75201556064523
2022-09-20 12:15:00,675,1.0,0.9823796267375177,-4.735113807758099
2022-09-20 12:15:00,675,2.0,1.0414484266024633,-122.03671201473871
2022-09-20 12:15:00,675,3.0,0.9745618019907144,116.77280449192418
2022-09-20 12:15:00,611,3.0,0.9737847705360404,116.52784493817902
2022-09-20 12:15:00,652,1.0,0.9811943621193097,-4.434271919306595
2022-09-20 12:15:00,670,1.0,1.006635257828937,-2.808684760027012
2022-09-20 12:15:00,670,2.0,1.0291126366513168,-121.60112726120242
2022-09-20 12:15:00,670,3.0,0.997830237979231,117.66877659923621
2022-09-20 12:15:00,632,1.0,1.0155435248989038,-1.9976812275023919
2022-09-20 12:15:00,632,2.0,1.0253117027952736,-121.44804874839586
2022-09-20 12:15:00,632,3.0,1.009753161100248,118.19318349065917
2022-09-20 12:15:00,680,1.0,0.9890131630869052,-4.4592784589558025
2022-09-20 12:15:00,680,2.0,1.0390308973562765,-121.8353639397355
2022-09-20 12:15:00,680,3.0,0.9769008193884178,116.78341953062674
2022-09-20 12:15:00,684,1.0,0.986724162094577,-4.508352337015725
2022-09-20 12:15:00,684,3.0,0.9752335806869015,116.66206683475392
2022-09-20 12:30:00,sourcebus,1.0,0.9999994627970793,29.994106883048275
2022-09-20 12:30:00,sourcebus,2.0,1.0000127777791699,-90.00783719573467
2022-09-20 12:30:00,sourcebus,3.0,0.9999767352905614,149.99247411837172
2022-09-20 12:30:00,650,1.0,0.9999471985913453,-0.008840981902634484
2022-09-20 12:30:00,650,2.0,0.9999959631255598,-120.00877929941863
2022-09-20 12:30:00,650,3.0,0.9999606491021361,119.98886655050492
2022-09-20 12:30:00,rg60,1.0,1.0498476775259078,-0.010295326002844732
2022-09-20 12:30:00,rg60,2.0,1.0374256050485005,-120.01050182957232
2022-09-20 12:30:00,rg60,3.0,1.0498551295063012,119.98692195148236
2022-09-20 12:30:00,633,1.0,1.0143022123201757,-1.9051074349442347
2022-09-20 12:30:00,633,2.0,1.0264648812942936,-121.54114431293041
2022-09-20 12:30:00,633,3.0,1.007149248822614,118.07961438687622
2022-09-20 12:30:00,634,1.0,0.9985521663719936,-2.2260372050789274
2022-09-20 12:30:00,634,2.0,1.0108393226065564,-121.8078216753974
2022-09-20 12:30:00,634,3.0,0.9943021503722002,117.88128147295457
2022-09-20 12:30:00,671,1.0,0.989873186589784,-4.3041993842500395
2022-09-20 12:30:00,671,2.0,1.0391757188061235,-121.99243677266738
2022-09-20 12:30:00,671,3.0,0.9742584861798854,116.48154612591149
2022-09-20 12:30:00,645,2.0,1.0201767385584453,-121.66799248590404
2022-09-20 12:30:00,645,3.0,1.0073117653605304,118.09028156903618
2022-09-20 12:30:00,646,2.0,1.018781418027095,-121.72963813916682
2022-09-20 12:30:00,646,3.0,1.0056549290975192,118.12684624637195
2022-09-20 12:30:00,692,1.0,0.9898731778550662,-4.304199271120334
2022-09-20 12:30:00,692,2.0,1.0391757175935972,-121.99243691301355
2022-09-20 12:30:00,692,3.0,0.9742584787853484,116.4815461925286
2022-09-20 12:30:00,675,1.0,0.983808672844705,-4.543665860782488
2022-09-20 12:30:00,675,2.0,1.0414748446638842,-122.15945005165831
2022-09-20 12:30:00,675,3.0,0.9720541781884694,116.49833065471725
2022-09-20 12:30:00,611,3.0,0.9706263958527452,116.2412291445608
2022-09-20 12:30:00,652,1.0,0.9825297700664857,-4.253591542460526
2022-09-20 12:30:00,670,1.0,1.0073557161273052,-2.669205424704641
2022-09-20 12:30:00,670,2.0,1.0310781825097775,-121.69834441498338
2022-09-20 12:30:00,670,3.0,0.9964946644023367,117.50863486029036
2022-09-20 12:30:00,632,1.0,1.0162354804330025,-1.8855381819422956
2022-09-20 12:30:00,632,2.0,1.0282914160995344,-121.51423915633873
2022-09-20 12:30:00,632,3.0,1.008726606209397,118.07406709457771
2022-09-20 12:30:00,680,1.0,0.9900794809780267,-4.276259705307154
2022-09-20 12:30:00,680,2.0,1.039222617715008,-121.9665518643416
2022-09-20 12:30:00,680,3.0,0.9744581886156248,116.51237272971578
2022-09-20 12:30:00,684,1.0,0.9879504144655926,-4.3261199395328
2022-09-20 12:30:00,684,3.0,0.9724312596715825,116.38321013644594
2022-09-20 12:45:00,sourcebus,1.0,0.9999804702021552,29.993363016359368
2022-09-20 12:45:00,sourcebus,2.0,0.9999952728042238,-90.0089521239103
2022-09-20 12:45:00,sourcebus,3.0,0.9999528784729985,149.9914708844924
2022-09-20 12:45:00,650,1.0,0.9999183821332853,-0.009984213684253446
2022-09-20 12:45:00,650,2.0,0.9999753153492894,-120.00995499690359
2022-09-20 12:45:00,650,3.0,0.9999323782988635,119.98727264747922
2022-09-20 12:45:00,rg60,1.0,1.056050501327477,-0.011547792283864815
2022-09-20 12:45:00,rg60,2.0,1.0373927819289999,-120.01178917170861
2022-09-20 12:45:00,rg60,3.0,1.0560556194810649,119.9851667478095
2022-09-20 12:45:00,633,1.0,1.015681869536976,-2.162849478390416
2022-09-20 12:45:00,633,2.0,1.0242115682186526,-121.68886035010861
2022-09-20 12:45:00,633,3.0,1.0049517949451514,117.79965418670471
2022-09-20 12:45:00,634,1.0,0.9999981340187193,-2.479093741049527
2022-09-20 12:45:00,634,2.0,1.0092930868795034,-121.93528490806139
2022-09-20 12:45:00,634,3.0,0.9911653946334388,117.58005448994857
2022-09-20 12:45:00,671,1.0,0.9861208767078986,-4.838278140330146
2022-09-20 12:45:00,671,2.0,1.03460350453154,-122.3287842458684
2022-09-20 12:45:00,671,3.0,0.9656842228013784,115.93435772996045
2022-09-20 12:45:00,645,2.0,1.0177235534298292,-121.82375111266524
2022-09-20 12:45:00,645,3.0,1.0052707708543633,117.8133667602676
2022-09-20 12:45:00,646,2.0,1.016303148512258,-121.88653606588232
2022-09-20 12:45:00,646,3.0,1.0035846288233905,117.85052566091358
2022-09-20 12:45:00,692,1.0,0.986120867503233,-4.838278008232515
2022-09-20 12:45:00,692,2.0,1.0346035033051366,-122.328784385299
2022-09-20 12:45:00,692,3.0,0.9656842148961661,115.93435781322127
2022-09-20 12:45:00,675,1.0,0.9796771632667285,-5.088473160864865
2022-09-20 12:45:00,675,2.0,1.0370177607772104,-122.50002035620167
2022-09-20 12:45:00,675,3.0,0.9632190055431339,115.95729068641002
2022-09-20 12:45:00,611,3.0,0.9618505360410033,115.69198347314398
2022-09-20 12:45:00,652,1.0,0.9783206653252655,-4.7858469429005055
2022-09-20 12:45:00,670,1.0,1.0070417662039897,-3.013479469087547
2022-09-20 12:45:00,670,2.0,1.0278927016657033,-121.90885917107711
2022-09-20 12:45:00,670,3.0,0.9920387256100005,117.13173854463754
2022-09-20 12:45:00,632,1.0,1.0175444389469732,-2.139875221770542
2022-09-20 12:45:00,632,2.0,1.025917366142377,-121.66767729053983
2022-09-20 12:45:00,632,3.0,1.0067241524435695,117.796382393547
2022-09-20 12:45:00,680,1.0,0.9863184095634819,-4.811297570058878
2022-09-20 12:45:00,680,2.0,1.034648486846901,-122.30381333035714
2022-09-20 12:45:00,680,3.0,0.965877583042458,115.96442538986003
2022-09-20 12:45:00,684,1.0,0.9840627124771335,-4.862981795062591
2022-09-20 12:45:00,684,3.0,0.9637556033771811,115.83649249294605
2022-09-20 13:00:00,sourcebus,1.0,0.999962241695433,29.992677945153567
2022-09-20 13:00:00,sourcebus,2.0,0.9999770344932403,-90.01002750755192
2022-09-20 13:00:00,sourcebus,3.0,0.9999287462362052,149.99059112442148
2022-09-20 13:00:00,650,1.0,0.9998901462848753,-0.010972661882991432
2022-09-20 13:00:00,650,2.0,0.9999546898853239,-120.01110839506354
2022-09-20 13:00:00,650,3.0,0.9999030314451343,119.98579390183056
2022-09-20 13:00:00,rg60,1.0,1.0622543365032837,-0.012581843427409608
2022-09-20 13:00:00,rg60,2.0,1.0436089675576214,-120.0130515764693
2022-09-20 13:00:00,rg60,3.0,1.0622546923956147,119.9835719689255
2022-09-20 13:00:00,633,1.0,1.0172228891352582,-2.367504458095828
2022-09-20 13:00:00,633,2.0,1.0280833945587715,-121.82373420801248
2022-09-20 13:00:00,633,3.0,1.003035968006761,117.54403720408541
2022-09-20 13:00:00,634,1.0,1.0017433422309712,-2.654232516468772
2022-09-20 13:00:00,634,2.0,1.0140940601980046,-122.02284200704464
2022-09-20 13:00:00,634,3.0,0.9884448995347425,117.32851769050251
2022-09-20 13:00:00,671,1.0,0.9825502466153745,-5.2887437312210555
2022-09-20 13:00:00,671,2.0,1.0359622393295373,-122.66083015286827
2022-09-20 13:00:00,671,3.0,0.957601389817258,115.41204379881921
2022-09-20 13:00:00,645,2.0,1.0213836966951848,-121.9685321372476
2022-09-20 13:00:00,645,3.0,1.00347177828924,117.5586087952857
2022-09-20 13:00:00,646,2.0,1.0199320311284126,-122.03214316859652
2022-09-20 13:00:00,646,3.0,1.0017522619249153,117.59663741816917
2022-09-20 13:00:00,692,1.0,0.9825502370373881,-5.288743579974872
2022-09-20 13:00:00,692,2.0,1.0359622380961286,-122.66083029205667
2022-09-20 13:00:00,692,3.0,0.9576013814673916,115.4120438990377
2022-09-20 13:00:00,675,1.0,0.9757807317953237,-5.546325306548398
2022-09-20 13:00:00,675,2.0,1.038484850627293,-122.83586312909601
2022-09-20 13:00:00,675,3.0,0.9549128039744452,115.44217716935385
2022-09-20 13:00:00,611,3.0,0.9535665814088972,115.16760894866113
2022-09-20 13:00:00,652,1.0,0.9742961419188195,-5.234533142092197
2022-09-20 13:00:00,670,1.0,1.0068677970125568,-3.296070902089514
2022-09-20 13:00:00,670,2.0,1.0307574681154137,-122.11141465931293
2022-09-20 13:00:00,670,3.0,0.9879217689955936,116.78041342955562
2022-09-20 13:00:00,632,1.0,1.0189939685399068,-2.3433045684358573
2022-09-20 13:00:00,632,2.0,1.0296319715397761,-121.81127107943438
2022-09-20 13:00:00,632,3.0,1.004978781676377,117.5401322385458
2022-09-20 13:00:00,680,1.0,0.9827311882765152,-5.263490317768337
2022-09-20 13:00:00,680,2.0,1.0360027441622475,-122.637937345296
2022-09-20 13:00:00,680,3.0,0.9577840598231679,115.44039117970672
2022-09-20 13:00:00,684,1.0,0.9803577467388241,-5.316271994385101
2022-09-20 13:00:00,684,3.0,0.9555711872275706,115.31465418749507
2022-09-20 13:15:00,sourcebus,1.0,0.9999560240844978,29.99238080951719
2022-09-20 13:15:00,sourcebus,2.0,0.9999725860744841,-90.01010802530567
2022-09-20 13:15:00,sourcebus,3.0,0.9999266875643671,149.99031450286975
2022-09-20 13:15:00,650,1.0,0.9998844134079848,-0.011456184072651388
2022-09-20 13:15:00,650,2.0,0.9999467160343394,-120.01136301106716
2022-09-20 13:15:00,650,3.0,0.9999003836421047,119.98563992252296
2022-09-20 13:15:00,rg60,1.0,1.0622431999807973,-0.013137544053257344
2022-09-20 13:15:00,rg60,2.0,1.0435965457631695,-120.01334216627733
2022-09-20 13:15:00,rg60,3.0,1.062251019553577,119.98342089300739
2022-09-20 13:15:00,633,1.0,1.013833682721216,-2.449040526559218
2022-09-20 13:15:00,633,2.0,1.0275044468820445,-121.95864067772114
2022-09-20 13:15:00,633,3.0,1.0034197417834132,117.60340598265314
2022-09-20 13:15:00,634,1.0,0.9956413690068667,-2.817900222109591
2022-09-20 13:15:00,634,2.0,1.0135075166571976,-122.1629877941472
2022-09-20 13:15:00,634,3.0,0.9900845687475157,117.41479639969884
2022-09-20 13:15:00,671,1.0,0.9783673843889318,-5.4394022573654395
2022-09-20 13:15:00,671,2.0,1.035045088572569,-122.8405546480055
2022-09-20 13:15:00,671,3.0,0.9573968964488748,115.47471959099968
2022-09-20 13:15:00,645,2.0,1.0199084320912117,-122.10522621417186
2022-09-20 13:15:00,645,3.0,1.0037114926877668,117.60031017713376
2022-09-20 13:15:00,646,2.0,1.0184059642028076,-122.17143684927642
2022-09-20 13:15:00,646,3.0,1.001929742950978,117.63983788688084
2022-09-20 13:15:00,692,1.0,0.9783673745958626,-5.439402104122408
2022-09-20 13:15:00,692,2.0,1.0350450872602672,-122.84055478325499
2022-09-20 13:15:00,692,3.0,0.9573968880888731,115.47471969315254
2022-09-20 13:15:00,675,1.0,0.9714354934783279,-5.700960797897268
2022-09-20 13:15:00,675,2.0,1.0375136974844779,-123.01732341310307
2022-09-20 13:15:00,675,3.0,0.9547076510738047,115.50498987188108
2022-09-20 13:15:00,611,3.0,0.9537743691632062,115.24015339189772
2022-09-20 13:15:00,652,1.0,0.9698781427909632,-5.38278263428745
2022-09-20 13:15:00,670,1.0,1.0036291632382466,-3.395624224600837
2022-09-20 13:15:00,670,2.0,1.0300365669694853,-122.24944966663261
2022-09-20 13:15:00,670,3.0,0.9878851214631419,116.82812765671564
2022-09-20 13:15:00,632,1.0,1.016152399597952,-2.415719181871663
2022-09-20 13:15:00,632,2.0,1.0289108857881863,-121.93778867652296
2022-09-20 13:15:00,632,3.0,1.005169052205948,117.58475191761121
2022-09-20 13:15:00,680,1.0,0.9785428173778326,-5.414906268202685
2022-09-20 13:15:00,680,2.0,1.0350837993673834,-122.81845649653602
2022-09-20 13:15:00,680,3.0,0.9575722226620706,115.50197314309173
2022-09-20 13:15:00,684,1.0,0.9760597919983675,-5.46650960724422
2022-09-20 13:15:00,684,3.0,0.9555743910642657,115.38271447870616
2022-09-20 13:30:00,sourcebus,1.0,0.9999518325411757,29.99169575369579
2022-09-20 13:30:00,sourcebus,2.0,0.9999622495185622,-90.01031824604054
2022-09-20 13:30:00,sourcebus,3.0,0.99992660062874,149.99017180503344
2022-09-20 13:30:00,650,1.0,0.9998835638655268,-0.012042713610313453
2022-09-20 13:30:00,650,2.0,0.9999345923801165,-120.01223099948605
2022-09-20 13:30:00,650,3.0,0.9998947670988706,119.98569156174857
2022-09-20 13:30:00,rg60,1.0,1.0622380876276112,-0.013780050857716043
2022-09-20 13:30:00,rg60,2.0,1.049823031869269,-120.01449895906399
2022-09-20 13:30:00,rg60,3.0,1.062246125563015,119.98355755357605
2022-09-20 13:30:00,633,1.0,1.008537608983527,-2.3960003480301206
2022-09-20 13:30:00,633,2.0,1.0315209064110276,-122.3783603635914
2022-09-20 13:30:00,633,3.0,1.0066202987639268,117.76220442330207
2022-09-20 13:30:00,634,1.0,0.9879427199427274,-2.800722586288827
2022-09-20 13:30:00,634,2.0,1.0179502470553465,-122.53910578774051
2022-09-20 13:30:00,634,3.0,0.9949483527811853,117.65053294921367
2022-09-20 13:30:00,671,1.0,0.9706052051868728,-5.417339296521753
2022-09-20 13:30:00,671,2.0,1.038009773754554,-123.50431188557786
2022-09-20 13:30:00,671,3.0,0.9615085425617126,115.71502451664742
2022-09-20 13:30:00,645,2.0,1.0222953073041179,-122.5708410222668
2022-09-20 13:30:00,645,3.0,1.006946521484373,117.7376869368096
2022-09-20 13:30:00,646,2.0,1.0207446787498946,-122.63978763189625
2022-09-20 13:30:00,646,3.0,1.0051033846628357,117.7790625829394
2022-09-20 13:30:00,692,1.0,0.9706051953524217,-5.4173391410105705
2022-09-20 13:30:00,692,2.0,1.0380097723683663,-123.5043120173729
2022-09-20 13:30:00,692,3.0,0.9615085343636299,115.71502462008519
2022-09-20 13:30:00,675,1.0,0.9636229566118708,-5.677157993948014
2022-09-20 13:30:00,675,2.0,1.0403945002901094,-123.68123986977187
2022-09-20 13:30:00,675,3.0,0.9589273726750274,115.74666081692853
2022-09-20 13:30:00,611,3.0,0.9582317148537124,115.49723068085316
2022-09-20 13:30:00,652,1.0,0.9615564310751886,-5.380131367337364
2022-09-20 13:30:00,670,1.0,0.9978725354122635,-3.350609399382935
2022-09-20 13:30:00,670,2.0,1.0336356384768606,-122.74375626404775
2022-09-20 13:30:00,670,3.0,0.9911478379915901,117.00168036510439
2022-09-20 13:30:00,632,1.0,1.011360664523516,-2.3578498635912206
2022-09-20 13:30:00,632,2.0,1.0327165494550177,-122.35468838218905
2022-09-20 13:30:00,632,3.0,1.0081061621063934,117.72343665455887
2022-09-20 13:30:00,680,1.0,0.9707894672933424,-5.391226768200733
2022-09-20 13:30:00,680,2.0,1.0380507174473044,-123.48133091366132
2022-09-20 13:30:00,680,3.0,0.961692442004213,115.743451960546
2022-09-20 13:30:00,684,1.0,0.967831294109183,-5.465843850959721
2022-09-20 13:30:00,684,3.0,0.959821498106882,115.63502894599192
2022-09-20 13:45:00,sourcebus,1.0,0.9999590856286034,29.9921200810345
2022-09-20 13:45:00,sourcebus,2.0,0.9999707208564391,-90.00985540185344
2022-09-20 13:45:00,sourcebus,3.0,0.999935044779503,149.99055494163287
2022-09-20 13:45:00,650,1.0,0.9998931154561127,-0.011533278610894598
2022-09-20 13:45:00,650,2.0,0.9999447589121744,-120.01160806084413
2022-09-20 13:45:00,650,3.0,0.9999060929789588,119.98629009445476
2022-09-20 13:45:00,rg60,1.0,1.0622535447604373,-0.013214922679052669
2022-09-20 13:45:00,rg60,2.0,1.0498404727357198,-120.01380978873178
2022-09-20 13:45:00,rg60,3.0,1.0622652937033485,119.98424747861759
2022-09-20 13:45:00,633,1.0,1.0100093824894925,-2.3476000573894673
2022-09-20 13:45:00,633,2.0,1.0342486227193053,-122.26143076484306
2022-09-20 13:45:00,633,3.0,1.0090654013760807,117.92851142647474
2022-09-20 13:45:00,634,1.0,0.9897229149896122,-2.7095564476328624
2022-09-20 13:45:00,634,2.0,1.0215126708900673,-122.36873077341008
2022-09-20 13:45:00,634,3.0,0.9973021208894657,117.84873255354722
2022-09-20 13:45:00,671,1.0,0.9727603861761299,-5.324386358936186
2022-09-20 13:45:00,671,2.0,1.042876389388138,-123.3283136522518
2022-09-20 13:45:00,671,3.0,0.9670766694562088,116.09107087864967
2022-09-20 13:45:00,645,2.0,1.0250264773097664,-122.45857530739345
2022-09-20 13:45:00,645,3.0,1.0094328587816774,117.90041826777563
2022-09-20 13:45:00,646,2.0,1.0234929792341758,-122.5266298517928
2022-09-20 13:45:00,646,3.0,1.0076099029645835,117.94129900944186
2022-09-20 13:45:00,692,1.0,0.9727603758315572,-5.324386195832399
2022-09-20 13:45:00,692,2.0,1.0428763880284335,-123.32831378565047
2022-09-20 13:45:00,692,3.0,0.9670766618830872,116.09107096614714
2022-09-20 13:45:00,675,1.0,0.9652221891553598,-5.576315815264953
2022-09-20 13:45:00,675,2.0,1.0451829208687926,-123.5211164571793
2022-09-20 13:45:00,675,3.0,0.9651010222469839,116.12828174888115
2022-09-20 13:45:00,611,3.0,0.9635892590822182,115.86528510749409
2022-09-20 13:45:00,652,1.0,0.9643827078677066,-5.290651198755197
2022-09-20 13:45:00,670,1.0,0.9996234803001204,-3.29273637032836
2022-09-20 13:45:00,670,2.0,1.036969234575608,-122.60796866869659
2022-09-20 13:45:00,670,3.0,0.9944349061701153,117.22273065895114
2022-09-20 13:45:00,632,1.0,1.0127631893882094,-2.311274031017405
2022-09-20 13:45:00,632,2.0,1.0353097079952747,-122.24518229281037
2022-09-20 13:45:00,632,3.0,1.0105852291036097,117.88611136850966
2022-09-20 13:45:00,680,1.0,0.9729480793146448,-5.298052214212196
2022-09-20 13:45:00,680,2.0,1.0429172989880608,-123.30515565352168
2022-09-20 13:45:00,680,3.0,0.9672609954775564,116.119500902936
2022-09-20 13:45:00,684,1.0,0.9702295317614449,-5.370315881978408
2022-09-20 13:45:00,684,3.0,0.9652869473131205,116.00522794011964
2022-09-20 14:00:00,sourcebus,1.0,0.9999631029984755,29.992351030728486
2022-09-20 14:00:00,sourcebus,2.0,0.9999788204412101,-90.00956996037439
2022-09-20 14:00:00,sourcebus,3.0,0.9999419267450051,149.9906105697544
2022-09-20 14:00:00,650,1.0,0.9998989386576276,-0.01144035611056179
2022-09-20 14:00:00,650,2.0,0.9999529065687988,-120.01115018883175
2022-09-20 14:00:00,650,3.0,0.9999168153127227,119.9865367989598
2022-09-20 14:00:00,rg60,1.0,1.062261519268295,-0.013203620890516791
2022-09-20 14:00:00,rg60,2.0,1.0498550652860976,-120.01331479635833
2022-09-20 14:00:00,rg60,3.0,1.0622816539903486,119.98449955533067
2022-09-20 14:00:00,633,1.0,1.0106486071972336,-2.45122886835668
2022-09-20 14:00:00,633,2.0,1.0377725815447556,-122.14200143701724
2022-09-20 14:00:00,633,3.0,1.0101150807747714,118.04921298782365
2022-09-20 14:00:00,634,1.0,0.9901087220658332,-2.83057230486669
2022-09-20 14:00:00,634,2.0,1.0253590052685424,-122.25207693194382
2022-09-20 14:00:00,634,3.0,0.9977144363168249,117.9421315432398
2022-09-20 14:00:00,671,1.0,0.9738545679626704,-5.484087299899662
2022-09-20 14:00:00,671,2.0,1.0492549641730016,-123.12614360131643
2022-09-20 14:00:00,671,3.0,0.9705012056321211,116.40493737409382
2022-09-20 14:00:00,645,2.0,1.0286290143694916,-122.33722851730681
2022-09-20 14:00:00,645,3.0,1.010616837356921,118.02367400861965
2022-09-20 14:00:00,646,2.0,1.0271114280603835,-122.40424897130792
2022-09-20 14:00:00,646,3.0,1.00881423242958,118.0641314425607
2022-09-20 14:00:00,692,1.0,0.9738545568408745,-5.484087129103147
2022-09-20 14:00:00,692,2.0,1.0492549628355867,-123.12614373620741
2022-09-20 14:00:00,692,3.0,0.970501198491069,116.4049374464406
2022-09-20 14:00:00,675,1.0,0.9655860229023098,-5.7376972924116245
2022-09-20 14:00:00,675,2.0,1.0515394743025372,-123.33585527164968
2022-09-20 14:00:00,675,3.0,0.9690337617960673,116.44626903514764
2022-09-20 14:00:00,611,3.0,0.9667996819698981,116.17102005448145
2022-09-20 14:00:00,652,1.0,0.966159858226436,-5.453759351477262
2022-09-20 14:00:00,670,1.0,1.0005407418328776,-3.414723001981692
2022-09-20 14:00:00,670,2.0,1.041359829620034,-122.45588085619607
2022-09-20 14:00:00,670,3.0,0.9961031454459264,117.39110900092061
2022-09-20 14:00:00,632,1.0,1.0134092898415168,-2.4109619178534145
2022-09-20 14:00:00,632,2.0,1.0387703762056155,-122.1269820842861
2022-09-20 14:00:00,632,3.0,1.011762275146395,118.00913143350748
2022-09-20 14:00:00,680,1.0,0.9740334442219425,-5.4592310201584695
2022-09-20 14:00:00,680,2.0,1.0492920452549386,-123.10442198012773
2022-09-20 14:00:00,680,3.0,0.9706738214387981,116.43152646244123
2022-09-20 14:00:00,684,1.0,0.9715701147860271,-5.527369425077118
2022-09-20 14:00:00,684,3.0,0.9686081168604296,116.31323204964939
2022-09-20 14:15:00,sourcebus,1.0,0.9999640717842541,29.992416193488232
2022-09-20 14:15:00,sourcebus,2.0,0.9999814646638584,-90.00932719548962
2022-09-20 14:15:00,sourcebus,3.0,0.999946417624425,149.99068139808406
2022-09-20 14:15:00,650,1.0,0.9999018667520129,-0.011422752575230953
2022-09-20 14:15:00,650,2.0,0.9999543613927143,-120.0109426853471
2022-09-20 14:15:00,650,3.0,0.9999228736898251,119.98682977824609
2022-09-20 14:15:00,rg60,1.0,1.0622650365934179,-0.01318560340977418
2022-09-20 14:15:00,rg60,2.0,1.0498578906248588,-120.01310503935906
2022-09-20 14:15:00,rg60,3.0,1.0622925851905376,119.98483851529792
2022-09-20 14:15:00,633,1.0,1.0095912370597222,-2.44369082999502
2022-09-20 14:15:00,633,2.0,1.0386645371360306,-122.17719504953646
2022-09-20 14:15:00,633,3.0,1.0121982790154922,118.17410934088238
2022-09-20 14:15:00,634,1.0,0.9883718784918144,-2.8393753373314383
2022-09-20 14:15:00,634,2.0,1.0261601047180284,-122.2866456636661
2022-09-20 14:15:00,634,3.0,0.9983536041020404,118.03332297932639
2022-09-20 14:15:00,671,1.0,0.9721538398981521,-5.440742453613045
2022-09-20 14:15:00,671,2.0,1.0503512652371922,-123.20832977524105
2022-09-20 14:15:00,671,3.0,0.9750037945462706,116.64185943435302
2022-09-20 14:15:00,645,2.0,1.0298047958215584,-122.37359388534796
2022-09-20 14:15:00,645,3.0,1.0128629831011768,118.15392073889166
2022-09-20 14:15:00,646,2.0,1.0282827316666774,-122.44097726737624
2022-09-20 14:15:00,646,3.0,1.0110533788298728,118.19458301945355
2022-09-20 14:15:00,692,1.0,0.9721538288732324,-5.440742285472745
2022-09-20 14:15:00,692,2.0,1.0503512639058563,-123.20832991048277
2022-09-20 14:15:00,692,3.0,0.9750037876186591,116.64185949928361
2022-09-20 14:15:00,675,1.0,0.9639770760050156,-5.690323485217749
2022-09-20 14:15:00,675,2.0,1.052577324613181,-123.4181109899192
2022-09-20 14:15:00,675,3.0,0.9737239064898018,116.68107155993187
2022-09-20 14:15:00,611,3.0,0.9717438083293086,116.41895721738044
2022-09-20 14:15:00,652,1.0,0.9641186214610741,-5.407618753548355
2022-09-20 14:15:00,670,1.0,0.9991297969788133,-3.3879866557375173
2022-09-20 14:15:00,670,2.0,1.0423079190945834,-122.51869402845438
2022-09-20 14:15:00,670,3.0,0.9994882491583194,117.57011947160751
2022-09-20 14:15:00,632,1.0,1.012376691955462,-2.399137438263985
2022-09-20 14:15:00,632,2.0,1.039643893792008,-122.16555605785973
2022-09-20 14:15:00,632,3.0,1.014094355736416,118.13680293499952
2022-09-20 14:15:00,680,1.0,0.9723194135165983,-5.41785405108403
2022-09-20 14:15:00,680,2.0,1.0503850814977507,-123.18837226712276
2022-09-20 14:15:00,680,3.0,0.9751609123609409,116.6660115754084
2022-09-20 14:15:00,684,1.0,0.9697168535603286,-5.483934250662846
2022-09-20 14:15:00,684,3.0,0.9733330470893021,116.55626215786621
2022-09-20 14:30:00,sourcebus,1.0,0.9999649730260189,29.992473092150213
2022-09-20 14:30:00,sourcebus,2.0,0.9999840108916064,-90.0090940629664
2022-09-20 14:30:00,sourcebus,3.0,0.9999508050643776,149.99074479002232
2022-09-20 14:30:00,650,1.0,0.9999046966673437,-0.011415340803894386
2022-09-20 14:30:00,650,2.0,0.9999557268408967,-120.01074740268187
2022-09-20 14:30:00,650,3.0,0.9999287817298911,119.98711112505174
2022-09-20 14:30:00,rg60,1.0,1.0622683662795926,-0.013180799367925438
2022-09-20 14:30:00,rg60,2.0,1.0498605479443228,-120.0129105019071
2022-09-20 14:30:00,rg60,3.0,1.0623032400318486,119.98516405946768
2022-09-20 14:30:00,633,1.0,1.0085146099853632,-2.438955654208388
2022-09-20 14:30:00,633,2.0,1.0395568612684407,-122.21395478793882
2022-09-20 14:30:00,633,3.0,1.0142327866735827,118.29643486169384
2022-09-20 14:30:00,634,1.0,0.9866131282375517,-2.851167824637489
2022-09-20 14:30:00,634,2.0,1.026962031817823,-122.32285599841637
2022-09-20 14:30:00,634,3.0,0.9989451663750019,118.12203096901392
2022-09-20 14:30:00,671,1.0,0.9704198011096888,-5.403015806395994
2022-09-20 14:30:00,671,2.0,1.051450266014439,-123.293633092931
2022-09-20 14:30:00,671,3.0,0.9794259356148807,116.87237599943882
2022-09-20 14:30:00,645,2.0,1.030980430751616,-122.41150911942144
2022-09-20 14:30:00,645,3.0,1.0150606561202216,118.28156847597128
2022-09-20 14:30:00,646,2.0,1.0294539223914931,-122.47925237732882
2022-09-20 14:30:00,646,3.0,1.0132441059517652,118.32243688681194
2022-09-20 14:30:00,692,1.0,0.9704197901813358,-5.403015640924589
2022-09-20 14:30:00,692,2.0,1.0514502646891741,-123.29363322852355
2022-09-20 14:30:00,692,3.0,0.9794259288982129,116.87237605708299
2022-09-20 14:30:00,675,1.0,0.9623342586979124,-5.648617918641076
2022-09-20 14:30:00,675,2.0,1.0536188023790363,-123.50350190498247
2022-09-20 14:30:00,675,3.0,0.9783311499766293,116.90949725057187
2022-09-20 14:30:00,611,3.0,0.9766074255921695,116.66037519639143
2022-09-20 14:30:00,652,1.0,0.9620455294917653,-5.367122370141008
2022-09-20 14:30:00,670,1.0,0.9976955291582547,-3.365016035941919
2022-09-20 14:30:00,670,2.0,1.043258033400156,-122.58349285117997
2022-09-20 14:30:00,670,3.0,1.0028106907139873,117.74517662834779
2022-09-20 14:30:00,632,1.0,1.0113253099709856,-2.3901090343358398
2022-09-20 14:30:00,632,2.0,1.0405179176474177,-122.20567367790788
2022-09-20 14:30:00,632,3.0,1.016377463461201,118.26186582523611
2022-09-20 14:30:00,680,1.0,0.9705633445780026,-5.383270011687885
2022-09-20 14:30:00,680,2.0,1.0514791345078613,-123.27645834360625
2022-09-20 14:30:00,680,3.0,0.9795599295924602,116.89293054489701
2022-09-20 14:30:00,684,1.0,0.9678306563926612,-5.4461409385706885
2022-09-20 14:30:00,684,3.0,0.9779775691432046,116.79282442144097
2022-09-20 14:45:00,sourcebus,1.0,0.9999656566546871,29.992414660085288
2022-09-20 14:45:00,sourcebus,2.0,0.9999851485888434,-90.00909507802744
2022-09-20 14:45:00,sourcebus,3.0,0.9999525835554088,149.99069253647207
2022-09-20 14:45:00,650,1.0,0.9999064203331564,-0.011510885144192889
2022-09-20 14:45:00,650,2.0,0.9999565793657237,-120.01077427737708
2022-09-20 14:45:00,650,3.0,0.9999310336112575,119.98709409631887
2022-09-20 14:45:00,rg60,1.0,1.062270435175737,-0.013335357597817872
2022-09-20 14:45:00,rg60,2.0,1.0498616868457618,-120.01295807256035
2022-09-20 14:45:00,rg60,3.0,1.062306399885661,119.98511263191095
2022-09-20 14:45:00,633,1.0,1.0088423605658696,-2.460781852202753
2022-09-20 14:45:00,633,2.0,1.039584532510685,-122.21992040503926
2022-09-20 14:45:00,633,3.0,1.0146934453970553,118.28758451326655
2022-09-20 14:45:00,634,1.0,0.9871370508895903,-2.8929381486139447
2022-09-20 14:45:00,634,2.0,1.0258928137956107,-122.38073736656402
2022-09-20 14:45:00,634,3.0,0.9995366470606001,118.09035391758151
2022-09-20 14:45:00,671,1.0,0.9712075866526504,-5.443951691444929
2022-09-20 14:45:00,671,2.0,1.052185925402133,-123.26634809986341
2022-09-20 14:45:00,671,3.0,0.9798540924764053,116.86927891499828
2022-09-20 14:45:00,645,2.0,1.031245793278708,-122.41022331116204
2022-09-20 14:45:00,645,3.0,1.015451286159825,118.27799239072
2022-09-20 14:45:00,646,2.0,1.0297197508784424,-122.47792781598329
2022-09-20 14:45:00,646,3.0,1.0136352383506089,118.31882412795028
2022-09-20 14:45:00,692,1.0,0.971207575863634,-5.443951533359777
2022-09-20 14:45:00,692,2.0,1.0521859241627036,-123.26634823967387
2022-09-20 14:45:00,692,3.0,0.9798540856291624,116.869278974156
2022-09-20 14:45:00,675,1.0,0.9632483210662262,-5.693972567135471
2022-09-20 14:45:00,675,2.0,1.0544768858551863,-123.47279400247056
2022-09-20 14:45:00,675,3.0,0.9785993469486877,116.90542941292715
2022-09-20 14:45:00,611,3.0,0.9772819125105764,116.66322672856445
2022-09-20 14:45:00,652,1.0,0.962662231356688,-5.406722260358018
2022-09-20 14:45:00,670,1.0,0.9981498480635056,-3.393570352455713
2022-09-20 14:45:00,670,2.0,1.0436592401121214,-122.5746403791061
2022-09-20 14:45:00,670,3.0,1.0032826988264596,117.74254135362973
2022-09-20 14:45:00,632,1.0,1.0116363067892584,-2.4140292237584497
2022-09-20 14:45:00,632,2.0,1.0407526555420816,-122.20473952422037
2022-09-20 14:45:00,632,3.0,1.0167740797814924,118.25809094626551
2022-09-20 14:45:00,680,1.0,0.971331029748122,-5.427007482579567
2022-09-20 14:45:00,680,2.0,1.0522106427326154,-123.25159766874187
2022-09-20 14:45:00,680,3.0,0.9799691096378711,116.88692191646184
2022-09-20 14:45:00,684,1.0,0.9685396893454342,-5.486945075838147
2022-09-20 14:45:00,684,3.0,0.9785293576911186,116.7930319947002
2022-09-20 15:00:00,sourcebus,1.0,0.9999671708519823,29.992901550861266
2022-09-20 15:00:00,sourcebus,2.0,0.999992093709883,-90.0088121721868
2022-09-20 15:00:00,sourcebus,3.0,0.9999537300150614,149.9908079398319
2022-09-20 15:00:00,650,1.0,0.9999066304094202,-0.011132068999953823
2022-09-20 15:00:00,650,2.0,0.9999630179791645,-120.01006682913489
2022-09-20 15:00:00,650,3.0,0.9999364654272368,119.98719785470608
2022-09-20 15:00:00,rg60,1.0,1.0622731905152072,-0.012903827704822277
2022-09-20 15:00:00,rg60,2.0,1.0498747501254118,-120.01200149600908
2022-09-20 15:00:00,rg60,3.0,1.0623129777384088,119.98518366879877
2022-09-20 15:00:00,633,1.0,1.0117476263455134,-2.4860406587782875
2022-09-20 15:00:00,633,2.0,1.0407695057823492,-121.92844912736781
2022-09-20 15:00:00,633,3.0,1.0134953456033442,118.22938122438892
2022-09-20 15:00:00,634,1.0,0.990296562455742,-2.9322507961570015
2022-09-20 15:00:00,634,2.0,1.0259954415092016,-122.13751364150433
2022-09-20 15:00:00,634,3.0,0.9984445668883503,118.01212322745924
2022-09-20 15:00:00,671,1.0,0.9764592922270918,-5.4361955310922525
2022-09-20 15:00:00,671,2.0,1.0542704400389422,-122.76160405044025
2022-09-20 15:00:00,671,3.0,0.9778249213726133,116.76194744695879
2022-09-20 15:00:00,645,2.0,1.0333517847592004,-122.07284746693024
2022-09-20 15:00:00,645,3.0,1.0139205964217806,118.22374602334833
2022-09-20 15:00:00,646,2.0,1.031817891013033,-122.14014881570948
2022-09-20 15:00:00,646,3.0,1.012099846291055,118.26445651392302
2022-09-20 15:00:00,692,1.0,0.9764592816340635,-5.436195380752002
2022-09-20 15:00:00,692,2.0,1.054270438884017,-122.76160419446722
2022-09-20 15:00:00,692,3.0,0.9778249143888875,116.76194750759252
2022-09-20 15:00:00,675,1.0,0.9686580850183448,-5.688160187442464
2022-09-20 15:00:00,675,2.0,1.0566682512425434,-122.96478647672882
2022-09-20 15:00:00,675,3.0,0.9763914210706122,116.7972593045295
2022-09-20 15:00:00,611,3.0,0.9755662172360297,116.55519282620942
2022-09-20 15:00:00,652,1.0,0.9680627444617926,-5.375952473471805
2022-09-20 15:00:00,670,1.0,1.0018106302656002,-3.4103547417411466
2022-09-20 15:00:00,670,2.0,1.045297017346503,-122.20812696511597
2022-09-20 15:00:00,670,3.0,1.0018322140239937,117.67279287406923
2022-09-20 15:00:00,632,1.0,1.0145174887525181,-2.4419072653193767
2022-09-20 15:00:00,632,2.0,1.0421430243493466,-121.90663190227036
2022-09-20 15:00:00,632,3.0,1.0155133391634596,118.204546233337
2022-09-20 15:00:00,680,1.0,0.9765684126168243,-5.421287215880916
2022-09-20 15:00:00,680,2.0,1.054291659233382,-122.74856410738423
2022-09-20 15:00:00,680,3.0,0.9779274368155582,116.77763452667683
2022-09-20 15:00:00,684,1.0,0.9740623292612886,-5.457378545278094
2022-09-20 15:00:00,684,3.0,0.9766941288604154,116.68248482439095
2022-09-20 15:15:00,sourcebus,1.0,0.9999757950248902,29.992848426132213
2022-09-20 15:15:00,sourcebus,2.0,0.9999912719910369,-90.0089280630293
2022-09-20 15:15:00,sourcebus,3.0,0.9999566822957316,149.99119216118174
2022-09-20 15:15:00,650,1.0,0.9999165901424214,-0.01072332738146273
2022-09-20 15:15:00,650,2.0,0.9999682227452644,-120.0104200837502
2022-09-20 15:15:00,650,3.0,0.9999353526592565,119.98745044666853
2022-09-20 15:15:00,rg60,1.0,1.0622896439996792,-0.012409774929538576
2022-09-20 15:15:00,rg60,2.0,1.0498794308990989,-120.0125712598111
2022-09-20 15:15:00,rg60,3.0,1.0623134147334612,119.98549269023842
2022-09-20 15:15:00,633,1.0,1.0132612184967007,-2.2923938257219816
2022-09-20 15:15:00,633,2.0,1.039962450985402,-122.07342194530266
2022-09-20 15:15:00,633,3.0,1.0150643422964891,118.23699973340501
2022-09-20 15:15:00,634,1.0,0.9928432034714649,-2.673235975642265
2022-09-20 15:15:00,634,2.0,1.0259301705207766,-122.2291209268206
2022-09-20 15:15:00,634,3.0,0.9981280549422084,118.00903094575014
2022-09-20 15:15:00,671,1.0,0.9782101301629044,-5.1008076850376876
2022-09-20 15:15:00,671,2.0,1.0531652796730306,-123.02359038741629
2022-09-20 15:15:00,671,3.0,0.9819693506972068,116.82244979584716
2022-09-20 15:15:00,645,2.0,1.0319559573004857,-122.26949356648197
2022-09-20 15:15:00,645,3.0,1.0160383168593945,118.2399042834095
2022-09-20 15:15:00,646,2.0,1.0304209597536835,-122.33732912660236
2022-09-20 15:15:00,646,3.0,1.0142127837509003,118.28074151116537
2022-09-20 15:15:00,692,1.0,0.9782101197745188,-5.100807528102308
2022-09-20 15:15:00,692,2.0,1.0531652785603711,-123.02359053342266
2022-09-20 15:15:00,692,3.0,0.9819693438549588,116.82244985299761
2022-09-20 15:15:00,675,1.0,0.9705625078276947,-5.342518312560787
2022-09-20 15:15:00,675,2.0,1.0555326893742176,-123.22644815298885
2022-09-20 15:15:00,675,3.0,0.9807224458571755,116.85870931050816
2022-09-20 15:15:00,611,3.0,0.9790904289479252,116.60605707169046
2022-09-20 15:15:00,652,1.0,0.9704474093508716,-5.068317992896115
2022-09-20 15:15:00,670,1.0,1.0032168636658012,-3.1736255396903252
2022-09-20 15:15:00,670,2.0,1.0443428896790878,-122.40188105776815
2022-09-20 15:15:00,670,3.0,1.0044569024939471,117.70308200627831
2022-09-20 15:15:00,632,1.0,1.0157197697391505,-2.2502940644307685
2022-09-20 15:15:00,632,2.0,1.0412539908371754,-122.0657988079079
2022-09-20 15:15:00,632,3.0,1.0174259556834722,118.2179220273395
2022-09-20 15:15:00,680,1.0,0.9783057046032245,-5.087721330288202
2022-09-20 15:15:00,680,2.0,1.0531851980242455,-123.01207617477144
2022-09-20 15:15:00,680,3.0,0.9820596559665162,116.83625624630672
2022-09-20 15:15:00,684,1.0,0.9758324912831838,-5.14126549023195
2022-09-20 15:15:00,684,3.0,0.9804883033146301,116.73902351425502
2022-09-20 15:30:00,sourcebus,1.0,0.999981927786821,29.993143532653807
2022-09-20 15:30:00,sourcebus,2.0,0.9999960744763099,-90.0089386735703
2022-09-20 15:30:00,sourcebus,3.0,0.9999575288518646,149.9914004199318
2022-09-20 15:30:00,650,1.0,0.9999212379825034,-0.010276011353299622
2022-09-20 15:30:00,650,2.0,0.999977076937163,-120.01020002581828
2022-09-20 15:30:00,650,3.0,0.9999370700412845,119.98745984117504
2022-09-20 15:30:00,rg60,1.0,1.0622990853563674,-0.01191115754308859
2022-09-20 15:30:00,rg60,2.0,1.0498933763952492,-120.01232693390384
2022-09-20 15:30:00,rg60,3.0,1.0623147541938152,119.98546915721616
2022-09-20 15:30:00,633,1.0,1.0164870552585143,-2.264199937190247
2022-09-20 15:30:00,633,2.0,1.041224143936413,-121.91533828558833
2022-09-20 15:30:00,633,3.0,1.0135355834098418,118.15099835051008
2022-09-20 15:30:00,634,1.0,0.9965468574123976,-2.638871909703177
2022-09-20 15:30:00,634,2.0,1.0274025345791757,-122.07363393047899
2022-09-20 15:30:00,634,3.0,0.9940703603818494,117.85083285356484
2022-09-20 15:30:00,671,1.0,0.9833456395079297,-4.98482474905609
2022-09-20 15:30:00,671,2.0,1.0551271554623318,-122.77425183011478
2022-09-20 15:30:00,671,3.0,0.9814742276120035,116.7250935527286
2022-09-20 15:30:00,645,2.0,1.0333893794653675,-122.11748622758411
2022-09-20 15:30:00,645,3.0,1.0149007494618727,118.1676575906503
2022-09-20 15:30:00,646,2.0,1.031843456767136,-122.18533766662675
2022-09-20 15:30:00,646,3.0,1.0130652003384184,118.2086155056014
2022-09-20 15:30:00,692,1.0,0.9833456290910957,-4.984824585833022
2022-09-20 15:30:00,692,2.0,1.0551271543886358,-122.7742519781052
2022-09-20 15:30:00,692,3.0,0.9814742207063827,116.7250936067939
2022-09-20 15:30:00,675,1.0,0.9756949640277329,-5.224014179040204
2022-09-20 15:30:00,675,2.0,1.0575097832241642,-122.97827072442695
2022-09-20 15:30:00,675,3.0,0.9802982368844222,116.76115197175996
2022-09-20 15:30:00,611,3.0,0.9780402790251251,116.4921988891677
2022-09-20 15:30:00,652,1.0,0.9765570514837287,-4.958403360554943
2022-09-20 15:30:00,670,1.0,1.0069737565132075,-3.116324602013307
2022-09-20 15:30:00,670,2.0,1.0458275327981275,-122.216689579832
2022-09-20 15:30:00,670,3.0,1.0035074769699452,117.61673307061196
2022-09-20 15:30:00,632,1.0,1.0187096486002638,-2.2183380033579856
2022-09-20 15:30:00,632,2.0,1.0425055664833238,-121.91565163384469
2022-09-20 15:30:00,632,3.0,1.0163483059611051,118.14361579038602
2022-09-20 15:30:00,680,1.0,0.9834306782683033,-4.973184670142984
2022-09-20 15:30:00,680,2.0,1.055145053687113,-122.76396923243874
2022-09-20 15:30:00,680,3.0,0.9815556775801884,116.7375176717014
2022-09-20 15:30:00,684,1.0,0.9813428009511743,-5.022859328835319
2022-09-20 15:30:00,684,3.0,0.9797142179794066,116.63109230507534
2022-09-20 15:45:00,sourcebus,1.0,0.9999713293926011,29.993011067006865
2022-09-20 15:45:00,sourcebus,2.0,0.9999886382855195,-90.00945638469436
2022-09-20 15:45:00,sourcebus,3.0,0.9999426889469366,149.99091840155063
2022-09-20 15:45:00,650,1.0,0.9999039825742772,-0.010664277791966952
2022-09-20 15:45:00,650,2.0,0.9999677204165902,-120.01047006068256
2022-09-20 15:45:00,650,3.0,0.9999210511167509,119.9865501883904
2022-09-20 15:45:00,rg60,1.0,1.062273658183081,-0.012337470527749937
2022-09-20 15:45:00,rg60,2.0,1.0498802953363946,-120.01245261412856
2022-09-20 15:45:00,rg60,3.0,1.0622850951937906,119.98445183539899
2022-09-20 15:45:00,633,1.0,1.0166220018699506,-2.4604130025510753
2022-09-20 15:45:00,633,2.0,1.0398348231334726,-121.74947555555124
2022-09-20 15:45:00,633,3.0,1.0058612274574066,117.86762631042839
2022-09-20 15:45:00,634,1.0,0.9954981429372112,-2.9019400122201415
2022-09-20 15:45:00,634,2.0,1.0241715181443054,-121.98567546017775
2022-09-20 15:45:00,634,3.0,0.9841556839165674,117.47473934445216
2022-09-20 15:45:00,671,1.0,0.9838614276854738,-5.343227251808604
2022-09-20 15:45:00,671,2.0,1.054081763398497,-122.43378802267945
2022-09-20 15:45:00,671,3.0,0.968865727384473,116.22087574631763
2022-09-20 15:45:00,645,2.0,1.031805340704963,-121.92770098942901
2022-09-20 15:45:00,645,3.0,1.0071205483287011,117.89514592741193
2022-09-20 15:45:00,646,2.0,1.0300653124479633,-122.00329915761522
2022-09-20 15:45:00,646,3.0,1.0050620192123743,117.94113847460294
2022-09-20 15:45:00,692,1.0,0.9838614169631965,-5.34322708373431
2022-09-20 15:45:00,692,2.0,1.0540817622831475,-122.43378816862284
2022-09-20 15:45:00,692,3.0,0.9688657200420445,116.22087581226322
2022-09-20 15:45:00,675,1.0,0.9759772248804952,-5.5939512622631575
2022-09-20 15:45:00,675,2.0,1.056543668178615,-122.63874179482339
2022-09-20 15:45:00,675,3.0,0.9673497515948972,116.25917245466232
2022-09-20 15:45:00,611,3.0,0.9646278754804273,115.96624881898572
2022-09-20 15:45:00,652,1.0,0.976764854296519,-5.294256204759908
2022-09-20 15:45:00,670,1.0,1.007265440597629,-3.363211271612355
2022-09-20 15:45:00,670,2.0,1.0447545282834227,-121.98637776416314
2022-09-20 15:45:00,670,3.0,0.9943611525923303,117.26570297394363
2022-09-20 15:45:00,632,1.0,1.0189301504564166,-2.408829171458343
2022-09-20 15:45:00,632,2.0,1.041374532566231,-121.74407764663268
2022-09-20 15:45:00,632,3.0,1.0090020479164896,117.87019790844207
2022-09-20 15:45:00,680,1.0,0.9839401726201091,-5.332320312724857
2022-09-20 15:45:00,680,2.0,1.0540977553790813,-122.42420620105405
2022-09-20 15:45:00,680,3.0,0.9689434851657575,116.23277161374072
2022-09-20 15:45:00,684,1.0,0.9820728779132194,-5.365700735856967
2022-09-20 15:45:00,684,3.0,0.9667403714342113,116.1151244865521
2022-09-20 16:00:00,sourcebus,1.0,0.9999619554726693,29.99246840252845
2022-09-20 16:00:00,sourcebus,2.0,0.9999754479526176,-90.01013748011279
2022-09-20 16:00:00,sourcebus,3.0,0.9999293148530359,149.9904958942752
2022-09-20 16:00:00,650,1.0,0.9998905389624181,-0.011238012765067787
2022-09-20 16:00:00,650,2.0,0.9999539597580029,-120.01136045016116
2022-09-20 16:00:00,650,3.0,0.9999019285805043,119.98576085725216
2022-09-20 16:00:00,rg60,1.0,1.0622523057941293,-0.012963911099750319
2022-09-20 16:00:00,rg60,2.0,1.0498569891525473,-120.01344519523313
2022-09-20 16:00:00,rg60,3.0,1.0622534333379,119.98361787120307
2022-09-20 16:00:00,633,1.0,1.0147163666479315,-2.551778131789951
2022-09-20 16:00:00,633,2.0,1.036717647091524,-121.8812695679267
2022-09-20 16:00:00,633,3.0,1.0006967410655008,117.6636229649957
2022-09-20 16:00:00,634,1.0,0.9927209266854081,-3.0267224600613236
2022-09-20 16:00:00,634,2.0,1.019518052455389,-122.16324080757468
2022-09-20 16:00:00,634,3.0,0.9771339916029648,117.21394896622716
2022-09-20 16:00:00,671,1.0,0.9806040348838195,-5.582166689688696
2022-09-20 16:00:00,671,2.0,1.0506056314640682,-122.58468554089531
2022-09-20 16:00:00,671,3.0,0.9600064706868805,115.85653288837281
2022-09-20 16:00:00,645,2.0,1.0277641438756429,-122.0783372501788
2022-09-20 16:00:00,645,3.0,1.0020558548599323,117.69938950768464
2022-09-20 16:00:00,646,2.0,1.0258407824719675,-122.16211983300826
2022-09-20 16:00:00,646,3.0,0.9997816439039415,117.7504643685518
2022-09-20 16:00:00,692,1.0,0.9806040239762571,-5.5821665163451515
2022-09-20 16:00:00,692,2.0,1.0506056303098734,-122.58468568479034
2022-09-20 16:00:00,692,3.0,0.9600064630295451,115.8565329664137
2022-09-20 16:00:00,675,1.0,0.9725683832401945,-5.840792481174338
2022-09-20 16:00:00,675,2.0,1.0531270001073008,-122.78964602335668
2022-09-20 16:00:00,675,3.0,0.9582235182452181,115.89781235259503
2022-09-20 16:00:00,611,3.0,0.954898344283015,115.58664016207506
2022-09-20 16:00:00,652,1.0,0.9728760818238502,-5.531926276229552
2022-09-20 16:00:00,670,1.0,1.0048877721728873,-3.5018930184605095
2022-09-20 16:00:00,670,2.0,1.04169468147307,-122.12237946774762
2022-09-20 16:00:00,670,3.0,0.9881147505613618,117.01538307387366
2022-09-20 16:00:00,632,1.0,1.0170671623956318,-2.497729256963588
2022-09-20 16:00:00,632,2.0,1.0384754393614675,-121.87389675933899
2022-09-20 16:00:00,632,3.0,1.0041021233548804,117.67269956672462
2022-09-20 16:00:00,680,1.0,0.9806843456483958,-5.570880181942914
2022-09-20 16:00:00,680,2.0,1.0506221241305373,-122.57482586017657
2022-09-20 16:00:00,680,3.0,0.9600875358679872,115.86899933818962
2022-09-20 16:00:00,684,1.0,0.9786822152773935,-5.610353195179602
2022-09-20 16:00:00,684,3.0,0.9574445180547447,115.74544811998852
2022-09-20 16:15:00,sourcebus,1.0,0.9999622393321986,29.991880503901115
2022-09-20 16:15:00,sourcebus,2.0,0.9999692116125148,-90.01014200393321
2022-09-20 16:15:00,sourcebus,3.0,0.9999351561876347,149.9905232429093
2022-09-20 16:15:00,650,1.0,0.999897266448379,-0.011627735393028403
2022-09-20 16:15:00,650,2.0,0.9999459258121574,-120.012033397232
2022-09-20 16:15:00,650,3.0,0.9999034716444983,119.98607729126009
2022-09-20 16:15:00,rg60,1.0,1.062259934666452,-0.013412720182396363
2022-09-20 16:15:00,rg60,2.0,1.0498401765181022,-120.01435952698914
2022-09-20 16:15:00,rg60,3.0,1.0622599660608913,119.98396271299269
2022-09-20 16:15:00,633,1.0,1.0121256853434555,-2.3632631723717528
2022-09-20 16:15:00,633,2.0,1.0326621257699644,-122.28698320482438
2022-09-20 16:15:00,633,3.0,1.0066463440866593,117.77187518201546
2022-09-20 16:15:00,634,1.0,0.9893893250377169,-2.8487033490423976
2022-09-20 16:15:00,634,2.0,1.0144562866959672,-122.58337370209584
2022-09-20 16:15:00,634,3.0,0.985963302276786,117.4090009340973
2022-09-20 16:15:00,671,1.0,0.9771947261167334,-5.356796240670024
2022-09-20 16:15:00,671,2.0,1.0461091705255112,-123.14975415169589
2022-09-20 16:15:00,671,3.0,0.9676585902752572,116.04676639224256
2022-09-20 16:15:00,645,2.0,1.0224218961697353,-122.51654301068585
2022-09-20 16:15:00,645,3.0,1.0080427233456064,117.78584375439362
2022-09-20 16:15:00,646,2.0,1.0205746548525345,-122.59872666019304
2022-09-20 16:15:00,646,3.0,1.0058463641824655,117.83507470846442
2022-09-20 16:15:00,692,1.0,0.9771947152408319,-5.356796066520001
2022-09-20 16:15:00,692,2.0,1.0461091692452302,-123.14975428917751
2022-09-20 16:15:00,692,3.0,0.967658582866063,116.04676646249155
2022-09-20 16:15:00,675,1.0,0.9692366296030996,-5.609685278437792
2022-09-20 16:15:00,675,2.0,1.0484370733595743,-123.35368395046564
2022-09-20 16:15:00,675,3.0,0.9661043637685996,116.08407530618608
2022-09-20 16:15:00,611,3.0,0.9621269558947568,115.77724895675858
2022-09-20 16:15:00,652,1.0,0.9690411820573981,-5.328249257638522
2022-09-20 16:15:00,670,1.0,1.0022864134133713,-3.301848483558506
2022-09-20 16:15:00,670,2.0,1.0374474864240193,-122.5764751390841
2022-09-20 16:15:00,670,3.0,0.9942021567187004,117.13482856363714
2022-09-20 16:15:00,632,1.0,1.014773045719676,-2.315369453156311
2022-09-20 16:15:00,632,2.0,1.0345556545622903,-122.26831128601785
2022-09-20 16:15:00,632,3.0,1.0095101673923683,117.76803639773505
2022-09-20 16:15:00,680,1.0,0.9772754652322064,-5.345512390371998
2022-09-20 16:15:00,680,2.0,1.0461267164028831,-123.13980934175656
2022-09-20 16:15:00,680,3.0,0.9677382729402452,116.0590351519449
2022-09-20 16:15:00,684,1.0,0.9749227035593098,-5.4080013981516535
2022-09-20 16:15:00,684,3.0,0.9648459011727655,115.93938088161904
2022-09-20 16:30:00,sourcebus,1.0,0.9999597125787245,29.992109719019396
2022-09-20 16:30:00,sourcebus,2.0,0.9999742824367667,-90.00984274538082
2022-09-20 16:30:00,sourcebus,3.0,0.9999374869273145,149.9904104646241
2022-09-20 16:30:00,650,1.0,0.99989566393027,-0.011666850104650881
2022-09-20 16:30:00,650,2.0,0.9999465698048955,-120.0114746607674
2022-09-20 16:30:00,650,3.0,0.9999105836106795,119.98611732421936
2022-09-20 16:30:00,rg60,1.0,1.062258214438448,-0.013488801920035268
2022-09-20 16:30:00,rg60,2.0,1.0498437810611292,-120.01355026134222
2022-09-20 16:30:00,rg60,3.0,1.062269327073865,119.9839094991583
2022-09-20 16:30:00,633,1.0,1.0134819388024745,-2.4083993039432796
2022-09-20 16:30:00,633,2.0,1.032271981444537,-122.08737799594556
2022-09-20 16:30:00,633,3.0,1.0071761668105117,117.71540394556526
2022-09-20 16:30:00,634,1.0,0.9892935657814077,-2.980372039039002
2022-09-20 16:30:00,634,2.0,1.0123448660243999,-122.47268393356876
2022-09-20 16:30:00,634,3.0,0.9884253596305878,117.35348749758336
2022-09-20 16:30:00,671,1.0,0.9812073155614816,-5.408865329156708
2022-09-20 16:30:00,671,2.0,1.0468325263831695,-122.70890320317774
2022-09-20 16:30:00,671,3.0,0.9672388759464559,115.93973163097948
2022-09-20 16:30:00,645,2.0,1.022227714971185,-122.26114482478837
2022-09-20 16:30:00,645,3.0,1.0082318599752444,117.71435229069974
2022-09-20 16:30:00,646,2.0,1.0204336272038959,-122.34053003918217
2022-09-20 16:30:00,646,3.0,1.006100782986149,117.76168758620241
2022-09-20 16:30:00,692,1.0,0.9812073044392299,-5.408865155025096
2022-09-20 16:30:00,692,2.0,1.046832524974026,-122.70890333440876
2022-09-20 16:30:00,692,3.0,0.9672388684949625,115.93973169416805
2022-09-20 16:30:00,675,1.0,0.9731354796548704,-5.664918343881824
2022-09-20 16:30:00,675,2.0,1.0490225795648112,-122.914018541364
2022-09-20 16:30:00,675,3.0,0.9657367848715745,115.97156254518617
2022-09-20 16:30:00,611,3.0,0.9614163159756611,115.65656864161075
2022-09-20 16:30:00,652,1.0,0.9732781904581653,-5.358993921838777
2022-09-20 16:30:00,670,1.0,1.0048988913198542,-3.3461807423857497
2022-09-20 16:30:00,670,2.0,1.037440595920598,-122.28272756379508
2022-09-20 16:30:00,670,3.0,0.9940405893204297,117.04406836155712
2022-09-20 16:30:00,632,1.0,1.0165211515109294,-2.359167207674043
2022-09-20 16:30:00,632,2.0,1.034395861861471,-122.04909892857748
2022-09-20 16:30:00,632,3.0,1.0096549563089394,117.70681103617473
2022-09-20 16:30:00,680,1.0,0.981284091178479,-5.398234504131423
2022-09-20 16:30:00,680,2.0,1.0468485204175058,-122.69946632649076
2022-09-20 16:30:00,680,3.0,0.9673143930486423,115.95132699643035
2022-09-20 16:30:00,684,1.0,0.9792841331424094,-5.440071016769593
2022-09-20 16:30:00,684,3.0,0.9643185920812949,115.82271383546062
2022-09-20 16:45:00,sourcebus,1.0,0.9999455905538713,29.99164823352767
2022-09-20 16:45:00,sourcebus,2.0,0.9999643287429243,-90.0106308575075
2022-09-20 16:45:00,sourcebus,3.0,0.9999205126851795,149.9895788026148
2022-09-20 16:45:00,650,1.0,0.9998735018366472,-0.012580111814919406
2022-09-20 16:45:00,650,2.0,0.99993427464729,-120.01216928420459
2022-09-20 16:45:00,650,3.0,0.9998922613688925,119.98488605740373
2022-09-20 16:45:00,rg60,1.0,1.068469790110068,-0.014543482707483336
2022-09-20 16:45:00,rg60,2.0,1.0498253730376599,-120.01431955218195
2022-09-20 16:45:00,rg60,3.0,1.068484759053936,119.9825689864653
2022-09-20 16:45:00,633,1.0,1.0153164403740789,-2.7192581721403317
2022-09-20 16:45:00,633,2.0,1.0331058827216075,-122.13981033014281
2022-09-20 16:45:00,633,3.0,1.0064941194653754,117.58794901672962
2022-09-20 16:45:00,634,1.0,0.9889428520193145,-3.369391566371903
2022-09-20 16:45:00,634,2.0,1.0122926859144237,-122.56434783404657
2022-09-20 16:45:00,634,3.0,0.9861202836117626,117.16609207937913
2022-09-20 16:45:00,671,1.0,0.9804761008848423,-5.974789544636953
2022-09-20 16:45:00,671,2.0,1.04796052384948,-122.79927357497334
2022-09-20 16:45:00,671,3.0,0.9619806530058354,115.67680968657297
2022-09-20 16:45:00,645,2.0,1.0232601633817258,-122.3136298800142
2022-09-20 16:45:00,645,3.0,1.007544773790525,117.59458823673403
2022-09-20 16:45:00,646,2.0,1.0213670941441415,-122.39713341645385
2022-09-20 16:45:00,646,3.0,1.0052979302729155,117.64452247448048
2022-09-20 16:45:00,692,1.0,0.9804760890307602,-5.974789356842989
2022-09-20 16:45:00,692,2.0,1.0479605223967554,-122.79927370418491
2022-09-20 16:45:00,692,3.0,0.9619806451760319,115.67680976334744
2022-09-20 16:45:00,675,1.0,0.9717697843901794,-6.244823698314054
2022-09-20 16:45:00,675,2.0,1.0502524863698688,-123.01266970303173
2022-09-20 16:45:00,675,3.0,0.960270722810842,115.71485851889001
2022-09-20 16:45:00,611,3.0,0.9553170722624529,115.37800024743932
2022-09-20 16:45:00,652,1.0,0.972088844001054,-5.924051971133248
2022-09-20 16:45:00,670,1.0,1.0060654897004258,-3.732366218289895
2022-09-20 16:45:00,670,2.0,1.0383654434234808,-122.34307640262666
2022-09-20 16:45:00,670,3.0,0.9918752798857039,116.86690810545784
2022-09-20 16:45:00,632,1.0,1.018643546665984,-2.66038593663324
2022-09-20 16:45:00,632,2.0,1.035272640943439,-122.09770561643234
2022-09-20 16:45:00,632,3.0,1.0092339859888384,117.5801610639817
2022-09-20 16:45:00,680,1.0,0.98055390621157,-5.964018567095307
2022-09-20 16:45:00,680,2.0,1.047976336211091,-122.78973903492778
2022-09-20 16:45:00,680,3.0,0.9620572128627618,115.68864410520536
2022-09-20 16:45:00,684,1.0,0.9784752466387894,-6.010340384953867
2022-09-20 16:45:00,684,3.0,0.9586414512718161,115.5537406806047
2022-09-20 17:00:00,sourcebus,1.0,0.9999327240369994,29.991235247470964
2022-09-20 17:00:00,sourcebus,2.0,0.9999543879068915,-90.01160357995501
2022-09-20 17:00:00,sourcebus,3.0,0.9999006494017936,149.9887407396528
2022-09-20 17:00:00,650,1.0,0.9998506344604323,-0.013359419493478453
2022-09-20 17:00:00,650,2.0,0.9999237542559549,-120.01294627361482
2022-09-20 17:00:00,650,3.0,0.9998708271115612,119.98341141330782
2022-09-20 17:00:00,rg60,1.0,1.0684334977943408,-0.015426775020614078
2022-09-20 17:00:00,rg60,2.0,1.049808902540694,-120.01516049357316
2022-09-20 17:00:00,rg60,3.0,1.0746932884050964,119.98089478832945
2022-09-20 17:00:00,633,1.0,1.0123165103754952,-3.0201425457502533
2022-09-20 17:00:00,633,2.0,1.0332556587327384,-122.13601432800354
2022-09-20 17:00:00,633,3.0,1.0046021051132759,117.32527975523249
2022-09-20 17:00:00,634,1.0,0.9838242896520166,-3.744262859879885
2022-09-20 17:00:00,634,2.0,1.011747578779481,-122.58980827453061
2022-09-20 17:00:00,634,3.0,0.9827817155461385,116.85309629419784
2022-09-20 17:00:00,671,1.0,0.9762474851203063,-6.525664238032876
2022-09-20 17:00:00,671,2.0,1.047619834390345,-122.78218551861383
2022-09-20 17:00:00,671,3.0,0.9543974223636318,115.10929191606421
2022-09-20 17:00:00,645,2.0,1.023562786452818,-122.31044237671625
2022-09-20 17:00:00,645,3.0,1.005627200971231,117.33803631417425
2022-09-20 17:00:00,646,2.0,1.0215676846409365,-122.39790829521756
2022-09-20 17:00:00,646,3.0,1.003263077535197,117.39042922080175
2022-09-20 17:00:00,692,1.0,0.9762474725543892,-6.525664035785624
2022-09-20 17:00:00,692,2.0,1.0476198328954895,-122.78218564577786
2022-09-20 17:00:00,692,3.0,0.9543974141763054,115.10929200680792
2022-09-20 17:00:00,675,1.0,0.9669055284567574,-6.810479781028793
2022-09-20 17:00:00,675,2.0,1.0500121723743945,-123.0047733240734
2022-09-20 17:00:00,675,3.0,0.9524777133020708,115.15533800547743
2022-09-20 17:00:00,611,3.0,0.9458112795871954,114.72822653913128
2022-09-20 17:00:00,652,1.0,0.9676395773565151,-6.473012423315849
2022-09-20 17:00:00,670,1.0,1.0028295239517562,-4.107776211457456
2022-09-20 17:00:00,670,2.0,1.0383329079757524,-122.33080077776536
2022-09-20 17:00:00,670,3.0,0.988099495721818,116.50093231994173
2022-09-20 17:00:00,632,1.0,1.0159324617912533,-2.9517076605196673
2022-09-20 17:00:00,632,2.0,1.0354313982334689,-122.09077918185851
2022-09-20 17:00:00,632,3.0,1.0075797106551494,117.3167200853682
2022-09-20 17:00:00,680,1.0,0.9763368215042103,-6.5131589394492835
2022-09-20 17:00:00,680,2.0,1.0476362838915692,-122.77129728046457
2022-09-20 17:00:00,680,3.0,0.9544865053638641,115.12297797421202
2022-09-20 17:00:00,684,1.0,0.9743827816306545,-6.564508026814399
2022-09-20 17:00:00,684,3.0,0.9500942664517453,114.9471270427647
2022-09-20 17:15:00,sourcebus,1.0,0.9999270899238549,29.99122702143998
2022-09-20 17:15:00,sourcebus,2.0,0.9999523630362829,-90.01186445887943
2022-09-20 17:15:00,sourcebus,3.0,0.9998930014637597,149.9884270664565
2022-09-20 17:15:00,650,1.0,0.9998394925894228,-0.013611177157163644
2022-09-20 17:15:00,650,2.0,0.9999216275192454,-120.01303962136446
2022-09-20 17:15:00,650,3.0,0.9998642839524018,119.98295300439455
2022-09-20 17:15:00,rg60,1.0,1.0746627609774497,-0.0156676256152442
2022-09-20 17:15:00,rg60,2.0,1.0498069296249108,-120.01530592231282
2022-09-20 17:15:00,rg60,3.0,1.0746817452614799,119.98044993481315
2022-09-20 17:15:00,633,1.0,1.0151241211156263,-3.1631444258408514
2022-09-20 17:15:00,633,2.0,1.035826572862705,-122.16353282866585
2022-09-20 17:15:00,633,3.0,1.0018285588824936,117.36553713516506
2022-09-20 17:15:00,634,1.0,0.9849538247780115,-3.9298440673388004
2022-09-20 17:15:00,634,2.0,1.0144952969649381,-122.60927749911515
2022-09-20 17:15:00,634,3.0,0.979439497328316,116.88065430607423
2022-09-20 17:15:00,671,1.0,0.977066705321228,-6.764550676526247
2022-09-20 17:15:00,671,2.0,1.051498617325456,-122.81787000383078
2022-09-20 17:15:00,671,3.0,0.9508333840431438,115.17405587601243
2022-09-20 17:15:00,645,2.0,1.0260721539186193,-122.3510988725663
2022-09-20 17:15:00,645,3.0,1.0023600495812213,117.38831830446027
2022-09-20 17:15:00,646,2.0,1.0238238623058693,-122.44927042776787
2022-09-20 17:15:00,646,3.0,0.9997002588309138,117.44791358820099
2022-09-20 17:15:00,692,1.0,0.9770666921246633,-6.764550448471987
2022-09-20 17:15:00,692,2.0,1.0514986156988162,-122.81787012487699
2022-09-20 17:15:00,692,3.0,0.9508333752485174,115.17405598668168
2022-09-20 17:15:00,675,1.0,0.9672578977784446,-7.0583764192435305
2022-09-20 17:15:00,675,2.0,1.0538924942596002,-123.04439974956877
2022-09-20 17:15:00,675,3.0,0.9486626111493747,115.22432461768018
2022-09-20 17:15:00,611,3.0,0.9426084487622965,114.80501872542774
2022-09-20 17:15:00,652,1.0,0.9675390824914325,-6.706318237151599
2022-09-20 17:15:00,670,1.0,1.0051557455969944,-4.274943831073489
2022-09-20 17:15:00,670,2.0,1.0412396214886661,-122.35997622325341
2022-09-20 17:15:00,670,3.0,0.9850906593491165,116.54194304954116
2022-09-20 17:15:00,632,1.0,1.0189957543752746,-3.0874580665809543
2022-09-20 17:15:00,632,2.0,1.0378839010238743,-122.11826297652118
2022-09-20 17:15:00,632,3.0,1.0049192281971286,117.35177269953886
2022-09-20 17:15:00,680,1.0,0.9771568294085559,-6.751885985794112
2022-09-20 17:15:00,680,2.0,1.051515514779438,-122.80690445289774
2022-09-20 17:15:00,680,3.0,0.9509240149892895,115.1880881264306
2022-09-20 17:15:00,684,1.0,0.9748638464294398,-6.80565972209589
2022-09-20 17:15:00,684,3.0,0.9467134916926436,115.02031571117124
2022-09-20 17:30:00,sourcebus,1.0,0.9999204339483264,29.991109661115686
2022-09-20 17:30:00,sourcebus,2.0,0.9999505145880517,-90.01243579761685
2022-09-20 17:30:00,sourcebus,3.0,0.9998818879971327,149.9878441200922
2022-09-20 17:30:00,650,1.0,0.9998252378080025,-0.014064661413424202
2022-09-20 17:30:00,650,2.0,0.9999199814474818,-120.01334285796604
2022-09-20 17:30:00,650,3.0,0.9998551496584211,119.98198713949061
2022-09-20 17:30:00,rg60,1.0,1.0746393675865784,-0.016179597384497858
2022-09-20 17:30:00,rg60,2.0,1.0498049079906622,-120.01568195250204
2022-09-20 17:30:00,rg60,3.0,1.074663142845142,119.97932550402113
2022-09-20 17:30:00,633,1.0,1.012340758459092,-3.4061761908434085
2022-09-20 17:30:00,633,2.0,1.038259210910952,-122.14597945125274
2022-09-20 17:30:00,633,3.0,0.9972033879471635,117.23485169088299
2022-09-20 17:30:00,634,1.0,0.9801190014559543,-4.256146944719796
2022-09-20 17:30:00,634,2.0,1.0169255560998727,-122.61364001128169
2022-09-20 17:30:00,634,3.0,0.9740127024552658,116.70284042426145
2022-09-20 17:30:00,671,1.0,0.9733361360634569,-7.169695104920414
2022-09-20 17:30:00,671,2.0,1.0549460386517875,-122.75353729703697
2022-09-20 17:30:00,671,3.0,0.9441424930592097,114.88591591399128
2022-09-20 17:30:00,645,2.0,1.0284480730549377,-122.3423913045089
2022-09-20 17:30:00,645,3.0,0.9972918553960904,117.27053812375915
2022-09-20 17:30:00,646,2.0,1.025941943309012,-122.45087076421378
2022-09-20 17:30:00,646,3.0,0.9943356277811234,117.33734071161324
2022-09-20 17:30:00,692,1.0,0.9733361220547834,-7.169694849800378
2022-09-20 17:30:00,692,2.0,1.0549460368930657,-122.75353741196137
2022-09-20 17:30:00,692,3.0,0.9441424836440939,114.88591604107322
2022-09-20 17:30:00,675,1.0,0.9629314012139175,-7.478420960432058
2022-09-20 17:30:00,675,2.0,1.057347627286608,-122.9869049488095
2022-09-20 17:30:00,675,3.0,0.9417596198462606,114.94056298365524
2022-09-20 17:30:00,611,3.0,0.9367403319285511,114.55572384713071
2022-09-20 17:30:00,652,1.0,0.9628586541421179,-7.106784708233696
2022-09-20 17:30:00,670,1.0,1.002282773934311,-4.561060477402067
2022-09-20 17:30:00,670,2.0,1.0439139201102334,-122.32217268336045
2022-09-20 17:30:00,670,3.0,0.9797961777238713,116.35253412015138
2022-09-20 17:30:00,632,1.0,1.0165298193671264,-3.3189982353441634
2022-09-20 17:30:00,632,2.0,1.0402141009715298,-122.09698591443909
2022-09-20 17:30:00,632,3.0,1.000454202384417,117.21848859021492
2022-09-20 17:30:00,680,1.0,0.9734078622670198,-7.159463543666067
2022-09-20 17:30:00,680,2.0,1.0549583313218434,-122.74488518235398
2022-09-20 17:30:00,680,3.0,0.9442159725211535,114.89723038583955
2022-09-20 17:30:00,684,1.0,0.9707274463488599,-7.213962707803054
2022-09-20 17:30:00,684,3.0,0.9404361352518833,114.75387732071566
2022-09-20 17:45:00,sourcebus,1.0,0.9999171982816273,29.990990372805822
2022-09-20 17:45:00,sourcebus,2.0,0.9999470608962063,-90.0122951867561
2022-09-20 17:45:00,sourcebus,3.0,0.999882471667761,149.98786560396505
2022-09-20 17:45:00,650,1.0,0.9998236470481121,-0.014242844321580107
2022-09-20 17:45:00,650,2.0,0.9999146946607437,-120.01337180381049
2022-09-20 17:45:00,650,3.0,0.9998539376616619,119.98223717731751
2022-09-20 17:45:00,rg60,1.0,1.0746348755840993,-0.016389178982153745
2022-09-20 17:45:00,rg60,2.0,1.049797728510044,-120.01572169497338
2022-09-20 17:45:00,rg60,3.0,1.0746633416784759,119.9797402031895
2022-09-20 17:45:00,633,1.0,1.0098500951755771,-3.4825515464538226
2022-09-20 17:45:00,633,2.0,1.0388121349309227,-122.2323938378396
2022-09-20 17:45:00,633,3.0,0.9970755958355143,117.4064775774977
2022-09-20 17:45:00,634,1.0,0.9770943460831065,-4.364511026152522
2022-09-20 17:45:00,634,2.0,1.0162798200499057,-122.74379471469501
2022-09-20 17:45:00,634,3.0,0.9720713308441242,116.81212383181922
2022-09-20 17:45:00,671,1.0,0.9686323353638264,-7.365438000658151
2022-09-20 17:45:00,671,2.0,1.0577839820652601,-122.88489622147758
2022-09-20 17:45:00,671,3.0,0.9437959070620268,115.30515197582146
2022-09-20 17:45:00,645,2.0,1.0287002376518557,-122.42835636377
2022-09-20 17:45:00,645,3.0,0.9977076115269662,117.44286073058515
2022-09-20 17:45:00,646,2.0,1.0262684963273132,-122.53407579752573
2022-09-20 17:45:00,646,3.0,0.9948366229563324,117.50813097350034
2022-09-20 17:45:00,692,1.0,0.9686323212503248,-7.365437738213599
2022-09-20 17:45:00,692,2.0,1.057783980484995,-122.8848963452808
2022-09-20 17:45:00,692,3.0,0.9437958972098399,115.30515211688244
2022-09-20 17:45:00,675,1.0,0.958157794923271,-7.685462759023699
2022-09-20 17:45:00,675,2.0,1.0604658858687415,-123.11748086403271
2022-09-20 17:45:00,675,3.0,0.9411529428235562,115.36384690277842
2022-09-20 17:45:00,611,3.0,0.9365094996012154,115.00272030279501
2022-09-20 17:45:00,652,1.0,0.9580768400081827,-7.303582359682483
2022-09-20 17:45:00,670,1.0,0.9989642159675333,-4.673096909348906
2022-09-20 17:45:00,670,2.0,1.0454018125546605,-122.42365016360128
2022-09-20 17:45:00,670,3.0,0.979883638498902,116.61441234882973
2022-09-20 17:45:00,632,1.0,1.0140227376232736,-3.393080104336664
2022-09-20 17:45:00,632,2.0,1.0409556011617778,-122.18222557488853
2022-09-20 17:45:00,632,3.0,1.0005898894978156,117.39854858016895
2022-09-20 17:45:00,680,1.0,0.9686929853341757,-7.3567950810329865
2022-09-20 17:45:00,680,2.0,1.057794286856927,-122.8776593308868
2022-09-20 17:45:00,680,3.0,0.9438570417023832,115.314638735623
2022-09-20 17:45:00,684,1.0,0.9659653675484317,-7.411558856666091
2022-09-20 17:45:00,684,3.0,0.9401539321955961,115.18701894186543
2022-09-20 18:00:00,sourcebus,1.0,0.9999130033592887,29.990913067760335
2022-09-20 18:00:00,sourcebus,2.0,0.9999437933112448,-90.01265393958415
2022-09-20 18:00:00,sourcebus,3.0,0.999874486769938,149.9876015403786
2022-09-20 18:00:00,650,1.0,0.9998150465554391,-0.014418570722253487
2022-09-20 18:00:00,650,2.0,0.9999117385676178,-120.01360564685868
2022-09-20 18:00:00,650,3.0,0.99984557678691,119.9816879935958
2022-09-20 18:00:00,rg60,1.0,1.0808697314848126,-0.016561824708904795
2022-09-20 18:00:00,rg60,2.0,1.0497930774341084,-120.01595901462645
2022-09-20 18:00:00,rg60,3.0,1.0808957263198602,119.97910921903576
2022-09-20 18:00:00,633,1.0,1.0159158789848701,-3.5056394629068186
2022-09-20 18:00:00,633,2.0,1.0380993637388132,-122.21398106574263
2022-09-20 18:00:00,633,3.0,1.0004786181619054,117.28720237012946
2022-09-20 18:00:00,634,1.0,0.9827223207382761,-4.406962543602296
2022-09-20 18:00:00,634,2.0,1.0141419735587962,-122.77320713248027
2022-09-20 18:00:00,634,3.0,0.9735498691615366,116.63205836663346
2022-09-20 18:00:00,671,1.0,0.9748467784433946,-7.43106540271085
2022-09-20 18:00:00,671,2.0,1.0581321677285571,-122.80017168695639
2022-09-20 18:00:00,671,3.0,0.944804987359835,115.08796071569087
2022-09-20 18:00:00,645,2.0,1.0276929018357293,-122.40974648033382
2022-09-20 18:00:00,645,3.0,1.0016567741836138,117.32434170417832
2022-09-20 18:00:00,646,2.0,1.0253241631782635,-122.5128745774428
2022-09-20 18:00:00,646,3.0,0.99885671461061,117.38725105019448
2022-09-20 18:00:00,692,1.0,0.9748467643551744,-7.431065135523525
2022-09-20 18:00:00,692,2.0,1.0581321663311227,-122.8001718196443
2022-09-20 18:00:00,692,3.0,0.9448049770322987,115.08796086963758
2022-09-20 18:00:00,675,1.0,0.964368085570777,-7.75676376260952
2022-09-20 18:00:00,675,2.0,1.061103271459253,-123.03143540313816
2022-09-20 18:00:00,675,3.0,0.941817550603945,115.15150793876474
2022-09-20 18:00:00,611,3.0,0.9369621007145016,114.7743317768061
2022-09-20 18:00:00,652,1.0,0.9642023310522995,-7.370350295883938
2022-09-20 18:00:00,670,1.0,1.0049937734618868,-4.710894361294348
2022-09-20 18:00:00,670,2.0,1.0452522897574759,-122.38231301554596
2022-09-20 18:00:00,670,3.0,0.9827306578332553,116.47625001391157
2022-09-20 18:00:00,632,1.0,1.0200537366962503,-3.4152794541864058
2022-09-20 18:00:00,632,2.0,1.0404671414300066,-122.16244217922093
2022-09-20 18:00:00,632,3.0,1.0042728804001388,117.28824605647638
2022-09-20 18:00:00,680,1.0,0.9749108266816044,-7.4220141024083555
2022-09-20 18:00:00,680,2.0,1.0581433510604614,-122.79248497203342
2022-09-20 18:00:00,680,3.0,0.9448696965265923,115.09801827067518
2022-09-20 18:00:00,684,1.0,0.9722004841951833,-7.479125193052781
2022-09-20 18:00:00,684,3.0,0.9408831347167715,114.96472368316763
2022-09-20 18:15:00,sourcebus,1.0,0.9999108706621339,29.990613503712304
2022-09-20 18:15:00,sourcebus,2.0,0.9999383003859406,-90.01281588378595
2022-09-20 18:15:00,sourcebus,3.0,0.9998727540939402,149.98753754194394
2022-09-20 18:15:00,650,1.0,0.9998137869517414,-0.014639015039046849
2022-09-20 18:15:00,650,2.0,0.9999057328795041,-120.01402866046921
2022-09-20 18:15:00,650,3.0,0.9998408444541649,119.9816168204582
2022-09-20 18:15:00,rg60,1.0,1.080866950941885,-0.016794927391742785
2022-09-20 18:15:00,rg60,2.0,1.0560306016062526,-120.0164786772575
2022-09-20 18:15:00,rg60,3.0,1.0808892595932464,119.9790484406349
2022-09-20 18:15:00,633,1.0,1.0146919661061062,-3.4789902651049878
2022-09-20 18:15:00,633,2.0,1.0429144071075949,-122.33136570458649
2022-09-20 18:15:00,633,3.0,1.0007317183232374,117.27841746339331
2022-09-20 18:15:00,634,1.0,0.9807028768240377,-4.410790598003885
2022-09-20 18:15:00,634,2.0,1.0202770173794113,-122.86276670816932
2022-09-20 18:15:00,634,3.0,0.9741011137940285,116.62327782496706
2022-09-20 18:15:00,671,1.0,0.9733111985965954,-7.367437870525583
2022-09-20 18:15:00,671,2.0,1.061647805521243,-122.96630946104946
2022-09-20 18:15:00,671,3.0,0.9455499790354366,115.05343367698329
2022-09-20 18:15:00,645,2.0,1.0315902864315616,-122.54404360950373
2022-09-20 18:15:00,645,3.0,1.0016557316972203,117.31603260794412
2022-09-20 18:15:00,646,2.0,1.0290401252966483,-122.65466409130117
2022-09-20 18:15:00,646,3.0,0.9986438919150958,117.38416406761827
2022-09-20 18:15:00,692,1.0,0.9733111844578466,-7.367437594656635
2022-09-20 18:15:00,692,2.0,1.0616478040834547,-122.96630959201546
2022-09-20 18:15:00,692,3.0,0.945549968498321,115.0534338325417
2022-09-20 18:15:00,675,1.0,0.9628710650435047,-7.694740294001355
2022-09-20 18:15:00,675,2.0,1.0645996500448556,-123.19525275707058
2022-09-20 18:15:00,675,3.0,0.9425347170018247,115.11527236531052
2022-09-20 18:15:00,611,3.0,0.9383359899777917,114.74943434972263
2022-09-20 18:15:00,652,1.0,0.9633789837808455,-7.309125464692387
2022-09-20 18:15:00,670,1.0,1.0037154240705244,-4.658935880564544
2022-09-20 18:15:00,670,2.0,1.049249662268374,-122.52875503823668
2022-09-20 18:15:00,670,3.0,0.9833104940091242,116.45542532056004
2022-09-20 18:15:00,632,1.0,1.0189823067699624,-3.380908067292856
2022-09-20 18:15:00,632,2.0,1.0450133008692337,-122.28189790630388
2022-09-20 18:15:00,632,3.0,1.0045476067859982,117.27425547454598
2022-09-20 18:15:00,680,1.0,0.9733811899029212,-7.357423920290707
2022-09-20 18:15:00,680,2.0,1.0616598398387072,-122.95794720413365
2022-09-20 18:15:00,680,3.0,0.9456217296154277,115.0644974361505
2022-09-20 18:15:00,684,1.0,0.9708445433581554,-7.410796885323272
2022-09-20 18:15:00,684,3.0,0.9419416972736586,114.93271767084497
2022-09-20 18:30:00,sourcebus,1.0,0.9999068551504162,29.99078525753431
2022-09-20 18:30:00,sourcebus,2.0,0.9999396916824039,-90.01278076470416
2022-09-20 18:30:00,sourcebus,3.0,0.9998693770652349,149.98737264932942
2022-09-20 18:30:00,650,1.0,0.9998076412670823,-0.01468608831145302
2022-09-20 18:30:00,650,2.0,0.999904682047444,-120.01371457439926
2022-09-20 18:30:00,650,3.0,0.9998400901112455,119.98139183724244
2022-09-20 18:30:00,rg60,1.0,1.0808583688273072,-0.016850798380736783
2022-09-20 18:30:00,rg60,2.0,1.0560312714072635,-120.01597056319015
2022-09-20 18:30:00,rg60,3.0,1.0808856451564055,119.97875849424334
2022-09-20 18:30:00,633,1.0,1.0155577960991777,-3.5778135396831874
2022-09-20 18:30:00,633,2.0,1.0432918361108128,-122.1402155251518
2022-09-20 18:30:00,633,3.0,0.9982776609914055,117.17758465583745
2022-09-20 18:30:00,634,1.0,0.98040253679675,-4.58949920424987
2022-09-20 18:30:00,634,2.0,1.021450320042393,-122.69834704752026
2022-09-20 18:30:00,634,3.0,0.9714294708375171,116.4642074769056
2022-09-20 18:30:00,671,1.0,0.9757337901769659,-7.448417514469739
2022-09-20 18:30:00,671,2.0,1.0615566052974863,-122.61119875654629
2022-09-20 18:30:00,671,3.0,0.9423505132915785,114.85862128147244
2022-09-20 18:30:00,645,2.0,1.031866231566016,-122.32076422357855
2022-09-20 18:30:00,645,3.0,0.9987529198976658,117.21922644566614
2022-09-20 18:30:00,646,2.0,1.0291292141676918,-122.43858555640819
2022-09-20 18:30:00,646,3.0,0.9955271099580768,117.29201950149566
2022-09-20 18:30:00,692,1.0,0.9757337758148908,-7.448417230960713
2022-09-20 18:30:00,692,2.0,1.0615566038239588,-122.61119888579023
2022-09-20 18:30:00,692,3.0,0.9423505024221487,114.8586214364093
2022-09-20 18:30:00,675,1.0,0.9652248074987737,-7.781849404119772
2022-09-20 18:30:00,675,2.0,1.0644984643844997,-122.84046771623089
2022-09-20 18:30:00,675,3.0,0.9392555406368046,114.91694850069277
2022-09-20 18:30:00,611,3.0,0.9358813617636818,114.55693918514808
2022-09-20 18:30:00,652,1.0,0.9668694843572684,-7.368013258910986
2022-09-20 18:30:00,670,1.0,1.0052126406513446,-4.736671237586695
2022-09-20 18:30:00,670,2.0,1.0491243296294388,-122.28955385187459
2022-09-20 18:30:00,670,3.0,0.9807948097057144,116.31935669958445
2022-09-20 18:30:00,632,1.0,1.0200545922074813,-3.467650140586748
2022-09-20 18:30:00,632,2.0,1.045200342509071,-122.08655180495023
2022-09-20 18:30:00,632,3.0,1.0021985839138592,117.17402464002066
2022-09-20 18:30:00,680,1.0,0.9758155947420171,-7.436723846591218
2022-09-20 18:30:00,680,2.0,1.0615700999900413,-122.60140874693462
2022-09-20 18:30:00,680,3.0,0.9424350220457006,114.87163110287021
2022-09-20 18:30:00,684,1.0,0.9738343920636758,-7.4625722675716855
2022-09-20 18:30:00,684,3.0,0.939156335441266,114.73308559261046
2022-09-20 18:45:00,sourcebus,1.0,0.9999082550392012,29.991075284966243
2022-09-20 18:45:00,sourcebus,2.0,0.9999449094345438,-90.01266732752099
2022-09-20 18:45:00,sourcebus,3.0,0.9998700167930066,149.9873849121751
2022-09-20 18:45:00,650,1.0,0.9998072010849097,-0.014476291541721748
2022-09-20 18:45:00,650,2.0,0.999910042146811,-120.01334423979307
2022-09-20 18:45:00,650,3.0,0.9998444688319622,119.98137672488997
2022-09-20 18:45:00,rg60,1.0,1.0808587373904799,-0.01657351916381356
2022-09-20 18:45:00,rg60,2.0,1.0560407208663882,-120.0155259485991
2022-09-20 18:45:00,rg60,3.0,1.0808917400278784,119.97868230040727
2022-09-20 18:45:00,633,1.0,1.015917465393016,-3.5613438462593883
2022-09-20 18:45:00,633,2.0,1.0443230754654034,-122.04990983409876
2022-09-20 18:45:00,633,3.0,0.9989382910018769,117.16600004427958
2022-09-20 18:45:00,634,1.0,0.9805276220600017,-4.5783340166290385
2022-09-20 18:45:00,634,2.0,1.0214070772596664,-122.63318854827529
2022-09-20 18:45:00,634,3.0,0.9726333078280408,116.46802854794697
2022-09-20 18:45:00,671,1.0,0.9764280924621279,-7.384715100771098
2022-09-20 18:45:00,671,2.0,1.0627939531287955,-122.4981632014905
2022-09-20 18:45:00,671,3.0,0.943011884875357,114.8110637807208
2022-09-20 18:45:00,645,2.0,1.0339740173153316,-122.20498714603144
2022-09-20 18:45:00,645,3.0,0.9995354522589373,117.20159508917516
2022-09-20 18:45:00,646,2.0,1.0314363695383044,-122.31364775512311
2022-09-20 18:45:00,646,3.0,0.996547077044027,117.2687864800763
2022-09-20 18:45:00,692,1.0,0.9764280783462221,-7.384714811694381
2022-09-20 18:45:00,692,2.0,1.0627939517419467,-122.49816333497472
2022-09-20 18:45:00,692,3.0,0.9430118739407705,114.81106393116369
2022-09-20 18:45:00,675,1.0,0.9661833482755653,-7.713193545913602
2022-09-20 18:45:00,675,2.0,1.0657604116665904,-122.72487671197715
2022-09-20 18:45:00,675,3.0,0.9400107523036324,114.86764981126497
2022-09-20 18:45:00,611,3.0,0.9364813356067814,114.50846853259921
2022-09-20 18:45:00,652,1.0,0.9675127844010921,-7.304362112258892
2022-09-20 18:45:00,670,1.0,1.0058310597132576,-4.711045044857929
2022-09-20 18:45:00,670,2.0,1.0504178231187542,-122.18049738472779
2022-09-20 18:45:00,670,3.0,0.9812188310939232,116.29091783914352
2022-09-20 18:45:00,632,1.0,1.0204940513995504,-3.4548372605307294
2022-09-20 18:45:00,632,2.0,1.0464048623611957,-121.99055325503582
2022-09-20 18:45:00,632,3.0,1.0027146476877435,117.16092494897326
2022-09-20 18:45:00,680,1.0,0.976517758526031,-7.37187380095422
2022-09-20 18:45:00,680,2.0,1.0628083165000153,-122.48745494019396
2022-09-20 18:45:00,680,3.0,0.9431049328051886,114.82530795256835
2022-09-20 18:45:00,684,1.0,0.9745171900190309,-7.39938996667861
2022-09-20 18:45:00,684,3.0,0.9397861689605208,114.68523142302337
2022-09-20 19:00:00,sourcebus,1.0,0.9999095717022463,29.99135839162158
2022-09-20 19:00:00,sourcebus,2.0,0.9999500761095695,-90.01256056798225
2022-09-20 19:00:00,sourcebus,3.0,0.999870593039957,149.98738878015052
2022-09-20 19:00:00,650,1.0,0.9998066597636907,-0.0142772368218781
2022-09-20 19:00:00,650,2.0,0.999915316520444,-120.01298231911711
2022-09-20 19:00:00,650,3.0,0.9998487882599245,119.98135129069507
2022-09-20 19:00:00,rg60,1.0,1.0808589101983666,-0.016309542577023512
2022-09-20 19:00:00,rg60,2.0,1.0560500119096616,-120.0150916466979
2022-09-20 19:00:00,rg60,3.0,1.0808977024523403,119.97859287209765
2022-09-20 19:00:00,633,1.0,1.0162532506425528,-3.5467503703605985
2022-09-20 19:00:00,633,2.0,1.0453455716759938,-121.96141488247584
2022-09-20 19:00:00,633,3.0,0.9995838314505647,117.1524231991033
2022-09-20 19:00:00,634,1.0,0.9806285144012155,-4.5691146805717455
2022-09-20 19:00:00,634,2.0,1.0213552371204615,-122.56981465502665
2022-09-20 19:00:00,634,3.0,0.973820737194537,116.46975208984165
2022-09-20 19:00:00,671,1.0,0.977077742545191,-7.325295664398896
2022-09-20 19:00:00,671,2.0,1.0640210458792743,-122.38890019256662
2022-09-20 19:00:00,671,3.0,0.9436436607868488,114.75927918436737
2022-09-20 19:00:00,645,2.0,1.0360731145783495,-122.0910929840388
2022-09-20 19:00:00,645,3.0,1.0003055809678723,117.18191614166466
2022-09-20 19:00:00,646,2.0,1.0337363462184035,-122.19062383143851
2022-09-20 19:00:00,646,3.0,0.9975560089116893,117.24351420554513
2022-09-20 19:00:00,692,1.0,0.9770777286746748,-7.325295369725404
2022-09-20 19:00:00,692,2.0,1.0640210445793155,-122.38890033029077
2022-09-20 19:00:00,692,3.0,0.9436436497875624,114.75927933026723
2022-09-20 19:00:00,675,1.0,0.967096459239389,-7.648859703744561
2022-09-20 19:00:00,675,2.0,1.0670122085322558,-122.61307491007132
2022-09-20 19:00:00,675,3.0,0.9407372252895861,114.81411854706266
2022-09-20 19:00:00,611,3.0,0.9370518222682543,114.45577110852523
2022-09-20 19:00:00,652,1.0,0.9681118215110168,-7.24499351967318
2022-09-20 19:00:00,670,1.0,1.006417997727301,-4.688035788239936
2022-09-20 19:00:00,670,2.0,1.0517022247754044,-122.07394624941107
2022-09-20 19:00:00,670,3.0,0.9816227235234827,116.25976835705177
2022-09-20 19:00:00,632,1.0,1.0209097125861106,-3.443887188775002
2022-09-20 19:00:00,632,2.0,1.0476007456136942,-121.89638666782149
2022-09-20 19:00:00,632,3.0,1.0032158505308528,117.14583164868547
2022-09-20 19:00:00,680,1.0,0.9771675041927818,-7.312416105139821
2022-09-20 19:00:00,680,2.0,1.0640349898140236,-122.37820380292352
2022-09-20 19:00:00,680,3.0,0.9437372332273422,114.77352243919341
2022-09-20 19:00:00,684,1.0,0.9751554494268585,-7.3404901863066945
2022-09-20 19:00:00,684,3.0,0.9403864527692365,114.63314951503347
2022-09-20 19:15:00,sourcebus,1.0,0.999909643423132,29.99141694463163
2022-09-20 19:15:00,sourcebus,2.0,0.9999521892553135,-90.01247523328917
2022-09-20 19:15:00,sourcebus,3.0,0.9998720902571449,149.9873594176523
2022-09-20 19:15:00,650,1.0,0.9998071040989771,-0.014304066050522594
2022-09-20 19:15:00,650,2.0,0.9999167528797135,-120.01283339562308
2022-09-20 19:15:00,650,3.0,0.9998516907288106,119.9813885977864
2022-09-20 19:15:00,rg60,1.0,1.0808591822308398,-0.016367398943211313
2022-09-20 19:15:00,rg60,2.0,1.0560530854308767,-120.01491245631169
2022-09-20 19:15:00,rg60,3.0,1.0809020132336844,119.97862513120576
2022-09-20 19:15:00,633,1.0,1.0164046102803956,-3.5911166029671096
2022-09-20 19:15:00,633,2.0,1.0462763195686973,-121.91527057008147
2022-09-20 19:15:00,633,3.0,0.9995447528301761,117.17806905488064
2022-09-20 19:15:00,634,1.0,0.9812186427291046,-4.600675040075386
2022-09-20 19:15:00,634,2.0,1.022314412352794,-122.52212844145303
2022-09-20 19:15:00,634,3.0,0.9727194610651411,116.46830500850044
2022-09-20 19:15:00,671,1.0,0.9767349376605038,-7.4131213548085055
2022-09-20 19:15:00,671,2.0,1.065733146309267,-122.34399899534544
2022-09-20 19:15:00,671,3.0,0.9441694387307422,114.84837994932549
2022-09-20 19:15:00,645,2.0,1.0370790672590209,-122.04393899962034
2022-09-20 19:15:00,645,3.0,1.0006101240226726,117.20932704713852
2022-09-20 19:15:00,646,2.0,1.0348165857582843,-122.14013489031404
2022-09-20 19:15:00,646,3.0,0.9979486993354971,117.26892595575418
2022-09-20 19:15:00,692,1.0,0.9767349234858075,-7.413121057546144
2022-09-20 19:15:00,692,2.0,1.065733145023278,-122.34399913384047
2022-09-20 19:15:00,692,3.0,0.9441694279346932,114.84838008948645
2022-09-20 19:15:00,675,1.0,0.9664552973390976,-7.7372202417461
2022-09-20 19:15:00,675,2.0,1.0687110050492776,-122.57510667732721
2022-09-20 19:15:00,675,3.0,0.941472412563948,114.90544471638246
2022-09-20 19:15:00,611,3.0,0.9374839751221927,114.54084800438623
2022-09-20 19:15:00,652,1.0,0.9681374207570693,-7.334572161881139
2022-09-20 19:15:00,670,1.0,1.0063120947611626,-4.749872207596349
2022-09-20 19:15:00,670,2.0,1.0530052428866792,-122.02599096791609
2022-09-20 19:15:00,670,3.0,0.9818456897739423,116.31005846386225
2022-09-20 19:15:00,632,1.0,1.0209196233588758,-3.488224004678648
2022-09-20 19:15:00,632,2.0,1.0485497309964187,-121.8541037739602
2022-09-20 19:15:00,632,3.0,1.0033571488373476,117.17699581300037
2022-09-20 19:15:00,680,1.0,0.9768246863313496,-7.400276280449566
2022-09-20 19:15:00,680,2.0,1.065746779519791,-122.33335778890188
2022-09-20 19:15:00,680,3.0,0.9442624311495561,114.86253821720281
2022-09-20 19:15:00,684,1.0,0.9749435220922403,-7.4268681731156345
2022-09-20 19:15:00,684,3.0,0.940866560829639,114.7192567941765
2022-09-20 19:30:00,sourcebus,1.0,0.9999097003653504,29.991474832440275
2022-09-20 19:30:00,sourcebus,2.0,0.9999542960894165,-90.01239072933262
2022-09-20 19:30:00,sourcebus,3.0,0.9998735744320919,149.98732888729333
2022-09-20 19:30:00,650,1.0,0.9998075266400088,-0.01433224212540575
2022-09-20 19:30:00,650,2.0,0.9999181781371899,-120.01268530158723
2022-09-20 19:30:00,650,3.0,0.999854582844784,119.9814244880412
2022-09-20 19:30:00,rg60,1.0,1.0808594145481925,-0.016426827797963558
2022-09-20 19:30:00,rg60,2.0,1.056056140805874,-120.014734316176
2022-09-20 19:30:00,rg60,3.0,1.0809063030547068,119.9786556963461
2022-09-20 19:30:00,633,1.0,1.0165499001612157,-3.635833923801089
2022-09-20 19:30:00,633,2.0,1.04720937688268,-121.86941399109804
2022-09-20 19:30:00,633,3.0,0.9995022676208133,117.20359739192442
2022-09-20 19:30:00,634,1.0,0.9818020072343503,-4.6326223056934
2022-09-20 19:30:00,634,2.0,1.0232759536923828,-122.47474191435101
2022-09-20 19:30:00,634,3.0,0.971612223936729,116.46666181063569
2022-09-20 19:30:00,671,1.0,0.9763809529183244,-7.501731153454987
2022-09-20 19:30:00,671,2.0,1.0674485665573923,-122.29978015756964
2022-09-20 19:30:00,671,3.0,0.9446926052842035,114.93714817868025
2022-09-20 19:30:00,645,2.0,1.0380875793939115,-121.99707836970714
2022-09-20 19:30:00,645,3.0,1.0009120247692311,117.23661473085096
2022-09-20 19:30:00,646,2.0,1.035899557502501,-122.08994369045735
2022-09-20 19:30:00,646,3.0,0.9983388987919742,117.29421306478004
2022-09-20 19:30:00,692,1.0,0.9763809384390367,-7.5017308535854115
2022-09-20 19:30:00,692,2.0,1.0674485652854016,-122.29978029683562
2022-09-20 19:30:00,692,3.0,0.9446925946916026,114.93714831308135
2022-09-20 19:30:00,675,1.0,0.9658021956969282,-7.826371875781624
2022-09-20 19:30:00,675,2.0,1.070412666161791,-122.53781825903197
2022-09-20 19:30:00,675,3.0,0.9422057094251501,114.99640891761669
2022-09-20 19:30:00,611,3.0,0.9379132265454927,114.62559562222086
2022-09-20 19:30:00,652,1.0,0.9681519494484048,-7.424932482905142
2022-09-20 19:30:00,670,1.0,1.006198409534236,-4.812193058810793
2022-09-20 19:30:00,670,2.0,1.0543109976299743,-121.9784571561527
2022-09-20 19:30:00,670,3.0,0.9820655489085595,116.36017295369824
2022-09-20 19:30:00,632,1.0,1.0209233948734104,-3.5329122493004825
2022-09-20 19:30:00,632,2.0,1.0495008723955999,-121.81210974367578
2022-09-20 19:30:00,632,3.0,1.0034955833564183,117.20803927557662
2022-09-20 19:30:00,680,1.0,0.976469670698331,-7.4890655549937355
2022-09-20 19:30:00,680,2.0,1.06746173988337,-122.28931398395929
2022-09-20 19:30:00,680,3.0,0.9447839711853369,114.95106221406944
2022-09-20 19:30:00,684,1.0,0.9747204737359141,-7.514025507405427
2022-09-20 19:30:00,684,3.0,0.9413438144979469,114.80503393659673
2022-09-20 19:45:00,sourcebus,1.0,0.9999074748143125,29.991260724674223
2022-09-20 19:45:00,sourcebus,2.0,0.9999506248678848,-90.0124357708315
2022-09-20 19:45:00,sourcebus,3.0,0.9998731814736003,149.98727105770305
2022-09-20 19:45:00,650,1.0,0.9998069966297892,-0.01453599193306363
2022-09-20 19:45:00,650,2.0,0.999912986339279,-120.0129025785567
2022-09-20 19:45:00,650,3.0,0.9998522164458363,119.98141302249195
2022-09-20 19:45:00,rg60,1.0,1.0808580690368776,-0.01668190792745153
2022-09-20 19:45:00,rg60,2.0,1.0560473590803545,-120.01495405523724
2022-09-20 19:45:00,rg60,3.0,1.0809028589820469,119.97864909667634
2022-09-20 19:45:00,633,1.0,1.0163410815153142,-3.6237136024990964
2022-09-20 19:45:00,633,2.0,1.0452442692109554,-121.92675767586029
2022-09-20 19:45:00,633,3.0,0.9996846852200897,117.17849401029567
2022-09-20 19:45:00,634,1.0,0.9806446277598099,-4.649770505791986
2022-09-20 19:45:00,634,2.0,1.0197872218641273,-122.57297633158909
2022-09-20 19:45:00,634,3.0,0.9729202181339275,116.46835275344324
2022-09-20 19:45:00,671,1.0,0.9769795523113896,-7.482992688101814
2022-09-20 19:45:00,671,2.0,1.0641796788501852,-122.37848040491231
2022-09-20 19:45:00,671,3.0,0.9437606591464432,114.8459376790602
2022-09-20 19:45:00,645,2.0,1.0364705634887268,-122.0395053762445
2022-09-20 19:45:00,645,3.0,1.0009668414968889,117.20319119232697
2022-09-20 19:45:00,646,2.0,1.0343527892694002,-122.12962403769677
2022-09-20 19:45:00,646,3.0,0.998474930558503,117.25889936035642
2022-09-20 19:45:00,692,1.0,0.9769795381992353,-7.482992409221658
2022-09-20 19:45:00,692,2.0,1.064179677602981,-122.3784805451805
2022-09-20 19:45:00,692,3.0,0.9437606487843962,114.84593781095016
2022-09-20 19:45:00,675,1.0,0.9666405620417595,-7.8061696533104765
2022-09-20 19:45:00,675,2.0,1.0671676659668707,-122.61205291155369
2022-09-20 19:45:00,675,3.0,0.9411709142908378,114.90351387138995
2022-09-20 19:45:00,611,3.0,0.9370996336984518,114.53544636800468
2022-09-20 19:45:00,652,1.0,0.9690077816714514,-7.407471145980149
2022-09-20 19:45:00,670,1.0,1.0064633956247238,-4.802963001343938
2022-09-20 19:45:00,670,2.0,1.0521163617880305,-122.03133363194023
2022-09-20 19:45:00,670,3.0,0.9816229972972494,116.30905297889007
2022-09-20 19:45:00,632,1.0,1.0209541016406314,-3.523804674837439
2022-09-20 19:45:00,632,2.0,1.0477518515892783,-121.85915641745795
2022-09-20 19:45:00,632,3.0,1.003418704283337,117.17765141847482
2022-09-20 19:45:00,680,1.0,0.9770693754346158,-7.470192161014344
2022-09-20 19:45:00,680,2.0,1.0641936001337877,-122.36780464527435
2022-09-20 19:45:00,680,3.0,0.9438531833971766,114.86008957578525
2022-09-20 19:45:00,684,1.0,0.9753933396338625,-7.4940208943119115
2022-09-20 19:45:00,684,3.0,0.9404702771095171,114.71362050014537
2022-09-20 20:00:00,sourcebus,1.0,0.9999052613682863,29.9910507651114
2022-09-20 20:00:00,sourcebus,2.0,0.9999469593903567,-90.01247570181624
2022-09-20 20:00:00,sourcebus,3.0,0.9998728119677711,149.9872181731407
2022-09-20 20:00:00,650,1.0,0.9998064924327076,-0.014733786426809508
2022-09-20 20:00:00,650,2.0,0.9999077945635441,-120.01311395042968
2022-09-20 20:00:00,650,3.0,0.9998498690987372,119.98140853983939
2022-09-20 20:00:00,rg60,1.0,1.0808567898523984,-0.016929072385599247
2022-09-20 20:00:00,rg60,2.0,1.0560385988490613,-120.01516572769022
2022-09-20 20:00:00,rg60,3.0,1.0808994746532643,119.97865155632562
2022-09-20 20:00:00,633,1.0,1.0161416907227498,-3.610135944908315
2022-09-20 20:00:00,633,2.0,1.043269393077725,-121.98327501189256
2022-09-20 20:00:00,633,3.0,0.999876884829216,117.15454625743983
2022-09-20 20:00:00,634,1.0,0.9794944076697182,-4.665523877587151
2022-09-20 20:00:00,634,2.0,1.0162772948220322,-122.67084569186886
2022-09-20 20:00:00,634,3.0,0.9742348288391764,116.47112309122544
2022-09-20 20:00:00,671,1.0,0.9775934840072538,-7.461396272131753
2022-09-20 20:00:00,671,2.0,1.060901478876973,-122.45549447785385
2022-09-20 20:00:00,671,3.0,0.9428481833434121,114.7572649458797
2022-09-20 20:00:00,645,2.0,1.0348453201229533,-122.08104716180242
2022-09-20 20:00:00,645,3.0,1.0010314717009756,117.17094831595857
2022-09-20 20:00:00,646,2.0,1.0327976593278823,-122.16841305738417
2022-09-20 20:00:00,646,3.0,0.9986206787403166,117.2247715177886
2022-09-20 20:00:00,692,1.0,0.9775934702617124,-7.461396014213614
2022-09-20 20:00:00,692,2.0,1.060901477654444,-122.45549461912411
2022-09-20 20:00:00,692,3.0,0.9428481732120212,114.75726507530108
2022-09-20 20:00:00,675,1.0,0.9674939557696416,-7.783103581151875
2022-09-20 20:00:00,675,2.0,1.0639129994006788,-122.68457761301674
2022-09-20 20:00:00,675,3.0,0.940155710577139,114.81313727760731
2022-09-20 20:00:00,611,3.0,0.9363052425352866,114.44782931828355
2022-09-20 20:00:00,652,1.0,0.9698793557410935,-7.3871508061289335
2022-09-20 20:00:00,670,1.0,1.0067399735128977,-4.791844331909202
2022-09-20 20:00:00,670,2.0,1.0499129881229143,-122.08303539515768
2022-09-20 20:00:00,670,3.0,0.9811936640975686,116.259559427683
2022-09-20 20:00:00,632,1.0,1.0209941605372457,-3.513276116876749
2022-09-20 20:00:00,632,2.0,1.0459948755169992,-121.90533112352566
2022-09-20 20:00:00,632,3.0,1.0033518075014087,117.14843738146301
2022-09-20 20:00:00,680,1.0,0.9776895128619556,-7.447736664990602
2022-09-20 20:00:00,680,2.0,1.060916994399726,-122.44399498710139
2022-09-20 20:00:00,680,3.0,0.9429471098501034,114.77246336616734
2022-09-20 20:00:00,684,1.0,0.9760817165214737,-7.471156293680455
2022-09-20 20:00:00,684,3.0,0.939616119101736,114.6247393464669
2022-09-20 20:15:00,sourcebus,1.0,0.9999033256118799,29.99090261942632
2022-09-20 20:15:00,sourcebus,2.0,0.9999431421227724,-90.0126629335207
2022-09-20 20:15:00,sourcebus,3.0,0.9998693448014047,149.98714385057283
2022-09-20 20:15:00,650,1.0,0.9998038275107459,-0.014854311981136025
2022-09-20 20:15:00,650,2.0,0.9999042450011476,-120.01336395358348
2022-09-20 20:15:00,650,3.0,0.9998441897339017,119.98121762230957
2022-09-20 20:15:00,rg60,1.0,1.0808527041954472,-0.0170768153213219
2022-09-20 20:15:00,rg60,2.0,1.0560325637825434,-120.01543292610062
2022-09-20 20:15:00,rg60,3.0,1.0808898003053788,119.97845996508742
2022-09-20 20:15:00,633,1.0,1.016714247963807,-3.6381030021496454
2022-09-20 20:15:00,633,2.0,1.0423644366922669,-121.98119133011411
2022-09-20 20:15:00,633,3.0,0.9976065504298817,117.07126481050662
2022-09-20 20:15:00,634,1.0,0.9811966414370037,-4.66412784857237
2022-09-20 20:15:00,634,2.0,1.0155797613292494,-122.66691852539181
2022-09-20 20:15:00,634,3.0,0.969095493796524,116.30919926760511
2022-09-20 20:15:00,671,1.0,0.9769538762676514,-7.4993163834746115
2022-09-20 20:15:00,671,2.0,1.0587903724559016,-122.5338243440384
2022-09-20 20:15:00,671,3.0,0.9409422878506113,114.66401812683728
2022-09-20 20:15:00,645,2.0,1.0341034505005309,-122.08878415820483
2022-09-20 20:15:00,645,3.0,0.9992125801113029,117.10432345350067
2022-09-20 20:15:00,646,2.0,1.0320453431823313,-122.17651153738706
2022-09-20 20:15:00,646,3.0,0.9967908061928322,117.15845722161635
2022-09-20 20:15:00,692,1.0,0.9769538626313706,-7.499316132230363
2022-09-20 20:15:00,692,2.0,1.058790371250522,-122.53382448601198
2022-09-20 20:15:00,692,3.0,0.9409422779593114,114.66401824796306
2022-09-20 20:15:00,675,1.0,0.9669312291498919,-7.817989361942986
2022-09-20 20:15:00,675,2.0,1.061763650667682,-122.76322534387631
2022-09-20 20:15:00,675,3.0,0.9383924422973203,114.71824847097692
2022-09-20 20:15:00,611,3.0,0.9346334100779513,114.35726081367824
2022-09-20 20:15:00,652,1.0,0.9696284947923426,-7.426610141972216
2022-09-20 20:15:00,670,1.0,1.0066364656461702,-4.823918750783051
2022-09-20 20:15:00,670,2.0,1.0486941309664264,-122.11262449288061
2022-09-20 20:15:00,670,3.0,0.9793852748547868,116.18592213436897
2022-09-20 20:15:00,632,1.0,1.0211928667855323,-3.5397423227167906
2022-09-20 20:15:00,632,2.0,1.045109562308321,-121.91385837921564
2022-09-20 20:15:00,632,3.0,1.001587720640158,117.08009747049466
2022-09-20 20:15:00,680,1.0,0.9770632711023963,-7.483724750184818
2022-09-20 20:15:00,680,2.0,1.0588083990718258,-122.52066289747322
2022-09-20 20:15:00,680,3.0,0.9410553498828848,114.68144292785558
2022-09-20 20:15:00,684,1.0,0.9755498080120274,-7.506849275133017
2022-09-20 20:15:00,684,3.0,0.9378269952947537,114.53169248499724
2022-09-20 20:30:00,sourcebus,1.0,0.9999014774176508,29.99076739899104
2022-09-20 20:30:00,sourcebus,2.0,0.9999393790215754,-90.01283675792071
2022-09-20 20:30:00,sourcebus,3.0,0.9998659557862528,149.98708435245607
2022-09-20 20:30:00,650,1.0,0.9998012788947547,-0.014956004624508558
2022-09-20 20:30:00,650,2.0,0.9999007737534946,-120.01359701411482
2022-09-20 20:30:00,650,3.0,0.9998385780872622,119.9810457543427
2022-09-20 20:30:00,rg60,1.0,1.080848877476476,-0.017200553857850697
2022-09-20 20:30:00,rg60,2.0,1.0560267117042268,-120.01567780219159
2022-09-20 20:30:00,rg60,3.0,1.080880304267863,119.97829316491956
2022-09-20 20:30:00,633,1.0,1.0173293200003888,-3.6627181748922313
2022-09-20 20:30:00,633,2.0,1.0414609671945088,-121.975350041867
2022-09-20 20:30:00,633,3.0,0.9953466359444813,116.99094048623863
2022-09-20 20:30:00,634,1.0,0.982938318039615,-4.659431259248658
2022-09-20 20:30:00,634,2.0,1.0148838298119205,-122.659218702162
2022-09-20 20:30:00,634,3.0,0.963933095473678,116.14904423914585
2022-09-20 20:30:00,671,1.0,0.9763863963071812,-7.529477901349083
2022-09-20 20:30:00,671,2.0,1.0566775510364532,-122.60530441129978
2022-09-20 20:30:00,671,3.0,0.9390803969087443,114.57760788643606
2022-09-20 20:30:00,645,2.0,1.0333621985644077,-122.0928647984313
2022-09-20 20:30:00,645,3.0,0.9974099678152983,117.04073532749415
2022-09-20 20:30:00,646,2.0,1.0312936366699936,-122.1809527102121
2022-09-20 20:30:00,646,3.0,0.9949772103706451,117.09517832063061
2022-09-20 20:30:00,692,1.0,0.9763863827811881,-7.529477656806843
2022-09-20 20:30:00,692,2.0,1.0566775498481669,-122.6053045539758
2022-09-20 20:30:00,692,3.0,0.9390803872566493,114.57760799927935
2022-09-20 20:30:00,675,1.0,0.9664414563353386,-7.845082669689913
2022-09-20 20:30:00,675,2.0,1.0596126973992126,-122.83499811271021
2022-09-20 20:30:00,675,3.0,0.9366719823883364,114.63018319101249
2022-09-20 20:30:00,611,3.0,0.9330045148493287,114.27352553133744
2022-09-20 20:30:00,652,1.0,0.9694491188121439,-7.458313881362322
2022-09-20 20:30:00,670,1.0,1.0065854920127606,-4.851133825341991
2022-09-20 20:30:00,670,2.0,1.0474735663545178,-122.13751140631695
2022-09-20 20:30:00,670,3.0,0.9776037175130308,116.11653037482226
2022-09-20 20:30:00,632,1.0,1.0214330451257674,-3.5627643342141693
2022-09-20 20:30:00,632,2.0,1.0442246661563703,-121.91873626611404
2022-09-20 20:30:00,632,3.0,0.9998400059986768,117.01479333222743
2022-09-20 20:30:00,680,1.0,0.9765234556609217,-7.509907037540086
2022-09-20 20:30:00,680,2.0,1.056700596254905,-122.58873492160167
2022-09-20 20:30:00,680,3.0,0.9392224926767501,114.59957946425757
2022-09-20 20:30:00,684,1.0,0.9750899150065563,-7.534785272288573
2022-09-20 20:30:00,684,3.0,0.9360813696378725,114.4454781750472
2022-09-20 20:45:00,sourcebus,1.0,0.9999085968910177,29.99099906170482
2022-09-20 20:45:00,sourcebus,2.0,0.9999452184248476,-90.01239483485523
2022-09-20 20:45:00,sourcebus,3.0,0.999875612743634,149.98748469105942
2022-09-20 20:45:00,650,1.0,0.9998130788492826,-0.014539904431358348
2022-09-20 20:45:00,650,2.0,0.9999073099819588,-120.01319551366113
2022-09-20 20:45:00,650,3.0,0.9998493689589036,119.98169639140882
2022-09-20 20:45:00,rg60,1.0,1.0808683507352213,-0.01674587003543466
2022-09-20 20:45:00,rg60,2.0,1.0560369484220924,-120.01522629332233
2022-09-20 20:45:00,rg60,3.0,1.0808995845201776,119.97899926046456
2022-09-20 20:45:00,633,1.0,1.019322127215784,-3.5137799004401216
2022-09-20 20:45:00,633,2.0,1.0411620091504983,-121.94500438315296
2022-09-20 20:45:00,633,3.0,0.9993179024600903,117.09448867560849
2022-09-20 20:45:00,634,1.0,0.9844970404499515,-4.516356216973025
2022-09-20 20:45:00,634,2.0,1.0135484841165154,-122.65083492628418
2022-09-20 20:45:00,634,3.0,0.9697277870617161,116.30728957864028
2022-09-20 20:45:00,671,1.0,0.9809186744704433,-7.229817713506989
2022-09-20 20:45:00,671,2.0,1.056570741962741,-122.50493951711235
2022-09-20 20:45:00,671,3.0,0.9448958539310351,114.75770680898079
2022-09-20 20:45:00,645,2.0,1.033340871486328,-122.04933718062607
2022-09-20 20:45:00,645,3.0,1.0011338337565427,117.13410821938713
2022-09-20 20:45:00,646,2.0,1.0313365664615204,-122.13494997623688
2022-09-20 20:45:00,646,3.0,0.9987733655010058,117.18663365525086
2022-09-20 20:45:00,692,1.0,0.9809186616138027,-7.229817493695467
2022-09-20 20:45:00,692,2.0,1.0565707407693945,-122.50493965951762
2022-09-20 20:45:00,692,3.0,0.9448958445642225,114.75770691601734
2022-09-20 20:45:00,675,1.0,0.97150435909199,-7.536945876874382
2022-09-20 20:45:00,675,2.0,1.0594515399395263,-122.72492993540098
2022-09-20 20:45:00,675,3.0,0.9424201494701869,114.8044272608354
2022-09-20 20:45:00,611,3.0,0.9389422456149479,114.46057972269787
2022-09-20 20:45:00,652,1.0,0.9733092956271018,-7.155525669858065
2022-09-20 20:45:00,670,1.0,1.0096179490707622,-4.659466380945292
2022-09-20 20:45:00,670,2.0,1.047371798655957,-122.07564843685766
2022-09-20 20:45:00,670,3.0,0.9819386096488513,116.23923209083792
2022-09-20 20:45:00,632,1.0,1.0236139892247256,-3.4191935547093553
2022-09-20 20:45:00,632,2.0,1.0440846097046974,-121.87935448492573
2022-09-20 20:45:00,632,3.0,1.0034469434818218,117.11109214698368
2022-09-20 20:45:00,680,1.0,0.9810835055468825,-7.206557351717102
2022-09-20 20:45:00,680,2.0,1.0565995601926712,-122.48496175663313
2022-09-20 20:45:00,680,3.0,0.9450648548942194,114.78381843105635
2022-09-20 20:45:00,684,1.0,0.9793881387058493,-7.2375792974019415
2022-09-20 20:45:00,684,3.0,0.9419571931654207,114.63072702753995
2022-09-20 21:00:00,sourcebus,1.0,0.9999156051462486,29.991231635420085
2022-09-20 21:00:00,sourcebus,2.0,0.9999509842570459,-90.01195233323443
2022-09-20 21:00:00,sourcebus,3.0,0.9998851723262348,149.98788390462872
2022-09-20 21:00:00,650,1.0,0.9998247184502317,-0.014124891412763881
2022-09-20 21:00:00,650,2.0,0.9999137360368686,-120.01279268347392
2022-09-20 21:00:00,650,3.0,0.9998600576680875,119.98234663019065
2022-09-20 21:00:00,rg60,1.0,1.0808875669010973,-0.016290487321165455
2022-09-20 21:00:00,rg60,2.0,1.0560470396518877,-120.01477230865956
2022-09-20 21:00:00,rg60,3.0,1.0809187220581555,119.97970689077661
2022-09-20 21:00:00,633,1.0,1.0212689607034948,-3.366186249581353
2022-09-20 21:00:00,633,2.0,1.0408660527182725,-121.91532404751307
2022-09-20 21:00:00,633,3.0,1.0032692231807065,117.19872509373195
2022-09-20 21:00:00,634,1.0,0.9860106902275901,-4.374706065067151
2022-09-20 21:00:00,634,2.0,1.0122141837485663,-122.64321128618647
2022-09-20 21:00:00,634,3.0,0.9754798953638634,116.4651087412407
2022-09-20 21:00:00,671,1.0,0.9853655714169054,-6.93444804255343
2022-09-20 21:00:00,671,2.0,1.0564725384187243,-122.40638644052214
2022-09-20 21:00:00,671,3.0,0.9506942412269563,114.93889067712085
2022-09-20 21:00:00,645,2.0,1.033322712575581,-122.00650725382282
2022-09-20 21:00:00,645,3.0,1.0048424323856682,117.22831719485706
2022-09-20 21:00:00,646,2.0,1.0313827816226002,-122.08962423787906
2022-09-20 21:00:00,646,3.0,1.0025546025809071,117.27894204735406
2022-09-20 21:00:00,692,1.0,0.9853655592218369,-6.934447847119932
2022-09-20 21:00:00,692,2.0,1.0564725372203032,-122.4063865826564
2022-09-20 21:00:00,692,3.0,0.9506942321473283,114.93889077833562
2022-09-20 21:00:00,675,1.0,0.9764761443642511,-7.233256323403657
2022-09-20 21:00:00,675,2.0,1.0592973199055127,-122.6168153587479
2022-09-20 21:00:00,675,3.0,0.948155598651007,114.97981324660243
2022-09-20 21:00:00,611,3.0,0.944865049588903,114.64870313623106
2022-09-20 21:00:00,652,1.0,0.9770798262302482,-6.85701494569242
2022-09-20 21:00:00,670,1.0,1.012587820672763,-4.469843681583525
2022-09-20 21:00:00,670,2.0,1.0472745505628296,-122.01488427897229
2022-09-20 21:00:00,670,3.0,0.9862571052650188,116.3629269634002
2022-09-20 21:00:00,632,1.0,1.0257471534588252,-3.2769071214101486
2022-09-20 21:00:00,632,2.0,1.0439475301174135,-121.84070487820028
2022-09-20 21:00:00,632,3.0,1.007038061853732,117.20820485347548
2022-09-20 21:00:00,680,1.0,0.9855581958219013,-6.907581449186034
2022-09-20 21:00:00,680,2.0,1.0565074762911482,-122.38298307275882
2022-09-20 21:00:00,680,3.0,0.9508895370025641,114.96904474505313
2022-09-20 21:00:00,684,1.0,0.9835994105865935,-6.944644065600907
2022-09-20 21:00:00,684,3.0,0.9478169311619575,114.81704297501767
2022-09-20 21:15:00,sourcebus,1.0,0.9999248583086312,29.991649150668326
2022-09-20 21:15:00,sourcebus,2.0,0.9999576658952376,-90.01171897773514
2022-09-20 21:15:00,sourcebus,3.0,0.9998903558212456,149.98833696163607
2022-09-20 21:15:00,650,1.0,0.9998347019141015,-0.013410463803604552
2022-09-20 21:15:00,650,2.0,0.9999244878767487,-120.01238883589964
2022-09-20 21:15:00,650,3.0,0.9998664522720647,119.98273284051497
2022-09-20 21:15:00,rg60,1.0,1.0809065278049212,-0.015442464431696142
2022-09-20 21:15:00,rg60,2.0,1.0560635064159314,-120.01431560006982
2022-09-20 21:15:00,rg60,3.0,1.0809293578557795,119.98009014758495
2022-09-20 21:15:00,633,1.0,1.0258227794618449,-3.1900811533996296
2022-09-20 21:15:00,633,2.0,1.0411214339370203,-121.76641806654757
2022-09-20 21:15:00,633,3.0,1.0039755454616959,117.13766156769954
2022-09-20 21:15:00,634,1.0,0.9939395274894115,-4.0958272836736915
2022-09-20 21:15:00,634,2.0,1.0144479535229716,-122.44126153736546
2022-09-20 21:15:00,634,3.0,0.9713086025854046,116.2836570018102
2022-09-20 21:15:00,671,1.0,0.9898800667181314,-6.542947518750617
2022-09-20 21:15:00,671,2.0,1.056000421899097,-122.28903974894443
2022-09-20 21:15:00,671,3.0,0.9559849201653795,114.96980658375828
2022-09-20 21:15:00,645,2.0,1.0336961944738472,-121.87787976686202
2022-09-20 21:15:00,645,3.0,1.0065744152089147,117.19266898799061
2022-09-20 21:15:00,646,2.0,1.0318263163117332,-121.95779235171416
2022-09-20 21:15:00,646,3.0,1.004369360295982,117.24110479095302
2022-09-20 21:15:00,692,1.0,0.9898800549980781,-6.542947318921043
2022-09-20 21:15:00,692,2.0,1.0560004206876783,-122.28903989038167
2022-09-20 21:15:00,692,3.0,0.9559849113078827,114.9698066659112
2022-09-20 21:15:00,675,1.0,0.9815194698049811,-6.8251681046132555
2022-09-20 21:15:00,675,2.0,1.0586197125396581,-122.49412452351098
2022-09-20 21:15:00,675,3.0,0.9538425878637277,115.0020117693195
2022-09-20 21:15:00,611,3.0,0.9503752910669557,114.68304389810802
2022-09-20 21:15:00,652,1.0,0.9819337119875005,-6.4674796908213334
2022-09-20 21:15:00,670,1.0,1.0164996080345154,-4.2215897099825925
2022-09-20 21:15:00,670,2.0,1.0471608442603269,-121.89964193122186
2022-09-20 21:15:00,670,3.0,0.9892731270148637,116.35635981684476
2022-09-20 21:15:00,632,1.0,1.029406968261657,-3.0992569573026847
2022-09-20 21:15:00,632,2.0,1.0440245219854192,-121.71886375230258
2022-09-20 21:15:00,632,3.0,1.008670741359481,117.17444801575269
2022-09-20 21:15:00,680,1.0,0.9900917043901686,-6.513593479133468
2022-09-20 21:15:00,680,2.0,1.0560397991462733,-122.26321039289684
2022-09-20 21:15:00,680,3.0,0.9561994961361049,115.00273129520826
2022-09-20 21:15:00,684,1.0,0.9882066197895938,-6.55139777752482
2022-09-20 21:15:00,684,3.0,0.9532150634421606,114.84855018284384
2022-09-20 21:30:00,sourcebus,1.0,0.9999338475726377,29.992053567614565
2022-09-20 21:30:00,sourcebus,2.0,0.9999642381466792,-90.01149266073374
2022-09-20 21:30:00,sourcebus,3.0,0.9998954442361271,149.98877228131633
2022-09-20 21:30:00,650,1.0,0.9998443865866621,-0.012720626703639097
2022-09-20 21:30:00,650,2.0,0.9999349812167128,-120.01199749929697
2022-09-20 21:30:00,650,3.0,0.9998728116266561,119.98310509946519
2022-09-20 21:30:00,rg60,1.0,1.0809248927959676,-0.014621943613292629
2022-09-20 21:30:00,rg60,2.0,1.0560795406765664,-120.01387576866406
2022-09-20 21:30:00,rg60,3.0,1.0809399386114371,119.98045615565582
2022-09-20 21:30:00,633,1.0,1.030209086116015,-3.018830631774913
2022-09-20 21:30:00,633,2.0,1.041382474287154,-121.62517689714487
2022-09-20 21:30:00,633,3.0,1.0047259165977014,117.07876365377045
2022-09-20 21:30:00,634,1.0,1.0016403729145997,-3.8246511908414336
2022-09-20 21:30:00,634,2.0,1.016680510240948,-122.24732461862428
2022-09-20 21:30:00,634,3.0,0.9671376311682259,116.10344813921367
2022-09-20 21:30:00,671,1.0,0.9941351392672416,-6.16192043255957
2022-09-20 21:30:00,671,2.0,1.0555244935446586,-122.18697729790291
2022-09-20 21:30:00,671,3.0,0.9613979676744852,115.00382449107242
2022-09-20 21:30:00,645,2.0,1.0340722541972598,-121.75689410152238
2022-09-20 21:30:00,645,3.0,1.0083572653553126,117.1588744146589
2022-09-20 21:30:00,646,2.0,1.032273009994499,-121.83360795647548
2022-09-20 21:30:00,646,3.0,1.0062355672218346,117.2051444215028
2022-09-20 21:30:00,692,1.0,0.9941351280156906,-6.161920228176917
2022-09-20 21:30:00,692,2.0,1.0555244923202596,-122.18697743864354
2022-09-20 21:30:00,692,3.0,0.9613979590497255,115.00382455381576
2022-09-20 21:30:00,675,1.0,0.9862994997340456,-6.427713594460095
2022-09-20 21:30:00,675,2.0,1.0579332095581955,-122.38690615183026
2022-09-20 21:30:00,675,3.0,0.9596668566703609,115.02726425775683
2022-09-20 21:30:00,611,3.0,0.9560506866745989,114.72132990460624
2022-09-20 21:30:00,652,1.0,0.9865293088606488,-6.088255574910152
2022-09-20 21:30:00,670,1.0,1.020216780375376,-3.979573140536994
2022-09-20 21:30:00,670,2.0,1.047046224396685,-121.7945834382419
2022-09-20 21:30:00,670,3.0,0.9923623578960779,116.35205043646445
2022-09-20 21:30:00,632,1.0,1.0329093837041485,-2.926101391169284
2022-09-20 21:30:00,632,2.0,1.0441032766259912,-121.60465627906711
2022-09-20 21:30:00,632,3.0,1.0103536146700567,117.1425384670615
2022-09-20 21:30:00,680,1.0,0.994350063495603,-6.1322788532726165
2022-09-20 21:30:00,680,2.0,1.055565440060243,-122.1606416052845
2022-09-20 21:30:00,680,3.0,0.9616156973913317,115.03702254014573
2022-09-20 21:30:00,684,1.0,0.9925511738939606,-6.168461302273027
2022-09-20 21:30:00,684,3.0,0.9587572786841924,114.88356628810516
2022-09-20 21:45:00,sourcebus,1.0,0.9999511782849902,29.992438457163214
2022-09-20 21:45:00,sourcebus,2.0,0.9999756138244433,-90.01070740433963
2022-09-20 21:45:00,sourcebus,3.0,0.9999158479626209,149.98965290409376
2022-09-20 21:45:00,650,1.0,0.9998712861130407,-0.011823199044365601
2022-09-20 21:45:00,650,2.0,0.999950158997084,-120.01141358501886
2022-09-20 21:45:00,650,3.0,0.9998941748362958,119.98444064612966
2022-09-20 21:45:00,rg60,1.0,1.0747202844998396,-0.013629291494134249
2022-09-20 21:45:00,rg60,2.0,1.0561016527399218,-120.0133323675791
2022-09-20 21:45:00,rg60,3.0,1.074730676658791,119.98191334935771
2022-09-20 21:45:00,633,1.0,1.0272302414049632,-2.726883035364857
2022-09-20 21:45:00,633,2.0,1.041979252079507,-121.66144926113806
2022-09-20 21:45:00,633,3.0,1.0073835420254147,117.3006171676424
2022-09-20 21:45:00,634,1.0,0.9983988755893299,-3.5355110350413437
2022-09-20 21:45:00,634,2.0,1.020030318545072,-122.20878757486685
2022-09-20 21:45:00,634,3.0,0.9768229170570986,116.51419323339638
2022-09-20 21:45:00,671,1.0,0.9961775958264911,-5.514149765587105
2022-09-20 21:45:00,671,2.0,1.0536482161257488,-122.23098000155524
2022-09-20 21:45:00,671,3.0,0.9676642027204889,115.25742485267907
2022-09-20 21:45:00,645,2.0,1.0345465629066641,-121.7797183762126
2022-09-20 21:45:00,645,3.0,1.0098454846018328,117.35244156213459
2022-09-20 21:45:00,646,2.0,1.032753885231702,-121.856457051334
2022-09-20 21:45:00,646,3.0,1.007729354569548,117.39874673404483
2022-09-20 21:45:00,692,1.0,0.9961775859800139,-5.514149603638507
2022-09-20 21:45:00,692,2.0,1.0536482144868318,-122.23098014576414
2022-09-20 21:45:00,692,3.0,0.9676641944982877,115.25742490577349
2022-09-20 21:45:00,675,1.0,0.9895651495164616,-5.759195717959599
2022-09-20 21:45:00,675,2.0,1.0556687768337047,-122.41991444447874
2022-09-20 21:45:00,675,3.0,0.9658637993772876,115.26282558272175
2022-09-20 21:45:00,611,3.0,0.962946028332941,114.98737161535794
2022-09-20 21:45:00,652,1.0,0.9888117141371289,-5.4408241569847995
2022-09-20 21:45:00,670,1.0,1.0192461893904212,-3.575738490504654
2022-09-20 21:45:00,670,2.0,1.0465366245463286,-121.82786069034356
2022-09-20 21:45:00,670,3.0,0.9956153829199192,116.56877968260203
2022-09-20 21:45:00,632,1.0,1.0303941030288077,-2.636188210275269
2022-09-20 21:45:00,632,2.0,1.0442205715247916,-121.63040633045304
2022-09-20 21:45:00,632,3.0,1.0119175087802428,117.33367131023033
2022-09-20 21:45:00,680,1.0,0.9963915282257362,-5.484654703201878
2022-09-20 21:45:00,680,2.0,1.0536917296665782,-122.20456285427744
2022-09-20 21:45:00,680,3.0,0.9678812201954181,115.29037342688532
2022-09-20 21:45:00,684,1.0,0.9946179653404651,-5.51799320143123
2022-09-20 21:45:00,684,3.0,0.9653362076827441,115.14234005602506
2022-09-20 22:00:00,sourcebus,1.0,0.9999669416700272,29.993148315549266
2022-09-20 22:00:00,sourcebus,2.0,0.9999909042649066,-90.00974440590493
2022-09-20 22:00:00,sourcebus,3.0,0.999935200316524,149.99051282670257
2022-09-20 22:00:00,650,1.0,0.9998948158115288,-0.010782724963442741
2022-09-20 22:00:00,650,2.0,0.9999678563543889,-120.01031654166455
2022-09-20 22:00:00,650,3.0,0.9999177725660933,119.98575920564839
2022-09-20 22:00:00,rg60,1.0,1.0685110864548837,-0.012474686633732336
2022-09-20 22:00:00,rg60,2.0,1.0498814075616982,-120.01207637906563
2022-09-20 22:00:00,rg60,3.0,1.0685227907616466,119.98334720403463
2022-09-20 22:00:00,633,1.0,1.025340453924649,-2.50514178125762
2022-09-20 22:00:00,633,2.0,1.0375912264178067,-121.50581675707598
2022-09-20 22:00:00,633,3.0,1.0084795538021218,117.50275567762823
2022-09-20 22:00:00,634,1.0,0.9963458702417155,-3.3168187089438415
2022-09-20 22:00:00,634,2.0,1.0183450540378287,-121.98552207761772
2022-09-20 22:00:00,634,3.0,0.9848244729303242,116.89649894957812
2022-09-20 22:00:00,671,1.0,1.0005815584206998,-5.014325151522839
2022-09-20 22:00:00,671,2.0,1.048015637439168,-121.87898111453953
2022-09-20 22:00:00,671,3.0,0.9708474601635596,115.46523526209863
2022-09-20 22:00:00,645,2.0,1.0300172081459493,-121.61042207998916
2022-09-20 22:00:00,645,3.0,1.0098045192886607,117.52635757693326
2022-09-20 22:00:00,646,2.0,1.0282337316517791,-121.68730451750062
2022-09-20 22:00:00,646,3.0,1.0076962094960138,117.57232919992312
2022-09-20 22:00:00,692,1.0,1.0005815499795239,-5.014325031636281
2022-09-20 22:00:00,692,2.0,1.048015636373564,-121.87898126250906
2022-09-20 22:00:00,692,3.0,0.9708474523242683,115.46523530591818
2022-09-20 22:00:00,675,1.0,0.9950843980082061,-5.254121612665481
2022-09-20 22:00:00,675,2.0,1.0503584440629057,-122.03781105240813
2022-09-20 22:00:00,675,3.0,0.9687847145289331,115.46620970354124
2022-09-20 22:00:00,611,3.0,0.9667514036767845,115.20723152504752
2022-09-20 22:00:00,652,1.0,0.9934367795938218,-4.941410014829979
2022-09-20 22:00:00,670,1.0,1.0197539394843507,-3.267251362538533
2022-09-20 22:00:00,670,2.0,1.0414625410076066,-121.60071354738136
2022-09-20 22:00:00,670,3.0,0.9968141241079,116.75817975309884
2022-09-20 22:00:00,632,1.0,1.0289515798509985,-2.416477892020789
2022-09-20 22:00:00,632,2.0,1.0393609072101917,-121.46365181211533
2022-09-20 22:00:00,632,3.0,1.0119377353321937,117.5058052123872
2022-09-20 22:00:00,680,1.0,1.0007896638972433,-4.986053344710645
2022-09-20 22:00:00,680,2.0,1.048059997524966,-121.85298221418441
2022-09-20 22:00:00,680,3.0,0.9710559623922198,115.49701140998121
2022-09-20 22:00:00,684,1.0,0.9990395506034281,-5.015543755925187
2022-09-20 22:00:00,684,3.0,0.9688292928474292,115.35526001832568
2022-09-20 22:15:00,sourcebus,1.0,0.9999815457179305,29.993586666543976
2022-09-20 22:15:00,sourcebus,2.0,1.0000058063079824,-90.00874868220292
2022-09-20 22:15:00,sourcebus,3.0,0.9999583774655281,149.9912151077605
2022-09-20 22:15:00,650,1.0,0.9999204112802359,-0.010155407650470193
2022-09-20 22:15:00,650,2.0,0.9999832891470242,-120.00938517066197
2022-09-20 22:15:00,650,3.0,0.999944844302075,119.98713827623605
2022-09-20 22:15:00,rg60,1.0,1.062301542897942,-0.011903728204107492
2022-09-20 22:15:00,rg60,2.0,1.049906804506661,-120.01107031925207
2022-09-20 22:15:00,rg60,3.0,1.062320355430024,119.98486616978957
2022-09-20 22:15:00,633,1.0,1.0226782128868033,-2.402365965185665
2022-09-20 22:15:00,633,2.0,1.0404841118103294,-121.39654804587259
2022-09-20 22:15:00,633,3.0,1.0097956321051174,117.79854617555647
2022-09-20 22:15:00,634,1.0,0.9953338383544004,-3.1647850784663394
2022-09-20 22:15:00,634,2.0,1.0224955657156578,-121.8389713576223
2022-09-20 22:15:00,634,3.0,0.9890735055517885,117.27303411507778
2022-09-20 22:15:00,671,1.0,1.0008359839716425,-4.789487362788471
2022-09-20 22:15:00,671,2.0,1.0516396047753425,-121.72889751920978
2022-09-20 22:15:00,671,3.0,0.9769778266692041,116.00611971811342
2022-09-20 22:15:00,645,2.0,1.033685873693358,-121.48651323098618
2022-09-20 22:15:00,645,3.0,1.0106663526675086,117.81719075151062
2022-09-20 22:15:00,646,2.0,1.0319999271593454,-121.55902726076778
2022-09-20 22:15:00,646,3.0,1.0086740221044148,117.86088000737232
2022-09-20 22:15:00,692,1.0,1.00083597641173,-4.789487284644975
2022-09-20 22:15:00,692,2.0,1.05163960380635,-121.72889767199715
2022-09-20 22:15:00,692,3.0,0.9769778197864817,116.00611973673799
2022-09-20 22:15:00,675,1.0,0.9959950020664825,-5.015413110980332
2022-09-20 22:15:00,675,2.0,1.0538790717042221,-121.88075333218258
2022-09-20 22:15:00,675,3.0,0.9752720391399106,115.99888440007177
2022-09-20 22:15:00,611,3.0,0.9736111170472181,115.76927923211383
2022-09-20 22:15:00,652,1.0,0.9938048619278754,-4.738810852876809
2022-09-20 22:15:00,670,1.0,1.017954941352342,-3.1301367544857692
2022-09-20 22:15:00,670,2.0,1.0445708278895247,-121.47874984863233
2022-09-20 22:15:00,670,3.0,0.9995970833619047,117.13618218096735
2022-09-20 22:15:00,632,1.0,1.0261781542752102,-2.321202536029784
2022-09-20 22:15:00,632,2.0,1.0421284682434802,-121.3532166945759
2022-09-20 22:15:00,632,3.0,1.0127810748696944,117.79497332053084
2022-09-20 22:15:00,680,1.0,1.001007979633435,-4.766333574006615
2022-09-20 22:15:00,680,2.0,1.0516759919012395,-121.70762832781789
2022-09-20 22:15:00,680,3.0,0.9771467739472999,116.03184022296338
2022-09-20 22:15:00,684,1.0,0.9990105749269044,-4.807688153622276
2022-09-20 22:15:00,684,3.0,0.9752863981710006,115.90836335570751
2022-09-20 22:30:00,sourcebus,1.0,0.9999980141860083,29.993854716804915
2022-09-20 22:30:00,sourcebus,2.0,1.0000174188490603,-90.00794508078992
2022-09-20 22:30:00,sourcebus,3.0,0.9999805123945793,149.9919919195326
2022-09-20 22:30:00,650,1.0,0.9999478815126113,-0.00947901592214466
2022-09-20 22:30:00,650,2.0,0.9999975726405992,-120.00884419616666
2022-09-20 22:30:00,650,3.0,0.9999681288450704,119.98847307305864
2022-09-20 22:30:00,rg60,1.0,1.0560948253944882,-0.011230250270391729
2022-09-20 22:30:00,rg60,2.0,1.043678187741643,-120.01059241556364
2022-09-20 22:30:00,rg60,3.0,1.056112521667064,119.986326690535
2022-09-20 22:30:00,633,1.0,1.0198457778090284,-2.1621188753637113
2022-09-20 22:30:00,633,2.0,1.034950684493219,-121.46410540943397
2022-09-20 22:30:00,633,3.0,1.0123883716215087,118.04660944987587
2022-09-20 22:30:00,634,1.0,0.9942384527947773,-2.87779527044339
2022-09-20 22:30:00,634,2.0,1.0181537872551196,-121.87904642755437
2022-09-20 22:30:00,634,3.0,0.9946831873345569,117.59940228586169
2022-09-20 22:30:00,671,1.0,1.000462947329679,-4.288205770621564
2022-09-20 22:30:00,671,2.0,1.0449017642061134,-121.92340876165434
2022-09-20 22:30:00,671,3.0,0.9856753824865878,116.45045845692606
2022-09-20 22:30:00,645,2.0,1.0289160281654817,-121.53983944622871
2022-09-20 22:30:00,645,3.0,1.0128165553131883,118.0599426160845
2022-09-20 22:30:00,646,2.0,1.027339117630105,-121.60860594202784
2022-09-20 22:30:00,646,3.0,1.0109470402742702,118.10092713705295
2022-09-20 22:30:00,692,1.0,1.0004629406539607,-4.2882057340703765
2022-09-20 22:30:00,692,2.0,1.0449017633394244,-121.92340891908736
2022-09-20 22:30:00,692,3.0,0.9856753765628133,116.45045845039213
2022-09-20 22:30:00,675,1.0,0.9962798983980337,-4.500613874409457
2022-09-20 22:30:00,675,2.0,1.0470421693955427,-122.06782385552376
2022-09-20 22:30:00,675,3.0,0.9843109448379828,116.43538325237488
2022-09-20 22:30:00,611,3.0,0.9831165713898956,116.22837666380589
2022-09-20 22:30:00,652,1.0,0.9938982819128239,-4.239527723009528
2022-09-20 22:30:00,670,1.0,1.015846782935915,-2.8095232021218677
2022-09-20 22:30:00,670,2.0,1.0386063096879552,-121.5894264603606
2022-09-20 22:30:00,670,3.0,1.0040694255535174,117.4513020595918
2022-09-20 22:30:00,632,1.0,1.0232231802073826,-2.0883789079634743
2022-09-20 22:30:00,632,2.0,1.0364838158822507,-121.41881505569769
2022-09-20 22:30:00,632,3.0,1.0148929176146713,118.03719544810507
2022-09-20 22:30:00,680,1.0,1.0005360471115192,-4.278529498432533
2022-09-20 22:30:00,680,2.0,1.0449184372025093,-121.91429602794992
2022-09-20 22:30:00,680,3.0,0.9857448954553084,116.46111030251318
2022-09-20 22:30:00,684,1.0,0.9987053697600877,-4.3031456235405035
2022-09-20 22:30:00,684,3.0,0.9843857786172872,116.35848636502384
2022-09-20 22:45:00,sourcebus,1.0,1.0000045480583808,29.993913169728717
2022-09-20 22:45:00,sourcebus,2.0,1.000022619686366,-90.00757384302094
2022-09-20 22:45:00,sourcebus,3.0,0.9999911074157097,149.9922729223496
2022-09-20 22:45:00,650,1.0,0.9999597859241707,-0.009279258840222291
2022-09-20 22:45:00,650,2.0,1.0000028666510492,-120.00864183183369
2022-09-20 22:45:00,650,3.0,0.9999799267926129,119.98905892669327
2022-09-20 22:45:00,rg60,1.0,1.0561125679500634,-0.011032804425140187
2022-09-20 22:45:00,rg60,2.0,1.0436853479178378,-120.01043861373813
2022-09-20 22:45:00,rg60,3.0,1.056133397490128,119.98693603874442
2022-09-20 22:45:00,633,1.0,1.020924530494116,-2.0008128445490425
2022-09-20 22:45:00,633,2.0,1.0341625235442489,-121.5532791825765
2022-09-20 22:45:00,633,3.0,1.017907766975911,118.16635843113026
2022-09-20 22:45:00,634,1.0,0.9974057915435353,-2.6521615562233447
2022-09-20 22:45:00,634,2.0,1.01490352651168,-122.02528774994838
2022-09-20 22:45:00,634,3.0,1.0018902226857676,117.76912094815319
2022-09-20 22:45:00,671,1.0,1.0017090250360532,-4.076003052848504
2022-09-20 22:45:00,671,2.0,1.0452371139520265,-122.04743690819313
2022-09-20 22:45:00,671,3.0,0.9933893262278406,116.68510686520693
2022-09-20 22:45:00,645,2.0,1.0291025804486744,-121.62078591929713
2022-09-20 22:45:00,645,3.0,1.018275242701294,118.18115664438231
2022-09-20 22:45:00,646,2.0,1.0277080856984253,-121.68198432381719
2022-09-20 22:45:00,646,3.0,1.0166179540598625,118.21731242223649
2022-09-20 22:45:00,692,1.0,1.001709018475753,-4.076003025223377
2022-09-20 22:45:00,692,2.0,1.0452371131574603,-122.04743706914628
2022-09-20 22:45:00,692,3.0,0.9933893207360739,116.68510684625495
2022-09-20 22:45:00,675,1.0,0.9975703876536546,-4.282554975766251
2022-09-20 22:45:00,675,2.0,1.0473597637675476,-122.19422660202896
2022-09-20 22:45:00,675,3.0,0.9923124626054649,116.66956980316397
2022-09-20 22:45:00,611,3.0,0.9906721122427715,116.45994354272341
2022-09-20 22:45:00,652,1.0,0.9951448835136145,-4.0275178980997985
2022-09-20 22:45:00,670,1.0,1.0167775615629027,-2.6445445855484233
2022-09-20 22:45:00,670,2.0,1.038606073450224,-121.6846315352159
2022-09-20 22:45:00,670,3.0,1.0101478937397308,117.61932374708742
2022-09-20 22:45:00,632,1.0,1.0240446425314866,-1.9465586856684758
2022-09-20 22:45:00,632,2.0,1.036234980417688,-121.49817216631436
2022-09-20 22:45:00,632,3.0,1.0199847234603803,118.1621969067275
2022-09-20 22:45:00,680,1.0,1.0017152811789398,-4.075184762975608
2022-09-20 22:45:00,680,2.0,1.0452385776912343,-122.04666047175465
2022-09-20 22:45:00,680,3.0,0.9933951713358259,116.68599846204845
2022-09-20 22:45:00,684,1.0,0.9999672742418808,-4.091257731733252
2022-09-20 22:45:00,684,3.0,0.9920205499838329,116.59151848514115
2022-09-20 23:00:00,sourcebus,1.0,1.000011830475755,29.994085766987126
2022-09-20 23:00:00,sourcebus,2.0,1.0000291627959035,-90.00708122876895
2022-09-20 23:00:00,sourcebus,3.0,1.0000028572006205,149.99264222435735
2022-09-20 23:00:00,650,1.0,0.9999729269550821,-0.008958184375984866
2022-09-20 23:00:00,650,2.0,1.000009377657625,-120.0082554262085
2022-09-20 23:00:00,650,3.0,0.9999933361738145,119.98977413982003
2022-09-20 23:00:00,rg60,1.0,1.049883448690536,-0.01070253946176852
2022-09-20 23:00:00,rg60,2.0,1.0436951850479235,-120.01003549055258
2022-09-20 23:00:00,rg60,3.0,1.049907361298701,119.98770086423309
2022-09-20 23:00:00,633,1.0,1.0164696080851712,-1.86954985924292
2022-09-20 23:00:00,633,2.0,1.0337888213120439,-121.56793727392959
2022-09-20 23:00:00,633,3.0,1.0167574628469798,118.27652848264614
2022-09-20 23:00:00,634,1.0,0.9950445177514579,-2.4679434811579704
2022-09-20 23:00:00,634,2.0,1.012199911775619,-122.10118208873615
2022-09-20 23:00:00,634,3.0,1.0024460574284144,117.91912318672236
2022-09-20 23:00:00,671,1.0,0.9982058635762754,-3.925105801067244
2022-09-20 23:00:00,671,2.0,1.0464105056881114,-122.00215097764615
2022-09-20 23:00:00,671,3.0,0.9938515561179946,116.90353619367866
2022-09-20 23:00:00,645,2.0,1.029551012807277,-121.6333789664215
2022-09-20 23:00:00,645,3.0,1.0171307410403638,118.29384077062976
2022-09-20 23:00:00,646,2.0,1.0283395592751363,-121.68658306085841
2022-09-20 23:00:00,646,3.0,1.0156911195228449,118.3254170663443
2022-09-20 23:00:00,692,1.0,0.9982058571005116,-3.925105783070459
2022-09-20 23:00:00,692,2.0,1.0464105049661787,-122.00215114217325
2022-09-20 23:00:00,692,3.0,0.9938515510272412,116.90353616235225
2022-09-20 23:00:00,675,1.0,0.9940960969749549,-4.128603056564646
2022-09-20 23:00:00,675,2.0,1.0485285836436342,-122.15154690362903
2022-09-20 23:00:00,675,3.0,0.9930406705978444,116.88745565503231
2022-09-20 23:00:00,611,3.0,0.9909571675451658,116.67459550764515
2022-09-20 23:00:00,652,1.0,0.9916765887429746,-3.876924563074069
2022-09-20 23:00:00,670,1.0,1.0124348529065237,-2.518746824392136
2022-09-20 23:00:00,670,2.0,1.0391446589069722,-121.67330550027563
2022-09-20 23:00:00,670,3.0,1.009382706363213,117.77505552516716
2022-09-20 23:00:00,632,1.0,1.0193355852129016,-1.8333700375620199
2022-09-20 23:00:00,632,2.0,1.0363793557305319,-121.50246418407943
2022-09-20 23:00:00,632,3.0,1.0184129823017867,118.27817314725003
2022-09-20 23:00:00,680,1.0,0.9982121280991583,-3.9242810217242665
2022-09-20 23:00:00,680,2.0,1.046411941474484,-122.00137782968743
2022-09-20 23:00:00,680,3.0,0.9938574147067076,116.90442580221954
2022-09-20 23:00:00,684,1.0,0.9964914620615534,-3.9407875694861634
2022-09-20 23:00:00,684,3.0,0.9923945110543302,116.80803692239338
2022-09-20 23:15:00,sourcebus,1.0,1.0000139867314795,29.994283827939316
2022-09-20 23:15:00,sourcebus,2.0,1.0000344240104395,-90.00682583745164
2022-09-20 23:15:00,sourcebus,3.0,1.0000074324884178,149.99271488814298
2022-09-20 23:15:00,650,1.0,0.9999761722827399,-0.008843413540314428
2022-09-20 23:15:00,650,2.0,1.0000141133915907,-120.00788695045095
2022-09-20 23:15:00,650,3.0,1.0000008304743082,119.99001215850765
2022-09-20 23:15:00,rg60,1.0,1.0498879816720956,-0.010592430555619405
2022-09-20 23:15:00,rg60,2.0,1.0437037988587086,-120.00962307337416
2022-09-20 23:15:00,rg60,3.0,1.0499193162953135,119.98795488630084
2022-09-20 23:15:00,633,1.0,1.016745749772626,-1.8901010197226966
2022-09-20 23:15:00,633,2.0,1.0359543683588632,-121.5027551967578
2022-09-20 23:15:00,633,3.0,1.0183057962967519,118.37314396266022
2022-09-20 23:15:00,634,1.0,0.9973231194388995,-2.4257919846081135
2022-09-20 23:15:00,634,2.0,1.0167108272058767,-121.97090076832518
2022-09-20 23:15:00,634,3.0,1.0042852587748385,118.02943833765748
2022-09-20 23:15:00,671,1.0,0.9971496991923969,-3.9582071101923972
2022-09-20 23:15:00,671,2.0,1.048937753984604,-121.97991328054847
2022-09-20 23:15:00,671,3.0,0.9971245388738709,117.10650684157912
2022-09-20 23:15:00,645,2.0,1.0317698256700611,-121.5714867103721
2022-09-20 23:15:00,645,3.0,1.0188147208805842,118.39144854312248
2022-09-20 23:15:00,646,2.0,1.0306344956638498,-121.62125404624513
2022-09-20 23:15:00,646,3.0,1.0174656217117222,118.42102618243865
2022-09-20 23:15:00,692,1.0,0.9971496924270594,-3.9582070849599913
2022-09-20 23:15:00,692,2.0,1.0489377532652002,-121.97991344528337
2022-09-20 23:15:00,692,3.0,0.9971245340537848,117.10650679918749
2022-09-20 23:15:00,675,1.0,0.9927978980042624,-4.158565506687172
2022-09-20 23:15:00,675,2.0,1.0509830994530693,-122.13706630813633
2022-09-20 23:15:00,675,3.0,0.9966932709090376,117.09114618918576
2022-09-20 23:15:00,611,3.0,0.9945336449331743,116.88185237030021
2022-09-20 23:15:00,652,1.0,0.9909791299786747,-3.9108988613033384
2022-09-20 23:15:00,670,1.0,1.012034045562564,-2.5450680881911296
2022-09-20 23:15:00,670,2.0,1.0412536799102505,-121.62914942365764
2022-09-20 23:15:00,670,3.0,1.0115215670123636,117.90841965948668
2022-09-20 23:15:00,632,1.0,1.0192769985744445,-1.8551666582567379
2022-09-20 23:15:00,632,2.0,1.0382454734817466,-121.44827980272849
2022-09-20 23:15:00,632,3.0,1.0199987727208164,118.37734375182669
2022-09-20 23:15:00,680,1.0,0.9971560014264599,-3.9573809183569435
2022-09-20 23:15:00,680,2.0,1.0489391592256136,-121.97914261956117
2022-09-20 23:15:00,680,3.0,0.9971303558921196,117.10738794081922
2022-09-20 23:15:00,684,1.0,0.9955274781117059,-3.9712813911298226
2022-09-20 23:15:00,684,3.0,0.9958209630924275,117.01203236053144
2022-09-20 23:30:00,sourcebus,1.0,1.0000159156138404,29.9944833707383
2022-09-20 23:30:00,sourcebus,2.0,1.0000398858838038,-90.00654389991577
2022-09-20 23:30:00,sourcebus,3.0,1.0000123733005957,149.99278032940106
2022-09-20 23:30:00,650,1.0,0.9999794476508725,-0.008745300345484076
2022-09-20 23:30:00,650,2.0,1.0000186560709408,-120.00749153864984
2022-09-20 23:30:00,650,3.0,1.0000089209750767,119.99026811760147
2022-09-20 23:30:00,rg60,1.0,1.0498924747384841,-0.010504783473431069
2022-09-20 23:30:00,rg60,2.0,1.0374624746333594,-120.00917234572215
2022-09-20 23:30:00,rg60,3.0,1.0436826178440035,119.98822571673223
2022-09-20 23:30:00,633,1.0,1.0171220426785432,-1.9077499911578724
2022-09-20 23:30:00,633,2.0,1.0316222652751443,-121.44883743396606
2022-09-20 23:30:00,633,3.0,1.0136453988155978,118.44472680393167
2022-09-20 23:30:00,634,1.0,0.9998438649762844,-2.385506388814097
2022-09-20 23:30:00,634,2.0,1.0147396046749686,-121.86232807336417
2022-09-20 23:30:00,634,3.0,0.9999783485795349,118.10595008944313
2022-09-20 23:30:00,671,1.0,0.9961917099748238,-3.9883615682147804
2022-09-20 23:30:00,671,2.0,1.0448304939123396,-121.97015858035232
2022-09-20 23:30:00,671,3.0,0.9941019127383713,117.2682191418625
2022-09-20 23:30:00,645,2.0,1.0274798956602682,-121.5203184618921
2022-09-20 23:30:00,645,3.0,1.0143043300144425,118.46488463004202
2022-09-20 23:30:00,646,2.0,1.0264273927386982,-121.56665555244545
2022-09-20 23:30:00,646,3.0,1.0130536708575317,118.49244430404785
2022-09-20 23:30:00,692,1.0,0.9961917029176934,-3.9883615357438478
2022-09-20 23:30:00,692,2.0,1.0448304931958285,-121.97015874509108
2022-09-20 23:30:00,692,3.0,0.994101908167004,117.26821908788264
2022-09-20 23:30:00,675,1.0,0.991605796169685,-4.185985285780447
2022-09-20 23:30:00,675,2.0,1.0467981812979588,-122.13484450726656
2022-09-20 23:30:00,675,3.0,0.9940282778066345,117.2527145503811
2022-09-20 23:30:00,611,3.0,0.9917969931174373,117.04738337895182
2022-09-20 23:30:00,652,1.0,0.9903790382684301,-3.94215060788311
2022-09-20 23:30:00,670,1.0,1.0117208301788,-2.5676524872832798
2022-09-20 23:30:00,670,2.0,1.0368123159571823,-121.59630583692078
2022-09-20 23:30:00,670,3.0,1.0074356903148374,118.01132964398704
2022-09-20 23:30:00,632,1.0,1.019299402058307,-1.8737406351436166
2022-09-20 23:30:00,632,2.0,1.0336202836254096,-121.404311785958
2022-09-20 23:30:00,632,3.0,1.015370179983978,118.45278798347377
2022-09-20 23:30:00,680,1.0,0.996198029626407,-3.9875379361268863
2022-09-20 23:30:00,680,2.0,1.0448319559832597,-121.96938023640911
2022-09-20 23:30:00,680,3.0,0.9941076863189867,117.26910604936259
2022-09-20 23:30:00,684,1.0,0.9946617046684033,-3.999052063656984
2022-09-20 23:30:00,684,3.0,0.9929426776487523,117.17465421409456
2022-09-20 23:45:00,sourcebus,1.0,1.0000214411453436,29.994719602875396
2022-09-20 23:45:00,sourcebus,2.0,1.0000441775838278,-90.00629991739295
2022-09-20 23:45:00,sourcebus,3.0,1.0000173989700163,149.99308166422932
2022-09-20 23:45:00,650,1.0,0.9999867061256895,-0.008362773028078509
2022-09-20 23:45:00,650,2.0,1.0000248463508645,-120.00719038432315
2022-09-20 23:45:00,650,3.0,1.0000145369700513,119.99064926049964
2022-09-20 23:45:00,rg60,1.0,1.0499045785202445,-0.010078359808530784
2022-09-20 23:45:00,rg60,2.0,1.037472378744541,-120.0088399204223
2022-09-20 23:45:00,rg60,3.0,1.0436921664463463,119.98866331498601
2022-09-20 23:45:00,633,1.0,1.0190066808424665,-1.8412781488492689
2022-09-20 23:45:00,633,2.0,1.0327354008129164,-121.37535467164297
2022-09-20 23:45:00,633,3.0,1.015023066527906,118.50755909983545
2022-09-20 23:45:00,634,1.0,1.002665293874691,-2.2864093693273757
2022-09-20 23:45:00,634,2.0,1.017668016467142,-121.7380509319078
2022-09-20 23:45:00,634,3.0,1.001886638200832,118.18790183978172
2022-09-20 23:45:00,671,1.0,0.9993698476591775,-3.8265636159769665
2022-09-20 23:45:00,671,2.0,1.0453386759765213,-121.88167059121345
2022-09-20 23:45:00,671,3.0,0.9967018197711973,117.36226639386024
2022-09-20 23:45:00,645,2.0,1.0285804504693266,-121.45107827385185
2022-09-20 23:45:00,645,3.0,1.015618051307493,118.52770396209549
2022-09-20 23:45:00,646,2.0,1.0275330494080468,-121.49714190675746
2022-09-20 23:45:00,646,3.0,1.014373388470292,118.55508599038048
2022-09-20 23:45:00,692,1.0,0.9993698408816934,-3.8265635937044
2022-09-20 23:45:00,692,2.0,1.0453386752588516,-121.88167075590293
2022-09-20 23:45:00,692,3.0,0.9967018152600712,117.3622663407682
2022-09-20 23:45:00,675,1.0,0.9949973124985847,-4.02184045216369
2022-09-20 23:45:00,675,2.0,1.0473019263329955,-122.04177019768532
2022-09-20 23:45:00,675,3.0,0.9965267575462556,117.3450211146012
2022-09-20 23:45:00,611,3.0,0.9947376382366099,117.14651170553364
2022-09-20 23:45:00,652,1.0,0.9939144356659507,-3.781549900222987
2022-09-20 23:45:00,670,1.0,1.0139088457071512,-2.4689898109252857
2022-09-20 23:45:00,670,2.0,1.0375644515934876,-121.52476410653594
2022-09-20 23:45:00,670,3.0,1.0093147279638606,118.08888700363781
2022-09-20 23:45:00,632,1.0,1.021049238802611,-1.806406361925711
2022-09-20 23:45:00,632,2.0,1.0344675270225734,-121.3376956133781
2022-09-20 23:45:00,632,3.0,1.0167306176171058,118.51396559684171
2022-09-20 23:45:00,680,1.0,0.9993845718940237,-3.8246522209567693
2022-09-20 23:45:00,680,2.0,1.0453421325058077,-121.87985078555992
2022-09-20 23:45:00,680,3.0,0.9967152345896063,117.36433169153148
2022-09-20 23:45:00,684,1.0,0.9979286345886565,-3.8347057873234562
2022-09-20 23:45:00,684,3.0,0.9957129708503939,117.27013078630746
