time_s,bus,node,v_pu,angle_deg
0.0,sourcebus,1,0.9999888837645383,29.99340566255612
0.0,sourcebus,2,0.9999925032371485,-90.00867302934704
0.0,sourcebus,3,0.9999592742167415,149.99218669127416
0.0,650,1,0.9999303912206802,-0.009330287168284757
0.0,650,2,0.9999771789679192,-120.01012318956319
0.0,650,3,0.9999336958209448,119.98818350636779
0.0,rg60,1,1.056069742750353,-0.010634799884352415
0.0,rg60,2,1.0373922427225715,-120.01217106253097
0.0,rg60,3,1.0560646931532034,119.98633472289971
0.0,633,1,1.0132462566760854,-1.8121302467289317
0.0,633,2,1.0223431544781876,-122.03437791621796
0.0,633,3,1.0105755961823266,118.06592101267756
0.0,634,1,0.9919444406085485,-2.2196175224560566
0.0,634,2,1.0063733943822792,-122.23865386776104
0.0,634,3,0.9944125919781028,117.85676773990527
0.0,671,1,0.9837119819858978,-4.165372140664141
0.0,671,2,1.0320917607123428,-122.92286032598362
0.0,671,3,0.9788767452696429,116.46945057184406
0.0,645,2,1.0146738887257836,-122.20102715669104
0.0,645,3,1.0108305038031302,118.06803995492045
0.0,646,2,1.0129711926693723,-122.27777829287847
0.0,646,3,1.0087989681818228,118.11299887843848
0.0,692,1,0.9837119737406154,-4.165372011049416
0.0,692,2,1.0320917596215016,-122.92286047188726
0.0,692,3,0.978876738779271,116.46945061945243
0.0,675,1,0.9778975754151044,-4.370823915248203
0.0,675,2,1.0341738680663886,-123.0968298703318
0.0,675,3,0.9775318975388353,116.4894905406565
0.0,611,3,0.9747714032182807,116.2291877053247
0.0,652,1,0.9758472182329719,-4.137966660397236
0.0,670,1,1.0051822088933346,-2.5544212533560833
0.0,670,2,1.0259151973361236,-122.33370908203172
0.0,670,3,1.000352018177379,117.48247659384388
0.0,632,1,1.0159090548811798,-1.773314809433236
0.0,632,2,1.0239120443055694,-122.01685976770348
0.0,632,3,1.012736226763667,118.04319742652802
0.0,680,1,0.9838602843582733,-4.145181836978362
0.0,680,2,1.0321285182327067,-122.90403806720494
0.0,680,3,0.9790189149562211,116.49150679373835
0.0,684,1,0.9813897244938834,-4.212622317027861
0.0,684,3,0.9767689213543065,116.37512785417256
0.01,sourcebus,1,0.9999888862297387,29.993405606904073
0.01,sourcebus,2,0.9999925105485516,-90.008672940689
0.01,sourcebus,3,0.9999592812861516,149.9921864672996
0.01,650,1,0.9999303948153322,-0.009330620495417464
0.01,650,2,0.9999771861192389,-120.01012310986185
0.01,650,3,0.9999337074436333,119.9881835453999
0.01,rg60,1,1.0560697437457507,-0.010635275562775158
0.01,rg60,2,1.037392254102382,-120.01217119058866
0.01,rg60,3,1.056064711798147,119.98633473891051
0.01,633,1,1.0132421938800498,-1.812297083230475
0.01,633,2,1.0223484464434995,-122.03452565825698
0.01,633,3,1.0105790726341273,118.0661813350095
0.01,634,1,0.9919400040079365,-2.219793239178086
0.01,634,2,1.0063786489465094,-122.2388011510983
0.01,634,3,0.9944170304241369,117.85704110606326
0.01,671,1,0.9837047299772851,-4.165750138737225
0.01,671,2,1.0321024823503988,-122.92311921758713
0.01,671,3,0.978882329881087,116.46997497089427
0.01,645,2,1.014679185923446,-122.2011714653927
0.01,645,3,1.010833797975207,118.0682979899704
0.01,646,2,1.0129764900977987,-122.27792265197463
0.01,646,3,1.0088022611195842,118.11325733774427
0.01,692,1,0.9837047217317931,-4.165750009116881
0.01,692,2,1.0321024812595612,-122.92311936349158
0.01,692,3,0.9788823233911099,116.46997501848377
0.01,675,1,0.9778901542054494,-4.371195483275068
0.01,675,2,1.0341844573544512,-123.09709525393089
0.01,675,3,0.977537982472571,116.49000906504433
0.01,611,3,0.9747772635826275,116.22971771775504
0.01,652,1,0.9758399758425296,-4.138343842823311
0.01,670,1,1.0051770893770875,-2.5546549748161382
0.01,670,2,1.0259222923392686,-122.33389475321476
0.01,670,3,1.00035618800941,117.48282317079403
0.01,632,1,1.0159051017299707,-1.773483115450795
0.01,632,2,1.0239173397951418,-122.01700420726102
0.01,632,3,1.0127395292304235,118.04345515399922
0.01,680,1,0.9838532155357612,-4.145562549923036
0.01,680,2,1.0321393739161941,-122.90429737187715
0.01,680,3,0.9790246558346086,116.49202417655921
0.01,684,1,0.9813824409689341,-4.212999499453934
0.01,684,3,0.9767746496551599,116.37565491045916
0.02,sourcebus,1,0.999988893118122,29.99340572092555
0.02,sourcebus,2,0.9999925147637946,-90.00867310830145
0.02,sourcebus,3,0.9999592825808826,149.99218657315106
0.02,650,1,0.9999303996785175,-0.00933035437183369
0.02,650,2,0.9999771956969955,-120.01012320018991
0.02,650,3,0.9999337093348734,119.98818346621114
0.02,rg60,1,1.0560697513321957,-0.010634971478126157
0.02,rg60,2,1.037392267403737,-120.01217146834232
0.02,rg60,3,1.0560647145466842,119.98633462803153
0.02,633,1,1.0132421780937682,-1.8122776857957865
0.02,633,2,1.022351021818813,-122.03458294473397
0.02,633,3,1.0105797130793108,118.06621012158753
0.02,634,1,0.9919399616973024,-2.21977434814723
0.02,634,2,1.0063812792563605,-122.2388572213038
0.02,634,3,0.9944176948198803,117.85707033057375
0.02,671,1,0.9837046721619473,-4.165707717007607
0.02,671,2,1.0321075748572333,-122.92323154400381
0.02,671,3,0.9788835995588457,116.4700351755087
0.02,645,2,1.0146817692212882,-122.20122838242266
0.02,645,3,1.0108344286303177,118.06832696038956
0.02,646,2,1.0129790716903255,-122.27797948012504
0.02,646,3,1.0088028904724857,118.11328648301082
0.02,692,1,0.9837046639164434,-4.165707587386919
0.02,692,2,1.0321075737664023,-122.92323168990886
0.02,692,3,0.9788835930688797,116.47003522309738
0.02,675,1,0.9778900810877454,-4.371152699793996
0.02,675,2,1.0341895606778782,-123.09720754616119
0.02,675,3,0.9775392746924318,116.49006916333701
0.02,611,3,0.9747785402260889,116.22977811683111
0.02,652,1,0.9758399172922428,-4.138301415211572
0.02,670,1,1.00517706706496,-2.5546280051325434
0.02,670,2,1.0259256994496626,-122.33397086098246
0.02,670,3,1.0003570407451712,117.48286196267485
0.02,632,1,1.0159050909696887,-1.7734635329469892
0.02,632,2,1.0239199050574879,-122.01706159699667
0.02,632,3,1.0127401682124308,118.04348376616923
0.02,680,1,0.9838533029221656,-4.1455236736199135
0.02,680,2,1.0321446080628875,-122.90441085363582
0.02,680,3,0.9790260852502849,116.49208078927805
0.02,684,1,0.9813823820861002,-4.212957071842199
0.02,684,3,0.9767759228436538,116.37571518399778
0.03,sourcebus,1,0.9999888981936155,29.99340578610509
0.03,sourcebus,2,0.9999925184713347,-90.00867326071507
0.03,sourcebus,3,0.9999592836833343,149.99218659741476
0.03,650,1,0.9999304030311646,-0.009330222717727479
0.03,650,2,0.9999772034865619,-120.0101232839046
0.03,650,3,0.9999337112856475,119.988183357155
0.03,rg60,1,1.056069755980388,-0.010634839441988814
0.03,rg60,2,1.0373922784478868,-120.01217171811015
0.03,rg60,3,1.0560647172064792,119.98633448948384
0.03,633,1,1.0132417005268206,-1.8123042423085778
0.03,633,2,1.0223537296402871,-122.03463312194133
0.03,633,3,1.010580078525918,118.06625249644154
0.03,634,1,0.9919394761116035,-2.2198012508870693
0.03,634,2,1.0063840301173232,-122.23890630742046
0.03,634,3,0.9944180678985912,117.85711287981374
0.03,671,1,0.9837037443863392,-4.165763390468988
0.03,671,2,1.0321129571293979,-122.92332919838279
0.03,671,3,0.9788843088687612,116.4701238575915
0.03,645,2,1.0146844846131984,-122.20127818864165
0.03,645,3,1.0108347866313345,118.06836962643028
0.03,646,2,1.0129817854715866,-122.27802917391121
0.03,646,3,1.0088032475176025,118.11332935146417
0.03,692,1,0.9837037361408278,-4.165763260847867
0.03,692,2,1.032112956038572,-122.92332934428836
0.03,692,3,0.9788843023788002,116.47012390518003
0.03,675,1,0.9778891431808381,-4.371208189520343
0.03,675,2,1.0341949511046622,-123.09730513454302
0.03,675,3,0.9775400011783424,116.4901576844516
0.03,611,3,0.974779254091621,116.22986685492315
0.03,652,1,0.9758389964609785,-4.1383569743689055
0.03,670,1,1.0051764363901845,-2.5546637937684675
0.03,670,2,1.0259292934652844,-122.33403736249197
0.03,670,3,1.0003575245897673,117.4829193028413
0.03,632,1,1.015904614478169,-1.7734899897486953
0.03,632,2,1.023922606233527,-122.01711188755881
0.03,632,3,1.0127405331455739,118.04352608238268
0.03,680,1,0.9838525106011652,-4.145582676608451
0.03,680,2,1.0321501227988987,-122.90450956004015
0.03,680,3,0.9790269430535555,116.49216617067415
0.03,684,1,0.9813814560248024,-4.213012630999535
0.03,684,3,0.9767766355063161,116.3758038649873
0.04,sourcebus,1,0.9999889023254052,29.99340583142309
0.04,sourcebus,2,0.9999925217845907,-90.00867339525037
0.04,sourcebus,3,0.9999592846872534,149.99218659342353
0.04,650,1,0.999930405682633,-0.009330144164117406
0.04,650,2,0.9999772101526665,-120.0101233571972
0.04,650,3,0.9999337131851574,119.98818324765767
0.04,rg60,1,1.0560697593880235,-0.010634772849898354
0.04,rg60,2,1.0373922879924937,-120.01217193794369
0.04,rg60,3,1.0560647197547732,119.98633435259273
0.04,633,1,1.0132411139190065,-1.8123432797444656
0.04,633,2,1.022356280200311,-122.03467709340575
0.04,633,3,1.0105803517244811,118.06629616026446
0.04,634,1,0.991938877252465,-2.2198407582493367
0.04,634,2,1.0063866224909799,-122.23894923468038
0.04,634,3,0.9944183460525506,117.85715666421002
0.04,671,1,0.9837026228072194,-4.165845390211902
0.04,671,2,1.032118022838601,-122.92341458026617
0.04,671,3,0.9788848313784831,116.47021492027702
0.04,645,2,1.014687042550111,-122.20132178208654
0.04,645,3,1.010835052861708,118.0684135532711
0.04,646,2,1.0129843419315452,-122.27807265697089
0.04,646,3,1.0088035129419415,118.11337347323966
0.04,692,1,0.9837026145616973,-4.165845260590226
0.04,692,2,1.032118021747781,-122.92341472617228
0.04,692,3,0.9788848248885258,116.47021496786554
0.04,675,1,0.9778880091731105,-4.371290071330683
0.04,675,2,1.034200023820062,-123.09739055141866
0.04,675,3,0.9775405404631973,116.49024860885363
0.04,611,3,0.9747797807057164,116.22995794529388
0.04,652,1,0.9758378833204008,-4.138438853676602
0.04,670,1,1.0051756666048506,-2.5547165276077566
0.04,670,2,1.0259326775459576,-122.33409558338032
0.04,670,3,1.000357884627563,117.48297830121588
0.04,632,1,1.015904029658821,-1.7735289253822175
0.04,632,2,1.0239251502807971,-122.01715594853663
0.04,632,3,1.0127408058550968,118.04356967338842
0.04,680,1,0.9838515154531783,-4.145667764452371
0.04,680,2,1.032155311870322,-122.90459592094477
0.04,680,3,0.9790276039976009,116.49225415782773
0.04,684,1,0.9813803365619355,-4.213094510307229
0.04,684,3,0.9767771613452254,116.37589491571246
0.05,sourcebus,1,0.9999889058722803,29.9934058665087
0.05,sourcebus,2,0.9999925247439904,-90.00867351382252
0.05,sourcebus,3,0.9999592856177478,149.99218658083208
0.05,650,1,0.9999304079578546,-0.009330088531281564
0.05,650,2,0.9999772159816049,-120.01012342194547
0.05,650,3,0.9999337149637817,119.98818314649428
0.05,rg60,1,1.0560697622174506,-0.010634732746955188
0.05,rg60,2,1.0373922963663693,-120.01217213212841
0.05,rg60,3,1.0560647221303665,119.98633422596598
0.05,633,1,1.013240554140447,-1.8123829334754267
0.05,633,2,1.022358580758997,-122.03471561646772
0.05,633,3,1.0105805861009882,118.06633632009554
0.05,634,1,0.991938305050898,-2.2198808740582585
0.05,634,2,1.0063889612617343,-122.23898680947391
0.05,634,3,0.9944185844046195,117.85719692386043
0.05,671,1,0.983701557990247,-4.1659286522497565
0.05,671,2,1.0321225904891422,-122.9234893065233
0.05,671,3,0.9788852777069966,116.47029861353002
0.05,645,2,1.0146893498299003,-122.20135995520748
0.05,645,3,1.0108352809050318,118.06845394647395
0.05,646,2,1.0129866478768237,-122.27811072956122
0.05,646,3,1.0088037402666006,118.11341404265127
0.05,692,1,0.9837015497447145,-4.165928522627544
0.05,692,2,1.0321225893983266,-122.92348945242989
0.05,692,3,0.9788852712170419,116.47029866111856
0.05,675,1,0.9778869323966148,-4.371373240247288
0.05,675,2,1.0342045975532728,-123.09746533817687
0.05,675,3,0.9775410021823399,116.49033217805956
0.05,611,3,0.9747802307325698,116.23004165863709
0.05,652,1,0.9758368265096584,-4.1385220024879175
0.05,670,1,1.005174933467392,-2.5547701056132843
0.05,670,2,1.025935729459733,-122.3341465687805
0.05,670,3,1.0003581930402787,117.48303254645396
0.05,632,1,1.0159034717369895,-1.7735684853905176
0.05,632,2,1.0239274448702809,-122.01719454646016
0.05,632,3,1.0127410397613072,118.04360976180611
0.05,680,1,0.9838505685817551,-4.145753903951931
0.05,680,2,1.0321599945177113,-122.90467155163805
0.05,680,3,0.979028179375324,116.49233498366945
0.05,684,1,0.9813792737488395,-4.213177659118544
0.05,684,3,0.9767776107520412,116.37597859613318
0.06,sourcebus,1,0.9999889089869551,29.993405895214803
0.06,sourcebus,2,0.9999925273892357,-90.00867361822456
0.06,sourcebus,3,0.9999592864856847,149.9921865662782
0.06,650,1,0.9999304099809433,-0.00933004481000065
0.06,650,2,0.9999772211254357,-120.01012347922934
0.06,650,3,0.9999337166078118,119.9881830556708
0.06,rg60,1,1.0560697647088617,-0.01063470514017484
0.06,rg60,2,1.0373923037619048,-120.01217230376666
0.06,rg60,3,1.0560647243250745,119.98633411147875
0.06,633,1,1.0132400591669153,-1.812419620758321
0.06,633,2,1.0223606241736551,-122.0347493042599
0.06,633,3,1.0105807995815523,118.0663718581373
0.06,634,1,0.9919377988627885,-2.219917974207039
0.06,634,2,1.0063910387786146,-122.23901965291053
0.06,634,3,0.9944188014128262,117.85723255159698
0.06,671,1,0.9837006192036453,-4.166005618869297
0.06,671,2,1.0321266469645847,-122.92355461266611
0.06,671,3,0.9788856846919939,116.47037268628947
0.06,645,2,1.01469139921914,-122.20139332962064
0.06,645,3,1.0108354886959159,118.06848969085414
0.06,646,2,1.0129886960647423,-122.27814401472537
0.06,646,3,1.0088039474012371,118.11344994273436
0.06,692,1,0.983700610958103,-4.1660054892466105
0.06,692,2,1.0321266458737732,-122.9235547585731
0.06,692,3,0.9788856782020421,116.47037273387801
0.06,675,1,0.9778859829600922,-4.371450124707291
0.06,675,2,1.0342086593284237,-123.0975307045914
0.06,675,3,0.9775414229487793,116.4904061374124
0.06,611,3,0.9747806410422601,116.23011575020892
0.06,652,1,0.9758358947688641,-4.138598866244005
0.06,670,1,1.0051742858716224,-2.554819667637224
0.06,670,2,1.0259384400726839,-122.33419114401885
0.06,670,3,1.000358473997963,117.48308055037624
0.06,632,1,1.0159029784609925,-1.773605089969691
0.06,632,2,1.0239294829606216,-122.0172282986115
0.06,632,3,1.0127412527918254,118.04364523516715
0.06,680,1,0.9838497398035513,-4.145833556516951
0.06,680,2,1.032164158234326,-122.90473769127055
0.06,680,3,0.9790287066601003,116.4924063826601
0.06,684,1,0.9813783367160495,-4.213254522874631
0.06,684,3,0.9767780205111568,116.37605265801805
0.07,sourcebus,1,0.9999889117483335,29.993405919078338
0.07,sourcebus,2,0.999992529753503,-90.00867371014043
0.07,sourcebus,3,0.9999592872984191,149.99218655195762
0.07,650,1,0.9999304118080584,-0.00933000880984241
0.07,650,2,0.9999772256807529,-120.01012353016712
0.07,650,3,0.9999337181207764,119.98818297508579
0.07,rg60,1,1.0560697669583796,-0.010634684859888204
0.07,rg60,2,1.0373923103086036,-120.01217245587523
0.07,rg60,3,1.056064726348114,119.98633400895291
0.07,633,1,1.013239632814405,-1.812452481684999
0.07,633,2,1.0223624286771502,-122.03477888158275
0.07,633,3,1.0105809999576745,118.06640291905909
0.07,634,1,0.9919373627833648,-2.219951192005294
0.07,634,2,1.006392873448033,-122.23904848394129
0.07,634,3,0.9944190050670774,117.8572636962819
0.07,671,1,0.9836998123150835,-4.166074492056668
0.07,671,2,1.032130228976614,-122.92361193233856
0.07,671,3,0.9788860678982245,116.47043746551573
0.07,645,2,1.0146932089911782,-122.20142263019349
0.07,645,3,1.0108356839790524,118.0685209339611
0.07,646,2,1.0129905047605274,-122.27817323703606
0.07,646,3,1.0088041420818536,118.11348132229992
0.07,692,1,0.9836998040695335,-4.166074362433575
0.07,692,2,1.0321302278858064,-122.92361207824595
0.07,692,3,0.9788860614082752,116.47043751310432
0.07,675,1,0.9778851668528624,-4.371518921684307
0.07,675,2,1.034212245957174,-123.09758807653243
0.07,675,3,0.9775418184120336,116.49047081106987
0.07,611,3,0.9747810272429874,116.2301805488746
0.07,652,1,0.9758350939229995,-4.138667647000984
0.07,670,1,1.0051737284438502,-2.5548640491101406
0.07,670,2,1.0259408337225913,-122.33423027568594
0.07,670,3,1.0003587379105554,117.48312251571672
0.07,632,1,1.0159025535943567,-1.7736378790940963
0.07,632,2,1.023931282763879,-122.01725793200588
0.07,632,3,1.012741452736584,118.04367623923693
0.07,680,1,0.9838490355145088,-4.145904938319094
0.07,680,2,1.032167840271244,-122.9047957786701
0.07,680,3,0.9790292020121238,116.49246866843467
0.07,684,1,0.9813775313216316,-4.213323303631611
0.07,684,3,0.9767784061989767,116.37611742885377
0.08,sourcebus,1,0.9999889142037275,29.99340593905334
0.08,sourcebus,2,0.9999925318703563,-90.0086737911274
0.08,sourcebus,3,0.9999592880584276,149.9921865382508
0.08,650,1,0.9999304134641817,-0.009329978842201079
0.08,650,2,0.999977229722891,-120.0101235753832
0.08,650,3,0.9999337195125496,119.98818290356667
0.08,rg60,1,1.0560697690022853,-0.010634670014096381
0.08,rg60,2,1.037392316114684,-120.01217259058163
0.08,rg60,3,1.056064728210886,119.98633391701934
0.08,633,1,1.013239270308407,-1.8124817534694178
0.08,633,2,1.0223640208739722,-122.03480472895615
0.08,633,3,1.0105811874560728,118.06642987309986
0.08,634,1,0.991936991975043,-2.219980767817979
0.08,634,2,1.0063944922698347,-122.23907367272497
0.08,634,3,0.9944191956403134,117.85729072879995
0.08,671,1,0.9836991280270345,-4.166135771144277
0.08,671,2,1.032133389350243,-122.92366199948637
0.08,671,3,0.9788864276422763,116.47049371581828
0.08,645,2,1.0146948058171879,-122.20144823335758
0.08,645,3,1.010835866918994,118.06854804897917
0.08,646,2,1.0129921006177922,-122.27819877152962
0.08,646,3,1.008804324465002,118.11350855658235
0.08,692,1,0.9836991197814771,-4.166135641520838
0.08,692,2,1.0321333882594388,-122.92366214539412
0.08,692,3,0.9788864211523289,116.47049376340685
0.08,675,1,0.9778844746708989,-4.3715801294233865
0.08,675,2,1.034215410355966,-123.09763818761368
0.08,675,3,0.977542189019948,116.49052696385421
0.08,611,3,0.9747813896841452,116.23023681932888
0.08,652,1,0.975834414743983,-4.138728843237284
0.08,670,1,1.0051732548740677,-2.554903570166707
0.08,670,2,1.0259429457129703,-122.33426446673859
0.08,670,3,1.000358985065323,117.48315894092077
0.08,632,1,1.0159021923708176,-1.7736670890079174
0.08,632,2,1.0239328708232145,-122.01728382823023
0.08,632,3,1.012741639821429,118.04370314366167
0.08,680,1,0.9838484469166384,-4.145968560648416
0.08,680,2,1.0321710939426065,-122.90484655320516
0.08,680,3,0.9790296663053696,116.49252259341073
0.08,684,1,0.9813768482850911,-4.213384499867914
0.08,684,3,0.9767787681579695,116.3761736731712
0.09,sourcebus,1,0.9999889163933691,29.993405955740712
0.09,sourcebus,2,0.9999925337661121,-90.00867386248457
0.09,sourcebus,3,0.9999592887702674,149.9921865254992
0.09,650,1,0.999930414972264,-0.009329953648321098
0.09,650,2,0.9999772333137489,-120.01012361565903
0.09,650,3,0.9999337207923903,119.9881828403235
0.09,rg60,1,1.0560697708714595,-0.01063465918568137
0.09,rg60,2,1.0373923212677676,-120.01217271012153
0.09,rg60,3,1.0560647299271888,119.98633383482697
0.09,633,1,1.0132389641314674,-1.8125076341881434
0.09,633,2,1.02236542422109,-122.03482740754633
0.09,633,3,1.0105813647024275,118.06645322951442
0.09,634,1,0.9919366787767939,-2.2200069054853295
0.09,634,2,1.0063959190887857,-122.23909577077771
0.09,634,3,0.9944193757897516,117.85731415935918
0.09,671,1,0.9836985515067174,-4.166189887466585
0.09,671,2,1.0321361747940754,-122.92370591561429
0.09,671,3,0.978886768887422,116.47054249990455
0.09,645,2,1.014696213229652,-122.20147069734529
0.09,645,3,1.0108360400866514,118.06857154760573
0.09,646,2,1.0129935071607927,-122.27822117554938
0.09,646,3,1.0088044971185883,118.11353215927247
0.09,692,1,0.9836985432611545,-4.166189757842854
0.09,692,2,1.0321361737032744,-122.92370606152232
0.09,692,3,0.9788867623974767,116.47054254749311
0.09,675,1,0.9778838914405681,-4.3716341782994235
0.09,675,2,1.0342181993081205,-123.09768213912088
0.09,675,3,0.9775425398935517,116.49057565700866
0.09,611,3,0.9747817333609125,116.23028562426782
0.09,652,1,0.9758338425143948,-4.1387828854072115
0.09,670,1,1.0051728551920043,-2.5549385005550285
0.09,670,2,1.0259448071921367,-122.33429446300951
0.09,670,3,1.0003592189156278,117.48319051444659
0.09,632,1,1.015901887289683,-1.7736929165690594
0.09,632,2,1.0239342705336052,-122.01730654961786
0.09,632,3,1.0127418166737965,118.04372645709219
0.09,680,1,0.9838479596423072,-4.146024865788299
0.09,680,2,1.0321739664134164,-122.90489112142913
0.09,680,3,0.9790301050214835,116.49256920887193
0.09,684,1,0.9813762728054181,-4.213438542037838
0.09,684,3,0.9767791113782629,116.37622245333681
0.1,sourcebus,1,0.9999889183494299,29.99340596969261
0.1,sourcebus,2,0.9999925354659351,-90.00867392539068
0.1,sourcebus,3,0.9999592894364412,149.99218651373718
0.1,650,1,0.999930416348015,-0.009329932370798547
0.1,650,2,0.9999772365077604,-120.01012365153161
0.1,650,3,0.9999337219695554,119.98818278438722
0.1,rg60,1,1.0560697725853845,-0.010634651476306512
0.1,rg60,2,1.0373923258466853,-120.01217281623155
0.1,rg60,3,1.0560647315086065,119.98633376128167
0.1,633,1,1.0132387075619742,-1.8125304598867014
0.1,633,2,1.0223666609573658,-122.03484728592628
0.1,633,3,1.0105815321465177,118.06647340283084
0.1,634,1,0.9919364163118437,-2.2200299467177205
0.1,634,2,1.006397176510284,-122.23911513754452
0.1,634,3,0.9944195459824312,117.857334402802
0.1,671,1,0.9836980697958156,-4.1662375540536845
0.1,671,2,1.0321386294543047,-122.92374439620873
0.1,671,3,0.9788870923202937,116.47058467531672
0.1,645,2,1.0146974535321898,-122.20149038721576
0.1,645,3,1.0108362038789986,118.06859184657392
0.1,646,2,1.0129947466815163,-122.27824081307428
0.1,646,3,1.0088046604352474,118.1135525489244
0.1,692,1,0.9836980615502481,-4.166237424429714
0.1,692,2,1.0321386283635061,-122.923744542117
0.1,692,3,0.9788870858303504,116.47058472290524
0.1,675,1,0.9778834040571807,-4.371681781004454
0.1,675,2,1.034220657027477,-123.0977206475093
0.1,675,3,0.9775428718562851,116.49061774782338
0.1,611,3,0.9747820589876539,116.23032782104896
0.1,652,1,0.9758333643744133,-4.138830485694934
0.1,670,1,1.0051725205599567,-2.554969295571048
0.1,670,2,1.0259464476586275,-122.33432075247592
0.1,670,3,1.000359440025284,117.48321779459809
0.1,632,1,1.015901631651744,-1.7737156967226648
0.1,632,2,1.023935504074652,-122.01732646550398
0.1,632,3,1.0127419837431482,118.04374659324759
0.1,680,1,0.9838475611682828,-4.146074576860153
0.1,680,2,1.0321765022525,-122.90493020347854
0.1,680,3,0.9790305193302875,116.49260936174804
0.1,684,1,0.9813757919497516,-4.213486142325561
0.1,684,3,0.9767794365717928,116.3762646266269
0.11,sourcebus,1,0.9999889200972641,29.993405981242578
0.11,sourcebus,2,0.9999925369916846,-90.00867398090614
0.11,sourcebus,3,0.9999592900594865,149.9921865027748
0.11,650,1,0.9999304176029962,-0.009329914610527372
0.11,650,2,0.9999772393504894,-120.01012368353132
0.11,650,3,0.9999337230532193,119.98818273478965
0.11,rg60,1,1.0560697741556462,-0.010634646571737958
0.11,rg60,2,1.0373923299180143,-120.0121729105137
0.11,rg60,3,1.056064732966352,119.98633369529885
0.11,633,1,1.0132384932985603,-1.8125506632074717
0.11,633,2,1.0223677518833454,-122.03486469975485
0.11,633,3,1.0105816896870365,118.06649081095377
0.11,634,1,0.9919361971215249,-2.2200503300967727
0.11,634,2,1.0063982856767266,-122.23913210015716
0.11,634,3,0.9944197061177938,117.85735187702149
0.11,671,1,0.9836976689366312,-4.166279687587423
0.11,671,2,1.0321407946318732,-122.92377809191848
0.11,671,3,0.9788873975031638,116.47062110572233
0.11,645,2,1.0146985475877788,-122.20150763519906
0.11,645,3,1.0108363581459148,118.06860936584857
0.11,646,2,1.0129958400327217,-122.278258015299
0.11,646,3,1.0088048142618,118.11357014725166
0.11,692,1,0.983697660691059,-4.166279557963253
0.11,692,2,1.0321407935410774,-122.92377823782698
0.11,692,3,0.9788873910132225,116.47062115331086
0.11,675,1,0.977882998416634,-4.371723854241466
0.11,675,2,1.0342228248708512,-123.09775436480929
0.11,675,3,0.977543184601527,116.49065409963377
0.11,611,3,0.9747823661524938,116.23036427299016
0.11,652,1,0.9758329664728995,-4.1388725598126355
0.11,670,1,1.0051722414031146,-2.5549965417936464
0.11,670,2,1.0259478947074765,-122.33434377922302
0.11,670,3,1.000359648215201,117.48324134409637
0.11,632,1,1.0159014181782264,-1.7737358611259797
0.11,632,2,1.0239365921926986,-122.01734391215645
0.11,632,3,1.012742140927005,118.04376396925831
0.11,680,1,0.9838472379432174,-4.146118619895797
0.11,680,2,1.0321787431541567,-122.90496445426999
0.11,680,3,0.9790309092434445,116.49264390584703
0.11,684,1,0.981375391788282,-4.213528216443265
0.11,684,3,0.9767797433267966,116.37630105638006
0.12,sourcebus,1,0.9999889216621702,29.993405990803197
0.12,sourcebus,2,0.9999925383624071,-90.00867402983319
0.12,sourcebus,3,0.9999592906432125,149.99218649272746
0.12,650,1,0.9999304187511272,-0.009329899678774959
0.12,650,2,0.9999772418833263,-120.0101237120535
0.12,650,3,0.9999337240518286,119.98818269098241
0.12,rg60,1,1.0560697755995836,-0.010634643740600722
0.12,rg60,2,1.0373923335415993,-120.012172994305
0.12,rg60,3,1.056064734312681,119.98633363629416
0.12,633,1,1.0132383155445372,-1.8125684776999167
0.12,633,2,1.0223687141371773,-122.03487998409697
0.12,633,3,1.010581838747732,118.06650584889887
0.12,634,1,0.9919360152751506,-2.2200682940545904
0.12,634,2,1.0063992640183248,-122.23914698651954
0.12,634,3,0.9944198576337849,117.85736697751095
0.12,671,1,0.9836973376618188,-4.166316787777707
0.12,671,2,1.032142704377097,-122.9238076570457
0.12,671,3,0.9788876870397828,116.47065261280869
0.12,645,2,1.014699512589602,-122.20152277391416
0.12,645,3,1.010836504269345,118.06862450213023
0.12,646,2,1.0129968044007323,-122.27827311413701
0.12,646,3,1.0088049599777056,118.11358535239776
0.12,692,1,0.983697329416243,-4.166316658153372
0.12,692,2,1.0321427032863029,-122.92380780295439
0.12,692,3,0.978887680549843,116.47065266039718
0.12,675,1,0.9778826631335092,-4.371760897324071
0.12,675,2,1.0342247369378101,-123.09778394591049
0.12,675,3,0.9775434808518308,116.49068553324139
0.12,611,3,0.9747826574826253,116.23039580168346
0.12,652,1,0.9758326376291084,-4.138909606730386
0.12,670,1,1.0051720100783093,-2.5550205562850303
0.12,670,2,1.025949171075801,-122.33436398776199
0.12,670,3,1.0003598453385163,117.48326169622754
0.12,632,1,1.0159012410906028,-1.7737536424269114
0.12,632,2,1.023937551978814,-122.0173592253092
0.12,632,3,1.0127422896489953,118.04377897954532
0.12,680,1,0.9838469790775518,-4.146157503431008
0.12,680,2,1.032180723536587,-122.90499453196384
0.12,680,3,0.9790312777830462,116.49267365361112
0.12,684,1,0.9813750610767611,-4.213565263361014
0.12,684,3,0.9767800342683428,116.3763325640279
0.13,sourcebus,1,0.9999889230630505,29.993405998593605
0.13,sourcebus,2,0.9999925395953569,-90.00867407309067
0.13,sourcebus,3,0.9999592911884957,149.99218648332706
0.13,650,1,0.999930419799976,-0.009329887370350717
0.13,650,2,0.9999772441416038,-120.0101237375589
0.13,650,3,0.9999337249720276,119.98818265202601
0.13,rg60,1,1.0560697769240264,-0.01063464288077336
0.13,rg60,2,1.0373923367689994,-120.01217306889204
0.13,rg60,3,1.056064735554374,119.98633358317115
0.13,633,1,1.013238169047166,-1.812584272382014
0.13,633,2,1.0223695637883374,-122.03489336770222
0.13,633,3,1.0105819785508743,118.06651877611337
0.13,634,1,0.9919358653992507,-2.2200842120263804
0.13,634,2,1.0064001278698433,-122.23916001878005
0.13,634,3,0.994419999750146,117.85737996352223
0.13,671,1,0.9836970660295982,-4.166349632389009
0.13,671,2,1.0321443905669887,-122.92383353272282
0.13,671,3,0.9788879592659379,116.47067972934425
0.13,645,2,1.0147003646524013,-122.20153602924682
0.13,645,3,1.0108366414343497,118.0686375164393
0.13,646,2,1.0129976558907878,-122.27828633458637
0.13,646,3,1.0088050967649007,118.11359842669907
0.13,692,1,0.9836970577840194,-4.1663495027645405
0.13,692,2,1.0321443894761961,-122.92383367863172
0.13,692,3,0.9788879527759994,116.47067977693267
0.13,675,1,0.9778823881524242,-4.371793688168103
0.13,675,2,1.0342264251508828,-123.09780983323779
0.13,675,3,0.977543759035769,116.49071258166984
0.13,611,3,0.9747829313317788,116.23042293958412
0.13,652,1,0.9758323679765135,-4.138942403533841
0.13,670,1,1.0051718197217374,-2.5550418386279787
0.13,670,2,1.0259502980749573,-122.33438168017703
0.13,670,3,1.00036003034102,117.48327919933156
0.13,632,1,1.015901095154608,-1.7737694088735743
0.13,632,2,1.0239383994598354,-122.01737263411565
0.13,632,3,1.0127424291309104,118.04379188289037
0.13,680,1,0.983846774982622,-4.14619201341109
0.13,680,2,1.0321824756181601,-122.90502088121835
0.13,680,3,0.9790316236749004,116.4926991292762
0.13,684,1,0.9813747898926243,-4.213598060164465
0.13,684,3,0.9767803077507723,116.37635968211296
0.14,sourcebus,1,0.9999889243196944,29.99340600485457
0.14,sourcebus,2,0.9999925407044521,-90.00867411131611
0.14,sourcebus,3,0.9999592916989151,149.99218647466654
0.14,650,1,0.9999304207612356,-0.009329877199792959
0.14,650,2,0.9999772461565497,-120.01012376045546
0.14,650,3,0.9999337258203249,119.98818261752479
0.14,rg60,1,1.0560697781434254,-0.01063464348336185
0.14,rg60,2,1.037392339644701,-120.0121731354515
0.14,rg60,3,1.0560647367013545,119.98633353551129
0.14,633,1,1.0132380490146344,-1.8125982088551043
0.14,633,2,1.0223703137185294,-122.03490516340283
0.14,633,3,1.0105821107870956,118.06652991098171
0.14,634,1,0.9919357425974858,-2.220098249530629
0.14,634,2,1.0064008903330053,-122.23917150438056
0.14,634,3,0.9944201341720632,117.85739115397838
0.14,671,1,0.9836968446661999,-4.166378570380647
0.14,671,2,1.0321458788485371,-122.9238563330865
0.14,671,3,0.9788882173570808,116.47070312004075
0.14,645,2,1.0147011167017344,-122.20154771238676
0.14,645,3,1.0108367712998625,118.06864872843005
0.14,646,2,1.0129984074246976,-122.27829798738415
0.14,646,3,1.00880522628111,118.11360969092487
0.14,692,1,0.9836968364206184,-4.16637844075607
0.14,692,2,1.032145877757746,-122.92385647899555
0.14,692,3,0.9788882108671441,116.47070316762913
0.14,675,1,0.9778821640091652,-4.371822575313427
0.14,675,2,1.0342279151930056,-123.09783264117517
0.14,675,3,0.9775440224259354,116.4907359085551
0.14,611,3,0.9747831908947179,116.2304463513719
0.14,652,1,0.9758321482140258,-4.138971298600981
0.14,670,1,1.0051716639996269,-2.555060608753312
0.14,670,2,1.0259512928079553,-122.33439727218776
0.14,670,3,1.0003602054383425,117.48329428389994
0.14,632,1,1.0159009755917152,-1.7737833213670473
0.14,632,2,1.023939147482147,-122.01738445198039
0.14,632,3,1.012742561063209,118.04380299727383
0.14,680,1,0.98384661661277,-4.1462225065339755
0.14,680,2,1.032184025366246,-122.90504411934657
0.14,680,3,0.9790319504569045,116.49272098951452
0.14,684,1,0.9813745688819543,-4.213626955231607
0.14,684,3,0.9767805669665489,116.37638307512466
0.15,sourcebus,1,0.9999889254470321,29.99340600987194
0.15,sourcebus,2,0.9999925417044412,-90.00867414508514
0.15,sourcebus,3,0.999959292176288,149.99218646661012
0.15,650,1,0.9999304216414416,-0.00932986890997158
0.15,650,2,0.9999772479564917,-120.01012378089983
0.15,650,3,0.9999337266037261,119.98818258688661
0.15,rg60,1,1.0560697792644134,-0.010634645357054634
0.15,rg60,2,1.0373923422110483,-120.01217319471621
0.15,rg60,3,1.0560647377619459,119.98633349263345
0.15,633,1,1.0132379517416321,-1.812610578988856
0.15,633,2,1.0223709768089662,-122.03491548971944
0.15,633,3,1.0105822349031477,118.06653948609285
0.15,634,1,0.9919356430731257,-2.2201107016725348
0.15,634,2,1.0064015644997948,-122.23918155657613
0.15,634,3,0.9944202603476457,117.85740078136968
0.15,671,1,0.9836966666177428,-4.166404214998582
0.15,671,2,1.0321471947204748,-122.9238762815691
0.15,671,3,0.9788884600785189,116.47072326292971
0.15,645,2,1.014701781653911,-122.20155793947285
0.15,645,3,1.0108368932807275,118.06865837194734
0.15,646,2,1.0129990719103008,-122.27830818794408
0.15,646,3,1.008805347937897,118.11361937993948
0.15,692,1,0.9836966583721597,-4.1664040853739195
0.15,692,2,1.0321471936296855,-122.92387642747823
0.15,692,3,0.9788884535885836,116.47072331051804
0.15,675,1,0.9778819836643001,-4.371848172078275
0.15,675,2,1.034229232596877,-123.09785259427733
0.15,675,3,0.977544269862395,116.4907559921041
0.15,611,3,0.9747834349525847,116.2304665148929
0.15,652,1,0.9758319714395242,-4.138996904569626
0.15,670,1,1.005171538085546,-2.5550772614562334
0.15,670,2,1.025952172344963,-122.33441091916252
0.15,670,3,1.0003603698676307,117.48330726238434
0.15,632,1,1.0159008787113697,-1.7737956712303635
0.15,632,2,1.0239398088935272,-122.01739479767853
0.15,632,3,1.0127426848907322,118.04381255474613
0.15,680,1,0.9838464973212938,-4.1462496032228575
0.15,680,2,1.032185398576091,-122.90506447271278
0.15,680,3,0.9790322572324371,116.49273970491866
0.15,684,1,0.9813743911034288,-4.213652561200252
0.15,684,3,0.9767808106969007,116.3764032209664
0.16,sourcebus,1,0.999988926459767,29.993406013854496
0.16,sourcebus,2,0.9999925426071288,-90.0086741749635
0.16,sourcebus,3,0.9999592926221603,149.992186459123
0.16,650,1,0.9999304224480594,-0.009329862179229998
0.16,650,2,0.9999772495663988,-120.01012379917599
0.16,650,3,0.9999337273270983,119.98818255961905
0.16,rg60,1,1.0560697802960408,-0.010634648191651108
0.16,rg60,2,1.0373923445040376,-120.01217324753112
0.16,rg60,3,1.0560647387421098,119.98633345396068
0.16,633,1,1.0132378742515973,-1.8126215501019565
0.16,633,2,1.022371563233148,-122.03492451789256
0.16,633,3,1.010582351183185,118.06654767711747
0.16,634,1,0.9919355637820654,-2.2201217382532374
0.16,634,2,1.0064021607185145,-122.23919034233744
0.16,634,3,0.9944203785605726,117.85740902141907
0.16,671,1,0.9836965261674046,-4.166426919550964
0.16,671,2,1.0321483583702133,-122.92389371116971
0.16,671,3,0.9788886879287905,116.47074052170396
0.16,645,2,1.0147023697126576,-122.20156688014498
0.16,645,3,1.0108370076377302,118.06866662369436
0.16,646,2,1.0129996595457345,-122.27831710541193
0.16,646,3,1.0088054619937696,118.11362767126596
0.16,692,1,0.9836965179218193,-4.166426789926236
0.16,692,2,1.032148357279425,-122.92389385707898
0.16,692,3,0.9788886814388563,116.47074056929223
0.16,675,1,0.9778818413367004,-4.371870831658607
0.16,675,2,1.0342303975819707,-123.09787002594068
0.16,675,3,0.9775445019022793,116.490773195915
0.16,611,3,0.9747836640142784,116.23048379371845
0.16,652,1,0.9758318319801077,-4.13901957435404
0.16,670,1,1.005171438070018,-2.5550920230879997
0.16,670,2,1.0259529501773326,-122.33442284797877
0.16,670,3,1.000360523999294,117.48331837141365
0.16,632,1,1.015900801546467,-1.7738066252526412
0.16,632,2,1.0239403938392018,-122.01740384282776
0.16,632,3,1.012742800899108,118.04382073061632
0.16,680,1,0.9838464116765341,-4.146273663567691
0.16,680,2,1.0321866157128952,-122.90508227696664
0.16,680,3,0.9790325448150851,116.4927556322693
0.16,684,1,0.9813742508519271,-4.213675230984663
0.16,684,3,0.9767810394507747,116.37642048318857
0.17,sourcebus,1,0.9999889273706486,29.993406016896973
0.17,sourcebus,2,0.9999925434219675,-90.00867420142812
0.17,sourcebus,3,0.9999592930389931,149.99218645217783
0.17,650,1,0.9999304231885274,-0.009329856805595843
0.17,650,2,0.9999772510069705,-120.01012381561755
0.17,650,3,0.9999337279951381,119.98818253536808
0.17,rg60,1,1.0560697812467832,-0.01063465181551391
0.17,rg60,2,1.0373923465530708,-120.0121732947659
0.17,rg60,3,1.056064739648548,119.98633341909597
0.17,633,1,1.0132378131342619,-1.8126312694711106
0.17,633,2,1.0223720819131774,-122.03493246360689
0.17,633,3,1.0105824606020641,118.06655469040113
0.17,634,1,0.9919355012429498,-2.2201315092769924
0.17,634,2,1.0064026880596912,-122.23919807366752
0.17,634,3,0.9944204897981775,117.85741608083545
0.17,671,1,0.9836964166967426,-4.166446999501818
0.17,671,2,1.03214938757106,-122.92390904479606
0.17,671,3,0.9788889027224421,116.47075532672567
0.17,645,2,1.014702889829748,-122.20157474888083
0.17,645,3,1.0108371153230529,118.06867369089154
0.17,646,2,1.0130001792799561,-122.27832495393217
0.17,646,3,1.0088055694000526,118.11363477289603
0.17,692,1,0.9836964084511558,-4.166446869877039
0.17,692,2,1.0321493864802729,-122.92390919070543
0.17,692,3,0.9788888962325091,116.47075537431388
0.17,675,1,0.9778817303453109,-4.371890869259396
0.17,675,2,1.0342314279443219,-123.09788535936279
0.17,675,3,0.9775447204286092,116.49078794962547
0.17,611,3,0.9747838799091166,116.23049861818903
0.17,652,1,0.9758317232683592,-4.139039622981957
0.17,670,1,1.0051713594568192,-2.555105093849788
0.17,670,2,1.0259536381548913,-122.33443334508209
0.17,670,3,1.000360669106771,117.48332788987692
0.17,632,1,1.0159007406961353,-1.773816330265043
0.17,632,2,1.0239409112177795,-122.01741180346016
0.17,632,3,1.0127429100618488,118.04382773094459
0.17,680,1,0.9838463533262897,-4.14629500935121
0.17,680,2,1.0321876948094078,-122.90509795741515
0.17,680,3,0.9790328153121187,116.49276919542194
0.17,684,1,0.9813741415227295,-4.213695279612584
0.17,684,3,0.9767812550555441,116.3764352920092
0.18,sourcebus,1,0.9999889281906782,29.993406019175026
0.18,sourcebus,2,0.9999925441585548,-90.00867422480259
0.18,sourcebus,3,0.9999592934295384,149.99218644577024
0.18,650,1,0.9999304238692379,-0.00932985256906538
0.18,650,2,0.9999772522971668,-120.01012383034751
0.18,650,3,0.9999337286134253,119.98818251388755
0.18,rg60,1,1.0560697821239662,-0.010634656037524049
0.18,rg60,2,1.0373923483861336,-120.01217333695786
0.18,rg60,3,1.056064740489251,119.98633338777371
0.18,633,1,1.0132377656025078,-1.8126398957288363
0.18,633,2,1.0223725413124964,-122.03493945592807
0.18,633,3,1.0105825637545345,118.06656073000259
0.18,634,1,0.9919354526026313,-2.2201401757566748
0.18,634,2,1.0064031551265586,-122.23920487615452
0.18,634,3,0.9944205946664155,117.85742216394507
0.18,671,1,0.9836963328702821,-4.166464791231855
0.18,671,2,1.0321502991188487,-122.92392253196277
0.18,671,3,0.9788891055006946,116.47076810191533
0.18,645,2,1.0147033504949143,-122.20158167341741
0.18,645,3,1.0108372169085513,118.06867977841117
0.18,646,2,1.0130006395987965,-122.27833186087388
0.18,646,3,1.0088056707270363,118.11364089039903
0.18,692,1,0.9836963246246947,-4.166464661607036
0.18,692,2,1.0321502980280628,-122.92392267787224
0.18,692,3,0.9788890990107625,116.4707681495035
0.18,675,1,0.9778816452974528,-4.3719086210828575
0.18,675,2,1.034232340499344,-123.0978988445761
0.18,675,3,0.9775449265448631,116.49080067665724
0.18,611,3,0.9747840836926269,116.23051141221404
0.18,652,1,0.9758316400090484,-4.139057386374765
0.18,670,1,1.0051712985903878,-2.5551166888259225
0.18,670,2,1.0259542475029202,-122.33444258107747
0.18,670,3,1.0003608059514375,117.4833360931549
0.18,632,1,1.0159006933830383,-1.7738249445350776
0.18,632,2,1.0239413694707966,-122.01741880886965
0.18,632,3,1.0127430129712096,118.0438337594785
0.18,680,1,0.983846317183797,-4.146313982845956
0.18,680,2,1.0321886529027045,-122.90511176578624
0.18,680,3,0.9790330700374904,116.49278081222197
0.18,684,1,0.9813740577905321,-4.2137130430053915
0.18,684,3,0.9767814585651461,116.376448071258
0.19,sourcebus,1,0.9999889289305293,29.993406020881874
0.19,sourcebus,2,0.999992544825742,-90.00867424555453
0.19,sourcebus,3,0.9999592937935704,149.9921864398535
0.19,650,1,0.9999304244948346,-0.009329849181373417
0.19,650,2,0.9999772534554621,-120.01012384355394
0.19,650,3,0.9999337291845349,119.98818249469626
0.19,rg60,1,1.056069782934105,-0.010634660560156236
0.19,rg60,2,1.037392350029713,-120.01217337465566
0.19,rg60,3,1.0560647412660327,119.98633335938689
0.19,633,1,1.013237730806783,-1.8126475204230033
0.19,633,2,1.0223729478797434,-122.03494555860695
0.19,633,3,1.0105826602212091,118.06656582209469
0.19,634,1,0.9919354169811133,-2.220147830159333
0.19,634,2,1.0064035684814754,-122.239210810807
0.19,634,3,0.9944206927426842,117.85742729679032
0.19,671,1,0.9836962731216257,-4.166480483002362
0.19,671,2,1.0321511057576804,-122.9239342940734
0.19,671,3,0.9788892954852977,116.47077889824743
0.19,645,2,1.0147037581716083,-122.2015877163078
0.19,645,3,1.0108373119611793,118.06868491308795
0.19,646,2,1.013001046959778,-122.27833788837964
0.19,646,3,1.0088057655387277,118.11364605106074
0.19,692,1,0.9836962648760376,-4.166480353377519
0.19,692,2,1.032151104666895,-122.92393443998299
0.19,692,3,0.9788892889953668,116.47077894583555
0.19,675,1,0.9778815845930893,-4.3719242753584435
0.19,675,2,1.0342331480182108,-123.09791060322736
0.19,675,3,0.9775451194945788,116.49081142860025
0.19,611,3,0.9747842745890112,116.23052222668869
0.19,652,1,0.9758315806472517,-4.139073052695806
0.19,670,1,1.0051712543718216,-2.555126930702701
0.19,670,2,1.0259547867595828,-122.3344506399064
0.19,670,3,1.0003609339946196,117.48334301545975
0.19,632,1,1.015900658762902,-1.773832559249478
0.19,632,2,1.0239417750275381,-122.0174249230323
0.19,632,3,1.012743109210636,118.04383884211435
0.19,680,1,0.9838463019134313,-4.146330777893062
0.19,680,2,1.032189502961806,-122.90512382549284
0.19,680,3,0.9790333084683868,116.49279052808446
0.19,684,1,0.9813739980915792,-4.213728709326431
0.19,684,3,0.9767816492042682,116.37645887187662
0.2,sourcebus,1,0.9999889295972657,29.993406021979148
0.2,sourcebus,2,0.9999925454297446,-90.00867426394723
0.2,sourcebus,3,0.9999592941343287,149.99218643431877
0.2,650,1,0.9999304250701361,-0.009329846725000968
0.2,650,2,0.9999772544941927,-120.01012385547283
0.2,650,3,0.9999337297133999,119.98818247760771
0.2,rg60,1,1.0560697836808888,-0.01063466556703271
0.2,rg60,2,1.0373923515017696,-120.01217340847508
0.2,rg60,3,1.0560647419865046,119.98633333375578
0.2,633,1,1.0132377052056485,-1.8126543280007723
0.2,633,2,1.0223733086368265,-122.0349509470654
0.2,633,3,1.0105827509114125,118.06657019261064
0.2,634,1,0.9919353907764852,-2.220154659514129
0.2,634,2,1.0064039352551144,-122.23921605025191
0.2,634,3,0.9944207849459511,117.85743170561967
0.2,671,1,0.983696230632814,-4.166494469916303
0.2,671,2,1.0321518215079282,-122.9239446746963
0.2,671,3,0.9788894742992542,116.4707881875394
0.2,645,2,1.014704119907469,-122.20159305204115
0.2,645,3,1.0108374013707673,118.06868932154907
0.2,646,2,1.013001408409672,-122.27834321071643
0.2,646,3,1.0088058547253007,118.11365048216169
0.2,692,1,0.9836962223872253,-4.166494340291442
0.2,692,2,1.0321518204171436,-122.92394482060595
0.2,692,3,0.9788894678093242,116.47078823512747
0.2,675,1,0.9778815413616573,-4.371938227053457
0.2,675,2,1.0342338645299063,-123.09792097932035
0.2,675,3,0.977545300966009,116.4908206762036
0.2,611,3,0.9747844542370265,116.23053153338505
0.2,652,1,0.975831538417629,-4.139087016494871
0.2,670,1,1.0051712221422762,-2.555136070677445
0.2,670,2,1.0259552652619286,-122.33445775436613
0.2,670,3,1.0003610544039911,117.48334896247901
0.2,632,1,1.0159006333019251,-1.7738393586046113
0.2,632,2,1.0239421348942956,-122.01743032157027
0.2,632,3,1.012743199685479,118.04384320460447
0.2,680,1,0.9838463009138826,-4.146345794712418
0.2,680,2,1.032190259217397,-122.90513448194781
0.2,680,3,0.9790335324636518,116.49279880952966
0.2,684,1,0.9813739556221054,-4.213742673125498
0.2,684,3,0.976781828610203,116.37646816553155
0.21,sourcebus,1,0.9999889301992153,29.99340602269745
0.21,sourcebus,2,0.9999925459785024,-90.00867428025893
0.21,sourcebus,3,0.9999592944522551,149.99218642916165
0.21,650,1,0.999930425598917,-0.009329844922658736
0.21,650,2,0.9999772554284205,-120.01012386610896
0.21,650,3,0.9999337302032765,119.98818246231761
0.21,rg60,1,1.056069784369812,-0.010634670769525062
0.21,rg60,2,1.0373923528246916,-120.01217343865434
0.21,rg60,3,1.0560647426539882,119.98633331049487
0.21,633,1,1.0132376883899175,-1.8126604033924365
0.21,633,2,1.0223736289931764,-122.03495562338634
0.21,633,3,1.0105828353927502,118.06657387948195
0.21,634,1,0.9919353735502292,-2.2201607494709563
0.21,634,2,1.0064042609539519,-122.23922059425215
0.21,634,3,0.9944208708415249,117.85743542824268
0.21,671,1,0.9836962047243805,-4.166506925247928
0.21,671,2,1.0321524570114458,-122.92395367256013
0.21,671,3,0.978889641103117,116.470796045006
0.21,645,2,1.0147044411236132,-122.2015976815858
0.21,645,3,1.0108374846920782,118.0686930422547
0.21,646,2,1.013001729363932,-122.27834782848709
0.21,646,3,1.0088059378385357,118.11365422251707
0.21,692,1,0.9836961964787913,-4.166506795623058
0.21,692,2,1.032152455920662,-122.92395381846983
0.21,692,3,0.9788896346131878,116.47079609259404
0.21,675,1,0.9778815148952492,-4.371950649440831
0.21,675,2,1.0342345006973988,-123.09792997197222
0.21,675,3,0.9775454701382307,116.49082849526202
0.21,611,3,0.9747846217998359,116.23053940747452
0.21,652,1,0.9758315126447632,-4.13909945092753
0.21,670,1,1.0051712013928815,-2.5551442223523755
0.21,670,2,1.0259556901596654,-122.3344639260888
0.21,670,3,1.0003611666129817,117.48335398428486
0.21,632,1,1.0159006165966853,-1.7738454272542505
0.21,632,2,1.0239424544639961,-122.01743500668576
0.21,632,3,1.0127432839647932,118.04384688460692
0.21,680,1,0.9838463137067044,-4.146359211432197
0.21,680,2,1.0321909325064378,-122.90514373558716
0.21,680,3,0.9790337414056415,116.4928057269231
0.21,684,1,0.9813739297028579,-4.2137551075581525
0.21,684,3,0.9767819959465851,116.37647602744373
0.22,sourcebus,1,0.9999889307435899,29.993406022976004
0.22,sourcebus,2,0.9999925464758641,-90.00867429478582
0.22,sourcebus,3,0.999959294749323,149.99218642437037
0.22,650,1,0.9999304260863957,-0.00932984372633209
0.22,650,2,0.9999772562681811,-120.01012387579794
0.22,650,3,0.9999337306563681,119.98818244865606
0.22,rg60,1,1.056069785006894,-0.01063467614633981
0.22,rg60,2,1.0373923540116727,-120.01217346587453
0.22,rg60,3,1.0560647432721677,119.98633328941044
0.22,633,1,1.0132376782179582,-1.8126657934406314
0.22,633,2,1.0223739130833938,-122.0349597772284
0.22,633,3,1.0105829149484624,118.06657699893171
0.22,634,1,0.9919353631273711,-2.2201661483703585
0.22,634,2,1.006404549781592,-122.23922463075478
0.22,634,3,0.9944209517258125,117.85743858131985
0.22,671,1,0.983696191150755,-4.16651795381059
0.22,671,2,1.0321530205846057,-122.92396166358255
0.22,671,3,0.9788897983788833,116.47080271627298
0.22,645,2,1.0147047259717108,-122.20160179431724
0.22,645,3,1.0108375631973947,118.06869619185115
0.22,646,2,1.0130020139748062,-122.27835193101643
0.22,646,3,1.0088060161511982,118.11365738917112
0.22,692,1,0.9836961829051655,-4.166517824185717
0.22,692,2,1.0321530194938222,-122.92396180949235
0.22,692,3,0.9788897918889549,116.47080276386095
0.22,675,1,0.9778815009193434,-4.371961647017238
0.22,675,2,1.0342350648463674,-123.09793795690906
0.22,675,3,0.9775456295352523,116.49083513050623
0.22,611,3,0.9747847797690116,116.23054609463878
0.22,652,1,0.975831499116707,-4.139110460576544
0.22,670,1,1.0051711892764723,-2.5551514501922283
0.22,670,2,1.0259560669637888,-122.33446940786104
0.22,670,3,1.0003612723162418,117.48335823883694
0.22,632,1,1.0159006065086684,-1.773850811811822
0.22,632,2,1.0239427378606383,-122.01743916830371
0.22,632,3,1.0127433633309622,118.04384999828484
0.22,680,1,0.9838463362336101,-4.14637113740506
0.22,680,2,1.0321915313291514,-122.90515196384109
0.22,680,3,0.9790339379815604,116.4928115212968
0.22,684,1,0.9813739160979664,-4.213766117207171
0.22,684,3,0.9767821537027626,116.37648270313618
0.23,sourcebus,1,0.9999889312370697,29.9934060230208
0.23,sourcebus,2,0.9999925469283045,-90.00867430767768
0.23,sourcebus,3,0.9999592950267301,149.99218641998337
0.23,650,1,0.9999304265362038,-0.009329842889692989
0.23,650,2,0.9999772570252914,-120.01012388448329
0.23,650,3,0.9999337310761102,119.98818243647698
0.23,rg60,1,1.0560697855974168,-0.010634681437907825
0.23,rg60,2,1.037392355080541,-120.01217349024726
0.23,rg60,3,1.0560647438454092,119.9863332703182
0.23,633,1,1.0132376743183629,-1.8126705609884446
0.23,633,2,1.0223741652460356,-122.03496340662082
0.23,633,3,1.0105829895316534,118.06657960963936
0.23,634,1,0.9919353591149112,-2.220170919615659
0.23,634,2,1.0064048061487871,-122.23922815600166
0.23,634,3,0.9944210275569035,117.85744122358388
0.23,671,1,0.9836961892720393,-4.166527684464598
0.23,671,2,1.0321535207703059,-122.92396863910034
0.23,671,3,0.9788899460083585,116.47080832143213
0.23,645,2,1.014704978799941,-122.20160538741867
0.23,645,3,1.0108376368279277,118.06869882943947
0.23,646,2,1.0130022665863017,-122.27835551522502
0.23,646,3,1.0088060896021653,118.11366004151235
0.23,692,1,0.9836961810264495,-4.166527554839727
0.23,692,2,1.032153519679523,-122.92396878501017
0.23,692,3,0.9788899395184308,116.47080836902005
0.23,675,1,0.9778814987731834,-4.3719713485458165
0.23,675,2,1.034235565533535,-123.09794492574856
0.23,675,3,0.9775457790595787,116.49084070223743
0.23,611,3,0.9747849280312307,116.23055171499965
0.23,652,1,0.9758314971973131,-4.139120174145482
0.23,670,1,1.005171185324941,-2.5551578384273816
0.23,670,2,1.0259564014117855,-122.33447419602606
0.23,670,3,1.000361371447301,117.4833618047732
0.23,632,1,1.0159006026707926,-1.7738555749523546
0.23,632,2,1.0239429894109924,-122.01744280452948
0.23,632,3,1.0127434377365192,118.04385260412657
0.23,680,1,0.9838463680297769,-4.146381705736585
0.23,680,2,1.0321920643983,-122.90515915946902
0.23,680,3,0.9790341222653876,116.49281630849185
0.23,684,1,0.9813739141676711,-4.213775830776109
0.23,684,3,0.9767823017647891,116.376488312724
0.24,sourcebus,1,0.9999889316834082,29.993406022745578
0.24,sourcebus,2,0.9999925473394903,-90.00867431916647
0.24,sourcebus,3,0.9999592952859854,149.99218641584574
0.24,650,1,0.9999304269505943,-0.009329842567705242
0.24,650,2,0.9999772577068914,-120.01012389238271
0.24,650,3,0.9999337314652169,119.98818242554842
0.24,rg60,1,1.0560697861422947,-0.010634686896175761
0.24,rg60,2,1.0373923560414582,-120.01217351223576
0.24,rg60,3,1.0560647443772768,119.98633325295062
0.24,633,1,1.0132376745899343,-1.8126748432140198
0.24,633,2,1.022374389706582,-122.0349666183565
0.24,633,3,1.0105830593994012,118.06658181712311
0.24,634,1,0.9919353593770371,-2.220175201893016
0.24,634,2,1.0064050343477453,-122.23923127508729
0.24,634,3,0.9944210985953761,117.8574434606523
0.24,671,1,0.983696195085819,-4.166536408744054
0.24,671,2,1.0321539660061674,-122.92397480824671
0.24,671,3,0.9788900844245673,116.47081308020786
0.24,645,2,1.01470520384859,-122.20160856704783
0.24,645,3,1.0108377058294253,118.06870106095903
0.24,646,2,1.0130024914377143,-122.27835868710493
0.24,646,3,1.0088061584372436,118.11366228586645
0.24,692,1,0.9836961868402287,-4.166536279119191
0.24,692,2,1.0321539649153852,-122.92397495415658
0.24,692,3,0.9788900779346404,116.47081312779572
0.24,675,1,0.9778815044229159,-4.371980045544403
0.24,675,2,1.0342360112022921,-123.0979510879589
0.24,675,3,0.9775459191802656,116.49084542970557
0.24,611,3,0.9747850670282237,116.23055648822243
0.24,652,1,0.9758315029150229,-4.139128882850713
0.24,670,1,1.0051711867835207,-2.555163573455424
0.24,670,2,1.0259566991227227,-122.33447843227569
0.24,670,3,1.000361464330601,117.4833648246718
0.24,632,1,1.0159006029864726,-1.7738598536995025
0.24,632,2,1.0239432133308606,-122.0174460222592
0.24,632,3,1.0127435074364368,118.04385480752516
0.24,680,1,0.9838464052564809,-4.146391211865419
0.24,680,2,1.0321925403104184,-122.9051655329089
0.24,680,3,0.9790342948683443,116.49282030425871
0.24,684,1,0.9813739199178554,-4.213784539481339
0.24,684,3,0.9767824405738325,116.37649307584013
0.25,sourcebus,1,0.9999889320872632,29.99340602223316
0.25,sourcebus,2,0.9999925477138877,-90.00867432936482
0.25,sourcebus,3,0.9999592955286962,149.99218641195216
0.25,650,1,0.9999304273325624,-0.009329842673494293
0.25,650,2,0.9999772583211202,-120.01012389951376
0.25,650,3,0.9999337318267467,119.98818241577858
0.25,rg60,1,1.056069786645094,-0.010634692456383299
0.25,rg60,2,1.037392356906597,-120.01217353201658
0.25,rg60,3,1.0560647448721072,119.98633323720132
0.25,633,1,1.01323767809564,-1.8126787115780354
0.25,633,2,1.022374590023923,-122.034969449567
0.25,633,3,1.0105831248306385,118.066583703199
0.25,634,1,0.9919353629487841,-2.220179067570869
0.25,634,2,1.0064052379987531,-122.23923402364738
0.25,634,3,0.9944211651239235,117.85744537444697
0.25,671,1,0.983696206829421,-4.166544276617663
0.25,671,2,1.032154363334748,-122.92398024162901
0.25,671,3,0.9788902141273321,116.4708171624759
0.25,645,2,1.0147054046872503,-122.20161136973863
0.25,645,3,1.0108377704706963,118.06870296856097
0.25,646,2,1.0130026920965516,-122.27836148302765
0.25,646,3,1.0088062229241848,118.1136642046596
0.25,692,1,0.9836961985838311,-4.166544146992807
0.25,692,2,1.032154362243966,-122.92398038753895
0.25,692,3,0.9788902076374056,116.47081721006371
0.25,675,1,0.9778815160830435,-4.371987887905095
0.25,675,2,1.034236408903459,-123.0979565144077
0.25,675,3,0.9775460504222494,116.49084948261488
0.25,611,3,0.974785197265492,116.23056058419292
0.25,652,1,0.9758315145201731,-4.139136736460993
0.25,670,1,1.0051711924313573,-2.5551687518486466
0.25,670,2,1.0259569648112916,-122.3344821654313
0.25,670,3,1.0003615513256952,117.4833674088968
0.25,632,1,1.015900606523118,-1.7738637193625988
0.25,632,2,1.0239434131694118,-122.01744885870204
0.25,632,3,1.0127435727086502,118.04385669014965
0.25,680,1,0.9838464463034474,-4.146399809433919
0.25,680,2,1.0321929662560168,-122.9051711559799
0.25,680,3,0.9790344564568718,116.49282367476457
0.25,684,1,0.9813739315889192,-4.213792393091619
0.25,684,3,0.9767825706348877,116.37649716233794
0.26,sourcebus,1,0.9999889324547195,29.993406021598485
0.26,sourcebus,2,0.9999925480551897,-90.00867433848181
0.26,sourcebus,3,0.9999592957548536,149.9921864083742
0.26,650,1,0.9999304276856241,-0.009329842944221897
0.26,650,2,0.9999772588766773,-120.01012390598024
0.26,650,3,0.9999337321613943,119.98818240700028
0.26,rg60,1,1.056069787111909,-0.010634697803503158
0.26,rg60,2,1.037392357687777,-120.01217354985144
0.26,rg60,3,1.0560647453302878,119.98633322283524
0.26,633,1,1.013237685293246,-1.8126821271103444
0.26,633,2,1.0223747679754458,-122.03497193596941
0.26,633,3,1.0105831861058605,118.06658523683481
0.26,634,1,0.9919353702905935,-2.2201824774403884
0.26,634,2,1.0064054189155882,-122.23923643657785
0.26,634,3,0.9944212274266724,117.85744693403943
0.26,671,1,0.9836962253430823,-4.1665512033870105
0.26,671,2,1.0321547162669003,-122.92398500956439
0.26,671,3,0.9788903357475068,116.4708205039242
0.26,645,2,1.0147055830965244,-122.20161383098517
0.26,645,3,1.0108378310287844,118.06870452141595
0.26,646,2,1.0130028703411968,-122.2783639383913
0.26,646,3,1.0088062833383886,118.11366576714914
0.26,692,1,0.9836962170974921,-4.166551073762169
0.26,692,2,1.0321547151761188,-122.92398515547434
0.26,692,3,0.9788903292575811,116.47082055151202
0.26,675,1,0.9778815345926607,-4.371994790726412
0.26,675,2,1.0342367621611617,-123.09796127511773
0.26,675,3,0.9775461734174752,116.4908527969017
0.26,611,3,0.9747853193729902,116.2305639386659
0.26,652,1,0.9758315328466038,-4.1391436503701735
0.26,670,1,1.0051712028613755,-2.5551733199439246
0.26,670,2,1.025957200828525,-122.33448544309546
0.26,670,3,1.0003616328271632,117.4833695154575
0.26,632,1,1.0159006137381652,-1.773867132822259
0.26,632,2,1.0239435906971621,-122.01745134973149
0.26,632,3,1.0127436338362084,118.04385822091302
0.26,680,1,0.9838464921518291,-4.146407417270608
0.26,680,2,1.032193345884672,-122.90517610007292
0.26,680,3,0.9790346078178394,116.49282635228137
0.26,684,1,0.9813739500194384,-4.213799307000802
0.26,684,3,0.9767826925772233,116.37650050793106
0.27,sourcebus,1,0.999988932788571,29.993406020873365
0.27,sourcebus,2,0.9999925483670357,-90.0086743465932
0.27,sourcebus,3,0.9999592959660487,149.9921864050479
0.27,650,1,0.9999304280115946,-0.009329843412046302
0.27,650,2,0.999977259379369,-120.01012391178558
0.27,650,3,0.9999337324722049,119.98818239912467
0.27,rg60,1,1.0560697875440967,-0.010634703025912793
0.27,rg60,2,1.0373923583940483,-120.01217356586389
0.27,rg60,3,1.056064745756044,119.98633320975377
0.27,633,1,1.0132376951110391,-1.8126851911232116
0.27,633,2,1.0223749268007727,-122.03497409987223
0.27,633,3,1.0105832432807262,118.06658650232538
0.27,634,1,0.9919353803151502,-2.220185533546435
0.27,634,2,1.0064055803839165,-122.23923853495215
0.27,634,3,0.9944212855622633,117.85744822377568
0.27,671,1,0.9836962486367238,-4.166557402392181
0.27,671,2,1.0321550312278298,-122.92398915275265
0.27,671,3,0.9788904493213939,116.4708232793814
0.27,645,2,1.0147057423252264,-122.2016159725142
0.27,645,3,1.010837887549839,118.06870580415692
0.27,646,2,1.0130030294186194,-122.27836607476114
0.27,646,3,1.0088063397252578,118.11366705822799
0.27,692,1,0.9836962403911338,-4.166557272767356
0.27,692,2,1.0321550301370483,-122.92398929866263
0.27,692,3,0.9788904428314688,116.47082332696917
0.27,675,1,0.9778815579446837,-4.372000967327364
0.27,675,2,1.0342370774041507,-123.09796541108047
0.27,675,3,0.9775462882257548,116.49085554714878
0.27,611,3,0.9747854333936198,116.23056672645441
0.27,652,1,0.9758315559190538,-4.139149837646359
0.27,670,1,1.0051712166801798,-2.555177415069313
0.27,670,2,1.0259574114729415,-122.334488294172
0.27,670,3,1.0003617088909966,117.48337125810947
0.27,632,1,1.0159006235623882,-1.7738701953423361
0.27,632,2,1.023943749147562,-122.01745351768209
0.27,632,3,1.012743690872413,118.04385948402644
0.27,680,1,0.983846540944484,-4.146414251924197
0.27,680,2,1.0321936857503022,-122.90518040690034
0.27,680,3,0.9790347491318445,116.49282850841313
0.27,684,1,0.9813739732229326,-4.213805494276982
0.27,684,3,0.9767828064433544,116.37650328742133
0.28,sourcebus,1,0.9999889330922657,29.99340602005306
0.28,sourcebus,2,0.999992548651862,-90.008674353833
0.28,sourcebus,3,0.999959296163269,149.99218640195423
0.28,650,1,0.9999304283128918,-0.009329844050183883
0.28,650,2,0.9999772598344382,-120.01012391704707
0.28,650,3,0.999933732760698,119.98818239204908
0.28,rg60,1,1.0560697879445704,-0.010634708116427494
0.28,rg60,2,1.0373923590326077,-120.01217358031585
0.28,rg60,3,1.0560647461515034,119.98633319782763
0.28,633,1,1.0132377068648624,-1.8126879346841793
0.28,633,2,1.0223750685408501,-122.03497600260299
0.28,633,3,1.0105832967789683,118.06658753917125
0.28,634,1,0.9919353923222222,-2.2201882675366424
0.28,634,2,1.0064057244821007,-122.2392403792106
0.28,634,3,0.9944213399591687,117.85744928330496
0.28,671,1,0.9836962753810693,-4.166562939693496
0.28,671,2,1.0321553122871798,-122.9239927920684
0.28,671,3,0.9788905556754384,116.47082557190711
0.28,645,2,1.0147058844215289,-122.20161785540736
0.28,645,3,1.0108379404518937,118.06870685648227
0.28,646,2,1.0130031713763468,-122.27836795315757
0.28,646,3,1.008806392502457,118.11366811776332
0.28,692,1,0.9836962671354795,-4.166562810068684
0.28,692,2,1.032155311196399,-122.92399293797843
0.28,692,3,0.9788905491855137,116.47082561949482
0.28,675,1,0.9778815847967555,-4.372006483650837
0.28,675,2,1.034237358707636,-123.0979690431799
0.28,675,3,0.9775463956903108,116.49085781618278
0.28,611,3,0.974785540157554,116.23056903064611
0.28,652,1,0.9758315824185352,-4.139155364254482
0.28,670,1,1.005171232985361,-2.5551810793101817
0.28,670,2,1.0259575994554122,-122.33449080025281
0.28,670,3,1.0003617800788283,117.48337269038431
0.28,632,1,1.0159006353137618,-1.773872937875456
0.28,632,2,1.0239438905555078,-122.01745542397657
0.28,632,3,1.0127437442407918,118.04386051892357
0.28,680,1,0.9838465914754263,-4.146420382464419
0.28,680,2,1.0321939900430195,-122.90518419826586
0.28,680,3,0.9790348813602587,116.49283022321595
0.28,684,1,0.9813739998729226,-4.21381102088511
0.28,684,3,0.976782913062669,116.37650558384341
0.29,sourcebus,1,0.9999889333688808,29.99340601912776
0.29,sourcebus,2,0.9999925489117434,-90.00867436028898
0.29,sourcebus,3,0.9999592963479126,149.99218639909395
0.29,650,1,0.9999304285920602,-0.009329844837558249
0.29,650,2,0.9999772602463034,-120.01012392186003
0.29,650,3,0.9999337330286211,119.98818238573476
0.29,rg60,1,1.0560697883163435,-0.01063471307269549
0.29,rg60,2,1.0373923596095374,-120.01217359343352
0.29,rg60,3,1.0560647465194952,119.98633318701161
0.29,633,1,1.013237719754385,-1.812690384377789
0.29,633,2,1.022375195061023,-122.03497770984337
0.29,633,3,1.0105833472217598,118.06658840499414
0.29,634,1,0.9919354054947774,-2.2201907066361177
0.29,634,2,1.0064058531062159,-122.23924203426907
0.29,634,3,0.9944213912478349,117.85745017049753
0.29,671,1,0.9836963040078508,-4.166567873131846
0.29,671,2,1.032155563179822,-122.92399605705683
0.29,671,3,0.9788906560004905,116.47082750298887
0.29,645,2,1.0147060112580053,-122.20161954517306
0.29,645,3,1.0108379903499258,118.06870773618618
0.29,646,2,1.0130032980868928,-122.27836963906233
0.29,646,3,1.0088064422848784,118.11366900371497
0.29,692,1,0.983696295762261,-4.166567743507052
0.29,692,2,1.0321555620890415,-122.92399620296686
0.29,692,3,0.9788906495105664,116.47082755057653
0.29,675,1,0.9778816135678715,-4.372011397369206
0.29,675,2,1.0342376098093409,-123.09797230095745
0.29,675,3,0.9775464970227707,116.4908597250678
0.29,611,3,0.9747856408611614,116.23057097279244
0.29,652,1,0.9758316107888226,-4.139160287908151
0.29,670,1,1.0051712507179824,-2.555184348973863
0.29,670,2,1.0259577672580815,-122.33449304872083
0.29,670,3,1.0003618472073554,117.48337389051835
0.29,632,1,1.015900648194091,-1.7738753869257013
0.29,632,2,1.023944016781668,-122.01745713437651
0.29,632,3,1.0127437945611448,118.04386138318002
0.29,680,1,0.9838466422915688,-4.146425869539533
0.29,680,2,1.032194262610153,-122.90518760456283
0.29,680,3,0.9790350058194376,116.49283161535178
0.29,684,1,0.9813740284043445,-4.213815944538779
0.29,684,3,0.9767830136300846,116.37650751866505
0.3,sourcebus,1,0.9999889336210085,29.993406018152584
0.3,sourcebus,2,0.9999925491496109,-90.00867436612467
0.3,sourcebus,3,0.9999592965194362,149.99218639639614
0.3,650,1,0.9999304288497458,-0.009329845730825062
0.3,650,2,0.9999772606202498,-120.01012392626423
0.3,650,3,0.9999337332767396,119.9881823799522
0.3,rg60,1,1.0560697886604622,-0.010634717867925575
0.3,rg60,2,1.0373923601325352,-120.01217360533212
0.3,rg60,3,1.0560647468597981,119.98633317699843
0.3,633,1,1.0132377341215262,-1.8126925803287564
0.3,633,2,1.0223753079872115,-122.03497919924044
0.3,633,3,1.0105833940333602,118.06658905863901
0.3,634,1,0.9919354201740268,-2.2201928908447077
0.3,634,2,1.0064059679108666,-122.23924347708434
0.3,634,3,0.9944214388484015,117.85745084402467
0.3,671,1,0.9836963352670224,-4.166572282462855
0.3,671,2,1.0321557870837335,-122.9239989011603
0.3,671,3,0.9788907492152243,116.47082898440148
0.3,645,2,1.0147061244615228,-122.201621018996
0.3,645,3,1.010838036665097,118.06870840228333
0.3,646,2,1.0130034111740793,-122.27837110948732
0.3,646,3,1.0088064884920322,118.1136696751698
0.3,692,1,0.9836963270214326,-4.166572152838082
0.3,692,2,1.032155785992953,-122.92399904707037
0.3,692,3,0.9788907427253002,116.47082903198908
0.3,675,1,0.9778816450034268,-4.37201578830372
0.3,675,2,1.0342378338962286,-123.09797513801956
0.3,675,3,0.9775465911385657,116.49086118613191
0.3,611,3,0.9747857344216422,116.23057246463087
0.3,652,1,0.9758316417734844,-4.139164688386274
0.3,670,1,1.005171270350011,-2.5551872773792645
0.3,670,2,1.0259579170253743,-122.33449500928957
0.3,670,3,1.0003619095268883,117.4833748021328
0.3,632,1,1.015900662546434,-1.7738775825392552
0.3,632,2,1.0239441294468057,-122.01745862653985
0.3,632,3,1.0127438412589906,118.04386203553926
0.3,680,1,0.9838466942500629,-4.146430795545111
0.3,680,2,1.0321945067338563,-122.9051905800259
0.3,680,3,0.9790351215460161,116.49283259403545
0.3,684,1,0.9813740595649895,-4.213820345016901
0.3,684,3,0.9767831070634682,116.37650900368702
0.31,sourcebus,1,0.999988933851032,29.993406017145023
0.31,sourcebus,2,0.9999925493673162,-90.00867437128878
0.31,sourcebus,3,0.9999592966804668,149.9921863939216
0.31,650,1,0.9999304290888921,-0.0093298466969622
0.31,650,2,0.9999772609594406,-120.01012393024308
0.31,650,3,0.9999337335079186,119.98818237483836
0.31,rg60,1,1.0560697889803135,-0.0106347224856229
0.31,rg60,2,1.0373923606064503,-120.01217361608235
0.31,rg60,3,1.0560647471777702,119.9863331679773
0.31,633,1,1.0132377488778834,-1.812694552858373
0.31,633,2,1.0223754092130968,-122.03498052856388
0.31,633,3,1.0105834382030747,118.06658961688775
0.31,634,1,0.9919354352575812,-2.2201948511894987
0.31,634,2,1.0064060708177536,-122.23924476468808
0.31,634,3,0.9944214837593793,117.85745142099373
0.31,671,1,0.9836963670155136,-4.166576235253937
0.31,671,2,1.0321559877937614,-122.92400143801153
0.31,671,3,0.9788908371728361,116.47083026210458
0.31,645,2,1.014706225934905,-122.20162233455008
0.31,645,3,1.0108380803794503,118.06870897175415
0.31,646,2,1.013003512541518,-122.27837242212479
0.31,646,3,1.0088065321062847,118.11367024929527
0.31,692,1,0.9836963587699246,-4.166576105629181
0.31,692,2,1.0321559867029813,-122.92400158392158
0.31,692,3,0.978890830682913,116.4708303096922
0.31,675,1,0.9778816769497993,-4.3720197238130005
0.31,675,2,1.0342380347615225,-123.09797766795506
0.31,675,3,0.9775466799178579,116.49086244451898
0.31,611,3,0.9747858226997669,116.2305737521994
0.31,652,1,0.9758316732461527,-4.139168633004329
0.31,670,1,1.005171290437605,-2.5551899063523407
0.31,670,2,1.0259580512788653,-122.33449675876138
0.31,670,3,1.000361968326632,117.48337558383925
0.31,632,1,1.0159006772835342,-1.7738795550148836
0.31,632,2,1.0239442304413768,-122.01745995831314
0.31,632,3,1.0127438853210855,118.04386259279201
0.31,680,1,0.9838467453082769,-4.146435230501229
0.31,680,2,1.0321947263070843,-122.90519323901493
0.31,680,3,0.9790352305017024,116.49283340274354
0.31,684,1,0.9813740912164127,-4.213824289634957
0.31,684,3,0.9767831952221465,116.37651028483276
0.32,sourcebus,1,0.999988934061089,29.993406016119643
0.32,sourcebus,2,0.9999925495668923,-90.00867437594543
0.32,sourcebus,3,0.99995929683039,149.9921863916007
0.32,650,1,0.999930429310064,-0.009329847718897484
0.32,650,2,0.9999772612679136,-120.01012393388056
0.32,650,3,0.9999337337223982,119.98818237017859
0.32,rg60,1,1.0560697892768107,-0.010634726924021742
0.32,rg60,2,1.0373923610368359,-120.01217362584357
0.32,rg60,3,1.0560647474726061,119.98633315965874
0.32,633,1,1.0132377643275285,-1.81269632514407
0.32,633,2,1.0223754997992809,-122.03498169426325
0.32,633,3,1.0105834793313868,118.06659003262561
0.32,634,1,0.9919354510470572,-2.22019661077089
0.32,634,2,1.0064061629091734,-122.23924589304148
0.32,634,3,0.9944215255807939,117.8574518541996
0.32,671,1,0.983696399900636,-4.166579776645762
0.32,671,2,1.0321561673854733,-122.9240036594
0.32,671,3,0.9788909191449332,116.47083123619149
0.32,645,2,1.0147063167391903,-122.20162348797264
0.32,645,3,1.0108381210913653,118.068709397582
0.32,646,2,1.0130036032480831,-122.27837357299369
0.32,646,3,1.0088065727248101,118.11367067911594
0.32,692,1,0.9836963916550469,-4.166579647021025
0.32,692,2,1.0321561662946934,-122.92400380531011
0.32,692,3,0.9788909126550102,116.47083128377905
0.32,675,1,0.9778817100504172,-4.3720232490597875
0.32,675,2,1.0342382144880948,-123.09797988265562
0.32,675,3,0.9775467626297293,116.49086340076185
0.32,611,3,0.9747859049661453,116.23057473558195
0.32,652,1,0.9758317058486681,-4.139172166959798
0.32,670,1,1.0051713113962337,-2.5551922664507907
0.32,670,2,1.0259581714172474,-122.33449829214241
0.32,670,3,1.000362023091813,117.48337617138881
0.32,632,1,1.0159006927107266,-1.7738813274514025
0.32,632,2,1.0239443208217414,-122.01746112616055
0.32,632,3,1.0127439263489537,118.04386300773443
0.32,680,1,0.983846796206696,-4.1464392218449175
0.32,680,2,1.032194923496091,-122.9051955739912
0.32,680,3,0.9790353320606641,116.49283393933413
0.32,684,1,0.9813741240041001,-4.213827823590427
0.32,684,3,0.976783277376799,116.3765112622217
0.33,sourcebus,1,0.9999889342530043,29.993406015122787
0.33,sourcebus,2,0.9999925497504017,-90.00867438010242
0.33,sourcebus,3,0.9999592969703315,149.99218638944092
0.33,650,1,0.9999304295147473,-0.009329848759144463
0.33,650,2,0.9999772615489123,-120.01012393714191
0.33,650,3,0.9999337339220354,119.98818236597258
0.33,rg60,1,1.056069789551803,-0.010634731159667234
0.33,rg60,2,1.0373923614287581,-120.01217363462818
0.33,rg60,3,1.0560647477470682,119.98633315204266
0.33,633,1,1.013237780208263,-1.812697929598752
0.33,633,2,1.0223755812024238,-122.03498269811573
0.33,633,3,1.0105835175942655,118.06659034604027
0.33,634,1,0.9919354672779287,-2.220198202152402
0.33,634,2,1.0064062456634522,-122.23924686335356
0.33,634,3,0.9944215644889586,117.85745218387164
0.33,671,1,0.9836964334433459,-4.166582974305652
0.33,671,2,1.032156328738,-122.92400556723723
0.33,671,3,0.9788909954491071,116.47083199051943
0.33,645,2,1.014706398335068,-122.2016244808049
0.33,645,3,1.010838158972501,118.06870972012065
0.33,646,2,1.0130036847534454,-122.27837456356981
0.33,646,3,1.0088066105186422,118.11367100508949
0.33,692,1,0.9836964251977569,-4.166582844680936
0.33,692,2,1.0321563276472203,-122.92400571314734
0.33,692,3,0.9788909889591848,116.47083203810693
0.33,675,1,0.9778817438221775,-4.372026431661515
0.33,675,2,1.0342383759572733,-123.09798178407665
0.33,675,3,0.9775468396008365,116.49086413857904
0.33,611,3,0.9747859815407542,116.23057549864723
0.33,652,1,0.9758317391055348,-4.139175357796384
0.33,670,1,1.0051713328863432,-2.5551944014665837
0.33,670,2,1.0259582793705428,-122.33449961145296
0.33,670,3,1.0003620740492039,117.48337661914822
0.33,632,1,1.0159007085661227,-1.773882932244767
0.33,632,2,1.023944402041692,-122.0174621318878
0.33,632,3,1.012743964517931,118.04386332053382
0.33,680,1,0.9838468465534895,-4.146442839394234
0.33,680,2,1.0321951012649688,-122.9051975874893
0.33,680,3,0.9790354266353987,116.49283428555084
0.33,684,1,0.9813741574498551,-4.213831014427015
0.33,684,3,0.9767833538473568,116.3765120197066
0.34,sourcebus,1,0.9999889344286671,29.99340601409538
0.34,sourcebus,2,0.9999925499184349,-90.0086743838545
0.34,sourcebus,3,0.9999592971009907,149.99218638742977
0.34,650,1,0.999930429704666,-0.009329849835578495
0.34,650,2,0.9999772618045313,-120.01012394016895
0.34,650,3,0.9999337341073217,119.98818236216756
0.34,rg60,1,1.0560697898073623,-0.0106347352250047
0.34,rg60,2,1.0373923617845102,-120.01217364267977
0.34,rg60,3,1.056064748002038,119.98633314505882
0.34,633,1,1.01323779604514,-1.81269936526133
0.34,633,2,1.0223756540910274,-122.03498360704542
0.34,633,3,1.0105835535452887,118.06659057498658
0.34,634,1,0.9919354834674137,-2.220199624712861
0.34,634,2,1.0064063197621724,-122.23924774224636
0.34,634,3,0.9944216010446684,117.85745242807268
0.34,671,1,0.9836964666803076,-4.166585828060631
0.34,671,2,1.0321564732237876,-122.92400729501004
0.34,671,3,0.9788910671795221,116.47083256408013
0.34,645,2,1.0147064713949288,-122.20162538001696
0.34,645,3,1.0108381945740381,118.06870995728593
0.34,646,2,1.0130037577306574,-122.2783754608536
0.34,646,3,1.0088066460392253,118.11367124520467
0.34,692,1,0.9836964584347189,-4.1665856984359335
0.34,692,2,1.032156472133008,-122.92400744092018
0.34,692,3,0.9788910606895999,116.47083261166763
0.34,675,1,0.9778817772964077,-4.372029271296107
0.34,675,2,1.0342385205429254,-123.09798350557004
0.34,675,3,0.9775469119367144,116.49086469662802
0.34,611,3,0.9747860535207108,116.23057608044309
0.34,652,1,0.9758317720611548,-4.139178205308607
0.34,670,1,1.00517135427123,-2.5551963103871156
0.34,670,2,1.0259583760361175,-122.33450080607166
0.34,670,3,1.0003621219347447,117.48337695169256
0.34,632,1,1.0159007243753984,-1.7738843683771301
0.34,632,2,1.023944474767597,-122.01746304249612
0.34,632,3,1.01274400038121,118.0438635490437
0.34,680,1,0.9838468954663752,-4.146446084977413
0.34,680,2,1.0321952610658367,-122.90519941355593
0.34,680,3,0.9790355154085424,116.49283447839655
0.34,684,1,0.9813741905926531,-4.213833861939231
0.34,684,3,0.9767834257297308,116.37651259626128
0.35000000000000003,sourcebus,1,0.9999889345895053,29.99340601307967
0.35000000000000003,sourcebus,2,0.9999925500727513,-90.00867438719486
0.35000000000000003,sourcebus,3,0.9999592972234252,149.9921863855754
0.35000000000000003,650,1,0.9999304298810657,-0.009329850918349427
0.35000000000000003,650,2,0.9999772620373721,-120.01012394291851
0.35000000000000003,650,3,0.9999337342799757,119.98818235877549
0.35000000000000003,rg60,1,1.0560697900450298,-0.010634739102908665
0.35000000000000003,rg60,2,1.0373923621082397,-120.01217364998803
0.35000000000000003,rg60,3,1.0560647482401107,119.98633313872189
0.35000000000000003,633,1,1.0132378116270817,-1.8127006602338875
0.35000000000000003,633,2,1.022375719670941,-122.03498441896038
0.35000000000000003,633,3,1.0105835873567237,118.06659075585536
0.35000000000000003,634,1,0.9919354993969771,-2.2202009067819835
0.35000000000000003,634,2,1.0064063864294248,-122.23924852715497
0.35000000000000003,634,3,0.9944216354248916,117.8574526232897
0.35000000000000003,671,1,0.983696499235716,-4.16658839651898
0.35000000000000003,671,2,1.0321566032213825,-122.92400883699896
0.35000000000000003,671,3,0.9788911346430655,116.47083303262762
0.35000000000000003,645,2,1.0147065371278794,-122.20162618329658
0.35000000000000003,645,3,1.0108382280637132,118.06871014557838
0.35000000000000003,646,2,1.013003823387961,-122.27837626248011
0.35000000000000003,646,3,1.008806679453739,118.11367143604615
0.35000000000000003,692,1,0.9836964909901277,-4.166588266894299
0.35000000000000003,692,2,1.032156602130603,-122.9240089829091
0.35000000000000003,692,3,0.9788911281531437,116.47083308021512
0.35000000000000003,675,1,0.9778818100914912,-4.3720318265073335
0.35000000000000003,675,2,1.0342386506246621,-123.09798504153264
0.35000000000000003,675,3,0.977546979954711,116.49086515053132
0.35000000000000003,611,3,0.97478612121621,116.23057655676428
0.35000000000000003,652,1,0.9758318043421292,-4.13918076800197
0.35000000000000003,670,1,1.0051713752810645,-2.5551980311693048
0.35000000000000003,670,2,1.0259584630102223,-122.33450187284461
0.35000000000000003,670,3,1.0003621669686888,117.4833772181884
0.35000000000000003,632,1,1.0159007399289413,-1.773885663936273
0.35000000000000003,632,2,1.0239445402027088,-122.01746385589045
0.35000000000000003,632,3,1.0127440341096687,118.04386372960975
0.35000000000000003,680,1,0.9838469426456092,-4.14644901906086
0.35000000000000003,680,2,1.0321954053509557,-122.90520104700595
0.35000000000000003,680,3,0.9790355987694935,116.49283459176726
0.35000000000000003,684,1,0.9813742230569732,-4.2138364246325954
0.35000000000000003,684,3,0.9767834933334572,116.37651306765302
0.36,sourcebus,1,0.9999889347378231,29.993406012119074
0.36,sourcebus,2,0.9999925502147115,-90.0086743902614
0.36,sourcebus,3,0.9999592973367285,149.9921863838773
0.36,650,1,0.9999304300448018,-0.009329851898174925
0.36,650,2,0.9999772622508176,-120.01012394545866
0.36,650,3,0.9999337344394633,119.9881823556359
0.36,rg60,1,1.0560697902669478,-0.010634742659378308
0.36,rg60,2,1.0373923624042682,-120.01217365666756
0.36,rg60,3,1.0560647484595578,119.98633313280132
0.36,633,1,1.0132378278234766,-1.812701782576823
0.36,633,2,1.0223757780184444,-122.03498512386112
0.36,633,3,1.0105836187845345,118.06659081299325
0.36,634,1,0.9919355159490266,-2.2202020158198144
0.36,634,2,1.0064064457477377,-122.2392492079844
0.36,634,3,0.9944216673829466,117.85745269378367
0.36,671,1,0.9836965327931385,-4.166590608637567
0.36,671,2,1.032156718855708,-122.9240101734688
0.36,671,3,0.9788911974523488,116.47083323781622
0.36,645,2,1.01470659560751,-122.20162688057441
0.36,645,3,1.0108382591988343,118.06871020937614
0.36,646,2,1.0130038817972138,-122.27837695832088
0.36,646,3,1.008806710518257,118.11367150194276
0.36,692,1,0.9836965245475501,-4.166590479012908
0.36,692,2,1.0321567177649287,-122.92401031937897
0.36,692,3,0.9788911909624272,116.47083328540369
0.36,675,1,0.9778818438985432,-4.37203402621726
0.36,675,2,1.0342387663350745,-123.09798637204426
0.36,675,3,0.9775470432546044,116.4908653424278
0.36,611,3,0.9747861842358124,116.2305767692763
0.36,652,1,0.9758318376190643,-4.139182974985804
0.36,670,1,1.005171397061536,-2.5551995196128576
0.36,670,2,1.0259585403861595,-122.33450279852464
0.36,670,3,1.0003622088517772,117.48337731608963
0.36,632,1,1.0159007560946387,-1.7738867869291377
0.36,632,2,1.0239445984213618,-122.0174645621227
0.36,632,3,1.0127440654618514,118.04386378656234
0.36,680,1,0.983846989844712,-4.146451572394251
0.36,680,2,1.032195534314296,-122.90520246858048
0.36,680,3,0.9790356764086957,116.49283446564955
0.36,684,1,0.9813742565229111,-4.213838631616429
0.36,684,3,0.9767835562674146,116.37651327557242
0.37,sourcebus,1,0.999988934873022,29.993406011144568
0.37,sourcebus,2,0.9999925503451708,-90.00867439293067
0.37,sourcebus,3,0.9999592974439371,149.99218638229064
0.37,650,1,0.9999304301969798,-0.00932985296401362
0.37,650,2,0.9999772624446589,-120.01012394774173
0.37,650,3,0.9999337345892307,119.98818235291006
0.37,rg60,1,1.0560697904725176,-0.010634746168339104
0.37,rg60,2,1.0373923626732142,-120.01217366271473
0.37,rg60,3,1.0560647486666739,119.986333127537
0.37,633,1,1.013237842763138,-1.8127028386153217
0.37,633,2,1.0223758312189808,-122.03498576968714
0.37,633,3,1.0105836485500133,118.06659090777981
0.37,634,1,0.9919355312274869,-2.2202030593841484
0.37,634,2,1.0064064998264621,-122.23924983195192
0.37,634,3,0.9944216976488338,117.85745280119838
0.37,671,1,0.9836965637723208,-4.1665926935098385
0.37,671,2,1.032156824314006,-122.92401139742486
0.37,671,3,0.9788912568595949,116.47083351760354
0.37,645,2,1.0147066489299195,-122.20162751956843
0.37,645,3,1.010838288691721,118.0687103102546
0.37,646,2,1.0130039350558946,-122.2783775960975
0.37,646,3,1.0088067399462004,118.11367160470961
0.37,692,1,0.9836965555267327,-4.166592563885196
0.37,692,2,1.032156823223227,-122.92401154333503
0.37,692,3,0.9788912503696736,116.47083356519096
0.37,675,1,0.9778818751186092,-4.372036099455385
0.37,675,2,1.0342388718528293,-123.09798759043407
0.37,675,3,0.977547103124653,116.49086560925882
0.37,611,3,0.9747862438427246,116.23057705595888
0.37,652,1,0.9758318683391077,-4.139185054942616
0.37,670,1,1.0051714171552335,-2.55520092106628
0.37,670,2,1.0259586109453565,-122.33450364645076
0.37,670,3,1.0003622484974861,117.4833774641291
0.37,632,1,1.0159007710042849,-1.773887843726313
0.37,632,2,1.0239446515074457,-122.01746520910721
0.37,632,3,1.0127440951537594,118.04386388127242
0.37,680,1,0.9838470335506161,-4.146453975628871
0.37,680,2,1.0321956522073712,-122.90520377175432
0.37,680,3,0.9790357496488045,116.49283443632531
0.37,684,1,0.9813742874174347,-4.213840711573239
0.37,684,3,0.9767836157935645,116.37651355791459
0.38,sourcebus,1,0.9999889349971189,29.99340601019753
0.38,sourcebus,2,0.9999925504653915,-90.00867439539554
0.38,sourcebus,3,0.9999592975431505,149.99218638077707
0.38,650,1,0.9999304303376095,-0.009329854015021769
0.38,650,2,0.9999772626222122,-120.01012394985983
0.38,650,3,0.9999337347278993,119.98818235034165
0.38,rg60,1,1.0560697906629481,-0.010634749502999967
0.38,rg60,2,1.037392362919158,-120.01217366825745
0.38,rg60,3,1.0560647488578405,119.98633312256761
0.38,633,1,1.0132378577255559,-1.8127037930759182
0.38,633,2,1.0223758790029789,-122.03498632667682
0.38,633,3,1.0105836759940208,118.06659091616534
0.38,634,1,0.9919355465210882,-2.2202040015050124
0.38,634,2,1.0064065484031834,-122.2392503692585
0.38,634,3,0.9944217255575415,117.8574528212688
0.38,671,1,0.9836965946828938,-4.166594570689605
0.38,671,2,1.0321569190061832,-122.92401245008068
0.38,671,3,0.978891311706393,116.47083361129695
0.38,645,2,1.014706696820449,-122.20162807038044
0.38,645,3,1.0108383158861982,118.06871032413152
0.38,646,2,1.0130039828868287,-122.27837814581765
0.38,646,3,1.0088067670797614,118.11367162016545
0.38,692,1,0.983696586437306,-4.166594441064981
0.38,692,2,1.0321569179154042,-122.92401259599085
0.38,692,3,0.9788913052164718,116.47083365888437
0.38,675,1,0.9778819062676859,-4.372037965830205
0.38,675,2,1.0342389665983125,-123.09798863784502
0.38,675,3,0.9775471583853355,116.49086569122065
0.38,611,3,0.9747862988716821,116.2305771561021
0.38,652,1,0.9758318989922449,-4.1391869276885895
0.38,670,1,1.0051714372578975,-2.5552021862615195
0.38,670,2,1.025958674313563,-122.33450437706044
0.38,670,3,1.0003622850676133,117.48337749386404
0.38,632,1,1.0159007859371583,-1.773888798956854
0.38,632,2,1.0239446991883088,-122.01746576710579
0.38,632,3,1.0127441225300733,118.0438638896126
0.38,680,1,0.9838470763335883,-4.146456149869026
0.38,680,2,1.0321957584997377,-122.90520489816143
0.38,680,3,0.9790358173997672,116.49283424167827
0.38,684,1,0.981374318244672,-4.213842584319215
0.38,684,3,0.9767836707474897,116.376513654042
0.39,sourcebus,1,0.9999889351111305,29.993406009280484
0.39,sourcebus,2,0.9999925505761919,-90.00867439765366
0.39,sourcebus,3,0.9999592976352819,149.99218637934885
0.39,650,1,0.999930430467853,-0.009329855042671567
0.39,650,2,0.9999772627848634,-120.01012395181758
0.39,650,3,0.9999337348565385,119.98818234795563
0.39,rg60,1,1.0560697908396721,-0.01063475266471235
0.39,rg60,2,1.0373923631441333,-120.01217367333442
0.39,rg60,3,1.0560647490348765,119.98633311792464
0.39,633,1,1.0132378724758055,-1.812704656299029
0.39,633,2,1.0223759220105775,-122.03498681173647
0.39,633,3,1.0105837014303218,118.066590867666
0.39,634,1,0.9919355615991544,-2.2202048525384828
0.39,634,2,1.0064065921236345,-122.23925083661048
0.39,634,3,0.9944217514240177,117.85745278359296
0.39,671,1,0.9836966250597756,-4.166596262772236
0.39,671,2,1.0321570042203,-122.92401336450725
0.39,671,3,0.9788913625895646,116.47083358150839
0.39,645,2,1.0147067399215244,-122.20162854989526
0.39,645,3,1.0108383410940749,118.06871028061848
0.39,646,2,1.0130040259324626,-122.27837862436554
0.39,646,3,1.0088067922306683,118.11367157797629
0.39,692,1,0.9836966168141877,-4.166596133147629
0.39,692,2,1.0321570031295209,-122.92401351041744
0.39,692,3,0.9788913560996438,116.47083362909581
0.39,675,1,0.9778819368816846,-4.372039647860207
0.39,675,2,1.0342390518593472,-123.0979895472469
0.39,675,3,0.977547209639517,116.49086565067306
0.39,611,3,0.974786349921294,116.23057713233882
0.39,652,1,0.9758319291172137,-4.139188615730845
0.39,670,1,1.0051714570556056,-2.555203329405106
0.39,670,2,1.0259587313456306,-122.33450501279658
0.39,670,3,1.000362318973368,117.48337744552762
0.39,632,1,1.0159008006571957,-1.773889662980024
0.39,632,2,1.0239447421039227,-122.01746625306144
0.39,632,3,1.0127441479040145,118.04386384113782
0.39,680,1,0.9838471177859154,-4.146458119149607
0.39,680,2,1.0321958545357888,-122.90520588124971
0.39,680,3,0.9790358803206045,116.49283394292581
0.39,684,1,0.9813743485407413,-4.213844272361471
0.39,684,3,0.9767837217275741,116.37651362655473
0.4,sourcebus,1,0.9999889352159397,29.993406008395812
0.4,sourcebus,2,0.999992550678231,-90.00867439963285
0.4,sourcebus,3,0.9999592977221594,149.99218637805436
0.4,650,1,0.9999304305894164,-0.009329856039127836
0.4,650,2,0.999977262933463,-120.01012395358441
0.4,650,3,0.9999337349769577,119.98818234588327
0.4,rg60,1,1.0560697910046275,-0.010634755655606717
0.4,rg60,2,1.037392363349582,-120.0121736779459
0.4,rg60,3,1.0560647492013675,119.98633311378349
0.4,633,1,1.0132378863769482,-1.812705439744747
0.4,633,2,1.0223759610306256,-122.03498725766528
0.4,633,3,1.0105837255795465,118.0665908383363
0.4,634,1,0.9919355758134514,-2.220205624416812
0.4,634,2,1.006406631788452,-122.23925126649853
0.4,634,3,0.9944217759789582,117.85745276450515
0.4,671,1,0.9836966536435949,-4.1665977965682055
0.4,671,2,1.0321570815455776,-122.924014205418
0.4,671,3,0.978891410858879,116.47083358860027
0.4,645,2,1.0147067790270412,-122.20162899091977
0.4,645,3,1.0108383650314023,118.06871025583244
0.4,646,2,1.0130040649876209,-122.27837906459192
0.4,646,3,1.008806816115351,118.11367155434849
0.4,692,1,0.9836966453980075,-4.166597666943614
0.4,692,2,1.0321570804547988,-122.92401435132821
0.4,692,3,0.9788914043689583,116.47083363618762
0.4,675,1,0.9778819656949116,-4.3720411721933905
0.4,675,2,1.0342391292218804,-123.09799038335422
0.4,675,3,0.9775472582554539,116.49086564738553
0.4,611,3,0.9747863983471706,116.23057714511674
0.4,652,1,0.9758319574642508,-4.139190145726655
0.4,670,1,1.0051714757029526,-2.5552043665759725
0.4,670,2,1.0259587830938697,-122.33450559729056
0.4,670,3,1.000362351152946,117.48337742246275
0.4,632,1,1.0159008145287667,-1.7738904472599606
0.4,632,2,1.0239447810419693,-122.01746669979343
0.4,632,3,1.0127441719937624,118.0438638119045
0.4,680,1,0.9838471567020802,-4.146459911589335
0.4,680,2,1.0321959419571436,-122.90520678609477
0.4,680,3,0.9790359398187597,116.49283369907788
0.4,684,1,0.9813743770487803,-4.213845802357282
0.4,684,3,0.976783770087894,116.3765136358076
0.41000000000000003,sourcebus,1,0.999988935312363,29.99340600754499
0.41000000000000003,sourcebus,2,0.9999925507724138,-90.00867440145197
0.41000000000000003,sourcebus,3,0.9999592978028231,149.99218637683057
0.41000000000000003,650,1,0.9999304307020391,-0.009329857006026877
0.41000000000000003,650,2,0.9999772630698391,-120.01012395522014
0.41000000000000003,650,3,0.9999337350887153,119.9881823439496
0.41000000000000003,rg60,1,1.0560697911577333,-0.010634758486104996
0.41000000000000003,rg60,2,1.0373923635378706,-120.01217368217743
0.41000000000000003,rg60,3,1.0560647493556004,119.98633310990371
0.41000000000000003,633,1,1.0132378999712641,-1.8127061500619497
0.41000000000000003,633,2,1.0223759962245595,-122.03498764602581
0.41000000000000003,633,3,1.0105837479587452,118.06659076473683
0.41000000000000003,634,1,0.9919355897103835,-2.22020632349074
0.41000000000000003,634,2,1.0064066675652306,-122.23925164037492
0.41000000000000003,634,3,0.9944217987368078,117.85745270043071
0.41000000000000003,671,1,0.9836966815333886,-4.166599182488324
0.41000000000000003,671,2,1.0321571512736822,-122.9240149357432
0.41000000000000003,671,3,0.97889145562908,116.47083349873255
0.41000000000000003,645,2,1.014706814296176,-122.20162937484837
0.41000000000000003,645,3,1.0108383872157447,118.06871018634745
0.41000000000000003,646,2,1.0130041002098227,-122.27837944781234
0.41000000000000003,646,3,1.0088068382504307,118.11367148582737
0.41000000000000003,692,1,0.9836966732878015,-4.166599052863748
0.41000000000000003,692,2,1.0321571501829034,-122.92401508165338
0.41000000000000003,692,3,0.9788914491391598,116.47083354631991
0.41000000000000003,675,1,0.9778819938080963,-4.372042549296968
0.41000000000000003,675,2,1.0342391989826027,-123.09799110915183
0.41000000000000003,675,3,0.9775473033387676,116.49086554800337
0.41000000000000003,611,3,0.9747864432614096,116.2305770605766
0.41000000000000003,652,1,0.9758319851235786,-4.1391915281867
0.41000000000000003,670,1,1.005171493926742,-2.555205305994789
0.41000000000000003,670,2,1.025958829764652,-122.33450610585379
0.41000000000000003,670,3,1.0003623809823246,117.48337733839769
0.41000000000000003,632,1,1.0159008280943547,-1.7738911584074486
0.41000000000000003,632,2,1.0239448161621352,-122.01746708885457
0.41000000000000003,632,3,1.0127441943177098,118.04386373842036
0.41000000000000003,680,1,0.9838471942307847,-4.146461538841374
0.41000000000000003,680,2,1.0321960211038337,-122.90520757596003
0.41000000000000003,680,3,0.9790359950639484,116.49283337511976
0.41000000000000003,684,1,0.9813744048652047,-4.213847184817329
0.41000000000000003,684,3,0.9767838149409412,116.3765135479905
0.42,sourcebus,1,0.9999889354011371,29.993406006728904
0.42,sourcebus,2,0.9999925508593396,-90.00867440309958
0.42,sourcebus,3,0.9999592978781022,149.99218637569047
0.42,650,1,0.9999304308066829,-0.009329857938823434
0.42,650,2,0.9999772631949427,-120.01012395672346
0.42,650,3,0.9999337351927418,119.98818234218695
0.42,rg60,1,1.0560697913001598,-0.010634761159997926
0.42,rg60,2,1.0373923637104159,-120.01217368605207
0.42,rg60,3,1.0560647494992061,119.98633310632633
0.42,633,1,1.0132379130506803,-1.8127067950173488
0.42,633,2,1.0223760280726086,-122.03498799086883
0.42,633,3,1.0105837688605048,118.06659067398417
0.42,634,1,0.9919356030822936,-2.2202069576035366
0.42,634,2,1.006406699940015,-122.23925197211965
0.42,634,3,0.9944218199915099,117.85745261856538
0.42,671,1,0.9836967083181527,-4.166600437579304
0.42,671,2,1.032157214369172,-122.92401558308119
0.42,671,3,0.9788914974566819,116.47083336933812
0.42,645,2,1.0147068462112572,-122.20162971572014
0.42,645,3,1.0108384079379773,118.06871009934352
0.42,646,2,1.0130041320815164,-122.27837978807203
0.42,646,3,1.00880685892676,118.11367139963586
0.42,692,1,0.983696700072566,-4.1666003079547425
0.42,692,2,1.0321572132783932,-122.92401572899139
0.42,692,3,0.9788914909667615,116.47083341692547
0.42,675,1,0.9778820208098319,-4.3720437961543706
0.42,675,2,1.0342392621056604,-123.09799175218079
0.42,675,3,0.9775473454517635,116.49086540973637
0.42,611,3,0.9747864852221373,116.23057693617275
0.42,652,1,0.9758320116875053,-4.139192780086818
0.42,670,1,1.0051715114498532,-2.5552061583340193
0.42,670,2,1.0259588719983996,-122.33450655716264
0.42,670,3,1.0003624088449157,117.48337723025666
0.42,632,1,1.0159008411454722,-1.7738918041955078
0.42,632,2,1.0239448479441937,-122.01746743432179
0.42,632,3,1.0127442151679504,118.04386364782222
0.42,680,1,0.9838472300076032,-4.146463019114536
0.42,680,2,1.0321960929860778,-122.90520827874987
0.42,680,3,0.9790360466631591,116.49283302734845
0.42,684,1,0.9813744315800059,-4.213848436717445
0.42,684,3,0.9767838568446067,116.37651342052712
0.43,sourcebus,1,0.9999889354829213,29.99340600594803
0.43,sourcebus,2,0.9999925509396169,-90.00867440459318
0.43,sourcebus,3,0.9999592979483575,149.992186374628
0.43,650,1,0.9999304309039341,-0.009329858836149623
0.43,650,2,0.9999772633097966,-120.01012395810581
0.43,650,3,0.9999337352895918,119.98818234057872
0.43,rg60,1,1.05606979143267,-0.010634763683885162
0.43,rg60,2,1.0373923638686664,-120.01217368960263
0.43,rg60,3,1.056064749632946,119.98633310302598
0.43,633,1,1.0132379255969641,-1.812707381301513
0.43,633,2,1.0223760569250262,-122.03498829735176
0.43,633,3,1.0105837883835334,118.06659057017283
0.43,634,1,0.9919356159093163,-2.2202075334840066
0.43,634,2,1.0064067292694021,-122.23925226673916
0.43,634,3,0.994421839844256,117.85745252305594
0.43,671,1,0.9836967339712094,-4.166601575530693
0.43,671,2,1.0321572715257883,-122.92401615734745
0.43,671,3,0.9788915365358541,116.47083320910414
0.43,645,2,1.0147068751235233,-122.2016300186368
0.43,645,3,1.0108384272953415,118.06870999894659
0.43,646,2,1.0130041609536526,-122.27838009046023
0.43,646,3,1.0088068782413475,118.113671299921
0.43,692,1,0.9836967257256223,-4.166601445906148
0.43,692,2,1.0321572704350095,-122.92401630325767
0.43,692,3,0.9788915300459341,116.47083325669145
0.43,675,1,0.9778820466723156,-4.372044926413453
0.43,675,2,1.0342393192854415,-123.09799232236506
0.43,675,3,0.9775473847918016,116.49086524122743
0.43,611,3,0.9747865244246209,116.23057678061701
0.43,652,1,0.975832037129422,-4.139193915094938
0.43,670,1,1.0051715282503764,-2.5552069325614797
0.43,670,2,1.0259589102592506,-122.33450695801861
0.43,670,3,1.0003624348715372,117.4833771036015
0.43,632,1,1.0159008536642624,-1.7738923913050753
0.43,632,2,1.0239448767374077,-122.01746774135825
0.43,632,3,1.0127442346428257,118.04386354419039
0.43,680,1,0.9838472640493112,-4.146464367174026
0.43,680,2,1.0321961583399721,-122.90520890466675
0.43,680,3,0.9790360948578436,116.49283266339253
0.43,684,1,0.9813744571664248,-4.213849571725566
0.43,684,3,0.9767838959937728,116.37651326211282
0.44,sourcebus,1,0.9999889355582263,29.993406005237006
0.44,sourcebus,2,0.9999925510142516,-90.00867440592762
0.44,sourcebus,3,0.999959298013902,149.99218637363856
0.44,650,1,0.9999304309941102,-0.00932985968025564
0.44,650,2,0.999977263415657,-120.01012395932244
0.44,650,3,0.9999337353800846,119.98818233911267
0.44,rg60,1,1.0560697915557424,-0.010634766047006338
0.44,rg60,2,1.0373923640147529,-120.01217369278262
0.44,rg60,3,1.056064749757822,119.98633309998216
0.44,633,1,1.0132379377484726,-1.8127079249548288
0.44,633,2,1.0223760832782378,-122.03498854469275
0.44,633,3,1.0105838064244712,118.06659045567318
0.44,634,1,0.9919356283314519,-2.220208067085623
0.44,634,2,1.0064067560576129,-122.23925250325314
0.44,634,3,0.9944218581909389,117.85745241624149
0.44,671,1,0.9836967587963971,-4.166602628559047
0.44,671,2,1.0321573237048423,-122.92401661628921
0.44,671,3,0.9788915726601394,116.47083302236794
0.44,645,2,1.014706901529825,-122.20163026266934
0.44,645,3,1.0108384451828965,118.06870988758328
0.44,646,2,1.0130041873221396,-122.27838033400029
0.44,646,3,1.0088068960886762,118.11367118912824
0.44,692,1,0.9836967505508103,-4.166602498934513
0.44,692,2,1.0321573226140635,-122.92401676219944
0.44,692,3,0.9788915661702193,116.47083306995525
0.44,675,1,0.9778820716996428,-4.372045972297858
0.44,675,2,1.0342393714844365,-123.09799277751881
0.44,675,3,0.977547421152694,116.49086504689956
0.44,611,3,0.9747865606626854,116.2305765982493
0.44,652,1,0.9758320617505408,-4.139194965393655
0.44,670,1,1.0051715445191123,-2.5552076501022554
0.44,670,2,1.0259589452000466,-122.3345072804907
0.44,670,3,1.0003624589242925,117.48337696147297
0.44,632,1,1.0159008657891997,-1.7738929357803932
0.44,632,2,1.023944903037105,-122.01746798916818
0.44,632,3,1.0127442526387849,118.0438634298743
0.44,680,1,0.9838472967003361,-4.14646561624444
0.44,680,2,1.0321962181661704,-122.90520941172976
0.44,680,3,0.9790361394857102,116.49283228661342
0.44,684,1,0.981374481927384,-4.213850622024277
0.44,684,3,0.9767839321824063,116.3765130770997
0.45,sourcebus,1,0.9999889356277767,29.993406004526687
0.45,sourcebus,2,0.9999925510828274,-90.00867440715899
0.45,sourcebus,3,0.9999592980750875,149.9921863727161
0.45,650,1,0.9999304310781677,-0.00932986050361981
0.45,650,2,0.9999772635126882,-120.01012396049393
0.45,650,3,0.9999337354640591,119.98818233777014
0.45,rg60,1,1.0560697916705102,-0.010634768289530892
0.45,rg60,2,1.0373923641481928,-120.01217369577145
0.45,rg60,3,1.0560647498738431,119.98633309716817
0.45,633,1,1.013237949216802,-1.8127084108017024
0.45,633,2,1.0223761070308235,-122.034988787219
0.45,633,3,1.0105838234498066,118.0665903348892
0.45,634,1,0.9919356400579257,-2.220208543393665
0.45,634,2,1.0064067802029215,-122.23925273601178
0.45,634,3,0.9944218755030103,117.85745230268716
0.45,671,1,0.9836967821822397,-4.166603566711102
0.45,671,2,1.0321573707515916,-122.92401706899344
0.45,671,3,0.9788916067579626,116.47083282012217
0.45,645,2,1.014706925330335,-122.20163050231463
0.45,645,3,1.0108384620670845,118.06870976964665
0.45,646,2,1.0130042110882678,-122.2783805732526
0.45,646,3,1.0088069129357076,118.11367107166527
0.45,692,1,0.9836967739366531,-4.166603437086583
0.45,692,2,1.032157369660813,-122.92401721490367
0.45,692,3,0.9788916002680428,116.47083286770948
0.45,675,1,0.9778820952795476,-4.372046903741476
0.45,675,2,1.0342394185474306,-123.09799322655518
0.45,675,3,0.9775474554684241,116.49086483745637
0.45,611,3,0.9747865948661826,116.23057640010474
0.45,652,1,0.975832084944553,-4.139195901035204
0.45,670,1,1.0051715598626991,-2.555208290751636
0.45,670,2,1.0259589766972994,-122.33450759729791
0.45,670,3,1.0003624816247232,117.48337681029204
0.45,632,1,1.0159008772315943,-1.773893422422489
0.45,632,2,1.023944926741876,-122.01746823213625
0.45,632,3,1.0127442696222515,118.04386330930811
0.45,680,1,0.9838473273867724,-4.146466737314939
0.45,680,2,1.0321962723472846,-122.9052099092594
0.45,680,3,0.9790361815161551,116.49283190707429
0.45,684,1,0.9813745052531309,-4.213851557665825
0.45,684,3,0.9767839663394948,116.3765128764632
0.46,sourcebus,1,0.9999889356920534,29.993406003816336
0.46,sourcebus,2,0.9999925511458007,-90.00867440829941
0.46,sourcebus,3,0.9999592981322099,149.99218637185538
0.46,650,1,0.9999304311565587,-0.009329861307075143
0.46,650,2,0.9999772636016309,-120.0101239616287
0.46,650,3,0.9999337355419633,119.98818233653931
0.46,rg60,1,1.0560697917775599,-0.010634770418886524
0.46,rg60,2,1.0373923642700293,-120.01217369859309
0.46,rg60,3,1.0560647499816254,119.98633309456494
0.46,633,1,1.0132379599954864,-1.8127088436611694
0.46,633,2,1.0223761284292803,-122.034989028712
0.46,633,3,1.0105838395447764,118.06659021049312
0.46,634,1,0.9919356510795314,-2.220208967282303
0.46,634,2,1.0064068019551193,-122.23925296870587
0.46,634,3,0.9944218918689418,117.85745218512437
0.46,671,1,0.9836968041246991,-4.1666043998706845
0.46,671,2,1.0321574131557623,-122.92401752263048
0.46,671,3,0.9788916389953791,116.47083260805297
0.46,645,2,1.0147069467720258,-122.20163074131105
0.46,645,3,1.0108384780318609,118.06870964782183
0.46,646,2,1.0130042324987996,-122.2783808119478
0.46,646,3,1.0088069288662118,118.11367095023122
0.46,692,1,0.9836967958791126,-4.166604270246177
0.46,692,2,1.0321574120649837,-122.92401766854069
0.46,692,3,0.9788916325054596,116.47083265564022
0.46,675,1,0.9778821174064285,-4.372047730589307
0.46,675,2,1.0342394609643724,-123.09799367667107
0.46,675,3,0.9775474879081867,116.49086461854733
0.46,611,3,0.974786627202326,116.230576191898
0.46,652,1,0.9758321067072318,-4.139196731890066
0.46,670,1,1.005171574274998,-2.555208860980828
0.46,670,2,1.025959005078212,-122.33450791339217
0.46,670,3,1.000362503085136,117.4833766536889
0.46,632,1,1.0159008879855862,-1.7738938560466366
0.46,632,2,1.0239449480976581,-122.01746847403899
0.46,632,3,1.0127442856779054,118.043863185148
0.46,680,1,0.9838473561399232,-4.1464677411396815
0.46,680,2,1.032196321407389,-122.90521040465315
0.46,680,3,0.9790362211535916,116.4928315295969
0.46,684,1,0.9813745271394146,-4.213852388520692
0.46,684,3,0.9767839986317802,116.37651266590088
0.47000000000000003,sourcebus,1,0.999988935751242,29.99340600320878
0.47000000000000003,sourcebus,2,0.9999925512050087,-90.00867440932973
0.47000000000000003,sourcebus,3,0.999959298185016,149.99218637103547
0.47000000000000003,650,1,0.9999304312287166,-0.00932986204188465
0.47000000000000003,650,2,0.9999772636843515,-120.01012396258378
0.47000000000000003,650,3,0.9999337356147646,119.98818233536579
0.47000000000000003,rg60,1,1.0560697918764357,-0.010634772391159099
0.47000000000000003,rg60,2,1.037392364383889,-120.01217370105563
0.47000000000000003,rg60,3,1.0560647500817766,119.98633309209343
0.47000000000000003,633,1,1.0132379707250523,-1.8127092575491213
0.47000000000000003,633,2,1.0223761481577849,-122.03498918801736
0.47000000000000003,633,3,1.0105838540036551,118.06659005850764
0.47000000000000003,634,1,0.9919356620454636,-2.2202093723444443
0.47000000000000003,634,2,1.0064068220089315,-122.23925311991098
0.47000000000000003,634,3,0.9944219065750717,117.85745203932645
0.47000000000000003,671,1,0.9836968259689369,-4.166605194727478
0.47000000000000003,671,2,1.0321574521957564,-122.92401781372222
0.47000000000000003,671,3,0.978891667995326,116.47083233340754
0.47000000000000003,645,2,1.0147069665372384,-122.2016308981373
0.47000000000000003,645,3,1.0108384923702494,118.06870949822004
0.47000000000000003,646,2,1.0130042522333975,-122.2783809684264
0.47000000000000003,646,3,1.0088069431717357,118.1136708009319
0.47000000000000003,692,1,0.9836968177233508,-4.166605065102983
0.47000000000000003,692,2,1.0321574511049776,-122.92401795963245
0.47000000000000003,692,3,0.9788916615054067,116.47083238099475
0.47000000000000003,675,1,0.9778821394288125,-4.372048519666182
0.47000000000000003,675,2,1.0342395000171858,-123.09799396460646
0.47000000000000003,675,3,0.977547517085681,116.49086433794463
0.47000000000000003,611,3,0.9747866562916842,116.23057592082566
0.47000000000000003,652,1,0.9758321283726447,-4.139197524634044
0.47000000000000003,670,1,1.0051715886251928,-2.5552094059165
0.47000000000000003,670,2,1.0259590312313407,-122.33450812004294
0.47000000000000003,670,3,1.0003625223724453,117.48337645850194
0.47000000000000003,632,1,1.0159008986915532,-1.7738942706882377
0.47000000000000003,632,2,1.0239449677870058,-122.01746863365787
0.47000000000000003,632,3,1.0127443001005894,118.04386303336206
0.47000000000000003,680,1,0.9838473843379791,-4.146468695234595
0.47000000000000003,680,2,1.0321963666562977,-122.90521073466445
0.47000000000000003,680,3,0.9790362570571703,116.49283110066946
0.47000000000000003,684,1,0.9813745489278802,-4.213853181264672
0.47000000000000003,684,3,0.9767840276811492,116.37651239269879
0.48,sourcebus,1,0.9999889358060181,29.993406002600068
0.48,sourcebus,2,0.9999925512592943,-90.0086744102262
0.48,sourcebus,3,0.9999592982351957,149.99218637030728
0.48,650,1,0.999930431296677,-0.009329862753161357
0.48,650,2,0.9999772637599084,-120.01012396348695
0.48,650,3,0.999933735682984,119.98818233438641
0.48,rg60,1,1.056069791969359,-0.010634774258459889
0.48,rg60,2,1.0373923644875929,-120.01217370336258
0.48,rg60,3,1.056064750176459,119.98633308993897
0.48,633,1,1.01323798040938,-1.812709627356691
0.48,633,2,1.0223761661300466,-122.03498936832192
0.48,633,3,1.0105838680625516,118.06658995200334
0.48,634,1,0.9919356719508134,-2.2202097340397704
0.48,634,2,1.0064068402769424,-122.23925329284248
0.48,634,3,0.9944219208688638,117.85745193876838
0.48,671,1,0.9836968456624313,-4.166605904723848
0.48,671,2,1.032157487795787,-122.92401814930237
0.48,671,3,0.9788916961411539,116.47083215286216
0.48,645,2,1.0147069845451833,-122.2016310763644
0.48,645,3,1.010838506316853,118.0687093939038
0.48,646,2,1.0130042702144304,-122.27838114642485
0.48,646,3,1.0088069570884715,118.11367069689486
0.48,692,1,0.9836968374168455,-4.166605775099363
0.48,692,2,1.0321574867050083,-122.9240182952126
0.48,692,3,0.9788916896512346,116.4708322004494
0.48,675,1,0.9778821592905756,-4.372049224165154
0.48,675,2,1.034239535624883,-123.09799429708472
0.48,675,3,0.977547545403655,116.49086415138098
0.48,611,3,0.9747866845230505,116.23057574365954
0.48,652,1,0.9758321479050597,-4.1391982326040395
0.48,670,1,1.0051716015696681,-2.5552098927852995
0.48,670,2,1.0259590550654294,-122.33450835533613
0.48,670,3,1.0003625411139911,117.48337632472406
0.48,632,1,1.0159009083529884,-1.7738946412301333
0.48,632,2,1.0239449857245169,-122.01746881428208
0.48,632,3,1.0127443141248387,118.04386292710728
0.48,680,1,0.9838474099589937,-4.146469553803973
0.48,680,2,1.0321964080491839,-122.9052111065075
0.48,680,3,0.9790362916427637,116.49283077616708
0.48,684,1,0.9813745685712334,-4.213853889234663
0.48,684,3,0.9767840558744869,116.37651221348109
0.49,sourcebus,1,0.9999889358566516,29.99340600202342
0.49,sourcebus,2,0.9999925513096317,-90.00867441107258
0.49,sourcebus,3,0.9999592982816029,149.99218636961047
0.49,650,1,0.9999304313596095,-0.009329863431084388
0.49,650,2,0.9999772638297381,-120.0101239643342
0.49,650,3,0.9999337357462197,119.9881823334412
0.49,rg60,1,1.0560697920555673,-0.010634776015928889
0.49,rg60,2,1.0373923645832996,-120.0121737054994
0.49,rg60,3,1.056064750263911,119.98633308788072
0.49,633,1,1.0132379897689117,-1.8127099651173884
0.49,633,2,1.0223761824291087,-122.03498952213556
0.49,633,3,1.0105838810111851,118.06658982305647
0.49,634,1,0.9919356815190082,-2.2202100640542524
0.49,634,2,1.006406856845287,-122.23925343995657
0.49,634,3,0.9944219340372561,117.85745181534159
0.49,671,1,0.9836968646782026,-4.166606550651394
0.49,671,2,1.032157520069618,-122.9240184339647
0.49,671,3,0.9788917220930117,116.47083192228757
0.49,645,2,1.0147070008752375,-122.20163122826045
0.49,645,3,1.01083851916184,118.06870926693941
0.49,646,2,1.0130042865191298,-122.27838129810763
0.49,646,3,1.0088069699054045,118.11367057013977
0.49,692,1,0.9836968564326168,-4.16660642102692
0.49,692,2,1.0321575189788394,-122.92401857987494
0.49,692,3,0.9788917156030924,116.47083196987477
0.49,675,1,0.9778821784660235,-4.3720498649814
0.49,675,2,1.0342395679058158,-123.09799457887573
0.49,675,3,0.977547571511059,116.49086391535758
0.49,611,3,0.9747867105536782,116.23057551624653
0.49,652,1,0.9758321667653802,-4.1391988766990835
0.49,670,1,1.0051716140778664,-2.5552103369448274
0.49,670,2,1.0259590766776987,-122.3345085556764
0.49,670,3,1.0003625583818445,117.48337615977279
0.49,632,1,1.0159009176912128,-1.7738949796861405
0.49,632,2,1.0239450019918777,-122.01746896836504
0.49,632,3,1.0127443270412948,118.04386279838329
0.49,680,1,0.9838474345045741,-4.146470338346648
0.49,680,2,1.0321964457270771,-122.9052114249644
0.49,680,3,0.9790363236023388,116.49283041129881
0.49,684,1,0.9813745875386743,-4.213854533329713
0.49,684,3,0.9767840818695599,116.37651198416687
0.5,sourcebus,1,0.9999889359034869,29.993406001477787
0.5,sourcebus,2,0.9999925513562687,-90.00867441184546
0.5,sourcebus,3,0.9999592983249027,149.99218636896106
0.5,650,1,0.9999304314181766,-0.009329864073843699
0.5,650,2,0.9999772638941581,-120.01012396511705
0.5,650,3,0.9999337358051272,119.98818233257339
0.5,rg60,1,1.0560697921358562,-0.010634777666646764
0.5,rg60,2,1.0373923646715222,-120.01217370746818
0.5,rg60,3,1.0560647503453902,119.98633308597482
0.5,633,1,1.0132379986383468,-1.8127102741139052
0.5,633,2,1.0223761972969672,-122.03498965963509
0.5,633,3,1.0105838930974405,118.06658969508983
0.5,634,1,0.9919356905873478,-2.2202103656881227
0.5,634,2,1.0064068719582213,-122.23925357135195
0.5,634,3,0.9944219463278855,117.85745169251783
0.5,671,1,0.9836968826833649,-4.166607140207871
0.5,671,2,1.0321575495085753,-122.92401868786635
0.5,671,3,0.9788917463214959,116.47083169138958
0.5,645,2,1.014707015770909,-122.20163136403006
0.5,645,3,1.0108385311522872,118.06870914079475
0.5,646,2,1.0130043013912828,-122.27838143369483
0.5,646,3,1.008806981869699,118.11367044416063
0.5,692,1,0.9836968744377794,-4.166607010583405
0.5,692,2,1.032157548417797,-122.92401883377659
0.5,692,3,0.9788917398315768,116.47083173897678
0.5,675,1,0.9778821966234313,-4.372050449769324
0.5,675,2,1.0342395973504614,-123.09799483006029
0.5,675,3,0.9775475958820001,116.4908636793782
0.5,611,3,0.9747867348550648,116.23057528830162
0.5,652,1,0.9758321846235403,-4.1391994645578345
0.5,670,1,1.005171625927715,-2.55521074301837
0.5,670,2,1.0259590963924186,-122.3345087346371
0.5,670,3,1.0003625745007096,117.48337599557925
0.5,632,1,1.0159009265400993,-1.7738952893527822
0.5,632,2,1.0239450168312136,-122.0174691061081
0.5,632,3,1.012744339097624,118.04386267064471
0.5,680,1,0.9838474576685086,-4.146471057235683
0.5,680,2,1.032196480207622,-122.90521171036097
0.5,680,3,0.9790363534353114,116.49283005512116
0.5,684,1,0.9813746054982633,-4.2138551211884625
0.5,684,3,0.9767841061378643,116.37651175444913
0.51,sourcebus,1,0.9999889359468274,29.993406000962093
0.51,sourcebus,2,0.9999925513994984,-90.00867441255166
0.51,sourcebus,3,0.999959298365307,149.9921863683556
0.51,650,1,0.9999304314726876,-0.009329864682748074
0.51,650,2,0.9999772639536226,-120.01012396584056
0.51,650,3,0.9999337358600159,119.98818233177617
0.51,rg60,1,1.0560697922106357,-0.01063477921667431
0.51,rg60,2,1.0373923647528982,-120.01217370928299
0.51,rg60,3,1.0560647504213247,119.98633308420939
0.51,633,1,1.0132380070304503,-1.8127105571208988
0.51,633,2,1.0223762108740588,-122.03498978271045
0.51,633,3,1.0105839043809206,118.06658956916567
0.51,634,1,0.9919356991677162,-2.220210641727512
0.51,634,2,1.006406885759013,-122.23925368885436
0.51,634,3,0.9944219578021743,117.85745157139513
0.51,671,1,0.9836968997079711,-4.166607678964507
0.51,671,2,1.0321575763900526,-122.92401891461077
0.51,671,3,0.9788917689443208,116.470831462479
0.51,645,2,1.0147070293730298,-122.20163148553898
0.51,645,3,1.0108385423470094,118.06870901654223
0.51,646,2,1.013004314971581,-122.27838155504806
0.51,646,3,1.0088069930400387,118.11367032003663
0.51,692,1,0.9836968914623855,-4.1666075493400525
0.51,692,2,1.0321575752992744,-122.924019060521
0.51,692,3,0.978891762454402,116.4708315100662
0.51,675,1,0.9778822137924708,-4.3720509840735335
0.51,675,2,1.0342396242363738,-123.09799505424853
0.51,675,3,0.9775476186358814,116.49086344572787
0.51,611,3,0.9747867575455976,116.23057506215359
0.51,652,1,0.975832201509258,-4.139200001742059
0.51,670,1,1.005171637137418,-2.555211114702183
0.51,670,2,1.0259591143954299,-122.33450889470151
0.51,670,3,1.0003625895496042,117.48337583359626
0.51,632,1,1.0159009349126549,-1.773895573001573
0.51,632,2,1.0239450303825037,-122.0174692294009
0.51,632,3,1.0127443503531564,118.04386254494555
0.51,680,1,0.9838474795057773,-4.146471716660309
0.51,680,2,1.0321965117924916,-122.90521196645985
0.51,680,3,0.9790363812864803,116.4928297093365
0.51,684,1,0.9813746224798866,-4.213855658372687
0.51,684,3,0.9767841287975065,116.37651152664579
0.52,sourcebus,1,0.9999889359869514,29.993406000475165
0.52,sourcebus,2,0.9999925514395843,-90.00867441319748
0.52,sourcebus,3,0.9999592984030089,149.9921863677911
0.52,650,1,0.9999304315234309,-0.009329865258908592
0.52,650,2,0.9999772640085438,-120.0101239665095
0.52,650,3,0.9999337359111634,119.98818233104322
0.52,rg60,1,1.056069792280291,-0.010634780671488006
0.52,rg60,2,1.0373923648280037,-120.0121737109569
0.52,rg60,3,1.0560647504920961,119.98633308257344
0.52,633,1,1.0132380149623987,-1.8127108165445305
0.52,633,2,1.0223762232838873,-122.03498989298377
0.52,633,3,1.0105839149145308,118.06658944597251
0.52,634,1,0.991935707277643,-2.22021089456494
0.52,634,2,1.0064068983732308,-122.23925379403485
0.52,634,3,0.9944219685139333,117.85745145268461
0.52,671,1,0.9836969157891469,-4.1666081717459145
0.52,671,2,1.0321576009589037,-122.92401911729394
0.52,671,3,0.9788917900668347,116.4708312371253
0.52,645,2,1.0147070418054063,-122.20163159439223
0.52,645,3,1.0108385527983579,118.06870889488373
0.52,646,2,1.0130043273837028,-122.27838166376878
0.52,646,3,1.0088070034686547,118.11367019847538
0.52,692,1,0.9836969075435613,-4.166608042121469
0.52,692,2,1.0321575998681254,-122.92401926320417
0.52,692,3,0.9788917835769159,116.47083128471249
0.52,675,1,0.9778822300104829,-4.372051472697847
0.52,675,2,1.0342396488085992,-123.09799525452854
0.52,675,3,0.9775476398790552,116.49086321595308
0.52,611,3,0.9747867787310146,116.23057483938388
0.52,652,1,0.9758322174593337,-4.139200493066559
0.52,670,1,1.0051716477304005,-2.555211455203622
0.52,670,2,1.0259591308505218,-122.33450903800455
0.52,670,3,1.000362603598955,117.48337567478602
0.52,632,1,1.015900942826042,-1.7738958330384536
0.52,632,2,1.0239450427689654,-122.01746933986838
0.52,632,3,1.0127443608606659,118.04386242197273
0.52,680,1,0.9838475000767314,-4.146472322024917
0.52,680,2,1.0321965407492266,-122.90521219650415
0.52,680,3,0.9790364072864515,116.4928293749501
0.52,684,1,0.9813746385205537,-4.213856149697184
0.52,684,3,0.9767841499540797,116.37651130233044
0.53,sourcebus,1,0.9999889360241094,29.993406000015828
0.53,sourcebus,2,0.9999925514767158,-90.00867441375618
0.53,sourcebus,3,0.9999592984386505,149.9921863672834
0.53,650,1,0.9999304315709905,-0.009329865802213256
0.53,650,2,0.9999772640591088,-120.01012396711289
0.53,650,3,0.9999337359591987,119.98818233042044
0.53,rg60,1,1.0560697923455022,-0.010634782035215158
0.53,rg60,2,1.0373923648971728,-120.01217371248659
0.53,rg60,3,1.0560647505589376,119.98633308112684
0.53,633,1,1.0132380222563577,-1.8127110552094647
0.53,633,2,1.0223762347330034,-122.03499000028938
0.53,633,3,1.010583924948248,118.0665893492126
0.53,634,1,0.991935714736683,-2.2202111271466127
0.53,634,2,1.0064069100102548,-122.23925389665015
0.53,634,3,0.994421978716388,117.85745136018255
0.53,671,1,0.9836969305739721,-4.1666086253123575
0.53,671,2,1.0321576236331265,-122.92401931534117
0.53,671,3,0.9788918101596873,116.47083106541706
0.53,645,2,1.0147070532760676,-122.20163170043787
0.53,645,3,1.010838562754916,118.0687087995391
0.53,646,2,1.0130043388359953,-122.27838176972283
0.53,646,3,1.0088070134042406,118.11367010322066
0.53,692,1,0.9836969223283869,-4.16660849568792
0.53,692,2,1.0321576225423479,-122.9240194612514
0.53,692,3,0.9788918036697687,116.47083111300424
0.53,675,1,0.9778822449232815,-4.3720519223454835
0.53,675,2,1.034239671483874,-123.09799545031429
0.53,675,3,0.9775476600878279,116.49086303994153
0.53,611,3,0.9747867988838138,116.23057467011155
0.53,652,1,0.9758322321235504,-4.139200945241447
0.53,670,1,1.0051716574701821,-2.5552117685215867
0.53,670,2,1.025959146033767,-122.3345091776335
0.53,670,3,1.0003626169747801,117.48337555138772
0.53,632,1,1.0159009501026781,-1.7738960722944808
0.53,632,2,1.0239450541969641,-122.01746944735083
0.53,632,3,1.0127443708693302,118.0438623254344
0.53,680,1,0.9838475190502259,-4.146472880625905
0.53,680,2,1.0321965675170615,-122.90521242005674
0.53,680,3,0.9790364319292317,116.49282910150802
0.53,684,1,0.9813746532680586,-4.21385660187207
0.53,684,3,0.976784170079582,116.37651113159056
0.54,sourcebus,1,0.9999889360585449,29.993405999582833
0.54,sourcebus,2,0.9999925515112753,-90.00867441432986
0.54,sourcebus,3,0.9999592984710207,149.99218636677392
0.54,650,1,0.9999304316146604,-0.009329866318085302
0.54,650,2,0.9999772641062205,-120.01012396770071
0.54,650,3,0.9999337360032623,119.98818232974824
0.54,rg60,1,1.0560697924056284,-0.010634783316827521
0.54,rg60,2,1.0373923649614474,-120.01217371392796
0.54,rg60,3,1.0560647506195633,119.98633307965073
0.54,633,1,1.013238029514321,-1.8127112731674977
0.54,633,2,1.0223762450349703,-122.03499008073027
0.54,633,3,1.0105839339299645,118.06658921000965
0.54,634,1,0.9919357221548978,-2.2202113391273897
0.54,634,2,1.0064069204828983,-122.23925397285066
0.54,634,3,0.9944219878518966,117.85745122482578
0.54,671,1,0.9836969452692018,-4.1666090364182065
0.54,671,2,1.0321576440164282,-122.92401946115304
0.54,671,3,0.978891828204198,116.47083080219508
0.54,645,2,1.014707063595237,-122.20163177967368
0.54,645,3,1.0108385716665846,118.06870866162177
0.54,646,2,1.0130043491372633,-122.27838184884261
0.54,646,3,1.0088070222959213,118.11366996533339
0.54,692,1,0.9836969370236166,-4.166608906793779
0.54,692,2,1.0321576429256498,-122.9240196070633
0.54,692,3,0.978891821714279,116.47083084978225
0.54,675,1,0.9778822597417952,-4.372052329860895
0.54,675,2,1.0342396918702685,-123.09799559402522
0.54,675,3,0.9775476782306939,116.49086277305128
0.54,611,3,0.9747868169814362,116.2305744091358
0.54,652,1,0.9758322466992073,-4.139201355137765
0.54,670,1,1.0051716671598938,-2.555212054008333
0.54,670,2,1.0259591596910331,-122.33450928169566
0.54,670,3,1.0003626289620953,117.48337536980131
0.54,632,1,1.0159009573439797,-1.7738962907999118
0.54,632,2,1.0239450644794872,-122.01746952793978
0.54,632,3,1.0127443798288207,118.04386218642564
0.54,680,1,0.9838475376529316,-4.146473389734046
0.54,680,2,1.0321965917191929,-122.90521258964397
0.54,680,3,0.979036454218731,116.49282874340545
0.54,684,1,0.9813746679265006,-4.213857011768396
0.54,684,3,0.9767841881522892,116.37651086928912
0.55,sourcebus,1,0.9999889360904654,29.993405999174932
0.55,sourcebus,2,0.9999925515432962,-90.00867441482674
0.55,sourcebus,3,0.9999592985016452,149.99218636631653
0.55,650,1,0.9999304316556255,-0.00932986680295416
0.55,650,2,0.9999772641496263,-120.01012396823137
0.55,650,3,0.9999337360446565,119.9881823291761
0.55,rg60,1,1.0560697924619598,-0.010634784516511644
0.55,rg60,2,1.0373923650206884,-120.01217371524645
0.55,rg60,3,1.0560647506768621,119.9863330783459
0.55,633,1,1.0132380361786684,-1.812711473853034
0.55,633,2,1.0223762545591064,-122.03499016047257
0.55,633,3,1.010583942494591,118.0665890975204
0.55,634,1,0.9919357289701002,-2.2202115342543527
0.55,634,2,1.0064069301631955,-122.23925404869325
0.55,634,3,0.994421996560552,117.85745111597095
0.55,671,1,0.9836969587577962,-4.166609415266244
0.55,671,2,1.0321576628699705,-122.92401960666275
0.55,671,3,0.9788918453861403,116.47083059354105
0.55,645,2,1.0147070731359071,-122.20163185835709
0.55,645,3,1.010838580165776,118.06870855033118
0.55,646,2,1.0130043586617088,-122.27838192744547
0.55,646,3,1.008807030776686,118.11366985407311
0.55,692,1,0.9836969505122112,-4.166609285641821
0.55,692,2,1.0321576617791923,-122.92401975257302
0.55,692,3,0.9788918388962219,116.4708306411282
0.55,675,1,0.9778822733465868,-4.372052705331059
0.55,675,2,1.0342397107249832,-123.0979957375282
0.55,675,3,0.9775476955065505,116.49086256080999
0.55,611,3,0.9747868342136249,116.23057420258846
0.55,652,1,0.975832260078102,-4.13920173282288
0.55,670,1,1.0051716760549865,-2.5552123169608776
0.55,670,2,1.0259591723198955,-122.33450938507778
0.55,670,3,1.0003626403868409,117.48337522409943
0.55,632,1,1.0159009639922814,-1.7738964920172677
0.55,632,2,1.0239450739863056,-122.01746960782528
0.55,632,3,1.0127443883723384,118.04386207414514
0.55,680,1,0.9838475547869081,-4.146473860019405
0.55,680,2,1.0321966141355563,-122.90521275731683
0.55,680,3,0.9790364753606048,116.49282844622837
0.55,684,1,0.9813746813813833,-4.213857389453506
0.55,684,3,0.9767842053611366,116.37651066148688
0.56,sourcebus,1,0.9999889361200563,29.993405998791065
0.56,sourcebus,2,0.999992551572979,-90.00867441524996
0.56,sourcebus,3,0.9999592985306864,149.99218636590845
0.56,650,1,0.9999304316940932,-0.009329867259025149
0.56,650,2,0.999977264189609,-120.01012396870716
0.56,650,3,0.9999337360836186,119.98818232870039
0.56,rg60,1,1.056069792514767,-0.010634785640014958
0.56,rg60,2,1.037392365075295,-120.01217371644977
0.56,rg60,3,1.05606475073117,119.98633307720515
0.56,633,1,1.0132380422568839,-1.8127116591471264
0.56,633,2,1.0223762633928302,-122.03499024066365
0.56,633,3,1.0105839506923817,118.06658901259975
0.56,634,1,0.9919357351862045,-2.2202117144730797
0.56,634,2,1.006406939141602,-122.23925412526931
0.56,634,3,0.9944220048960497,117.85745103452712
0.56,671,1,0.9836969710610325,-4.1666097655753935
0.56,671,2,1.032157680363597,-122.92401975402683
0.56,671,3,0.978891861802884,116.47083044119643
0.56,645,2,1.014707081985849,-122.20163193760807
0.56,645,3,1.0108385883017694,118.06870846651441
0.56,646,2,1.0130043674970124,-122.27838200664984
0.56,646,3,1.0088070388957187,118.11366977029047
0.56,692,1,0.9836969628154476,-4.1666096359509766
0.56,692,2,1.0321576792728189,-122.92401989993706
0.56,692,3,0.9788918553129655,116.47083048878358
0.56,675,1,0.9778822857573761,-4.372053052445059
0.56,675,2,1.0342397282177673,-123.09799588302053
0.56,675,3,0.9775477120152942,116.49086240493888
0.56,611,3,0.9747868506788265,116.23057405223787
0.56,652,1,0.9758322722811167,-4.139202082013153
0.56,670,1,1.005171684167656,-2.5552125598637923
0.56,670,2,1.0259591840349556,-122.33450948927178
0.56,670,3,1.0003626513149455,117.48337511540915
0.56,632,1,1.015900970055869,-1.7738966778197
0.56,632,2,1.023945082804217,-122.01746968814446
0.56,632,3,1.0127443965496108,118.0438619894255
0.56,680,1,0.9838475704911039,-4.1464742956296385
0.56,680,2,1.0321966349530405,-122.90521292534493
0.56,680,3,0.9790364954713549,116.49282821127973
0.56,684,1,0.9813746936537073,-4.21385773864378
0.56,684,3,0.9767842218040601,116.37651050993769
0.5700000000000001,sourcebus,1,0.9999889361483302,29.993405998501434
0.5700000000000001,sourcebus,2,0.9999925516010392,-90.00867441564645
0.5700000000000001,sourcebus,3,0.9999592985572375,149.99218636557603
0.5700000000000001,650,1,0.9999304317301392,-0.009329867570809917
0.5700000000000001,650,2,0.9999772642277543,-120.0101239691036
0.5700000000000001,650,3,0.9999337361195392,119.9881823282485
0.5700000000000001,rg60,1,1.0560697925651878,-0.0106347865377966
0.5700000000000001,rg60,2,1.037392365127444,-120.012173717497
0.5700000000000001,rg60,3,1.056064750780928,119.98633307611583
0.5700000000000001,633,1,1.013238048708674,-1.8127117941752076
0.5700000000000001,633,2,1.022376271153057,-122.03499028272314
0.5700000000000001,633,3,1.010583958176109,118.06658889011753
0.5700000000000001,634,1,0.9919357417779797,-2.2202118442340524
0.5700000000000001,634,2,1.0064069470315682,-122.23925416411961
0.5700000000000001,634,3,0.9944220125068909,117.85745091523621
0.5700000000000001,671,1,0.9836969840445081,-4.166610010318567
0.5700000000000001,671,2,1.0321576956967267,-122.92401982662393
0.5700000000000001,671,3,0.9788918768400512,116.47083020841384
0.5700000000000001,645,2,1.0147070897578467,-122.20163197881676
0.5700000000000001,645,3,1.0108385957296415,118.0687083450246
0.5700000000000001,646,2,1.013004375254468,-122.27838204780191
0.5700000000000001,646,3,1.0088070463070344,118.11366964875538
0.5700000000000001,692,1,0.9836969757989232,-4.166609880694159
0.5700000000000001,692,2,1.0321576946059483,-122.9240199725342
0.5700000000000001,692,3,0.9788918703501327,116.470830256001
0.5700000000000001,675,1,0.9778822988495048,-4.372053294188356
0.5700000000000001,675,2,1.0342397435529855,-123.09799595375443
0.5700000000000001,675,3,0.9775477271272762,116.49086216917674
0.5700000000000001,611,3,0.9747868657582442,116.23057382133611
0.5700000000000001,652,1,0.9758322851593628,-4.139202325820788
0.5700000000000001,670,1,1.0051716927645662,-2.555212734645334
0.5700000000000001,670,2,1.0259591943172839,-122.33450954288118
0.5700000000000001,670,3,1.0003626613037495,117.4833749553618
0.5700000000000001,632,1,1.0159009764927347,-1.773896813323783
0.5700000000000001,632,2,1.0239450905499796,-122.01746973032554
0.5700000000000001,632,3,1.0127444040155427,118.0438618671352
0.5700000000000001,680,1,0.9838475866470046,-4.146474619990252
0.5700000000000001,680,2,1.0321966533870368,-122.90521301720301
0.5700000000000001,680,3,0.9790365139550785,116.4928279014542
0.5700000000000001,684,1,0.981374706605098,-4.213857982451416
0.5700000000000001,684,3,0.9767842368628898,116.37651027793511
0.58,sourcebus,1,0.9999889361739097,29.99340599812728
0.58,sourcebus,2,0.9999925516262855,-90.00867441608428
0.58,sourcebus,3,0.9999592985816873,149.99218636518657
0.58,650,1,0.9999304317631701,-0.009329867993662972
0.58,650,2,0.9999772642620594,-120.01012396959682
0.58,650,3,0.9999337361523931,119.98818232774613
0.58,rg60,1,1.056069792610715,-0.010634787542258387
0.58,rg60,2,1.037392365173742,-120.01217371863163
0.58,rg60,3,1.0560647508261825,119.98633307500032
0.58,633,1,1.0132380543221946,-1.8127119393230133
0.58,633,2,1.022376278230055,-122.03499035791461
0.58,633,3,1.0105839651387287,118.06658876831338
0.58,634,1,0.991935747520874,-2.2202119846563533
0.58,634,2,1.0064069542244325,-122.23925423641526
0.58,634,3,0.9944220195876919,117.85745079640077
0.58,671,1,0.983696995369249,-4.166610280477808
0.58,671,2,1.0321577097200767,-122.92401996641173
0.58,671,3,0.9788918908375273,116.47082997595527
0.58,645,2,1.0147070968462295,-122.2016320532859
0.58,645,3,1.0108386026410705,118.06870822413495
0.58,646,2,1.013004382330074,-122.2783821222404
0.58,646,3,1.0088070532036564,118.11366952783781
0.58,692,1,0.9836969871236642,-4.166610150853406
0.58,692,2,1.0321577086292986,-122.92402011232198
0.58,692,3,0.978891884347609,116.47083002354243
0.58,675,1,0.977882310273686,-4.372053561580535
0.58,675,2,1.034239757576721,-123.09799609179521
0.58,675,3,0.9775477411962314,116.4908619338393
0.58,611,3,0.9747868797955379,116.23057359060203
0.58,652,1,0.9758322963923626,-4.139202595098224
0.58,670,1,1.0051717002483556,-2.5552129240434454
0.58,670,2,1.0259592037053802,-122.33450964095086
0.58,670,3,1.0003626705985762,117.48337479598553
0.58,632,1,1.0159009820920932,-1.7738969589198383
0.58,632,2,1.0239450976145146,-122.01746980563937
0.58,632,3,1.0127444109614026,118.04386174553278
0.58,680,1,0.9838476009313933,-4.146474964416814
0.58,680,2,1.0321966703034273,-122.90521317493925
0.58,680,3,0.97903653116767,116.49282759712668
0.58,684,1,0.9813747179018978,-4.2138582517288485
0.58,684,3,0.9767842508809834,116.3765100461748
0.59,sourcebus,1,0.999988936197551,29.993405997808082
0.59,sourcebus,2,0.9999925516501192,-90.00867441643811
0.59,sourcebus,3,0.9999592986049002,149.9921863648405
0.59,650,1,0.9999304317940048,-0.009329868375324278
0.59,650,2,0.9999772642939767,-120.01012396998841
0.59,650,3,0.9999337361836507,119.98818232733143
0.59,rg60,1,1.0560697926531908,-0.010634788466591561
0.59,rg60,2,1.0373923652172081,-120.0121737195973
0.59,rg60,3,1.056064750869473,119.98633307403098
0.59,633,1,1.0132380595440855,-1.8127120834375177
0.59,633,2,1.0223762850017597,-122.03499041061116
0.59,633,3,1.0105839716411162,118.0665886733555
0.59,634,1,0.9919357528600731,-2.2202121244327295
0.59,634,2,1.006406961106419,-122.23925428634907
0.59,634,3,0.99442202620017,117.85745070421176
0.59,671,1,0.9836970059232286,-4.166610550591552
0.59,671,2,1.0321577231229688,-122.92402006158011
0.59,671,3,0.9788919038863912,116.47082979776539
0.59,645,2,1.0147071036289745,-122.20163210524923
0.59,645,3,1.0108386090947117,118.06870813003722
0.59,646,2,1.0130043891007119,-122.27838217416493
0.59,646,3,1.0088070596433651,118.11366943372397
0.59,692,1,0.983696997677644,-4.166610420967156
0.59,692,2,1.0321577220321907,-122.92402020749034
0.59,692,3,0.9788918973964725,116.47082984535254
0.59,675,1,0.9778823209187532,-4.372053829126685
0.59,675,2,1.0342397709790732,-123.09799618542459
0.59,675,3,0.9775477543139457,116.4908617529324
0.59,611,3,0.9747868928822059,116.2305734140243
0.59,652,1,0.9758323068605922,-4.139202864349792
0.59,670,1,1.0051717072152384,-2.555213112499924
0.59,670,2,1.025959212684579,-122.33450970903104
0.59,670,3,1.0003626792729254,117.48337467249227
0.59,632,1,1.0159009873014722,-1.773897103463098
0.59,632,2,1.023945104374376,-122.01746985842482
0.59,632,3,1.0127444174475995,118.04386165074746
0.59,680,1,0.9838476142466849,-4.146475303807944
0.59,680,2,1.0321966864051069,-122.90521328685313
0.59,680,3,0.9790365472158692,116.49282735188042
0.59,684,1,0.9813747284295833,-4.21385852098042
0.59,684,3,0.9767842639498269,116.37650986864202
0.6,sourcebus,1,0.999988936219415,29.993405997542986
0.6,sourcebus,2,0.9999925516727323,-90.00867441674274
0.6,sourcebus,3,0.9999592986265404,149.9921863645185
0.6,650,1,0.9999304318225108,-0.009329868717269103
0.6,650,2,0.9999772643239033,-120.01012397029601
0.6,650,3,0.9999337362131068,119.98818232695099
0.6,rg60,1,1.0560697926925526,-0.010634789314647054
0.6,rg60,2,1.0373923652583183,-120.0121737204151
0.6,rg60,3,1.0560647509101528,119.9863330731334
0.6,633,1,1.0132380645976695,-1.8127122265185152
0.6,633,2,1.0223762914207122,-122.03499043285593
0.6,633,3,1.0105839775166772,118.0665885819361
0.6,634,1,0.9919357580257545,-2.2202122633424923
0.6,634,2,1.0064069676303533,-122.23925430596945
0.6,634,3,0.9944220321761743,117.85745061530655
0.6,671,1,0.9836970161505965,-4.166610819470477
0.6,671,2,1.0321577358029776,-122.92402009631243
0.6,671,3,0.9788919156824631,116.47082962485125
0.6,645,2,1.014707110057689,-122.20163212672003
0.6,645,3,1.010838614924531,118.06870803943606
0.6,646,2,1.013004395517483,-122.27838219556709
0.6,646,3,1.0088070654598287,118.11366934310068
0.6,692,1,0.9836970079050118,-4.1666106898460855
0.6,692,2,1.0321577347121995,-122.92402024222267
0.6,692,3,0.9788919091925453,116.4708296724384
0.6,675,1,0.9778823312325197,-4.372054095650853
0.6,675,2,1.0342397836589379,-123.09799621878827
0.6,675,3,0.9775477661716319,116.49086157761
0.6,611,3,0.9747869047129698,116.23057324260056
0.6,652,1,0.9758323170048185,-4.13920313241434
0.6,670,1,1.0051717139615768,-2.5552132997670434
0.6,670,2,1.0259592211899007,-122.33450973652118
0.6,670,3,1.000362687111896,117.48337455325348
0.6,632,1,1.0159009923433104,-1.7738972469557541
0.6,632,2,1.0239451107820177,-122.01746988072894
0.6,632,3,1.0127444233081129,118.04386155947628
0.6,680,1,0.9838476270501962,-4.146475637321248
0.6,680,2,1.032196701602658,-122.90521333720777
0.6,680,3,0.9790365618101153,116.49282711641645
0.6,684,1,0.9813747386314259,-4.213858789044968
0.6,684,3,0.9767842757643366,116.3765096963521
0.61,sourcebus,1,0.999988936239897,29.993405997227352
0.61,sourcebus,2,0.9999925516928703,-90.00867441706367
0.61,sourcebus,3,0.9999592986467697,149.99218636421728
0.61,650,1,0.9999304318495119,-0.00932986907058138
0.61,650,2,0.999977264351014,-120.01012397068847
0.61,650,3,0.9999337362399618,119.98818232659416
0.61,rg60,1,1.056069792729702,-0.010634790141045097
0.61,rg60,2,1.0373923652948311,-120.01217372131983
0.61,rg60,3,1.0560647509474717,119.98633307229383
0.61,633,1,1.0132380690659089,-1.8127123388997346
0.61,633,2,1.0223762969690258,-122.0349905009378
0.61,633,3,1.010583983369867,118.06658849652582
0.61,634,1,0.9919357625970918,-2.220212371959307
0.61,634,2,1.0064069732706207,-122.23925437176622
0.61,634,3,0.9944220381265184,117.85745053236369
0.61,671,1,0.9836970251572988,-4.166611028105073
0.61,671,2,1.0321577468042007,-122.92402022416536
0.61,671,3,0.9788919274289702,116.4708294648862
0.61,645,2,1.0147071156157152,-122.20163219429425
0.61,645,3,1.0108386207361881,118.06870795474298
0.61,646,2,1.0130044010657089,-122.27838226315164
0.61,646,3,1.0088070712597248,118.113669258379
0.61,692,1,0.9836970169117141,-4.166610898480688
0.61,692,2,1.0321577457134223,-122.92402037007561
0.61,692,3,0.978891920939052,116.47082951247332
0.61,675,1,0.9778823403199449,-4.372054302010292
0.61,675,2,1.0342397946588289,-123.09799634519791
0.61,675,3,0.9775477779784794,116.4908614151555
0.61,611,3,0.9747869164924549,116.23057308405208
0.61,652,1,0.9758323259385796,-4.139203340315691
0.61,670,1,1.0051717199164965,-2.555213446297793
0.61,670,2,1.0259592285516606,-122.33450982561219
0.61,670,3,1.000362694920799,117.48337444226797
0.61,632,1,1.0159009968001496,-1.7738973597070617
0.61,632,2,1.02394511632064,-122.01746994891214
0.61,632,3,1.0127444291473955,118.04386147424164
0.61,680,1,0.9838476384600164,-4.146475906259895
0.61,680,2,1.0321967149529967,-122.90521347961572
0.61,680,3,0.9790365761669039,116.49282689808672
0.61,684,1,0.9813747476159278,-4.2138589969463185
0.61,684,3,0.9767842875280371,116.37650953694933
0.62,sourcebus,1,0.9999889362588259,29.993405996963368
0.62,sourcebus,2,0.9999925517119709,-90.00867441730738
0.62,sourcebus,3,0.9999592986660907,149.99218636395491
0.62,650,1,0.9999304318747707,-0.009329869386302855
0.62,650,2,0.9999772643762781,-120.01012397098563
0.62,650,3,0.9999337362656717,119.98818232631818
0.62,rg60,1,1.0560697927644163,-0.010634790898131326
0.62,rg60,2,1.0373923653292572,-120.01217372207238
0.62,rg60,3,1.0560647509834573,119.98633307158613
0.62,633,1,1.0132380731921429,-1.8127124528344878
0.62,633,2,1.0223763023511667,-122.03499054839658
0.62,633,3,1.010583988859225,118.06658843801686
0.62,634,1,0.9919357668161538,-2.220212482463734
0.62,634,2,1.006406978740122,-122.23925441703297
0.62,634,3,0.9944220437087085,117.85745047619086
0.62,671,1,0.9836970334952869,-4.166611241844889
0.62,671,2,1.0321577574632654,-122.924020310853
0.62,671,3,0.9788919384161449,116.47082935956273
0.62,645,2,1.0147071210073937,-122.20163224121559
0.62,645,3,1.0108386261853417,118.06870789691095
0.62,646,2,1.0130044064480817,-122.27838231007321
0.62,646,3,1.0088070766978,118.11366920053413
0.62,692,1,0.9836970252497022,-4.166611112220508
0.62,692,2,1.032157756372487,-122.92402045676326
0.62,692,3,0.978891931926227,116.47082940714986
0.62,675,1,0.9778823487314833,-4.372054513620487
0.62,675,2,1.0342398053153157,-123.09799643063364
0.62,675,3,0.9775477890255928,116.49086130744651
0.62,611,3,0.9747869275118576,116.23057298006846
0.62,652,1,0.9758323342086757,-4.13920355332432
0.62,670,1,1.0051717254210055,-2.5552135953436266
0.62,670,2,1.0259592356899958,-122.33450988714198
0.62,670,3,1.0003627022365125,117.48337436730904
0.62,632,1,1.0159010009165144,-1.7738974740058298
0.62,632,2,1.0239451216936954,-122.01746999643481
0.62,632,3,1.0127444346227588,118.04386141588111
0.62,680,1,0.9838476490401896,-4.14647617624979
0.62,680,2,1.0321967278034037,-122.90521357988148
0.62,680,3,0.9790365895890942,116.49282673829691
0.62,684,1,0.9813747559329955,-4.213859209954951
0.62,684,3,0.9767842985324491,116.37650943216182
0.63,sourcebus,1,0.9999889362764212,29.993405996715875
0.63,sourcebus,2,0.9999925517297866,-90.00867441756185
0.63,sourcebus,3,0.9999592986836899,149.99218636369295
0.63,650,1,0.9999304318980167,-0.009329869683793934
0.63,650,2,0.9999772643998998,-120.01012397127565
0.63,650,3,0.9999337362893039,119.98818232601525
0.63,rg60,1,1.056069792796481,-0.010634791607447092
0.63,rg60,2,1.0373923653613715,-120.01217372278388
0.63,rg60,3,1.0560647510162022,119.98633307086332
0.63,633,1,1.0132380772483789,-1.8127125574968508
0.63,633,2,1.0223763072258507,-122.03499058370535
0.63,633,3,1.010583993795198,118.0665883605695
0.63,634,1,0.991935770962221,-2.220212583780542
0.63,634,2,1.0064069836953577,-122.23925445033798
0.63,634,3,0.9944220487291324,117.85745040085641
0.63,671,1,0.983697041685793,-4.166611436759724
0.63,671,2,1.032157767107325,-122.92402037398928
0.63,671,3,0.9788919483240888,116.4708292131345
0.63,645,2,1.0147071258897955,-122.20163227600348
0.63,645,3,1.0108386310847095,118.06870782008487
0.63,646,2,1.013004411321415,-122.27838234484459
0.63,646,3,1.0088070815866248,118.11366912367323
0.63,692,1,0.9836970334402085,-4.166611307135348
0.63,692,2,1.0321577660165466,-122.92402051989954
0.63,692,3,0.9788919418341708,116.47082926072163
0.63,675,1,0.9778823569925154,-4.372054706581885
0.63,675,2,1.034239814958173,-123.09799649260161
0.63,675,3,0.9775477989847068,116.49086115896004
0.63,611,3,0.9747869374484534,116.23057283487412
0.63,652,1,0.9758323423326585,-4.139203747597485
0.63,670,1,1.0051717308314727,-2.5552137319564725
0.63,670,2,1.0259592421526933,-122.33450993260902
0.63,670,3,1.0003627088215845,117.48337426631467
0.63,632,1,1.0159010049632415,-1.7738975790023013
0.63,632,2,1.0239451265598338,-122.01747003179922
0.63,632,3,1.0127444395463259,118.04386133856605
0.63,680,1,0.9838476593223573,-4.146476423648136
0.63,680,2,1.032196739491739,-122.90521365568046
0.63,680,3,0.9790366017688759,116.49282654107122
0.63,684,1,0.98137476410312,-4.213859404228112
0.63,684,3,0.9767843084553767,116.37650928623978
0.64,sourcebus,1,0.9999889362927776,29.993405996483776
0.64,sourcebus,2,0.9999925517463546,-90.00867441779698
0.64,sourcebus,3,0.9999592987001054,149.99218636344887
0.64,650,1,0.9999304319196827,-0.009329869962652254
0.64,650,2,0.9999772644218263,-120.01012397154534
0.64,650,3,0.9999337363113295,119.98818232573458
0.64,rg60,1,1.0560697928263787,-0.010634792270586689
0.64,rg60,2,1.037392365391168,-120.01217372344423
0.64,rg60,3,1.0560647510467212,119.98633307019104
0.64,633,1,1.013238081056582,-1.8127126541227465
0.64,633,2,1.0223763117199254,-122.03499061568645
0.64,633,3,1.0105839983983802,118.06658828697256
0.64,634,1,0.9919357748559681,-2.22021267724265
0.64,634,2,1.0064069882631816,-122.23925448047818
0.64,634,3,0.994422053410256,117.8574503292196
0.64,671,1,0.9836970493721345,-4.166611616446807
0.64,671,2,1.0321577759990799,-122.92402043103267
0.64,671,3,0.9788919575656099,116.47082907379648
0.64,645,2,1.014707130390858,-122.2016323075122
0.64,645,3,1.0108386356540353,118.06870774706795
0.64,646,2,1.013004415814037,-122.2783823763403
0.64,646,3,1.0088070861461185,118.11366905061914
0.64,692,1,0.9836970411265501,-4.166611486822436
0.64,692,2,1.032157774908302,-122.92402057694294
0.64,692,3,0.9788919510756918,116.47082912138359
0.64,675,1,0.9778823647456553,-4.3720548844503035
0.64,675,2,1.0342398238487174,-123.09799654853607
0.64,675,3,0.9775478082730563,116.49086101770287
0.64,611,3,0.9747869467163999,116.230572696683
0.64,652,1,0.9758323499566554,-4.139203926686512
0.64,670,1,1.0051717359101067,-2.5552138580328383
0.64,670,2,1.0259592481111721,-122.33450997376066
0.64,670,3,1.0003627149631205,117.48337417030142
0.64,632,1,1.0159010087622429,-1.7738976759455176
0.64,632,2,1.0239451310462173,-122.01747006383434
0.64,632,3,1.0127444441380644,118.0438612651016
0.64,680,1,0.983847668960022,-4.146476652303729
0.64,680,2,1.0321967502906901,-122.9052137245314
0.64,680,3,0.9790366131298098,116.49282635434697
0.64,684,1,0.9813747717704189,-4.213859583317137
0.64,684,3,0.9767843177106937,116.37650914737223
0.65,sourcebus,1,0.9999889363078941,29.993405996300737
0.65,sourcebus,2,0.9999925517622255,-90.00867441799315
0.65,sourcebus,3,0.9999592987154005,149.9921863632219
0.65,650,1,0.9999304319396506,-0.00932987020747126
0.65,650,2,0.9999772644425201,-120.01012397174047
0.65,650,3,0.9999337363321787,119.9881823254773
0.65,rg60,1,1.0560697928540195,-0.01063479287361686
0.65,rg60,2,1.0373923654196533,-120.01217372398065
0.65,rg60,3,1.056064751075491,119.98633306956853
0.65,633,1,1.0132380847732587,-1.8127127536295444
0.65,633,2,1.0223763160551949,-122.03499061945865
0.65,633,3,1.010584002501,118.06658821639617
0.65,634,1,0.9919357786547518,-2.220212773688166
0.65,634,2,1.0064069926691224,-122.23925448248102
0.65,634,3,0.9944220575833342,117.8574502604029
0.65,671,1,0.9836970568892464,-4.166611802576161
0.65,671,2,1.0321577845538585,-122.92402043182194
0.65,671,3,0.9788919658064346,116.47082893903551
0.65,645,2,1.0147071347321104,-122.20163231074865
0.65,645,3,1.0108386397247473,118.068707677052
0.65,646,2,1.0130044201467527,-122.27838237953017
0.65,646,3,1.0088070902073005,118.11366898056511
0.65,692,1,0.983697048643662,-4.166611672951793
0.65,692,2,1.03215778346308,-122.9240205777322
0.65,692,3,0.9788919593165167,116.47082898662262
0.65,675,1,0.9778823723261005,-4.3720550689245785
0.65,675,2,1.0342398324027977,-123.09799654836145
0.65,675,3,0.9775478165552174,116.49086088127767
0.65,611,3,0.9747869549813362,116.23057256297739
0.65,652,1,0.975832357412719,-4.139204112246494
0.65,670,1,1.0051717408710643,-2.55521398811147
0.65,670,2,1.0259592538535878,-122.33450997724749
0.65,670,3,1.0003627204373957,117.48337407793788
0.65,632,1,1.0159010124703027,-1.773897775760484
0.65,632,2,1.0239451353740943,-122.0174700676334
0.65,632,3,1.0127444482300296,118.04386119463615
0.65,680,1,0.9838476782976432,-4.14647688411942
0.65,680,2,1.0321967606245255,-122.90521373633858
0.65,680,3,0.9790366233479306,116.49282617538653
0.65,684,1,0.9813747792688305,-4.213859768877122
0.65,684,3,0.97678432596423,116.37650901306064
0.66,sourcebus,1,0.9999889363220381,29.993405996097028
0.66,sourcebus,2,0.9999925517765669,-90.00867441819388
0.66,sourcebus,3,0.999959298729688,149.99218636300986
0.66,650,1,0.9999304319584774,-0.009329870452242562
0.66,650,2,0.999977264461433,-120.01012397197341
0.66,650,3,0.9999337363513237,119.98818232523644
0.66,rg60,1,1.056069792880017,-0.010634793453008108
0.66,rg60,2,1.0373923654453356,-120.01217372454944
0.66,rg60,3,1.05606475110202,119.98633306898688
0.66,633,1,1.013238088125154,-1.8127128361983622
0.66,633,2,1.0223763198844935,-122.03499064570164
0.66,633,3,1.0105840065061775,118.06658815035026
0.66,634,1,0.9919357820832813,-2.2202128534466112
0.66,634,2,1.0064069965616207,-122.23925450715042
0.66,634,3,0.9944220616554093,117.85745019605073
0.66,671,1,0.9836970636500564,-4.166611955664519
0.66,671,2,1.0321577921293543,-122.9240204784197
0.66,671,3,0.978891973849931,116.47082881368318
0.66,645,2,1.0147071385673176,-122.20163233659778
0.66,645,3,1.010838643700798,118.06870761150996
0.66,646,2,1.0130044239746432,-122.2783824053717
0.66,646,3,1.0088070941747977,118.11366891498345
0.66,692,1,0.9836970554044718,-4.166611826040155
0.66,692,2,1.0321577910385762,-122.92402062432997
0.66,692,3,0.9788919673600129,116.47082886127029
0.66,675,1,0.9778823791464464,-4.37205522043314
0.66,675,2,1.034239839977121,-123.09799659397042
0.66,675,3,0.9775478246383116,116.49086075425599
0.66,611,3,0.9747869630474846,116.23057243861918
0.66,652,1,0.9758323641188041,-4.139204264815533
0.66,670,1,1.0051717453399058,-2.555214095755399
0.66,670,2,1.0259592589304953,-122.33451001097313
0.66,670,3,1.0003627257817926,117.48337399170451
0.66,632,1,1.015901015813795,-1.7738978586102856
0.66,632,2,1.0239451391969125,-122.01747009392648
0.66,632,3,1.0127444522254263,118.04386112871494
0.66,680,1,0.9838476867567152,-4.1464770798340576
0.66,680,2,1.0321967698599772,-122.90521379320599
0.66,680,3,0.979036633235994,116.4928260087965
0.66,684,1,0.981374786013004,-4.21385992144616
0.66,684,3,0.9767843340195121,116.37650888811622
0.67,sourcebus,1,0.9999889363352806,29.993405995871544
0.67,sourcebus,2,0.9999925517895095,-90.00867441843263
0.67,sourcebus,3,0.9999592987425794,149.99218636279258
0.67,650,1,0.9999304319759302,-0.009329870700154895
0.67,650,2,0.9999772644788517,-120.01012397226073
0.67,650,3,0.9999337363685011,119.988182324959
0.67,rg60,1,1.0560697929041576,-0.01063479401350943
0.67,rg60,2,1.037392365468541,-120.01217372516886
0.67,rg60,3,1.0560647511255818,119.98633306837296
0.67,633,1,1.013238091311315,-1.8127129018506392
0.67,633,2,1.0223763231401812,-122.03499068658653
0.67,633,3,1.0105840102391093,118.06658806588538
0.67,634,1,0.9919357853411074,-2.220212916449797
0.67,634,2,1.0064069998717018,-122.2392545466891
0.67,634,3,0.9944220654515017,117.85745011317472
0.67,671,1,0.9836970700560173,-4.166612074690257
0.67,671,2,1.0321577985837143,-122.92402055512771
0.67,671,3,0.9788919813724601,116.47082864934042
0.67,645,2,1.0147071418275193,-122.20163237719069
0.67,645,3,1.0108386474077895,118.06870752747702
0.67,646,2,1.013004427228279,-122.27838244597521
0.67,646,3,1.0088070978739485,118.11366883089111
0.67,692,1,0.9836970618104329,-4.166611945065897
0.67,692,2,1.0321577974929363,-122.92402070103797
0.67,692,3,0.9788919748825424,116.47082869692753
0.67,675,1,0.9778823856084377,-4.372055337976412
0.67,675,2,1.0342398464310383,-123.09799666969882
0.67,675,3,0.9775478321954607,116.4908605884086
0.67,611,3,0.9747869705903496,116.2305722752067
0.67,652,1,0.975832370473075,-4.139204383414226
0.67,670,1,1.0051717495831995,-2.555214180770248
0.67,670,2,1.0259592632503078,-122.33451006445209
0.67,670,3,1.0003627307693834,117.4833738804007
0.67,632,1,1.015901018992026,-1.7738979245106932
0.67,632,2,1.0239451424469384,-122.01747013487062
0.67,632,3,1.0127444559497145,118.04386104437033
0.67,680,1,0.983847694746869,-4.146477238629148
0.67,680,2,1.0321967778630545,-122.90521387948338
0.67,680,3,0.9790366424794685,116.49282580598708
0.67,684,1,0.981374792403365,-4.213860040044855
0.67,684,3,0.9767843415520963,116.37650872415328
0.68,sourcebus,1,0.999988936347504,29.993405995692587
0.68,sourcebus,2,0.9999925518018785,-90.00867441857176
0.68,sourcebus,3,0.9999592987554772,149.99218636262634
0.68,650,1,0.9999304319925989,-0.009329870914438007
0.68,650,2,0.999977264494984,-120.01012397244675
0.68,650,3,0.9999337363855211,119.9881823248034
0.68,rg60,1,1.0560697929270662,-0.010634794519340436
0.68,rg60,2,1.0373923654904977,-120.01217372564437
0.68,rg60,3,1.0560647511495358,119.98633306793914
0.68,633,1,1.0132380940521242,-1.812712973309491
0.68,633,2,1.0223763265067447,-122.0349907169741
0.68,633,3,1.0105840139301625,118.06658803031881
0.68,634,1,0.9919357881448799,-2.220212985605558
0.68,634,2,1.0064070032919255,-122.23925457571809
0.68,634,3,0.9944220692040995,117.85745007916798
0.68,671,1,0.9836970755873439,-4.166612208164355
0.68,671,2,1.0321578052541125,-122.92402061063257
0.68,671,3,0.9788919887533867,116.47082858649551
0.68,645,2,1.0147071452000354,-122.20163240727217
0.68,645,3,1.0108386510726233,118.06870749234142
0.68,646,2,1.0130044305948958,-122.27838247607446
0.68,646,3,1.0088071015315676,118.11366879573463
0.68,692,1,0.9836970673417595,-4.166612078539998
0.68,692,2,1.0321578041633341,-122.92402075654283
0.68,692,3,0.978891982263469,116.47082863408261
0.68,675,1,0.9778823911898369,-4.3720554700342085
0.68,675,2,1.0342398530986443,-123.09799672435179
0.68,675,3,0.977547839615792,116.49086052393106
0.68,611,3,0.9747869779926339,116.23057221325344
0.68,652,1,0.975832375959425,-4.139204516399744
0.68,670,1,1.0051717532376345,-2.555214274150504
0.68,670,2,1.025959267716547,-122.33451010384643
0.68,670,3,1.0003627356867093,117.48337383514662
0.68,632,1,1.015901021725972,-1.7738979962264783
0.68,632,2,1.0239451458082702,-122.01747016529637
0.68,632,3,1.0127444596313677,118.04386100891799
0.68,680,1,0.9838477017564321,-4.146477409197124
0.68,680,2,1.03219678597824,-122.90521394391911
0.68,680,3,0.9790366514655664,116.49282570723106
0.68,684,1,0.981374797920876,-4.213860173030371
0.68,684,3,0.9767843489444425,116.37650866166251
0.6900000000000001,sourcebus,1,0.9999889363588851,29.99340599552519
0.6900000000000001,sourcebus,2,0.9999925518135013,-90.00867441876247
0.6900000000000001,sourcebus,3,0.9999592987666264,149.9921863624353
0.6900000000000001,650,1,0.9999304320075268,-0.00932987111782794
0.6900000000000001,650,2,0.999977264510344,-120.01012397264894
0.6900000000000001,650,3,0.9999337364006923,119.98818232456003
0.6900000000000001,rg60,1,1.0560697929478042,-0.010634794994629783
0.6900000000000001,rg60,2,1.037392365511272,-120.01217372611463
0.6900000000000001,rg60,3,1.056064751170202,119.98633306740072
0.6900000000000001,633,1,1.0132380969953134,-1.8127130383540881
0.6900000000000001,633,2,1.0223763294397867,-122.03499072857656
0.6900000000000001,633,3,1.010584016990036,118.06658795202567
0.6900000000000001,634,1,0.991935791151549,-2.2202130482548568
0.6900000000000001,634,2,1.0064070062741541,-122.23925458610589
0.6900000000000001,634,3,0.9944220723176429,117.85745000220135
0.6900000000000001,671,1,0.9836970815203051,-4.16661232717936
0.6900000000000001,671,2,1.032157811046158,-122.92402062918477
0.6900000000000001,671,3,0.978891994927776,116.47082843270526
0.6900000000000001,645,2,1.0147071481363923,-122.20163241853052
0.6900000000000001,645,3,1.0108386541095806,118.06870741443286
0.6900000000000001,646,2,1.0130044335249115,-122.27838248731027
0.6900000000000001,646,3,1.0088071045613602,118.11366871776781
0.6900000000000001,692,1,0.983697073274721,-4.166612197555006
0.6900000000000001,692,2,1.0321578099553796,-122.924020775095
0.6900000000000001,692,3,0.9788919884378582,116.47082848029235
0.6900000000000001,675,1,0.9778823971721129,-4.372055587795026
0.6900000000000001,675,2,1.0342398588907524,-123.09799674212918
0.6900000000000001,675,3,0.9775478458182073,116.4908603689635
0.6900000000000001,611,3,0.9747869841843206,116.23057206026421
0.6900000000000001,652,1,0.9758323818443815,-4.139204635040582
0.6900000000000001,670,1,1.0051717571620138,-2.55521435861792
0.6900000000000001,670,2,1.0259592716025991,-122.33451011827869
0.6900000000000001,670,3,1.0003627397765198,117.48337373159929
0.6900000000000001,632,1,1.015901024662473,-1.7738980614945767
0.6900000000000001,632,2,1.0239451487360713,-122.01747017692473
0.6900000000000001,632,3,1.0127444626836732,118.0438609307105
0.6900000000000001,680,1,0.9838477090682763,-4.1464775628249475
0.6900000000000001,680,2,1.0321967931179739,-122.90521397080167
0.6900000000000001,680,3,0.9790366591378455,116.49282551996662
0.6900000000000001,684,1,0.981374803839257,-4.2138602916712085
0.6900000000000001,684,3,0.9767843551274199,116.3765085082161
0.7000000000000001,sourcebus,1,0.9999889363694763,29.993405995368445
0.7000000000000001,sourcebus,2,0.9999925518242653,-90.00867441890959
0.7000000000000001,sourcebus,3,0.9999592987774488,149.99218636227477
0.7000000000000001,650,1,0.9999304320217426,-0.009329871306491726
0.7000000000000001,650,2,0.999977264524449,-120.01012397282334
0.7000000000000001,650,3,0.9999337364151665,119.98818232438164
0.7000000000000001,rg60,1,1.0560697929674527,-0.010634795437011426
0.7000000000000001,rg60,2,1.0373923655304012,-120.01217372653828
0.7000000000000001,rg60,3,1.056064751190262,119.98633306696426
0.7000000000000001,633,1,1.0132380995748098,-1.8127130990466527
0.7000000000000001,633,2,1.0223763322378787,-122.03499074673086
0.7000000000000001,633,3,1.010584020026004,118.06658789967089
0.7000000000000001,634,1,0.9919357937902722,-2.220213106780155
0.7000000000000001,634,2,1.0064070091175656,-122.23925460312155
0.7000000000000001,634,3,0.9944220754041533,117.85744995112844
0.7000000000000001,671,1,0.9836970867194238,-4.166612439224756
0.7000000000000001,671,2,1.0321578165822798,-122.92402066109739
0.7000000000000001,671,3,0.9788920010258996,116.47082833297556
0.7000000000000001,645,2,1.014707150938528,-122.20163243640519
0.7000000000000001,645,3,1.0108386571237682,118.06870736245057
0.7000000000000001,646,2,1.0130044363215471,-122.27838250518421
0.7000000000000001,646,3,1.008807107569076,118.11366866574653
0.7000000000000001,692,1,0.9836970784738397,-4.166612309600404
0.7000000000000001,692,2,1.0321578154915017,-122.92402080700765
0.7000000000000001,692,3,0.9788919945359814,116.47082838056264
0.7000000000000001,675,1,0.9778824024172145,-4.372055698644001
0.7000000000000001,675,2,1.0342398644256612,-123.09799677328287
0.7000000000000001,675,3,0.9775478519455623,116.4908602679699
0.7000000000000001,611,3,0.9747869902994303,116.23057196128896
0.7000000000000001,652,1,0.9758323870014527,-4.139204746696545
0.7000000000000001,670,1,1.005171760600216,-2.5552144376542105
0.7000000000000001,670,2,1.0259592753127913,-122.334510141532
0.7000000000000001,670,3,1.0003627438277929,117.48337366315718
0.7000000000000001,632,1,1.015901027235415,-1.7738981224084047
0.7000000000000001,632,2,1.0239451515296876,-122.01747019511325
0.7000000000000001,632,3,1.0127444657122235,118.04386087845711
0.7000000000000001,680,1,0.9838477155538324,-4.146477707164842
0.7000000000000001,680,2,1.0321967999115447,-122.9052140104826
0.7000000000000001,680,3,0.9790366666331768,116.49282538900023
0.7000000000000001,684,1,0.9813748090256188,-4.213860403327175
0.7000000000000001,684,3,0.9767843612343224,116.37650840879697
0.71,sourcebus,1,0.9999889363792369,29.99340599525634
0.71,sourcebus,2,0.9999925518346978,-90.00867441899219
0.71,sourcebus,3,0.9999592987879914,149.9921863621441
0.71,650,1,0.9999304320350858,-0.009329871465365708
0.71,650,2,0.9999772645377123,-120.01012397291431
0.71,650,3,0.9999337364293555,119.98818232427041
0.71,rg60,1,1.0560697929858596,-0.010634795832417845
0.71,rg60,2,1.0373923655488264,-120.0121737268402
0.71,rg60,3,1.0560647512101753,119.98633306663088
0.71,633,1,1.0132381019360361,-1.812713166234248
0.71,633,2,1.0223763351140913,-122.0349907464981
0.71,633,3,1.0105840228694805,118.06658787283102
0.71,634,1,0.9919357962045837,-2.2202131720055784
0.71,634,2,1.006407012039867,-122.23925460172515
0.71,634,3,0.9944220782957887,117.85744992549968
0.71,671,1,0.98369709150025,-4.166612565824008
0.71,671,2,1.0321578222582044,-122.92402065608547
0.71,671,3,0.9788920067098993,116.47082828552048
0.71,645,2,1.0147071538193162,-122.20163243583605
0.71,645,3,1.0108386599454782,118.06870733597981
0.71,646,2,1.0130044391969701,-122.2783825045998
0.71,646,3,1.0088071103846115,118.1136686392573
0.71,692,1,0.9836970832546656,-4.166612436199659
0.71,692,2,1.0321578211674263,-122.92402080199575
0.71,692,3,0.9788920002199814,116.47082833310759
0.71,675,1,0.9778824072396705,-4.3720558241269885
0.71,675,2,1.0342398700994677,-123.09799676764675
0.71,675,3,0.9775478576599697,116.49086021928156
0.71,611,3,0.9747869960005011,116.2305719145473
0.71,652,1,0.9758323917433261,-4.139204872880282
0.71,670,1,1.0051717637528588,-2.555214525694925
0.71,670,2,1.025959279122807,-122.33451014017116
0.71,670,3,1.0003627476150418,117.48337362899692
0.71,632,1,1.0159010295910627,-1.7738981898168362
0.71,632,2,1.0239451544013687,-122.01747019488917
0.71,632,3,1.0127444685479923,118.04386085169811
0.71,680,1,0.9838477215350203,-4.146477863885465
0.71,680,2,1.03219680676039,-122.9052140127244
0.71,680,3,0.9790366736205275,116.49282531239176
0.71,684,1,0.981374813794425,-4.213860529510909
0.71,684,3,0.9767843669276314,116.37650836163921
0.72,sourcebus,1,0.9999889363884111,29.9934059951193
0.72,sourcebus,2,0.999992551844039,-90.00867441911798
0.72,sourcebus,3,0.9999592987974193,149.9921863620044
0.72,650,1,0.9999304320474446,-0.009329871630812286
0.72,650,2,0.999977264549915,-120.01012397306465
0.72,650,3,0.9999337364419572,119.988182324117
0.72,rg60,1,1.0560697930029457,-0.010634796218838536
0.72,rg60,2,1.0373923655653698,-120.01217372720556
0.72,rg60,3,1.0560647512276455,119.98633306625293
0.72,633,1,1.0132381041935627,-1.8127132185245078
0.72,633,2,1.0223763375168418,-122.03499076160234
0.72,633,3,1.0105840255156773,118.06658782667762
0.72,634,1,0.9919357985128948,-2.220213222418632
0.72,634,2,1.006407014482918,-122.23925461583379
0.72,634,3,0.9944220809867665,117.85744988047267
0.72,671,1,0.9836970960505306,-4.166612662131426
0.72,671,2,1.0321578270093172,-122.92402068253499
0.72,671,3,0.9788920120251924,116.47082819745302
0.72,645,2,1.0147071562256587,-122.20163245069637
0.72,645,3,1.0108386625725916,118.06870729014312
0.72,646,2,1.013004441598538,-122.27838251946129
0.72,646,3,1.0088071130060905,118.11366859338366
0.72,692,1,0.9836970878049469,-4.166612532507078
0.72,692,2,1.0321578259185387,-122.92402082844525
0.72,692,3,0.9788920055352747,116.47082824504008
0.72,675,1,0.9778824118298378,-4.372055919387891
0.72,675,2,1.034239874849411,-123.09799679344573
0.72,675,3,0.9775478630010063,116.49086013011312
0.72,611,3,0.9747870013307851,116.23057182714237
0.72,652,1,0.9758323962567712,-4.139204968851007
0.72,670,1,1.0051717667622113,-2.5552145937353474
0.72,670,2,1.025959282307797,-122.3345101594946
0.72,670,3,1.0003627511461546,117.48337356861772
0.72,632,1,1.0159010318430783,-1.773898242296495
0.72,632,2,1.0239451568000326,-122.01747021002016
0.72,632,3,1.012744471187645,118.04386080562655
0.72,680,1,0.9838477272049432,-4.146477988298367
0.72,680,2,1.0321968126058667,-122.90521404593413
0.72,680,3,0.9790366801518543,116.49282519713488
0.72,684,1,0.9813748183335047,-4.2138606254816375
0.72,684,3,0.9767843722506465,116.37650827384526
0.73,sourcebus,1,0.9999889363969492,29.99340599499094
0.73,sourcebus,2,0.9999925518527362,-90.0086744192347
0.73,sourcebus,3,0.9999592988062121,149.992186361874
0.73,650,1,0.9999304320589647,-0.009329871785801259
0.73,650,2,0.9999772645612615,-120.0101239732048
0.73,650,3,0.9999337364537062,119.98818232397443
0.73,rg60,1,1.056069793018875,-0.010634796580013465
0.73,rg60,2,1.037392365580748,-120.01217372754553
0.73,rg60,3,1.0560647512439336,119.98633306590082
0.73,633,1,1.013238106304747,-1.8127132670040194
0.73,633,2,1.0223763397416417,-122.0349907755147
0.73,633,3,1.0105840279847997,118.06658778324503
0.73,634,1,0.9919358006715495,-2.220213269143348
0.73,634,2,1.006407016744158,-122.2392546288357
0.73,634,3,0.9944220834977027,117.85744983809155
0.73,671,1,0.9836971003053763,-4.166612751379542
0.73,671,2,1.032157831409868,-122.92402070682635
0.73,671,3,0.9788920169845091,116.47082811453527
0.73,645,2,1.0147071584536336,-122.20163246438507
0.73,645,3,1.0108386650239747,118.06870724700366
0.73,646,2,1.0130044438220676,-122.27838253315203
0.73,646,3,1.0088071154522205,118.11366855020833
0.73,692,1,0.9836970920597924,-4.166612621755199
0.73,692,2,1.0321578303190901,-122.92402085273662
0.73,692,3,0.9788920104945915,116.47082816212237
0.73,675,1,0.9778824161219282,-4.372056007660075
0.73,675,2,1.0342398792487761,-123.0979968171302
0.73,675,3,0.9775478679842531,116.49086004616846
0.73,611,3,0.9747870063040613,116.23057174484333
0.73,652,1,0.9758324004771645,-4.139205057786015
0.73,670,1,1.0051717695763778,-2.5552146568153207
0.73,670,2,1.0259592852574277,-122.33451017727332
0.73,670,3,1.000362754440843,117.48337351178996
0.73,632,1,1.0159010339491028,-1.773898290956135
0.73,632,2,1.0239451590212127,-122.01747022395541
0.73,632,3,1.012744473650624,118.04386076227239
0.73,680,1,0.9838477325043409,-4.146478103767299
0.73,680,2,1.0321968180273804,-122.90521407652923
0.73,680,3,0.9790366862456221,116.4928250888513
0.73,684,1,0.9813748225778686,-4.213860714416642
0.73,684,3,0.9767843772171446,116.3765081911832
0.74,sourcebus,1,0.9999889364049036,29.993405994870848
0.74,sourcebus,2,0.999992551860889,-90.00867441937532
0.74,sourcebus,3,0.9999592988139548,149.99218636173376
0.74,650,1,0.9999304320693895,-0.009329871932113503
0.74,650,2,0.9999772645720054,-120.01012397335069
0.74,650,3,0.9999337364642948,119.98818232379041
0.74,rg60,1,1.0560697930334075,-0.010634796918606524
0.74,rg60,2,1.0373923655952404,-120.01217372787688
0.74,rg60,3,1.0560647512582486,119.98633306550298
0.74,633,1,1.0132381084754483,-1.8127133113288305
0.74,633,2,1.022376341707855,-122.0349907798531
0.74,633,3,1.0105840300881026,118.06658771926054
0.74,634,1,0.9919358028896569,-2.2202133116904363
0.74,634,2,1.0064070187431455,-122.23925463236235
0.74,634,3,0.9944220856376048,117.8574497750152
0.74,671,1,0.9836971046764036,-4.166612831691626
0.74,671,2,1.032157835289906,-122.92402071232864
0.74,671,3,0.9788920212398794,116.47082798771976
0.74,645,2,1.0147071604215556,-122.20163246848824
0.74,645,3,1.0108386671116458,118.06870718328616
0.74,646,2,1.0130044457854115,-122.27838253723678
0.74,646,3,1.0088071175347677,118.11366848643723
0.74,692,1,0.9836970964308197,-4.166612702067283
0.74,692,2,1.032157834199128,-122.92402085823893
0.74,692,3,0.9788920147499611,116.47082803530685
0.74,675,1,0.9778824205293174,-4.372056087099227
0.74,675,2,1.0342398831290975,-123.09799682206891
0.74,675,3,0.9775478722571085,116.49085991857446
0.74,611,3,0.9747870105709482,116.23057161858597
0.74,652,1,0.9758324048129376,-4.1392051378476635
0.74,670,1,1.0051717724696696,-2.555214714218712
0.74,670,2,1.0259592878620363,-122.3345101823401
0.74,670,3,1.000362757254825,117.4833734268878
0.74,632,1,1.0159010361146972,-1.773898335443436
0.74,632,2,1.0239451609840196,-122.01747022831148
0.74,632,3,1.0127444757488722,118.04386069835489
0.74,680,1,0.9838477378497472,-4.146478208547005
0.74,680,2,1.0321968228598308,-122.90521408791038
0.74,680,3,0.9790366915595461,116.49282493838787
0.74,684,1,0.9813748269382673,-4.213860794478293
0.74,684,3,0.9767843814780728,116.37650806461163
0.75,sourcebus,1,0.9999889364123041,29.993405994758582
0.75,sourcebus,2,0.9999925518683789,-90.00867441944358
0.75,sourcebus,3,0.9999592988220655,149.99218636163906
0.75,650,1,0.9999304320797237,-0.009329872066162375
0.75,650,2,0.9999772645816417,-120.01012397345703
0.75,650,3,0.9999337364748749,119.98818232371863
0.75,rg60,1,1.0560697930475882,-0.010634797232223945
0.75,rg60,2,1.0373923656083581,-120.01217372815624
0.75,rg60,3,1.0560647512732795,119.98633306526727
0.75,633,1,1.013238110130533,-1.8127133536529823
0.75,633,2,1.0223763437135716,-122.0349907998849
0.75,633,3,1.0105840324349664,118.06658770387172
0.75,634,1,0.9919358045846196,-2.220213352588512
0.75,634,2,1.006407020780578,-122.2392546515876
0.75,634,3,0.9944220880223522,117.85744976060225
0.75,671,1,0.9836971080129404,-4.166612910686473
0.75,671,2,1.032157839267034,-122.92402074924297
0.75,671,3,0.9788920259243071,116.47082796288603
0.75,645,2,1.0147071624311144,-122.2016324883637
0.75,645,3,1.010838669442431,118.06870716816104
0.75,646,2,1.013004447791547,-122.27838255713596
0.75,646,3,1.008807119861207,118.11366847129757
0.75,692,1,0.9836970997673565,-4.166612781062132
0.75,692,2,1.032157838176256,-122.92402089515323
0.75,692,3,0.9788920194343896,116.47082801047308
0.75,675,1,0.9778824238975757,-4.372056165211475
0.75,675,2,1.0342398871037608,-123.09799685843362
0.75,675,3,0.9775478769663392,116.49085989266857
0.75,611,3,0.9747870152687202,116.23057159430468
0.75,652,1,0.9758324081224014,-4.139205216528314
0.75,670,1,1.005171774675164,-2.5552147695239644
0.75,670,2,1.0259592905238268,-122.334510208388
0.75,670,3,1.0003627603793812,117.48337340791495
0.75,632,1,1.015901037765255,-1.773898377934946
0.75,632,2,1.0239451629868703,-122.0174702483697
0.75,632,3,1.0127444780898527,118.0438606830495
0.75,680,1,0.9838477420954875,-4.146478310362759
0.75,680,2,1.0321968277256732,-122.90521413030862
0.75,680,3,0.9790366972311216,116.49282489146454
0.75,684,1,0.981374830266528,-4.213860873158941
0.75,684,3,0.9767843861697145,116.37650803999269
0.76,sourcebus,1,0.9999889364192829,29.993405994619163
0.76,sourcebus,2,0.9999925518749573,-90.0086744195573
0.76,sourcebus,3,0.9999592988292322,149.99218636153236
0.76,650,1,0.9999304320892873,-0.009329872210092733
0.76,650,2,0.9999772645904496,-120.01012397362514
0.76,650,3,0.9999337364841061,119.98818232360179
0.76,rg60,1,1.0560697930607357,-0.010634797544126164
0.76,rg60,2,1.037392365619914,-120.01217372850572
0.76,rg60,3,1.0560647512862023,119.98633306498019
0.76,633,1,1.0132381117082454,-1.812713382366741
0.76,633,2,1.022376345302445,-122.0349908359259
0.76,633,3,1.0105840346369594,118.06658766900594
0.76,634,1,0.991935806197976,-2.220213379987386
0.76,634,2,1.0064070223964252,-122.239254686966
0.76,634,3,0.9944220902614972,117.85744972667234
0.76,671,1,0.9836971111756226,-4.166612961884246
0.76,671,2,1.0321578424307132,-122.92402081881623
0.76,671,3,0.9788920303426,116.4708278971549
0.76,645,2,1.0147071640229135,-122.20163252432519
0.76,645,3,1.0108386716303142,118.06870713350096
0.76,646,2,1.0130044493804313,-122.2783825931375
0.76,646,3,1.0088071220451849,118.1136684366051
0.76,692,1,0.983697102930039,-4.166612832259906
0.76,692,2,1.032157841339935,-122.9240209647265
0.76,692,3,0.9788920238526823,116.47082794474201
0.76,675,1,0.9778824270895093,-4.372056215569648
0.76,675,2,1.0342398902657488,-123.09799692745375
0.76,675,3,0.9775478814065393,116.49085982597681
0.76,611,3,0.9747870196990717,116.23057152909837
0.76,652,1,0.9758324112595101,-4.139205267487768
0.76,670,1,1.0051717767738295,-2.555214806525908
0.76,670,2,1.0259592926353598,-122.33451025597452
0.76,670,3,1.0003627633168346,117.48337336250617
0.76,632,1,1.0159010393389856,-1.7738984067844068
0.76,632,2,1.0239451645730897,-122.01747028444633
0.76,632,3,1.0127444802866863,118.04386064825609
0.76,680,1,0.9838477461062541,-4.146478382847949
0.76,680,2,1.0321968317185102,-122.90521420499161
0.76,680,3,0.9790367025704642,116.49282480512565
0.76,684,1,0.9813748334214546,-4.213860924118397
0.76,684,3,0.9767843905940407,116.37650797446337
0.77,sourcebus,1,0.9999889364256974,29.993405994520906
0.77,sourcebus,2,0.9999925518815089,-90.00867441964351
0.77,sourcebus,3,0.9999592988358971,149.9921863614333
0.77,650,1,0.9999304320979922,-0.00932987232922612
0.77,650,2,0.9999772645989555,-120.01012397373024
0.77,650,3,0.9999337364930038,119.98818232349548
0.77,rg60,1,1.0560697930727747,-0.01063479781959939
0.77,rg60,2,1.0373923656314328,-120.01217372876022
0.77,rg60,3,1.0560647512985417,119.98633306471518
0.77,633,1,1.0132381133182535,-1.8127134184629012
0.77,633,2,1.0223763469495186,-122.0349908459236
0.77,633,3,1.010584036511818,118.06658763541496
0.77,634,1,0.9919358078428511,-2.2202134147708956
0.77,634,2,1.006407024070068,-122.2392546962953
0.77,634,3,0.9944220921690349,117.8574496938917
0.77,671,1,0.9836971144208179,-4.1666130281800395
0.77,671,2,1.0321578456886027,-122.92402083611451
0.77,671,3,0.9788920341072233,116.4708278328891
0.77,645,2,1.0147071656721887,-122.20163253415559
0.77,645,3,1.01083867349165,118.06870710012137
0.77,646,2,1.0130044510263594,-122.27838260297167
0.77,646,3,1.008807123902544,118.11366840319499
0.77,692,1,0.9836971061752341,-4.166612898555703
0.77,692,2,1.0321578445978246,-122.92402098202477
0.77,692,3,0.9788920276173055,116.47082788047618
0.77,675,1,0.977882430362496,-4.372056281121538
0.77,675,2,1.034239893522501,-123.09799694430743
0.77,675,3,0.9775478851896976,116.49085976093248
0.77,611,3,0.9747870234744923,116.23057146530847
0.77,652,1,0.975832414478354,-4.139205333549905
0.77,670,1,1.0051717789203396,-2.555214853465046
0.77,670,2,1.0259592948191327,-122.33451026870648
0.77,670,3,1.0003627658181098,117.48337331851832
0.77,632,1,1.0159010409453284,-1.773898443018999
0.77,632,2,1.0239451662175378,-122.01747029445427
0.77,632,3,1.0127444821566982,118.04386061472007
0.77,680,1,0.9838477501427491,-4.1464784690040295
0.77,680,2,1.0321968357497513,-122.90521422706064
0.77,680,3,0.9790367071944218,116.49282472164093
0.77,684,1,0.9813748366585806,-4.213860990180533
0.77,684,3,0.9767843943641895,116.37650791039533
0.78,sourcebus,1,0.9999889364316777,29.99340599442919
0.78,sourcebus,2,0.9999925518876128,-90.00867441972375
0.78,sourcebus,3,0.9999592988421128,149.9921863613412
0.78,650,1,0.999930432106114,-0.00932987244016766
0.78,650,2,0.999977264606878,-120.01012397382823
0.78,650,3,0.999933736501297,119.9881823233966
0.78,rg60,1,1.0560697930840124,-0.010634798076380025
0.78,rg60,2,1.0373923656421595,-120.01217372899715
0.78,rg60,3,1.0560647513100412,119.98633306446827
0.78,633,1,1.013238114827961,-1.8127134519299344
0.78,633,2,1.0223763484773656,-122.0349908549685
0.78,633,3,1.0105840382580185,118.06658760373381
0.78,634,1,0.9919358093864669,-2.220213446983798
0.78,634,2,1.006407025622927,-122.23925470471512
0.78,634,3,0.9944220939448261,117.85744966295441
0.78,671,1,0.9836971174620193,-4.166613089554348
0.78,671,2,1.0321578487102379,-122.92402085174835
0.78,671,3,0.9788920376150446,116.47082777225198
0.78,645,2,1.0147071672021404,-122.20163254304944
0.78,645,3,1.0108386752254042,118.06870706864287
0.78,646,2,1.0130044525531876,-122.27838261186913
0.78,646,3,1.0088071256325881,118.11366837168725
0.78,692,1,0.9836971092164355,-4.166612959930013
0.78,692,2,1.0321578476194595,-122.92402099765862
0.78,692,3,0.9788920311251273,116.47082781983906
0.78,675,1,0.9778824334303605,-4.37205634180556
0.78,675,2,1.034239896543165,-123.09799695950964
0.78,675,3,0.9775478887141653,116.49085969956987
0.78,611,3,0.974787026992137,116.23057140510984
0.78,652,1,0.9758324174949421,-4.139205394704746
0.78,670,1,1.0051717809324596,-2.5552148969652713
0.78,670,2,1.0259592968447044,-122.33451028022755
0.78,670,3,1.0003627681482519,117.48337327702885
0.78,632,1,1.0159010424513417,-1.773898476615753
0.78,632,2,1.0239451677429456,-122.0174703035137
0.78,632,3,1.012744483898549,118.04386058309596
0.78,680,1,0.9838477539221319,-4.146478548910275
0.78,680,2,1.0321968394929038,-122.90521424714518
0.78,680,3,0.9790367115039365,116.49282464307787
0.78,684,1,0.9813748396923018,-4.213861051335373
0.78,684,3,0.976784397877038,116.37650784993988
0.79,sourcebus,1,0.9999889364372435,29.993405994343487
0.79,sourcebus,2,0.9999925518932491,-90.0086744197658
0.79,sourcebus,3,0.999959298848373,149.99218636127387
0.79,650,1,0.999930432114005,-0.009329872542586784
0.79,650,2,0.9999772646140672,-120.01012397390406
0.79,650,3,0.9999337365094018,119.98818232335614
0.79,rg60,1,1.0560697930948162,-0.01063479831497868
0.79,rg60,2,1.0373923656519572,-120.01217372920252
0.79,rg60,3,1.0560647513216448,119.98633306430816
0.79,633,1,1.0132381160434405,-1.8127134836911558
0.79,633,2,1.022376349991859,-122.0349908716889
0.79,633,3,1.0105840400877903,118.06658759718884
0.79,634,1,0.9919358106306726,-2.22021347770833
0.79,634,2,1.0064070271616243,-122.23925472082334
0.79,634,3,0.9944220958046083,117.85744965717633
0.79,671,1,0.9836971199133977,-4.166613148983973
0.79,671,2,1.032157851714391,-122.9240208827953
0.79,671,3,0.9788920412601352,116.47082776420564
0.79,645,2,1.0147071687197864,-122.20163255965892
0.79,645,3,1.0108386770426927,118.06870706229168
0.79,646,2,1.0130044540683594,-122.27838262850322
0.79,646,3,1.008807127446639,118.11366836532711
0.79,692,1,0.9836971116678137,-4.16661301935964
0.79,692,2,1.0321578506236126,-122.9240210287056
0.79,692,3,0.9788920347702175,116.47082781179269
0.79,675,1,0.9778824359051739,-4.372056400553487
0.79,675,2,1.034239899544963,-123.09799699014965
0.79,675,3,0.9775478923794872,116.49085969066721
0.79,611,3,0.9747870306478728,116.23057139749197
0.79,652,1,0.9758324199263515,-4.139205453888677
0.79,670,1,1.0051717825524549,-2.5552149384988874
0.79,670,2,1.0259592988547594,-122.33451030202025
0.79,670,3,1.0003627705825249,117.48337326959795
0.79,632,1,1.0159010436636366,-1.7738985085047771
0.79,632,2,1.0239451692552524,-122.01747032025081
0.79,632,3,1.012744485723586,118.04386057661142
0.79,680,1,0.9838477570622842,-4.1464786256240735
0.79,680,2,1.0321968431702486,-122.90521428234445
0.79,680,3,0.9790367158967374,116.49282461829168
0.79,684,1,0.9813748421375208,-4.213861110519304
0.79,684,3,0.9767844015279351,116.37650784205796
0.8,sourcebus,1,0.9999889364424355,29.993405994263405
0.8,sourcebus,2,0.9999925518986065,-90.00867441986709
0.8,sourcebus,3,0.9999592988533271,149.99218636117496
0.8,650,1,0.9999304321207504,-0.00932987264114248
0.8,650,2,0.9999772646211228,-120.01012397400413
0.8,650,3,0.9999337365162575,119.98818232321926
0.8,rg60,1,1.0560697931042649,-0.010634798540440934
0.8,rg60,2,1.0373923656614443,-120.01217372942259
0.8,rg60,3,1.0560647513307893,119.98633306402404
0.8,633,1,1.0132381175544842,-1.8127135120331987
0.8,633,2,1.0223763512157336,-122.0349908709906
0.8,633,3,1.0105840414106741,118.06658754638569
0.8,634,1,0.9919358121730251,-2.2202135048448732
0.8,634,2,1.0064070284066433,-122.23925471961043
0.8,634,3,0.99442209715176,117.85744960696013
0.8,671,1,0.9836971229553226,-4.166613199681063
0.8,671,2,1.0321578541246514,-122.92402087936972
0.8,671,3,0.9788920439474322,116.47082766241165
0.8,645,2,1.0147071699442995,-122.20163255879686
0.8,645,3,1.0108386783554646,118.06870701165292
0.8,646,2,1.0130044552897226,-122.27838262762417
0.8,646,3,1.0088071287559581,118.11366831464301
0.8,692,1,0.9836971147097386,-4.166613070056732
0.8,692,2,1.032157853033873,-122.92402102528001
0.8,692,3,0.9788920374575145,116.4708277099987
0.8,675,1,0.9778824389713074,-4.3720564506825745
0.8,675,2,1.0342399019557034,-123.09799698636691
0.8,675,3,0.9775478950770593,116.49085958842021
0.8,611,3,0.9747870333424831,116.23057129606649
0.8,652,1,0.9758324229437245,-4.1392055044378395
0.8,670,1,1.005171784566828,-2.555214975064511
0.8,670,2,1.0259593004746943,-122.3345103006157
0.8,670,3,1.0003627723548822,117.4833732019016
0.8,632,1,1.0159010451714492,-1.773898536951268
0.8,632,2,1.0239451704768232,-122.01747031955755
0.8,632,3,1.0127444870432196,118.04386052584441
0.8,680,1,0.9838477607466001,-4.146478692452255
0.8,680,2,1.032196846208363,-122.9052142827915
0.8,680,3,0.9790367192819842,116.49282450090855
0.8,684,1,0.9813748451720318,-4.213861161068467
0.8,684,3,0.9767844042186002,116.37650774043051
0.81,sourcebus,1,0.9999889364472744,29.99340599418851
0.81,sourcebus,2,0.999992551903542,-90.00867441993172
0.81,sourcebus,3,0.9999592988583694,149.99218636110038
0.81,650,1,0.9999304321273391,-0.009329872731436388
0.81,650,2,0.9999772646275197,-120.0101239740837
0.81,650,3,0.9999337365229773,119.98818232313947
0.81,rg60,1,1.056069793113388,-0.010634798749128148
0.81,rg60,2,1.0373923656700992,-120.01217372961413
0.81,rg60,3,1.0560647513401047,119.98633306382409
0.81,633,1,1.0132381187908066,-1.812713538802528
0.81,633,2,1.0223763524369585,-122.03499087798254
0.81,633,3,1.010584042825669,118.06658752007054
0.81,634,1,0.9919358134383919,-2.220213530563019
0.81,634,2,1.006407029647317,-122.23925472610958
0.81,634,3,0.9944220985898561,117.8574495812367
0.81,671,1,0.9836971254436303,-4.166613248669987
0.81,671,2,1.0321578565408933,-122.92402089138864
0.81,671,3,0.9788920467911558,116.47082761200274
0.81,645,2,1.0147071711671247,-122.20163256567459
0.81,645,3,1.0108386797605873,118.06870698550652
0.81,646,2,1.013004456510018,-122.27838263450552
0.81,646,3,1.008807130158071,118.11366828847117
0.81,692,1,0.9836971171980466,-4.166613119045656
0.81,692,2,1.032157855450115,-122.92402103729889
0.81,692,3,0.9788920403012379,116.47082765958982
0.81,675,1,0.9778824414820282,-4.372056499115485
0.81,675,2,1.0342399043711745,-123.0979969980178
0.81,675,3,0.9775478979335636,116.49085953742315
0.81,611,3,0.9747870361938951,116.23057124600811
0.81,652,1,0.9758324254119699,-4.139205553247705
0.81,670,1,1.005171786213813,-2.555215009843496
0.81,670,2,1.0259593020941937,-122.33451030950967
0.81,670,3,1.0003627742434493,117.48337316743543
0.81,632,1,1.0159010464044669,-1.7738985638297873
0.81,632,2,1.0239451716962638,-122.01747032656486
0.81,632,3,1.0127444884548258,118.04386049958373
0.81,680,1,0.9838477638342588,-4.146478756492953
0.81,680,2,1.0321968492105034,-122.90521429842163
0.81,680,3,0.9790367227766436,116.49282443594824
0.81,684,1,0.9813748476542958,-4.213861209878333
0.81,684,3,0.9767844070662521,116.3765076901664
0.8200000000000001,sourcebus,1,0.9999889364516913,29.993405994153072
0.8200000000000001,sourcebus,2,0.9999925519086034,-90.00867441997055
0.8200000000000001,sourcebus,3,0.9999592988630572,149.9921863610313
0.8200000000000001,650,1,0.9999304321332576,-0.00932987279935955
0.8200000000000001,650,2,0.9999772646338119,-120.01012397410202
0.8200000000000001,650,3,0.9999337365295657,119.98818232306802
0.8200000000000001,rg60,1,1.0560697931216603,-0.01063479892716485
0.8200000000000001,rg60,2,1.03739236567899,-120.01217372971585
0.8200000000000001,rg60,3,1.0560647513491204,119.98633306364071
0.8200000000000001,633,1,1.0132381200885632,-1.8127135739545996
0.8200000000000001,633,2,1.022376353761498,-122.0349908592051
0.8200000000000001,633,3,1.01058404395592,118.06658749469997
0.8200000000000001,634,1,0.9919358147639411,-2.2202135646629917
0.8200000000000001,634,2,1.0064070309930766,-122.23925470679661
0.8200000000000001,634,3,0.9944220997402405,117.85744955636015
0.8200000000000001,671,1,0.9836971280747988,-4.166613314594336
0.8200000000000001,671,2,1.0321578591380158,-122.92402085165023
0.8200000000000001,671,3,0.9788920490658373,116.47082756242469
0.8200000000000001,645,2,1.014707172492799,-122.20163254668383
0.8200000000000001,645,3,1.0108386808810388,118.06870696031126
0.8200000000000001,646,2,1.013004457832654,-122.27838261548183
0.8200000000000001,646,3,1.0088071312753526,118.11366826325248
0.8200000000000001,692,1,0.9836971198292151,-4.166613184970007
0.8200000000000001,692,2,1.0321578580472375,-122.92402099756048
0.8200000000000001,692,3,0.9788920425759197,116.47082761001178
0.8200000000000001,675,1,0.9778824441342232,-4.372056564558906
0.8200000000000001,675,2,1.0342399069680672,-123.0979969580245
0.8200000000000001,675,3,0.9775479002186465,116.49085948742162
0.8200000000000001,611,3,0.9747870384754975,116.23057119674687
0.8200000000000001,652,1,0.9758324280217555,-4.139205618993347
0.8200000000000001,670,1,1.0051717879481203,-2.5552150558500815
0.8200000000000001,670,2,1.0259593038447554,-122.33451028390868
0.8200000000000001,670,3,1.000362775752243,117.48337313394912
0.8200000000000001,632,1,1.0159010476994177,-1.7738985990909615
0.8200000000000001,632,2,1.0239451730186744,-122.01747030777578
0.8200000000000001,632,3,1.0127444895818083,118.04386047424283
0.8200000000000001,680,1,0.9838477670246855,-4.146478836457041
0.8200000000000001,680,2,1.0321968523539728,-122.90521426205933
0.8200000000000001,680,3,0.9790367256586768,116.49282437279925
0.8200000000000001,684,1,0.9813748502789041,-4.2138612756239775
0.8200000000000001,684,3,0.9767844093446082,116.37650764073585
0.8300000000000001,sourcebus,1,0.9999889364558958,29.99340599408786
0.8300000000000001,sourcebus,2,0.9999925519128938,-90.00867442002628
0.8300000000000001,sourcebus,3,0.999959298867448,149.99218636096654
0.8300000000000001,650,1,0.9999304321389919,-0.009329872878008644
0.8300000000000001,650,2,0.9999772646393658,-120.01012397417084
0.8300000000000001,650,3,0.999933736535415,119.98818232299901
0.8300000000000001,rg60,1,1.056069793129603,-0.010634799108880922
0.8300000000000001,rg60,2,1.0373923656865036,-120.01217372988168
0.8300000000000001,rg60,3,1.0560647513572297,119.98633306346716
0.8300000000000001,633,1,1.0132381211696397,-1.8127135971172559
0.8300000000000001,633,2,1.0223763548171998,-122.0349908650347
0.8300000000000001,633,3,1.0105840451872028,118.06658747161454
0.8300000000000001,634,1,0.9919358158706345,-2.220213586901997
0.8300000000000001,634,2,1.0064070320664469,-122.23925471218898
0.8300000000000001,634,3,0.9944221009914679,117.8574495337875
0.8300000000000001,671,1,0.9836971302500824,-4.166613356891318
0.8300000000000001,671,2,1.0321578612253224,-122.92402086165293
0.8300000000000001,671,3,0.9788920515411232,116.47082751816477
0.8300000000000001,645,2,1.0147071735499973,-122.20163255241458
0.8300000000000001,645,3,1.0108386821037423,118.06870693737373
0.8300000000000001,646,2,1.0130044588876501,-122.278382621216
0.8300000000000001,646,3,1.0088071324954342,118.1136682402921
0.8300000000000001,692,1,0.9836971220044991,-4.166613227266988
0.8300000000000001,692,2,1.0321578601345442,-122.92402100756323
0.8300000000000001,692,3,0.9788920450512055,116.47082756575185
0.8300000000000001,675,1,0.977882446329276,-4.372056606371862
0.8300000000000001,675,2,1.034239909054741,-123.0979969677027
0.8300000000000001,675,3,0.9775479027049018,116.49085944264974
0.8300000000000001,611,3,0.9747870409574403,116.2305711527912
0.8300000000000001,652,1,0.9758324301795276,-4.139205661134155
0.8300000000000001,670,1,1.005171789388138,-2.5552150859196376
0.8300000000000001,670,2,1.0259593052442326,-122.33451029132397
0.8300000000000001,670,3,1.0003627773958634,117.48337310370245
0.8300000000000001,632,1,1.0159010487775633,-1.7738986223468163
0.8300000000000001,632,2,1.0239451740727066,-122.01747031362069
0.8300000000000001,632,3,1.0127444908102021,118.04386045120472
0.8300000000000001,680,1,0.9838477697215877,-4.1464788918550815
0.8300000000000001,680,2,1.0321968549512117,-122.90521427520586
0.8300000000000001,680,3,0.9790367287005001,116.49282431587548
0.8300000000000001,684,1,0.9813748524489321,-4.213861317764782
0.8300000000000001,684,3,0.976784411823291,116.37650759660156
0.84,sourcebus,1,0.9999889364598087,29.99340599402682
0.84,sourcebus,2,0.9999925519168943,-90.00867442007791
0.84,sourcebus,3,0.9999592988715468,149.99218636090586
0.84,650,1,0.9999304321443362,-0.009329872951924662
0.84,650,2,0.9999772646445351,-120.01012397423489
0.84,650,3,0.9999337365408767,119.98818232293486
0.84,rg60,1,1.0560697931370022,-0.01063479927900098
0.84,rg60,2,1.0373923656934971,-120.01217373003605
0.84,rg60,3,1.0560647513648038,119.98633306330544
0.84,633,1,1.0132381221751083,-1.8127136187299724
0.84,633,2,1.0223763557995023,-122.03499087055457
0.84,633,3,1.0105840463390559,118.06658745016558
0.84,634,1,0.9919358168987499,-2.2202136076782524
0.84,634,2,1.0064070330648063,-122.23925471730725
0.84,634,3,0.9944221021628151,117.8574495128289
0.84,671,1,0.9836971322746361,-4.166613396389581
0.84,671,2,1.032157863167862,-122.92402087109771
0.84,671,3,0.9788920538553364,116.47082747702943
0.84,645,2,1.0147071745336087,-122.2016325578391
0.84,645,3,1.010838683247448,118.06870691605624
0.84,646,2,1.013004459869212,-122.2783826266441
0.84,646,3,1.0088071336366955,118.11366821895312
0.84,692,1,0.9836971240290523,-4.166613266765254
0.84,692,2,1.0321578620770842,-122.92402101700797
0.84,692,3,0.9788920473654189,116.4708275246165
0.84,675,1,0.977882448371639,-4.372056645414783
0.84,675,2,1.0342399109965676,-123.09799697686043
0.84,675,3,0.9775479050299135,116.49085940103608
0.84,611,3,0.9747870432780971,116.23057111194544
0.84,652,1,0.9758324321877063,-4.139205700488593
0.84,670,1,1.0051717907280144,-2.5552151139853536
0.84,670,2,1.0259593065465336,-122.33451029833253
0.84,670,3,1.0003627789329708,117.48337307559338
0.84,632,1,1.015901049780552,-1.7738986440466022
0.84,632,2,1.0239451750534745,-122.0174703191495
0.84,632,3,1.0127444919591895,118.04386042979473
0.84,680,1,0.9838477722328117,-4.146478943572389
0.84,680,2,1.032196857369443,-122.9052142875825
0.84,680,3,0.9790367315432449,116.492824262922
0.84,684,1,0.9813748544685161,-4.213861357119223
0.84,684,3,0.976784414140787,116.37650755558643
0.85,sourcebus,1,0.9999889364634555,29.99340599396981
0.85,sourcebus,2,0.9999925519206235,-90.00867442012593
0.85,sourcebus,3,0.9999592988753705,149.99218636084925
0.85,650,1,0.9999304321493201,-0.009329873020980465
0.85,650,2,0.9999772646493512,-120.01012397429453
0.85,650,3,0.9999337365459714,119.98818232287515
0.85,rg60,1,1.0560697931439034,-0.010634799437830895
0.85,rg60,2,1.0373923657000117,-120.01217373017984
0.85,rg60,3,1.0560647513718695,119.9863330631547
0.85,633,1,1.0132381231142702,-1.81271363884129
0.85,633,2,1.0223763567129214,-122.03499087565133
0.85,633,3,1.0105840474137793,118.06658743009115
0.85,634,1,0.9919358178590318,-2.2202136270088877
0.85,634,2,1.0064070339931621,-122.23925472203055
0.85,634,3,0.9944221032557424,117.8574494932122
0.85,671,1,0.9836971341656163,-4.166613433127401
0.85,671,2,1.0321578649741372,-122.92402087980577
0.85,671,3,0.9788920560146059,116.47082743851979
0.85,645,2,1.01470717544824,-122.20163256284734
0.85,645,3,1.010838684314574,118.06870689610403
0.85,646,2,1.0130044607819333,-122.27838263165587
0.85,646,3,1.008807134701541,118.11366819898059
0.85,692,1,0.9836971259200327,-4.166613303503076
0.85,692,2,1.0321578638833586,-122.92402102571603
0.85,692,3,0.9788920495246881,116.4708274861069
0.85,675,1,0.9778824502792438,-4.3720566817277176
0.85,675,2,1.0342399128021675,-123.09799698530088
0.85,675,3,0.9775479071992491,116.49085936208026
0.85,611,3,0.9747870454433788,116.23057107370617
0.85,652,1,0.9758324340633917,-4.139205737092427
0.85,670,1,1.0051717919795256,-2.5552151400980847
0.85,670,2,1.0259593077575009,-122.33451030480086
0.85,670,3,1.000362780367151,117.48337304928296
0.85,632,1,1.0159010507174036,-1.7738986642392522
0.85,632,2,1.0239451759654679,-122.01747032425443
0.85,632,3,1.0127444930312364,118.04386040975658
0.85,680,1,0.98384777457782,-4.146478991709687
0.85,680,2,1.0321968596195017,-122.90521429902552
0.85,680,3,0.9790367341955937,116.49282421338687
0.85,684,1,0.981374856354855,-4.213861393723056
0.85,684,3,0.9767844163031172,116.37650751718907
0.86,sourcebus,1,0.9999889364668595,29.99340599391653
0.86,sourcebus,2,0.9999925519241522,-90.00867442020302
0.86,sourcebus,3,0.9999592988784768,149.99218636077788
0.86,650,1,0.999930432153652,-0.00932987308679236
0.86,650,2,0.9999772646540258,-120.0101239743656
0.86,650,3,0.9999337365503539,119.988182322768
0.86,rg60,1,1.056069793150019,-0.010634799587276238
0.86,rg60,2,1.0373923657062691,-120.01217373032894
0.86,rg60,3,1.0560647513775832,119.98633306294423
0.86,633,1,1.0132381241872959,-1.8127136568917357
0.86,633,2,1.0223763574664104,-122.03499087195465
0.86,633,3,1.0105840482159294,118.06658738813653
0.86,634,1,0.9919358189547912,-2.220213644193814
0.86,634,2,1.0064070347595488,-122.23925471801853
0.86,634,3,0.9944221040724609,117.85744945161167
0.86,671,1,0.9836971363230861,-4.166613464859691
0.86,671,2,1.0321578664551454,-122.92402087113847
0.86,671,3,0.978892057657047,116.470827353626
0.86,645,2,1.0147071762016406,-122.20163255903965
0.86,645,3,1.010838685110532,118.06870685425801
0.86,646,2,1.0130044615331153,-122.27838262783071
0.86,646,3,1.0088071354951484,118.1136681570964
0.86,692,1,0.9836971280775025,-4.166613335235366
0.86,692,2,1.0321578653643673,-122.92402101704873
0.86,692,3,0.9788920511671296,116.47082740121306
0.86,675,1,0.9778824524537559,-4.372056713101223
0.86,675,2,1.034239914283968,-123.09799697638717
0.86,675,3,0.9775479088463093,116.49085927694956
0.86,611,3,0.9747870470899345,116.23057098904525
0.86,652,1,0.975832436203543,-4.139205768740961
0.86,670,1,1.0051717934093622,-2.5552151632733424
0.86,670,2,1.0259593087542527,-122.33451029956659
0.86,670,3,1.00036278144502,117.48337299317213
0.86,632,1,1.0159010517879932,-1.7738986823594056
0.86,632,2,1.023945176717567,-122.01747032056198
0.86,632,3,1.0127444938315686,118.04386036782921
0.86,680,1,0.9838477771587559,-4.146479034082028
0.86,680,2,1.0321968615144588,-122.90521429290872
0.86,680,3,0.979036736298245,116.49282411822345
0.86,684,1,0.9813748585071619,-4.213861425371586
0.86,684,3,0.9767844179472849,116.37650743240519
0.87,sourcebus,1,0.9999889364700256,29.993405993866798
0.87,sourcebus,2,0.9999925519273369,-90.00867442021249
0.87,sourcebus,3,0.9999592988822612,149.99218636074735
0.87,650,1,0.9999304321583065,-0.009329873145444157
0.87,650,2,0.9999772646580204,-120.0101239744023
0.87,650,3,0.9999337365551467,119.98818232276757
0.87,rg60,1,1.0560697931563505,-0.010634799724120205
0.87,rg60,2,1.0373923657117339,-120.01217373043896
0.87,rg60,3,1.056064751384592,119.98633306288298
0.87,633,1,1.0132381248145788,-1.8127136748713129
0.87,633,2,1.022376358350094,-122.03499088465615
0.87,633,3,1.010584049348664,118.06658739350846
0.87,634,1,0.9919358195988496,-2.220213661601476
0.87,634,2,1.0064070356565618,-122.23925473037279
0.87,634,3,0.9944221052225206,117.85744945744246
0.87,671,1,0.98369713758729,-4.166613498891366
0.87,671,2,1.0321578682127215,-122.92402089515657
0.87,671,3,0.9788920599031863,116.47082736833232
0.87,645,2,1.0147071770875185,-122.20163257169928
0.87,645,3,1.0108386862359735,118.06870685974678
0.87,646,2,1.0130044624177685,-122.27838264051442
0.87,646,3,1.0088071366188298,118.11366816258588
0.87,692,1,0.9836971293417064,-4.166613369267043
0.87,692,2,1.0321578671219431,-122.92402104106684
0.87,692,3,0.9788920534132688,116.47082741591937
0.87,675,1,0.9778824537315809,-4.372056746730142
0.87,675,2,1.034239916039581,-123.09799700015226
0.87,675,3,0.9775479111053044,116.49085929108914
0.87,611,3,0.9747870493425219,116.23057100400037
0.87,652,1,0.9758324374574628,-4.1392058026135645
0.87,670,1,1.0051717942446252,-2.5552151868738586
0.87,670,2,1.0259593099284336,-122.3345103162242
0.87,670,3,1.0003627829495545,117.48337300134001
0.87,632,1,1.015901052413253,-1.7738987004192537
0.87,632,2,1.0239451776002404,-122.01747033327774
0.87,632,3,1.0127444949614393,118.04386037324709
0.87,680,1,0.9838477788182047,-4.146479078034176
0.87,680,2,1.032196863658402,-122.90521431930657
0.87,680,3,0.9790367389733279,116.4928241233212
0.87,684,1,0.9813748597682034,-4.21386145924419
0.87,684,3,0.976784420197074,116.37650744720113
0.88,sourcebus,1,0.9999889364729756,29.9934059938204
0.88,sourcebus,2,0.9999925519303637,-90.0086744202508
0.88,sourcebus,3,0.9999592988853713,149.9921863607012
0.88,650,1,0.9999304321623492,-0.009329873202039022
0.88,650,2,0.9999772646619166,-120.01012397445025
0.88,650,3,0.9999337365592923,119.98818232271952
0.88,rg60,1,1.0560697931619463,-0.010634799853684112
0.88,rg60,2,1.0373923657170048,-120.0121737305548
0.88,rg60,3,1.056064751390344,119.98633306276108
0.88,633,1,1.0132381255760698,-1.8127136911866273
0.88,633,2,1.0223763590878072,-122.03499088873352
0.88,633,3,1.0105840502247763,118.06658737727776
0.88,634,1,0.9919358203762219,-2.2202136773073424
0.88,634,2,1.0064070364068656,-122.23925473414195
0.88,634,3,0.9944221061143379,117.85744944159585
0.88,671,1,0.9836971391219087,-4.166613528670087
0.88,671,2,1.032157869670353,-122.92402090209829
0.88,671,3,0.9788920616624774,116.47082733716086
0.88,645,2,1.0147071778262515,-122.20163257570026
0.88,645,3,1.0108386871057353,118.06870684360905
0.88,646,2,1.0130044631549535,-122.27838264451871
0.88,646,3,1.008807137486739,118.11366814643124
0.88,692,1,0.983697130876325,-4.1666133990457626
0.88,692,2,1.032157868579575,-122.92402104800856
0.88,692,3,0.9788920551725598,116.4708273847479
0.88,675,1,0.9778824552791382,-4.372056776159102
0.88,675,2,1.0342399174965782,-123.09799700689224
0.88,675,3,0.9775479128733485,116.49085925955443
0.88,611,3,0.974787051106955,116.23057097305441
0.88,652,1,0.9758324389796007,-4.139205832285179
0.88,670,1,1.0051717952599717,-2.5552152080487907
0.88,670,2,1.0259593109060108,-122.33451032138962
0.88,670,3,1.0003627841183638,117.48337298005279
0.88,632,1,1.015901053173138,-1.7738987167981248
0.88,632,2,1.0239451783366662,-122.01747033735754
0.88,632,3,1.0127444958352354,118.04386035703881
0.88,680,1,0.9838477807215092,-4.14647911706557
0.88,680,2,1.0321968654763283,-122.90521432846944
0.88,680,3,0.9790367411329871,116.49282408319348
0.88,684,1,0.9813748612989865,-4.213861488915807
0.88,684,3,0.9767844219589763,116.37650741612394
0.89,sourcebus,1,0.9999889364757288,29.993405993777035
0.89,sourcebus,2,0.9999925519331814,-90.00867442028677
0.89,sourcebus,3,0.9999592988882685,149.99218636065834
0.89,650,1,0.9999304321661214,-0.009329873254605
0.89,650,2,0.9999772646655481,-120.01012397449526
0.89,650,3,0.9999337365631501,119.98818232267462
0.89,rg60,1,1.0560697931671708,-0.010634799974269598
0.89,rg60,2,1.037392365721915,-120.01217373066314
0.89,rg60,3,1.0560647513956944,119.98633306264723
0.89,633,1,1.0132381262905759,-1.8127137062822942
0.89,633,2,1.0223763597719142,-122.03499089245562
0.89,633,3,1.0105840510391668,118.0665873618999
0.89,634,1,0.9919358211067694,-2.220213691809575
0.89,634,2,1.0064070371021692,-122.2392547375842
0.89,634,3,0.9944221069425403,117.8574494265651
0.89,671,1,0.9836971405603264,-4.1666135562018
0.89,671,2,1.0321578710230706,-122.9240209084244
0.89,671,3,0.9788920632987809,116.47082730763498
0.89,645,2,1.014707178511253,-122.20163257935637
0.89,645,3,1.010838687914384,118.06870682832296
0.89,646,2,1.013004463838511,-122.27838264817791
0.89,646,3,1.0088071382936603,118.11366813112903
0.89,692,1,0.9836971323147431,-4.166613426577477
0.89,692,2,1.0321578699322926,-122.92402105433466
0.89,692,3,0.9788920568088632,116.47082735522203
0.89,675,1,0.9778824567302019,-4.372056803368761
0.89,675,2,1.03423991884876,-123.09799701301534
0.89,675,3,0.9775479145172398,116.49085922969054
0.89,611,3,0.9747870527478102,116.23057094373364
0.89,652,1,0.9758324404063852,-4.139205859715743
0.89,670,1,1.0051717962120708,-2.555215227640531
0.89,670,2,1.0259593118129497,-122.33451032610539
0.89,670,3,1.000362785205151,117.48337295989155
0.89,632,1,1.0159010538858904,-1.7738987319557773
0.89,632,2,1.023945179019711,-122.01747034108543
0.89,632,3,1.012744496647595,118.04386034168863
0.89,680,1,0.9838477825038567,-4.146479153232735
0.89,680,2,1.032196867165216,-122.90521433686659
0.89,680,3,0.9790367431427988,116.49282404531564
0.89,684,1,0.9813748627338745,-4.21386151634637
0.89,684,3,0.9767844235975923,116.37650738668333
0.9,sourcebus,1,0.9999889364782951,29.99340599373654
0.9,sourcebus,2,0.9999925519358084,-90.00867442032025
0.9,sourcebus,3,0.9999592988909706,149.99218636061832
0.9,650,1,0.9999304321696395,-0.009329873303687404
0.9,650,2,0.9999772646689323,-120.01012397453722
0.9,650,3,0.9999337365667484,119.98818232263278
0.9,rg60,1,1.0560697931720442,-0.01063480008680952
0.9,rg60,2,1.037392365726491,-120.01217373076406
0.9,rg60,3,1.0560647514006856,119.98633306254109
0.9,633,1,1.0132381269578452,-1.812713720335456
0.9,633,2,1.02237636040853,-122.03499089589984
0.9,633,3,1.0105840517989197,118.0665873475151
0.9,634,1,0.9919358217890445,-2.220213705308069
0.9,634,2,1.0064070377491925,-122.23925474076816
0.9,634,3,0.9944221077151628,117.85744941250387
0.9,671,1,0.9836971419035689,-4.166613581823302
0.9,671,2,1.0321578722818947,-122.92402091427132
0.9,671,3,0.9788920648253369,116.47082728001097
0.9,645,2,1.0147071791486975,-122.20163258273946
0.9,645,3,1.0108386886687863,118.06870681402364
0.9,646,2,1.013004464474609,-122.2783826515639
0.9,646,3,1.0088071390464515,118.11366811681458
0.9,692,1,0.9836971336579853,-4.16661345219898
0.9,692,2,1.0321578711911163,-122.9240210601816
0.9,692,3,0.9788920583354191,116.47082732759804
0.9,675,1,0.9778824580852647,-4.372056828689891
0.9,675,2,1.0342399201070804,-123.09799701867253
0.9,675,3,0.9775479160508541,116.49085920175125
0.9,611,3,0.974787054278606,116.23057091630092
0.9,652,1,0.9758324417387656,-4.13920588524289
0.9,670,1,1.0051717971012029,-2.555215245877637
0.9,670,2,1.0259593126569373,-122.33451033046758
0.9,670,3,1.0003627862190332,117.48337294103118
0.9,632,1,1.0159010545515155,-1.77389874606691
0.9,632,2,1.0239451796553432,-122.01747034453513
0.9,632,3,1.0127444974054554,118.04386032732981
0.9,680,1,0.9838477841679591,-4.146479186910609
0.9,680,2,1.0321968687376624,-122.90521434464549
0.9,680,3,0.9790367450178082,116.49282400989996
0.9,684,1,0.9813748640738227,-4.213861541873511
0.9,684,3,0.9767844251263013,116.37650735913886
0.91,sourcebus,1,0.9999889364806877,29.993405993698737
0.91,sourcebus,2,0.9999925519382578,-90.00867442035141
0.91,sourcebus,3,0.9999592988934924,149.99218636058103
0.91,650,1,0.9999304321729214,-0.00932987334953217
0.91,650,2,0.9999772646720867,-120.0101239745763
0.91,650,3,0.9999337365701054,119.98818232259383
0.91,rg60,1,1.05606979317659,-0.01063480019186573
0.91,rg60,2,1.037392365730755,-120.01217373085814
0.91,rg60,3,1.0560647514053414,119.9863330624421
0.91,633,1,1.0132381275809075,-1.8127137334217598
0.91,633,2,1.0223763610010879,-122.03499089908887
0.91,633,3,1.010584052507749,118.06658733406486
0.91,634,1,0.9919358224261196,-2.220213717876444
0.91,634,2,1.0064070383514359,-122.23925474371494
0.91,634,3,0.9944221084359994,117.85744939935553
0.91,671,1,0.9836971431577753,-4.166613605674344
0.91,671,2,1.0321578734535868,-122.92402091967905
0.91,671,3,0.978892066249592,116.47082725417744
0.91,645,2,1.0147071797420237,-122.20163258587162
0.91,645,3,1.010838689372627,118.06870680065305
0.91,646,2,1.0130044650666796,-122.27838265469889
0.91,646,3,1.008807139748789,118.1136681034297
0.91,692,1,0.9836971349121918,-4.166613476050022
0.91,692,2,1.0321578723628089,-122.92402106558932
0.91,692,3,0.9788920597596744,116.47082730176449
0.91,675,1,0.9778824593505104,-4.3720568522606795
0.91,675,2,1.0342399212782991,-123.09799702390312
0.91,675,3,0.9775479174816857,116.49085917562356
0.91,611,3,0.9747870557068152,116.23057089064585
0.91,652,1,0.9758324429828302,-4.139205909005967
0.91,670,1,1.0051717979314199,-2.5552152628585394
0.91,670,2,1.0259593134425136,-122.33451033450515
0.91,670,3,1.0003627871649625,117.48337292339512
0.91,632,1,1.0159010551730423,-1.7738987592073718
0.91,632,2,1.023945180246987,-122.01747034772917
0.91,632,3,1.0127444981125193,118.04386031390389
0.91,680,1,0.9838477857215042,-4.1464792182776895
0.91,680,2,1.0321968702019413,-122.9052143518555
0.91,680,3,0.9790367467671445,116.49282397679737
0.91,684,1,0.9813748653249533,-4.213861565636592
0.91,684,3,0.9767844265525637,116.37650733337956
0.92,sourcebus,1,0.9999889364829183,29.993405993663433
0.92,sourcebus,2,0.999992551940542,-90.00867442038043
0.92,sourcebus,3,0.9999592988958446,149.9921863605462
0.92,650,1,0.9999304321759827,-0.009329873392326892
0.92,650,2,0.999977264675027,-120.01012397461278
0.92,650,3,0.9999337365732367,119.98818232255749
0.92,rg60,1,1.0560697931808305,-0.010634800289901727
0.92,rg60,2,1.0373923657347301,-120.01217373094582
0.92,rg60,3,1.0560647514096846,119.98633306234984
0.92,633,1,1.0132381281626555,-1.8127137456089242
0.92,633,2,1.0223763615527088,-122.03499090204289
0.92,633,3,1.0105840531690662,118.06658732149012
0.92,634,1,0.9919358230209506,-2.22021372958002
0.92,634,2,1.0064070389120732,-122.23925474644349
0.92,634,3,0.9944221091085195,117.85744938706249
0.92,671,1,0.9836971443287796,-4.16661362787991
0.92,671,2,1.0321578745443247,-122.92402092468295
0.92,671,3,0.9788920675783935,116.47082723002163
0.92,645,2,1.0147071802943588,-122.20163258877285
0.92,645,3,1.010838690029293,118.0687067881525
0.92,646,2,1.0130044656178436,-122.27838265760276
0.92,646,3,1.0088071404040528,118.11366809091578
0.92,692,1,0.983697136083196,-4.16661349825559
0.92,692,2,1.0321578734535468,-122.92402107059321
0.92,692,3,0.978892061088476,116.4708272776087
0.92,675,1,0.9778824605318231,-4.372056874204771
0.92,675,2,1.0342399223685914,-123.09799702874172
0.92,675,3,0.977547918816615,116.49085915119333
0.92,611,3,0.9747870570393043,116.23057086665659
0.92,652,1,0.975832444144366,-4.139205931129521
0.92,670,1,1.0051717987065785,-2.5552152786714157
0.92,670,2,1.0259593141738188,-122.33451033824396
0.92,670,3,1.000362788047489,117.48337290690611
0.92,632,1,1.0159010557533568,-1.7738987714451437
0.92,632,2,1.0239451807977593,-122.0174703506879
0.92,632,3,1.012744498772189,118.0438603013519
0.92,680,1,0.983847787171769,-4.146479247495215
0.92,680,2,1.0321968715656409,-122.90521435854068
0.92,680,3,0.979036748399222,116.49282394586005
0.92,684,1,0.9813748664930864,-4.213861587760142
0.92,684,3,0.9767844278832365,116.37650730929302
0.93,sourcebus,1,0.9999889364850035,29.99340599363045
0.93,sourcebus,2,0.9999925519427239,-90.00867442043989
0.93,sourcebus,3,0.9999592988975775,149.99218636049517
0.93,650,1,0.9999304321785215,-0.00932987343359156
0.93,650,2,0.9999772646779552,-120.0101239746622
0.93,650,3,0.999933736575788,119.98818232247216
0.93,rg60,1,1.0560697931844643,-0.01063480038258433
0.93,rg60,2,1.037392365738623,-120.01217373104268
0.93,rg60,3,1.0560647514128587,119.98633306219385
0.93,633,1,1.0132381289015904,-1.812713756295619
0.93,633,2,1.0223763619702861,-122.03499089637599
0.93,633,3,1.010584053585499,118.06658728656829
0.93,634,1,0.991935823775107,-2.2202137396788872
0.93,634,2,1.0064070393370517,-122.23925474059862
0.93,634,3,0.9944221095329874,117.85744935233042
0.93,671,1,0.9836971458133056,-4.166613646116487
0.93,671,2,1.032157875361006,-122.92402091261616
0.93,671,3,0.9788920684459697,116.47082715859348
0.93,645,2,1.014707180711388,-122.20163258302806
0.93,645,3,1.0108386904422788,118.0687067532946
0.93,646,2,1.0130044660333437,-122.27838265183962
0.93,646,3,1.0088071408155073,118.11366805602631
0.93,692,1,0.983697137567722,-4.166613516492169
0.93,692,2,1.0321578742702275,-122.92402105852642
0.93,692,3,0.9788920619560524,116.47082720618053
0.93,675,1,0.9778824620274856,-4.3720568922350544
0.93,675,2,1.0342399231862833,-123.09799701652403
0.93,675,3,0.9775479196851455,116.49085907968856
0.93,611,3,0.974787057908828,116.23057079536449
0.93,652,1,0.9758324456170194,-4.139205949330759
0.93,670,1,1.0051717996911567,-2.555215292276935
0.93,670,2,1.0259593147252284,-122.33451033050147
0.93,670,3,1.0003627886106483,117.48337286000653
0.93,632,1,1.015901056490675,-1.7738987821727814
0.93,632,2,1.0239451812144804,-122.01747034502203
0.93,632,3,1.0127444991877643,118.04386026644457
0.93,680,1,0.9838477889167175,-4.146479272278535
0.93,680,2,1.0321968726369057,-122.90521434804145
0.93,680,3,0.9790367495499366,116.49282386812163
0.93,684,1,0.9813748679741036,-4.213861605961387
0.93,684,3,0.9767844287514312,116.37650723793463
0.9400000000000001,sourcebus,1,0.9999889364869458,29.993405993599637
0.9400000000000001,sourcebus,2,0.9999925519447054,-90.0086744204654
0.9400000000000001,sourcebus,3,0.9999592988996198,149.99218636046507
0.9400000000000001,650,1,0.9999304321811865,-0.00932987347058769
0.9400000000000001,650,2,0.9999772646805104,-120.01012397469428
0.9400000000000001,650,3,0.9999337365785024,119.98818232244042
0.9400000000000001,rg60,1,1.0560697931881595,-0.010634800467605059
0.9400000000000001,rg60,2,1.0373923657420747,-120.01217373111928
0.9400000000000001,rg60,3,1.0560647514166213,119.98633306211339
0.9400000000000001,633,1,1.0132381294124149,-1.812713766766515
0.9400000000000001,633,2,1.0223763624460023,-122.03499089886
0.9400000000000001,633,3,1.010584054157787,118.06658727536528
0.9400000000000001,634,1,0.9919358242986924,-2.2202137497010828
0.9400000000000001,634,2,1.0064070398199998,-122.23925474289501
0.9400000000000001,634,3,0.9944221101140884,117.85744934136005
0.9400000000000001,671,1,0.9836971468398716,-4.166613665172595
0.9400000000000001,671,2,1.0321578763027983,-122.92402091681215
0.9400000000000001,671,3,0.9788920695969431,116.47082713708227
0.9400000000000001,645,2,1.014707181187663,-122.2016325854721
0.9400000000000001,645,3,1.0108386910107214,118.06870674216178
0.9400000000000001,646,2,1.0130044665085993,-122.27838265428592
0.9400000000000001,646,3,1.0088071413827309,118.11366804488149
0.9400000000000001,692,1,0.9836971385942881,-4.166613535548277
0.9400000000000001,692,2,1.03215787521202,-122.92402106272242
0.9400000000000001,692,3,0.9788920631070254,116.47082718466935
0.9400000000000001,675,1,0.9778824630636631,-4.3720569110683085
0.9400000000000001,675,2,1.0342399241277507,-123.09799702055967
0.9400000000000001,675,3,0.977547920840809,116.49085905793946
0.9400000000000001,611,3,0.9747870590627374,116.2305707739923
0.9400000000000001,652,1,0.9758324466353563,-4.139205968314036
0.9400000000000001,670,1,1.005171800371147,-2.5552153058629323
0.9400000000000001,670,2,1.0259593153563553,-122.33451033364611
0.9400000000000001,670,3,1.0003627893747216,117.48337284532472
0.9400000000000001,632,1,1.0159010569999654,-1.773898792690735
0.9400000000000001,632,2,1.0239451816896137,-122.01747034751419
0.9400000000000001,632,3,1.0127444997587636,118.04386025526892
0.9400000000000001,680,1,0.9838477901863135,-4.146479297441408
0.9400000000000001,680,2,1.0321968738163219,-122.90521435369953
0.9400000000000001,680,3,0.9790367509648648,116.49282384071196
0.9400000000000001,684,1,0.9813748689982243,-4.213861624944666
0.9400000000000001,684,3,0.9767844299038958,116.37650721648069
0.9500000000000001,sourcebus,1,0.9999889364887542,29.993405993570917
0.9500000000000001,sourcebus,2,0.9999925519465578,-90.00867442048883
0.9500000000000001,sourcebus,3,0.9999592989015298,149.99218636043685
0.9500000000000001,650,1,0.9999304321836713,-0.009329873505413767
0.9500000000000001,650,2,0.9999772646828926,-120.01012397472383
0.9500000000000001,650,3,0.9999337365810443,119.98818232241103
0.9500000000000001,rg60,1,1.0560697931916017,-0.010634800547280067
0.9500000000000001,rg60,2,1.0373923657452946,-120.01217373119029
0.9500000000000001,rg60,3,1.0560647514201469,119.98633306203858
0.9500000000000001,633,1,1.0132381298858488,-1.8127137766162882
0.9500000000000001,633,2,1.0223763628914107,-122.03499090121431
0.9500000000000001,633,3,1.010584054694774,118.06658726509593
0.9500000000000001,634,1,0.9919358247828013,-2.2202137591567817
0.9500000000000001,634,2,1.0064070402726744,-122.23925474506741
0.9500000000000001,634,3,0.9944221106601555,117.85744933131922
0.9500000000000001,671,1,0.983697147792736,-4.166613683105304
0.9500000000000001,671,2,1.0321578771835236,-122.92402092078906
0.9500000000000001,671,3,0.9788920706759733,116.47082711734764
0.9500000000000001,645,2,1.014707181633642,-122.20163258778398
0.9500000000000001,645,3,1.0108386915439402,118.06870673195256
0.9500000000000001,646,2,1.013004466953629,-122.27838265660012
0.9500000000000001,646,3,1.0088071419148112,118.11366803466117
0.9500000000000001,692,1,0.9836971395471523,-4.166613553480986
0.9500000000000001,692,2,1.0321578760927457,-122.92402106669932
0.9500000000000001,692,3,0.9788920641860558,116.4708271649347
0.9500000000000001,675,1,0.9778824640249297,-4.372056928788753
0.9500000000000001,675,2,1.0342399250081085,-123.09799702440186
0.9500000000000001,675,3,0.9775479219247879,116.49085903798205
0.9500000000000001,611,3,0.9747870601447542,116.23057075439286
0.9500000000000001,652,1,0.975832447580518,-4.139205986180242
0.9500000000000001,670,1,1.0051718010019506,-2.5552153186404314
0.9500000000000001,670,2,1.0259593159468585,-122.33451033662331
0.9500000000000001,670,3,1.0003627900913414,117.48337283185708
0.9500000000000001,632,1,1.0159010574722258,-1.7738988025818132
0.9500000000000001,632,2,1.023945182134343,-122.01747034987226
0.9500000000000001,632,3,1.012744500294415,118.04386024501827
0.9500000000000001,680,1,0.9838477913659337,-4.146479321067928
0.9500000000000001,680,2,1.0321968749186903,-122.90521435904137
0.9500000000000001,680,3,0.9790367522901501,116.4928238154709
0.9500000000000001,684,1,0.9813748699487543,-4.213861642810871
0.9500000000000001,684,3,0.9767844309844403,116.37650719680232
0.96,sourcebus,1,0.9999889364904405,29.993405993544112
0.96,sourcebus,2,0.9999925519482851,-90.00867442051066
0.96,sourcebus,3,0.9999592989033117,149.99218636041047
0.96,650,1,0.9999304321859888,-0.00932987353792759
0.96,650,2,0.9999772646851134,-120.01012397475138
0.96,650,3,0.999933736583416,119.98818232238366
0.96,rg60,1,1.0560697931948129,-0.0106348006216541
0.96,rg60,2,1.037392365748296,-120.01217373125647
0.96,rg60,3,1.0560647514234363,119.98633306196879
0.96,633,1,1.0132381303277391,-1.812713785794808
0.96,633,2,1.022376363306291,-122.03499090339913
0.96,633,3,1.0105840551958223,118.06658725550363
0.96,634,1,0.9919358252346306,-2.2202137679679512
0.96,634,2,1.0064070406943346,-122.23925474708267
0.96,634,3,0.9944221111696911,117.8574493219403
0.96,671,1,0.9836971486821219,-4.166613699812012
0.96,671,2,1.0321578780038547,-122.92402092447658
0.96,671,3,0.9788920716827785,116.47082709891146
0.96,645,2,1.0147071820490534,-122.20163258992928
0.96,645,3,1.0108386920414714,118.06870672241618
0.96,646,2,1.0130044673681544,-122.27838265874756
0.96,646,3,1.0088071424112806,118.11366802511438
0.96,692,1,0.9836971404365384,-4.166613570187693
0.96,692,2,1.0321578769130766,-122.92402107038684
0.96,692,3,0.9788920651928608,116.47082714649854
0.96,675,1,0.977882464922149,-4.372056945297365
0.96,675,2,1.0342399258280928,-123.09799702796387
0.96,675,3,0.9775479229362163,116.49085901933802
0.96,611,3,0.9747870611543502,116.23057073608291
0.96,652,1,0.9758324484627133,-4.139206002824917
0.96,670,1,1.0051718015907332,-2.555215330546284
0.96,670,2,1.0259593164968788,-122.3345103393854
0.96,670,3,1.0003627907599957,117.48337281927657
0.96,632,1,1.015901057913026,-1.773898811798822
0.96,632,2,1.0239451825485884,-122.01747035206053
0.96,632,3,1.0127445007942153,118.04386023544332
0.96,680,1,0.9838477924668663,-4.146479343086482
0.96,680,2,1.0321968759457965,-122.90521436400219
0.96,680,3,0.9790367535266931,116.49282379189758
0.96,684,1,0.9813748708359602,-4.213861659455545
0.96,684,3,0.97678443199266,116.37650717841866
0.97,sourcebus,1,0.9999889364920126,29.993405993519094
0.97,sourcebus,2,0.9999925519498962,-90.00867442053101
0.97,sourcebus,3,0.9999592989049746,149.99218636038586
0.97,650,1,0.9999304321881508,-0.009329873568296499
0.97,650,2,0.999977264687184,-120.01012397477706
0.97,650,3,0.9999337365856281,119.98818232235817
0.97,rg60,1,1.056069793197808,-0.010634800691069887
0.97,rg60,2,1.037392365751094,-120.01217373131817
0.97,rg60,3,1.0560647514265047,119.98633306190375
0.97,633,1,1.0132381307402305,-1.8127137943468048
0.97,633,2,1.0223763636927352,-122.03499090542654
0.97,633,3,1.0105840556632775,118.06658724654119
0.97,634,1,0.9919358256563996,-2.2202137761770526
0.97,634,2,1.0064070410870933,-122.23925474895213
0.97,634,3,0.994422111645065,117.85744931317699
0.97,671,1,0.9836971495123178,-4.166613715374853
0.97,671,2,1.032157878767953,-122.92402092789565
0.97,671,3,0.9788920726220907,116.47082708168405
0.97,645,2,1.0147071824359912,-122.20163259191992
0.97,645,3,1.0108386925056465,118.06870671350585
0.97,646,2,1.013004467754266,-122.27838266074026
0.97,646,3,1.0088071428744652,118.11366801619427
0.97,692,1,0.9836971412667345,-4.166613585750535
0.97,692,2,1.0321578776771747,-122.9240210738059
0.97,692,3,0.9788920661321732,116.4708271292711
0.97,675,1,0.9778824657596578,-4.372056960675375
0.97,675,2,1.034239926591866,-123.0979970312659
0.97,675,3,0.9775479238798379,116.49085900191665
0.97,611,3,0.974787062096265,116.23057071897328
0.97,652,1,0.9758324492861977,-4.139206018329929
0.97,670,1,1.0051718021403404,-2.55521534163878
0.97,670,2,1.0259593170091994,-122.33451034194783
0.97,670,3,1.0003627913838216,117.48337280752172
0.97,632,1,1.0159010583245,-1.773898820386772
0.97,632,2,1.0239451829344415,-122.01747035409112
0.97,632,3,1.0127445012605059,118.04386022649712
0.97,680,1,0.9838477934944194,-4.146479363604923
0.97,680,2,1.0321968769028014,-122.90521436860911
0.97,680,3,0.979036754680333,116.4928237698776
0.97,684,1,0.981374871664122,-4.213861674960557
0.97,684,3,0.9767844329332906,116.37650716124027
0.98,sourcebus,1,0.9999889364934791,29.993405993495724
0.98,sourcebus,2,0.9999925519513984,-90.00867442054994
0.98,sourcebus,3,0.9999592989065254,149.99218636036292
0.98,650,1,0.9999304321901676,-0.00932987359662442
0.98,650,2,0.9999772646891146,-120.01012397480102
0.98,650,3,0.999933736587692,119.98818232233435
0.98,rg60,1,1.0560697932006027,-0.010634800755833606
0.98,rg60,2,1.037392365753703,-120.0121737313757
0.98,rg60,3,1.0560647514293673,119.98633306184304
0.98,633,1,1.0132381311252714,-1.8127138023156228
0.98,633,2,1.0223763640527244,-122.03499090730851
0.98,633,3,1.0105840560993957,118.06658723816804
0.98,634,1,0.9919358260501003,-2.2202137838257885
0.98,634,2,1.0064070414529653,-122.23925475068697
0.98,634,3,0.9944221120885713,117.85744930498957
0.98,671,1,0.9836971502872478,-4.166613729873352
0.98,671,2,1.0321578794797368,-122.92402093106699
0.98,671,3,0.9788920734984399,116.47082706558754
0.98,645,2,1.0147071827964393,-122.20163259376764
0.98,645,3,1.0108386929387059,118.06870670518124
0.98,646,2,1.0130044681139436,-122.27838266258992
0.98,646,3,1.0088071433066002,118.1136680078605
0.98,692,1,0.9836971420416645,-4.166613600249034
0.98,692,2,1.0321578783889584,-122.92402107697725
0.98,692,3,0.9788920670085222,116.4708271131746
0.98,675,1,0.9778824665414145,-4.3720569750014375
0.98,675,2,1.0342399273033454,-123.09799703432793
0.98,675,3,0.977547924760204,116.49085898563922
0.98,611,3,0.9747870629750418,116.23057070298667
0.98,652,1,0.9758324500548626,-4.139206032774503
0.98,670,1,1.0051718026533683,-2.555215351974254
0.98,670,2,1.0259593174864465,-122.33451034432588
0.98,670,3,1.000362791965829,117.48337279653929
0.98,632,1,1.0159010587085904,-1.773898828389161
0.98,632,2,1.023945183293881,-122.01747035597604
0.98,632,3,1.0127445016955376,118.04386021813907
0.98,680,1,0.9838477944534693,-4.146479382726657
0.98,680,2,1.032196877794553,-122.90521437288858
0.98,680,3,0.9790367557566336,116.49282374930999
0.98,684,1,0.9813748724371526,-4.2138616894051255
0.98,684,3,0.9767844338108695,116.3765071451895
0.99,sourcebus,1,0.9999889364948462,29.993405993473935
0.99,sourcebus,2,0.9999925519527996,-90.0086744205676
0.99,sourcebus,3,0.9999592989079724,149.99218636034152
0.99,650,1,0.9999304321920488,-0.009329873623073632
0.99,650,2,0.9999772646909143,-120.01012397482337
0.99,650,3,0.9999337365896168,119.98818232231221
0.99,rg60,1,1.056069793203209,-0.010634800816262713
0.99,rg60,2,1.0373923657561352,-120.01217373142934
0.99,rg60,3,1.0560647514320376,119.98633306178645
0.99,633,1,1.0132381314846712,-1.8127138097414586
0.99,633,2,1.0223763643880983,-122.03499090905602
0.99,633,3,1.0105840565062747,118.06658723034599
0.99,634,1,0.9919358264175834,-2.220213790952855
0.99,634,2,1.0064070417938193,-122.2392547522974
0.99,634,3,0.994422112502343,117.85744929734082
0.99,671,1,0.9836971510105585,-4.166613743381298
0.99,671,2,1.0321578801428495,-122.92402093400953
0.99,671,3,0.9788920743160405,116.47082705054906
0.99,645,2,1.0147071831322398,-122.20163259548326
0.99,645,3,1.0108386933427327,118.06870669740445
0.99,646,2,1.0130044684490254,-122.27838266430741
0.99,646,3,1.0088071437097643,118.11366800007511
0.99,692,1,0.9836971427649749,-4.166613613756983
0.99,692,2,1.0321578790520711,-122.9240210799198
0.99,692,3,0.9788920678261231,116.47082709813611
0.99,675,1,0.9778824672710978,-4.372056988348495
0.99,675,2,1.0342399279661723,-123.09799703716851
0.99,675,3,0.9775479255815498,116.49085897043194
0.99,611,3,0.9747870637949062,116.2305706880507
0.99,652,1,0.9758324507723263,-4.139206046232148
0.99,670,1,1.0051718031322296,-2.5552153616049735
0.99,670,2,1.0259593179310613,-122.33451034653345
0.99,670,3,1.000362792508817,117.48337278627938
0.99,632,1,1.0159010590671036,-1.7738988358463363
0.99,632,2,1.0239451836287434,-122.01747035772628
0.99,632,3,1.0127445021014034,118.04386021033116
0.99,680,1,0.9838477953485504,-4.1464794005477446
0.99,680,2,1.032196878625562,-122.90521437686489
0.99,680,3,0.9790367567607743,116.49282373010026
0.99,684,1,0.981374873158691,-4.213861702862776
0.99,684,3,0.9767844346296167,116.37650713019373
1.0,sourcebus,1,0.9999889364961216,29.99340599345358
1.0,sourcebus,2,0.9999925519541067,-90.00867442058403
1.0,sourcebus,3,0.9999592989093224,149.99218636032154
1.0,650,1,0.9999304321938037,-0.009329873647763293
1.0,650,2,0.9999772646925934,-120.01012397484418
1.0,650,3,0.9999337365914129,119.98818232229155
1.0,rg60,1,1.056069793205641,-0.010634800872663412
1.0,rg60,2,1.0373923657584034,-120.01217373147934
1.0,rg60,3,1.0560647514345287,119.98633306173369
1.0,633,1,1.0132381318201293,-1.812713816661932
1.0,633,2,1.0223763647005693,-122.03499091067904
1.0,633,3,1.0105840568858744,118.06658722303948
1.0,634,1,0.9919358267605863,-2.220213797594463
1.0,634,2,1.0064070421113958,-122.2392547537927
1.0,634,3,0.9944221128883735,117.85744929019602
1.0,671,1,0.9836971516856715,-4.166613755967618
1.0,671,2,1.0321578807606735,-122.92402093674055
1.0,671,3,0.9788920750788289,116.47082703650051
1.0,645,2,1.0147071834451082,-122.20163259707661
1.0,645,3,1.0108386937196714,118.06870669014016
1.0,646,2,1.0130044687612232,-122.27838266590248
1.0,646,3,1.008807144085899,118.11366799280279
1.0,692,1,0.9836971434400882,-4.166613626343302
1.0,692,2,1.0321578796698951,-122.92402108265082
1.0,692,3,0.9788920685889114,116.47082708408756
1.0,675,1,0.9778824679521598,-4.372057000784712
1.0,675,2,1.0342399285837287,-123.09799703980437
1.0,675,3,0.9775479263478287,116.49085895622594
1.0,611,3,0.9747870645598071,116.23057067409785
1.0,652,1,0.9758324514419817,-4.1392060587715624
1.0,670,1,1.005171803579188,-2.5552153705798246
1.0,670,2,1.025959318345313,-122.33451034858336
1.0,670,3,1.0003627930154009,117.48337277669538
1.0,632,1,1.0159010594017337,-1.7738988427960811
1.0,632,2,1.0239451839407387,-122.01747035935183
1.0,632,3,1.0127445024800572,118.0438602030379
1.0,680,1,0.9838477961839123,-4.14647941715794
1.0,680,2,1.0321968794000211,-122.90521438056028
1.0,680,3,0.9790367576975905,116.49282371216027
1.0,684,1,0.98137487383215,-4.213861715402189
1.0,684,3,0.9767844353934746,116.37650711618498
1.01,sourcebus,1,0.999988570894472,29.99339492361793
1.01,sourcebus,2,0.9999925590186559,-90.00867462869378
1.01,sourcebus,3,0.999959283822569,149.99216222886227
1.01,650,1,0.9999300781043055,-0.009365517951787802
1.01,650,2,0.9999770345650132,-120.01012328948521
1.01,650,3,0.9999338515887689,119.98816970185874
1.01,rg60,1,1.0560690332988925,-0.010681348447123465
1.01,rg60,2,1.0373921356889526,-120.01217306178927
1.01,rg60,3,1.0560648689910765,119.98632041805313
1.01,633,1,1.0130537340546455,-1.828076789180075
1.01,633,2,1.0225409648124257,-122.03519110783253
1.01,633,3,1.010524441755106,118.07363707137401
1.01,634,1,0.9917484001654514,-2.2357092370596634
1.01,634,2,1.0065735397991797,-122.23939792633226
1.01,634,3,0.9943619210338717,117.86447942881769
1.01,671,1,0.983354309970583,-4.199239009006235
1.01,671,2,1.0324854361250855,-122.92414906799652
1.01,671,3,0.9787649279725625,116.48527563165759
1.01,645,2,1.0148723288951145,-122.20178570973162
1.01,645,3,1.0107785844565509,118.07576829668793
1.01,646,2,1.0131695855775853,-122.27852428635401
1.01,646,3,1.008747104860619,118.12074769559841
1.01,692,1,0.9833543017220854,-4.199238879224912
1.01,692,2,1.0324854350345767,-122.92414921393701
1.01,692,3,0.978764921482498,116.48527567935797
1.01,675,1,0.9775370563510866,-4.404715691386663
1.01,675,2,1.0345669184097468,-123.09820145057022
1.01,675,3,0.9774226862408141,116.50529354469798
1.01,611,3,0.974660409584582,116.24500245779613
1.01,652,1,0.9754922249514776,-4.171805608236086
1.01,670,1,1.0049321618072473,-2.5761164482097563
1.01,670,2,1.0261781904263128,-122.33470077971783
1.01,670,3,1.0002811220382726,117.49284456477741
1.01,632,1,1.015717161670329,-1.7892612292410477
1.01,632,2,1.0241095888123157,-122.0176583941399
1.01,632,3,1.0126845699563225,118.05089914448766
1.01,680,1,0.9835050989602337,-4.179090159715223
1.01,680,2,1.0325243226121403,-122.90534726837356
1.01,680,3,0.9789095580658144,116.50727078187545
1.01,684,1,0.9810327149618445,-4.246461264866712
1.01,684,3,0.9766578844601236,116.39094660581868
1.02,sourcebus,1,0.999988124502933,29.993381643829867
1.02,sourcebus,2,0.9999925685839229,-90.00867497145911
1.02,sourcebus,3,0.9999592609608824,149.99213279204315
1.02,650,1,0.99992964153547,-0.009408782219149254
1.02,650,2,0.9999767562953981,-120.01012231531234
1.02,650,3,0.9999339887795314,119.98815412144232
1.02,rg60,1,1.0560681006177013,-0.010737794998262768
1.02,rg60,2,1.0373918593946767,-120.01217207755319
1.02,rg60,3,1.056065006814966,119.98630479266147
1.02,633,1,1.0128282782398124,-1.8468223900096203
1.02,633,2,1.022742814910803,-122.03538419287763
1.02,633,3,1.010450372424358,118.08220556737238
1.02,634,1,0.9915182202682704,-2.2546359019008384
1.02,634,2,1.0067784702724731,-122.23951137980478
1.02,634,3,0.9942867239806158,117.87301803050622
1.02,671,1,0.9829359309441634,-4.239007068238824
1.02,671,2,1.0328855393830638,-122.92423657382025
1.02,671,3,0.978608074198287,116.50280916616111
1.02,645,2,1.0150749135307315,-122.20191917652265
1.02,645,3,1.0107039540427583,118.08434868078155
1.02,646,2,1.013372132684398,-122.278643539034
1.02,646,3,1.0086725591821666,118.12935022568938
1.02,692,1,0.9829359226916312,-4.239006938250945
1.02,692,2,1.0328855382929476,-122.92423671980079
1.02,692,3,0.9786080677078607,116.50280921400847
1.02,675,1,0.9771150447896911,-4.4445299132970915
1.02,675,2,1.034966483296735,-123.09839038113145
1.02,675,3,0.977268096783887,116.52281809212755
1.02,611,3,0.9745040126223649,116.26251279695435
1.02,652,1,0.9750770360092835,-4.211545104875159
1.02,670,1,1.004639534935668,-2.6016032220462844
1.02,670,2,1.0264459937283914,-122.33487340792453
1.02,670,3,1.00018000967618,117.50434393772964
1.02,632,1,1.0154924781575603,-1.808000372782722
1.02,632,2,1.0243110168679044,-122.01783716728104
1.02,632,3,1.0126102147473295,118.05944970359091
1.02,680,1,0.9830868902358475,-4.218838030499363
1.02,680,2,1.032924270452943,-122.90544307279748
1.02,680,3,0.9787526745705133,116.52480323680615
1.02,684,1,0.9806151678766247,-4.286200761505788
1.02,684,3,0.9765016802662911,116.40846791553567
1.03,sourcebus,1,0.9999876912446889,29.993368846829178
1.03,sourcebus,2,0.9999925782055733,-90.00867533157627
1.03,sourcebus,3,0.9999592371342358,149.99210423684718
1.03,650,1,0.9999292161366631,-0.009450667581603211
1.03,650,2,0.999976487190939,-120.01012132046257
1.03,650,3,0.9999341208600138,119.98813894703255
1.03,rg60,1,1.0560671934204298,-0.010792411091333956
1.03,rg60,2,1.0373915927637283,-120.01217106990286
1.03,rg60,3,1.0560651388734466,119.98628956833205
1.03,633,1,1.0126091688319598,-1.8650007962863122
1.03,633,2,1.0229389373015376,-122.03557123397917
1.03,633,3,1.01037837043348,118.09051441861202
1.03,634,1,0.9912942577193739,-2.2729952348882447
1.03,634,2,1.0069777777329891,-122.23961859771138
1.03,634,3,0.9942135170189054,117.8812963906281
1.03,671,1,0.9825296611448483,-4.277575641840537
1.03,671,2,1.033273897240679,-122.92432958377704
1.03,671,3,0.9784558892330403,116.51980736351992
1.03,645,2,1.0152717662921482,-122.20204788137102
1.03,645,3,1.010631418720928,118.0926684389439
1.03,646,2,1.0135689485858228,-122.27875842585166
1.03,646,3,1.0086001059686094,118.13769149394778
1.03,692,1,0.9825296528882752,-4.277575511648063
1.03,692,2,1.0332738961509607,-122.9243297297972
1.03,692,3,0.9784558827422164,116.51980741151206
1.03,675,1,0.9767051205978446,-4.483144687104383
1.03,675,2,1.0353543554418259,-123.09858382292423
1.03,675,3,0.9771180945604423,116.53980936851802
1.03,611,3,0.9743522337023418,116.27948776652072
1.03,652,1,0.9746738633431059,-4.250086674431676
1.03,670,1,1.0043552668409614,-2.626317718250732
1.03,670,2,1.0267060469994482,-122.3350427532952
1.03,670,3,1.0000818115103787,117.51549223387472
1.03,632,1,1.0152741603085855,-1.8261710073778592
1.03,632,2,1.0245066824638256,-122.0180104780529
1.03,632,3,1.0125379617734362,118.067739969713
1.03,680,1,0.9826807878269904,-4.257386445468897
1.03,680,2,1.0333124763950166,-122.90554477946061
1.03,680,3,0.9786004732383338,116.54180049079844
1.03,684,1,0.9802097053161025,-4.324742331062301
1.03,684,3,0.976350105293017,116.42545391461977
1.04,sourcebus,1,0.9999872975990118,29.99335727056118
1.04,sourcebus,2,0.999992587152623,-90.00867567003554
1.04,sourcebus,3,0.9999592146518573,149.99207830198213
1.04,650,1,0.9999288286980023,-0.009488663850274042
1.04,650,2,0.9999762432177272,-120.01012039056744
1.04,650,3,0.9999342404075752,119.98812513772725
1.04,rg60,1,1.0560663680393785,-0.010841933460034456
1.04,rg60,2,1.0373913512750237,-120.01217013131235
1.04,rg60,3,1.0560652582367562,119.98627571012433
1.04,633,1,1.012409835770677,-1.8815042422994785
1.04,633,2,1.0231172059424742,-122.03575078561809
1.04,633,3,1.0103130871460468,118.0980641944908
1.04,634,1,0.9910904272574266,-2.289664876030369
1.04,634,2,1.007158999433223,-122.23972487047712
1.04,634,3,0.9941471083043707,117.88881808457943
1.04,671,1,0.9821602558743734,-4.312602081907429
1.04,671,2,1.033626790165043,-122.92443594167482
1.04,671,3,0.9783179931541965,116.5352535556681
1.04,645,2,1.0154507039160379,-122.20217431982483
1.04,645,3,1.0105656537101253,118.10022792081854
1.04,646,2,1.0137478527450392,-122.27887232066867
1.04,646,3,1.0085344155588978,118.1452705277321
1.04,692,1,0.9821602476140873,-4.312601951527536
1.04,692,2,1.0336267890756905,-122.92443608773118
1.04,692,3,0.9783179866629994,116.53525360379231
1.04,675,1,0.9763323525571455,-4.518213527450295
1.04,675,2,1.0357068163028582,-123.09878199156854
1.04,675,3,0.9769821805191629,116.5552496070333
1.04,611,3,0.9742146959574474,116.29491263653418
1.04,652,1,0.9743072735596455,-4.2850887965027535
1.04,670,1,1.0040967129582805,-2.6487569360648484
1.04,670,2,1.0269423825781088,-122.33521012953595
1.04,670,3,0.9999928031830765,117.52562171251476
1.04,632,1,1.0150755602617232,-1.8426669145207404
1.04,632,2,1.0246845215859566,-122.01817760304225
1.04,632,3,1.0124724580384572,118.07527249167194
1.04,680,1,0.9823115388698113,-4.292394458130054
1.04,680,2,1.033665234269382,-122.9056592427331
1.04,680,3,0.9784625695903232,116.55724575425741
1.04,684,1,0.9798410334176019,-4.359744453133382
1.04,684,3,0.9762127574608943,116.44088889739132
1.05,sourcebus,1,0.9999869480836315,29.993347024687747
1.05,sourcebus,2,0.9999925952517749,-90.0086759769218
1.05,sourcebus,3,0.9999591941781929,149.99205528001482
1.05,650,1,0.9999284840750932,-0.009522362667501623
1.05,650,2,0.9999760269508571,-120.01011954885075
1.05,650,3,0.9999343463243457,119.98811286366235
1.05,rg60,1,1.0560656344107315,-0.010885838011804302
1.05,rg60,2,1.037391137351426,-120.01216928636858
1.05,rg60,3,1.0560653639630824,119.98626339018186
1.05,633,1,1.0122326288519052,-1.8961482666694351
1.05,633,2,1.0232755430622051,-122.0359207794998
1.05,633,3,1.0102552910980735,118.10477049935487
1.05,634,1,0.9909091934439461,-2.304457234837321
1.05,634,2,1.0073199780124,-122.23982955958319
1.05,634,3,0.9940883052645352,117.8954993849959
1.05,671,1,0.9818319873843073,-4.343693578583235
1.05,671,2,1.0339401971741702,-122.92455230668847
1.05,671,3,0.9781959403687902,116.54897594627391
1.05,645,2,1.0156096369052205,-122.20229713921286
1.05,645,3,1.0105074303803976,118.10694276989456
1.05,646,2,1.0139067561407091,-122.27898401842496
1.05,646,3,1.0084762584982547,118.15200274401856
1.05,692,1,0.9818319791207077,-4.343693448036215
1.05,692,2,1.033940196085144,-122.92455245277705
1.05,692,3,0.9781959338772592,116.54897599451543
1.05,675,1,0.9760010817892317,-4.549342809525975
1.05,675,2,1.0360198412517467,-123.09898002953132
1.05,675,3,0.9768618899199117,116.56896666123147
1.05,611,3,0.9740929585102234,116.30861602367258
1.05,652,1,0.9739815065102848,-4.316158769173789
1.05,670,1,1.0038668916901219,-2.6686702397830753
1.05,670,2,1.0271522813537772,-122.33537306092995
1.05,670,3,0.9999140107813089,117.53461974154575
1.05,632,1,1.0148990095135706,-1.8573040740033548
1.05,632,2,1.0248424724648635,-122.01833657840591
1.05,632,3,1.0124144683578957,118.08196334814212
1.05,680,1,0.9819834138694473,-4.323469616756615
1.05,680,2,1.0339785254122125,-122.90578288195162
1.05,680,3,0.9783405157663091,116.57096720441383
1.05,684,1,0.9795134161135322,-4.3908144258044155
1.05,684,3,0.9760911897547417,116.45460127533568
1.06,sourcebus,1,0.9999866404050567,29.993338028050765
1.06,sourcebus,2,0.9999926025132053,-90.00867625162857
1.06,sourcebus,3,0.9999591758074862,149.99203501635623
1.06,650,1,0.9999281802560435,-0.009552002361749816
1.06,650,2,0.9999758368427552,-120.01011879685
1.06,650,3,0.9999344394393511,119.98810204940061
1.06,rg60,1,1.056064988011727,-0.010924441642508935
1.06,rg60,2,1.037390949408509,-120.01216853609588
1.06,rg60,3,1.056065456923772,119.98625253360485
1.06,633,1,1.01207644933324,-1.909033265635443
1.06,633,2,1.0234149816925944,-122.03607958374484
1.06,633,3,1.01020456088193,118.11067744678836
1.06,634,1,0.990749453791836,-2.3174732139989334
1.06,634,2,1.0074617488667315,-122.23993079191878
1.06,634,3,0.994036687612837,117.90138433545958
1.06,671,1,0.9815427672586954,-4.371059973387589
1.06,671,2,1.0342161913118628,-122.9246732517655
1.06,671,3,0.9780888182415194,116.56106449946856
1.06,645,2,1.0157496008551554,-122.20241442225569
1.06,645,3,1.0104563237712658,118.11285720991464
1.06,646,2,1.014046694153568,-122.27909152456085
1.06,646,3,1.0084252102576803,118.15793247942055
1.06,692,1,0.981542758992171,-4.371059842693041
1.06,692,2,1.0342161902231246,-122.92467339788242
1.06,692,3,0.9780888117496943,116.56106454781332
1.06,675,1,0.9757092110882836,-4.576742514985997
1.06,675,2,1.0362954985216903,-123.09917290577792
1.06,675,3,0.9767563219682263,116.58105038061856
1.06,611,3,0.9739861135092164,116.32068782270358
1.06,652,1,0.973694489864638,-4.343506235596557
1.06,670,1,1.0036643628829736,-2.686193584013212
1.06,670,2,1.0273371240138907,-122.33552876861398
1.06,670,3,0.9998448529662616,117.54254558158192
1.06,632,1,1.0147434100627435,-1.870182959971367
1.06,632,2,1.0249815692913944,-122.01848568743023
1.06,632,3,1.012363568112648,118.08785664556406
1.06,680,1,0.9816943247085448,-4.350821695829519
1.06,680,2,1.0342544217669192,-122.90591026909456
1.06,680,3,0.978233397731729,116.58305480770032
1.06,684,1,0.9792247693033211,-4.418161892227188
1.06,684,3,0.9759844942753009,116.4666809797538
1.07,sourcebus,1,0.999986370456522,29.99333015108912
1.07,sourcebus,2,0.9999926089988518,-90.00867649643284
1.07,sourcebus,3,0.9999591594412918,149.99201723822722
1.07,650,1,0.99992791335719,-0.009577990154204546
1.07,650,2,0.9999756702660688,-120.01011812929609
1.07,650,3,0.9999345210683014,119.98809255349582
1.07,rg60,1,1.0560644204212706,-0.010958279588122389
1.07,rg60,2,1.0373907848163642,-120.01216787436186
1.07,rg60,3,1.056065538441079,119.98624299897148
1.07,633,1,1.0119392683483874,-1.9203344201867623
1.07,633,2,1.023537379309924,-122.03622642636807
1.07,633,3,1.010160170160445,118.11586334021685
1.07,634,1,0.9906091408702662,-2.328889538151546
1.07,634,2,1.0075861956259737,-122.24002708611795
1.07,634,3,0.9939915191247368,117.90655096248229
1.07,671,1,0.9812888010251296,-4.395070055597822
1.07,671,2,1.0344584570572666,-122.92479438446986
1.07,671,3,0.9779950853749032,116.57167892352817
1.07,645,2,1.0158724597884308,-122.20252484397248
1.07,645,3,1.0104116023900442,118.11804966509581
1.07,646,2,1.0141695304204572,-122.27919337844413
1.07,646,3,1.0083805401142178,118.16313836128845
1.07,692,1,0.9812887927560338,-4.39506992477356
1.07,692,2,1.0344584559687815,-122.92479453061169
1.07,692,3,0.9779950788828216,116.57167897196344
1.07,675,1,0.9754529149495582,-4.600781841740951
1.07,675,2,1.0365374677285757,-123.09935715017563
1.07,675,3,0.9766639554003321,116.59166042626521
1.07,611,3,0.9738926240056975,116.33128753681717
1.07,652,1,0.9734424582060663,-4.367499713414993
1.07,670,1,1.0034864863667716,-2.701564552953401
1.07,670,2,1.0274993762998457,-122.33567541242314
1.07,670,3,0.9997843375034662,117.54950422870125
1.07,632,1,1.014606739366489,-1.8814787172788425
1.07,632,2,1.0251036662493531,-122.01862402470188
1.07,632,3,1.0123190281435885,118.09303053903602
1.07,680,1,0.9814404778099223,-4.374819297290005
1.07,680,2,1.0344966058125156,-122.90603708027315
1.07,680,3,0.9781396730648991,116.59366828146499
1.07,684,1,0.9789713061839433,-4.442155370045619
1.07,684,3,0.9758911357885364,116.47728761693273
1.08,sourcebus,1,0.9999861339343084,29.993323261573114
1.08,sourcebus,2,0.999992614783423,-90.00867671424643
1.08,sourcebus,3,0.9999591449198186,149.99200166079012
1.08,650,1,0.9999276792478884,-0.009600748340875575
1.08,650,2,0.9999755244975987,-120.01011753876975
1.08,650,3,0.9999345925560377,119.98808422659785
1.08,rg60,1,1.0560639227459596,-0.010987905376693054
1.08,rg60,2,1.037390640861435,-120.01216729282316
1.08,rg60,3,1.056065609855412,119.98623463675251
1.08,633,1,1.0118189462160707,-1.930234143691682
1.08,633,2,1.0236446816004972,-122.0363610748491
1.08,633,3,1.010121367796208,118.1204101156731
1.08,634,1,0.9904860691502558,-2.338890349442639
1.08,634,2,1.0076952949406208,-122.24011742224471
1.08,634,3,0.9939520364567799,117.91108088942839
1.08,671,1,0.9810661001443175,-4.416108619221368
1.08,671,2,1.0346708469969454,-122.92491242535408
1.08,671,3,0.9779131531911475,116.58098640512296
1.08,645,2,1.0159801665638428,-122.20262758681208
1.08,645,3,1.0103725098809069,118.12260218477668
1.08,646,2,1.0142772174000438,-122.27928862146797
1.08,646,3,1.0083414925182934,118.1677026518376
1.08,692,1,0.981066091872966,-4.41610848828325
1.08,692,2,1.0346708459086817,-122.92491257151772
1.08,692,3,0.9779131466988418,116.58098645363746
1.08,675,1,0.9752281697071143,-4.621846037809636
1.08,675,2,1.0367495969157996,-123.09953048319466
1.08,675,3,0.9765832226507105,116.60096395499815
1.08,611,3,0.9738109054279148,116.34058212460954
1.08,652,1,0.9732214534936806,-4.388523726034126
1.08,670,1,1.0033304815280681,-2.71503067239801
1.08,670,2,1.0276416183292645,-122.33581187752306
1.08,670,3,0.9997314399168687,117.55560553169265
1.08,632,1,1.0144868652260457,-1.8913736919491475
1.08,632,2,1.0252107046919838,-122.01875122080003
1.08,632,3,1.0122800948225248,118.09756678651438
1.08,680,1,0.9812178856493845,-4.395847007282992
1.08,680,2,1.034708928046486,-122.90616011900472
1.08,680,3,0.9780577523667673,116.60297482166666
1.08,684,1,0.9787490462340788,-4.4631793826647534
1.08,684,3,0.9758095317969306,116.48658825888394
1.09,sourcebus,1,0.9999859268222284,29.993317237513256
1.09,sourcebus,2,0.9999926199385303,-90.00867690788562
1.09,sourcebus,3,0.9999591320721529,149.99198801879658
1.09,650,1,0.9999274740491737,-0.009620669097160566
1.09,650,2,0.9999753970060177,-120.01011701767516
1.09,650,3,0.9999346551443642,119.98807692917465
1.09,rg60,1,1.0560634866587677,-0.011013832305636156
1.09,rg60,2,1.0373905150235398,-120.01216678312615
1.09,rg60,3,1.0560656724038544,119.98622730724588
1.09,633,1,1.0117134781290364,-1.938902057400073
1.09,633,2,1.0237387025730018,-122.0364838053434
1.09,633,3,1.0100874611542074,118.12439433239794
1.09,634,1,0.9903781893797329,-2.3476469188834272
1.09,634,2,1.0077908906677007,-122.24020133057104
1.09,634,3,0.9939175351614782,117.91505037976025
1.09,671,1,0.9808709333407343,-4.434533951467742
1.09,671,2,1.0348569513755665,-122.9250253493193
1.09,671,3,0.977841558109981,116.58914324031088
1.09,645,2,1.0160745419740354,-122.20272238100424
1.09,645,3,1.0103383487782025,118.1265914298025
1.09,646,2,1.0143715755213272,-122.27937685324711
1.09,646,3,1.0083073707598962,118.17170221060685
1.09,692,1,0.9808709250674047,-4.434533820429766
1.09,692,2,1.034856950287497,-122.92502549550207
1.09,692,3,0.9778415516174798,116.58914328889475
1.09,675,1,0.9750312105128499,-4.640293820852736
1.09,675,2,1.036935472184385,-123.09969182040243
1.09,675,3,0.9765126798182076,116.6091172341643
1.09,611,3,0.9737394977757644,116.34872766581613
1.09,652,1,0.9730277729612425,-4.406936311953799
1.09,670,1,1.003193744523628,-2.7268222033304177
1.09,670,2,1.027766254919756,-122.33593779464964
1.09,670,3,0.999685215886395,117.56095213946809
1.09,632,1,1.0143817900773853,-1.9000374338045007
1.09,632,2,1.0253044943415406,-122.01886742501205
1.09,632,3,1.0122460733059393,118.10154177470093
1.09,680,1,0.9810228179371274,-4.414262915617483
1.09,680,2,1.0348949767804363,-122.90627744038255
1.09,680,3,0.9779861713692578,116.61113073205897
1.09,684,1,0.9785542656569372,-4.481591968584426
1.09,684,3,0.9757382242976893,116.49473909189595
1.1,sourcebus,1,0.999985745518162,29.993311970504024
1.1,sourcebus,2,0.9999926245314732,-90.00867708008995
1.1,sourcebus,3,0.9999591207280898,149.99197607458964
1.1,650,1,0.9999272942639361,-0.009638102878317055
1.1,650,2,0.9999752855296227,-120.01011655871196
1.1,650,3,0.9999347099375054,119.9880705356439
1.1,rg60,1,1.0560631046712536,-0.011036518581212846
1.1,rg60,2,1.0373904050534486,-120.01216633729445
1.1,rg60,3,1.0560657271829934,119.98622088456945
1.1,633,1,1.0116210627449087,-1.9464898916706779
1.1,633,2,1.0238210673854258,-122.03659506639814
1.1,633,3,1.0100578330593122,118.12788453948122
1.1,634,1,0.9902836597227789,-2.355312471046955
1.1,634,2,1.0078746350316288,-122.24027858779486
1.1,634,3,0.99388738736699,117.91852771665971
1.1,671,1,0.9806999518239365,-4.450666873803917
1.1,671,2,1.035019986136641,-122.92513175914776
1.1,671,3,0.9777789968318515,116.5962894221203
1.1,645,2,1.016157217279513,-122.20280918584413
1.1,645,3,1.0103084975849184,118.13008603867745
1.1,646,2,1.0144542357204596,-122.2794579164159
1.1,646,3,1.0082775540189974,118.17520585413419
1.1,692,1,0.9806999435488739,-4.450666742678399
1.1,692,2,1.0350199850487414,-122.92513190534723
1.1,692,3,0.9777789903391799,116.59628947076484
1.1,675,1,0.9748586581645399,-4.656446400894223
1.1,675,2,1.0370983057713459,-123.09984061001873
1.1,675,3,0.976451041290628,116.6162602287672
1.1,611,3,0.9736771009088401,116.35586395820286
1.1,652,1,0.9728580933897024,-4.423058071234957
1.1,670,1,1.003073936669551,-2.737145186883555
1.1,670,2,1.027875440299457,-122.3360531050901
1.1,670,3,0.9996448241775837,117.56563596814682
1.1,632,1,1.0142897191769784,-1.90762160592349
1.1,632,2,1.025386656428841,-122.01897297230902
1.1,632,3,1.012216344473445,118.10502389557585
1.1,680,1,0.980851926792116,-4.430387665463557
1.1,680,2,1.0350579662390464,-122.90638771986193
1.1,680,3,0.9779236261922944,116.61827601173889
1.1,684,1,0.978383622358627,-4.497713727865582
1.1,684,3,0.9756759149555843,116.50188000930261
1.11,sourcebus,1,0.9999855868339199,29.993307365328093
1.11,sourcebus,2,0.9999926286243136,-90.00867723314272
1.11,sourcebus,3,0.9999591107293212,149.9919656181347
1.11,650,1,0.99992713678707,-0.009653358959977189
1.11,650,2,0.9999751880716627,-120.01011615489
1.11,650,3,0.9999347579099829,119.98806493497045
1.11,rg60,1,1.0560627701445005,-0.01105636824767298
1.11,rg60,2,1.0373903089678356,-120.0121659477202
1.11,rg60,3,1.0560657751624902,119.98621525746303
1.11,633,1,1.0115401022822064,-1.953131687406313
1.11,633,2,1.0238932141707509,-122.03669542795934
1.11,633,3,1.0100319415365167,118.13094151106472
1.11,634,1,0.990200846285954,-2.362022376883145
1.11,634,2,1.0079479902044994,-122.24034916862253
1.11,634,3,0.9938610416423034,117.92157343986987
1.11,671,1,0.980550187748928,-4.464791056374063
1.11,671,2,1.0351627970719668,-122.92523076865197
1.11,671,3,0.9777243249356862,116.60254911760582
1.11,645,2,1.016229636023838,-122.20288813896917
1.11,645,3,1.0102824104941674,118.13314686406709
1.11,646,2,1.0145266412577505,-122.27953184582465
1.11,646,3,1.0082514970886294,118.17827459268607
1.11,692,1,0.9805501794723461,-4.464790925171821
1.11,692,2,1.0351627959842162,-122.92523091486609
1.11,692,3,0.9777243184428659,116.60254916630343
1.11,675,1,0.9747075177712059,-4.670587792615705
1.11,675,2,1.0372409401568368,-123.09997671381025
1.11,675,3,0.9763971783684255,116.62251707668003
1.11,611,3,0.9736225732001195,116.36211499566056
1.11,652,1,0.9727094695858278,-4.437172478337755
1.11,670,1,1.002968984120066,-2.746181696473301
1.11,670,2,1.0279710807395555,-122.33615798893338
1.11,670,3,0.9996095260583396,117.5697385191515
1.11,632,1,1.0142090606273733,-1.914260188503445
1.11,632,2,1.025458625586208,-122.01906833218513
1.11,632,3,1.0121903646308839,118.1080737834718
1.11,680,1,0.9807022451962562,-4.444504768763009
1.11,680,2,1.0352007407093156,-122.90649013567497
1.11,680,3,0.9778689719210968,116.62453483226719
1.11,684,1,0.9782341544181417,-4.51182813496838
1.11,684,3,0.9756214637381926,116.5081350891776
1.12,sourcebus,1,0.9999854479658503,29.993303338549826
1.12,sourcebus,2,0.999992632270541,-90.00867736914138
1.12,sourcebus,3,0.9999591019302445,149.9919564648877
1.12,650,1,0.9999269988808953,-0.009666708808377684
1.12,650,2,0.999975102877732,-120.010115800069
1.12,650,3,0.9999347999142429,119.98806002947697
1.12,rg60,1,1.056062477231624,-0.011073735672563883
1.12,rg60,2,1.0373902250225007,-120.01216560785475
1.12,rg60,3,1.0560658171913,119.98621032805013
1.12,633,1,1.0114691878781026,-1.9589450777734378
1.12,633,2,1.0239564062816158,-122.03678569179971
1.12,633,3,1.010009314267693,118.13361875488216
1.12,634,1,0.9901283082672399,-2.367895444946121
1.12,634,2,1.0080122406977408,-122.2404133517069
1.12,634,3,0.9938380173985101,117.92424085240565
1.12,671,1,0.9804190257437911,-4.477155644788077
1.12,671,2,1.0352878842803837,-122.9253222030345
1.12,671,3,0.9776765449918219,116.60803169132761
1.12,645,2,1.0162930663242298,-122.20295966317171
1.12,645,3,1.0102596118132916,118.1358274822175
1.12,646,2,1.0145900600083368,-122.27959897444084
1.12,646,3,1.0082287248065145,118.18096214112116
1.12,692,1,0.9804190174658788,-4.477155513518609
1.12,692,2,1.0352878831927639,-122.92532234926145
1.12,692,3,0.9776765384988721,116.60803174007167
1.12,675,1,0.9745751500892333,-4.682967444638865
1.12,675,2,1.0373658724950756,-123.10010061385954
1.12,675,3,0.9763501075156189,116.62799711252401
1.12,611,3,0.9735749196854334,116.36758999041778
1.12,652,1,0.97257930613277,-4.449528507011443
1.12,670,1,1.002877058567936,-2.7540915607079848
1.12,670,2,1.0280548508603407,-122.33625300686234
1.12,670,3,0.9995786777002551,117.57333155848353
1.12,632,1,1.0141384107678924,-1.9200707605895013
1.12,632,2,1.0255216620775973,-122.01915421822345
1.12,632,3,1.0121676599454372,118.11074482282964
1.12,680,1,0.9805711585232394,-4.456863231806869
1.12,680,2,1.0353257989827165,-122.90658456963152
1.12,680,3,0.9778212107074188,116.63001656137388
1.12,684,1,0.978103251677478,-4.5241841636420705
1.12,684,3,0.9755738770754945,116.51361361725603
1.1300000000000001,sourcebus,1,0.999985326451283,29.99329981727479
1.1300000000000001,sourcebus,2,0.999992635519213,-90.00867749013301
1.1300000000000001,sourcebus,3,0.9999590941949569,149.9919484527407
1.1300000000000001,650,1,0.9999268781324894,-0.00967839041237257
1.1300000000000001,650,2,0.9999750284113785,-120.01011548870041
1.1300000000000001,650,3,0.9999348366947183,119.98805573297447
1.1300000000000001,rg60,1,1.0560622207877135,-0.011088931341187398
1.1300000000000001,rg60,2,1.0373901516914006,-120.0121653117871
1.1300000000000001,rg60,3,1.0560658540076482,119.98620600982699
1.1300000000000001,633,1,1.0114070816312544,-1.964033256755415
1.1300000000000001,633,2,1.0240117526703143,-122.03686659134124
1.1300000000000001,633,3,1.0099895371028444,118.13596313700421
1.1300000000000001,634,1,0.9900647796320772,-2.3730359038912683
1.1300000000000001,634,2,1.0080685140427241,-122.24047141144864
1.1300000000000001,634,3,0.993817893243594,117.92657664091736
1.1300000000000001,671,1,0.9803041694480519,-4.487979340403453
1.1300000000000001,671,2,1.03539744230014,-122.92540596761529
1.1300000000000001,671,3,0.9776347828115102,116.61283295079342
1.1300000000000001,645,2,1.0163486213089525,-122.20302415916035
1.1300000000000001,645,3,1.010239684426689,118.13817481910515
1.1300000000000001,646,2,1.014645604886189,-122.2796596241497
1.1300000000000001,646,3,1.0082088205213986,118.18331554704153
1.1300000000000001,692,1,0.9803041611689743,-4.487979209075088
1.1300000000000001,692,2,1.0353974412126346,-122.92540611385347
1.1300000000000001,692,3,0.9776347763184466,116.61283299957813
1.1300000000000001,675,1,0.9744592377523316,-4.69380432480217
1.1300000000000001,675,2,1.0374752947218,-123.1002127920205
1.1300000000000001,675,3,0.9763089667563954,116.63279611605729
1.1300000000000001,611,3,0.9735332683401013,116.37238461604058
1.1300000000000001,652,1,0.9724653241837918,-4.4603447079819984
1.1300000000000001,670,1,1.0027965539239756,-2.761015019447657
1.1300000000000001,670,2,1.0281282206107476,-122.33633869026694
1.1300000000000001,670,3,0.9995517146523337,117.57647794721802
1.1300000000000001,632,1,1.014076536281894,-1.9251564682672528
1.1300000000000001,632,2,1.0255768721383147,-122.01923128630001
1.1300000000000001,632,3,1.0121478149353587,118.11308377115066
1.1300000000000001,680,1,0.9804563710844006,-4.467681633619139
1.1300000000000001,680,2,1.0354353344627607,-122.9066709767001
1.1300000000000001,680,3,0.9777794680105272,116.63481700880398
1.1300000000000001,684,1,0.9779886223467643,-4.535000364612625
1.1300000000000001,684,3,0.9755322841632154,116.51841133153233
1.1400000000000001,sourcebus,1,0.9999852201298003,29.993296737731036
1.1400000000000001,sourcebus,2,0.9999926384126967,-90.00867759767677
1.1400000000000001,sourcebus,3,0.9999590874048203,149.99194143972127
1.1400000000000001,650,1,0.9999267724238783,-0.00968861226627379
1.1400000000000001,650,2,0.9999749633243384,-120.01011521576457
1.1400000000000001,650,3,0.9999348689055082,119.98805197027535
1.1400000000000001,rg60,1,1.056061996297136,-0.011102227114067423
1.1400000000000001,rg60,2,1.037390087634912,-120.01216505425529
1.1400000000000001,rg60,3,1.0560658862650958,119.98620222749012
1.1400000000000001,633,1,1.0113526937711634,-1.9684866444327498
1.1400000000000001,633,2,1.0240602266102186,-122.03693899907135
1.1400000000000001,633,3,1.009972250728469,118.13801601546399
1.1400000000000001,634,1,0.9900091458348678,-2.3775350852801562
1.1400000000000001,634,2,1.0081177998132214,-122.2405238177252
1.1400000000000001,634,3,0.9938003035576807,117.92862200744798
1.1400000000000001,671,1,0.9802035979813007,-4.497453898626249
1.1400000000000001,671,2,1.035493397375401,-122.92548243679389
1.1400000000000001,671,3,0.977598279474769,116.61703748208112
1.1400000000000001,645,2,1.01639727792755,-122.20308220843984
1.1400000000000001,645,3,1.0102222664083536,118.14023028521005
1.1400000000000001,646,2,1.0146942526601266,-122.27971430777183
1.1400000000000001,646,3,1.0081914227180147,118.18537632782429
1.1400000000000001,692,1,0.9802035897012026,-4.497453767246295
1.1400000000000001,692,2,1.0354933962879953,-122.9254825830419
1.1400000000000001,692,3,0.9775982729816067,116.61703753090141
1.1400000000000001,675,1,0.9743577414054946,-4.7032904219267735
1.1400000000000001,675,2,1.037571130763826,-123.10031412768674
1.1400000000000001,675,3,0.9762730079618012,116.63699864483179
1.1400000000000001,611,3,0.9734968621618003,116.37658334123189
1.1400000000000001,652,1,0.9723655182680682,-4.469812704146752
1.1400000000000001,670,1,1.0027260564201363,-2.767074980069638
1.1400000000000001,670,2,1.0281924801412108,-122.33641581121049
1.1400000000000001,670,3,0.999528147066254,117.57923316777973
1.1400000000000001,632,1,1.0140223514332098,-1.9296076894053056
1.1400000000000001,632,2,1.025625226658039,-122.01930034098524
1.1400000000000001,632,3,1.012130469109716,118.11513189124314
1.1400000000000001,680,1,0.9803558626050464,-4.477151622336243
1.1400000000000001,680,2,1.0355312724130545,-122.9067497747848
1.1400000000000001,680,3,0.9777429846128947,116.63902076190801
1.1400000000000001,684,1,0.9778882495647298,-4.544468360777378
1.1400000000000001,684,3,0.9754959290617526,116.52261275672879
1.1500000000000001,sourcebus,1,0.9999851271094178,29.99329404450168
1.1500000000000001,sourcebus,2,0.9999926409918432,-90.00867769327314
1.1500000000000001,sourcebus,3,0.9999590814492499,149.9919353014593
1.1500000000000001,650,1,0.9999266798931944,-0.00969755654940943
1.1500000000000001,650,2,0.9999749064413775,-120.01011497655169
1.1500000000000001,650,3,0.9999348971169312,119.98804867514525
1.1500000000000001,rg60,1,1.0560617997979378,-0.011113860439319497
1.1500000000000001,rg60,2,1.0373900316887112,-120.01216483024169
1.1500000000000001,rg60,3,1.0560659145299747,119.986198914558
1.1500000000000001,633,1,1.0113050709606997,-1.9723843676020125
1.1500000000000001,633,2,1.0241026804962479,-122.0370035585557
1.1500000000000001,633,3,1.0099571395308178,118.13981344536144
1.1500000000000001,634,1,0.9899604317978878,-2.3814729148903133
1.1500000000000001,634,2,1.0081609646935932,-122.24057086146856
1.1500000000000001,634,3,0.993784927205668,117.93041287028107
1.1500000000000001,671,1,0.9801155446637317,-4.505747196160733
1.1500000000000001,671,2,1.0355774363570258,-122.92555169723664
1.1500000000000001,671,3,0.9775663688580335,116.62071902712792
1.1500000000000001,645,2,1.0164398917836657,-122.203134199286
1.1500000000000001,645,3,1.0102070398557672,118.14202998141877
1.1500000000000001,646,2,1.0147368587699954,-122.27976335325657
1.1500000000000001,646,3,1.0081762138500914,118.1871806778236
1.1500000000000001,692,1,0.9801155363827397,-4.505747064735592
1.1500000000000001,692,2,1.0355774352697078,-122.92555184349328
1.1500000000000001,692,3,0.9775663623647853,116.6207190759793
1.1500000000000001,675,1,0.9742688781676225,-4.711593817599568
1.1500000000000001,675,2,1.037655065442196,-123.10040514996805
1.1500000000000001,675,3,0.9762415744428451,116.64067841618319
1.1500000000000001,611,3,0.9734650366990838,116.38025980496685
1.1500000000000001,652,1,0.972278135171346,-4.478100256514546
1.1500000000000001,670,1,1.0026643295559403,-2.772379014468305
1.1500000000000001,670,2,1.0282487593235392,-122.3364848846049
1.1500000000000001,670,3,0.9995075447870477,117.5816455879097
1.1500000000000001,632,1,1.0139749064289663,-1.9335035135599403
1.1500000000000001,632,2,1.0256675759374074,-122.01936196620456
1.1500000000000001,632,3,1.0121153058252446,118.11692515448031
1.1500000000000001,680,1,0.9802678669496682,-4.4854409808161835
1.1500000000000001,680,2,1.0356152988358807,-122.90682108869224
1.1500000000000001,680,3,0.9777110941452596,116.6427015633826
1.1500000000000001,684,1,0.9778003701594137,-4.552755913145174
1.1500000000000001,684,3,0.9754641482498946,116.52629158096181
1.16,sourcebus,1,0.9999850457320693,29.993291688914383
1.16,sourcebus,2,0.9999926432898891,-90.00867777831074
1.16,sourcebus,3,0.9999590762305558,149.99192992899845
1.16,650,1,0.9999265989079278,-0.009705382913329594
1.16,650,2,0.9999748567308998,-120.01011476719319
1.16,650,3,0.9999349218269793,119.98804578959707
1.16,rg60,1,1.056061627815924,-0.011124039295943366
1.16,rg60,2,1.0373899828279383,-120.01216463576941
1.16,rg60,3,1.0560659392982195,119.98619601286632
1.16,633,1,1.0112633749659539,-1.9757956838228137
1.16,633,2,1.0241398607277117,-122.03706107940137
1.16,633,3,1.0099439295783859,118.14138711991573
1.16,634,1,0.9899177801913892,-2.384919352692255
1.16,634,2,1.008198767587975,-122.2406130437015
1.16,634,3,0.9937714854459165,117.93198080364343
1.16,671,1,0.9800384563684665,-4.513006249649512
1.16,671,2,1.035651036570895,-122.92561431667939
1.16,671,3,0.9775384725490873,116.62394242978546
1.16,645,2,1.0164772120955683,-122.20318071850554
1.16,645,3,1.010193728829687,118.14360564097858
1.16,646,2,1.0147741722970154,-122.27980729492056
1.16,646,3,1.0081629182939635,118.1887604123
1.16,692,1,0.9800384480866918,-4.513006118184804
1.16,692,2,1.035651035483654,-122.92561446294354
1.16,692,3,0.9775384660557637,116.62394247866403
1.16,675,1,0.9741910806914311,-4.71886170772787
1.16,675,2,1.0377285742834383,-123.10048681345779
1.16,675,3,0.9762140960981619,116.64390024969812
1.16,611,3,0.9734372150152957,116.38347876091939
1.16,652,1,0.9722016336044502,-4.485354280211509
1.16,670,1,1.0026102861575896,-2.777021294360756
1.16,670,2,1.028298047588204,-122.33654669003273
1.16,670,3,0.9994895343953102,117.58375772948074
1.16,632,1,1.0139333661450018,-1.9369131655349712
1.16,632,2,1.0257046645434396,-122.0194169194812
1.16,632,3,1.0121020502442608,118.11849518084341
1.16,680,1,0.9801908314812641,-4.492696643620039
1.16,680,2,1.0356888903271582,-122.90688551952951
1.16,680,3,0.9776832179906498,116.64592425727035
1.16,684,1,0.9777234340876019,-4.560009936842137
1.16,684,3,0.9754363656011185,116.5295126006345
1.17,sourcebus,1,0.9999849745447814,29.993289628564437
1.17,sourcebus,2,0.9999926453379927,-90.0086778538481
1.17,sourcebus,3,0.9999590716628058,149.99192522696123
1.17,650,1,0.9999265280358423,-0.009712231033011448
1.17,650,2,0.9999748132909618,-120.01011458399792
1.17,650,3,0.999934943473566,119.9880432629599
1.17,rg60,1,1.0560614773047396,-0.01113294559392298
1.17,rg60,2,1.0373899401587285,-120.01216446699924
1.17,rg60,3,1.0560659610076235,119.98619347163796
1.17,633,1,1.0112268704477487,-1.978781271944262
1.17,633,2,1.024172422344877,-122.03711225356452
1.17,633,3,1.00993238160997,118.14276488965417
1.17,634,1,0.9898804388959498,-2.3879356944719032
1.17,634,2,1.0082318745069747,-122.24065078570497
1.17,634,3,0.9937597348230258,117.93335355420727
1.17,671,1,0.9799709711531239,-4.519359914773039
1.17,671,2,1.0357154944949982,-122.92567075572603
1.17,671,3,0.9775140852701049,116.62676468316178
1.17,645,2,1.0165098963759829,-122.20322226267368
1.17,645,3,1.0101820923014662,118.14498514947206
1.17,646,2,1.0148068506334582,-122.27984658336537
1.17,646,3,1.0081512952970548,118.19014348877388
1.17,692,1,0.979970962870664,-4.519359783273682
1.17,692,2,1.0357154934078239,-122.92567090199682
1.17,692,3,0.9775140787767155,116.62676473206419
1.17,675,1,0.9741229745490718,-4.7252231050726685
1.17,675,2,1.0377929521770608,-123.1005599179148
1.17,675,3,0.9761900749601233,116.64672111611704
1.17,611,3,0.9734128931335567,116.38629712322748
1.17,652,1,0.9721346620020126,-4.491703541821127
1.17,670,1,1.0025629726214647,-2.781084337464548
1.17,670,2,1.0283412132524357,-122.33660188670129
1.17,670,3,0.9994737897082309,117.58560696124955
1.17,632,1,1.0138969979758896,-1.9398972954031535
1.17,632,2,1.025737145908187,-122.01946584702577
1.17,632,3,1.0120904623063043,118.11986975653706
1.17,680,1,0.9801233946997842,-4.499047394618264
1.17,680,2,1.0357533427352539,-122.90694355718553
1.17,680,3,0.9776588507029471,116.64874583641901
1.17,684,1,0.9776560821074586,-4.566359198451757
1.17,684,3,0.9754120778452507,116.53233276720192
1.18,sourcebus,1,0.9999849122741031,29.99328782636465
1.18,sourcebus,2,0.9999926471642873,-90.00867792100794
1.18,sourcebus,3,0.9999590676669678,149.99192111165536
1.18,650,1,0.9999264660183285,-0.0097182232518408
1.18,650,2,0.9999747753330895,-120.01011442377566
1.18,650,3,0.9999349624381277,119.98804105050263
1.18,rg60,1,1.056061345590513,-0.011140738625713643
1.18,rg60,2,1.0373899029001086,-120.01216432062598
1.18,rg60,3,1.0560659800367853,119.9861912459398
1.18,633,1,1.0111949133575964,-1.9813942944635443
1.18,633,2,1.024200939180338,-122.03715767213065
1.18,633,3,1.0099222853266456,118.14397104984988
1.18,634,1,0.9898477491496211,-2.390575643539469
1.18,634,2,1.0082608688976944,-122.24068444145577
1.18,634,3,0.9937494613582134,117.93455532603532
1.18,671,1,0.9799118966889241,-4.5249211181105835
1.18,671,2,1.035771945850672,-122.92572138762301
1.18,671,3,0.9774927631999669,116.62923550448829
1.18,645,2,1.01653852061898,-122.20325925153091
1.18,645,3,1.0101719184254083,118.1461928328553
1.18,646,2,1.014835469665754,-122.27988159796641
1.18,646,3,1.008141133254497,118.19135429617671
1.18,692,1,0.9799118884058642,-4.52492098658089
1.18,692,2,1.035771944763557,-122.92572153389958
1.18,692,3,0.9774927567065204,116.62923555341153
1.18,675,1,0.9740633564651919,-4.730791074119547
1.18,675,2,1.037849333453108,-123.10062513371892
1.18,675,3,0.9761690736008558,116.64919071330036
1.18,611,3,0.9733916283676768,116.38876453978412
1.18,652,1,0.9720760371180385,-4.497260890028439
1.18,670,1,1.0025215538483843,-2.784640446976862
1.18,670,2,1.028379016977065,-122.33665103184974
1.18,670,3,0.9994600240984083,117.58722588106409
1.18,632,1,1.0138651602714646,-1.9425090403279068
1.18,632,2,1.0257655924530578,-122.01950929980919
1.18,632,3,1.0120803310140032,118.12107312037398
1.18,680,1,0.980064364674807,-4.504606097652644
1.18,680,2,1.035809791239439,-122.90699560060027
1.18,680,3,0.9776375483254058,116.65121601759672
1.18,684,1,0.9775971242525232,-4.57191654665907
1.18,684,3,0.9753908429158326,116.53480176132406
1.19,sourcebus,1,0.9999848578078937,29.993286249909698
1.19,sourcebus,2,0.999992648792219,-90.00867798073081
1.19,sourcebus,3,0.9999590641743075,149.99191751005765
1.19,650,1,0.9999264117560198,-0.00972346637400727
1.19,650,2,0.9999747421678442,-120.01011428380302
1.19,650,3,0.9999349790536498,119.98803911330039
1.19,rg60,1,1.0560612303371884,-0.011147557389038491
1.19,rg60,2,1.0373898703680684,-120.01216419390366
1.19,rg60,3,1.0560659967180703,119.9861892967312
1.19,633,1,1.0111669392284255,-1.983681128976011
1.19,633,2,1.0242259124056108,-122.03719799193497
1.19,633,3,1.0099134588931187,118.1450269202723
1.19,634,1,0.9898191335895578,-2.3928860516011414
1.19,634,2,1.0082862603329714,-122.24071446069281
1.19,634,3,0.9937404800162561,117.9356073597916
1.19,671,1,0.9798601879564455,-4.529788413005768
1.19,671,2,1.035821382663195,-122.92576681983927
1.19,671,3,0.9774741223432347,116.63139853589036
1.19,645,2,1.0165635878907087,-122.20329219276061
1.19,645,3,1.0101630240129171,118.14725003761555
1.19,646,2,1.0148605323701343,-122.2799128113857
1.19,646,3,1.008132249190065,118.19241423609091
1.19,692,1,0.9798601796728609,-4.529788281449513
1.19,692,2,1.0358213815761315,-122.92576696612089
1.19,692,3,0.9774741158497378,116.63139858483181
1.19,675,1,0.9740111718354851,-4.735664288502944
1.19,675,2,1.03789870891168,-123.10068332756627
1.19,675,3,0.9761507136406038,116.65135266487688
1.19,611,3,0.9733730377195601,116.39092459219007
1.19,652,1,0.9720247218941649,-4.502124810062163
1.19,670,1,1.0024852979151573,-2.787752706596548
1.19,670,2,1.0284121231301109,-122.33669480012307
1.19,670,3,0.9994479896681967,117.58864309783132
1.19,632,1,1.0138372906644324,-1.9447947556300549
1.19,632,2,1.0257905041158468,-122.0195478997451
1.19,632,3,1.0120714739202712,118.12212654282037
1.19,680,1,0.9800126967449897,-4.509471251382451
1.19,680,2,1.0358592274016836,-122.90704227973055
1.19,680,3,0.9776189267535383,116.65337844217056
1.19,684,1,0.977545517574266,-4.576780466692792
1.19,684,3,0.9753722783535775,116.53696319301103
1.2,sourcebus,1,0.999984810168345,29.99328487081864
1.2,sourcebus,2,0.9999926502440138,-90.0086780337913
1.2,sourcebus,3,0.9999590611243214,149.9919143579666
1.2,650,1,0.999926364281638,-0.009728054242467721
1.2,650,2,0.9999747131905855,-120.01011416152848
1.2,650,3,0.9999349936139945,119.98803741713195
1.2,rg60,1,1.056061129490039,-0.011153524019743417
1.2,rg60,2,1.0373898419643668,-120.012164084219
1.2,rg60,3,1.0560660113450222,119.98618758968917
1.2,633,1,1.0111424519951622,-1.985682586516284
1.2,633,2,1.024247783436892,-122.03723373483108
1.2,633,3,1.0099057421400568,118.14595125657233
1.2,634,1,0.9897940848158666,-2.394908146487909
1.2,634,2,1.0083084976125045,-122.24074118311694
1.2,634,3,0.9937326278274723,117.93652834167705
1.2,671,1,0.9798149269656815,-4.534048542110161
1.2,671,2,1.0358646786524608,-122.92580747305536
1.2,671,3,0.977457824510955,116.63329217305727
1.2,645,2,1.0165855412716822,-122.20332147678936
1.2,645,3,1.010155247699706,118.14817554297916
1.2,646,2,1.0148824817462985,-122.2799405831723
1.2,646,3,1.0081244819252804,118.19334213621376
1.2,692,1,0.979814918681637,-4.534048410530656
1.2,692,2,1.035864677565442,-122.92580761934141
1.2,692,3,0.9774578180174143,116.63329222201466
1.2,675,1,0.9739654942442885,-4.7399295966280945
1.2,675,2,1.0379419511891426,-123.10073514813153
1.2,675,3,0.9761346618344752,116.65324535001584
1.2,611,3,0.9733567838822972,116.39281562296408
1.2,652,1,0.971979805331094,-4.506381984550527
1.2,670,1,1.0024535616787933,-2.7904766324985637
1.2,670,2,1.0284411168638141,-122.3367337097215
1.2,670,3,0.9994374680659213,117.58988378017749
1.2,632,1,1.0138128949369078,-1.9467952328668285
1.2,632,2,1.025812321229555,-122.01958213786347
1.2,632,3,1.0120637303135462,118.12304873615622
1.2,680,1,0.9799674732456881,-4.513729550604161
1.2,680,2,1.0359025245430937,-122.90708403503308
1.2,680,3,0.9776026477117183,116.6552715048807
1.2,684,1,0.9775003458991985,-4.581037641181152
1.2,684,3,0.9753560473233863,116.53885542974878
1.21,sourcebus,1,0.9999847685031821,29.99328366439557
1.21,sourcebus,2,0.9999926515391316,-90.0086780809895
1.21,sourcebus,3,0.999959058461804,149.9919115993769
1.21,650,1,0.9999263227498626,-0.009732068592048055
1.21,650,2,0.999974687875282,-120.01011405478535
1.21,650,3,0.999935006373485,119.98803593199015
1.21,rg60,1,1.0560610412554101,-0.011158744849033609
1.21,rg60,2,1.0373898171683986,-120.01216398938149
1.21,rg60,3,1.0560660241702322,119.98618609466011
1.21,633,1,1.0111210190379483,-1.9874342027510739
1.21,633,2,1.0242669367322623,-122.03726538207003
1.21,633,3,1.0098989954745992,118.14676035065526
1.21,634,1,0.9897721603000897,-2.396677827858061
1.21,634,2,1.0083279716453424,-122.24076493109541
1.21,634,3,0.993725762747118,117.93733450291636
1.21,671,1,0.9797753132666898,-4.537777051923009
1.21,671,2,1.0359025947771061,-122.92584376806795
1.21,671,3,0.9774435750884695,116.63494976817398
1.21,645,2,1.016604766669935,-122.20334747036496
1.21,645,3,1.0101484488544832,118.14898566130061
1.21,646,2,1.014901703631575,-122.27996525317036
1.21,646,3,1.0081176909905671,118.19415435111186
1.21,692,1,0.9797753049822427,-4.53777692032315
1.21,692,2,1.0359025936901272,-122.92584391435787
1.21,692,3,0.9774435685948903,116.63494981714537
1.21,675,1,0.973925515881562,-4.743662637380471
1.21,675,2,1.037979820304225,-123.10078121497672
1.21,675,3,0.9761206278711939,116.65490210668129
1.21,611,3,0.9733425730037761,116.39447093781789
1.21,652,1,0.9719404930746097,-4.5101079078847075
1.21,670,1,1.0024257842836093,-2.792860567975244
1.21,670,2,1.0284665078142525,-122.33676824793346
1.21,670,3,0.9994282690243911,117.5909697902541
1.21,632,1,1.0137915420836525,-1.9485459904967137
1.21,632,2,1.0258314273030964,-122.01961246860542
1.21,632,3,1.0120569601325047,118.12385595435863
1.21,680,1,0.979927894018572,-4.51745650020952
1.21,680,2,1.0359404432824302,-122.90712130464068
1.21,680,3,0.9775884165199212,116.65692855690551
1.21,684,1,0.9774608103614224,-4.58476356451533
1.21,684,3,0.9753418563858767,116.54051179904191
1.22,sourcebus,1,0.9999847320637814,29.993282608945254
1.22,sourcebus,2,0.9999926526947645,-90.00867812294862
1.22,sourcebus,3,0.9999590561395584,149.9919091851279
1.22,650,1,0.9999262864189037,-0.009735581231560729
1.22,650,2,0.9999746657596756,-120.01011396163275
1.22,650,3,0.9999350175567494,119.98803463164231
1.22,rg60,1,1.0560609640582395,-0.011163313295936108
1.22,rg60,2,1.0373897955228586,-120.01216390744254
1.22,rg60,3,1.056066035418295,119.98618478533173
1.22,633,1,1.0111022596343509,-1.9889672105232632
1.22,633,2,1.0242837105568516,-122.03729338694086
1.22,633,3,1.0098930968910065,118.14746858782034
1.22,634,1,0.9897529706189033,-2.3982266485854105
1.22,634,2,1.0083450263543876,-122.2407860183797
1.22,634,3,0.9937197606306376,117.93804017582629
1.22,671,1,0.9797406425143209,-4.541040357624302
1.22,671,2,1.0359358006278145,-122.9258761340342
1.22,671,3,0.9774311164396647,116.63640077720015
1.22,645,2,1.0166216036270657,-122.20337052626728
1.22,645,3,1.0101425045549794,118.14969479593
1.22,646,2,1.0149185375066334,-122.27998715058035
1.22,646,3,1.0081117536063973,118.19486532129702
1.22,692,1,0.9797406342295215,-4.541040226006627
1.22,692,2,1.0359357995408702,-122.92587628032756
1.22,692,3,0.9774311099460524,116.63640082618372
1.22,675,1,0.9738905259378335,-4.746929906927944
1.22,675,2,1.0380129850126942,-123.10082213168357
1.22,675,3,0.9761083579131171,116.65635237744438
1.22,611,3,0.9733301481253716,116.39591995196604
1.22,652,1,0.9719060861427212,-4.513368949253233
1.22,670,1,1.0024014721658765,-2.794947006358391
1.22,670,2,1.0284887444039754,-122.33679888321429
1.22,670,3,0.999420226209005,117.59192043360275
1.22,632,1,1.0137728527995924,-1.9500782463625386
1.22,632,2,1.0258481597711304,-122.01963932169558
1.22,632,3,1.012051040955431,118.12456254949997
1.22,680,1,0.9798932549835746,-4.520718479040709
1.22,680,2,1.0359736529201764,-122.90715453293214
1.22,680,3,0.9775759754918528,116.65837905305153
1.22,684,1,0.9774262080089476,-4.588024605883853
1.22,684,3,0.9753294489426386,116.54196173514681
1.23,sourcebus,1,0.999984700197226,29.993281685629555
1.23,sourcebus,2,0.9999926537266299,-90.00867816019633
1.23,sourcebus,3,0.9999590541157597,149.9919070723577
1.23,650,1,0.9999262546407975,-0.009738654713114404
1.23,650,2,0.9999746464415388,-120.0101138802981
1.23,650,3,0.9999350273597832,119.98803349320286
1.23,rg60,1,1.0560608965236176,-0.011167310716618925
1.23,rg60,2,1.0373897766305575,-120.01216383661189
1.23,rg60,3,1.0560660452852717,119.98618363874809
1.23,633,1,1.0110858414580852,-1.9903088406367833
1.23,633,2,1.0242984002254498,-122.03731813923056
1.23,633,3,1.0098879401091434,118.14808852190126
1.23,634,1,0.989736175830634,-2.399582119246772
1.23,634,2,1.0083599620060497,-122.24080471279576
1.23,634,3,0.9937145133306227,117.9386578680285
1.23,671,1,0.9797102999862464,-4.543896373924995
1.23,671,2,1.0359648807406037,-122.92590493425331
1.23,671,3,0.9774202241488555,116.63767090724163
1.23,645,2,1.0166363485724528,-122.203390946537
1.23,645,3,1.0101373077205853,118.15031551640098
1.23,646,2,1.0149332797473223,-122.28000655686961
1.23,646,3,1.008106562816343,118.19548764872687
1.23,692,1,0.9797102917011392,-4.543896242291726
1.23,692,2,1.0359648796536898,-122.92590508054963
1.23,692,3,0.9774202176552141,116.63767095623585
1.23,675,1,0.9738599040381617,-4.7497893907119755
1.23,675,2,1.038042029123431,-123.10085841386926
1.23,675,3,0.9760976308619599,116.6576218577056
1.23,611,3,0.9733192854213795,116.39718833693925
1.23,652,1,0.9718759744933337,-4.51622298330306
1.23,670,1,1.0023801945247122,-2.7967729980171177
1.23,670,2,1.0285082181054914,-122.3368260167382
1.23,670,3,0.9994131947277026,117.59275255802866
1.23,632,1,1.013756495999239,-1.9514192180542436
1.23,632,2,1.025862813220037,-122.01966306636204
1.23,632,3,1.0120458661402223,118.12518104631624
1.23,680,1,0.9798629416571661,-4.523573370212758
1.23,680,2,1.0360027377457897,-122.907184096574
1.23,680,3,0.9775651001765453,116.65964869922004
1.23,684,1,0.977395925334832,-4.590878639933694
1.23,684,3,0.9753186014824076,116.54323092619923
1.24,sourcebus,1,0.9999846723300416,29.993280877744457
1.24,sourcebus,2,0.9999926546471198,-90.00867819337837
1.24,sourcebus,3,0.9999590523525986,149.9919052233195
1.24,650,1,0.9999262268460817,-0.009741344112656052
1.24,650,2,0.9999746295667956,-120.01011380949198
1.24,650,3,0.9999350359528721,119.98803249638631
1.24,rg60,1,1.0560608374429654,-0.011170808729915471
1.24,rg60,2,1.0373897601400819,-120.01216377567455
1.24,rg60,3,1.0560660539401339,119.98618263450679
1.24,633,1,1.0110714723364125,-1.9914830046483387
1.24,633,2,1.0243112645637222,-122.03734005764922
1.24,633,3,1.0098834318716081,118.14863113222698
1.24,634,1,0.9897214770802362,-2.4007683971601534
1.24,634,2,1.0083730417587893,-122.24082132626455
1.24,634,3,0.9937099259563676,117.93919851836843
1.24,671,1,0.9796837452631632,-4.5463959656956145
1.24,671,2,1.0359903475117935,-122.92593064073165
1.24,671,3,0.9774107013508383,116.63878264193401
1.24,645,2,1.0166492613094429,-122.20340907303978
1.24,645,3,1.010132764392867,118.15085881579856
1.24,646,2,1.0149461901112145,-122.2800237958908
1.24,646,3,1.0081020247719035,118.19603235495406
1.24,692,1,0.9796837369777861,-4.546395834048697
1.24,692,2,1.035990346424906,-122.92593078703058
1.24,692,3,0.9774106948571709,116.63878269093759
1.24,675,1,0.973833104801391,-4.752292015666656
1.24,675,2,1.038067464392029,-123.1008906670472
1.24,675,3,0.9760882527663002,116.65873302059465
1.24,611,3,0.9733097885456161,116.39829854513309
1.24,652,1,0.9718496218218866,-4.518720839772354
1.24,670,1,1.0023615726120658,-2.798371079257716
1.24,670,2,1.0285252720444753,-122.336850102915
1.24,670,3,0.9994070474540424,117.59348089840945
1.24,632,1,1.0137421805980964,-1.9525928055371817
1.24,632,2,1.0258756458384146,-122.01968410330109
1.24,632,3,1.0120413421112022,118.12572239864767
1.24,680,1,0.9798364138366619,-4.526072011034139
1.24,680,2,1.0360282099464542,-122.90721047929935
1.24,680,3,0.9775555936849586,116.66075997781829
1.24,684,1,0.9773694229884728,-4.593376496402984
1.24,684,3,0.9753091179339691,116.54434183914339
1.25,sourcebus,1,0.9999846479619999,29.99328017100128
1.25,sourcebus,2,0.999992655470115,-90.00867822283827
1.25,sourcebus,3,0.9999590508176938,149.99190360518597
1.25,650,1,0.9999262025372812,-0.009743697259973497
1.25,650,2,0.9999746148291058,-120.01011374766496
1.25,650,3,0.999935043487228,119.9880316236618
1.25,rg60,1,1.0560607857617277,-0.011173869544697668
1.25,rg60,2,1.0373897457508572,-120.01216372301633
1.25,rg60,3,1.0560660615343316,119.98618175502419
1.25,633,1,1.0110588978048862,-1.9925105915800572
1.25,633,2,1.024322530677776,-122.03735937706288
1.25,633,3,1.0098794904027997,118.14910604682265
1.25,634,1,0.9897086140625672,-2.401806585806315
1.25,634,2,1.0083844965229745,-122.24083599993145
1.25,634,3,0.9937059152984449,117.93967171934814
1.25,671,1,0.9796605078910976,-4.548583568684279
1.25,671,2,1.0360126504091285,-122.92595340300473
1.25,671,3,0.977402375433645,116.63975569752562
1.25,645,2,1.0166605697975406,-122.20342507310154
1.25,645,3,1.0101287921802427,118.15133433425221
1.25,646,2,1.0149574965147985,-122.28003901910735
1.25,646,3,1.0080980571755276,118.19650910497711
1.25,692,1,0.9796604996054843,-4.548583437025417
1.25,692,2,1.0360126493222646,-122.92595354930593
1.25,692,3,0.9774023689399555,116.63975574653738
1.25,675,1,0.9738096534379427,-4.7544822718627335
1.25,675,2,1.038089739728781,-123.10091915765702
1.25,675,3,0.9760800535559062,116.65970557349245
1.25,611,3,0.9733014853379276,116.39927026548963
1.25,652,1,0.9718265612548798,-4.520906923656792
1.25,670,1,1.0023452766162957,-2.7997696737574973
1.25,670,2,1.0285402072611474,-122.33687136355759
1.25,670,3,0.9994016729173881,117.59411837598644
1.25,632,1,1.0137296530843567,-1.9536198877046689
1.25,632,2,1.0258868841726119,-122.0197026515588
1.25,632,3,1.012037386814785,118.12619621215613
1.25,680,1,0.9798132012642519,-4.528258813323671
1.25,680,2,1.0360505188125155,-122.9072338409791
1.25,680,3,0.9775472833917479,116.66173260386282
1.25,684,1,0.9773462314446748,-4.595562580287423
1.25,684,3,0.9753008263786559,116.54531417568852
1.26,sourcebus,1,0.999984626653879,29.99327955255647
1.26,sourcebus,2,0.999992656204585,-90.00867824907023
1.26,sourcebus,3,0.9999590494825855,149.9919021890481
1.26,650,1,0.9999261812785091,-0.009745756379392552
1.26,650,2,0.9999746019568401,-120.01011369389629
1.26,650,3,0.9999350500934588,119.98803085953713
1.26,rg60,1,1.0560607405539952,-0.01117654805294973
1.26,rg60,2,1.0373897331927284,-120.01216367782385
1.26,rg60,3,1.0560660681983056,119.98618098474319
1.26,633,1,1.0110478931303557,-1.9934099152334133
1.26,633,2,1.0243323970452893,-122.03737648549094
1.26,633,3,1.00987604499111,118.1495217262994
1.26,634,1,0.9896973569117274,-2.4027151879257547
1.26,634,2,1.0083945280990034,-122.24084903993736
1.26,634,3,0.9937024094009694,117.94008590080539
1.26,671,1,0.9796401721619606,-4.550498154093962
1.26,671,2,1.036032182418292,-122.92597371697295
1.26,671,3,0.9773950970128755,116.64060740546208
1.26,645,2,1.0166704732673901,-122.20343927605333
1.26,645,3,1.0101253198323576,118.15175054292125
1.26,646,2,1.0149673981554637,-122.28005254213946
1.26,646,3,1.0080945888620891,118.19692639182816
1.26,692,1,0.9796401638761407,-4.550498022424647
1.26,692,2,1.0360321813314481,-122.92597386327616
1.26,692,3,0.9773950905191665,116.640607454481
1.26,675,1,0.9737891304307968,-4.756399177955754
1.26,675,2,1.0381092476238267,-123.10094448373468
1.26,675,3,0.9760728860936757,116.66055683907913
1.26,611,3,0.9732942268153476,116.40012080554354
1.26,652,1,0.9718063802497103,-4.522820179158565
1.26,670,1,1.0023310152011948,-2.8009937039468396
1.26,670,2,1.0285532868921943,-122.33689023661533
1.26,670,3,0.9993969746953493,117.5946763468226
1.26,632,1,1.0137186895597166,-1.954518769445261
1.26,632,2,1.0258967262120329,-122.01971908540739
1.26,632,3,1.0120339292942302,118.12661092795234
1.26,680,1,0.9797928884098076,-4.530172727427085
1.26,680,2,1.0360700571812755,-122.90725468656392
1.26,680,3,0.9775400199063073,116.66258390752753
1.26,684,1,0.9773259358177235,-4.597475835789189
1.26,684,3,0.9752935780429316,116.54616525442619
1.27,sourcebus,1,0.999984608022497,29.99327901150995
1.27,sourcebus,2,0.9999926568619988,-90.0086782723856
1.27,sourcebus,3,0.9999590483214761,149.99190094971672
1.27,650,1,0.9999261626876091,-0.009747558091841019
1.27,650,2,0.9999745907164724,-120.01011364697032
1.27,650,3,0.999935055887165,119.98803019047654
1.27,rg60,1,1.056060701010609,-0.011178891881702463
1.27,rg60,2,1.0373897222372988,-120.01216363882465
1.27,rg60,3,1.0560660740470273,119.98618031005212
1.27,633,1,1.011038263604364,-1.9941969910166077
1.27,633,2,1.0243410379188684,-122.03739153445538
1.27,633,3,1.009873032574306,118.14988551353909
1.27,634,1,0.9896875064394037,-2.4035103832581814
1.27,634,2,1.0084033136594528,-122.24086052589564
1.27,634,3,0.9936993441015164,117.94044837829604
1.27,671,1,0.9796223782614162,-4.552173794618993
1.27,671,2,1.0360492883716699,-122.92599163994082
1.27,671,3,0.9773887330801938,116.64135280072519
1.27,645,2,1.0166791466237326,-122.20345178148752
1.27,645,3,1.0101222838146284,118.15211479396564
1.27,646,2,1.014976069903588,-122.28006445235683
1.27,646,3,1.0080915563683106,118.1972915867105
1.27,692,1,0.9796223699754153,-4.552173662940532
1.27,692,2,1.036049287284844,-122.92599178624577
1.27,692,3,0.9773887265864679,116.64135284975033
1.27,675,1,0.9737711726403723,-4.758076848362855
1.27,675,2,1.038126332484241,-123.1009667922845
1.27,675,3,0.9760666193144324,116.66130184581853
1.27,611,3,0.9732878803142694,116.40086517931847
1.27,652,1,0.9717887217295886,-4.524494655461327
1.27,670,1,1.0023185360430726,-2.8020649629103653
1.27,670,2,1.0285647419094184,-122.33690685392177
1.27,670,3,0.9993928668516183,117.59516466480021
1.27,632,1,1.0137090960472614,-1.955305458371958
1.27,632,2,1.0259053457789384,-122.01973354420808
1.27,632,3,1.0120309062746617,118.1269738717161
1.27,680,1,0.9797751156204557,-4.531847807950697
1.27,680,2,1.0360871697592964,-122.90727308135385
1.27,680,3,0.9775336702222513,116.66332892259503
1.27,684,1,0.9773081770027437,-4.599150312091951
1.27,684,3,0.9752872404484917,116.54691009920441
1.28,sourcebus,1,0.9999845917319634,29.99327853805366
1.28,sourcebus,2,0.9999926574493455,-90.008678293075
1.28,sourcebus,3,0.9999590473137755,149.99189986512818
1.28,650,1,0.9999261464318107,-0.009749134680703302
1.28,650,2,0.9999745809001477,-120.01011360613032
1.28,650,3,0.9999350609694115,119.98802960476752
1.28,rg60,1,1.0560606664237933,-0.011180942994611887
1.28,rg60,2,1.0373897126780862,-120.01216360535508
1.28,rg60,3,1.0560660791829897,119.98617971924142
1.28,633,1,1.0110298365185235,-1.9948858326533068
1.28,633,2,1.0243486056437026,-122.0374048534276
1.28,633,3,1.0098703997473448,118.15020395650885
1.28,634,1,0.9896788859977602,-2.404206330654762
1.28,634,2,1.0084110080983397,-122.24087072445879
1.28,634,3,0.9936966650489089,117.94076567646258
1.28,671,1,0.9796068066732024,-4.553640320277983
1.28,671,2,1.036064269942894,-122.9260076159281
1.28,671,3,0.9773831706640158,116.64200530224403
1.28,645,2,1.016686742792142,-122.2034628740533
1.28,645,3,1.0101196303068525,118.15243364346242
1.28,646,2,1.0149836646605765,-122.28007502398066
1.28,646,3,1.008088905939841,118.19761126251021
1.28,692,1,0.9796067983870435,-4.553640188591515
1.28,692,2,1.0360642688560837,-122.92600776223459
1.28,692,3,0.9773831641702748,116.64200535127465
1.28,675,1,0.9737554576291267,-4.759545149315735
1.28,675,2,1.0381412955999203,-123.10098660542762
1.28,675,3,0.9760611419819215,116.66195400527208
1.28,611,3,0.973282333174527,116.40151678748317
1.28,652,1,0.9717732686113842,-4.525960161789566
1.28,670,1,1.0023076152362687,-2.803002523260512
1.28,670,2,1.0285747742954912,-122.33692159398673
1.28,670,3,0.999389276524403,117.59559212024483
1.28,632,1,1.0137007004785636,-1.955993961383351
1.28,632,2,1.0259128948445062,-122.01974634694011
1.28,632,3,1.0120282641617018,118.12729157651175
1.28,680,1,0.9797595635267345,-4.533313869181622
1.28,680,2,1.0361021581168535,-122.9072894763635
1.28,680,3,0.977528121373669,116.6639810667236
1.28,684,1,0.9772926361156723,-4.600615818420195
1.28,684,3,0.9752817010944597,116.5475621190727
1.29,sourcebus,1,0.99998457748899,29.993278123770757
1.29,sourcebus,2,0.9999926579748356,-90.00867831150046
1.29,sourcebus,3,0.9999590464387,149.99189891593193
1.29,650,1,0.9999261322179613,-0.009750514242405474
1.29,650,2,0.9999745723290567,-120.0101135705935
1.29,650,3,0.999935065427459,119.98802909190626
1.29,rg60,1,1.056060636173088,-0.011182737919187205
1.29,rg60,2,1.0373897043393858,-120.01216357664124
1.29,rg60,3,1.05606608369192,119.98617920170523
1.29,633,1,1.0110224626583846,-1.995488693990588
1.29,633,2,1.0243552333468426,-122.0374165983311
1.29,633,3,1.0098680982156747,118.15048263817735
1.29,634,1,0.9896713429352362,-2.4048154099907704
1.29,634,2,1.0084177467764515,-122.24087973658291
1.29,634,3,0.9936943231094054,117.94104335738808
1.29,671,1,0.9795931816745792,-4.554923805915627
1.29,671,2,1.0360773906093008,-122.92602176894424
1.29,671,3,0.9773783079589297,116.64257634083089
1.29,645,2,1.0166933953982078,-122.20347266999109
1.29,645,3,1.01011731065395,118.15271268142816
1.29,646,2,1.0149903160260836,-122.28008436391235
1.29,646,3,1.0080865889764656,118.19789102381063
1.29,692,1,0.9795931733882816,-4.554923674222153
1.29,692,2,1.0360773895225044,-122.92602191525205
1.29,692,3,0.9773783014651759,116.64257638986629
1.29,675,1,0.9737417071242227,-4.760830187609029
1.29,675,2,1.038154400123412,-123.10100411581192
1.29,675,3,0.9760563537781842,116.66252474328957
1.29,611,3,0.9732774838542017,116.40208704479848
1.29,652,1,0.9717597472701015,-4.527242755077602
1.29,670,1,1.0022980594170767,-2.80382306050958
1.29,670,2,1.0285835605167966,-122.33693461113725
1.29,670,3,0.9993861379152252,117.59596620501982
1.29,632,1,1.0136933542004216,-1.9565965263030398
1.29,632,2,1.0259195062058197,-122.0197576402347
1.29,632,3,1.012025954498461,118.12756961211204
1.29,680,1,0.979745956538989,-4.534596972328912
1.29,680,2,1.0361152856442166,-122.907304001776
1.29,680,3,0.9775232715671589,116.66455176957514
1.29,684,1,0.9772790379774102,-4.6018984117082296
1.29,684,3,0.9752768585802319,116.54813273630246
1.3,sourcebus,1,0.9999845650384924,29.993277761323217
1.3,sourcebus,2,0.9999926584451089,-90.008678327885
1.3,sourcebus,3,0.9999590456795759,149.99189808536022
1.3,650,1,0.9999261197920426,-0.009751721214083749
1.3,650,2,0.9999745648468871,-120.01011353966734
1.3,650,3,0.9999350693381472,119.98802864292801
1.3,rg60,1,1.0560606097196321,-0.01118430841523077
1.3,rg60,2,1.0373896970672354,-120.01216355202214
1.3,rg60,3,1.0560660876511208,119.9861787484549
1.3,633,1,1.0110160112175517,-1.9960162244652715
1.3,633,2,1.0243610370940346,-122.0374269634333
1.3,633,3,1.009866086920833,118.15072650184172
1.3,634,1,0.9896647434491176,-2.4053483808709784
1.3,634,2,1.008423647704832,-122.24088770863875
1.3,634,3,0.9936922764972734,117.94128634643715
1.3,671,1,0.9795812613917746,-4.556046920067069
1.3,671,2,1.0360888801402337,-122.92603432403502
1.3,671,3,0.9773740582204474,116.64307604429487
1.3,645,2,1.0166992209464303,-122.20348132928521
1.3,645,3,1.0101152834823406,118.15295685733679
1.3,646,2,1.014996140484274,-122.28009262412262
1.3,646,3,1.0080845641534788,118.19813583283296
1.3,692,1,0.9795812531053556,-4.556046788367469
1.3,692,2,1.0360888790534488,-122.92603447034402
1.3,692,3,0.9773740517266822,116.64307609333444
1.3,675,1,0.9737296770294304,-4.761954659449143
1.3,675,2,1.0381658755366272,-123.10101960800186
1.3,675,3,0.9760521692683984,116.66302418255489
1.3,611,3,0.9732732458416431,116.40258606513216
1.3,652,1,0.971747917673329,-4.528365088135417
1.3,670,1,1.0022896990339452,-2.804541068430717
1.3,670,2,1.0285912544388123,-122.3369461179998
1.3,670,3,0.999383395035519,117.59629355445948
1.3,632,1,1.0136869268940656,-1.957123797328972
1.3,632,2,1.025925295642211,-122.01976761035401
1.3,632,3,1.0120239360842749,118.12781291041419
1.3,680,1,0.9797340529040208,-4.535719774174987
1.3,680,2,1.03612678204031,-122.90731688803929
1.3,680,3,0.977519034073022,116.66505115780498
1.3,684,1,0.9772671411922367,-4.603020744766046
1.3,684,3,0.9752726265165307,116.54863207119988
1.31,sourcebus,1,0.9999845541522037,29.993277444091188
1.31,sourcebus,2,0.9999926588662277,-90.00867834245757
1.31,sourcebus,3,0.9999590450219029,149.99189735836075
1.31,650,1,0.9999261089272602,-0.009752777546631983
1.31,650,2,0.9999745583137429,-120.01011351277188
1.31,650,3,0.9999350727705375,119.9880282497629
1.31,rg60,1,1.0560605865816663,-0.011185683039170079
1.31,rg60,2,1.0373896907238902,-120.01216353094985
1.31,rg60,3,1.0560660911297122,119.98617835138342
1.31,633,1,1.0110103655520963,-1.9964779929798369
1.31,633,2,1.0243661209399277,-122.03743610169153
1.31,633,3,1.0098643286804916,118.15093995672055
1.31,634,1,0.989658968233733,-2.405814910260104
1.31,634,2,1.008428816668621,-122.24089475082236
1.31,634,3,0.9936904873867274,117.94149903678488
1.31,671,1,0.9795708302749208,-4.557030028976597
1.31,671,2,1.0360989445372555,-122.92604543971387
1.31,671,3,0.9773703429434667,116.64351344480869
1.31,645,2,1.016704323882619,-122.20348897407752
1.31,645,3,1.0101135113260495,118.15317058600232
1.31,646,2,1.0150012424619994,-122.28009991952531
1.31,646,3,1.0080827940484345,118.19835011580635
1.31,692,1,0.9795708219883962,-4.557029897271634
1.31,692,2,1.0360989434504813,-122.92604558602392
1.31,692,3,0.9773703364496912,116.64351349385193
1.31,675,1,0.9737191498168666,-4.762938955786375
1.31,675,2,1.0381759275812885,-123.10103329374004
1.31,675,3,0.9760485111180817,116.66346135069833
1.31,611,3,0.9732695408431095,116.4030228682272
1.31,652,1,0.9717375659110951,-4.529347513047286
1.31,670,1,1.002282382921219,-2.8051695699345394
1.31,670,2,1.0285979940109635,-122.33695627661716
1.31,670,3,0.9993809971930214,117.59658008671589
1.31,632,1,1.0136813023495266,-1.957585338813411
1.31,632,2,1.0259303669549924,-122.01977640302793
1.31,632,3,1.0120221716069657,118.12802587048478
1.31,680,1,0.9797236371840566,-4.536702630601266
1.31,680,2,1.0361368532474138,-122.90732829847373
1.31,680,3,0.9775153304028357,116.66548826245956
1.31,684,1,0.9772567306352389,-4.6040031696779105
1.31,684,3,0.975268926718076,116.5490691492859
1.32,sourcebus,1,0.9999845446367885,29.993277166535954
1.32,sourcebus,2,0.999992659243416,-90.00867835538648
1.32,sourcebus,3,0.9999590444528044,149.99189672222698
1.32,650,1,0.9999260994306737,-0.009753701740342924
1.32,650,2,0.9999745526114682,-120.01011348936717
1.32,650,3,0.9999350757828835,119.98802790561402
1.32,rg60,1,1.0560605663501554,-0.01118688582318523
1.32,rg60,2,1.0373896851931466,-120.01216351291501
1.32,rg60,3,1.0560660941864337,119.98617800367771
1.32,633,1,1.0110054262000971,-1.9968820656788129
1.32,633,2,1.0243705730181296,-122.03744417155457
1.32,633,3,1.0098627925437402,118.15112675985326
1.32,634,1,0.9896539155301373,-2.4062231484261676
1.32,634,2,1.0084333432922776,-122.24090098503889
1.32,634,3,0.9936889242725923,117.94168517187201
1.32,671,1,0.9795617043919144,-4.557890304906472
1.32,671,2,1.0361077582532598,-122.92605530934043
1.32,671,3,0.9773670967256272,116.64389624031446
1.32,645,2,1.0167087926749432,-122.20349573680058
1.32,645,3,1.0101119629949207,118.15335762909126
1.32,646,2,1.015005710412176,-122.28010637648931
1.32,646,3,1.008081247508264,118.19853764407596
1.32,692,1,0.9795616961052968,-4.557890173196816
1.32,692,2,1.0361077571664945,-122.92605545565137
1.32,692,3,0.9773670902318435,116.64389628936087
1.32,675,1,0.9737099398559448,-4.763800269926253
1.32,675,2,1.0381847304943663,-123.10104541168842
1.32,675,3,0.9760453149220317,116.66384394178827
1.32,611,3,0.9732663036316933,116.40340514142838
1.32,652,1,0.9717285094515676,-4.530207190206395
1.32,670,1,1.0022759821555747,-2.8057195433400057
1.32,670,2,1.0286038960604738,-122.33696526322024
1.32,670,3,0.9993789021799163,117.59683084483653
1.32,632,1,1.0136763814786114,-1.9579892128013636
1.32,632,2,1.0259348080567567,-122.01978417064817
1.32,632,3,1.0120206300090095,118.12821224061851
1.32,680,1,0.979714525546336,-4.537562705085212
1.32,680,2,1.0361456736722652,-122.90733843063482
1.32,680,3,0.9775120951745762,116.66587078040514
1.32,684,1,0.9772476227378606,-4.604862846837025
1.32,684,3,0.9752656940511844,116.5494516627826
1.33,sourcebus,1,0.9999845363173407,29.993276923580762
1.33,sourcebus,2,0.9999926595816317,-90.00867836694914
1.33,sourcebus,3,0.9999590439598508,149.9918961653567
1.33,650,1,0.9999260911275013,-0.009754510634583742
1.33,650,2,0.99997454763359,-120.01011346905769
1.33,650,3,0.9999350784271779,119.98802760413331
1.33,rg60,1,1.0560605486547647,-0.011187938673763676
1.33,rg60,2,1.0373896803702942,-120.0121634975521
1.33,rg60,3,1.0560660968718623,119.98617769890433
1.33,633,1,1.011001104255867,-1.997235782003503
1.33,633,2,1.0243744729525714,-122.03745126778071
1.33,633,3,1.0098614494267055,118.1512902259874
1.33,634,1,0.9896494944037025,-2.4065805095648933
1.33,634,2,1.0084373085214362,-122.24090647336101
1.33,634,3,0.9936875575739161,117.94184805397671
1.33,671,1,0.9795537195550085,-4.558643367278061
1.33,671,2,1.0361154789067641,-122.9260640094408
1.33,671,3,0.9773642583023164,116.64423121728753
1.33,645,2,1.0167127072436237,-122.20350168848562
1.33,645,3,1.0101106091894225,118.15352130564595
1.33,646,2,1.015009624239132,-122.28011206043782
1.33,646,3,1.0080798952661156,118.19870174539055
1.33,692,1,0.9795537112683096,-4.558643235564301
1.33,692,2,1.036115477820007,-122.92606415575253
1.33,692,3,0.9773642518085255,116.64423126633677
1.33,675,1,0.9737018814479412,-4.764554240316475
1.33,675,2,1.0381924416983923,-123.10105607917048
1.33,675,3,0.9760425203011235,116.66417873927901
1.33,611,3,0.9732634731017445,116.40373966164167
1.33,652,1,0.97172058535583,-4.530959728274556
1.33,670,1,1.0022703815427125,-2.8062009770378857
1.33,670,2,1.0286090661449416,-122.3369731719515
1.33,670,3,0.9993770703809536,117.59705027691744
1.33,632,1,1.0136720757071453,-1.958342755252116
1.33,632,2,1.025938698377657,-122.01979100241473
1.33,632,3,1.0120192821081604,118.12837532777273
1.33,680,1,0.9797065538960857,-4.538315609304622
1.33,680,2,1.0361534008947675,-122.90734736476566
1.33,680,3,0.9775092671446229,116.66620549711847
1.33,684,1,0.9772396536357432,-4.605615384905178
1.33,684,3,0.9752628674939214,116.54978639308631
1.34,sourcebus,1,0.9999845290464349,29.993276711007073
1.34,sourcebus,2,0.9999926598848147,-90.00867837717529
1.34,sourcebus,3,0.9999590435346152,149.9918956781147
1.34,650,1,0.999926083871476,-0.009755218332096855
1.34,650,2,0.9999745432896076,-120.01011345138123
1.34,650,3,0.9999350807490585,119.98802734029395
1.34,rg60,1,1.0560605331843322,-0.011188859909487004
1.34,rg60,2,1.0373896761664239,-120.01216348442883
1.34,rg60,3,1.0560660992336524,119.98617743208216
1.34,633,1,1.0109973231147997,-1.9975452976038264
1.34,633,2,1.0243778883882906,-122.03745754231495
1.34,633,3,1.0098602764037128,118.15143329846464
1.34,634,1,0.9896456264873394,-2.4068932139956427
1.34,634,2,1.0084407811433038,-122.24091133971277
1.34,634,3,0.9936863639469049,117.94199061627128
1.34,671,1,0.9795467340056765,-4.559302326066783
1.34,671,2,1.0361222404264185,-122.92607174918686
1.34,671,3,0.9773617790675155,116.64452441137978
1.34,645,2,1.0167161354931447,-122.20350696132721
1.34,645,3,1.0101094267988049,118.15366456257313
1.34,646,2,1.0150130518371145,-122.28011709900588
1.34,646,3,1.0080787142402494,118.19884537411039
1.34,692,1,0.9795467257189068,-4.5593021943494305
1.34,692,2,1.0361222393396683,-122.92607189549926
1.34,692,3,0.9773617725737179,116.64452446043147
1.34,675,1,0.9736948315328247,-4.765213992887374
1.34,675,2,1.038199194953099,-123.10106553988471
1.34,675,3,0.9760400794249925,116.66447177525785
1.34,611,3,0.9732610007850984,116.40403245647167
1.34,652,1,0.971713652944926,-4.531618228036249
1.34,670,1,1.0022654817631866,-2.8066222501464955
1.34,670,2,1.0286135939402772,-122.33698017867499
1.34,670,3,0.999375470490905,117.59724233515155
1.34,632,1,1.0136683087163767,-1.958652118694197
1.34,632,2,1.0259421053940694,-122.01979704567903
1.34,632,3,1.0120181048957777,118.1285180686461
1.34,680,1,0.9796995805577028,-4.538974446684216
1.34,680,2,1.0361601688152762,-122.90735531328919
1.34,680,3,0.9775067977292378,116.66649844722154
1.34,684,1,0.9772326818509189,-4.606273884666877
1.34,684,3,0.9752603986484999,116.55007937144805
1.35,sourcebus,1,0.9999845226909003,29.99327652499344
1.35,sourcebus,2,0.9999926601573791,-90.00867838628163
1.35,sourcebus,3,0.9999590431672097,149.99189525165457
1.35,650,1,0.9999260775289714,-0.009755837628474867
1.35,650,2,0.9999745394991724,-120.01011343598852
1.35,650,3,0.9999350827882096,119.98802710922348
1.35,rg60,1,1.0560605196562889,-0.011189666176569297
1.35,rg60,2,1.0373896725031306,-120.01216347320246
1.35,rg60,3,1.0560661013100994,119.986177198259
1.35,633,1,1.0109940152665051,-1.9978162077356123
1.35,633,2,1.024380880147785,-122.03746304071306
1.35,633,3,1.0098592510715891,118.15155848619699
1.35,634,1,0.9896422427221385,-2.407166913890606
1.35,634,2,1.008443822992488,-122.24091560465304
1.35,634,3,0.993685320609548,117.94211535811353
1.35,671,1,0.9795406231294603,-4.5598790878160305
1.35,671,2,1.036128163180878,-122.92607853342574
1.35,671,3,0.9773596118770009,116.64478095760927
1.35,645,2,1.0167191384707999,-122.20351158267438
1.35,645,3,1.0101083932549983,118.15378991205372
1.35,646,2,1.01501605424034,-122.28012151522438
1.35,646,3,1.00807768188693,118.19897104903829
1.35,692,1,0.9795406148426283,-4.5598789560955355
1.35,692,2,1.036128162094134,-122.92607867973875
1.35,692,3,0.9773596053831975,116.6447810066631
1.35,675,1,0.9736886643432433,-4.765791448722885
1.35,675,2,1.0382051104794514,-123.10107382988004
1.35,675,3,0.9760379458216227,116.66472818266703
1.35,611,3,0.9732588396580266,116.40428865364034
1.35,652,1,0.9717075885517509,-4.532194587870876
1.35,670,1,1.0022611953603313,-2.8069909771365453
1.35,670,2,1.0286175600703418,-122.33698631946494
1.35,670,3,0.9993740720063528,117.59741038579499
1.35,632,1,1.013665013249591,-1.9589228957097693
1.35,632,2,1.0259450897796,-122.01980234173223
1.35,632,3,1.0120170758938674,118.12864296616443
1.35,680,1,0.9796934809940415,-4.5395511180125006
1.35,680,2,1.0361660977788076,-122.90736228393766
1.35,680,3,0.9775046398073926,116.66675476481986
1.35,684,1,0.9772265830138921,-4.606850244501499
1.35,684,3,0.9752582405550373,116.55033572903459
1.36,sourcebus,1,0.999984517136335,29.99327636216995
1.36,sourcebus,2,0.9999926604017257,-90.00867839443733
1.36,sourcebus,3,0.9999590428500135,149.99189487841085
1.36,650,1,0.999926071986033,-0.009756379560084403
1.36,650,2,0.9999745361918599,-120.01011342269086
1.36,650,3,0.9999350845786256,119.98802690684285
1.36,rg60,1,1.0560605078284102,-0.011190371810936309
1.36,rg60,2,1.0373896693103073,-120.0121634637528
1.36,rg60,3,1.0560661031352325,119.98617699333309
1.36,633,1,1.010991121523979,-1.9980532932761885
1.36,633,2,1.0243835003177788,-122.03746790149673
1.36,633,3,1.0098583552683915,118.15166801101525
1.36,634,1,0.9896392825666092,-2.4074064399603348
1.36,634,2,1.0084464870320176,-122.24091938516885
1.36,634,3,0.9936844090726928,117.94222449333026
1.36,671,1,0.9795352774416964,-4.560383833794736
1.36,671,2,1.0361333503232804,-122.92608456602171
1.36,671,3,0.977357718340081,116.6450054096464
1.36,645,2,1.0167217684620922,-122.20351567577134
1.36,645,3,1.0101074902551999,118.15389957867973
1.36,646,2,1.0150186837261843,-122.28012542878328
1.36,646,3,1.0080767799259187,118.1990810005159
1.36,692,1,0.97953526915481,-4.560383702071494
1.36,692,2,1.0361333492365419,-122.92608471233527
1.36,692,3,0.9773577118462724,116.6450054587021
1.36,675,1,0.9736832693911879,-4.766296801510701
1.36,675,2,1.0382102913013724,-123.10108117967175
1.36,675,3,0.9760360816925477,116.66495251266237
1.36,611,3,0.9732569514343831,116.40451280053793
1.36,652,1,0.9717022835256343,-4.532698981997084
1.36,670,1,1.0022574456044884,-2.807313665658796
1.36,670,2,1.0286210335941348,-122.33699175840165
1.36,670,3,0.9993728501563293,117.59755741155729
1.36,632,1,1.0136621303394802,-1.9591598647693882
1.36,632,2,1.0259477034916324,-122.01980702555063
1.36,632,3,1.012016176877254,118.12875223704236
1.36,680,1,0.9796881457900564,-4.540055799648429
1.36,680,2,1.0361712909222505,-122.90736848310326
1.36,680,3,0.9775027550118623,116.66697900268967
1.36,684,1,0.9772212478568901,-4.607354638627712
1.36,684,3,0.9752563549823379,116.55056001610251
1.37,sourcebus,1,0.99998451228166,29.993276219654064
1.37,sourcebus,2,0.9999926606211326,-90.0086784016359
1.37,sourcebus,3,0.9999590425777953,149.99189455176707
1.37,650,1,0.999926067142683,-0.009756853817562337
1.37,650,2,0.9999745333059764,-120.01011341112579
1.37,650,3,0.9999350861523987,119.98802672971883
1.37,rg60,1,1.0560604974876349,-0.011190989418844437
1.37,rg60,2,1.037389666527931,-120.01216345572266
1.37,rg60,3,1.0560661047427542,119.98617681390647
1.37,633,1,1.0109885895468818,-1.9982608046228099
1.37,633,2,1.0243857956796742,-122.03747220133289
1.37,633,3,1.0098575730443764,118.15176390056467
1.37,634,1,0.9896366924821458,-2.4076160866859526
1.37,634,2,1.0084488208216462,-122.24092273870177
1.37,634,3,0.9936836131073778,117.94232004264288
1.37,671,1,0.979530600173717,-4.560825615031286
1.37,671,2,1.0361378944712203,-122.92608993415394
1.37,671,3,0.9773560646445097,116.64520192504536
1.37,645,2,1.0167240724257334,-122.20351930358908
1.37,645,3,1.0101067017201506,118.15399559260185
1.37,646,2,1.0150209872455822,-122.28012889947823
1.37,646,3,1.008075992297518,118.19917726382549
1.37,692,1,0.979530591886783,-4.560825483305639
1.37,692,2,1.0361378933844865,-122.92609008046796
1.37,692,3,0.977356058150697,116.64520197410269
1.37,675,1,0.9736785490206833,-4.766739113168809
1.37,675,2,1.0382148299180602,-123.10108770016683
1.37,675,3,0.9760344537602508,116.66514892032377
1.37,611,3,0.9732553023998377,116.40470904924939
1.37,652,1,0.9716976418339347,-4.533140455046787
1.37,670,1,1.0022541646542935,-2.8075961012774346
1.37,670,2,1.0286240765312478,-122.33699657896419
1.37,670,3,0.9993717831604815,117.59768613504754
1.37,632,1,1.0136596078407674,-1.9593672742321062
1.37,632,2,1.0259499931977127,-122.0198111705881
1.37,632,3,1.0120153918367003,118.12884790438919
1.37,680,1,0.97968347824198,-4.540497538345541
1.37,680,2,1.0361758408509794,-122.90737400021229
1.37,680,3,0.9775011095533003,116.66717531747811
1.37,684,1,0.9772165798018367,-4.607796111677415
1.37,684,3,0.9752547082632852,116.55075638723619
1.3800000000000001,sourcebus,1,0.9999845080398254,29.993276094904605
1.3800000000000001,sourcebus,2,0.9999926608179439,-90.00867840809346
1.3800000000000001,sourcebus,3,0.99995904234335,149.99189426590868
1.3800000000000001,650,1,0.9999260629110721,-0.009757268791455503
1.3800000000000001,650,2,0.9999745307888318,-120.01011340116358
1.3800000000000001,650,3,0.9999350875345473,119.98802657459093
1.3800000000000001,rg60,1,1.0560604884484313,-0.011191529897832602
1.3800000000000001,rg60,2,1.0373896641038949,-120.01216344902615
1.3800000000000001,rg60,3,1.056066106156254,119.98617665664486
1.3800000000000001,633,1,1.0109863748707573,-1.9984423825780087
1.3800000000000001,633,2,1.0243878057509894,-122.03747601061441
1.3800000000000001,633,3,1.0098568899390847,118.1518477783985
1.3800000000000001,634,1,0.9896344269751557,-2.407799532527678
1.3800000000000001,634,2,1.0084508645480121,-122.2409257192543
1.3800000000000001,634,3,0.9936829180014219,117.9424036233433
1.3800000000000001,671,1,0.9795265091823858,-4.561212181450262
1.3800000000000001,671,2,1.0361418738435033,-122.92609472307213
1.3800000000000001,671,3,0.9773546203746746,116.64537382676646
1.3800000000000001,645,2,1.016726090027144,-122.20352252472486
1.3800000000000001,645,3,1.010106013083343,118.1540795794425
1.3800000000000001,646,2,1.0150230044561117,-122.28013198312243
1.3800000000000001,646,3,1.0080753044515032,118.1992614689137
1.3800000000000001,692,1,0.9795265008954102,-4.561212049722512
1.3800000000000001,692,2,1.0361418727567735,-122.92609486938657
1.3800000000000001,692,3,0.9773546138808579,116.64537387582527
1.3800000000000001,675,1,0.9736744203256184,-4.767126143179396
1.3800000000000001,675,2,1.0382188044542293,-123.10109349703258
1.3800000000000001,675,3,0.9760330320488575,116.66532072727924
1.3800000000000001,611,3,0.9732538622152938,116.40488071792416
1.3800000000000001,652,1,0.9716935819586431,-4.533526751705767
1.3800000000000001,670,1,1.0022512948938629,-2.8078432390415897
1.3800000000000001,670,2,1.0286267412645025,-122.33700085923022
1.3800000000000001,670,3,0.9993708513347357,117.59779873451424
1.3800000000000001,632,1,1.0136574014570454,-1.9595487630328685
1.3800000000000001,632,2,1.0259519983155931,-122.01981484449948
1.3800000000000001,632,3,1.0120147062648406,118.12893158779406
1.3800000000000001,680,1,0.9796793962647735,-4.540884080413352
1.3800000000000001,680,2,1.0361798257759347,-122.90737892247965
1.3800000000000001,680,3,0.9774996730402986,116.66734703136785
1.3800000000000001,684,1,0.9772124968677262,-4.608182408336395
1.3800000000000001,684,3,0.9752532701010549,116.55092816283174
1.3900000000000001,sourcebus,1,0.9999845043319359,29.99327598573748
1.3900000000000001,sourcebus,2,0.999992660995855,-90.00867841380465
1.3900000000000001,sourcebus,3,0.9999590421421699,149.991894015648
1.3900000000000001,650,1,0.999926059212634,-0.009757632018856606
1.3900000000000001,650,2,0.9999745285933812,-120.01011339242842
1.3900000000000001,650,3,0.9999350887504542,119.98802643871792
1.3900000000000001,rg60,1,1.0560604805440972,-0.011192003070849011
1.3900000000000001,rg60,2,1.0373896619936007,-120.01216344324772
1.3900000000000001,rg60,3,1.0560661074017055,119.98617651880974
1.3900000000000001,633,1,1.0109844373734267,-1.9986013721235114
1.3900000000000001,633,2,1.0243895673722394,-122.03747931816812
1.3900000000000001,633,3,1.0098562927463444,118.15192119282575
1.3900000000000001,634,1,0.9896324450091477,-2.407960156184535
1.3900000000000001,634,2,1.008452655658432,-122.24092830059377
1.3900000000000001,634,3,0.9936823103212788,117.94247677805775
1.3900000000000001,671,1,0.9795229304480345,-4.561550650924007
1.3900000000000001,671,2,1.0361453613244047,-122.92609885824004
1.3900000000000001,671,3,0.9773533576671317,116.64552428611583
1.3900000000000001,645,2,1.0167278582423174,-122.20352531705865
1.3900000000000001,645,3,1.010105411038039,118.15415308956017
1.3900000000000001,646,2,1.015024772325479,-122.28013465499976
1.3900000000000001,646,3,1.0080747030952597,118.19933517012203
1.3900000000000001,692,1,0.9795229221610228,-4.561550519194416
1.3900000000000001,692,2,1.0361453602376787,-122.92609900455484
1.3900000000000001,692,3,0.9773533511733116,116.64552433517586
1.3900000000000001,675,1,0.9736708086041217,-4.767465018040218
1.3900000000000001,675,2,1.038222287704343,-123.1010985142965
1.3900000000000001,675,3,0.9760317890987122,116.66547110339685
1.3900000000000001,611,3,0.9732526030905807,116.40503097353671
1.3900000000000001,652,1,0.9716900304425192,-4.533864984842895
1.3900000000000001,670,1,1.0022487843546617,-2.808059631112683
1.3900000000000001,670,2,1.0286290766237352,-122.33700456932567
1.3900000000000001,670,3,0.9993700366793614,117.59789728806956
1.3900000000000001,632,1,1.0136554712158723,-1.959707674629808
1.3900000000000001,632,2,1.0259537555976093,-122.01981803355896
1.3900000000000001,632,3,1.012014106909887,118.12900483203931
1.3900000000000001,680,1,0.9796758258937808,-4.541222540546256
1.3900000000000001,680,2,1.0361833185758507,-122.9073831771436
1.3900000000000001,680,3,0.977498417632206,116.66749731490525
1.3900000000000001,684,1,0.9772089251801042,-4.608520641473521
1.3900000000000001,684,3,0.9752520127438291,116.55107851191094
1.4000000000000001,sourcebus,1,0.9999845010930016,29.99327589018531
1.4000000000000001,sourcebus,2,0.9999926611555522,-90.00867841891012
1.4000000000000001,sourcebus,3,0.999959041969717,149.99189379667195
1.4000000000000001,650,1,0.9999260559825317,-0.009757949802980457
1.4000000000000001,650,2,0.9999745266791722,-120.0101133849081
1.4000000000000001,650,3,0.9999350898188838,119.98802631976027
1.4000000000000001,rg60,1,1.0560604736365908,-0.01119241710819724
1.4000000000000001,rg60,2,1.0373896601559864,-120.01216343845849
1.4000000000000001,rg60,3,1.056066108497921,119.98617639804584
1.4000000000000001,633,1,1.0109827428566176,-1.9987404731143628
1.4000000000000001,633,2,1.0243911099723986,-122.03748225721556
1.4000000000000001,633,3,1.0098557715822083,118.15198541477584
1.4000000000000001,634,1,0.9896307115988129,-2.40810068638582
1.4000000000000001,634,2,1.0084542240863774,-122.2409306036527
1.4000000000000001,634,3,0.9936817799987517,117.94254077327885
1.4000000000000001,671,1,0.9795198006044975,-4.56184677689988
1.4000000000000001,671,2,1.0361484152262253,-122.92610256514266
1.4000000000000001,671,3,0.9773522555790678,116.64565590956727
1.4000000000000001,645,2,1.016729406615415,-122.20352780528499
1.4000000000000001,645,3,1.010104885620682,118.15421739539309
1.4000000000000001,646,2,1.0150263203945251,-122.28013703785285
1.4000000000000001,646,3,1.008074178278738,118.19939964317172
1.4000000000000001,692,1,0.9795197923174537,-4.56184664516868
1.4000000000000001,692,2,1.0361484141395028,-122.92610271145776
1.4000000000000001,692,3,0.977352249085245,116.64565595862837
1.4000000000000001,675,1,0.9736676499104043,-4.76776149823077
1.4000000000000001,675,2,1.0382253379074295,-123.10110299257454
1.4000000000000001,675,3,0.9760307043102425,116.66560265349493
1.4000000000000001,611,3,0.9732515041426616,116.40516241899199
1.4000000000000001,652,1,0.9716869244027503,-4.534160903943573
1.4000000000000001,670,1,1.0022465886784178,-2.808248953175681
1.4000000000000001,670,2,1.0286311216321407,-122.33700787549532
1.4000000000000001,670,3,0.9993693257015214,117.5979835022576
1.4000000000000001,632,1,1.0136537830459367,-1.9598467074145975
1.4000000000000001,632,2,1.02595529439738,-122.0198208690253
1.4000000000000001,632,3,1.0120135838526774,118.12906890511606
1.4000000000000001,680,1,0.9796727038110751,-4.541518669574376
1.4000000000000001,680,2,1.036186377562463,-122.90738699120203
1.4000000000000001,680,3,0.9774973224092669,116.6676287738255
1.4000000000000001,684,1,0.9772058014990033,-4.608816560574201
1.4000000000000001,684,3,0.9752509153394353,116.55121003896224
1.41,sourcebus,1,0.9999844982630449,29.99327580654064
1.41,sourcebus,2,0.9999926612993816,-90.0086784234581
1.41,sourcebus,3,0.9999590418222553,149.99189360501018
1.41,650,1,0.999926053160931,-0.009758227910704131
1.41,650,2,0.9999745250101617,-120.01011337839843
1.41,650,3,0.9999350907585838,119.98802621558453
1.41,rg60,1,1.056060467598884,-0.011192779518377759
1.41,rg60,2,1.0373896585562812,-120.01216343445336
1.41,rg60,3,1.0560661094637693,119.98617629220662
1.41,633,1,1.0109812606499748,-1.998862221284131
1.41,633,2,1.0243924613590254,-122.03748484773561
1.41,633,3,1.0098553165237567,118.15204160970222
1.41,634,1,0.9896291953722635,-2.408223684691128
1.41,634,2,1.0084555980966017,-122.2409326370552
1.41,634,3,0.9936813169449197,117.94259677025194
1.41,671,1,0.9795170630355168,-4.562105956776722
1.41,671,2,1.0361510905884586,-122.92610584406428
1.41,671,3,0.9773512931680356,116.64577108424162
1.41,645,2,1.0167307630566764,-122.20353000112982
1.41,645,3,1.0101044268317683,118.15427366390057
1.41,646,2,1.015027676567728,-122.2801391414622
1.41,646,3,1.0080737200134744,118.19945605804575
1.41,692,1,0.979517054748445,-4.5621058250441155
1.41,692,2,1.0361510895017383,-122.92610599037964
1.41,692,3,0.9773512866742101,116.64577113330368
1.41,675,1,0.9736648871060689,-4.76802098765783
1.41,675,2,1.0382280100340626,-123.10110694627066
1.41,675,3,0.9760297570516929,116.66571776353399
1.41,611,3,0.9732505444862607,116.40527743815429
1.41,652,1,0.9716842076532028,-4.534419902642516
1.41,670,1,1.0022446681317285,-2.8084146564072507
1.41,670,2,1.0286329131533396,-122.33701079305085
1.41,670,3,0.9993687048741127,117.59805894129843
1.41,632,1,1.0136523063918015,-1.9599683959472405
1.41,632,2,1.025956642455713,-122.019823368934
1.41,632,3,1.012013127134887,118.12912496978194
1.41,680,1,0.9796699734465896,-4.541777862568973
1.41,680,2,1.0361890577751987,-122.90739036630391
1.41,680,3,0.9774963664509645,116.66774379454655
1.41,684,1,0.9772030693191703,-4.6090755592731405
1.41,684,3,0.9752499570307114,116.55132512937428
1.42,sourcebus,1,0.9999844957901506,29.993275733298336
1.42,sourcebus,2,0.9999926614290165,-90.0086784275112
1.42,sourcebus,3,0.9999590416964691,149.99189343721952
1.42,650,1,0.9999260506960465,-0.009758471351115516
1.42,650,2,0.9999745235548966,-120.0101133727686
1.42,650,3,0.9999350915854868,119.98802612433424
1.42,rg60,1,1.0560604623209082,-0.011193096817207832
1.42,rg60,2,1.0373896571637502,-120.01216343111959
1.42,rg60,3,1.056066110315256,119.98617619942345
1.42,633,1,1.0109799639971793,-1.9989688054293455
1.42,633,2,1.0243936455093388,-122.03748712964304
1.42,633,3,1.0098549191324822,118.15209078883439
1.42,634,1,0.9896278689592832,-2.4083313624575515
1.42,634,2,1.0084568020692397,-122.24093443081068
1.42,634,3,0.9936809125716878,117.94264577651869
1.42,671,1,0.9795146683054881,-4.562332850454136
1.42,671,2,1.0361534348744756,-122.926108741161
1.42,671,3,0.9773504526180281,116.64587188201311
1.42,645,2,1.0167319516337348,-122.2035319374394
1.42,645,3,1.0101040261677334,118.15432290760349
1.42,646,2,1.015028864908291,-122.28014099701724
1.42,646,3,1.0080733198057812,118.19950542988843
1.42,692,1,0.9795146600183919,-4.562332718720297
1.42,692,2,1.036153433787758,-122.9261088874766
1.42,692,3,0.9773504461242002,116.64587193107604
1.42,675,1,0.9736624703001626,-4.768248151891292
1.42,675,2,1.038230351489256,-123.10111043372686
1.42,675,3,0.976028929775526,116.66581850433819
1.42,611,3,0.9732497063530736,116.40537810003755
1.42,652,1,0.9716818311344583,-4.534646637605071
1.42,670,1,1.002242988041625,-2.8085597199060532
1.42,670,2,1.0286344829723406,-122.337013365669
1.42,670,3,0.9993681626931799,117.59812496254963
1.42,632,1,1.013651014597113,-1.9600749279435496
1.42,632,2,1.0259578236904765,-122.0198255715645
1.42,632,3,1.0120127282889622,118.1291740349232
1.42,680,1,0.9796675854066191,-4.542004777454319
1.42,680,2,1.0361914066796392,-122.90739334982271
1.42,680,3,0.9774955319628986,116.667844448297
1.42,684,1,0.9772006793025443,-4.609302294235698
1.42,684,3,0.9752491200744985,116.55142585348418
1.43,sourcebus,1,0.999984493629777,29.993275669175148
1.43,sourcebus,2,0.9999926615458788,-90.00867843109187
1.43,sourcebus,3,0.999959041589856,149.99189329036642
1.43,650,1,0.9999260485436218,-0.009758684410588471
1.43,650,2,0.9999745222862881,-120.01011336788686
1.43,650,3,0.9999350923135876,119.9880260444659
1.43,rg60,1,1.0560604577083745,-0.011193374576418356
1.43,rg60,2,1.0373896559519449,-120.01216342834266
1.43,rg60,3,1.0560661110669531,119.9861761181601
1.43,633,1,1.0109788296718618,-1.9990620996630608
1.43,633,2,1.0243946830934603,-122.03748914883981
1.43,633,3,1.0098545724242904,118.15213384350872
1.43,634,1,0.9896267085996774,-2.4084256133996744
1.43,634,2,1.0084578570220128,-122.24093602227872
1.43,634,3,0.9936805597698508,117.94268868034656
1.43,671,1,0.9795125734563211,-4.562531449583733
1.43,671,2,1.0361554890098579,-122.92611131921493
1.43,671,3,0.9773497191274093,116.64596013060378
1.43,645,2,1.016732993095525,-122.20353365408536
1.43,645,3,1.0101036765876594,118.15436601893676
1.43,646,2,1.0150299061618369,-122.28014264299408
1.43,646,3,1.0080729706234333,118.19954865340453
1.43,692,1,0.9795125651692037,-4.562531317848818
1.43,692,2,1.0361554879231423,-122.92611146553072
1.43,692,3,0.9773497126335796,116.64596017966743
1.43,675,1,0.9736603561399725,-4.768446987409922
1.43,675,2,1.038232403147256,-123.10111352820593
1.43,675,3,0.9760282079164269,116.66590670254085
1.43,611,3,0.9732489749839732,116.40546622993205
1.43,652,1,0.9716797522153915,-4.534845097681314
1.43,670,1,1.0022415182995295,-2.8086866948036415
1.43,670,2,1.0286358584918904,-122.3370156463679
1.43,670,3,0.9993676896229972,117.5981827628385
1.43,632,1,1.013649884522229,-1.960168176577688
1.43,632,2,1.0259588587205568,-122.0198275214188
1.43,632,3,1.0120123803052297,118.12921698985804
1.43,680,1,0.9796654967714019,-4.542203404224578
1.43,680,2,1.0361934652054348,-122.90739600560465
1.43,680,3,0.9774948041642683,116.66793256216795
1.43,684,1,0.9771985885758689,-4.60950075431194
1.43,684,3,0.9752483897327578,116.55151403768555
1.44,sourcebus,1,0.9999844917432923,29.99327561305944
1.44,sourcebus,2,0.9999926616514431,-90.00867843434493
1.44,sourcebus,3,0.9999590414984513,149.99189316183242
1.44,650,1,0.9999260466639865,-0.009758870812688508
1.44,650,2,0.9999745211815974,-120.01011336369717
1.44,650,3,0.999935092953634,119.98802597443968
1.44,rg60,1,1.0560604536781535,-0.011193617632834973
1.44,rg60,2,1.037389654898705,-120.01216342608132
1.44,rg60,3,1.0560661117281755,119.98617604681125
1.44,633,1,1.010977838238547,-1.9991437268418422
1.44,633,2,1.0243955916934007,-122.03749091421595
1.44,633,3,1.0098542695913593,118.15217145850042
1.44,634,1,0.9896256944051887,-2.4085080768916582
1.44,634,2,1.008458780834628,-122.24093741305855
1.44,634,3,0.9936802516157127,117.94272616359657
1.44,671,1,0.9795107426481283,-4.562705206654047
1.44,671,2,1.0361572877735834,-122.9261135712886
1.44,671,3,0.9773490784611946,116.64603722902751
1.44,645,2,1.0167339050877857,-122.20353515461186
1.44,645,3,1.0101033712374712,118.15440368360244
1.44,646,2,1.0150308179695555,-122.28014408164726
1.44,646,3,1.0080726656190246,118.1995864161938
1.44,692,1,0.9795107343609923,-4.562705074918192
1.44,692,2,1.0361572866868696,-122.92611371760462
1.44,692,3,0.9773490719673632,116.64603727809181
1.44,675,1,0.9736585084483105,-4.768620951025744
1.44,675,2,1.0382341997477988,-123.1011162318914
1.44,675,3,0.9760275774273963,116.66598375689571
1.44,611,3,0.9732483361757012,116.40554322467958
1.44,652,1,0.9716779353286624,-4.535018733089561
1.44,670,1,1.0022402337371752,-2.8087977893612526
1.44,670,2,1.0286370630127029,-122.33701763990618
1.44,670,3,0.9993672764182198,117.59823326018486
1.44,632,1,1.0136488968061206,-1.9602497638668746
1.44,632,2,1.0259597650832344,-122.019829226155
1.44,632,3,1.0120120763559681,118.12925451757823
1.44,680,1,0.9796636717358239,-4.5423771939924436
1.44,680,2,1.0361952681366202,-122.90739832764389
1.44,680,3,0.9774941688409863,116.66800953463633
1.44,684,1,0.9771967613697927,-4.609674389720185
1.44,684,3,0.9752477518216423,116.55159107986428
1.45,sourcebus,1,0.9999844900955159,29.9932755639242
1.45,sourcebus,2,0.9999926617467254,-90.00867843721801
1.45,sourcebus,3,0.9999590414214894,149.99189304933404
1.45,650,1,0.9999260450230888,-0.00975903395975924
1.45,650,2,0.9999745202189775,-120.01011336006954
1.45,650,3,0.9999350935176259,119.98802591314879
1.45,rg60,1,1.0560604501566777,-0.011193830417216328
1.45,rg60,2,1.0373896539826941,-120.01216342422113
1.45,rg60,3,1.056066112312508,119.98617598431652
1.45,633,1,1.010976970984084,-1.9992151782083114
1.45,633,2,1.024396387911333,-122.03749247737146
1.45,633,3,1.0098540054899223,118.15220438993427
1.45,634,1,0.9896248072456308,-2.40858025972529
1.45,634,2,1.0084595903801914,-122.2409386479946
1.45,634,3,0.993679982871541,117.94275898011165
1.45,671,1,0.9795091412239624,-4.5628572999530785
1.45,671,2,1.0361588640681059,-122.92611557702735
1.45,671,3,0.9773485196080577,116.6461047308802
1.45,645,2,1.0167347042771844,-122.20353648591686
1.45,645,3,1.0101031049266256,118.15443665865
1.45,646,2,1.0150316169963707,-122.28014535880871
1.45,646,3,1.008072399609375,118.199619477146
1.45,692,1,0.9795091329368102,-4.562857168216401
1.45,692,2,1.036158862981394,-122.92611572334349
1.45,692,3,0.9773485131142249,116.64610477994503
1.45,675,1,0.9736568922588141,-4.76877322474083
1.45,675,2,1.038235774148662,-123.10111863261413
1.45,675,3,0.9760270274927563,116.66605121969698
1.45,611,3,0.9732477789541041,116.40561063599534
1.45,652,1,0.9716763460812499,-4.535170719771059
1.45,670,1,1.0022391100828727,-2.80889503405425
1.45,670,2,1.0286381185544053,-122.33701940851675
1.45,670,3,0.9993669160270773,117.59827747079738
1.45,632,1,1.0136480328028363,-1.9603211803826475
1.45,632,2,1.0259605593419994,-122.01983073627473
1.45,632,3,1.0120118112752963,118.12928737268032
1.45,680,1,0.9796620756761097,-4.542529323823925
1.45,680,2,1.0361968483818145,-122.90740039642273
1.45,680,3,0.9774936150002809,116.66807691870933
1.45,684,1,0.9771951630959531,-4.609826376401684
1.45,684,3,0.9752471953829092,116.5516585325591
1.46,sourcebus,1,0.9999844886564813,29.993275520902905
1.46,sourcebus,2,0.9999926618328455,-90.0086784397811
1.46,sourcebus,3,0.9999590413565859,149.9918929508605
1.46,650,1,0.9999260435906384,-0.00975917674679953
1.46,650,2,0.9999745193805696,-120.0101133569416
1.46,650,3,0.9999350940144786,119.98802585946535
1.46,rg60,1,1.056060447079927,-0.011194016693443163
1.46,rg60,2,1.0373896531865336,-120.01216342271273
1.46,rg60,3,1.056066112828446,119.98617592952115
1.46,633,1,1.010976212576632,-1.9992777181464816
1.46,633,2,1.0243970855679938,-122.03749385524662
1.46,633,3,1.0098537750842564,118.15223320095743
1.46,634,1,0.9896240314296942,-2.4086434393574225
1.46,634,2,1.0084602997151133,-122.24093973827475
1.46,634,3,0.993679748415643,117.94278769087943
1.46,671,1,0.979507740883904,-4.562990420402667
1.46,671,2,1.0361602452379974,-122.92611735092879
1.46,671,3,0.977348031978723,116.64616378852568
1.46,645,2,1.0167354045359118,-122.2035376608009
1.46,645,3,1.010102872581893,118.15446550794437
1.46,646,2,1.015032317111468,-122.28014648630135
1.46,646,3,1.0080721675267128,118.19964840162766
1.46,692,1,0.9795077325967371,-4.56299028866527
1.46,692,2,1.0361602441512872,-122.92611749724509
1.46,692,3,0.9773480254848893,116.646163837591
1.46,675,1,0.973655479005918,-4.76890650278313
1.46,675,2,1.0382371536621995,-123.1011207519972
1.46,675,3,0.9760265476765234,116.66611024288063
1.46,611,3,0.9732472927568157,116.40566961458829
1.46,652,1,0.9716749563883238,-4.535303746830866
1.46,670,1,1.0022381274764494,-2.8089801495654756
1.46,670,2,1.0286390434338493,-122.33702096925903
1.46,670,3,0.9993666015953098,117.59831615014215
1.46,632,1,1.0136472772394776,-1.9603836898530675
1.46,632,2,1.0259612552822668,-122.01983206775786
1.46,632,3,1.0120115800110117,118.12931611691329
1.46,680,1,0.979660680322239,-4.542662483624495
1.46,680,2,1.0361982332920998,-122.90740222718601
1.46,680,3,0.9774931320718016,116.6681358662426
1.46,684,1,0.977193765510007,-4.609959403461496
1.46,684,3,0.9752467098686739,116.55171754725683
1.47,sourcebus,1,0.9999844873999127,29.993275483271823
1.47,sourcebus,2,0.9999926619111945,-90.00867844204757
1.47,sourcebus,3,0.9999590413020366,149.99189286467032
1.47,650,1,0.9999260423402208,-0.009759301687299318
1.47,650,2,0.9999745186509499,-120.01011335419162
1.47,650,3,0.9999350944526134,119.98802581244968
1.47,rg60,1,1.0560604443919976,-0.011194179734794453
1.47,rg60,2,1.0373896524957165,-120.01216342142585
1.47,rg60,3,1.056066113284474,119.98617588147819
1.47,633,1,1.0109755495934338,-1.999332463164763
1.47,633,2,1.0243976970229445,-122.03749504483109
1.47,633,3,1.009853573947111,118.15225840295071
1.47,634,1,0.9896233532262705,-2.408698743622801
1.47,634,2,1.008460921404923,-122.24094067580565
1.47,634,3,0.9936795437432938,117.94281280535925
1.47,671,1,0.9795065168651311,-4.563106943934504
1.47,671,2,1.0361614557299608,-122.92611886959922
1.47,671,3,0.9773476062449273,116.64621544909399
1.47,645,2,1.0167360182688459,-122.20353867257869
1.47,645,3,1.010102669742562,118.15449074354854
1.47,646,2,1.0150329307167947,-122.28014745656584
1.47,646,3,1.0080719649149346,118.19967370303205
1.47,692,1,0.9795065085779522,-4.5631068121964775
1.47,692,2,1.0361614546432512,-122.92611901591569
1.47,692,3,0.977347599751092,116.64621549815972
1.47,675,1,0.9736542436970219,-4.76902316398877
1.47,675,2,1.0382383627061067,-123.10112257287352
1.47,675,3,0.9760261287847042,116.66616187315189
1.47,611,3,0.9732468682793661,116.4057212061284
1.47,652,1,0.9716737416752896,-4.535420188549658
1.47,670,1,1.002237268532549,-2.8090546553289264
1.47,670,2,1.0286398540308999,-122.33702231313852
1.47,670,3,0.9993663270921987,117.5983499844778
1.47,632,1,1.0136466167438047,-1.9604384082508424
1.47,632,2,1.025961865233343,-122.01983321674729
1.47,632,3,1.0120113781211242,118.1293412604621
1.47,680,1,0.9796594609390692,-4.542779048487618
1.47,680,2,1.0361994473213119,-122.90740379719973
1.47,680,3,0.9774927107451711,116.66818742389206
1.47,684,1,0.9771925438977835,-4.610075845180285
1.47,684,3,0.9752462859874984,116.55176917031729
1.48,sourcebus,1,0.9999844863026668,29.99327545024287
1.48,sourcebus,2,0.9999926619812403,-90.00867844411128
1.48,sourcebus,3,0.9999590412564977,149.9918927892005
1.48,650,1,0.9999260412491949,-0.009759411103321592
1.48,650,2,0.9999745180150023,-120.0101133519304
1.48,650,3,0.9999350948384147,119.98802577125112
1.48,rg60,1,1.0560604420439097,-0.011194322550441258
1.48,rg60,2,1.037389651894021,-120.01216342054542
1.48,rg60,3,1.0560661136870453,119.98617583932958
1.48,633,1,1.0109749694915873,-1.9993803763829334
1.48,633,2,1.0243982326262886,-122.03749614025962
1.48,633,3,1.0098533988416847,118.15228045722401
1.48,634,1,0.9896227598119867,-2.4087471460791674
1.48,634,2,1.0084614659735716,-122.24094155044583
1.48,634,3,0.9936793655574352,117.94283478340981
1.48,671,1,0.9795054458680948,-4.563208925388776
1.48,671,2,1.0361625161036447,-122.92612030666034
1.48,671,3,0.9773472354998075,116.64626066025433
1.48,645,2,1.0167365558682337,-122.20353961248547
1.48,645,3,1.0101024931434048,118.15451282730204
1.48,646,2,1.0150334682045823,-122.28014836019405
1.48,646,3,1.008071788514334,118.19969584438853
1.48,692,1,0.979505437580905,-4.563208793650199
1.48,692,2,1.0361625150169367,-122.9261204529769
1.48,692,3,0.9773472290059713,116.64626070932043
1.48,675,1,0.9736531628259342,-4.7691252656219065
1.48,675,2,1.038239421811704,-123.10112427414015
1.48,675,3,0.9760257640384227,116.66620705730065
1.48,611,3,0.973246498638326,116.40576635704335
1.48,652,1,0.9716726788206397,-4.535522098328326
1.48,670,1,1.0022365169660306,-2.8091198631052348
1.48,670,2,1.0286405640836997,-122.33702356172923
1.48,670,3,0.999366088086165,117.59837959368231
1.48,632,1,1.0136460388175934,-1.9604862981920836
1.48,632,2,1.0259623995197904,-122.01983427670474
1.48,632,3,1.0120112023553962,118.12936326363193
1.48,680,1,0.979658394252472,-4.542881072532567
1.48,680,2,1.0362005110372625,-122.90740528065247
1.48,680,3,0.9774923441302084,116.66823253884985
1.48,684,1,0.9771914750064525,-4.610177754958952
1.48,684,3,0.975245916866068,116.55181434868818
1.49,sourcebus,1,0.9999844853442087,29.993275421330527
1.49,sourcebus,2,0.9999926620451152,-90.0086784459359
1.49,sourcebus,3,0.9999590412186556,149.99189272310176
1.49,650,1,0.9999260402966438,-0.00975950690811951
1.49,650,2,0.9999745174615539,-120.01011334994058
1.49,650,3,0.9999350951791658,119.98802573514726
1.49,rg60,1,1.0560604399918834,-0.011194447643565496
1.49,rg60,2,1.0373896513721075,-120.01216341980187
1.49,rg60,3,1.0560661140435181,119.98617580234718
1.49,633,1,1.0109744622002244,-1.9994223470726915
1.49,633,2,1.0243987023951162,-122.03749708281906
1.49,633,3,1.0098532459117948,118.15229975860534
1.49,634,1,0.9896222408756674,-2.4087895446672767
1.49,634,2,1.0084619436038176,-122.24094229938149
1.49,634,3,0.9936792099398827,117.94285401825516
1.49,671,1,0.9795045094198395,-4.563298253784163
1.49,671,2,1.0361634461212035,-122.92612153051336
1.49,671,3,0.9773469116644835,116.64630022855059
1.49,645,2,1.016737027385322,-122.20354041871043
1.49,645,3,1.010102338900724,118.15453215459169
1.49,646,2,1.0150339396222692,-122.2801491346156
1.49,646,3,1.0080716344439677,118.19971522211743
1.49,692,1,0.97950450113264,-4.563298122045106
1.49,692,2,1.0361634450344968,-122.92612167683
1.49,692,3,0.9773469051706466,116.64630027761703
1.49,675,1,0.9736522177404149,-4.769214699034487
1.49,675,2,1.0382403507196543,-123.10112572925108
1.49,675,3,0.9760254454604119,116.6662466018281
1.49,611,3,0.9732461757730017,116.40580587273092
1.49,652,1,0.9716717494909568,-4.535611363883316
1.49,670,1,1.0022358597597514,-2.8091769824142636
1.49,670,2,1.0286411868551735,-122.33702463252082
1.49,670,3,0.9993658793358361,117.59840550708275
1.49,632,1,1.013645533430298,-1.9605282485493702
1.49,632,2,1.0259628681342552,-122.01983518819237
1.49,632,3,1.0120110488457015,118.12938252026579
1.49,680,1,0.9796574618134873,-4.542970444172518
1.49,680,2,1.0362014442091627,-122.90740654648535
1.49,680,3,0.97749202416448,116.66827201724347
1.49,684,1,0.9771905403984681,-4.610267020513948
1.49,684,3,0.9752455944542315,116.55185388835001
1.5,sourcebus,1,0.999984484508355,29.99327539607811
1.5,sourcebus,2,0.9999926621034594,-90.00867844754494
1.5,sourcebus,3,0.9999590411872866,149.99189266529905
1.5,650,1,0.9999260394661522,-0.009759590651764112
1.5,650,2,0.9999745169809992,-120.01011334817531
1.5,650,3,0.999935095479806,119.98802570355078
1.5,rg60,1,1.0560604382012244,-0.011194557023552723
1.5,rg60,2,1.0373896509206795,-120.0121634191577
1.5,rg60,3,1.0560661143588683,119.98617576993776
1.5,633,1,1.010974019223881,-1.9994590533299559
1.5,633,2,1.0243991138693518,-122.03749789043988
1.5,633,3,1.0098531126054267,118.15231662439626
1.5,634,1,0.9896217877266176,-2.4088266246496257
1.5,634,2,1.0084623619667008,-122.24094293736995
1.5,634,3,0.9936790742887129,117.94287082602123
1.5,671,1,0.9795036917951325,-4.563376373548382
1.5,671,2,1.0361642607039154,-122.9261225667514
1.5,671,3,0.9773466293479067,116.64633480437622
1.5,645,2,1.0167374403889415,-122.20354110698969
1.5,645,3,1.010102204442548,118.15454904312449
1.5,646,2,1.0150343525373446,-122.28014979505431
1.5,646,3,1.0080715001349243,118.1997321547488
1.5,692,1,0.9795036835079248,-4.563376241808905
1.5,692,2,1.036164259617209,-122.92612271306811
1.5,692,3,0.9773466228540689,116.64633485344298
1.5,675,1,0.9736513925706152,-4.769292910453155
1.5,675,2,1.0382411643340408,-123.1011269676054
1.5,675,3,0.9760251677433184,116.66628115679984
1.5,611,3,0.9732458943062333,116.40584040266658
1.5,652,1,0.9716709380810494,-4.535689428648993
1.5,670,1,1.0022352858981607,-2.8092269362956417
1.5,670,2,1.0286417323382424,-122.33702554653968
1.5,670,3,0.9993656973620745,117.59842815063759
1.5,632,1,1.0136450921180291,-1.9605649370398224
1.5,632,2,1.0259632785969997,-122.01983596865384
1.5,632,3,1.0120109150318646,118.12939934692214
1.5,680,1,0.9796566479179247,-4.543048607406857
1.5,680,2,1.0362022617668254,-122.90740762073789
1.5,680,3,0.9774917454726183,116.66830650907679
1.5,684,1,0.9771897243800068,-4.610345085279625
1.5,684,3,0.975245313383113,116.55188843919294
1.51,sourcebus,1,0.9999844837790269,29.993275373895326
1.51,sourcebus,2,0.9999926621554566,-90.00867844899066
1.51,sourcebus,3,0.9999590411620765,149.99189261471383
1.51,650,1,0.9999260387425709,-0.009759663982882437
1.51,650,2,0.999974516562273,-120.01011334675135
1.51,650,3,0.9999350957449994,119.9880256759165
1.51,rg60,1,1.0560604366383923,-0.011194652827658034
1.51,rg60,2,1.0373896505274576,-120.01216341880182
1.51,rg60,3,1.056066114638345,119.98617574156907
1.51,633,1,1.010973631507393,-1.9994911651039098
1.51,633,2,1.0243994742458211,-122.03749865854884
1.51,633,3,1.0098529970092311,118.15233140179103
1.51,634,1,0.9896213911140902,-2.4088590633831704
1.51,634,2,1.0084627283749934,-122.24094355692819
1.51,634,3,0.9936789566559454,117.94288555305813
1.51,671,1,0.9795029761201035,-4.563444716337062
1.51,671,2,1.036164974185262,-122.92612359575357
1.51,671,3,0.9773463843839865,116.646365102991
1.51,645,2,1.0167378021065694,-122.20354177083502
1.51,645,3,1.0101020878346274,118.15456384046395
1.51,646,2,1.0150347141782778,-122.28015043462173
1.51,646,3,1.0080713836573578,118.19974699069893
1.51,692,1,0.9795029678328887,-4.563444584597216
1.51,692,2,1.0361649730985565,-122.92612374207035
1.51,692,3,0.9773463778901481,116.64636515205794
1.51,675,1,0.9736506702987728,-4.7693613331182805
1.51,675,2,1.038241876965572,-123.10112817317567
1.51,675,3,0.9760249268179568,116.6663114365241
1.51,611,3,0.973245650091378,116.40587066129663
1.51,652,1,0.9716702278460723,-4.535757723220407
1.51,670,1,1.0022347836105128,-2.8092706377388974
1.51,670,2,1.0286422100960744,-122.3370264282924
1.51,670,3,0.9993655395231611,117.59844799146897
1.51,632,1,1.013644705856386,-1.9605970332972122
1.51,632,2,1.025963638088426,-122.01983671305622
1.51,632,3,1.0120107989896074,118.1294140901338
1.51,680,1,0.9796559357123512,-4.543116993459413
1.51,680,2,1.0362029780522108,-122.90740868417934
1.51,680,3,0.9774915039024206,116.66833672918531
1.51,684,1,0.9771890101111178,-4.610413379851035
1.51,684,3,0.9752450695119786,116.55191871597181
1.52,sourcebus,1,0.9999844831421607,29.993275354481476
1.52,sourcebus,2,0.9999926622031423,-90.00867845029336
1.52,sourcebus,3,0.9999590411412485,149.99189257038668
1.52,650,1,0.9999260381108369,-0.009759728197806012
1.52,650,2,0.9999745161984814,-120.01011334549929
1.52,650,3,0.9999350959793466,119.98802565165028
1.52,rg60,1,1.05606043527271,-0.011194736757076797
1.52,rg60,2,1.0373896501872957,-120.01216341850949
1.52,rg60,3,1.0560661148856065,119.98617571660579
1.52,633,1,1.0109732927180375,-1.9995192996876792
1.52,633,2,1.0243997903755,-122.03749930571247
1.52,633,3,1.0098528959024424,118.15234431354958
1.52,634,1,0.9896210445456669,-2.408887483774764
1.52,634,2,1.008463049794853,-122.24094407379562
1.52,634,3,0.993678853772656,117.94289842083197
1.52,671,1,0.9795023508938979,-4.563504589592667
1.52,671,2,1.0361656000387651,-122.92612444498451
1.52,671,3,0.9773461701371491,116.64639157550468
1.52,645,2,1.0167381194098495,-122.20354232652565
1.52,645,3,1.0101019858384273,118.15457676975286
1.52,646,2,1.0150350314125585,-122.28015096900006
1.52,646,3,1.0080712817738,118.19975995378041
1.52,692,1,0.9795023426066766,-4.563504457852502
1.52,692,2,1.0361655989520602,-122.92612459130137
1.52,692,3,0.9773461636433104,116.64639162457189
1.52,675,1,0.9736500393037183,-4.769421276179683
1.52,675,2,1.0382425020765484,-123.10112917699146
1.52,675,3,0.9760247161076633,116.66633789257588
1.52,611,3,0.9732454365021665,116.40589709890348
1.52,652,1,0.97166960737148,-4.535817554224337
1.52,670,1,1.0022343447400455,-2.809308925535917
1.52,670,2,1.0286426291888136,-122.33702716617915
1.52,670,3,0.9993654014702892,117.59846532712127
1.52,632,1,1.0136443683403151,-1.9606251543306525
1.52,632,2,1.0259639534419716,-122.01983733943509
1.52,632,3,1.0120106974911975,118.12942697194302
1.52,680,1,0.9796553137148085,-4.543176909427618
1.52,680,2,1.0362036065457383,-122.90740956466706
1.52,680,3,0.9774912928328703,116.66836312836719
1.52,684,1,0.9771883861124245,-4.610473210854965
1.52,684,3,0.9752448562227052,116.55194516943804
1.53,sourcebus,1,0.9999844825860806,29.993275337496282
1.53,sourcebus,2,0.9999926622469817,-90.00867845147111
1.53,sourcebus,3,0.9999590411240681,149.99189253153594
1.53,650,1,0.9999260375592649,-0.00975978443082525
1.53,650,2,0.9999745158826547,-120.01011334439129
1.53,650,3,0.999935096186508,119.9880256303269
1.53,rg60,1,1.0560604340792956,-0.011194810288032792
1.53,rg60,2,1.037389649893452,-120.01216341826031
1.53,rg60,3,1.0560661151043362,119.98617569461838
1.53,633,1,1.0109729967856007,-1.9995439540885234
1.53,633,2,1.0244000677467047,-122.03749984170473
1.53,633,3,1.009852807377372,118.15235558899886
1.53,634,1,0.9896207418174081,-2.4089123878439906
1.53,634,2,1.0084633318073806,-122.24094449546998
1.53,634,3,0.9936787636926819,117.94290965777671
1.53,671,1,0.9795018048961478,-4.563557051429129
1.53,671,2,1.036166149129428,-122.92612512649642
1.53,671,3,0.9773459825853807,116.64641469201365
1.53,645,2,1.0167383978079179,-122.20354278224664
1.53,645,3,1.01010189653217,118.15458806064441
1.53,646,2,1.015035309748268,-122.28015140599611
1.53,646,3,1.00807119256468,118.19977127424453
1.53,692,1,0.9795017966089207,-4.563556919688682
1.53,692,2,1.0361661480427236,-122.92612527281332
1.53,692,3,0.9773459760915415,116.64641474108103
1.53,675,1,0.9736494882644385,-4.769473799057282
1.53,675,2,1.0382430505193738,-123.10112999379406
1.53,675,3,0.9760245316488139,116.66636099481099
1.53,611,3,0.9732452495262078,116.40592018490632
1.53,652,1,0.9716690655226552,-4.535869979030841
1.53,670,1,1.002233961418111,-2.8093424761419583
1.53,670,2,1.0286429968922073,-122.33702777113
1.53,670,3,0.9993652806048432,117.59848046549189
1.53,632,1,1.013644073521097,-1.960649796902012
1.53,632,2,1.0259642301324803,-122.01983785721957
1.53,632,3,1.0120106086231926,118.12943822117148
1.53,680,1,0.9796547707219097,-4.543229413184431
1.53,680,2,1.0362041581205277,-122.90741027457807
1.53,680,3,0.9774911082551339,116.66838617640681
1.53,684,1,0.977187841186068,-4.610525635661467
1.53,684,3,0.9752446695092352,116.55196826932264
1.54,sourcebus,1,0.9999844821013031,29.993275322594684
1.54,sourcebus,2,0.9999926622863672,-90.00867845251577
1.54,sourcebus,3,0.9999590411108296,149.99189249755275
1.54,650,1,0.9999260370791908,-0.009759833644082614
1.54,650,2,0.9999745156080331,-120.01011334348159
1.54,650,3,0.999935096369614,119.98802561169234
1.54,rg60,1,1.0560604330385828,-0.011194874661272143
1.54,rg60,2,1.037389649638375,-120.01216341815767
1.54,rg60,3,1.0560661152987232,119.98617567538527
1.54,633,1,1.0109727379524727,-1.9995655168306214
1.54,633,2,1.0244003107093864,-122.03750034444023
1.54,633,3,1.0098527306952274,118.15236546653685
1.54,634,1,0.9896204770442234,-2.40893416888163
1.54,634,2,1.0084635788364074,-122.24094489805734
1.54,634,3,0.9936786856588122,117.94291950189927
1.54,671,1,0.9795013273326558,-4.563602934569738
1.54,671,2,1.0361666301307018,-122.92612579000564
1.54,671,3,0.9773458200161965,116.64643494547114
1.54,645,2,1.0167386416710484,-122.2035432148502
1.54,645,3,1.010101819163787,118.1545979517375
1.54,646,2,1.0150355535570912,-122.28015182226906
1.54,646,3,1.008071115280918,118.19978119122061
1.54,692,1,0.979501319045424,-4.5636028028290445
1.54,692,2,1.0361666290439977,-122.92612593632258
1.54,692,3,0.9773458135223567,116.64643499453871
1.54,675,1,0.9736490062953728,-4.769519735373442
1.54,675,2,1.0382435309528542,-123.10113077544759
1.54,675,3,0.9760243717938472,116.66638123535927
1.54,611,3,0.9732450874639316,116.40594041179389
1.54,652,1,0.9716685915881887,-4.535915829708424
1.54,670,1,1.002233626146074,-2.8093718194833106
1.54,670,2,1.0286433189875375,-122.33702834551293
1.54,670,3,0.9993651758803163,117.5984937277976
1.54,632,1,1.0136438156607788,-1.9606713493109889
1.54,632,2,1.0259644724991759,-122.01983834407221
1.54,632,3,1.0120105316400436,118.12944807581104
1.54,680,1,0.9796542959551798,-4.543275337257574
1.54,680,2,1.0362046414585315,-122.90741096389729
1.54,680,3,0.9774909484687103,116.66840636589625
1.54,684,1,0.9771873645598025,-4.610571486339051
1.54,684,3,0.9752445076751617,116.55198850825647
1.55,sourcebus,1,0.999984481678803,29.99327530951263
1.55,sourcebus,2,0.9999926623216945,-90.00867845343933
1.55,sourcebus,3,0.9999590411010266,149.99189246783163
1.55,650,1,0.9999260366616116,-0.009759876717228015
1.55,650,2,0.9999745153692376,-120.01011334274783
1.55,650,3,0.9999350965315842,119.98802559541964
1.55,rg60,1,1.056060432131359,-0.011194931021829708
1.55,rg60,2,1.0373896494168682,-120.01216341818538
1.55,rg60,3,1.056066115471763,119.98617565857586
1.55,633,1,1.0109725115067436,-1.9995843725746116
1.55,633,2,1.0244005235183204,-122.03750082238412
1.55,633,3,1.009852664414875,118.15237412481027
1.55,634,1,0.9896202454022675,-2.4089532155956137
1.55,634,2,1.0084637952069468,-122.24094528828314
1.55,634,3,0.9936786182090539,117.94292813127632
1.55,671,1,0.9795009095017807,-4.563643058114406
1.55,671,2,1.036167051466807,-122.92612644625537
1.55,671,3,0.9773456793752378,116.64645270187891
1.55,645,2,1.016738855269779,-122.2035436315395
1.55,645,3,1.0101017522796623,118.15460662188646
1.55,646,2,1.0150357671087658,-122.28015222473199
1.55,646,3,1.0080710484705944,118.19978988402586
1.55,692,1,0.9795009012145446,-4.563642926373498
1.55,692,2,1.0361670503801037,-122.92612659257239
1.55,692,3,0.9773456728813976,116.64645275094661
1.55,675,1,0.9736485846128453,-4.769559905185961
1.55,675,2,1.0382439517903321,-123.10113153488973
1.55,675,3,0.97602423353886,116.66639898000902
1.55,611,3,0.9732449472709275,116.40595814510196
1.55,652,1,0.9716681769323076,-4.535955924789892
1.55,670,1,1.0022333328196849,-2.809397479150715
1.55,670,2,1.0286436011156348,-122.33702889885565
1.55,670,3,0.9993650853283494,117.59850535381709
1.55,632,1,1.0136435900659606,-1.9606901960319525
1.55,632,2,1.025964684786375,-122.0198388081498
1.55,632,3,1.0120104650945498,118.12945671407584
1.55,680,1,0.9796538807279025,-4.543315500573951
1.55,680,2,1.0362050649913714,-122.90741164362228
1.55,680,3,0.9774908104309524,116.66842406252569
1.55,684,1,0.977186947548806,-4.610611581420522
1.55,684,3,0.9752443676797118,116.55200625198854
1.56,sourcebus,1,0.9999844813100262,29.993275298068493
1.56,sourcebus,2,0.9999926623543961,-90.00867845430912
1.56,sourcebus,3,0.9999590410928277,149.99189244175244
1.56,650,1,0.9999260362968336,-0.009759914445846686
1.56,650,2,0.9999745151624729,-120.01011334210732
1.56,650,3,0.9999350966746794,119.98802558105459
1.56,rg60,1,1.0560604313384114,-0.011194980416104325
1.56,rg60,2,1.0373896492263004,-120.01216341822388
1.56,rg60,3,1.0560661156242466,119.98617564367763
1.56,633,1,1.01097231398986,-1.9996009010167182
1.56,633,2,1.0244007102345456,-122.0375012055378
1.56,633,3,1.0098526061627375,118.1523816582817
1.56,634,1,0.989620043347293,-2.4089699107197027
1.56,634,2,1.0084639850477637,-122.24094559447985
1.56,634,3,0.9936785589345821,117.94293563942065
1.56,671,1,0.9795005451987467,-4.563678223899057
1.56,671,2,1.036167421106746,-122.92612694954214
1.56,671,3,0.9773455558470371,116.6464681490527
1.56,645,2,1.0167390426755385,-122.20354396085845
1.56,645,3,1.0101016934970792,118.15461416580706
1.56,646,2,1.0150359544712537,-122.28015254151835
1.56,646,3,1.0080709897511686,118.19979744775246
1.56,692,1,0.9795005369115068,-4.563678092157962
1.56,692,2,1.036167420020043,-122.92612709585919
1.56,692,3,0.9773455493531965,116.64646819812054
1.56,675,1,0.973648216944629,-4.76959511144411
1.56,675,2,1.0382443209964574,-123.10113212855137
1.56,675,3,0.9760241120941857,116.6664144171885
1.56,611,3,0.9732448241345013,116.4059735720983
1.56,652,1,0.9716678153967202,-4.535991065667827
1.56,670,1,1.002233077001594,-2.809419970609789
1.56,670,2,1.0286438486432918,-122.3370293359749
1.56,670,3,0.9993650057634986,117.5985154687773
1.56,632,1,1.0136433932933941,-1.9607067165976968
1.56,632,2,1.0259648710447535,-122.01983917912924
1.56,632,3,1.012010406610192,118.12946423000191
1.56,680,1,0.9796535188490118,-4.543350704846422
1.56,680,2,1.036205436694601,-122.90741216829731
1.56,680,3,0.9774906893381755,116.66843945390133
1.56,684,1,0.97718658395981,-4.610646722298454
1.56,684,3,0.975244244716027,116.55202168812501
1.57,sourcebus,1,0.9999844809899333,29.993275288133063
1.57,sourcebus,2,0.9999926623845171,-90.00867845500636
1.57,sourcebus,3,0.999959041087483,149.99189241905776
1.57,650,1,0.9999260359807807,-0.009759947290906032
1.57,650,2,0.9999745149841485,-120.01011334147876
1.57,650,3,0.9999350968018036,119.98802556861465
1.57,rg60,1,1.0560604306499513,-0.011195023436816972
1.57,rg60,2,1.0373896490632206,-120.012163418198
1.57,rg60,3,1.0560661157610973,119.98617563077858
1.57,633,1,1.0109721418714601,-1.9996153093163076
1.57,633,2,1.0244008735963575,-122.03750153744619
1.57,633,3,1.0098525560103246,118.15238825831959
1.57,634,1,0.9896198672743345,-2.40898446426597
1.57,634,2,1.008464151145088,-122.24094585903336
1.57,634,3,0.9936785078956635,117.94294221757171
1.57,671,1,0.9795002277465856,-4.56370887832537
1.57,671,2,1.0361677445025559,-122.92612738348427
1.57,671,3,0.9773454493836969,116.64648168498802
1.57,645,2,1.0167392066407854,-122.20354424581079
1.57,645,3,1.0101016428787088,118.15462077502028
1.57,646,2,1.0150361183983951,-122.2801528155613
1.57,646,3,1.0080709391871563,118.19980407425356
1.57,692,1,0.9795002194593428,-4.563708746584112
1.57,692,2,1.0361677434158532,-122.92612752980135
1.57,692,3,0.9773454428898564,116.64648173405594
1.57,675,1,0.9736478965611328,-4.769625800998826
1.57,675,2,1.0382446440133841,-123.10113264120076
1.57,675,3,0.9760240074552591,116.66642794408244
1.57,611,3,0.9732447180152851,116.40598709053187
1.57,652,1,0.9716675003560401,-4.536021698288619
1.57,670,1,1.0022328540799212,-2.809439576884606
1.57,670,2,1.028644065207116,-122.33702971411365
1.57,670,3,0.9993649372329529,117.59852433117587
1.57,632,1,1.0136432218236233,-1.9607211180389916
1.57,632,2,1.0259650340060136,-122.01983950044509
1.57,632,3,1.0120103562544591,118.129470814754
1.57,680,1,0.9796532036536691,-4.543381396447974
1.57,680,2,1.0362057620284233,-122.90741262172834
1.57,680,3,0.977490585152489,116.66845293771831
1.57,684,1,0.9771862671297975,-4.610677354919244
1.57,684,3,0.9752441387466213,116.55203521445523
1.58,sourcebus,1,0.9999844807101221,29.99327527935843
1.58,sourcebus,2,0.9999926624116413,-90.00867845567956
1.58,sourcebus,3,0.9999590410835985,149.99189239910308
1.58,650,1,0.9999260357048441,-0.009759976164945448
1.58,650,2,0.9999745148288525,-120.01011334101135
1.58,650,3,0.9999350969142694,119.98802555763282
1.58,rg60,1,1.0560604300476888,-0.011195061275469395
1.58,rg60,2,1.0373896489213696,-120.01216341830295
1.58,rg60,3,1.0560661158822122,119.98617561935359
1.58,633,1,1.010971991138392,-1.9996279581783156
1.58,633,2,1.0244010170525502,-122.0375018432891
1.58,633,3,1.0098525122296975,118.15239402814115
1.58,634,1,0.9896197130830331,-2.408997240236074
1.58,634,2,1.0084642970003297,-122.24094610576924
1.58,634,3,0.9936784633451426,117.94294796833866
1.58,671,1,0.9794999497824574,-4.563735787754161
1.58,671,2,1.0361680285112236,-122.92612779302486
1.58,671,3,0.9773453564339643,116.64649351841972
1.58,645,2,1.0167393506261428,-122.2035445104618
1.58,645,3,1.0101015986875148,118.1546265529259
1.58,646,2,1.015036262349938,-122.28015307064413
1.58,646,3,1.0080708950431787,118.19980986731709
1.58,692,1,0.9794999414952116,-4.563735656012761
1.58,692,2,1.036168027424521,-122.92612793934195
1.58,692,3,0.9773453499401232,116.64649356748777
1.58,675,1,0.9736476160325118,-4.769652741102834
1.58,675,2,1.0382449276891224,-123.10113311965847
1.58,675,3,0.9760239161081667,116.66643976946455
1.58,611,3,0.9732446253696991,116.40599890869447
1.58,652,1,0.9716672245031688,-4.53604858855937
1.58,670,1,1.0022326588645976,-2.809456788667731
1.58,670,2,1.0286442553884771,-122.33703006532342
1.58,670,3,0.9993648774046318,117.59853207882266
1.58,632,1,1.0136430716581295,-1.9607337609291338
1.58,632,2,1.0259651771113834,-122.01983979699942
1.58,632,3,1.0120103122943356,118.12947657119683
1.58,680,1,0.979652927791528,-4.543408341598148
1.58,680,2,1.0362060478559674,-122.90741304904812
1.58,680,3,0.9774904943323519,116.66846472248118
1.58,684,1,0.9771859897101683,-4.610704245189993
1.58,684,3,0.9752440462311945,116.55204703949843
1.59,sourcebus,1,0.9999844804656582,29.993275271642236
1.59,sourcebus,2,0.999992662436408,-90.0086784562847
1.59,sourcebus,3,0.9999590410812375,149.99189238158263
1.59,650,1,0.9999260354641754,-0.009760001516563975
1.59,650,2,0.9999745146939127,-120.01011334062082
1.59,650,3,0.9999350970142588,119.98802554798307
1.59,rg60,1,1.0560604295212668,-0.011195094518996253
1.59,rg60,2,1.0373896487986969,-120.012163418438
1.59,rg60,3,1.0560661159902807,119.98617560929253
1.59,633,1,1.0109718591791628,-1.9996390634720007
1.59,633,2,1.024401143186006,-122.03750211159557
1.59,633,3,1.009852474053768,118.1523990853732
1.59,634,1,0.9896195780957969,-2.409008456816047
1.59,634,2,1.0084644252425565,-122.24094632211373
1.59,634,3,0.9936784244975848,117.94295300895162
1.59,671,1,0.9794997064909113,-4.563759411346289
1.59,671,2,1.036168278224091,-122.92612815185159
1.59,671,3,0.9773452753573294,116.64650389091194
1.59,645,2,1.016739477224214,-122.20354474259416
1.59,645,3,1.0101015601494925,118.1546316172901
1.59,646,2,1.0150363889178018,-122.28015329437721
1.59,646,3,1.008070856545998,118.19981494497821
1.59,692,1,0.9794996982036629,-4.563759279604762
1.59,692,2,1.0361682771373892,-122.92612829816872
1.59,692,3,0.9773452688634882,116.64650393998006
1.59,675,1,0.9736473704957118,-4.769676391502498
1.59,675,2,1.0382451771099586,-123.10113353887643
1.59,675,3,0.976023836439593,116.66645013479862
1.59,611,3,0.9732445445612542,116.40600926785541
1.59,652,1,0.9716669830592239,-4.536072195304002
1.59,670,1,1.0022324879749576,-2.8094718996455654
1.59,670,2,1.028644422604954,-122.33703037332334
1.59,670,3,0.9993648252279923,117.59853886974322
1.59,632,1,1.0136429401961442,-1.9607448610082838
1.59,632,2,1.0259653029367093,-122.01984005715892
1.59,632,3,1.0120102739603074,118.1294816167024
1.59,680,1,0.9796526864579521,-4.543431999418488
1.59,680,2,1.0362062992751035,-122.90741342412463
1.59,680,3,0.9774904152467149,116.6684750495321
1.59,684,1,0.9771857468948976,-4.61072785193463
1.59,684,3,0.975243965536331,116.55205740466198
1.6,sourcebus,1,0.9999844802537569,29.993275264881568
1.6,sourcebus,2,0.9999926624585533,-90.00867845684874
1.6,sourcebus,3,0.9999590410800259,149.9918923663064
1.6,650,1,0.999926035255848,-0.009760023623552884
1.6,650,2,0.9999745145774336,-120.0101133403477
1.6,650,3,0.9999350971022911,119.98802553955392
1.6,rg60,1,1.0560604290644526,-0.011195123515705377
1.6,rg60,2,1.0373896486929162,-120.0121634186685
1.6,rg60,3,1.0560661160858513,119.98617560048102
1.6,633,1,1.0109717442115131,-1.9996487289151073
1.6,633,2,1.0244012531637767,-122.03750237600012
1.6,633,3,1.009852441312453,118.15240348837693
1.6,634,1,0.9896194604872008,-2.4090182192669474
1.6,634,2,1.0084645370631584,-122.2409465411574
1.6,634,3,0.9936783911764794,117.94295739765285
1.6,671,1,0.9794994945048688,-4.5637799722840136
1.6,671,2,1.036168495969805,-122.92612852577935
1.6,671,3,0.9773452057622483,116.6465129230429
1.6,645,2,1.0167395876079413,-122.20354497556166
1.6,645,3,1.0101015270913247,118.15463602650249
1.6,646,2,1.0150364992754386,-122.2801535200675
1.6,646,3,1.0080708235231877,118.19981936577301
1.6,692,1,0.9794994862176183,-4.563779840542379
1.6,692,2,1.0361684948831031,-122.92612867209648
1.6,692,3,0.9773451992684067,116.64651297211111
1.6,675,1,0.9736471565534566,-4.769696975665487
1.6,675,2,1.038245394601493,-123.10113396531656
1.6,675,3,0.9760237680764893,116.66645916047545
1.6,611,3,0.9732444752012231,116.40601828844373
1.6,652,1,0.9716667726831907,-4.536092741564886
1.6,670,1,1.0022323390847867,-2.809485051405827
1.6,670,2,1.0286445684066952,-122.33703068263566
1.6,670,3,0.9993647804631972,117.59854478250108
1.6,632,1,1.0136428256620442,-1.9607545218796587
1.6,632,2,1.025965412644903,-122.01984031450004
1.6,632,3,1.0120102410811138,118.12948600948843
1.6,680,1,0.9796524762951534,-4.5434525931335035
1.6,680,2,1.036206518621567,-122.90741381289257
1.6,680,3,0.9774903475130103,116.66848403922987
1.6,684,1,0.9771855353239944,-4.61074839819551
1.6,684,3,0.9752438962743495,116.55206643041481
1.61,sourcebus,1,0.9999844800682212,29.993275258947907
1.61,sourcebus,2,0.9999926624792315,-90.008678457337
1.61,sourcebus,3,0.9999590410799077,149.99189235286272
1.61,650,1,0.9999260350737578,-0.00976004306870997
1.61,650,2,0.9999745144763641,-120.01011334007697
1.61,650,3,0.9999350971811347,119.98802553213444
1.61,rg60,1,1.0560604286643476,-0.011195149044906521
1.61,rg60,2,1.0373896486020648,-120.01216341884145
1.61,rg60,3,1.0560661161717584,119.98617559270683
1.61,633,1,1.0109716435250873,-1.999657244894236
1.61,633,2,1.0244013502515124,-122.0375025852511
1.61,633,3,1.0098524125443633,118.15240735498047
1.61,634,1,0.989619357490025,-2.409026820166235
1.61,634,2,1.0084646357724991,-122.24094671043281
1.61,634,3,0.9936783619035015,117.9429612517485
1.61,671,1,0.9794993089401939,-4.563798085108413
1.61,671,2,1.0361686881813326,-122.9261288072693
1.61,671,3,0.9773451446075093,116.64652085462575
1.61,645,2,1.0167396850521346,-122.20354515705331
1.61,645,3,1.0101014980421819,118.1546398986264
1.61,646,2,1.0150365966956325,-122.280153695124
1.61,646,3,1.008070794504325,118.19982324807948
1.61,692,1,0.9794993006529418,-4.5637979533666835
1.61,692,2,1.036168687094631,-122.92612895358647
1.61,692,3,0.9773451381136681,116.646520903694
1.61,675,1,0.9736469692757158,-4.769715108823322
1.61,675,2,1.0382455865889908,-123.10113429295477
1.61,675,3,0.9760237080058202,116.66646708637019
1.61,611,3,0.9732444142550695,116.40602620994297
1.61,652,1,0.9716665885272247,-4.536110841422097
1.61,670,1,1.0022322087094413,-2.8094966385541227
1.61,670,2,1.0286446971179315,-122.3370309233483
1.61,670,3,0.9993647411282246,117.59854997490153
1.61,632,1,1.0136427253556353,-1.9607630339037656
1.61,632,2,1.02596550949605,-122.01984051751072
1.61,632,3,1.0120102121904413,118.12948986712316
1.61,680,1,0.9796522924294769,-4.543470737220375
1.61,680,2,1.036206712333378,-122.9074141079684
1.61,680,3,0.977490288097888,116.66849193119454
1.61,684,1,0.9771853501220802,-4.61076649805272
1.61,684,3,0.9752438354136805,116.55207435643759
1.62,sourcebus,1,0.9999844799073271,29.993275253769802
1.62,sourcebus,2,0.9999926624981882,-90.00867845780843
1.62,sourcebus,3,0.9999590410800836,149.99189234111336
1.62,650,1,0.9999260349156961,-0.00976006002790983
1.62,650,2,0.9999745143896399,-120.01011333986713
1.62,650,3,0.9999350972505772,119.98802552559813
1.62,rg60,1,1.0560604283166188,-0.011195171321862511
1.62,rg60,2,1.037389648524681,-120.01216341903901
1.62,rg60,3,1.0560661162472782,119.98617558582235
1.62,633,1,1.0109715560883987,-1.9996646700290661
1.62,633,2,1.0244014350326043,-122.0375027628968
1.62,633,3,1.0098523875282333,118.15241069908076
1.62,634,1,0.9896192680422699,-2.4090343191269605
1.62,634,2,1.0084647219740193,-122.2409468531133
1.62,634,3,0.9936783364462766,117.94296458494497
1.62,671,1,0.9794991478481564,-4.56381387543818
1.62,671,2,1.0361688560134987,-122.92612904311694
1.62,671,3,0.9773450914551446,116.64652771363023
1.62,645,2,1.0167397701435494,-122.20354531044954
1.62,645,3,1.0101014727805238,118.15464324755672
1.62,646,2,1.0150366817652776,-122.280153842891
1.62,646,3,1.008070769268333,118.19982660586639
1.62,692,1,0.9794991395609022,-4.563813743696369
1.62,692,2,1.0361688549267971,-122.92612918943416
1.62,692,3,0.977345084961303,116.64652776269855
1.62,675,1,0.9736468066930206,-4.769730916849534
1.62,675,2,1.038245754228106,-123.10113456899843
1.62,675,3,0.9760236557957228,116.66647394052585
1.62,611,3,0.9732443612835409,116.40603306017867
1.62,652,1,0.9716664286580166,-4.536126620474728
1.62,670,1,1.0022320955036528,-2.8095067409219237
1.62,670,2,1.0286448095092915,-122.33703112682976
1.62,670,3,0.9993647069301683,117.59855446537954
1.62,632,1,1.013642638250025,-1.9607704555684924
1.62,632,2,1.0259655940695092,-122.01984068972781
1.62,632,3,1.012010187068217,118.1294932033885
1.62,680,1,0.9796521329198176,-4.543486557365525
1.62,680,2,1.0362068815717846,-122.9074143562549
1.62,680,3,0.9774902365717402,116.6684987532356
1.62,684,1,0.9771851893448652,-4.610782277105353
1.62,684,3,0.975243782516763,116.55208121061216
1.6300000000000001,sourcebus,1,0.9999844797664658,29.993275249233626
1.6300000000000001,sourcebus,2,0.9999926625159579,-90.00867845818323
1.6300000000000001,sourcebus,3,0.9999590410814394,149.99189233078627
1.6300000000000001,650,1,0.999926034777828,-0.009760074943982434
1.6300000000000001,650,2,0.9999745143144385,-120.0101133396293
1.6300000000000001,650,3,0.9999350973132747,119.98802551988798
1.6300000000000001,rg60,1,1.0560604280123482,-0.011195190937154792
1.6300000000000001,rg60,2,1.0373896484585103,-120.01216341915531
1.6300000000000001,rg60,3,1.0560661163161291,119.98617557980614
1.6300000000000001,633,1,1.0109714794004625,-1.9996712183949252
1.6300000000000001,633,2,1.0244015100571922,-122.0375029001845
1.6300000000000001,633,3,1.009852365667956,118.1524136558249
1.6300000000000001,634,1,0.9896191895952028,-2.409040932156264
1.6300000000000001,634,2,1.008464798250679,-122.24094695952293
1.6300000000000001,634,3,0.9936783142017287,117.94296753217681
1.6300000000000001,671,1,0.9794990066182463,-4.563827799343521
1.6300000000000001,671,2,1.036169004522698,-122.92612921183138
1.6300000000000001,671,3,0.9773450449673665,116.64653377900335
1.6300000000000001,645,2,1.0167398454416667,-122.20354542631758
1.6300000000000001,645,3,1.0101014507016908,118.15464620862234
1.6300000000000001,646,2,1.0150367570435515,-122.28015395378584
1.6300000000000001,646,3,1.0080707472114876,118.19982957473651
1.6300000000000001,692,1,0.9794989983309911,-4.563827667601634
1.6300000000000001,692,2,1.0361690034359967,-122.92612935814857
1.6300000000000001,692,3,0.977345038473525,116.64653382807171
1.6300000000000001,675,1,0.9736466641578926,-4.769744856232299
1.6300000000000001,675,2,1.0382459025661743,-123.10113477303183
1.6300000000000001,675,3,0.9760236101398124,116.66648000149932
1.6300000000000001,611,3,0.9732443149570439,116.40603911789538
1.6300000000000001,652,1,0.9716662884997544,-4.536140534366726
1.6300000000000001,670,1,1.0022319962268393,-2.8095156500598173
1.6300000000000001,670,2,1.0286449089659568,-122.337031280272
1.6300000000000001,670,3,0.9993646770349979,117.59855843598876
1.6300000000000001,632,1,1.0136425618520517,-1.9607770009455192
1.6300000000000001,632,2,1.0259656689118737,-122.01984082222272
1.6300000000000001,632,3,1.012010165113257,118.12949615326762
1.6300000000000001,680,1,0.9796519931647253,-4.543500509610884
1.6300000000000001,680,2,1.03620703139826,-122.90741453637789
1.6300000000000001,680,3,0.9774901916032877,116.66850478409539
1.6300000000000001,684,1,0.977185048390548,-4.610796190997349
1.6300000000000001,684,3,0.9752437362553332,116.55208727176905
1.6400000000000001,sourcebus,1,0.9999844796440068,29.993275245263742
1.6400000000000001,sourcebus,2,0.9999926625322222,-90.00867845848633
1.6400000000000001,sourcebus,3,0.9999590410837683,149.99189232176607
1.6400000000000001,650,1,0.999926034658493,-0.00976008799149551
1.6400000000000001,650,2,0.9999745142495129,-120.0101133394097
1.6400000000000001,650,3,0.999935097369435,119.98802551493492
1.6400000000000001,rg60,1,1.0560604277478856,-0.011195208108596469
1.6400000000000001,rg60,2,1.0373896484018927,-120.01216341925992
1.6400000000000001,rg60,3,1.0560661163785376,119.986175574587
1.6400000000000001,633,1,1.0109714123322413,-1.9996769491947457
1.6400000000000001,633,2,1.024401575968929,-122.03750302694345
1.6400000000000001,633,3,1.009852346931885,118.15241626076377
1.6400000000000001,634,1,0.9896191209879301,-2.4090467195178826
1.6400000000000001,634,2,1.0084648652643267,-122.240947059129
1.6400000000000001,634,3,0.9936782951338943,117.94297012893149
1.6400000000000001,671,1,0.979498883107673,-4.56383998450121
1.6400000000000001,671,2,1.036169134994217,-122.92612937245529
1.6400000000000001,671,3,0.9773450050528324,116.64653912432819
1.6400000000000001,645,2,1.0167399115943194,-122.20354553434134
1.6400000000000001,645,3,1.0101014317722585,118.1546488173699
1.6400000000000001,646,2,1.0150368231788383,-122.28015405747712
1.6400000000000001,646,3,1.0080707283010313,118.1998321903252
1.6400000000000001,692,1,0.9794988748204163,-4.563839852759263
1.6400000000000001,692,2,1.036169133907516,-122.92612951877251
1.6400000000000001,692,3,0.9773449985589904,116.64653917339658
1.6400000000000001,675,1,0.9736465395066917,-4.769757054822323
1.6400000000000001,675,2,1.0382460328871077,-123.10113496450487
1.6400000000000001,675,3,0.9760235709587974,116.66648534274607
1.6400000000000001,611,3,0.9732442751856766,116.40604445658455
1.6400000000000001,652,1,0.9716661659262761,-4.536152710707378
1.6400000000000001,670,1,1.0022319094038958,-2.80952344679704
1.6400000000000001,670,2,1.0286449963418234,-122.33703142334765
1.6400000000000001,670,3,0.999364651393774,117.59856193459285
1.6400000000000001,632,1,1.0136424950375196,-1.9607827291369553
1.6400000000000001,632,2,1.0259657346634086,-122.01984094479931
1.6400000000000001,632,3,1.012010146293572,118.12949875220507
1.6400000000000001,680,1,0.9796518710283729,-4.543512721681322
1.6400000000000001,680,2,1.0362071631037004,-122.90741470747106
1.6400000000000001,680,3,0.9774901531082544,116.66851009718901
1.6400000000000001,684,1,0.9771849251208906,-4.610808367338007
1.6400000000000001,684,3,0.9752436965401774,116.55209261341919
1.6500000000000001,sourcebus,1,0.999984479537934,29.993275241763946
1.6500000000000001,sourcebus,2,0.9999926625467565,-90.00867845880693
1.6500000000000001,sourcebus,3,0.9999590410860546,149.99189231387106
1.6500000000000001,650,1,0.9999260345551498,-0.009760099397251289
1.6500000000000001,650,2,0.9999745141936787,-120.01011333928926
1.6500000000000001,650,3,0.9999350974187332,119.98802551055486
1.6500000000000001,rg60,1,1.0560604275182683,-0.011195223125167087
1.6500000000000001,rg60,2,1.0373896483532081,-120.01216341945671
1.6500000000000001,rg60,3,1.056066116433205,119.98617556994219
1.6500000000000001,633,1,1.0109713539948242,-1.9996819412278026
1.6500000000000001,633,2,1.0244016334055912,-122.03750315482066
1.6500000000000001,633,3,1.0098523307949407,118.15241851108001
1.6500000000000001,634,1,0.9896190613098822,-2.409051760785278
1.6500000000000001,634,2,1.0084649236633931,-122.24094716331655
1.6500000000000001,634,3,0.9936782787113677,117.9429723722004
1.6500000000000001,671,1,0.9794987756860899,-4.563850598175575
1.6500000000000001,671,2,1.0361692486995684,-122.92612954724909
1.6500000000000001,671,3,0.9773449706715935,116.64654374195861
1.6500000000000001,645,2,1.016739969240842,-122.20354564591806
1.6500000000000001,645,3,1.0101014154662233,118.15465107099787
1.6500000000000001,646,2,1.0150368808100985,-122.2801541652898
1.6500000000000001,646,3,1.0080707120112604,118.19983444990233
1.6500000000000001,692,1,0.979498767398832,-4.563850466433572
1.6500000000000001,692,2,1.0361692476128674,-122.92612969356631
1.6500000000000001,692,3,0.9773449641777517,116.64654379102703
1.6500000000000001,675,1,0.9736464310922315,-4.769767680132962
1.6500000000000001,675,2,1.0382461464619146,-123.10113516612542
1.6500000000000001,675,3,0.976023537217832,116.66648995678791
1.6500000000000001,611,3,0.9732442409297055,116.40604906847497
1.6500000000000001,652,1,0.9716660593197047,-4.536163316720523
1.6500000000000001,670,1,1.0022318338858651,-2.8095302382734126
1.6500000000000001,670,2,1.0286450724847507,-122.33703157129797
1.6500000000000001,670,3,0.9993646293081264,117.59856495686981
1.6500000000000001,632,1,1.013642436921218,-1.9607877188825742
1.6500000000000001,632,2,1.0259657919598957,-122.01984106904537
1.6500000000000001,632,3,1.012010130083757,118.12950099728658
1.6500000000000001,680,1,0.9796517648870481,-4.543523360895272
1.6500000000000001,680,2,1.0362072779647329,-122.90741489186313
1.6500000000000001,680,3,0.9774901200534009,116.66851468473654
1.6500000000000001,684,1,0.9771848179088275,-4.610818973351149
1.6500000000000001,684,3,0.9752436623325931,116.55209722785986
1.6600000000000001,sourcebus,1,0.999984479445618,29.993275238688128
1.6600000000000001,sourcebus,2,0.9999926625601397,-90.00867845912849
1.6600000000000001,sourcebus,3,0.9999590410882208,149.99189230692735
1.6600000000000001,650,1,0.9999260344651256,-0.009760109401789084
1.6600000000000001,650,2,0.9999745141457408,-120.01011333920988
1.6600000000000001,650,3,0.9999350974623669,119.98802550665675
1.6600000000000001,rg60,1,1.0560604273179306,-0.01119523630780756
1.6600000000000001,rg60,2,1.0373896483118137,-120.01216341966912
1.6600000000000001,rg60,3,1.0560661164813496,119.98617556577953
1.6600000000000001,633,1,1.0109713032374408,-1.999686317491088
1.6600000000000001,633,2,1.0244016837836836,-122.03750325936979
1.6600000000000001,633,3,1.0098523166238031,118.1524204564003
1.6600000000000001,634,1,0.9896190093855757,-2.409056179895659
1.6600000000000001,634,2,1.0084649748843697,-122.24094724710396
1.6600000000000001,634,3,0.9936782642911334,117.94297431135375
1.6600000000000001,671,1,0.9794986822795541,-4.563859900579516
1.6600000000000001,671,2,1.0361693484254708,-122.92612968522587
1.6600000000000001,671,3,0.9773449405103718,116.64654773285073
1.6600000000000001,645,2,1.016740019801596,-122.20354573614514
1.6600000000000001,645,3,1.0101014011465759,118.1546530192372
1.6600000000000001,646,2,1.0150369313567364,-122.28015425219832
1.6600000000000001,646,3,1.0080706977052776,118.19983640333245
1.6600000000000001,692,1,0.9794986739922954,-4.5638597688374665
1.6600000000000001,692,2,1.03616934733877,-122.92612983154312
1.6600000000000001,692,3,0.9773449340165297,116.64654778191921
1.6600000000000001,675,1,0.9736463368205619,-4.769776992694632
1.6600000000000001,675,2,1.0382462460745987,-123.10113532755564
1.6600000000000001,675,3,0.9760235076144876,116.66649394463988
1.6600000000000001,611,3,0.973244210877889,116.4060530543663
1.6600000000000001,652,1,0.9716659666216095,-4.536172612428843
1.6600000000000001,670,1,1.0022317681932964,-2.8095361916001407
1.6600000000000001,670,2,1.028645139269296,-122.33703169086691
1.6600000000000001,670,3,0.9993646099206304,117.59856756926516
1.6600000000000001,632,1,1.0136423863567101,-1.9607920931582923
1.6600000000000001,632,2,1.0259658422152393,-122.01984117040934
1.6600000000000001,632,3,1.0120101158488575,118.12950293802642
1.6600000000000001,680,1,0.9796516726735705,-4.543532687495241
1.6600000000000001,680,2,1.0362073787725032,-122.90741503865254
1.6600000000000001,680,3,0.9774900911314225,116.66851864756293
1.6600000000000001,684,1,0.9771847246842362,-4.61082826905947
1.6600000000000001,684,3,0.975243632322982,116.55210121598336
1.67,sourcebus,1,0.9999844793660028,29.993275235974156
1.67,sourcebus,2,0.9999926625718478,-90.0086784593781
1.67,sourcebus,3,0.9999590410915172,149.99189230091392
1.67,650,1,0.9999260343883528,-0.00976011812264513
1.67,650,2,0.9999745141042062,-120.01011333917558
1.67,650,3,0.9999350975014691,119.98802550334798
1.67,rg60,1,1.0560604271455107,-0.01119524780348305
1.67,rg60,2,1.037389648275772,-120.01216341992493
1.67,rg60,3,1.056066116525632,119.98617556226006
1.67,633,1,1.0109712586793087,-1.999690116041017
1.67,633,2,1.024401727756378,-122.03750339407303
1.67,633,3,1.0098523050611405,118.15242218990238
1.67,634,1,0.9896189638070086,-2.4090600159835747
1.67,634,2,1.0084650195929128,-122.24094736368212
1.67,634,3,0.9936782525200933,117.94297603975818
1.67,671,1,0.9794986001946231,-4.563867977745544
1.67,671,2,1.036169435510024,-122.9261298925713
1.67,671,3,0.9773449157526861,116.6465512929434
1.67,645,2,1.0167400639361377,-122.2035458585388
1.67,645,3,1.0101013894525113,118.15465475528437
1.67,646,2,1.015036975480213,-122.28015437178313
1.67,646,3,1.0080706860235165,118.19983814392752
1.67,692,1,0.9794985919073634,-4.56386784600345
1.67,692,2,1.0361694344233232,-122.92613003888854
1.67,692,3,0.9773449092588444,116.64655134201188
1.67,675,1,0.973646253981328,-4.769785078525636
1.67,675,2,1.0382463330577352,-123.10113555518028
1.67,675,3,0.9760234833544044,116.66649750155594
1.67,611,3,0.9732441862191307,116.40605661019357
1.67,652,1,0.9716658851595956,-4.536180683692645
1.67,670,1,1.002231710502816,-2.8095413595806713
1.67,670,2,1.028645197571616,-122.3370318533212
1.67,670,3,0.9993645940630255,117.5985698982281
1.67,632,1,1.013642341966586,-1.9607958899814346
1.67,632,2,1.0259658860811263,-122.01984130237953
1.67,632,3,1.0120101042293577,118.1295046675749
1.67,680,1,0.9796515917004295,-4.543540787565548
1.67,680,2,1.0362074668702215,-122.90741525408623
1.67,680,3,0.9774900675309492,116.6685221814234
1.67,684,1,0.9771846427595436,-4.610836340323267
1.67,684,3,0.9752436076995963,116.55210477365742
1.68,sourcebus,1,0.9999844792964366,29.993275233608447
1.68,sourcebus,2,0.9999926625830876,-90.00867845961302
1.68,sourcebus,3,0.999959041094562,149.99189229560386
1.68,650,1,0.9999260343211157,-0.009760125788084342
1.68,650,2,0.9999745140687838,-120.0101133391191
1.68,650,3,0.9999350975365147,119.98802550039012
1.68,rg60,1,1.0560604269944478,-0.011195257922397802
1.68,rg60,2,1.0373896482458422,-120.01216342011618
1.68,rg60,3,1.0560661165650667,119.98617555908925
1.68,633,1,1.0109712199507273,-1.9996934679491305
1.68,633,2,1.0244017666246499,-122.03750348296039
1.68,633,3,1.009852294686207,118.15242369058754
1.68,634,1,0.989618924187173,-2.409063400601918
1.68,634,2,1.0084650591104423,-122.24094743656528
1.68,634,3,0.993678241963932,117.94297753594287
1.68,671,1,0.9794985289438113,-4.563875102010736
1.68,671,2,1.0361695124588044,-122.9261300153238
1.68,671,3,0.9773448935896308,116.64655437330799
1.68,645,2,1.0167401029453158,-122.203545936463
1.68,645,3,1.010101378960812,118.15465625822938
1.68,646,2,1.015037014478418,-122.28015444718702
1.68,646,3,1.008070675541816,118.1998396508527
1.68,692,1,0.979498520656551,-4.563874970268606
1.68,692,2,1.0361695113721037,-122.92613016164108
1.68,692,3,0.9773448870957887,116.6465544223765
1.68,675,1,0.9736461820710436,-4.769792210397136
1.68,675,2,1.0382464099184394,-123.1011356958197
1.68,675,3,0.9760234616259128,116.6665005793253
1.68,611,3,0.973244164143208,116.40605968683765
1.68,652,1,0.9716658144488223,-4.536187802772243
1.68,670,1,1.0022316603828016,-2.8095459192636727
1.68,670,2,1.0286452490999065,-122.33703195654343
1.68,670,3,0.9993645798468788,117.59857191395594
1.68,632,1,1.0136423033855853,-1.9607992403957029
1.68,632,2,1.0259659248551338,-122.01984138882693
1.68,632,3,1.012010093804,118.12950616476148
1.68,680,1,0.9796515214860905,-4.543547933463571
1.68,680,2,1.0362075447666226,-122.9074153842861
1.68,680,3,0.9774900464489304,116.66852523731264
1.68,684,1,0.9771845716471549,-4.61084345940287
1.68,684,3,0.9752435856545139,116.55210785193803
1.69,sourcebus,1,0.9999844792359435,29.993275231526912
1.69,sourcebus,2,0.9999926625934151,-90.008678459826
1.69,sourcebus,3,0.9999590410977235,149.99189229094233
1.69,650,1,0.9999260342628412,-0.00976013251610965
1.69,650,2,0.9999745140383658,-120.01011333907829
1.69,650,3,0.9999350975678734,119.98802549778934
1.69,rg60,1,1.0560604268629517,-0.011195266813252771
1.69,rg60,2,1.0373896482204636,-120.01216342030365
1.69,rg60,3,1.056066116600511,119.98617555629042
1.69,633,1,1.0109711861354724,-1.9996964092767084
1.69,633,2,1.0244018008198057,-122.03750356106698
1.69,633,3,1.009852285713982,118.15242500329663
1.69,634,1,0.9896188895954514,-2.4090663704568387
1.69,634,2,1.00846509387704,-122.240947500588
1.69,634,3,0.9936782328331357,117.94297884473634
1.69,671,1,0.9794984667540205,-4.563881352683737
1.69,671,2,1.0361695801554547,-122.92613012318718
1.69,671,3,0.9773448744102281,116.6465570681682
1.69,645,2,1.0167401372642362,-122.20354600495284
1.69,645,3,1.0101013698856025,118.15465757294685
1.69,646,2,1.0150370487874598,-122.28015451346633
1.69,646,3,1.0080706664750811,118.19984096905722
1.69,692,1,0.9794984584667596,-4.563881220941575
1.69,692,2,1.036169579068754,-122.92613026950445
1.69,692,3,0.9773448679163862,116.64655711723674
1.69,675,1,0.9736461193063658,-4.769798467694216
1.69,675,2,1.0382464775380837,-123.10113581930122
1.69,675,3,0.9760234428274763,116.66650327186218
1.69,611,3,0.973244145040393,116.40606237845813
1.69,652,1,0.9716657527303928,-4.536194048879253
1.69,670,1,1.0022316166256888,-2.809549920230276
1.69,670,2,1.0286452944329068,-122.33703204726233
1.69,670,3,0.9993645675493292,117.59857367728344
1.69,632,1,1.0136422696989509,-1.9608021804245892
1.69,632,2,1.0259659589674903,-122.01984146480494
1.69,632,3,1.0120100847875866,118.12950747441812
1.69,680,1,0.9796514602623551,-4.543554204564673
1.69,680,2,1.0362076133498954,-122.90741549900767
1.69,680,3,0.9774900282791774,116.66852790933739
1.69,684,1,0.9771845095781844,-4.610849705509877
1.69,684,3,0.9752435665786486,116.55211054497998
1.7,sourcebus,1,0.9999844791834639,29.99327522969888
1.7,sourcebus,2,0.999992662602912,-90.00867846001864
1.7,sourcebus,3,0.9999590411009519,149.9918922868566
1.7,650,1,0.9999260342124571,-0.009760138411269605
1.7,650,2,0.9999745140123532,-120.01011333905004
1.7,650,3,0.9999350975959314,119.98802549550606
1.7,rg60,1,1.0560604267487295,-0.011195274611778328
1.7,rg60,2,1.0373896481990765,-120.01216342048578
1.7,rg60,3,1.0560661166323826,119.98617555382279
1.7,633,1,1.0109711566566442,-1.9996989856151661
1.7,633,2,1.0244018308619067,-122.03750363016877
1.7,633,3,1.0098522779920769,118.15242614972685
1.7,634,1,0.9896188594394654,-2.4090689716691553
1.7,634,2,1.0084651244213645,-122.24094755731409
1.7,634,3,0.9936782249744692,117.94297998779277
1.7,671,1,0.9794984125592829,-4.563886826928592
1.7,671,2,1.0361696396295992,-122.92613021890557
1.7,671,3,0.9773448578871166,116.64655942197011
1.7,645,2,1.016740167414834,-122.20354606562728
1.7,645,3,1.0101013620726722,118.15465872114999
1.7,646,2,1.0150370789291778,-122.28015457220638
1.7,646,3,1.00807065866929,118.19984212031001
1.7,692,1,0.9794984042720213,-4.563886695186404
1.7,692,2,1.0361696385428985,-122.92613036522283
1.7,692,3,0.9773448513932744,116.64655947103867
1.7,675,1,0.973646064610431,-4.769803947685449
1.7,675,2,1.0382465369448513,-123.10113592865511
1.7,675,3,0.9760234266389249,116.66650562357994
1.7,611,3,0.9732441285849699,116.40606472945647
1.7,652,1,0.9716656989463084,-4.536199519112872
1.7,670,1,1.0022315784843765,-2.8095534245523184
1.7,670,2,1.0286453342599842,-122.33703212761449
1.7,670,3,0.9993645569609105,117.598575217324
1.7,632,1,1.0136422403324277,-1.9608047556343633
1.7,632,2,1.0259659889368895,-122.01984153204609
1.7,632,3,1.0120100770267375,118.1295086181805
1.7,680,1,0.9796514069681095,-4.543559698081812
1.7,680,2,1.0362076736534083,-122.9074156010434
1.7,680,3,0.9774900126989843,116.66853024182706
1.7,684,1,0.977184455488623,-4.610855175743502
1.7,684,3,0.9752435501464825,116.55211289720373
1.71,sourcebus,1,0.9999844791383374,29.993275228145844
1.71,sourcebus,2,0.9999926626121007,-90.00867846017165
1.71,sourcebus,3,0.9999590411041455,149.99189228330835
1.71,650,1,0.9999260341690922,-0.009760143509259368
1.71,650,2,0.9999745139907986,-120.0101133389753
1.71,650,3,0.9999350976211877,119.98802549351971
1.71,rg60,1,1.0560604266502265,-0.011195281366988578
1.71,rg60,2,1.037389648182264,-120.01216342058414
1.71,rg60,3,1.0560661166611949,119.98617555166504
1.71,633,1,1.0109711313183587,-1.9997012300371435
1.71,633,2,1.0244018572232492,-122.03750366717797
1.71,633,3,1.009852271264586,118.15242714078835
1.71,634,1,0.9896188335162799,-2.4090712375249153
1.71,634,2,1.008465151224008,-122.24094758345636
1.71,634,3,0.993678218128117,117.9429809759184
1.71,671,1,0.9794983660331575,-4.563891593932625
1.71,671,2,1.0361696917927699,-122.92613025570154
1.71,671,3,0.9773448435005052,116.64656145634152
1.71,645,2,1.0167401938701461,-122.2035460952182
1.71,645,3,1.0101013552648985,118.15465971378215
1.71,646,2,1.0150371053758902,-122.28015460008595
1.71,646,3,1.0080706518670568,118.19984311558534
1.71,692,1,0.9794983577458954,-4.563891462190411
1.71,692,2,1.0361696907060696,-122.9261304020188
1.71,692,3,0.9773448370066629,116.64656150541006
1.71,675,1,0.9736460176511476,-4.769808719667154
1.71,675,2,1.0382465890503423,-123.10113597732568
1.71,675,3,0.976023412541947,116.66650765621763
1.71,611,3,0.9732441142571582,116.4060667614118
1.71,652,1,0.9716656527724026,-4.536204282617216
1.71,670,1,1.0022315457140025,-2.809556476988246
1.71,670,2,1.028645369201291,-122.33703216658319
1.71,670,3,0.9993645477381043,117.59857654852286
1.71,632,1,1.0136422150916016,-1.9608069990837924
1.71,632,2,1.025966015234324,-122.01984156742417
1.71,632,3,1.0120100702653296,118.12950960691028
1.71,680,1,0.9796513612812945,-4.543564483270359
1.71,680,2,1.0362077265921963,-122.90741564366286
1.71,680,3,0.977489999193063,116.66853225631614
1.71,684,1,0.9771844090524642,-4.610859939247841
1.71,684,3,0.9752435358388936,116.55211493022573
1.72,sourcebus,1,0.9999844790983536,29.993275226712317
1.72,sourcebus,2,0.9999926626201546,-90.00867846033003
1.72,sourcebus,3,0.9999590411074551,149.99189228012867
1.72,650,1,0.9999260341310796,-0.009760148099439715
1.72,650,2,0.999974513971512,-120.01011333896793
1.72,650,3,0.9999350976439401,119.98802549173936
1.72,rg60,1,1.0560604265631033,-0.011195287455031433
1.72,rg60,2,1.0373896481668805,-120.0121634207558
1.72,rg60,3,1.0560661166872745,119.98617554972512
1.72,633,1,1.0109711086846918,-1.9997032346483063
1.72,633,2,1.024401880700891,-122.03750371990675
1.72,633,3,1.0098522654449593,118.15242802591203
1.72,634,1,0.9896188103666885,-2.4090732611594605
1.72,634,2,1.008465175092037,-122.24094762654032
1.72,634,3,0.9936782122059215,117.9429818585063
1.72,671,1,0.9794983244631592,-4.563895851928169
1.72,671,2,1.0361697382742814,-122.92613032785803
1.72,671,3,0.9773448310246402,116.6465632741196
1.72,645,2,1.0167402174320417,-122.20354614139583
1.72,645,3,1.0101013493732736,118.15466060032215
1.72,646,2,1.0150371289305058,-122.28015464476061
1.72,646,3,1.0080706459805406,118.19984400448726
1.72,692,1,0.9794983161758968,-4.563895720185935
1.72,692,2,1.0361697371875809,-122.92613047417531
1.72,692,3,0.9773448245307981,116.64656332318818
1.72,675,1,0.9736459756984258,-4.769812982027342
1.72,675,2,1.0382466354791269,-123.10113605996268
1.72,675,3,0.9760234003266162,116.66650947228183
1.72,611,3,0.9732441018350922,116.40606857706842
1.72,652,1,0.9716656115172159,-4.536208537460236
1.72,670,1,1.0022315164374553,-2.8095592033818915
1.72,670,2,1.0286454003273469,-122.33703222766795
1.72,670,3,0.9993645397514417,117.59857773768218
1.72,632,1,1.0136421925437242,-1.9608090028582192
1.72,632,2,1.0259660386559155,-122.019841618713
1.72,632,3,1.0120100644148362,118.12951048999295
1.72,680,1,0.979651320494044,-4.543568758366623
1.72,680,2,1.0362077737989415,-122.90741572119201
1.72,680,3,0.9774899875392603,116.66853405553326
1.72,684,1,0.9771843675629609,-4.610864194090858
1.72,684,3,0.9752435234342857,116.55211674680498
1.73,sourcebus,1,0.9999844790646971,29.993275225490933
1.73,sourcebus,2,0.9999926626275578,-90.00867846047299
1.73,sourcebus,3,0.9999590411106292,149.99189227740902
1.73,650,1,0.9999260340990995,-0.009760152015160591
1.73,650,2,0.9999745139557751,-120.01011333896454
1.73,650,3,0.9999350976639598,119.98802549020859
1.73,rg60,1,1.0560604264894067,-0.011195292652377425
1.73,rg60,2,1.0373896481547311,-120.01216342091747
1.73,rg60,3,1.0560661167103889,119.98617554804562
1.73,633,1,1.0109710893996717,-1.9997049436480037
1.73,633,2,1.024401900870328,-122.03750376894551
1.73,633,3,1.009852260669129,118.1524287794751
1.73,634,1,0.9896187906359265,-2.409074986482143
1.73,634,2,1.0084651956009036,-122.24094766724113
1.73,634,3,0.9936782073437197,117.94298260995926
1.73,671,1,0.9794982890485424,-4.563899481551979
1.73,671,2,1.0361697781993902,-122.92613039748
1.73,671,3,0.9773448207636471,116.64656482203195
1.73,645,2,1.0167402376739234,-122.2035461848294
1.73,645,3,1.010101344535091,118.15466135508692
1.73,646,2,1.0150371491659698,-122.28015468691622
1.73,646,3,1.0080706411464186,118.19984476126626
1.73,692,1,0.9794982807612795,-4.563899349809727
1.73,692,2,1.0361697771126896,-122.9261305437973
1.73,692,3,0.977344814269805,116.64656487110054
1.73,675,1,0.9736459399548584,-4.769816615345151
1.73,675,2,1.0382466753600113,-123.1011361385554
1.73,675,3,0.9760233902901749,116.66651101870167
1.73,611,3,0.9732440916202248,116.40607012319497
1.73,652,1,0.9716655763707385,-4.536212164402341
1.73,670,1,1.002231491494686,-2.8095615275751396
1.73,670,2,1.028645427064554,-122.33703228519184
1.73,670,3,0.9993645331912713,117.59857875013063
1.73,632,1,1.0136421733329162,-1.9608107111115618
1.73,632,2,1.0259660587761645,-122.01984166652811
1.73,632,3,1.0120100596128068,118.12951124178603
1.73,680,1,0.9796512858087425,-4.5435724041131955
1.73,680,2,1.0362078144023514,-122.90741579576644
1.73,680,3,0.9774899780461201,116.66853558612377
1.73,684,1,0.9771843322168626,-4.610867821032971
1.73,684,3,0.9752435132341267,116.55211829369836
1.74,sourcebus,1,0.9999844790350203,29.99327522439427
1.74,sourcebus,2,0.9999926626343905,-90.0086784606028
1.74,sourcebus,3,0.9999590411138223,149.99189227498414
1.74,650,1,0.999926034071118,-0.009760155510919181
1.74,650,2,0.999974513942069,-120.01011333896892
1.74,650,3,0.9999350976821821,119.98802548884446
1.74,rg60,1,1.0560604264244733,-0.011195297300078018
1.74,rg60,2,1.0373896481443212,-120.01216342107436
1.74,rg60,3,1.0560661167315126,119.98617554654318
1.74,633,1,1.0109710723562297,-1.9997064685514654
1.74,633,2,1.0244019188808409,-122.03750381120763
1.74,633,3,1.0098522564690258,118.15242944843254
1.74,634,1,0.9896187732024322,-2.409076525739875
1.74,634,2,1.0084652139109938,-122.24094770210347
1.74,634,3,0.9936782030698421,117.94298327708961
1.74,671,1,0.9794982577720763,-4.563902719606897
1.74,671,2,1.0361698138566506,-122.92613045640293
1.74,671,3,0.9773448117287824,116.64656619635157
1.74,645,2,1.016740255748655,-122.20354622209813
1.74,645,3,1.010101340278754,118.15466202513531
1.74,646,2,1.0150371672348317,-122.28015472304554
1.74,646,3,1.0080706368935346,118.19984543310545
1.74,692,1,0.9794982494848133,-4.563902587864628
1.74,692,2,1.0361698127699506,-122.9261306027202
1.74,692,3,0.9773448052349403,116.64656624542019
1.74,675,1,0.9736459083895981,-4.769819856633271
1.74,675,2,1.038246710977143,-123.10113620540668
1.74,675,3,0.9760233814558102,116.66651239163527
1.74,611,3,0.9732440826274983,116.40607149595776
1.74,652,1,0.9716655453309179,-4.536215400043739
1.74,670,1,1.00223146945519,-2.809563601324528
1.74,670,2,1.0286454509423009,-122.33703233446994
1.74,670,3,0.9993645274185338,117.59857964898288
1.74,632,1,1.0136421563545792,-1.9608122353879809
1.74,632,2,1.0259660767436904,-122.0198417076957
1.74,632,3,1.0120100553886833,118.12951190919188
1.74,680,1,0.9796512552125153,-4.54357565732102
1.74,680,2,1.0362078506935806,-122.90741585926128
1.74,680,3,0.9774899697279783,116.66853694427425
1.74,684,1,0.9771843010007454,-4.610871056674366
1.74,684,3,0.9752435042540092,116.5521196671287
1.75,sourcebus,1,0.999984479009249,29.993275223425485
1.75,sourcebus,2,0.9999926626406946,-90.00867846072089
1.75,sourcebus,3,0.9999590411169472,149.99189227284901
1.75,650,1,0.9999260340469568,-0.009760158588500805
1.75,650,2,0.9999745139304184,-120.01011333897809
1.75,650,3,0.9999350976986059,119.98802548764114
1.75,rg60,1,1.0560604263680073,-0.011195301397807517
1.75,rg60,2,1.0373896481357077,-120.0121634212243
1.75,rg60,3,1.0560661167506404,119.98617554521107
1.75,633,1,1.0109710574679776,-1.999707810512902
1.75,633,2,1.0244019347823725,-122.03750384828712
1.75,633,3,1.009852252856438,118.15243003445659
1.75,634,1,0.9896187579724026,-2.40907788025973
1.75,634,2,1.0084652300778991,-122.24094773263825
1.75,634,3,0.9936781993931894,117.94298386153409
1.75,671,1,0.9794982304672911,-4.5639055685329515
1.75,671,2,1.0361698453362707,-122.92613050799108
1.75,671,3,0.9773448039480299,116.64656740044148
1.75,645,2,1.0167402717068061,-122.20354625477945
1.75,645,3,1.0101013366162195,118.154662612127
1.75,646,2,1.0150371831876595,-122.28015475472498
1.75,646,3,1.0080706332338494,118.19984602166919
1.75,692,1,0.9794982221800275,-4.5639054367906695
1.75,692,2,1.0361698442495701,-122.92613065430834
1.75,692,3,0.9773447974541879,116.6465674495101
1.75,675,1,0.9736458808320967,-4.769822708372298
1.75,675,2,1.038246742421658,-123.10113626394546
1.75,675,3,0.9760233738517594,116.66651359448365
1.75,611,3,0.9732440748840353,116.40607269869749
1.75,652,1,0.9716655182326439,-4.5362182468402805
1.75,670,1,1.002231450206535,-2.8095654261419516
1.75,670,2,1.0286454720232834,-122.33703237768019
1.75,670,3,0.9993645224506144,117.59858043643173
1.75,632,1,1.0136421415234573,-1.9608135767996675
1.75,632,2,1.0259660926071343,-122.0198417438153
1.75,632,3,1.0120100517549184,118.12951249385151
1.75,680,1,0.9796512285419776,-4.543578520486552
1.75,680,2,1.0362078827657208,-122.907415915078
1.75,680,3,0.9774899626164069,116.66853813327691
1.75,684,1,0.9771842737485618,-4.610873903470912
1.75,684,3,0.9752434965214978,116.55212087044532
1.76,sourcebus,1,0.9999844789877992,29.993275222604897
1.76,sourcebus,2,0.9999926626464968,-90.00867846082762
1.76,sourcebus,3,0.9999590411199133,149.99189227103307
1.76,650,1,0.999926034026881,-0.009760161197777659
1.76,650,2,0.9999745139211561,-120.01011333898882
1.76,650,3,0.9999350977130625,119.98802548661125
1.76,rg60,1,1.056060426320711,-0.011195304875645382
1.76,rg60,2,1.0373896481292388,-120.01216342136499
1.76,rg60,3,1.0560661167676146,119.98617554406108
1.76,633,1,1.0109710448750064,-1.9997089472000695
1.76,633,2,1.024401948380033,-122.03750388312007
1.76,633,3,1.0098522499572842,118.15243052981076
1.76,634,1,0.9896187450877721,-2.4090790276166043
1.76,634,2,1.008465243904692,-122.2409477618461
1.76,634,3,0.9936781964410426,117.94298435559988
1.76,671,1,0.9794982073756989,-4.56390798133945
1.76,671,2,1.0361698722520776,-122.92613055844721
1.76,671,3,0.9773447976815722,116.64656841858329
1.76,645,2,1.016740285352852,-122.20354628587634
1.76,645,3,1.0101013336739257,118.15466310830442
1.76,646,2,1.0150371968290146,-122.28015478497643
1.76,646,3,1.0080706302937128,118.19984651917827
1.76,692,1,0.979498199088435,-4.563907849597158
1.76,692,2,1.0361698711653773,-122.9261307047645
1.76,692,3,0.9773447911877301,116.64656846765192
1.76,675,1,0.973645857525634,-4.769825123529108
1.76,675,2,1.0382467693081054,-123.1011363202923
1.76,675,3,0.9760233677368276,116.66651461153047
1.76,611,3,0.9732440686495443,116.40607371571791
1.76,652,1,0.9716654953156877,-4.536220657840995
1.76,670,1,1.002231433926685,-2.8095669717244767
1.76,670,2,1.028645490048584,-122.33703241884096
1.76,670,3,0.9993645184578397,117.59858110211277
1.76,632,1,1.0136421289793112,-1.960814713004791
1.76,632,2,1.0259661061716931,-122.01984177784053
1.76,632,3,1.0120100488378194,118.12951298803686
1.76,680,1,0.9796512060413984,-4.54358094670169
1.76,680,2,1.036207910235553,-122.90741596943363
1.76,680,3,0.9774899569748464,116.66853913734029
1.76,684,1,0.9771842507014442,-4.610876314471627
1.76,684,3,0.9752434902960652,116.55212188793566
1.77,sourcebus,1,0.9999844789683331,29.993275221844126
1.77,sourcebus,2,0.9999926626518693,-90.00867846092514
1.77,sourcebus,3,0.9999590411228922,149.99189226937136
1.77,650,1,0.9999260340088924,-0.009760163593891008
1.77,650,2,0.9999745139127569,-120.01011333900546
1.77,650,3,0.9999350977264879,119.98802548567234
1.77,rg60,1,1.0560604262779711,-0.011195308076362544
1.77,rg60,2,1.0373896481234117,-120.01216342150191
1.77,rg60,3,1.0560661167834033,119.98617554301056
1.77,633,1,1.0109710334906534,-1.9997099906405367
1.77,633,2,1.0244019608199058,-122.03750391181133
1.77,633,3,1.0098522472911038,118.15243098108554
1.77,634,1,0.9896187334444603,-2.409080080616032
1.77,634,2,1.0084652565499768,-122.24094778544581
1.77,634,3,0.9936781937288446,117.94298480572546
1.77,671,1,0.9794981865239365,-4.563910195660846
1.77,671,2,1.0361698968823503,-122.92613059803749
1.77,671,3,0.9773447919173981,116.64656934617115
1.77,645,2,1.0167402978365447,-122.20354631115033
1.77,645,3,1.0101013309679037,118.15466356035265
1.77,646,2,1.0150372093083193,-122.2801548094738
1.77,646,3,1.008070627589595,118.19984697244153
1.77,692,1,0.9794981782366727,-4.563910063918541
1.77,692,2,1.03616989579565,-122.92613074435478
1.77,692,3,0.9773447854235562,116.64656939523978
1.77,675,1,0.9736458364818958,-4.769827339957461
1.77,675,2,1.038246793910658,-123.10113636520947
1.77,675,3,0.9760233621109463,116.66651553807941
1.77,611,3,0.9732440629154823,116.40607464230422
1.77,652,1,0.9716654746214505,-4.5362228704849175
1.77,670,1,1.0022314192136303,-2.8095683904564526
1.77,670,2,1.0286455065419404,-122.3370324521951
1.77,670,3,0.9993645147850706,117.59858170860292
1.77,632,1,1.0136421176384551,-1.9608157560485673
1.77,632,2,1.0259661185824023,-122.0198418057859
1.77,632,3,1.0120100461545591,118.12951343827208
1.77,680,1,0.9796511857411622,-4.543583173587089
1.77,680,2,1.036207935383287,-122.90741601263514
1.77,680,3,0.9774899517937768,116.66854005178703
1.77,684,1,0.9771842298896702,-4.610878527115547
1.77,684,3,0.9752434845699146,116.55212281494481
1.78,sourcebus,1,0.9999844789517188,29.993275221181484
1.78,sourcebus,2,0.9999926626568301,-90.00867846101404
1.78,sourcebus,3,0.999959041125738,149.99189226792504
1.78,650,1,0.9999260339936238,-0.009760165676553812
1.78,650,2,0.999974513905862,-120.01011333902348
1.78,650,3,0.9999350977385145,119.98802548485182
1.78,rg60,1,1.0560604262413584,-0.011195310862673672
1.78,rg60,2,1.0373896481188918,-120.01216342163099
1.78,rg60,3,1.0560661167976262,119.98617554208593
1.78,633,1,1.0109710236667868,-1.999710897133131
1.78,633,2,1.0244019716931154,-122.03750393751369
1.78,633,3,1.0098522450638074,118.15243137125609
1.78,634,1,0.9896187233943445,-2.409080995408614
1.78,634,2,1.008465267605162,-122.24094780666633
1.78,634,3,0.9936781914615196,117.94298519491511
1.78,671,1,0.9794981685417214,-4.563912118799619
1.78,671,2,1.036169918405912,-122.92613063400309
1.78,671,3,0.9773447870917639,116.64657014829831
1.78,645,2,1.016740308748132,-122.2035463338759
1.78,645,3,1.0101013287056053,118.15466395119721
1.78,646,2,1.0150372202159508,-122.28015483152566
1.78,646,3,1.0080706253287712,118.19984736433963
1.78,692,1,0.9794981602544575,-4.563911987057304
1.78,692,2,1.036169917319212,-122.92613078032039
1.78,692,3,0.9773447805979217,116.64657019736697
1.78,675,1,0.973645818332748,-4.7698292649092355
1.78,675,2,1.0382468154106375,-123.10113640580042
1.78,675,3,0.9760233574058985,116.66651633929384
1.78,611,3,0.9732440581159391,116.406075443573
1.78,652,1,0.971665456775046,-4.536224792167215
1.78,670,1,1.0022314065203701,-2.8095696228415443
1.78,670,2,1.028645520956308,-122.3370324822197
1.78,670,3,0.9993645117141869,117.59858223298795
1.78,632,1,1.0136421078526308,-1.9608166621834813
1.78,632,2,1.0259661294295885,-122.0198418308455
1.78,632,3,1.0120100439126039,118.12951382752964
1.78,680,1,0.9796511682731024,-4.543585108521693
1.78,680,2,1.0362079573903755,-122.90741605194633
1.78,680,3,0.9774899475125952,116.66854084165502
1.78,684,1,0.9771842119419037,-4.610880448797848
1.78,684,3,0.9752434797772382,116.55212361657296
1.79,sourcebus,1,0.9999844789374791,29.99327522060021
1.79,sourcebus,2,0.9999926626614121,-90.0086784610949
1.79,sourcebus,3,0.999959041128473,149.99189226666
1.79,650,1,0.999926033980639,-0.009760167496917984
1.79,650,2,0.9999745139001827,-120.01011333904304
1.79,650,3,0.9999350977493469,119.98802548413207
1.79,rg60,1,1.0560604262098878,-0.011195313302332631
1.79,rg60,2,1.037389648115401,-120.01216342175327
1.79,rg60,3,1.056066116810509,119.98617554126926
1.79,633,1,1.0109710151578175,-1.9997116887729864
1.79,633,2,1.0244019812386698,-122.03750396052935
1.79,633,3,1.0098522431982213,118.1524317102523
1.79,634,1,0.9896187146896034,-2.4090817942339275
1.79,634,2,1.008465277310255,-122.24094782575015
1.79,634,3,0.9936781895624333,117.94298553309012
1.79,671,1,0.9794981529767753,-4.5639137979056965
1.79,671,2,1.0361699373017945,-122.92613066645747
1.79,671,3,0.9773447830372766,116.64657084540906
1.79,645,2,1.0167403183272208,-122.20354635429064
1.79,645,3,1.010101326808959,118.15466429078977
1.79,646,2,1.015037229791464,-122.28015485135344
1.79,646,3,1.0080706234332566,118.19984770484965
1.79,692,1,0.979498144689511,-4.5639136661633755
1.79,692,2,1.0361699362150945,-122.92613081277477
1.79,692,3,0.9773447765434342,116.64657089447769
1.79,675,1,0.9736458026233729,-4.7698309455657055
1.79,675,2,1.0382468342858753,-123.10113644226884
1.79,675,3,0.9760233534573495,116.66651703557524
1.79,611,3,0.9732440540846646,116.40607613995445
1.79,652,1,0.9716654413275889,-4.536226469993918
1.79,670,1,1.0022313955283253,-2.8095706990079186
1.79,670,2,1.0286455336108145,-122.33703250918055
1.79,670,3,0.9993645091384917,117.598582688643
1.79,632,1,1.013642099376665,-1.9608174535176557
1.79,632,2,1.0259661389523862,-122.01984185330114
1.79,632,3,1.0120100420340234,118.12951416573287
1.79,680,1,0.9796511531875733,-4.543586798700862
1.79,680,2,1.0362079767380552,-122.90741608749497
1.79,680,3,0.9774899439663345,116.66854152732556
1.79,684,1,0.97718419640671,-4.610882126624546
1.79,684,3,0.9752434757517248,116.55212431325614
1.8,sourcebus,1,0.9999844789260478,29.993275220119738
1.8,sourcebus,2,0.9999926626656324,-90.00867846116796
1.8,sourcebus,3,0.9999590411310258,149.99189226560657
1.8,650,1,0.9999260339702487,-0.009760169004766487
1.8,650,2,0.9999745138960473,-120.01011333906175
1.8,650,3,0.9999350977588126,119.98802548352668
1.8,rg60,1,1.0560604261843323,-0.011195315326235968
1.8,rg60,2,1.037389648113281,-120.0121634218669
1.8,rg60,3,1.0560661168218837,119.98617554057346
1.8,633,1,1.0109710081301488,-1.9997123434147843
1.8,633,2,1.0244019892537968,-122.03750398296341
1.8,633,3,1.0098522418083262,118.15243198978973
1.8,634,1,0.9896187074980894,-2.40908245484999
1.8,634,2,1.008465285461176,-122.24094784485898
1.8,634,3,0.9936781881462232,117.94298581199786
1.8,671,1,0.9794981401236664,-4.563915186180041
1.8,671,2,1.0361699531659738,-122.92613069999796
1.8,671,3,0.9773447799919135,116.64657142059224
1.8,645,2,1.0167403263704617,-122.20354637456435
1.8,645,3,1.0101013253925708,118.15466457082374
1.8,646,2,1.0150372378315833,-122.28015487114499
1.8,646,3,1.0080706220175677,118.19984798564259
1.8,692,1,0.9794981318364021,-4.563915054437714
1.8,692,2,1.0361699520792738,-122.92613084631527
1.8,692,3,0.9773447734980714,116.6465714696609
1.8,675,1,0.973645789650059,-4.769832335090719
1.8,675,2,1.038246850133272,-123.10113647913198
1.8,675,3,0.9760233505014526,116.6665176100285
1.8,611,3,0.973244051058921,116.4060767145562
1.8,652,1,0.9716654285714927,-4.536227857207857
1.8,670,1,1.0022313864507333,-2.809571588857373
1.8,670,2,1.0286455442353353,-122.33703253600082
1.8,670,3,0.9993645072129023,117.59858306444545
1.8,632,1,1.0136420923766858,-1.9608181078923614
1.8,632,2,1.0259661469479517,-122.01984187527664
1.8,632,3,1.0120100406333339,118.12951444460282
1.8,680,1,0.9796511407811822,-4.543588197390881
1.8,680,2,1.0362079930245696,-122.90741612389058
1.8,680,3,0.9774899413955108,116.66854209183367
1.8,684,1,0.9771841835781633,-4.610883513838486
1.8,684,3,0.9752434727305122,116.55212488808907
1.81,sourcebus,1,0.9999844789151074,29.99327521965075
1.81,sourcebus,2,0.9999926626695562,-90.0086784612352
1.81,sourcebus,3,0.9999590411335898,149.99189226460086
1.81,650,1,0.9999260339605006,-0.009760170455037165
1.81,650,2,0.9999745138919278,-120.0101133390847
1.81,650,3,0.9999350977678478,119.98802548295443
1.81,rg60,1,1.0560604261601563,-0.011195317277729938
1.81,rg60,2,1.037389648111021,-120.01216342197787
1.81,rg60,3,1.0560661168327152,119.98617553991714
1.81,633,1,1.0109710015217956,-1.9997129730805838
1.81,633,2,1.0244019968749658,-122.0375040002654
1.81,633,3,1.0098522404054697,118.15243225595414
1.81,634,1,0.9896187007409598,-2.4090830900361153
1.81,634,2,1.0084652932067653,-122.24094785906013
1.81,634,3,0.9936781867199844,117.94298607756842
1.81,671,1,0.9794981280579609,-4.563916521123817
1.81,671,2,1.036169968257275,-122.92613072359573
1.81,671,3,0.9773447769278543,116.64657196817427
1.81,645,2,1.0167403340179624,-122.20354638980385
1.81,645,3,1.0101013239643304,118.15466483748035
1.81,646,2,1.0150372454760785,-122.28015488591905
1.81,646,3,1.00807062059003,118.19984825302257
1.81,692,1,0.9794981197706966,-4.563916389381483
1.81,692,2,1.0361699671705746,-122.92613086991302
1.81,692,3,0.9773447704340118,116.64657201724295
1.81,675,1,0.973645777473833,-4.76983367120385
1.81,675,2,1.038246865207574,-123.10113650585123
1.81,675,3,0.9760233475220224,116.66651815689387
1.81,611,3,0.9732440480142941,116.40607726159591
1.81,652,1,0.9716654165967006,-4.536229191114331
1.81,670,1,1.0022313779183036,-2.8095724447431896
1.81,670,2,1.0286455543407829,-122.337032556052
1.81,670,3,0.9993645052714986,117.59858342228716
1.81,632,1,1.013642085793595,-1.9608187373493768
1.81,632,2,1.0259661545517487,-122.01984189213134
1.81,632,3,1.0120100392195381,118.12951471016069
1.81,680,1,0.9796511291325838,-4.54358954206528
1.81,680,2,1.0362080085100571,-122.90741615014063
1.81,680,3,0.9774899387740899,116.66854262945107
1.81,684,1,0.9771841715353581,-4.6108848477449556
1.81,684,3,0.9752434696899549,116.55212543535038
1.82,sourcebus,1,0.9999844789064712,29.993275219267005
1.82,sourcebus,2,0.9999926626732275,-90.00867846132873
1.82,sourcebus,3,0.9999590411354942,149.9918922637515
1.82,650,1,0.9999260339525178,-0.009760171646594101
1.82,650,2,0.9999745138892692,-120.01011333912103
1.82,650,3,0.9999350977753492,119.98802548242405
1.82,rg60,1,1.056060426140462,-0.011195318883531485
1.82,rg60,2,1.0373896481100837,-120.01216342209524
1.82,rg60,3,1.056066116841372,119.98617553928985
1.82,633,1,1.010970996315049,-1.9997134884239196
1.82,633,2,1.024402003138647,-122.03750400887738
1.82,633,3,1.009852239191135,118.15243244991917
1.82,634,1,0.9896186954108783,-2.4090836098421664
1.82,634,2,1.0084652995774241,-122.24094786506268
1.82,634,3,0.9936781854837415,117.94298627099705
1.82,671,1,0.9794981185892514,-4.5639176121287
1.82,671,2,1.0361699806447173,-122.92613073197168
1.82,671,3,0.9773447743200734,116.64657236626246
1.82,645,2,1.0167403403026039,-122.2035463966828
1.82,645,3,1.0101013227295164,118.1546650318413
1.82,646,2,1.0150372517576551,-122.28015489239802
1.82,646,3,1.0080706193553426,118.19984844795756
1.82,692,1,0.979498110301987,-4.56391748038636
1.82,692,2,1.036169979558017,-122.92613087828897
1.82,692,3,0.9773447678262311,116.6465724153311
1.82,675,1,0.973645767914125,-4.769834763193389
1.82,675,2,1.0382468775833118,-123.10113651681094
1.82,675,3,0.976023344980113,116.66651855456233
1.82,611,3,0.9732440454208059,116.40607765923052
1.82,652,1,0.9716654071992735,-4.536230281316409
1.82,670,1,1.0022313712054494,-2.809573144854641
1.82,670,2,1.0286455626411468,-122.33703256509152
1.82,670,3,0.9993645036028149,117.5985836827468
1.82,632,1,1.013642080608031,-1.96081925248496
1.82,632,2,1.0259661607998816,-122.0198419003812
1.82,632,3,1.0120100379972448,118.12951490359897
1.82,680,1,0.9796511200523706,-4.543590642216121
1.82,680,2,1.0362080212658085,-122.9074161609733
1.82,680,3,0.9774899365799112,116.66854301826223
1.82,684,1,0.9771841620845567,-4.610885937947041
1.82,684,3,0.9752434671001997,116.55212583318016
1.83,sourcebus,1,0.9999844788987539,29.993275218914658
1.83,sourcebus,2,0.9999926626765765,-90.00867846138496
1.83,sourcebus,3,0.9999590411377853,149.99189226299805
1.83,650,1,0.9999260339457834,-0.009760172729069524
1.83,650,2,0.9999745138867824,-120.0101133391438
1.83,650,3,0.9999350977826164,119.98802548199056
1.83,rg60,1,1.0560604261232083,-0.011195320346279843
1.83,rg60,2,1.0373896481091816,-120.01216342219341
1.83,rg60,3,1.056066116850192,119.98617553878334
1.83,633,1,1.0109709914863174,-1.999713957371419
1.83,633,2,1.0244020089094223,-122.03750402325613
1.83,633,3,1.0098522382820556,118.15243264550001
1.83,634,1,0.9896186904733429,-2.409084082824452
1.83,634,2,1.0084653054430983,-122.24094787708425
1.83,634,3,0.9936781845578551,117.9429864661718
1.83,671,1,0.9794981097864955,-4.563918605747601
1.83,671,2,1.0361699920709786,-122.92613075244805
1.83,671,3,0.9773447723131578,116.64657276897972
1.83,645,2,1.0167403460931597,-122.2035464095246
1.83,645,3,1.010101321800965,118.15466522780285
1.83,646,2,1.015037257545772,-122.28015490489533
1.83,646,3,1.0080706184270547,118.19984864445468
1.83,692,1,0.979498101499231,-4.563918474005257
1.83,692,2,1.0361699909842785,-122.92613089876531
1.83,692,3,0.9773447658193156,116.64657281804838
1.83,675,1,0.973645759030646,-4.769835757645514
1.83,675,2,1.038246888997196,-123.10113653957346
1.83,675,3,0.9760233430367334,116.66651895670456
1.83,611,3,0.9732440434285307,116.40607806156505
1.83,652,1,0.9716653984628397,-4.53623127415426
1.83,670,1,1.002231364973771,-2.8095737821476705
1.83,670,2,1.0286455702926351,-122.33703258200744
1.83,670,3,0.9993645023389326,117.5985839457749
1.83,632,1,1.0136420757978275,-1.9608197212773486
1.83,632,2,1.0259661665574031,-122.01984191443515
1.83,632,3,1.012010037080057,118.1295150987328
1.83,680,1,0.9796511116121751,-4.543591644397297
1.83,680,2,1.0362080330361105,-122.90741618372496
1.83,680,3,0.9774899349586967,116.66854341230875
1.83,684,1,0.9771841532985026,-4.610886930784886
1.83,684,3,0.9752434651108339,116.55212623566484
1.84,sourcebus,1,0.9999844788924809,29.993275218578116
1.84,sourcebus,2,0.9999926626792193,-90.00867846145702
1.84,sourcebus,3,0.9999590411399687,149.99189226235134
1.84,650,1,0.9999260339405304,-0.009760173671374243
1.84,650,2,0.9999745138846455,-120.01011333922115
1.84,650,3,0.9999350977888126,119.9880254816138
1.84,rg60,1,1.0560604261090925,-0.011195321617113315
1.84,rg60,2,1.0373896481080145,-120.01216342236144
1.84,rg60,3,1.056066116857839,119.9861755383383
1.84,633,1,1.0109709872556836,-1.9997143475563866
1.84,633,2,1.0244020137058438,-122.03750406189661
1.84,633,3,1.009852237779954,118.15243281231298
1.84,634,1,0.989618686146304,-2.409084476563714
1.84,634,2,1.008465310320549,-122.24094791373737
1.84,634,3,0.9936781840449883,117.94298663274101
1.84,671,1,0.9794981020350342,-4.563919433492805
1.84,671,2,1.0361700015875894,-122.92613082286341
1.84,671,3,0.977344771146896,116.64657311336664
1.84,645,2,1.0167403509070965,-122.20354644694548
1.84,645,3,1.0101013212821035,118.15466539491506
1.84,646,2,1.0150372623582005,-122.2801549420602
1.84,646,3,1.008070617908636,118.1998488120222
1.84,692,1,0.9794980937477693,-4.563919301750459
1.84,692,2,1.0361700005008891,-122.9261309691807
1.84,692,3,0.9773447646530539,116.6465731624353
1.84,675,1,0.9736457512091264,-4.7698365860361065
1.84,675,2,1.0382468985028668,-123.10113661187744
1.84,675,3,0.9760233419279554,116.66651930045533
1.84,611,3,0.973244042275619,116.4060784056587
1.84,652,1,0.9716653907699642,-4.536232101245807
1.84,670,1,1.0022313595049284,-2.8095743125821886
1.84,670,2,1.0286455766564613,-122.33703263173358
1.84,670,3,0.9993645016252717,117.59858417033433
1.84,632,1,1.0136420715833523,-1.9608201113115313
1.84,632,2,1.0259661713423192,-122.01984195281999
1.84,632,3,1.0120100365709086,118.12951526516736
1.84,680,1,0.9796511041986735,-4.543592480165137
1.84,680,2,1.0362080428742477,-122.90741625624443
1.84,680,3,0.97748993415242,116.6685437485948
1.84,684,1,0.9771841455619338,-4.6108877578764345
1.84,684,3,0.9752434639598141,116.55212657985005
1.85,sourcebus,1,0.9999844788870078,29.99327521830916
1.85,sourcebus,2,0.9999926626820943,-90.0086784615035
1.85,sourcebus,3,0.9999590411420329,149.99189226177938
1.85,650,1,0.9999260339358986,-0.00976017449083227
1.85,650,2,0.9999745138832316,-120.01011333924271
1.85,650,3,0.9999350977947554,119.98802548128211
1.85,rg60,1,1.056060426096714,-0.011195322729713304
1.85,rg60,2,1.0373896481079545,-120.01216342244767
1.85,rg60,3,1.0560661168651424,119.98617553794317
1.85,633,1,1.0109709836921477,-1.999714701495839
1.85,633,2,1.0244020181338647,-122.03750407385768
1.85,633,3,1.009852237209761,118.15243295794747
1.85,634,1,0.9896186824995672,-2.4090848335358004
1.85,634,2,1.0084653148219167,-122.24094792388358
1.85,634,3,0.9936781834653382,117.94298677813437
1.85,671,1,0.9794980955542445,-4.563920182928127
1.85,671,2,1.0361700103536884,-122.92613084037642
1.85,671,3,0.9773447698636387,116.64657341342487
1.85,645,2,1.0167403553501193,-122.20354645773475
1.85,645,3,1.010101320696268,118.15466554083366
1.85,646,2,1.0150372667992236,-122.2801549525919
1.85,646,3,1.008070617322786,118.19984895834193
1.85,692,1,0.9794980872669794,-4.563920051185775
1.85,692,2,1.036170009266988,-122.9261309866937
1.85,692,3,0.9773447633697966,116.6465734624935
1.85,675,1,0.9736457446674606,-4.769837336053442
1.85,675,2,1.0382469072595384,-123.10113663112064
1.85,675,3,0.9760233406946124,116.66651960004114
1.85,611,3,0.9732440410043091,116.40607870546334
1.85,652,1,0.9716653843377889,-4.53623285008792
1.85,670,1,1.0022313549100952,-2.8095747934683777
1.85,670,2,1.0286455825270042,-122.33703264593832
1.85,670,3,0.9993645008255808,117.59858436622449
1.85,632,1,1.0136420680341733,-1.9608204651341594
1.85,632,2,1.0259661757599952,-122.01984196452982
1.85,632,3,1.0120100359941469,118.12951541045399
1.85,680,1,0.9796510980332322,-4.543593237110169
1.85,680,2,1.036208051940365,-122.90741627571396
1.85,680,3,0.9774899332051766,116.6685440410966
1.85,684,1,0.9771841390932258,-4.610888506718549
1.85,684,3,0.9752434626902124,116.55212687974777
1.86,sourcebus,1,0.9999844788824267,29.99327521807391
1.86,sourcebus,2,0.9999926626847566,-90.00867846154615
1.86,sourcebus,3,0.9999590411439839,149.991892261281
1.86,650,1,0.9999260339320956,-0.009760175203836225
1.86,650,2,0.9999745138822285,-120.01011333926387
1.86,650,3,0.9999350978001303,119.98802548099148
1.86,rg60,1,1.056060426086278,-0.011195323700546945
1.86,rg60,2,1.0373896481082043,-120.01216342252877
1.86,rg60,3,1.0560661168717815,119.98617553759335
1.86,633,1,1.0109709806417009,-1.999715009130648
1.86,633,2,1.024402022015799,-122.03750408451569
1.86,633,3,1.0098522367631617,118.15243308328058
1.86,634,1,0.9896186793787091,-2.409085143750779
1.86,634,2,1.008465318768732,-122.24094793294262
1.86,634,3,0.9936781830104185,117.94298690326686
1.86,671,1,0.9794980900131062,-4.563920834029301
1.86,671,2,1.0361700180379212,-122.92613085612629
1.86,671,3,0.9773447688484289,116.64657367179815
1.86,645,2,1.0167403592452156,-122.20354646737592
1.86,645,3,1.0101013202359108,118.15466566642345
1.86,646,2,1.0150372706924988,-122.28015496200977
1.86,646,3,1.0080706168623137,118.19984908427877
1.86,692,1,0.9794980817258415,-4.563920702286948
1.86,692,2,1.0361700169512211,-122.92613100244358
1.86,692,3,0.9773447623545867,116.64657372086684
1.86,675,1,0.9736457390746746,-4.7698379876453405
1.86,675,2,1.0382469149357174,-123.10113664834682
1.86,675,3,0.9760233397226256,116.66651985798687
1.86,611,3,0.9732440399994706,116.4060789636227
1.86,652,1,0.971665378838245,-4.536233500668076
1.86,670,1,1.002231350978096,-2.8095752113779273
1.86,670,2,1.028645587673287,-122.33703265864257
1.86,670,3,0.9993645001964935,117.59858453484402
1.86,632,1,1.0136420649958926,-1.9608207726690596
1.86,632,2,1.0259661796328174,-122.01984197497568
1.86,632,3,1.0120100355419228,118.1295155354905
1.86,680,1,0.9796510927861342,-4.5435938952479376
1.86,680,2,1.0362080599048071,-122.90741629327964
1.86,680,3,0.9774899325035733,116.66854429242335
1.86,684,1,0.9771841335624464,-4.610889157298705
1.86,684,3,0.9752434616868514,116.55212713798338
1.87,sourcebus,1,0.9999844788782661,29.99327521785463
1.87,sourcebus,2,0.9999926626872291,-90.00867846158546
1.87,sourcebus,3,0.9999590411458609,149.99189226082254
1.87,650,1,0.9999260339287168,-0.00976017586211617
1.87,650,2,0.9999745138813357,-120.0101133392854
1.87,650,3,0.9999350978051379,119.98802548072509
1.87,rg60,1,1.056060426076848,-0.011195324598916166
1.87,rg60,2,1.0373896481084717,-120.01216342260581
1.87,rg60,3,1.056066116877971,119.98617553727189
1.87,633,1,1.0109709778791236,-1.999715293047446
1.87,633,2,1.0244020255861077,-122.03750409333504
1.87,633,3,1.0098522363494333,118.15243319787233
1.87,634,1,0.9896186765533403,-2.4090854299862725
1.87,634,2,1.0084653223978604,-122.24094794030239
1.87,634,3,0.9936781825895122,117.94298701767967
1.87,671,1,0.9794980850031004,-4.563921434734214
1.87,671,2,1.0361700251063335,-122.92613086860159
1.87,671,3,0.9773447679083294,116.64657390803721
1.87,645,2,1.0167403628275327,-122.2035464752597
1.87,645,3,1.010101319809445,118.15466578125653
1.87,646,2,1.0150372742731086,-122.28015496968727
1.87,646,3,1.0080706164357176,118.19984919942983
1.87,692,1,0.9794980767158351,-4.563921302991859
1.87,692,2,1.0361700240196334,-122.9261310149189
1.87,692,3,0.977344761414487,116.64657395710587
1.87,675,1,0.9736457340183707,-4.769838588790945
1.87,675,2,1.0382469219965513,-123.10113666216371
1.87,675,3,0.9760233388221042,116.66652009382526
1.87,611,3,0.9732440390690793,116.40607919967096
1.87,652,1,0.9716653738657953,-4.536234100887536
1.87,670,1,1.0022313474187903,-2.809575597038494
1.87,670,2,1.028645592406984,-122.33703266900179
1.87,670,3,0.9993644996137027,117.59858468902192
1.87,632,1,1.013642062244212,-1.9608210565044195
1.87,632,2,1.025966183194987,-122.0198419835985
1.87,632,3,1.0120100351228865,118.12951564981648
1.87,680,1,0.9796510880504923,-4.543594502530053
1.87,680,2,1.0362080672347755,-122.90741630744328
1.87,680,3,0.9774899318560846,116.66854452208726
1.87,684,1,0.9771841285617546,-4.610889757518163
1.87,684,3,0.9752434607577459,116.55212737410032
1.8800000000000001,sourcebus,1,0.999984478874979,29.993275217669854
1.8800000000000001,sourcebus,2,0.9999926626895183,-90.00867846162137
1.8800000000000001,sourcebus,3,0.9999590411476115,149.9918922604355
1.8800000000000001,650,1,0.9999260339261186,-0.00976017641518315
1.8800000000000001,650,2,0.9999745138808754,-120.0101133393056
1.8800000000000001,650,3,0.9999350978096025,119.98802548049765
1.8800000000000001,rg60,1,1.0560604260692734,-0.01119532535628441
1.8800000000000001,rg60,2,1.0373896481090854,-120.01216342267746
1.8800000000000001,rg60,3,1.056066116883535,119.98617553699307
1.8800000000000001,633,1,1.010970975596462,-1.999715531088278
1.8800000000000001,633,2,1.0244020286312698,-122.03750410171843
1.8800000000000001,633,3,1.0098522360732434,118.15243329291287
1.8800000000000001,634,1,0.9896186742174865,-2.409085669967105
1.8800000000000001,634,2,1.0084653254943303,-122.2409479474261
1.8800000000000001,634,3,0.9936781823077662,117.94298711259073
1.8800000000000001,671,1,0.979498080869673,-4.563921938089471
1.8800000000000001,671,2,1.0361700311331201,-122.92613088101297
1.8800000000000001,671,3,0.9773447672633124,116.64657410411594
1.8800000000000001,645,2,1.0167403658829401,-122.20354648285418
1.8800000000000001,645,3,1.0101013195222208,118.15466587650177
1.8800000000000001,646,2,1.015037277326988,-122.28015497710997
1.8800000000000001,646,3,1.0080706161482562,118.19984929494062
1.8800000000000001,692,1,0.9794980725824082,-4.563921806347113
1.8800000000000001,692,2,1.03617003004642,-122.92613102733026
1.8800000000000001,692,3,0.9773447607694701,116.64657415318463
1.8800000000000001,675,1,0.9736457298461193,-4.769839092499154
1.8800000000000001,675,2,1.0382469280171944,-123.10113667569624
1.8800000000000001,675,3,0.9760233382108684,116.66652028955146
1.8800000000000001,611,3,0.973244038432323,116.40607939560066
1.8800000000000001,652,1,0.9716653697633266,-4.536234603834562
1.8800000000000001,670,1,1.0022313444794337,-2.809575920309693
1.8800000000000001,670,2,1.0286455964436143,-122.3370326790054
1.8800000000000001,670,3,0.9993644992198639,117.59858481692137
1.8800000000000001,632,1,1.0136420599708167,-1.9608212944708523
1.8800000000000001,632,2,1.0259661862329512,-122.0198419918199
1.8800000000000001,632,3,1.0120100348422685,118.1295157446293
1.8800000000000001,680,1,0.9796510841728455,-4.543595012047342
1.8800000000000001,680,2,1.0362080735058365,-122.90741632142161
1.8800000000000001,680,3,0.9774899314842106,116.66854471203227
1.8800000000000001,684,1,0.977184124435985,-4.610890260465187
1.8800000000000001,684,3,0.9752434601219863,116.55212757007975
1.8900000000000001,sourcebus,1,0.9999844788725618,29.993275217519795
1.8900000000000001,sourcebus,2,0.9999926626915805,-90.00867846162164
1.8900000000000001,sourcebus,3,0.9999590411496986,149.99189226013803
1.8900000000000001,650,1,0.9999260339246118,-0.009760176861864535
1.8900000000000001,650,2,0.9999745138806702,-120.01011333930896
1.8900000000000001,650,3,0.9999350978139047,119.98802548036043
1.8900000000000001,rg60,1,1.056060426063864,-0.011195325971375262
1.8900000000000001,rg60,2,1.037389648109871,-120.01216342272883
1.8900000000000001,rg60,3,1.056066116889368,119.98617553682637
1.8900000000000001,633,1,1.0109709735891517,-1.999715723860289
1.8900000000000001,633,2,1.0244020312515631,-122.03750411847273
1.8900000000000001,633,3,1.009852236143556,118.15243339177862
1.8900000000000001,634,1,0.9896186721645015,-2.4090858644241524
1.8900000000000001,634,2,1.0084653281584888,-122.24094796309984
1.8900000000000001,634,3,0.9936781823773231,117.94298721146126
1.8900000000000001,671,1,0.9794980772036145,-4.5639223466267085
1.8900000000000001,671,2,1.036170036327803,-122.92613091077357
1.8900000000000001,671,3,0.9773447673021668,116.64657430937082
1.8900000000000001,645,2,1.0167403685128367,-122.20354649899687
1.8900000000000001,645,3,1.0101013195822053,118.15466597554291
1.8900000000000001,646,2,1.0150372799559775,-122.28015499313682
1.8900000000000001,646,3,1.0080706162081197,118.19984939421411
1.8900000000000001,692,1,0.9794980689163494,-4.5639222148843475
1.8900000000000001,692,2,1.0361700352411034,-122.92613105709088
1.8900000000000001,692,3,0.9773447608083247,116.64657435843948
1.8900000000000001,675,1,0.97364572614759,-4.769839501255405
1.8900000000000001,675,2,1.0382469332055055,-123.10113670634752
1.8900000000000001,675,3,0.976023338282784,116.66652049430614
1.8900000000000001,611,3,0.9732440384797332,116.40607960077229
1.8900000000000001,652,1,0.971665366124786,-4.536235011995982
1.8900000000000001,670,1,1.002231341887179,-2.809576182288763
1.8900000000000001,670,2,1.028645599919114,-122.33703270037415
1.8900000000000001,670,3,0.9993644992861935,117.59858495032988
1.8900000000000001,632,1,1.0136420579712877,-1.9608214871882368
1.8900000000000001,632,2,1.0259661888472655,-122.01984200844848
1.8900000000000001,632,3,1.0120100349081864,118.12951584331665
1.8900000000000001,680,1,0.9796510807453249,-4.543595426358589
1.8900000000000001,680,2,1.036208078928772,-122.90741635263231
1.8900000000000001,680,3,0.9774899317777965,116.66854491154702
1.8900000000000001,684,1,0.9771841207767786,-4.610890668626613
1.8900000000000001,684,3,0.9752434601696203,116.55212777525402
1.9000000000000001,sourcebus,1,0.9999844788696396,29.9932752173506
1.9000000000000001,sourcebus,2,0.9999926626935652,-90.00867846165183
1.9000000000000001,sourcebus,3,0.9999590411513307,149.99189225979484
1.9000000000000001,650,1,0.9999260339224096,-0.009760177357990367
1.9000000000000001,650,2,0.9999745138801805,-120.01011333932927
1.9000000000000001,650,3,0.9999350978178817,119.9880254801621
1.9000000000000001,rg60,1,1.0560604260572797,-0.011195326653232704
1.9000000000000001,rg60,2,1.0373896481103035,-120.01216342279349
1.9000000000000001,rg60,3,1.0560661168943177,119.98617553658347
1.9000000000000001,633,1,1.0109709716180793,-1.999715937292912
1.9000000000000001,633,2,1.0244020339363122,-122.03750412383803
1.9000000000000001,633,3,1.0098522358661195,118.15243347577228
1.9000000000000001,634,1,0.9896186701492596,-2.4090860795001414
1.9000000000000001,634,2,1.008465330886297,-122.24094796738311
1.9000000000000001,634,3,0.9936781820970517,117.94298729536041
1.9000000000000001,671,1,0.9794980736471932,-4.563922797761831
1.9000000000000001,671,2,1.0361700416442323,-122.92613091751633
1.9000000000000001,671,3,0.9773447666613763,116.64657448258562
1.9000000000000001,645,2,1.0167403712064276,-122.2035465036581
1.9000000000000001,645,3,1.0101013192947075,118.15466605972227
1.9000000000000001,646,2,1.0150372826481993,-122.28015499764359
1.9000000000000001,646,3,1.0080706159204236,118.19984947862807
1.9000000000000001,692,1,0.979498065359928,-4.56392266601947
1.9000000000000001,692,2,1.036170040557532,-122.92613106383364
1.9000000000000001,692,3,0.9773447601675342,116.64657453165427
1.9000000000000001,675,1,0.9736457225585206,-4.769839952682469
1.9000000000000001,675,2,1.0382469385158504,-123.10113671407103
1.9000000000000001,675,3,0.9760233376722229,116.66652066719327
1.9000000000000001,611,3,0.9732440378469744,116.40607977386962
1.9000000000000001,652,1,0.9716653625948393,-4.536235462756954
1.9000000000000001,670,1,1.0022313393516016,-2.809576472133111
1.9000000000000001,670,2,1.0286456034793738,-122.33703270644234
1.9000000000000001,670,3,0.9993644988921974,117.59858506336101
1.9000000000000001,632,1,1.0136420560080521,-1.9608217005782338
1.9000000000000001,632,2,1.0259661915262277,-122.01984201366074
1.9000000000000001,632,3,1.0120100346263008,118.12951592711849
1.9000000000000001,680,1,0.9796510774117201,-4.543595882865539
1.9000000000000001,680,2,1.0362080844579014,-122.90741636073106
1.9000000000000001,680,3,0.9774899313747082,116.66854507941585
1.9000000000000001,684,1,0.977184117226783,-4.610891119387581
1.9000000000000001,684,3,0.9752434595374373,116.55212794839184
1.9100000000000001,sourcebus,1,0.9999844788680429,29.99327521723495
1.9100000000000001,sourcebus,2,0.9999926626953883,-90.0086784616795
1.9100000000000001,sourcebus,3,0.9999590411527738,149.99189225955354
1.9100000000000001,650,1,0.999926033921323,-0.009760177698640288
1.9100000000000001,650,2,0.9999745138804672,-120.01011333934652
1.9100000000000001,650,3,0.9999350978211462,119.98802548001592
1.9100000000000001,rg60,1,1.056060426053363,-0.011195327125454655
1.9100000000000001,rg60,2,1.0373896481114442,-120.01216342285176
1.9100000000000001,rg60,3,1.0560661168984697,119.9861755363956
1.9100000000000001,633,1,1.0109709703061986,-1.9997160828654765
1.9100000000000001,633,2,1.024402035893735,-122.0375041305197
1.9100000000000001,633,3,1.0098522358340714,118.15243353150616
1.9100000000000001,634,1,0.9896186688047295,-2.4090862262259414
1.9100000000000001,634,2,1.0084653328784114,-122.24094797323284
1.9100000000000001,634,3,0.9936781820628245,117.94298735105906
1.9100000000000001,671,1,0.9794980712869463,-4.56392310497179
1.9100000000000001,671,2,1.0361700455151948,-122.92613092814715
1.9100000000000001,671,3,0.9773447665438545,116.64657459786459
1.9100000000000001,645,2,1.0167403731703908,-122.20354650984973
1.9100000000000001,645,3,1.0101013192551893,118.15466611558763
1.9100000000000001,646,2,1.0150372846110332,-122.28015500373255
1.9100000000000001,646,3,1.0080706158805044,118.19984953465284
1.9100000000000001,692,1,0.9794980629996812,-4.5639229732294275
1.9100000000000001,692,2,1.0361700444284947,-122.92613107446445
1.9100000000000001,692,3,0.9773447600500121,116.64657464693325
1.9100000000000001,675,1,0.9736457201750864,-4.7698402600704926
1.9100000000000001,675,2,1.0382469423833707,-123.10113672537187
1.9100000000000001,675,3,0.976023337576451,116.66652078222036
1.9100000000000001,611,3,0.973244037734833,116.40607988908204
1.9100000000000001,652,1,0.9716653602521957,-4.5362357697127
1.9100000000000001,670,1,1.0022313376660814,-2.80957666967931
1.9100000000000001,670,2,1.0286456060728937,-122.33703271462609
1.9100000000000001,670,3,0.9993644988347212,117.59858513842235
1.9100000000000001,632,1,1.0136420547019533,-1.9608218460985063
1.9100000000000001,632,2,1.0259661934786575,-122.01984202024789
1.9100000000000001,632,3,1.0120100345915126,118.12951598270713
1.9100000000000001,680,1,0.979651075258861,-4.543596195128795
1.9100000000000001,680,2,1.0362080885277098,-122.9074163726173
1.9100000000000001,680,3,0.9774899314792473,116.66854518971434
1.9100000000000001,684,1,0.977184114870834,-4.610891426343329
1.9100000000000001,684,3,0.9752434594256981,116.55212806361817
1.92,sourcebus,1,0.9999844788668645,29.993275217136542
1.92,sourcebus,2,0.9999926626970764,-90.00867846170459
1.92,sourcebus,3,0.9999590411541368,149.99189225934956
1.92,650,1,0.9999260339206151,-0.009760177985469843
1.92,650,2,0.9999745138809197,-120.01011333936316
1.92,650,3,0.999935097824096,119.98802547989122
1.92,rg60,1,1.0560604260503677,-0.011195327525252425
1.92,rg60,2,1.037389648112683,-120.01216342290648
1.92,rg60,3,1.0560661169022536,119.98617553623208
1.92,633,1,1.010970969238851,-1.9997162047520225
1.92,633,2,1.0244020375674507,-122.0375041369489
1.92,633,3,1.0098522358655773,118.15243357741564
1.92,634,1,0.98961866771239,-2.409086349021815
1.92,634,2,1.008465334580298,-122.24094797897004
1.92,634,3,0.9936781820943869,117.9429873969756
1.92,671,1,0.979498069371336,-4.563923362128269
1.92,671,2,1.0361700488283685,-122.92613093858459
1.92,671,3,0.9773447665605258,116.6465746930167
1.92,645,2,1.0167403748494792,-122.20354651587078
1.92,645,3,1.010101319280005,118.15466616161447
1.92,646,2,1.015037286289109,-122.28015500966916
1.92,646,3,1.008070615904888,118.19984958081199
1.92,692,1,0.9794980610840713,-4.563923230385904
1.92,692,2,1.0361700477416687,-122.92613108490191
1.92,692,3,0.9773447600666834,116.64657474208536
1.92,675,1,0.973645718241423,-4.769840517346082
1.92,675,2,1.0382469456933319,-123.10113673634605
1.92,675,3,0.9760233376121137,116.6665208771244
1.92,611,3,0.9732440377565998,116.40607998419688
1.92,652,1,0.9716653583508221,-4.536236026647326
1.92,670,1,1.002231336295471,-2.809576835082653
1.92,670,2,1.028645608291717,-122.33703272256045
1.92,670,3,0.9993644988637751,117.59858520030949
1.92,632,1,1.01364205363913,-1.9608219679539416
1.92,632,2,1.0259661951484615,-122.019842026597
1.92,632,3,1.0120100346203904,118.1295160285036
1.92,680,1,0.9796510735366748,-4.54359645702001
1.92,680,2,1.0362080920265844,-122.90741638421407
1.92,680,3,0.9774899317030764,116.66854528021658
1.92,684,1,0.9771841129586615,-4.6108916832779485
1.92,684,3,0.9752434594475061,116.55212815873308
1.93,sourcebus,1,0.9999844788651746,29.993275217019658
1.93,sourcebus,2,0.9999926626986584,-90.00867846172818
1.93,sourcebus,3,0.9999590411554928,149.99189225911695
1.93,650,1,0.9999260339194999,-0.009760178320891108
1.93,650,2,0.9999745138809302,-120.01011333938112
1.93,650,3,0.9999350978271013,119.98802547975484
1.93,rg60,1,1.0560604260464699,-0.011195327990740302
1.93,rg60,2,1.0373896481134246,-120.01216342295992
1.93,rg60,3,1.0560661169060441,119.98617553605956
1.93,633,1,1.010970967993618,-1.999716348279739
1.93,633,2,1.024402039417873,-122.03750414089741
1.93,633,3,1.0098522357559725,118.15243363184713
1.93,634,1,0.9896186664405309,-2.4090864935637972
1.93,634,2,1.0084653364596956,-122.24094798218167
1.93,634,3,0.9936781819838065,117.94298745137182
1.93,671,1,0.9794980671376035,-4.563923665117504
1.93,671,2,1.0361700524939987,-122.92613094371016
1.93,671,3,0.9773447662848447,116.64657480550099
1.93,645,2,1.0167403767058014,-122.20354651934888
1.93,645,3,1.0101013191632664,118.15466621618287
1.93,646,2,1.015037288144386,-122.28015501304472
1.93,646,3,1.0080706157878574,118.19984963553503
1.93,692,1,0.9794980588503385,-4.563923533375138
1.93,692,2,1.0361700514072987,-122.92613109002748
1.93,692,3,0.9773447597910023,116.64657485456965
1.93,675,1,0.9736457159877348,-4.769840820500087
1.93,675,2,1.0382469493548259,-123.10113674209191
1.93,675,3,0.9760233373569269,116.66652098935536
1.93,611,3,0.9732440374865949,116.40608009661963
1.93,652,1,0.9716653561336751,-4.53623632937555
1.93,670,1,1.002231334696216,-2.8095770299217406
1.93,670,2,1.028645610746136,-122.33703272707808
1.93,670,3,0.9993644987017205,117.5985852736227
1.93,632,1,1.013642052398706,-1.9608221114635742
1.93,632,2,1.0259661969951137,-122.01984203044634
1.93,632,3,1.0120100345076726,118.12951608281674
1.93,680,1,0.979651071483686,-4.543596764410281
1.93,680,2,1.0362080958653241,-122.90741639042534
1.93,680,3,0.977489931620546,116.66854538836165
1.93,684,1,0.9771841107289216,-4.610891986006176
1.93,684,3,0.9752434591777294,116.55212827117262
1.94,sourcebus,1,0.9999844788638863,29.99327521692075
1.94,sourcebus,2,0.9999926627001261,-90.00867846175004
1.94,sourcebus,3,0.999959041156748,149.9918922589198
1.94,650,1,0.999926033918719,-0.009760178603545337
1.94,650,2,0.9999745138811253,-120.01011333939766
1.94,650,3,0.9999350978297967,119.98802547963753
1.94,rg60,1,1.056060426043416,-0.011195328384853123
1.94,rg60,2,1.0373896481143012,-120.01216342300931
1.94,rg60,3,1.0560661169094645,119.98617553590859
1.94,633,1,1.0109709669738922,-1.9997164690625848
1.94,633,2,1.0244020410067114,-122.03750414457782
1.94,633,3,1.0098522357045905,118.15243367677469
1.94,634,1,0.9896186653969994,-2.409086615214057
1.94,634,2,1.0084653380752306,-122.24094798520576
1.94,634,3,0.9936781819311449,117.94298749627198
1.94,671,1,0.9794980653147312,-4.563923919794116
1.94,671,2,1.0361700556378646,-122.9261309487794
1.94,671,3,0.9773447661373035,116.64657489839968
1.94,645,2,1.0167403782998155,-122.20354652262826
1.94,645,3,1.0101013191057464,118.15466626122495
1.94,646,2,1.0150372897374529,-122.28015501623818
1.94,646,3,1.0080706157300081,118.19984968070631
1.94,692,1,0.9794980570274663,-4.563923788051749
1.94,692,2,1.0361700545511647,-122.92613109509674
1.94,692,3,0.9773447596434612,116.64657494746834
1.94,675,1,0.9736457141475969,-4.769841075312285
1.94,675,2,1.0382469524955777,-123.10113674768837
1.94,675,3,0.976023337226756,116.66652108204278
1.94,611,3,0.9732440373436577,116.40608018946908
1.94,652,1,0.9716653543243218,-4.536236583835232
1.94,670,1,1.0022313333883608,-2.8095771938032934
1.94,670,2,1.0286456128522148,-122.33703273137112
1.94,670,3,0.9993644986206812,117.59858533413562
1.94,632,1,1.0136420513832654,-1.9608222322201283
1.94,632,2,1.0259661985803032,-122.01984203404658
1.94,632,3,1.0120100344538543,118.12951612763653
1.94,680,1,0.9796510698293213,-4.543597023201356
1.94,680,2,1.0362080991707825,-122.90741639650804
1.94,680,3,0.9774899316533323,116.66854547721466
1.94,684,1,0.977184108909292,-4.610892240465853
1.94,684,3,0.9752434590350474,116.55212836403398
1.95,sourcebus,1,0.9999844788634712,29.993275216857768
1.95,sourcebus,2,0.9999926627014778,-90.00867846176963
1.95,sourcebus,3,0.9999590411578713,149.9918922587908
1.95,650,1,0.9999260339186692,-0.009760178782308903
1.95,650,2,0.9999745138818231,-120.0101133394118
1.95,650,3,0.9999350978320117,119.9880254795557
1.95,rg60,1,1.056060426042122,-0.011195328638511214
1.95,rg60,2,1.037389648115628,-120.01216342305393
1.95,rg60,3,1.0560661169123524,119.9861755357952
1.95,633,1,1.0109709663860384,-1.9997165442759584
1.95,633,2,1.0244020421062596,-122.03750414945641
1.95,633,3,1.0098522358224495,118.15243370314747
1.95,634,1,0.9896186647937774,-2.4090866909577775
1.95,634,2,1.008465339194613,-122.24094798961256
1.95,634,3,0.9936781820498307,117.94298752267964
1.95,671,1,0.9794980642736419,-4.563924077978416
1.95,671,2,1.036170057811916,-122.9261309570008
1.95,671,3,0.9773447663471146,116.64657495328605
1.95,645,2,1.0167403794028762,-122.2035465272496
1.95,645,3,1.0101013192189687,118.15466628767504
1.95,646,2,1.0150372908397407,-122.28015502080902
1.95,646,3,1.0080706158427732,118.19984970723547
1.95,692,1,0.9794980559863771,-4.563923946236049
1.95,692,2,1.0361700567252161,-122.92613110331808
1.95,692,3,0.9773447598532722,116.64657500235474
1.95,675,1,0.9736457130958952,-4.769841233542346
1.95,675,2,1.0382469546679014,-123.10113675622773
1.95,675,3,0.9760233374489679,116.6665211367514
1.95,611,3,0.9732440375568172,116.40608024435039
1.95,652,1,0.9716653532909019,-4.5362367418793195
1.95,670,1,1.0022313326368677,-2.809577295750315
1.95,670,2,1.028645614308894,-122.33703273747888
1.95,670,3,0.9993644987705835,117.59858536973174
1.95,632,1,1.0136420507982637,-1.9608223074095932
1.95,632,2,1.0259661996770029,-122.01984203887933
1.95,632,3,1.012010034570088,118.12951615393557
1.95,680,1,0.9796510689451414,-4.543597185254943
1.95,680,2,1.036208101495876,-122.90741640566365
1.95,680,3,0.9774899320315212,116.6685455283263
1.95,684,1,0.9771841078700024,-4.610892398509946
1.95,684,3,0.9752434592480953,116.5521284189037
1.96,sourcebus,1,0.999984478863013,29.993275216794576
1.96,sourcebus,2,0.9999926627027358,-90.00867846178765
1.96,sourcebus,3,0.9999590411589544,149.99189225866508
1.96,650,1,0.9999260339185942,-0.009760178958969471
1.96,650,2,0.9999745138824115,-120.01011333942598
1.96,650,3,0.9999350978341248,119.98802547947751
1.96,rg60,1,1.0560604260408128,-0.011195328889145408
1.96,rg60,2,1.0373896481167975,-120.01216342309645
1.96,rg60,3,1.0560661169150998,119.98617553568766
1.96,633,1,1.010970965816214,-1.9997166185926838
1.96,633,2,1.0244020431655265,-122.0375041535317
1.96,633,3,1.0098522359135833,118.15243372918934
1.96,634,1,0.9896186642112229,-2.409086765748694
1.96,634,2,1.0084653402710855,-122.24094799325796
1.96,634,3,0.9936781821426051,117.94298754876162
1.96,671,1,0.9794980632656893,-4.563924234383427
1.96,671,2,1.036170059909764,-122.92613096357553
1.96,671,3,0.9773447665015391,116.64657500746996
1.96,645,2,1.016740380465371,-122.2035465310763
1.96,645,3,1.0101013193055521,118.15466631379681
1.96,646,2,1.0150372919015023,-122.28015502458561
1.96,646,3,1.008070615928944,118.19984973343466
1.96,692,1,0.979498054978424,-4.563924102641061
1.96,692,2,1.036170058823064,-122.92613110989282
1.96,692,3,0.9773447600076969,116.64657505653861
1.96,675,1,0.9736457120786849,-4.769841389985122
1.96,675,2,1.0382469567636534,-123.10113676309922
1.96,675,3,0.9760233376154697,116.66652119075114
1.96,611,3,0.9732440377148179,116.40608029853293
1.96,652,1,0.971665352290345,-4.536236898140388
1.96,670,1,1.0022313319082792,-2.809577396526554
1.96,670,2,1.0286456157135981,-122.33703274250098
1.96,670,3,0.9993644988841603,117.59858540489253
1.96,632,1,1.0136420502308712,-1.9608223817180808
1.96,632,2,1.0259662007339854,-122.01984204290632
1.96,632,3,1.0120100346593788,118.12951617991574
1.96,680,1,0.9796510680836524,-4.543597345273608
1.96,680,2,1.0362081037346726,-122.90741641310495
1.96,680,3,0.9774899323429646,116.66854557898601
1.96,684,1,0.9771841068637626,-4.610892554771014
1.96,684,3,0.9752434594058643,116.55212847307436
1.97,sourcebus,1,0.999984478862044,29.99327521671341
1.97,sourcebus,2,0.9999926627039176,-90.00867846180478
1.97,sourcebus,3,0.9999590411600285,149.99189225850918
1.97,650,1,0.9999260339180926,-0.009760179184955154
1.97,650,2,0.9999745138825892,-120.01011333944106
1.97,650,3,0.9999350978363196,119.98802547938594
1.97,rg60,1,1.056060426038563,-0.0111953292061109
1.97,rg60,2,1.0373896481175173,-120.01216342313796
1.97,rg60,3,1.0560661169178898,119.98617553556885
1.97,633,1,1.0109709650509395,-1.9997167149061568
1.97,633,2,1.0244020444188813,-122.03750415560786
1.97,633,3,1.0098522358729642,118.15243376409832
1.97,634,1,0.9896186634300611,-2.409086862676725
1.97,634,2,1.0084653415437286,-122.24094799483936
1.97,634,3,0.9936781821021131,117.9429875836639
1.97,671,1,0.97949806190595,-4.5639244373630135
1.97,671,2,1.0361700623927654,-122.92613096582693
1.97,671,3,0.9773447663831805,116.6465750796987
1.97,645,2,1.0167403817226244,-122.2035465328376
1.97,645,3,1.0101013192599262,118.15466634880319
1.97,646,2,1.015037293157981,-122.28015502627855
1.97,646,3,1.0080706158830355,118.19984976854194
1.97,692,1,0.9794980536186846,-4.563924305620647
1.97,692,2,1.0361700613060656,-122.92613111214425
1.97,692,3,0.977344759889338,116.64657512876735
1.97,675,1,0.9736457107069563,-4.769841593054441
1.97,675,2,1.0382469592438208,-123.10113676574387
1.97,675,3,0.9760233375108501,116.66652126279529
1.97,611,3,0.9732440376004798,116.40608037073277
1.97,652,1,0.9716653509406231,-4.53623710093945
1.97,670,1,1.002231330928227,-2.809577527207571
1.97,670,2,1.0286456173762335,-122.33703274475721
1.97,670,3,0.9993644988194316,117.5985854519364
1.97,632,1,1.0136420494685492,-1.960822478027687
1.97,632,2,1.0259662019849138,-122.01984204491633
1.97,632,3,1.012010034616553,118.1295162147511
1.97,680,1,0.9796510668607995,-4.543597551606776
1.97,680,2,1.0362081063490158,-122.90741641617122
1.97,680,3,0.977489932371012,116.668545647927
1.97,684,1,0.9771841055063747,-4.610892757570083
1.97,684,3,0.9752434592915536,116.55212854527979
1.98,sourcebus,1,0.9999844788613935,29.99327521668532
1.98,sourcebus,2,0.9999926627054715,-90.00867846179956
1.98,sourcebus,3,0.9999590411609834,149.9918922583884
1.98,650,1,0.9999260339176905,-0.009760179341743384
1.98,650,2,0.9999745138833183,-120.01011333939879
1.98,650,3,0.9999350978385435,119.98802547931484
1.98,rg60,1,1.0560604260369044,-0.011195329434669794
1.98,rg60,2,1.0373896481192488,-120.01216342309922
1.98,rg60,3,1.0560661169206613,119.98617553547247
1.98,633,1,1.0109709646445482,-1.9997167987293705
1.98,633,2,1.0244020456109004,-122.03750413263592
1.98,633,3,1.009852235708959,118.15243378886156
1.98,634,1,0.9896186630121253,-2.409086946884591
1.98,634,2,1.0084653427556376,-122.24094797137727
1.98,634,3,0.9936781819358319,117.94298760836334
1.98,671,1,0.9794980612451732,-4.563924612453584
1.98,671,2,1.0361700647279326,-122.92613091820176
1.98,671,3,0.977344766031584,116.64657513026654
1.98,645,2,1.0167403829174588,-122.2035465095172
1.98,645,3,1.0101013190914148,118.15466637366501
1.98,646,2,1.0150372943514523,-122.28015500287003
1.98,646,3,1.008070615713832,118.19984979348048
1.98,692,1,0.979498052957908,-4.563924480711217
1.98,692,2,1.0361700636412325,-122.92613106451908
1.98,692,3,0.9773447595377417,116.64657517933523
1.98,675,1,0.9736457100373118,-4.76984176824726
1.98,675,2,1.0382469615777163,-123.10113671849375
1.98,675,3,0.9760233371680573,116.66652131334185
1.98,611,3,0.9732440372514042,116.40608042126914
1.98,652,1,0.9716653502843626,-4.536237275880265
1.98,670,1,1.0022313304225734,-2.809577640606829
1.98,670,2,1.0286456189505535,-122.33703271360902
1.98,670,3,0.9993644985938016,117.5985854851183
1.98,632,1,1.013642049064676,-1.960822561846923
1.98,632,2,1.0259662031742351,-122.01984202187522
1.98,632,3,1.0120100344510197,118.12951623943545
1.98,680,1,0.97965106632766,-4.543597729836775
1.98,680,2,1.0362081088066089,-122.90741636931261
1.98,680,3,0.9774899321562052,116.66854569543794
1.98,684,1,0.9771841048463867,-4.610892932510891
1.98,684,3,0.9752434589428913,116.55212859584068
1.99,sourcebus,1,0.9999844788612572,29.993275216640757
1.99,sourcebus,2,0.9999926627064823,-90.00867846181404
1.99,sourcebus,3,0.9999590411618755,149.99189225830193
1.99,650,1,0.999926033917867,-0.009760179462466361
1.99,650,2,0.9999745138839361,-120.01011333941094
1.99,650,3,0.99993509784018,119.98802547925958
1.99,rg60,1,1.0560604260363478,-0.011195329608851388
1.99,rg60,2,1.0373896481203355,-120.01216342313408
1.99,rg60,3,1.0560661169228038,119.98617553539339
1.99,633,1,1.010970964311474,-1.999716849303853
1.99,633,2,1.0244020463604644,-122.0375041353262
1.99,633,3,1.0098522358133866,118.15243380510584
1.99,634,1,0.9896186626718669,-2.4090869977304403
1.99,634,2,1.0084653435187345,-122.24094797374534
1.99,634,3,0.993678182040551,117.94298762463306
1.99,671,1,0.9794980606667651,-4.563924718509046
1.99,671,2,1.036170066209956,-122.92613092256691
1.99,671,3,0.9773447662250453,116.64657516420492
1.99,645,2,1.0167403836694093,-122.20354651203932
1.99,645,3,1.0101013191926953,118.1546663899729
1.99,646,2,1.0150372951028175,-122.28015500535828
1.99,646,3,1.0080706158147303,118.19984980983912
1.99,692,1,0.9794980523794998,-4.563924586766676
1.99,692,2,1.0361700651232562,-122.92613106888423
1.99,692,3,0.9773447597312032,116.64657521327361
1.99,675,1,0.9736457094537088,-4.769841874319624
1.99,675,2,1.0382469630586304,-123.10113672303525
1.99,675,3,0.9760233373692326,116.66652134714786
1.99,611,3,0.9732440374470565,116.40608045520862
1.99,652,1,0.9716653497102238,-4.536237381834468
1.99,670,1,1.0022313299989882,-2.8095777090972325
1.99,670,2,1.0286456199436775,-122.33703271693868
1.99,670,3,0.9993644987287452,117.59858550708223
1.99,632,1,1.013642048732992,-1.9608226124129302
1.99,632,2,1.025966203921974,-122.01984202454074
1.99,632,3,1.012010034554429,118.1295162556413
1.99,680,1,0.9796510658680712,-4.543597838840503
1.99,680,2,1.036208110403231,-122.90741637438036
1.99,680,3,0.9774899324772618,116.6685457265203
1.99,684,1,0.9771841042689872,-4.610893038465091
1.99,684,3,0.9752434591384863,116.55212862977028
2.0,sourcebus,1,0.9999844788615351,29.99327521661425
2.0,sourcebus,2,0.9999926627074164,-90.0086784618269
2.0,sourcebus,3,0.9999590411626877,149.99189225824972
2.0,650,1,0.9999260339183839,-0.009760179531294997
2.0,650,2,0.9999745138847762,-120.01011333942158
2.0,650,3,0.9999350978415579,119.98802547922261
2.0,rg60,1,1.0560604260366326,-0.011195329712456122
2.0,rg60,2,1.0373896481216063,-120.01216342316579
2.0,rg60,3,1.0560661169246588,119.9861755353342
2.0,633,1,1.0109709641859346,-1.999716876976192
2.0,633,2,1.0244020468600825,-122.03750413878245
2.0,633,3,1.0098522360017685,118.15243381234453
2.0,634,1,0.9896186625424293,-2.409087025527361
2.0,634,2,1.0084653440274747,-122.24094797698577
2.0,634,3,0.9936781822314968,117.94298763194391
2.0,671,1,0.979498060463522,-4.563924776172918
2.0,671,2,1.0361700671979788,-122.92613092876846
2.0,671,3,0.9773447665936608,116.6465751796727
2.0,645,2,1.0167403841704454,-122.20354651539708
2.0,645,3,1.0101013193785182,118.1546663972504
2.0,646,2,1.0150372956033713,-122.28015500870032
2.0,646,3,1.00807061600012,118.19984981714228
2.0,692,1,0.9794980521762564,-4.563924644430551
2.0,692,2,1.0361700661112787,-122.92613107508575
2.0,692,3,0.9773447600998186,116.64657522874137
2.0,675,1,0.9736457092480634,-4.769841931949725
2.0,675,2,1.0382469640460161,-123.10113672932296
2.0,675,3,0.9760233377437435,116.6665213624962
2.0,611,3,0.9732440378175704,116.40608047070661
2.0,652,1,0.9716653495083619,-4.536237439436606
2.0,670,1,1.0022313298428307,-2.8095777464888974
2.0,670,2,1.028645620605583,-122.3370327213737
2.0,670,3,0.999364498977524,117.59858551694711
2.0,632,1,1.0136420486083357,-1.9608226400810618
2.0,632,2,1.0259662044203046,-122.01984202798293
2.0,632,3,1.0120100347419503,118.12951626285512
2.0,680,1,0.9796510657755702,-4.543597899268655
2.0,680,2,1.0362081114982855,-122.90741638122925
2.0,680,3,0.9774899329649654,116.66854573931876
2.0,684,1,0.9771841040659789,-4.610893096067237
2.0,684,3,0.9752434595085915,116.55212864524327
