time_s,bus,node,v_pu,angle_deg
0.0,source,1,0.999796816793682,-0.011889985328596663
0.0,source,2,0.9997968167936834,-120.01188998534069
0.0,source,3,0.9997968167936868,119.98810999531631
0.0,b1,1,0.999676365643022,-0.011816172064528212
0.0,b1,2,0.9996763656430289,-120.01181617207604
0.0,b1,3,0.9996763656430203,119.98818380858089
0.0,b2,1,0.9996386026060384,-0.011245094897463214
0.0,b2,2,0.9996386026060486,-120.01124509490882
0.0,b2,3,0.9996386026060355,119.98875488574812
0.0,b3,1,0.9996376185476558,-0.010690083607302992
0.0,b3,2,0.9996376185476669,-120.01069008361866
0.0,b3,3,0.9996376185476537,119.98930989703831
0.0,b4,1,0.9996478202968975,-0.010094731226114628
0.0,b4,2,0.9996478202969097,-120.01009473123754
0.0,b4,3,0.9996478202968971,119.9899052494195
0.0,b5,1,0.999617675867099,-0.011106717195982092
0.0,b5,2,0.9996176758671107,-120.01110671720723
0.0,b5,3,0.9996176758670954,119.98889326344971
0.0,b6,1,0.9996150758398776,-0.011021366718580191
0.0,b6,2,0.9996150758398893,-120.01102136672985
0.0,b6,3,0.999615075839874,119.98897861392715
0.0,b7,1,0.9996174312096927,-0.010885158897618702
0.0,b7,2,0.9996174312097048,-120.01088515890888
0.0,b7,3,0.9996174312096896,119.98911482174809
0.0,b8,1,0.9996151097353092,-0.012192302093122826
0.0,b8,2,0.9996151097353172,-120.0121923021043
0.0,b8,3,0.9996151097353029,119.98780767855251
0.0,b9,1,0.9996040089944905,-0.012057850619440166
0.0,b9,2,0.9996040089944991,-120.01205785063055
0.0,b9,3,0.9996040089944835,119.98794213002624
0.0,b10,1,0.9996036574857595,-0.011835635528708895
0.0,b10,2,0.999603657485769,-120.01183563553987
0.0,b10,3,0.9996036574857532,119.98816434511697
0.0,b11,1,0.999589850275149,-0.012502540647245493
0.0,b11,2,0.9995898502751568,-120.0125025406583
0.0,b11,3,0.9995898502751406,119.98749743999849
0.0,b12,1,0.9995820993570954,-0.012579335691291509
0.0,b12,2,0.999582099357103,-120.01257933570231
0.0,b12,3,0.9995820993570859,119.98742064495443
0.02,source,1,0.9997968166735796,-0.011889992082682993
0.02,source,2,0.9997968166735824,-120.01188999209496
0.02,source,3,0.999796816673586,119.98810998856229
0.02,b1,1,0.9996763654531574,-0.011816178696566378
0.02,b1,2,0.9996763654531656,-120.01181617870836
0.02,b1,3,0.9996763654531586,119.98818380194889
0.02,b2,1,0.9996386023957945,-0.011245101122538792
0.02,b2,2,0.9996386023958064,-120.01124510113425
0.02,b2,3,0.9996386023957963,119.98875487952307
0.02,b3,1,0.9996376183366992,-0.010690089536021042
0.02,b3,2,0.9996376183367122,-120.01069008954778
0.02,b3,3,0.9996376183367018,119.98930989110963
0.02,b4,1,0.9996478200914152,-0.010094736835223696
0.02,b4,2,0.9996478200914285,-120.01009473684705
0.02,b4,3,0.9996478200914192,119.9899052438104
0.02,b5,1,0.9996176756458879,-0.011106723248224972
0.02,b5,2,0.9996176756459015,-120.01110672325986
0.02,b5,3,0.9996176756458899,119.98889325739749
0.02,b6,1,0.9996150756179649,-0.011021372656304426
0.02,b6,2,0.9996150756179785,-120.01102137266794
0.02,b6,3,0.999615075617967,119.98897860798944
0.02,b7,1,0.9996174309883398,-0.01088516482152401
0.02,b7,2,0.9996174309883537,-120.01088516483321
0.02,b7,3,0.9996174309883423,119.9891148158242
0.02,b8,1,0.9996151095072787,-0.012192308961563746
0.02,b8,2,0.9996151095072878,-120.01219230897306
0.02,b8,3,0.9996151095072755,119.98780767168415
0.02,b9,1,0.9996040087596704,-0.012057857405174498
0.02,b9,2,0.9996040087596795,-120.01205785741664
0.02,b9,3,0.9996040087596668,119.98794212324059
0.02,b10,1,0.9996036572507236,-0.011835642178274226
0.02,b10,2,0.999603657250733,-120.01183564218972
0.02,b10,3,0.9996036572507203,119.98816433846753
0.02,b11,1,0.9995898500309363,-0.01250254771379686
0.02,b11,2,0.9995898500309452,-120.01250254772516
0.02,b11,3,0.9995898500309313,119.987497432932
0.02,b12,1,0.9995820991078549,-0.0125793428075619
0.02,b12,2,0.999582099107864,-120.01257934281887
0.02,b12,3,0.9995820991078493,119.98742063783826
0.04,source,1,0.9997968166735872,-0.011889992081827526
0.04,source,2,0.9997968166735877,-120.01188999209405
0.04,source,3,0.9997968166735918,119.98810998856305
0.04,b1,1,0.9996763654531724,-0.011816178695599089
0.04,b1,2,0.9996763654531768,-120.01181617870729
0.04,b1,3,0.9996763654531701,119.98818380194979
0.04,b2,1,0.9996386023958151,-0.01124510112144285
0.04,b2,2,0.9996386023958226,-120.01124510113299
0.04,b2,3,0.9996386023958115,119.98875487952411
0.04,b3,1,0.9996376183367242,-0.010690089534789435
0.04,b3,2,0.9996376183367324,-120.01069008954634
0.04,b3,3,0.9996376183367207,119.98930989111079
0.04,b4,1,0.9996478200914439,-0.010094736833867957
0.04,b4,2,0.9996478200914525,-120.01009473684553
0.04,b4,3,0.9996478200914417,119.9899052438117
0.04,b5,1,0.9996176756459083,-0.01110672324711056
0.04,b5,2,0.9996176756459172,-120.0111067232586
0.04,b5,3,0.9996176756459049,119.98889325739854
0.04,b6,1,0.9996150756179855,-0.011021372655200383
0.04,b6,2,0.9996150756179945,-120.0110213726667
0.04,b6,3,0.999615075617982,119.9889786079905
0.04,b7,1,0.99961743098836,-0.010885164820407847
0.04,b7,2,0.9996174309883693,-120.01088516483193
0.04,b7,3,0.9996174309883573,119.98911481582526
0.04,b8,1,0.9996151095072944,-0.012192308960651306
0.04,b8,2,0.9996151095072996,-120.012192308972
0.04,b8,3,0.999615109507288,119.98780767168502
0.04,b9,1,0.9996040087596862,-0.012057857404296159
0.04,b9,2,0.9996040087596926,-120.0120578574156
0.04,b9,3,0.9996040087596796,119.98794212324142
0.04,b10,1,0.9996036572507397,-0.011835642177403714
0.04,b10,2,0.9996036572507464,-120.0118356421887
0.04,b10,3,0.9996036572507337,119.98816433846834
0.04,b11,1,0.9995898500309519,-0.012502547712882362
0.04,b11,2,0.9995898500309572,-120.01250254772413
0.04,b11,3,0.9995898500309437,119.98749743293287
0.04,b12,1,0.9995820991078709,-0.012579342806651926
0.04,b12,2,0.9995820991078762,-120.01257934281784
0.04,b12,3,0.9995820991078618,119.98742063783915
0.06,source,1,0.9997968166735851,-0.011889992082524526
0.06,source,2,0.999796816673586,-120.01188999209481
0.06,source,3,0.9997968166735889,119.98810998856244
0.06,b1,1,0.9996763654531655,-0.011816178696472885
0.06,b1,2,0.9996763654531706,-120.01181617870823
0.06,b1,3,0.9996763654531634,119.98818380194905
0.06,b2,1,0.9996386023958039,-0.011245101122427674
0.06,b2,2,0.999638602395813,-120.01124510113405
0.06,b2,3,0.9996386023958017,119.98875487952327
0.06,b3,1,0.9996376183367096,-0.01069008953588773
0.06,b3,2,0.9996376183367199,-120.01069008954752
0.06,b3,3,0.9996376183367081,119.98930989110985
0.06,b4,1,0.9996478200914265,-0.010094736835056807
0.06,b4,2,0.9996478200914376,-120.01009473684675
0.06,b4,3,0.9996478200914266,119.98990524381065
0.06,b5,1,0.9996176756458972,-0.01110672324810107
0.06,b5,2,0.9996176756459075,-120.01110672325964
0.06,b5,3,0.9996176756458949,119.9888932573977
0.06,b6,1,0.9996150756179742,-0.011021372656186055
0.06,b6,2,0.9996150756179847,-120.01102137266774
0.06,b6,3,0.999615075617972,119.98897860798964
0.06,b7,1,0.9996174309883491,-0.01088516482140261
0.06,b7,2,0.9996174309883599,-120.01088516483297
0.06,b7,3,0.9996174309883472,119.98911481582441
0.06,b8,1,0.9996151095072879,-0.012192308961563664
0.06,b8,2,0.9996151095072936,-120.01219230897297
0.06,b8,3,0.9996151095072805,119.98780767168425
0.06,b9,1,0.9996040087596798,-0.012057857405237573
0.06,b9,2,0.9996040087596862,-120.01205785741658
0.06,b9,3,0.9996040087596721,119.98794212324067
0.06,b10,1,0.9996036572507336,-0.01183564217837419
0.06,b10,2,0.9996036572507405,-120.01183564218972
0.06,b10,3,0.9996036572507262,119.98816433846756
0.06,b11,1,0.9995898500309455,-0.012502547713796743
0.06,b11,2,0.9995898500309512,-120.01250254772509
0.06,b11,3,0.9995898500309363,119.9874974329321
0.06,b12,1,0.9995820991078643,-0.01257934280755875
0.06,b12,2,0.9995820991078703,-120.01257934281881
0.06,b12,3,0.9995820991078546,119.98742063783835
0.08,source,1,0.9997968166735872,-0.011889992082329137
0.08,source,2,0.9997968166735889,-120.01188999209451
0.08,source,3,0.9997968166735913,119.9881099885627
0.08,b1,1,0.9996763654531695,-0.011816178696260733
0.08,b1,2,0.9996763654531762,-120.0118161787079
0.08,b1,3,0.9996763654531675,119.98818380194935
0.08,b2,1,0.9996386023958095,-0.0112451011221911
0.08,b2,2,0.9996386023958197,-120.01124510113372
0.08,b2,3,0.9996386023958079,119.98875487952365
0.08,b3,1,0.9996376183367163,-0.01069008953561475
0.08,b3,2,0.9996376183367274,-120.01069008954717
0.08,b3,3,0.9996376183367156,119.98930989111027
0.08,b4,1,0.9996478200914339,-0.0100947368347535
0.08,b4,2,0.9996478200914458,-120.0100947368464
0.08,b4,3,0.999647820091435,119.98990524381111
0.08,b5,1,0.9996176756459029,-0.01110672324788571
0.08,b5,2,0.9996176756459146,-120.01110672325935
0.08,b5,3,0.9996176756459011,119.98889325739809
0.08,b6,1,0.9996150756179798,-0.011021372655973723
0.08,b6,2,0.9996150756179918,-120.01102137266741
0.08,b6,3,0.999615075617978,119.98897860799002
0.08,b7,1,0.9996174309883549,-0.010885164821196345
0.08,b7,2,0.9996174309883669,-120.01088516483267
0.08,b7,3,0.9996174309883532,119.98911481582478
0.08,b8,1,0.9996151095072918,-0.012192308961364057
0.08,b8,2,0.9996151095072995,-120.01219230897267
0.08,b8,3,0.9996151095072848,119.98780767168454
0.08,b9,1,0.9996040087596836,-0.012057857405041679
0.08,b9,2,0.9996040087596924,-120.01205785741628
0.08,b9,3,0.9996040087596763,119.98794212324091
0.08,b10,1,0.9996036572507374,-0.011835642178180065
0.08,b10,2,0.9996036572507466,-120.01183564218941
0.08,b10,3,0.9996036572507303,119.98816433846778
0.08,b11,1,0.9995898500309492,-0.012502547713588592
0.08,b11,2,0.9995898500309569,-120.01250254772478
0.08,b11,3,0.9995898500309405,119.98749743293236
0.08,b12,1,0.9995820991078681,-0.012579342807352487
0.08,b12,2,0.9995820991078758,-120.01257934281851
0.08,b12,3,0.9995820991078586,119.98742063783864
0.1,source,1,0.9997968166735888,-0.011889992082360797
0.1,source,2,0.9997968166735901,-120.01188999209458
0.1,source,3,0.9997968166735933,119.98810998856258
0.1,b1,1,0.9996763654531714,-0.01181617869633625
0.1,b1,2,0.9996763654531777,-120.011816178708
0.1,b1,3,0.9996763654531694,119.98818380194915
0.1,b2,1,0.9996386023958109,-0.011245101122282794
0.1,b2,2,0.999638602395821,-120.01124510113385
0.1,b2,3,0.999638602395809,119.98875487952346
0.1,b3,1,0.9996376183367173,-0.010690089535721953
0.1,b3,2,0.9996376183367288,-120.0106900895473
0.1,b3,3,0.999637618336716,119.98930989111007
0.1,b4,1,0.9996478200914347,-0.010094736834877818
0.1,b4,2,0.9996478200914468,-120.0100947368465
0.1,b4,3,0.999647820091435,119.98990524381091
0.1,b5,1,0.9996176756459046,-0.011106723247977195
0.1,b5,2,0.9996176756459162,-120.01110672325945
0.1,b5,3,0.9996176756459021,119.98889325739788
0.1,b6,1,0.9996150756179815,-0.011021372656064678
0.1,b6,2,0.9996150756179933,-120.01102137266751
0.1,b6,3,0.9996150756179792,119.98897860798981
0.1,b7,1,0.9996174309883564,-0.010885164821296398
0.1,b7,2,0.9996174309883684,-120.01088516483277
0.1,b7,3,0.9996174309883544,119.98911481582458
0.1,b8,1,0.9996151095072943,-0.012192308961443868
0.1,b8,2,0.9996151095073009,-120.0121923089728
0.1,b8,3,0.9996151095072872,119.9878076716843
0.1,b9,1,0.9996040087596865,-0.012057857405123785
0.1,b9,2,0.9996040087596937,-120.01205785741644
0.1,b9,3,0.9996040087596789,119.98794212324067
0.1,b10,1,0.9996036572507407,-0.01183564217826494
0.1,b10,2,0.9996036572507477,-120.0118356421896
0.1,b10,3,0.9996036572507332,119.98816433846753
0.1,b11,1,0.9995898500309518,-0.012502547713680671
0.1,b11,2,0.9995898500309585,-120.0125025477249
0.1,b11,3,0.9995898500309431,119.98749743293216
0.1,b12,1,0.9995820991078707,-0.012579342807440398
0.1,b12,2,0.9995820991078774,-120.01257934281864
0.1,b12,3,0.9995820991078612,119.98742063783841
0.12,source,1,0.9997968166735896,-0.011889992082376628
0.12,source,2,0.9997968166735902,-120.01188999209455
0.12,source,3,0.9997968166735954,119.98810998856264
0.12,b1,1,0.9996763654531718,-0.011816178696339844
0.12,b1,2,0.999676365453178,-120.011816178708
0.12,b1,3,0.999676365453173,119.9881838019492
0.12,b2,1,0.9996386023958115,-0.011245101122287613
0.12,b2,2,0.9996386023958216,-120.0112451011338
0.12,b2,3,0.9996386023958123,119.98875487952348
0.12,b3,1,0.9996376183367183,-0.010690089535702451
0.12,b3,2,0.9996376183367292,-120.01069008954721
0.12,b3,3,0.9996376183367197,119.98930989111008
0.12,b4,1,0.9996478200914358,-0.010094736834847485
0.12,b4,2,0.9996478200914473,-120.01009473684644
0.12,b4,3,0.9996478200914389,119.98990524381091
0.12,b5,1,0.9996176756459049,-0.01110672324797719
0.12,b5,2,0.9996176756459165,-120.01110672325939
0.12,b5,3,0.9996176756459054,119.9888932573979
0.12,b6,1,0.9996150756179818,-0.011021372656061642
0.12,b6,2,0.9996150756179937,-120.01102137266746
0.12,b6,3,0.9996150756179825,119.98897860798984
0.12,b7,1,0.999617430988357,-0.010885164821290328
0.12,b7,2,0.9996174309883689,-120.01088516483271
0.12,b7,3,0.9996174309883574,119.9891148158246
0.12,b8,1,0.9996151095072945,-0.012192308961438166
0.12,b8,2,0.999615109507301,-120.01219230897283
0.12,b8,3,0.9996151095072916,119.98780767168432
0.12,b9,1,0.9996040087596868,-0.01205785740512694
0.12,b9,2,0.9996040087596941,-120.01205785741645
0.12,b9,3,0.9996040087596835,119.98794212324067
0.12,b10,1,0.9996036572507407,-0.011835642178271004
0.12,b10,2,0.9996036572507484,-120.01183564218962
0.12,b10,3,0.9996036572507377,119.98816433846753
0.12,b11,1,0.9995898500309521,-0.01250254771366361
0.12,b11,2,0.9995898500309586,-120.01250254772494
0.12,b11,3,0.9995898500309472,119.98749743293216
0.12,b12,1,0.9995820991078709,-0.012579342807431297
0.12,b12,2,0.9995820991078775,-120.01257934281867
0.12,b12,3,0.9995820991078656,119.98742063783843
0.14,source,1,0.9997968166735898,-0.011889992082387186
0.14,source,2,0.9997968166735904,-120.01188999209458
0.14,source,3,0.9997968166735953,119.98810998856258
0.14,b1,1,0.9996763654531727,-0.011816178696354223
0.14,b1,2,0.9996763654531777,-120.01181617870802
0.14,b1,3,0.9996763654531724,119.98818380194912
0.14,b2,1,0.9996386023958125,-0.011245101122311738
0.14,b2,2,0.999638602395821,-120.0112451011338
0.14,b2,3,0.9996386023958109,119.98875487952337
0.14,b3,1,0.9996376183367192,-0.010690089535731681
0.14,b3,2,0.9996376183367286,-120.01069008954727
0.14,b3,3,0.9996376183367183,119.98930989110998
0.14,b4,1,0.9996478200914367,-0.010094736834874767
0.14,b4,2,0.9996478200914466,-120.01009473684647
0.14,b4,3,0.9996478200914373,119.98990524381081
0.14,b5,1,0.9996176756459061,-0.011106723248009473
0.14,b5,2,0.9996176756459159,-120.01110672325942
0.14,b5,3,0.9996176756459041,119.9888932573978
0.14,b6,1,0.9996150756179829,-0.011021372656088923
0.14,b6,2,0.9996150756179929,-120.01102137266751
0.14,b6,3,0.9996150756179811,119.98897860798974
0.14,b7,1,0.999617430988358,-0.01088516482132367
0.14,b7,2,0.9996174309883682,-120.01088516483274
0.14,b7,3,0.9996174309883562,119.98911481582451
0.14,b8,1,0.9996151095072953,-0.012192308961466662
0.14,b8,2,0.9996151095073011,-120.01219230897284
0.14,b8,3,0.9996151095072913,119.98780767168425
0.14,b9,1,0.9996040087596877,-0.012057857405167995
0.14,b9,2,0.9996040087596944,-120.01205785741648
0.14,b9,3,0.9996040087596834,119.98794212324061
0.14,b10,1,0.9996036572507421,-0.011835642178322541
0.14,b10,2,0.9996036572507485,-120.01183564218967
0.14,b10,3,0.9996036572507375,119.98816433846747
0.14,b11,1,0.9995898500309528,-0.012502547713694304
0.14,b11,2,0.9995898500309586,-120.01250254772494
0.14,b11,3,0.999589850030947,119.9874974329321
0.14,b12,1,0.9995820991078718,-0.012579342807452515
0.14,b12,2,0.9995820991078775,-120.01257934281867
0.14,b12,3,0.9995820991078652,119.98742063783838
0.16,source,1,0.9997968166735891,-0.011889992082466395
0.16,source,2,0.9997968166735908,-120.01188999209461
0.16,source,3,0.9997968166735951,119.98810998856244
0.16,b1,1,0.9996763654531714,-0.011816178696458507
0.16,b1,2,0.9996763654531781,-120.01181617870805
0.16,b1,3,0.9996763654531712,119.98818380194895
0.16,b2,1,0.9996386023958115,-0.01124510112240829
0.16,b2,2,0.9996386023958215,-120.01124510113382
0.16,b2,3,0.99963860239581,119.98875487952317
0.16,b3,1,0.9996376183367182,-0.010690089535832411
0.16,b3,2,0.9996376183367288,-120.01069008954727
0.16,b3,3,0.9996376183367176,119.98930989110978
0.16,b4,1,0.9996478200914357,-0.01009473683498091
0.16,b4,2,0.9996478200914473,-120.0100947368465
0.16,b4,3,0.9996478200914366,119.98990524381063
0.16,b5,1,0.9996176756459049,-0.011106723248111752
0.16,b5,2,0.9996176756459164,-120.01110672325945
0.16,b5,3,0.9996176756459034,119.9888932573976
0.16,b6,1,0.9996150756179818,-0.011021372656185972
0.16,b6,2,0.9996150756179935,-120.01102137266751
0.16,b6,3,0.9996150756179805,119.98897860798954
0.16,b7,1,0.999617430988357,-0.010885164821417688
0.16,b7,2,0.9996174309883689,-120.01088516483277
0.16,b7,3,0.9996174309883556,119.9891148158243
0.16,b8,1,0.9996151095072938,-0.012192308961597821
0.16,b8,2,0.9996151095073016,-120.01219230897287
0.16,b8,3,0.9996151095072894,119.98780767168405
0.16,b9,1,0.9996040087596861,-0.012057857405294366
0.16,b9,2,0.9996040087596944,-120.01205785741651
0.16,b9,3,0.9996040087596814,119.98794212324039
0.16,b10,1,0.9996036572507402,-0.011835642178455993
0.16,b10,2,0.9996036572507488,-120.01183564218967
0.16,b10,3,0.9996036572507357,119.98816433846723
0.16,b11,1,0.9995898500309515,-0.012502547713827373
0.16,b11,2,0.9995898500309591,-120.01250254772499
0.16,b11,3,0.9995898500309451,119.9874974329319
0.16,b12,1,0.9995820991078702,-0.012579342807579903
0.16,b12,2,0.9995820991078781,-120.01257934281871
0.16,b12,3,0.9995820991078634,119.98742063783816
0.18,source,1,0.9997968166735891,-0.011889992082466395
0.18,source,2,0.9997968166735908,-120.01188999209461
0.18,source,3,0.9997968166735951,119.98810998856244
0.18,b1,1,0.9996763654531714,-0.011816178696458507
0.18,b1,2,0.9996763654531781,-120.01181617870805
0.18,b1,3,0.9996763654531712,119.98818380194895
0.18,b2,1,0.9996386023958115,-0.01124510112240829
0.18,b2,2,0.9996386023958215,-120.01124510113382
0.18,b2,3,0.99963860239581,119.98875487952317
0.18,b3,1,0.9996376183367182,-0.010690089535832411
0.18,b3,2,0.9996376183367288,-120.01069008954727
0.18,b3,3,0.9996376183367176,119.98930989110978
0.18,b4,1,0.9996478200914357,-0.01009473683498091
0.18,b4,2,0.9996478200914473,-120.0100947368465
0.18,b4,3,0.9996478200914366,119.98990524381063
0.18,b5,1,0.9996176756459049,-0.011106723248111752
0.18,b5,2,0.9996176756459164,-120.01110672325945
0.18,b5,3,0.9996176756459034,119.9888932573976
0.18,b6,1,0.9996150756179818,-0.011021372656185972
0.18,b6,2,0.9996150756179935,-120.01102137266751
0.18,b6,3,0.9996150756179805,119.98897860798954
0.18,b7,1,0.999617430988357,-0.010885164821417688
0.18,b7,2,0.9996174309883689,-120.01088516483277
0.18,b7,3,0.9996174309883556,119.9891148158243
0.18,b8,1,0.9996151095072938,-0.012192308961597821
0.18,b8,2,0.9996151095073016,-120.01219230897287
0.18,b8,3,0.9996151095072894,119.98780767168402
0.18,b9,1,0.9996040087596861,-0.012057857405297525
0.18,b9,2,0.9996040087596944,-120.01205785741654
0.18,b9,3,0.9996040087596814,119.98794212324036
0.18,b10,1,0.9996036572507402,-0.011835642178468124
0.18,b10,2,0.9996036572507488,-120.0118356421897
0.18,b10,3,0.9996036572507357,119.98816433846723
0.18,b11,1,0.9995898500309515,-0.01250254771382396
0.18,b11,2,0.9995898500309591,-120.01250254772499
0.18,b11,3,0.9995898500309452,119.9874974329319
0.18,b12,1,0.9995820991078703,-0.012579342807588996
0.18,b12,2,0.9995820991078781,-120.0125793428187
0.18,b12,3,0.9995820991078636,119.98742063783816
0.2,source,1,0.9997968166735905,-0.011889992082403019
0.2,source,2,0.9997968166735907,-120.01188999209458
0.2,source,3,0.9997968166735953,119.98810998856251
0.2,b1,1,0.9996763654531735,-0.011816178696382993
0.2,b1,2,0.9996763654531777,-120.01181617870802
0.2,b1,3,0.9996763654531723,119.98818380194899
0.2,b2,1,0.9996386023958135,-0.011245101122321383
0.2,b2,2,0.999638602395821,-120.0112451011338
0.2,b2,3,0.9996386023958114,119.98875487952324
0.2,b3,1,0.99963761833672,-0.010690089535747918
0.2,b3,2,0.9996376183367286,-120.01069008954727
0.2,b3,3,0.9996376183367188,119.98930989110983
0.2,b4,1,0.9996478200914376,-0.010094736834892952
0.2,b4,2,0.9996478200914466,-120.01009473684647
0.2,b4,3,0.9996478200914378,119.98990524381068
0.2,b5,1,0.9996176756459069,-0.011106723248014845
0.2,b5,2,0.9996176756459163,-120.01110672325942
0.2,b5,3,0.9996176756459041,119.98889325739765
0.2,b6,1,0.9996150756179839,-0.01102137265610104
0.2,b6,2,0.9996150756179935,-120.01102137266751
0.2,b6,3,0.9996150756179812,119.98897860798958
0.2,b7,1,0.9996174309883589,-0.010885164821335792
0.2,b7,2,0.9996174309883687,-120.01088516483274
0.2,b7,3,0.9996174309883565,119.98911481582435
0.2,b8,1,0.9996151095072965,-0.012192308961495164
0.2,b8,2,0.9996151095073004,-120.01219230897287
0.2,b8,3,0.9996151095072913,119.98780767168407
0.2,b9,1,0.9996040087596891,-0.012057857405183774
0.2,b9,2,0.9996040087596929,-120.01205785741654
0.2,b9,3,0.9996040087596838,119.98794212324042
0.2,b10,1,0.9996036572507433,-0.011835642178352854
0.2,b10,2,0.9996036572507474,-120.01183564218972
0.2,b10,3,0.9996036572507385,119.98816433846724
0.2,b11,1,0.999589850030954,-0.01250254771372158
0.2,b11,2,0.999589850030958,-120.01250254772499
0.2,b11,3,0.9995898500309471,119.98749743293193
0.2,b12,1,0.9995820991078729,-0.012579342807482826
0.2,b12,2,0.9995820991078769,-120.0125793428187
0.2,b12,3,0.9995820991078656,119.98742063783818
0.22,source,1,0.9997968166735905,-0.011889992082403019
0.22,source,2,0.9997968166735907,-120.01188999209458
0.22,source,3,0.9997968166735953,119.98810998856251
0.22,b1,1,0.9996763654531735,-0.011816178696382993
0.22,b1,2,0.9996763654531777,-120.01181617870802
0.22,b1,3,0.9996763654531723,119.98818380194899
0.22,b2,1,0.9996386023958135,-0.011245101122321383
0.22,b2,2,0.999638602395821,-120.0112451011338
0.22,b2,3,0.9996386023958114,119.98875487952324
0.22,b3,1,0.99963761833672,-0.010690089535747918
0.22,b3,2,0.9996376183367286,-120.01069008954727
0.22,b3,3,0.9996376183367188,119.98930989110983
0.22,b4,1,0.9996478200914376,-0.010094736834892952
0.22,b4,2,0.9996478200914466,-120.01009473684647
0.22,b4,3,0.9996478200914378,119.98990524381068
0.22,b5,1,0.9996176756459069,-0.011106723248014845
0.22,b5,2,0.9996176756459163,-120.01110672325942
0.22,b5,3,0.9996176756459041,119.98889325739765
0.22,b6,1,0.9996150756179839,-0.01102137265610104
0.22,b6,2,0.9996150756179935,-120.01102137266751
0.22,b6,3,0.9996150756179812,119.98897860798958
0.22,b7,1,0.9996174309883589,-0.010885164821335792
0.22,b7,2,0.9996174309883687,-120.01088516483274
0.22,b7,3,0.9996174309883565,119.98911481582435
0.22,b8,1,0.9996151095072965,-0.012192308961495164
0.22,b8,2,0.9996151095073004,-120.01219230897287
0.22,b8,3,0.9996151095072913,119.98780767168407
0.22,b9,1,0.9996040087596891,-0.012057857405183774
0.22,b9,2,0.9996040087596929,-120.01205785741654
0.22,b9,3,0.9996040087596838,119.98794212324042
0.22,b10,1,0.9996036572507433,-0.011835642178352854
0.22,b10,2,0.9996036572507474,-120.01183564218972
0.22,b10,3,0.9996036572507385,119.98816433846724
0.22,b11,1,0.999589850030954,-0.01250254771372158
0.22,b11,2,0.999589850030958,-120.01250254772499
0.22,b11,3,0.9995898500309471,119.98749743293193
0.22,b12,1,0.9995820991078729,-0.012579342807482826
0.22,b12,2,0.9995820991078769,-120.0125793428187
0.22,b12,3,0.9995820991078656,119.98742063783818
0.24,source,1,0.9997968166735904,-0.011889992082476942
0.24,source,2,0.9997968166735907,-120.01188999209461
0.24,source,3,0.9997968166735961,119.98810998856251
0.24,b1,1,0.9996763654531728,-0.01181617869649087
0.24,b1,2,0.999676365453178,-120.01181617870805
0.24,b1,3,0.9996763654531727,119.98818380194899
0.24,b2,1,0.9996386023958127,-0.011245101122432412
0.24,b2,2,0.9996386023958214,-120.01124510113385
0.24,b2,3,0.9996386023958116,119.98875487952324
0.24,b3,1,0.9996376183367194,-0.01069008953586164
0.24,b3,2,0.9996376183367287,-120.01069008954727
0.24,b3,3,0.9996376183367193,119.98930989110985
0.24,b4,1,0.999647820091437,-0.010094736835008188
0.24,b4,2,0.9996478200914471,-120.0100947368465
0.24,b4,3,0.9996478200914383,119.98990524381071
0.24,b5,1,0.9996176756459064,-0.011106723248127883
0.24,b5,2,0.9996176756459167,-120.01110672325945
0.24,b5,3,0.9996176756459044,119.98889325739765
0.24,b6,1,0.9996150756179834,-0.011021372656213248
0.24,b6,2,0.9996150756179937,-120.01102137266751
0.24,b6,3,0.9996150756179815,119.98897860798958
0.24,b7,1,0.9996174309883585,-0.010885164821441933
0.24,b7,2,0.9996174309883693,-120.01088516483277
0.24,b7,3,0.9996174309883569,119.98911481582435
0.24,b8,1,0.9996151095072954,-0.012192308961637718
0.24,b8,2,0.9996151095073013,-120.01219230897287
0.24,b8,3,0.9996151095072912,119.9878076716841
0.24,b9,1,0.9996040087596878,-0.012057857405344891
0.24,b9,2,0.9996040087596942,-120.01205785741654
0.24,b9,3,0.9996040087596831,119.98794212324042
0.24,b10,1,0.9996036572507421,-0.011835642178519656
0.24,b10,2,0.9996036572507484,-120.01183564218972
0.24,b10,3,0.9996036572507377,119.98816433846727
0.24,b11,1,0.9995898500309528,-0.012502547713871706
0.24,b11,2,0.9995898500309588,-120.01250254772499
0.24,b11,3,0.9995898500309468,119.98749743293196
0.24,b12,1,0.9995820991078718,-0.012579342807631436
0.24,b12,2,0.9995820991078778,-120.0125793428187
0.24,b12,3,0.9995820991078651,119.98742063783823
0.26,source,1,0.9997968166735904,-0.011889992082476942
0.26,source,2,0.9997968166735907,-120.01188999209461
0.26,source,3,0.9997968166735961,119.98810998856251
0.26,b1,1,0.9996763654531728,-0.01181617869649087
0.26,b1,2,0.999676365453178,-120.01181617870805
0.26,b1,3,0.9996763654531727,119.98818380194899
0.26,b2,1,0.9996386023958127,-0.011245101122432412
0.26,b2,2,0.9996386023958214,-120.01124510113385
0.26,b2,3,0.9996386023958116,119.98875487952324
0.26,b3,1,0.9996376183367194,-0.01069008953586164
0.26,b3,2,0.9996376183367287,-120.01069008954727
0.26,b3,3,0.9996376183367193,119.98930989110985
0.26,b4,1,0.999647820091437,-0.010094736835008188
0.26,b4,2,0.9996478200914471,-120.0100947368465
0.26,b4,3,0.9996478200914383,119.98990524381071
0.26,b5,1,0.9996176756459064,-0.011106723248127883
0.26,b5,2,0.9996176756459167,-120.01110672325945
0.26,b5,3,0.9996176756459044,119.98889325739765
0.26,b6,1,0.9996150756179834,-0.011021372656213248
0.26,b6,2,0.9996150756179937,-120.01102137266751
0.26,b6,3,0.9996150756179815,119.98897860798958
0.26,b7,1,0.9996174309883585,-0.010885164821441933
0.26,b7,2,0.9996174309883693,-120.01088516483277
0.26,b7,3,0.9996174309883569,119.98911481582435
0.26,b8,1,0.9996151095072954,-0.012192308961637718
0.26,b8,2,0.9996151095073013,-120.01219230897287
0.26,b8,3,0.9996151095072912,119.9878076716841
0.26,b9,1,0.9996040087596878,-0.012057857405344891
0.26,b9,2,0.9996040087596942,-120.01205785741654
0.26,b9,3,0.9996040087596831,119.98794212324042
0.26,b10,1,0.9996036572507421,-0.011835642178519656
0.26,b10,2,0.9996036572507484,-120.01183564218972
0.26,b10,3,0.9996036572507377,119.98816433846727
0.26,b11,1,0.9995898500309528,-0.012502547713871706
0.26,b11,2,0.9995898500309588,-120.01250254772499
0.26,b11,3,0.9995898500309468,119.98749743293196
0.26,b12,1,0.9995820991078718,-0.012579342807631436
0.26,b12,2,0.9995820991078778,-120.0125793428187
0.26,b12,3,0.9995820991078651,119.98742063783823
0.28,source,1,0.9997968166735904,-0.011889992082476942
0.28,source,2,0.9997968166735907,-120.01188999209461
0.28,source,3,0.9997968166735961,119.98810998856251
0.28,b1,1,0.9996763654531728,-0.01181617869649087
0.28,b1,2,0.999676365453178,-120.01181617870805
0.28,b1,3,0.9996763654531727,119.98818380194899
0.28,b2,1,0.9996386023958127,-0.011245101122432412
0.28,b2,2,0.9996386023958214,-120.01124510113385
0.28,b2,3,0.9996386023958116,119.98875487952324
0.28,b3,1,0.9996376183367194,-0.01069008953586164
0.28,b3,2,0.9996376183367287,-120.01069008954727
0.28,b3,3,0.9996376183367193,119.98930989110985
0.28,b4,1,0.999647820091437,-0.010094736835008188
0.28,b4,2,0.9996478200914471,-120.0100947368465
0.28,b4,3,0.9996478200914383,119.98990524381071
0.28,b5,1,0.9996176756459064,-0.011106723248127883
0.28,b5,2,0.9996176756459167,-120.01110672325945
0.28,b5,3,0.9996176756459044,119.98889325739765
0.28,b6,1,0.9996150756179834,-0.011021372656213248
0.28,b6,2,0.9996150756179937,-120.01102137266751
0.28,b6,3,0.9996150756179815,119.98897860798958
0.28,b7,1,0.9996174309883585,-0.010885164821441933
0.28,b7,2,0.9996174309883693,-120.01088516483277
0.28,b7,3,0.9996174309883569,119.98911481582435
0.28,b8,1,0.9996151095072954,-0.012192308961637718
0.28,b8,2,0.9996151095073013,-120.01219230897287
0.28,b8,3,0.9996151095072912,119.9878076716841
0.28,b9,1,0.9996040087596878,-0.012057857405344891
0.28,b9,2,0.9996040087596942,-120.01205785741654
0.28,b9,3,0.9996040087596831,119.98794212324042
0.28,b10,1,0.9996036572507421,-0.011835642178519656
0.28,b10,2,0.9996036572507484,-120.01183564218972
0.28,b10,3,0.9996036572507377,119.98816433846727
0.28,b11,1,0.9995898500309528,-0.012502547713871706
0.28,b11,2,0.9995898500309588,-120.01250254772499
0.28,b11,3,0.9995898500309468,119.98749743293196
0.28,b12,1,0.9995820991078718,-0.012579342807631436
0.28,b12,2,0.9995820991078778,-120.0125793428187
0.28,b12,3,0.9995820991078651,119.98742063783823
0.3,source,1,0.9997968166735904,-0.011889992082476942
0.3,source,2,0.9997968166735907,-120.01188999209461
0.3,source,3,0.9997968166735961,119.98810998856251
0.3,b1,1,0.9996763654531728,-0.01181617869649087
0.3,b1,2,0.999676365453178,-120.01181617870805
0.3,b1,3,0.9996763654531727,119.98818380194899
0.3,b2,1,0.9996386023958127,-0.011245101122432412
0.3,b2,2,0.9996386023958214,-120.01124510113385
0.3,b2,3,0.9996386023958116,119.98875487952324
0.3,b3,1,0.9996376183367194,-0.01069008953586164
0.3,b3,2,0.9996376183367287,-120.01069008954727
0.3,b3,3,0.9996376183367193,119.98930989110985
0.3,b4,1,0.999647820091437,-0.010094736835008188
0.3,b4,2,0.9996478200914471,-120.0100947368465
0.3,b4,3,0.9996478200914383,119.98990524381071
0.3,b5,1,0.9996176756459064,-0.011106723248127883
0.3,b5,2,0.9996176756459167,-120.01110672325945
0.3,b5,3,0.9996176756459044,119.98889325739765
0.3,b6,1,0.9996150756179834,-0.011021372656213248
0.3,b6,2,0.9996150756179937,-120.01102137266751
0.3,b6,3,0.9996150756179815,119.98897860798958
0.3,b7,1,0.9996174309883585,-0.010885164821441933
0.3,b7,2,0.9996174309883693,-120.01088516483277
0.3,b7,3,0.9996174309883569,119.98911481582435
0.3,b8,1,0.9996151095072954,-0.012192308961637718
0.3,b8,2,0.9996151095073013,-120.01219230897287
0.3,b8,3,0.9996151095072912,119.9878076716841
0.3,b9,1,0.9996040087596878,-0.012057857405344891
0.3,b9,2,0.9996040087596942,-120.01205785741654
0.3,b9,3,0.9996040087596831,119.98794212324042
0.3,b10,1,0.9996036572507421,-0.011835642178519656
0.3,b10,2,0.9996036572507484,-120.01183564218972
0.3,b10,3,0.9996036572507377,119.98816433846727
0.3,b11,1,0.9995898500309528,-0.012502547713871706
0.3,b11,2,0.9995898500309588,-120.01250254772499
0.3,b11,3,0.9995898500309468,119.98749743293196
0.3,b12,1,0.9995820991078718,-0.012579342807631436
0.3,b12,2,0.9995820991078778,-120.0125793428187
0.3,b12,3,0.9995820991078651,119.98742063783823
0.32,source,1,0.9997968166735905,-0.01188999208246638
0.32,source,2,0.9997968166735923,-120.01188999209455
0.32,source,3,0.9997968166735948,119.98810998856241
0.32,b1,1,0.9996763654531733,-0.011816178696501655
0.32,b1,2,0.9996763654531804,-120.011816178708
0.32,b1,3,0.9996763654531702,119.98818380194889
0.32,b2,1,0.9996386023958133,-0.01124510112244206
0.32,b2,2,0.9996386023958238,-120.0112451011338
0.32,b2,3,0.999638602395809,119.98875487952314
0.32,b3,1,0.99963761833672,-0.010690089535871378
0.32,b3,2,0.9996376183367313,-120.01069008954727
0.32,b3,3,0.9996376183367167,119.98930989110973
0.32,b4,1,0.9996478200914376,-0.01009473683501728
0.32,b4,2,0.9996478200914495,-120.01009473684647
0.32,b4,3,0.9996478200914357,119.98990524381058
0.32,b5,1,0.9996176756459069,-0.011106723248138644
0.32,b5,2,0.9996176756459191,-120.01110672325942
0.32,b5,3,0.9996176756459021,119.98889325739755
0.32,b6,1,0.9996150756179839,-0.01102137265621324
0.32,b6,2,0.9996150756179962,-120.01102137266749
0.32,b6,3,0.9996150756179792,119.98897860798948
0.32,b7,1,0.999617430988359,-0.01088516482146012
0.32,b7,2,0.9996174309883715,-120.01088516483274
0.32,b7,3,0.9996174309883544,119.98911481582422
0.32,b8,1,0.9996151095072959,-0.012192308961660518
0.32,b8,2,0.9996151095073037,-120.01219230897284
0.32,b8,3,0.9996151095072882,119.98780767168397
0.32,b9,1,0.9996040087596886,-0.012057857405382788
0.32,b9,2,0.999604008759697,-120.01205785741648
0.32,b9,3,0.99960400875968,119.9879421232403
0.32,b10,1,0.9996036572507427,-0.01183564217855907
0.32,b10,2,0.9996036572507512,-120.0118356421897
0.32,b10,3,0.9996036572507347,119.98816433846712
0.32,b11,1,0.9995898500309538,-0.012502547713875106
0.32,b11,2,0.9995898500309611,-120.01250254772494
0.32,b11,3,0.9995898500309438,119.9874974329318
0.32,b12,1,0.9995820991078727,-0.012579342807646587
0.32,b12,2,0.9995820991078802,-120.01257934281867
0.32,b12,3,0.999582099107862,119.98742063783807
0.34,source,1,0.9997968166735905,-0.01188999208246638
0.34,source,2,0.9997968166735923,-120.01188999209455
0.34,source,3,0.9997968166735948,119.98810998856241
0.34,b1,1,0.9996763654531733,-0.011816178696501655
0.34,b1,2,0.9996763654531804,-120.011816178708
0.34,b1,3,0.9996763654531702,119.98818380194889
0.34,b2,1,0.9996386023958133,-0.01124510112244206
0.34,b2,2,0.9996386023958238,-120.0112451011338
0.34,b2,3,0.999638602395809,119.98875487952314
0.34,b3,1,0.99963761833672,-0.010690089535871378
0.34,b3,2,0.9996376183367313,-120.01069008954727
0.34,b3,3,0.9996376183367167,119.98930989110973
0.34,b4,1,0.9996478200914376,-0.01009473683501728
0.34,b4,2,0.9996478200914495,-120.01009473684647
0.34,b4,3,0.9996478200914357,119.98990524381058
0.34,b5,1,0.9996176756459069,-0.011106723248138644
0.34,b5,2,0.9996176756459191,-120.01110672325942
0.34,b5,3,0.9996176756459021,119.98889325739755
0.34,b6,1,0.9996150756179839,-0.01102137265621324
0.34,b6,2,0.9996150756179962,-120.01102137266749
0.34,b6,3,0.9996150756179792,119.98897860798948
0.34,b7,1,0.999617430988359,-0.01088516482146012
0.34,b7,2,0.9996174309883715,-120.01088516483274
0.34,b7,3,0.9996174309883544,119.98911481582422
0.34,b8,1,0.9996151095072959,-0.012192308961660518
0.34,b8,2,0.9996151095073037,-120.01219230897284
0.34,b8,3,0.9996151095072882,119.98780767168397
0.34,b9,1,0.9996040087596886,-0.012057857405382788
0.34,b9,2,0.999604008759697,-120.01205785741648
0.34,b9,3,0.99960400875968,119.9879421232403
0.34,b10,1,0.9996036572507427,-0.01183564217855907
0.34,b10,2,0.9996036572507512,-120.0118356421897
0.34,b10,3,0.9996036572507347,119.98816433846712
0.34,b11,1,0.9995898500309538,-0.012502547713875106
0.34,b11,2,0.9995898500309611,-120.01250254772494
0.34,b11,3,0.9995898500309438,119.9874974329318
0.34,b12,1,0.9995820991078727,-0.012579342807646587
0.34,b12,2,0.9995820991078802,-120.01257934281867
0.34,b12,3,0.999582099107862,119.98742063783807
0.36,source,1,0.9997968166735905,-0.01188999208246638
0.36,source,2,0.999796816673592,-120.01188999209455
0.36,source,3,0.9997968166735959,119.98810998856244
0.36,b1,1,0.9996763654531733,-0.011816178696501655
0.36,b1,2,0.99967636545318,-120.011816178708
0.36,b1,3,0.9996763654531715,119.98818380194889
0.36,b2,1,0.9996386023958131,-0.011245101122437238
0.36,b2,2,0.9996386023958234,-120.0112451011338
0.36,b2,3,0.9996386023958107,119.98875487952314
0.36,b3,1,0.9996376183367196,-0.010690089535858389
0.36,b3,2,0.9996376183367307,-120.01069008954724
0.36,b3,3,0.9996376183367183,119.98930989110973
0.36,b4,1,0.9996478200914372,-0.010094736835008186
0.36,b4,2,0.999647820091449,-120.01009473684644
0.36,b4,3,0.9996478200914373,119.98990524381055
0.36,b5,1,0.9996176756459064,-0.011106723248144032
0.36,b5,2,0.9996176756459186,-120.01110672325939
0.36,b5,3,0.9996176756459038,119.98889325739755
0.36,b6,1,0.9996150756179834,-0.011021372656225378
0.36,b6,2,0.9996150756179957,-120.01102137266749
0.36,b6,3,0.9996150756179809,119.98897860798948
0.36,b7,1,0.9996174309883585,-0.010885164821469227
0.36,b7,2,0.9996174309883712,-120.01088516483274
0.36,b7,3,0.9996174309883562,119.98911481582425
0.36,b8,1,0.9996151095072959,-0.012192308961660518
0.36,b8,2,0.9996151095073037,-120.01219230897284
0.36,b8,3,0.9996151095072895,119.98780767168397
0.36,b9,1,0.9996040087596886,-0.012057857405382788
0.36,b9,2,0.9996040087596969,-120.01205785741651
0.36,b9,3,0.9996040087596815,119.9879421232403
0.36,b10,1,0.9996036572507427,-0.011835642178556038
0.36,b10,2,0.9996036572507513,-120.0118356421897
0.36,b10,3,0.9996036572507361,119.98816433846712
0.36,b11,1,0.9995898500309538,-0.012502547713885339
0.36,b11,2,0.9995898500309612,-120.01250254772496
0.36,b11,3,0.9995898500309451,119.98749743293183
0.36,b12,1,0.9995820991078727,-0.012579342807646587
0.36,b12,2,0.9995820991078802,-120.01257934281867
0.36,b12,3,0.9995820991078633,119.98742063783807
0.38,source,1,0.9997968166735905,-0.01188999208246638
0.38,source,2,0.999796816673592,-120.01188999209455
0.38,source,3,0.9997968166735959,119.98810998856244
0.38,b1,1,0.9996763654531733,-0.011816178696501655
0.38,b1,2,0.99967636545318,-120.011816178708
0.38,b1,3,0.9996763654531715,119.98818380194889
0.38,b2,1,0.9996386023958131,-0.011245101122437238
0.38,b2,2,0.9996386023958234,-120.0112451011338
0.38,b2,3,0.9996386023958107,119.98875487952314
0.38,b3,1,0.9996376183367196,-0.010690089535858389
0.38,b3,2,0.9996376183367307,-120.01069008954724
0.38,b3,3,0.9996376183367183,119.98930989110973
0.38,b4,1,0.9996478200914372,-0.010094736835008186
0.38,b4,2,0.999647820091449,-120.01009473684644
0.38,b4,3,0.9996478200914373,119.98990524381055
0.38,b5,1,0.9996176756459064,-0.011106723248144032
0.38,b5,2,0.9996176756459186,-120.01110672325939
0.38,b5,3,0.9996176756459038,119.98889325739755
0.38,b6,1,0.9996150756179834,-0.011021372656225378
0.38,b6,2,0.9996150756179957,-120.01102137266749
0.38,b6,3,0.9996150756179809,119.98897860798948
0.38,b7,1,0.9996174309883585,-0.010885164821469227
0.38,b7,2,0.9996174309883712,-120.01088516483274
0.38,b7,3,0.9996174309883562,119.98911481582425
0.38,b8,1,0.9996151095072959,-0.012192308961660518
0.38,b8,2,0.9996151095073037,-120.01219230897284
0.38,b8,3,0.9996151095072895,119.98780767168397
0.38,b9,1,0.9996040087596886,-0.012057857405382788
0.38,b9,2,0.9996040087596969,-120.01205785741651
0.38,b9,3,0.9996040087596815,119.9879421232403
0.38,b10,1,0.9996036572507427,-0.011835642178556038
0.38,b10,2,0.9996036572507513,-120.0118356421897
0.38,b10,3,0.9996036572507361,119.98816433846712
0.38,b11,1,0.9995898500309538,-0.012502547713885339
0.38,b11,2,0.9995898500309612,-120.01250254772496
0.38,b11,3,0.9995898500309451,119.98749743293183
0.38,b12,1,0.9995820991078727,-0.012579342807646587
0.38,b12,2,0.9995820991078802,-120.01257934281867
0.38,b12,3,0.9995820991078633,119.98742063783807
0.4,source,1,0.9997968166735905,-0.01188999208246638
0.4,source,2,0.999796816673592,-120.01188999209455
0.4,source,3,0.9997968166735959,119.98810998856244
0.4,b1,1,0.9996763654531733,-0.011816178696501655
0.4,b1,2,0.99967636545318,-120.011816178708
0.4,b1,3,0.9996763654531715,119.98818380194889
0.4,b2,1,0.9996386023958131,-0.011245101122437238
0.4,b2,2,0.9996386023958234,-120.0112451011338
0.4,b2,3,0.9996386023958107,119.98875487952314
0.4,b3,1,0.9996376183367196,-0.010690089535858389
0.4,b3,2,0.9996376183367307,-120.01069008954724
0.4,b3,3,0.9996376183367183,119.98930989110973
0.4,b4,1,0.9996478200914372,-0.010094736835008186
0.4,b4,2,0.999647820091449,-120.01009473684644
0.4,b4,3,0.9996478200914373,119.98990524381055
0.4,b5,1,0.9996176756459064,-0.011106723248144032
0.4,b5,2,0.9996176756459186,-120.01110672325939
0.4,b5,3,0.9996176756459038,119.98889325739755
0.4,b6,1,0.9996150756179834,-0.011021372656225378
0.4,b6,2,0.9996150756179957,-120.01102137266749
0.4,b6,3,0.9996150756179809,119.98897860798948
0.4,b7,1,0.9996174309883585,-0.010885164821469227
0.4,b7,2,0.9996174309883712,-120.01088516483274
0.4,b7,3,0.9996174309883562,119.98911481582425
0.4,b8,1,0.9996151095072959,-0.012192308961660518
0.4,b8,2,0.9996151095073037,-120.01219230897284
0.4,b8,3,0.9996151095072895,119.98780767168397
0.4,b9,1,0.9996040087596886,-0.012057857405382788
0.4,b9,2,0.9996040087596969,-120.01205785741651
0.4,b9,3,0.9996040087596815,119.9879421232403
0.4,b10,1,0.9996036572507427,-0.011835642178556038
0.4,b10,2,0.9996036572507513,-120.0118356421897
0.4,b10,3,0.9996036572507361,119.98816433846712
0.4,b11,1,0.9995898500309538,-0.012502547713885339
0.4,b11,2,0.9995898500309612,-120.01250254772496
0.4,b11,3,0.9995898500309451,119.98749743293183
0.4,b12,1,0.9995820991078727,-0.012579342807646587
0.4,b12,2,0.9995820991078802,-120.01257934281867
0.4,b12,3,0.9995820991078633,119.98742063783807
0.42,source,1,0.9997968166735905,-0.01188999208246638
0.42,source,2,0.999796816673592,-120.01188999209455
0.42,source,3,0.9997968166735959,119.98810998856244
0.42,b1,1,0.9996763654531733,-0.011816178696501655
0.42,b1,2,0.99967636545318,-120.011816178708
0.42,b1,3,0.9996763654531715,119.98818380194889
0.42,b2,1,0.9996386023958131,-0.011245101122437238
0.42,b2,2,0.9996386023958234,-120.0112451011338
0.42,b2,3,0.9996386023958107,119.98875487952314
0.42,b3,1,0.9996376183367196,-0.010690089535858389
0.42,b3,2,0.9996376183367307,-120.01069008954724
0.42,b3,3,0.9996376183367183,119.98930989110973
0.42,b4,1,0.9996478200914372,-0.010094736835008186
0.42,b4,2,0.999647820091449,-120.01009473684644
0.42,b4,3,0.9996478200914373,119.98990524381055
0.42,b5,1,0.9996176756459064,-0.011106723248144032
0.42,b5,2,0.9996176756459186,-120.01110672325939
0.42,b5,3,0.9996176756459038,119.98889325739755
0.42,b6,1,0.9996150756179834,-0.011021372656225378
0.42,b6,2,0.9996150756179957,-120.01102137266749
0.42,b6,3,0.9996150756179809,119.98897860798948
0.42,b7,1,0.9996174309883585,-0.010885164821469227
0.42,b7,2,0.9996174309883712,-120.01088516483274
0.42,b7,3,0.9996174309883562,119.98911481582425
0.42,b8,1,0.9996151095072959,-0.012192308961660518
0.42,b8,2,0.9996151095073037,-120.01219230897284
0.42,b8,3,0.9996151095072895,119.98780767168397
0.42,b9,1,0.9996040087596886,-0.012057857405382788
0.42,b9,2,0.9996040087596969,-120.01205785741651
0.42,b9,3,0.9996040087596815,119.9879421232403
0.42,b10,1,0.9996036572507427,-0.011835642178556038
0.42,b10,2,0.9996036572507513,-120.0118356421897
0.42,b10,3,0.9996036572507361,119.98816433846712
0.42,b11,1,0.9995898500309538,-0.012502547713885339
0.42,b11,2,0.9995898500309612,-120.01250254772496
0.42,b11,3,0.9995898500309451,119.98749743293183
0.42,b12,1,0.9995820991078727,-0.012579342807646587
0.42,b12,2,0.9995820991078802,-120.01257934281867
0.42,b12,3,0.9995820991078633,119.98742063783807
0.44,source,1,0.9997968166735905,-0.01188999208246638
0.44,source,2,0.999796816673592,-120.01188999209455
0.44,source,3,0.9997968166735959,119.98810998856244
0.44,b1,1,0.9996763654531733,-0.011816178696501655
0.44,b1,2,0.99967636545318,-120.011816178708
0.44,b1,3,0.9996763654531715,119.98818380194889
0.44,b2,1,0.9996386023958131,-0.011245101122437238
0.44,b2,2,0.9996386023958234,-120.0112451011338
0.44,b2,3,0.9996386023958107,119.98875487952314
0.44,b3,1,0.9996376183367196,-0.010690089535858389
0.44,b3,2,0.9996376183367307,-120.01069008954724
0.44,b3,3,0.9996376183367183,119.98930989110973
0.44,b4,1,0.9996478200914372,-0.010094736835008186
0.44,b4,2,0.999647820091449,-120.01009473684644
0.44,b4,3,0.9996478200914373,119.98990524381055
0.44,b5,1,0.9996176756459064,-0.011106723248144032
0.44,b5,2,0.9996176756459186,-120.01110672325939
0.44,b5,3,0.9996176756459038,119.98889325739755
0.44,b6,1,0.9996150756179834,-0.011021372656225378
0.44,b6,2,0.9996150756179957,-120.01102137266749
0.44,b6,3,0.9996150756179809,119.98897860798948
0.44,b7,1,0.9996174309883585,-0.010885164821469227
0.44,b7,2,0.9996174309883712,-120.01088516483274
0.44,b7,3,0.9996174309883562,119.98911481582425
0.44,b8,1,0.9996151095072959,-0.012192308961660518
0.44,b8,2,0.9996151095073037,-120.01219230897284
0.44,b8,3,0.9996151095072895,119.98780767168397
0.44,b9,1,0.9996040087596886,-0.012057857405382788
0.44,b9,2,0.9996040087596969,-120.01205785741651
0.44,b9,3,0.9996040087596815,119.9879421232403
0.44,b10,1,0.9996036572507427,-0.011835642178556038
0.44,b10,2,0.9996036572507513,-120.0118356421897
0.44,b10,3,0.9996036572507361,119.98816433846712
0.44,b11,1,0.9995898500309538,-0.012502547713885339
0.44,b11,2,0.9995898500309612,-120.01250254772496
0.44,b11,3,0.9995898500309451,119.98749743293183
0.44,b12,1,0.9995820991078727,-0.012579342807646587
0.44,b12,2,0.9995820991078802,-120.01257934281867
0.44,b12,3,0.9995820991078633,119.98742063783807
0.46,source,1,0.9997968166735905,-0.01188999208246638
0.46,source,2,0.999796816673592,-120.01188999209455
0.46,source,3,0.9997968166735959,119.98810998856244
0.46,b1,1,0.9996763654531733,-0.011816178696501655
0.46,b1,2,0.99967636545318,-120.011816178708
0.46,b1,3,0.9996763654531715,119.98818380194889
0.46,b2,1,0.9996386023958131,-0.011245101122437238
0.46,b2,2,0.9996386023958234,-120.0112451011338
0.46,b2,3,0.9996386023958107,119.98875487952314
0.46,b3,1,0.9996376183367196,-0.010690089535858389
0.46,b3,2,0.9996376183367307,-120.01069008954724
0.46,b3,3,0.9996376183367183,119.98930989110973
0.46,b4,1,0.9996478200914372,-0.010094736835008186
0.46,b4,2,0.999647820091449,-120.01009473684644
0.46,b4,3,0.9996478200914373,119.98990524381055
0.46,b5,1,0.9996176756459064,-0.011106723248144032
0.46,b5,2,0.9996176756459186,-120.01110672325939
0.46,b5,3,0.9996176756459038,119.98889325739755
0.46,b6,1,0.9996150756179834,-0.011021372656225378
0.46,b6,2,0.9996150756179957,-120.01102137266749
0.46,b6,3,0.9996150756179809,119.98897860798948
0.46,b7,1,0.9996174309883585,-0.010885164821469227
0.46,b7,2,0.9996174309883712,-120.01088516483274
0.46,b7,3,0.9996174309883562,119.98911481582425
0.46,b8,1,0.9996151095072959,-0.012192308961660518
0.46,b8,2,0.9996151095073037,-120.01219230897284
0.46,b8,3,0.9996151095072895,119.98780767168397
0.46,b9,1,0.9996040087596886,-0.012057857405382788
0.46,b9,2,0.9996040087596969,-120.01205785741651
0.46,b9,3,0.9996040087596815,119.9879421232403
0.46,b10,1,0.9996036572507427,-0.011835642178556038
0.46,b10,2,0.9996036572507513,-120.0118356421897
0.46,b10,3,0.9996036572507361,119.98816433846712
0.46,b11,1,0.9995898500309538,-0.012502547713885339
0.46,b11,2,0.9995898500309612,-120.01250254772496
0.46,b11,3,0.9995898500309451,119.98749743293183
0.46,b12,1,0.9995820991078727,-0.012579342807646587
0.46,b12,2,0.9995820991078802,-120.01257934281867
0.46,b12,3,0.9995820991078633,119.98742063783807
0.48,source,1,0.9997968166735905,-0.01188999208246638
0.48,source,2,0.999796816673592,-120.01188999209455
0.48,source,3,0.9997968166735959,119.98810998856244
0.48,b1,1,0.9996763654531733,-0.011816178696501655
0.48,b1,2,0.99967636545318,-120.011816178708
0.48,b1,3,0.9996763654531715,119.98818380194889
0.48,b2,1,0.9996386023958131,-0.011245101122437238
0.48,b2,2,0.9996386023958234,-120.0112451011338
0.48,b2,3,0.9996386023958107,119.98875487952314
0.48,b3,1,0.9996376183367196,-0.010690089535858389
0.48,b3,2,0.9996376183367307,-120.01069008954724
0.48,b3,3,0.9996376183367183,119.98930989110973
0.48,b4,1,0.9996478200914372,-0.010094736835008186
0.48,b4,2,0.999647820091449,-120.01009473684644
0.48,b4,3,0.9996478200914373,119.98990524381055
0.48,b5,1,0.9996176756459064,-0.011106723248144032
0.48,b5,2,0.9996176756459186,-120.01110672325939
0.48,b5,3,0.9996176756459038,119.98889325739755
0.48,b6,1,0.9996150756179834,-0.011021372656225378
0.48,b6,2,0.9996150756179957,-120.01102137266749
0.48,b6,3,0.9996150756179809,119.98897860798948
0.48,b7,1,0.9996174309883585,-0.010885164821469227
0.48,b7,2,0.9996174309883712,-120.01088516483274
0.48,b7,3,0.9996174309883562,119.98911481582425
0.48,b8,1,0.9996151095072959,-0.012192308961660518
0.48,b8,2,0.9996151095073037,-120.01219230897284
0.48,b8,3,0.9996151095072895,119.98780767168397
0.48,b9,1,0.9996040087596886,-0.012057857405382788
0.48,b9,2,0.9996040087596969,-120.01205785741651
0.48,b9,3,0.9996040087596815,119.9879421232403
0.48,b10,1,0.9996036572507427,-0.011835642178556038
0.48,b10,2,0.9996036572507513,-120.0118356421897
0.48,b10,3,0.9996036572507361,119.98816433846712
0.48,b11,1,0.9995898500309538,-0.012502547713885339
0.48,b11,2,0.9995898500309612,-120.01250254772496
0.48,b11,3,0.9995898500309451,119.98749743293183
0.48,b12,1,0.9995820991078727,-0.012579342807646587
0.48,b12,2,0.9995820991078802,-120.01257934281867
0.48,b12,3,0.9995820991078633,119.98742063783807
0.5,source,1,0.9997968166735905,-0.01188999208246638
0.5,source,2,0.999796816673592,-120.01188999209455
0.5,source,3,0.9997968166735959,119.98810998856244
0.5,b1,1,0.9996763654531733,-0.011816178696501655
0.5,b1,2,0.99967636545318,-120.011816178708
0.5,b1,3,0.9996763654531715,119.98818380194889
0.5,b2,1,0.9996386023958131,-0.011245101122437238
0.5,b2,2,0.9996386023958234,-120.0112451011338
0.5,b2,3,0.9996386023958107,119.98875487952314
0.5,b3,1,0.9996376183367196,-0.010690089535858389
0.5,b3,2,0.9996376183367307,-120.01069008954724
0.5,b3,3,0.9996376183367183,119.98930989110973
0.5,b4,1,0.9996478200914372,-0.010094736835008186
0.5,b4,2,0.999647820091449,-120.01009473684644
0.5,b4,3,0.9996478200914373,119.98990524381055
0.5,b5,1,0.9996176756459064,-0.011106723248144032
0.5,b5,2,0.9996176756459186,-120.01110672325939
0.5,b5,3,0.9996176756459038,119.98889325739755
0.5,b6,1,0.9996150756179834,-0.011021372656225378
0.5,b6,2,0.9996150756179957,-120.01102137266749
0.5,b6,3,0.9996150756179809,119.98897860798948
0.5,b7,1,0.9996174309883585,-0.010885164821469227
0.5,b7,2,0.9996174309883712,-120.01088516483274
0.5,b7,3,0.9996174309883562,119.98911481582425
0.5,b8,1,0.9996151095072959,-0.012192308961660518
0.5,b8,2,0.9996151095073037,-120.01219230897284
0.5,b8,3,0.9996151095072895,119.98780767168397
0.5,b9,1,0.9996040087596886,-0.012057857405382788
0.5,b9,2,0.9996040087596969,-120.01205785741651
0.5,b9,3,0.9996040087596815,119.9879421232403
0.5,b10,1,0.9996036572507427,-0.011835642178556038
0.5,b10,2,0.9996036572507513,-120.0118356421897
0.5,b10,3,0.9996036572507361,119.98816433846712
0.5,b11,1,0.9995898500309538,-0.012502547713885339
0.5,b11,2,0.9995898500309612,-120.01250254772496
0.5,b11,3,0.9995898500309451,119.98749743293183
0.5,b12,1,0.9995820991078727,-0.012579342807646587
0.5,b12,2,0.9995820991078802,-120.01257934281867
0.5,b12,3,0.9995820991078633,119.98742063783807
0.52,source,1,0.9997968166735905,-0.01188999208246638
0.52,source,2,0.999796816673592,-120.01188999209455
0.52,source,3,0.9997968166735959,119.98810998856244
0.52,b1,1,0.9996763654531733,-0.011816178696501655
0.52,b1,2,0.99967636545318,-120.011816178708
0.52,b1,3,0.9996763654531715,119.98818380194889
0.52,b2,1,0.9996386023958131,-0.011245101122437238
0.52,b2,2,0.9996386023958234,-120.0112451011338
0.52,b2,3,0.9996386023958107,119.98875487952314
0.52,b3,1,0.9996376183367196,-0.010690089535858389
0.52,b3,2,0.9996376183367307,-120.01069008954724
0.52,b3,3,0.9996376183367183,119.98930989110973
0.52,b4,1,0.9996478200914372,-0.010094736835008186
0.52,b4,2,0.999647820091449,-120.01009473684644
0.52,b4,3,0.9996478200914373,119.98990524381055
0.52,b5,1,0.9996176756459064,-0.011106723248144032
0.52,b5,2,0.9996176756459186,-120.01110672325939
0.52,b5,3,0.9996176756459038,119.98889325739755
0.52,b6,1,0.9996150756179834,-0.011021372656225378
0.52,b6,2,0.9996150756179957,-120.01102137266749
0.52,b6,3,0.9996150756179809,119.98897860798948
0.52,b7,1,0.9996174309883585,-0.010885164821469227
0.52,b7,2,0.9996174309883712,-120.01088516483274
0.52,b7,3,0.9996174309883562,119.98911481582425
0.52,b8,1,0.9996151095072959,-0.012192308961660518
0.52,b8,2,0.9996151095073037,-120.01219230897284
0.52,b8,3,0.9996151095072895,119.98780767168397
0.52,b9,1,0.9996040087596886,-0.012057857405382788
0.52,b9,2,0.9996040087596969,-120.01205785741651
0.52,b9,3,0.9996040087596815,119.9879421232403
0.52,b10,1,0.9996036572507427,-0.011835642178556038
0.52,b10,2,0.9996036572507513,-120.0118356421897
0.52,b10,3,0.9996036572507361,119.98816433846712
0.52,b11,1,0.9995898500309538,-0.012502547713885339
0.52,b11,2,0.9995898500309612,-120.01250254772496
0.52,b11,3,0.9995898500309451,119.98749743293183
0.52,b12,1,0.9995820991078727,-0.012579342807646587
0.52,b12,2,0.9995820991078802,-120.01257934281867
0.52,b12,3,0.9995820991078633,119.98742063783807
0.54,source,1,0.9997968166735905,-0.01188999208246638
0.54,source,2,0.999796816673592,-120.01188999209455
0.54,source,3,0.9997968166735959,119.98810998856244
0.54,b1,1,0.9996763654531733,-0.011816178696501655
0.54,b1,2,0.99967636545318,-120.011816178708
0.54,b1,3,0.9996763654531715,119.98818380194889
0.54,b2,1,0.9996386023958131,-0.011245101122437238
0.54,b2,2,0.9996386023958234,-120.0112451011338
0.54,b2,3,0.9996386023958107,119.98875487952314
0.54,b3,1,0.9996376183367196,-0.010690089535858389
0.54,b3,2,0.9996376183367307,-120.01069008954724
0.54,b3,3,0.9996376183367183,119.98930989110973
0.54,b4,1,0.9996478200914372,-0.010094736835008186
0.54,b4,2,0.999647820091449,-120.01009473684644
0.54,b4,3,0.9996478200914373,119.98990524381055
0.54,b5,1,0.9996176756459064,-0.011106723248144032
0.54,b5,2,0.9996176756459186,-120.01110672325939
0.54,b5,3,0.9996176756459038,119.98889325739755
0.54,b6,1,0.9996150756179834,-0.011021372656225378
0.54,b6,2,0.9996150756179957,-120.01102137266749
0.54,b6,3,0.9996150756179809,119.98897860798948
0.54,b7,1,0.9996174309883585,-0.010885164821469227
0.54,b7,2,0.9996174309883712,-120.01088516483274
0.54,b7,3,0.9996174309883562,119.98911481582425
0.54,b8,1,0.9996151095072959,-0.012192308961660518
0.54,b8,2,0.9996151095073037,-120.01219230897284
0.54,b8,3,0.9996151095072895,119.98780767168397
0.54,b9,1,0.9996040087596886,-0.012057857405382788
0.54,b9,2,0.9996040087596969,-120.01205785741651
0.54,b9,3,0.9996040087596815,119.9879421232403
0.54,b10,1,0.9996036572507427,-0.011835642178556038
0.54,b10,2,0.9996036572507513,-120.0118356421897
0.54,b10,3,0.9996036572507361,119.98816433846712
0.54,b11,1,0.9995898500309538,-0.012502547713885339
0.54,b11,2,0.9995898500309612,-120.01250254772496
0.54,b11,3,0.9995898500309451,119.98749743293183
0.54,b12,1,0.9995820991078727,-0.012579342807646587
0.54,b12,2,0.9995820991078802,-120.01257934281867
0.54,b12,3,0.9995820991078633,119.98742063783807
0.56,source,1,0.9997968166735905,-0.01188999208246638
0.56,source,2,0.999796816673592,-120.01188999209455
0.56,source,3,0.9997968166735959,119.98810998856244
0.56,b1,1,0.9996763654531733,-0.011816178696501655
0.56,b1,2,0.99967636545318,-120.011816178708
0.56,b1,3,0.9996763654531715,119.98818380194889
0.56,b2,1,0.9996386023958131,-0.011245101122437238
0.56,b2,2,0.9996386023958234,-120.0112451011338
0.56,b2,3,0.9996386023958107,119.98875487952314
0.56,b3,1,0.9996376183367196,-0.010690089535858389
0.56,b3,2,0.9996376183367307,-120.01069008954724
0.56,b3,3,0.9996376183367183,119.98930989110973
0.56,b4,1,0.9996478200914372,-0.010094736835008186
0.56,b4,2,0.999647820091449,-120.01009473684644
0.56,b4,3,0.9996478200914373,119.98990524381055
0.56,b5,1,0.9996176756459064,-0.011106723248144032
0.56,b5,2,0.9996176756459186,-120.01110672325939
0.56,b5,3,0.9996176756459038,119.98889325739755
0.56,b6,1,0.9996150756179834,-0.011021372656225378
0.56,b6,2,0.9996150756179957,-120.01102137266749
0.56,b6,3,0.9996150756179809,119.98897860798948
0.56,b7,1,0.9996174309883585,-0.010885164821469227
0.56,b7,2,0.9996174309883712,-120.01088516483274
0.56,b7,3,0.9996174309883562,119.98911481582425
0.56,b8,1,0.9996151095072959,-0.012192308961660518
0.56,b8,2,0.9996151095073037,-120.01219230897284
0.56,b8,3,0.9996151095072895,119.98780767168397
0.56,b9,1,0.9996040087596886,-0.012057857405382788
0.56,b9,2,0.9996040087596969,-120.01205785741651
0.56,b9,3,0.9996040087596815,119.9879421232403
0.56,b10,1,0.9996036572507427,-0.011835642178556038
0.56,b10,2,0.9996036572507513,-120.0118356421897
0.56,b10,3,0.9996036572507361,119.98816433846712
0.56,b11,1,0.9995898500309538,-0.012502547713885339
0.56,b11,2,0.9995898500309612,-120.01250254772496
0.56,b11,3,0.9995898500309451,119.98749743293183
0.56,b12,1,0.9995820991078727,-0.012579342807646587
0.56,b12,2,0.9995820991078802,-120.01257934281867
0.56,b12,3,0.9995820991078633,119.98742063783807
0.58,source,1,0.9997968166735905,-0.01188999208246638
0.58,source,2,0.999796816673592,-120.01188999209455
0.58,source,3,0.9997968166735959,119.98810998856244
0.58,b1,1,0.9996763654531733,-0.011816178696501655
0.58,b1,2,0.99967636545318,-120.011816178708
0.58,b1,3,0.9996763654531715,119.98818380194889
0.58,b2,1,0.9996386023958131,-0.011245101122437238
0.58,b2,2,0.9996386023958234,-120.0112451011338
0.58,b2,3,0.9996386023958107,119.98875487952314
0.58,b3,1,0.9996376183367196,-0.010690089535858389
0.58,b3,2,0.9996376183367307,-120.01069008954724
0.58,b3,3,0.9996376183367183,119.98930989110973
0.58,b4,1,0.9996478200914372,-0.010094736835008186
0.58,b4,2,0.999647820091449,-120.01009473684644
0.58,b4,3,0.9996478200914373,119.98990524381055
0.58,b5,1,0.9996176756459064,-0.011106723248144032
0.58,b5,2,0.9996176756459186,-120.01110672325939
0.58,b5,3,0.9996176756459038,119.98889325739755
0.58,b6,1,0.9996150756179834,-0.011021372656225378
0.58,b6,2,0.9996150756179957,-120.01102137266749
0.58,b6,3,0.9996150756179809,119.98897860798948
0.58,b7,1,0.9996174309883585,-0.010885164821469227
0.58,b7,2,0.9996174309883712,-120.01088516483274
0.58,b7,3,0.9996174309883562,119.98911481582425
0.58,b8,1,0.9996151095072959,-0.012192308961660518
0.58,b8,2,0.9996151095073037,-120.01219230897284
0.58,b8,3,0.9996151095072895,119.98780767168397
0.58,b9,1,0.9996040087596886,-0.012057857405382788
0.58,b9,2,0.9996040087596969,-120.01205785741651
0.58,b9,3,0.9996040087596815,119.9879421232403
0.58,b10,1,0.9996036572507427,-0.011835642178556038
0.58,b10,2,0.9996036572507513,-120.0118356421897
0.58,b10,3,0.9996036572507361,119.98816433846712
0.58,b11,1,0.9995898500309538,-0.012502547713885339
0.58,b11,2,0.9995898500309612,-120.01250254772496
0.58,b11,3,0.9995898500309451,119.98749743293183
0.58,b12,1,0.9995820991078727,-0.012579342807646587
0.58,b12,2,0.9995820991078802,-120.01257934281867
0.58,b12,3,0.9995820991078633,119.98742063783807
0.6,source,1,0.9997968166735905,-0.01188999208246638
0.6,source,2,0.999796816673592,-120.01188999209455
0.6,source,3,0.9997968166735959,119.98810998856244
0.6,b1,1,0.9996763654531733,-0.011816178696501655
0.6,b1,2,0.99967636545318,-120.011816178708
0.6,b1,3,0.9996763654531715,119.98818380194889
0.6,b2,1,0.9996386023958131,-0.011245101122437238
0.6,b2,2,0.9996386023958234,-120.0112451011338
0.6,b2,3,0.9996386023958107,119.98875487952314
0.6,b3,1,0.9996376183367196,-0.010690089535858389
0.6,b3,2,0.9996376183367307,-120.01069008954724
0.6,b3,3,0.9996376183367183,119.98930989110973
0.6,b4,1,0.9996478200914372,-0.010094736835008186
0.6,b4,2,0.999647820091449,-120.01009473684644
0.6,b4,3,0.9996478200914373,119.98990524381055
0.6,b5,1,0.9996176756459064,-0.011106723248144032
0.6,b5,2,0.9996176756459186,-120.01110672325939
0.6,b5,3,0.9996176756459038,119.98889325739755
0.6,b6,1,0.9996150756179834,-0.011021372656225378
0.6,b6,2,0.9996150756179957,-120.01102137266749
0.6,b6,3,0.9996150756179809,119.98897860798948
0.6,b7,1,0.9996174309883585,-0.010885164821469227
0.6,b7,2,0.9996174309883712,-120.01088516483274
0.6,b7,3,0.9996174309883562,119.98911481582425
0.6,b8,1,0.9996151095072959,-0.012192308961660518
0.6,b8,2,0.9996151095073037,-120.01219230897284
0.6,b8,3,0.9996151095072895,119.98780767168397
0.6,b9,1,0.9996040087596886,-0.012057857405382788
0.6,b9,2,0.9996040087596969,-120.01205785741651
0.6,b9,3,0.9996040087596815,119.9879421232403
0.6,b10,1,0.9996036572507427,-0.011835642178556038
0.6,b10,2,0.9996036572507513,-120.0118356421897
0.6,b10,3,0.9996036572507361,119.98816433846712
0.6,b11,1,0.9995898500309538,-0.012502547713885339
0.6,b11,2,0.9995898500309612,-120.01250254772496
0.6,b11,3,0.9995898500309451,119.98749743293183
0.6,b12,1,0.9995820991078727,-0.012579342807646587
0.6,b12,2,0.9995820991078802,-120.01257934281867
0.6,b12,3,0.9995820991078633,119.98742063783807
0.62,source,1,0.9997968166735905,-0.01188999208246638
0.62,source,2,0.999796816673592,-120.01188999209455
0.62,source,3,0.9997968166735959,119.98810998856244
0.62,b1,1,0.9996763654531733,-0.011816178696501655
0.62,b1,2,0.99967636545318,-120.011816178708
0.62,b1,3,0.9996763654531715,119.98818380194889
0.62,b2,1,0.9996386023958131,-0.011245101122437238
0.62,b2,2,0.9996386023958234,-120.0112451011338
0.62,b2,3,0.9996386023958107,119.98875487952314
0.62,b3,1,0.9996376183367196,-0.010690089535858389
0.62,b3,2,0.9996376183367307,-120.01069008954724
0.62,b3,3,0.9996376183367183,119.98930989110973
0.62,b4,1,0.9996478200914372,-0.010094736835008186
0.62,b4,2,0.999647820091449,-120.01009473684644
0.62,b4,3,0.9996478200914373,119.98990524381055
0.62,b5,1,0.9996176756459064,-0.011106723248144032
0.62,b5,2,0.9996176756459186,-120.01110672325939
0.62,b5,3,0.9996176756459038,119.98889325739755
0.62,b6,1,0.9996150756179834,-0.011021372656225378
0.62,b6,2,0.9996150756179957,-120.01102137266749
0.62,b6,3,0.9996150756179809,119.98897860798948
0.62,b7,1,0.9996174309883585,-0.010885164821469227
0.62,b7,2,0.9996174309883712,-120.01088516483274
0.62,b7,3,0.9996174309883562,119.98911481582425
0.62,b8,1,0.9996151095072959,-0.012192308961660518
0.62,b8,2,0.9996151095073037,-120.01219230897284
0.62,b8,3,0.9996151095072895,119.98780767168397
0.62,b9,1,0.9996040087596886,-0.012057857405382788
0.62,b9,2,0.9996040087596969,-120.01205785741651
0.62,b9,3,0.9996040087596815,119.9879421232403
0.62,b10,1,0.9996036572507427,-0.011835642178556038
0.62,b10,2,0.9996036572507513,-120.0118356421897
0.62,b10,3,0.9996036572507361,119.98816433846712
0.62,b11,1,0.9995898500309538,-0.012502547713885339
0.62,b11,2,0.9995898500309612,-120.01250254772496
0.62,b11,3,0.9995898500309451,119.98749743293183
0.62,b12,1,0.9995820991078727,-0.012579342807646587
0.62,b12,2,0.9995820991078802,-120.01257934281867
0.62,b12,3,0.9995820991078633,119.98742063783807
0.64,source,1,0.9997968166735905,-0.01188999208246638
0.64,source,2,0.999796816673592,-120.01188999209455
0.64,source,3,0.9997968166735959,119.98810998856244
0.64,b1,1,0.9996763654531733,-0.011816178696501655
0.64,b1,2,0.99967636545318,-120.011816178708
0.64,b1,3,0.9996763654531715,119.98818380194889
0.64,b2,1,0.9996386023958131,-0.011245101122437238
0.64,b2,2,0.9996386023958234,-120.0112451011338
0.64,b2,3,0.9996386023958107,119.98875487952314
0.64,b3,1,0.9996376183367196,-0.010690089535858389
0.64,b3,2,0.9996376183367307,-120.01069008954724
0.64,b3,3,0.9996376183367183,119.98930989110973
0.64,b4,1,0.9996478200914372,-0.010094736835008186
0.64,b4,2,0.999647820091449,-120.01009473684644
0.64,b4,3,0.9996478200914373,119.98990524381055
0.64,b5,1,0.9996176756459064,-0.011106723248144032
0.64,b5,2,0.9996176756459186,-120.01110672325939
0.64,b5,3,0.9996176756459038,119.98889325739755
0.64,b6,1,0.9996150756179834,-0.011021372656225378
0.64,b6,2,0.9996150756179957,-120.01102137266749
0.64,b6,3,0.9996150756179809,119.98897860798948
0.64,b7,1,0.9996174309883585,-0.010885164821469227
0.64,b7,2,0.9996174309883712,-120.01088516483274
0.64,b7,3,0.9996174309883562,119.98911481582425
0.64,b8,1,0.9996151095072959,-0.012192308961660518
0.64,b8,2,0.9996151095073037,-120.01219230897284
0.64,b8,3,0.9996151095072895,119.98780767168397
0.64,b9,1,0.9996040087596886,-0.012057857405382788
0.64,b9,2,0.9996040087596969,-120.01205785741651
0.64,b9,3,0.9996040087596815,119.9879421232403
0.64,b10,1,0.9996036572507427,-0.011835642178556038
0.64,b10,2,0.9996036572507513,-120.0118356421897
0.64,b10,3,0.9996036572507361,119.98816433846712
0.64,b11,1,0.9995898500309538,-0.012502547713885339
0.64,b11,2,0.9995898500309612,-120.01250254772496
0.64,b11,3,0.9995898500309451,119.98749743293183
0.64,b12,1,0.9995820991078727,-0.012579342807646587
0.64,b12,2,0.9995820991078802,-120.01257934281867
0.64,b12,3,0.9995820991078633,119.98742063783807
0.66,source,1,0.9997968166735905,-0.01188999208246638
0.66,source,2,0.999796816673592,-120.01188999209455
0.66,source,3,0.9997968166735959,119.98810998856244
0.66,b1,1,0.9996763654531733,-0.011816178696501655
0.66,b1,2,0.99967636545318,-120.011816178708
0.66,b1,3,0.9996763654531715,119.98818380194889
0.66,b2,1,0.9996386023958131,-0.011245101122437238
0.66,b2,2,0.9996386023958234,-120.0112451011338
0.66,b2,3,0.9996386023958107,119.98875487952314
0.66,b3,1,0.9996376183367196,-0.010690089535858389
0.66,b3,2,0.9996376183367307,-120.01069008954724
0.66,b3,3,0.9996376183367183,119.98930989110973
0.66,b4,1,0.9996478200914372,-0.010094736835008186
0.66,b4,2,0.999647820091449,-120.01009473684644
0.66,b4,3,0.9996478200914373,119.98990524381055
0.66,b5,1,0.9996176756459064,-0.011106723248144032
0.66,b5,2,0.9996176756459186,-120.01110672325939
0.66,b5,3,0.9996176756459038,119.98889325739755
0.66,b6,1,0.9996150756179834,-0.011021372656225378
0.66,b6,2,0.9996150756179957,-120.01102137266749
0.66,b6,3,0.9996150756179809,119.98897860798948
0.66,b7,1,0.9996174309883585,-0.010885164821469227
0.66,b7,2,0.9996174309883712,-120.01088516483274
0.66,b7,3,0.9996174309883562,119.98911481582425
0.66,b8,1,0.9996151095072959,-0.012192308961660518
0.66,b8,2,0.9996151095073037,-120.01219230897284
0.66,b8,3,0.9996151095072895,119.98780767168397
0.66,b9,1,0.9996040087596886,-0.012057857405382788
0.66,b9,2,0.9996040087596969,-120.01205785741651
0.66,b9,3,0.9996040087596815,119.9879421232403
0.66,b10,1,0.9996036572507427,-0.011835642178556038
0.66,b10,2,0.9996036572507513,-120.0118356421897
0.66,b10,3,0.9996036572507361,119.98816433846712
0.66,b11,1,0.9995898500309538,-0.012502547713885339
0.66,b11,2,0.9995898500309612,-120.01250254772496
0.66,b11,3,0.9995898500309451,119.98749743293183
0.66,b12,1,0.9995820991078727,-0.012579342807646587
0.66,b12,2,0.9995820991078802,-120.01257934281867
0.66,b12,3,0.9995820991078633,119.98742063783807
0.68,source,1,0.9997968166735905,-0.01188999208246638
0.68,source,2,0.999796816673592,-120.01188999209455
0.68,source,3,0.9997968166735959,119.98810998856244
0.68,b1,1,0.9996763654531733,-0.011816178696501655
0.68,b1,2,0.99967636545318,-120.011816178708
0.68,b1,3,0.9996763654531715,119.98818380194889
0.68,b2,1,0.9996386023958131,-0.011245101122437238
0.68,b2,2,0.9996386023958234,-120.0112451011338
0.68,b2,3,0.9996386023958107,119.98875487952314
0.68,b3,1,0.9996376183367196,-0.010690089535858389
0.68,b3,2,0.9996376183367307,-120.01069008954724
0.68,b3,3,0.9996376183367183,119.98930989110973
0.68,b4,1,0.9996478200914372,-0.010094736835008186
0.68,b4,2,0.999647820091449,-120.01009473684644
0.68,b4,3,0.9996478200914373,119.98990524381055
0.68,b5,1,0.9996176756459064,-0.011106723248144032
0.68,b5,2,0.9996176756459186,-120.01110672325939
0.68,b5,3,0.9996176756459038,119.98889325739755
0.68,b6,1,0.9996150756179834,-0.011021372656225378
0.68,b6,2,0.9996150756179957,-120.01102137266749
0.68,b6,3,0.9996150756179809,119.98897860798948
0.68,b7,1,0.9996174309883585,-0.010885164821469227
0.68,b7,2,0.9996174309883712,-120.01088516483274
0.68,b7,3,0.9996174309883562,119.98911481582425
0.68,b8,1,0.9996151095072959,-0.012192308961660518
0.68,b8,2,0.9996151095073037,-120.01219230897284
0.68,b8,3,0.9996151095072895,119.98780767168397
0.68,b9,1,0.9996040087596886,-0.012057857405382788
0.68,b9,2,0.9996040087596969,-120.01205785741651
0.68,b9,3,0.9996040087596815,119.9879421232403
0.68,b10,1,0.9996036572507427,-0.011835642178556038
0.68,b10,2,0.9996036572507513,-120.0118356421897
0.68,b10,3,0.9996036572507361,119.98816433846712
0.68,b11,1,0.9995898500309538,-0.012502547713885339
0.68,b11,2,0.9995898500309612,-120.01250254772496
0.68,b11,3,0.9995898500309451,119.98749743293183
0.68,b12,1,0.9995820991078727,-0.012579342807646587
0.68,b12,2,0.9995820991078802,-120.01257934281867
0.68,b12,3,0.9995820991078633,119.98742063783807
0.7000000000000001,source,1,0.9997968166735905,-0.01188999208246638
0.7000000000000001,source,2,0.999796816673592,-120.01188999209455
0.7000000000000001,source,3,0.9997968166735959,119.98810998856244
0.7000000000000001,b1,1,0.9996763654531733,-0.011816178696501655
0.7000000000000001,b1,2,0.99967636545318,-120.011816178708
0.7000000000000001,b1,3,0.9996763654531715,119.98818380194889
0.7000000000000001,b2,1,0.9996386023958131,-0.011245101122437238
0.7000000000000001,b2,2,0.9996386023958234,-120.0112451011338
0.7000000000000001,b2,3,0.9996386023958107,119.98875487952314
0.7000000000000001,b3,1,0.9996376183367196,-0.010690089535858389
0.7000000000000001,b3,2,0.9996376183367307,-120.01069008954724
0.7000000000000001,b3,3,0.9996376183367183,119.98930989110973
0.7000000000000001,b4,1,0.9996478200914372,-0.010094736835008186
0.7000000000000001,b4,2,0.999647820091449,-120.01009473684644
0.7000000000000001,b4,3,0.9996478200914373,119.98990524381055
0.7000000000000001,b5,1,0.9996176756459064,-0.011106723248144032
0.7000000000000001,b5,2,0.9996176756459186,-120.01110672325939
0.7000000000000001,b5,3,0.9996176756459038,119.98889325739755
0.7000000000000001,b6,1,0.9996150756179834,-0.011021372656225378
0.7000000000000001,b6,2,0.9996150756179957,-120.01102137266749
0.7000000000000001,b6,3,0.9996150756179809,119.98897860798948
0.7000000000000001,b7,1,0.9996174309883585,-0.010885164821469227
0.7000000000000001,b7,2,0.9996174309883712,-120.01088516483274
0.7000000000000001,b7,3,0.9996174309883562,119.98911481582425
0.7000000000000001,b8,1,0.9996151095072959,-0.012192308961660518
0.7000000000000001,b8,2,0.9996151095073037,-120.01219230897284
0.7000000000000001,b8,3,0.9996151095072895,119.98780767168397
0.7000000000000001,b9,1,0.9996040087596886,-0.012057857405382788
0.7000000000000001,b9,2,0.9996040087596969,-120.01205785741651
0.7000000000000001,b9,3,0.9996040087596815,119.9879421232403
0.7000000000000001,b10,1,0.9996036572507427,-0.011835642178556038
0.7000000000000001,b10,2,0.9996036572507513,-120.0118356421897
0.7000000000000001,b10,3,0.9996036572507361,119.98816433846712
0.7000000000000001,b11,1,0.9995898500309538,-0.012502547713885339
0.7000000000000001,b11,2,0.9995898500309612,-120.01250254772496
0.7000000000000001,b11,3,0.9995898500309451,119.98749743293183
0.7000000000000001,b12,1,0.9995820991078727,-0.012579342807646587
0.7000000000000001,b12,2,0.9995820991078802,-120.01257934281867
0.7000000000000001,b12,3,0.9995820991078633,119.98742063783807
0.72,source,1,0.9997968166735905,-0.01188999208246638
0.72,source,2,0.999796816673592,-120.01188999209455
0.72,source,3,0.9997968166735959,119.98810998856244
0.72,b1,1,0.9996763654531733,-0.011816178696501655
0.72,b1,2,0.99967636545318,-120.011816178708
0.72,b1,3,0.9996763654531715,119.98818380194889
0.72,b2,1,0.9996386023958131,-0.011245101122437238
0.72,b2,2,0.9996386023958234,-120.0112451011338
0.72,b2,3,0.9996386023958107,119.98875487952314
0.72,b3,1,0.9996376183367196,-0.010690089535858389
0.72,b3,2,0.9996376183367307,-120.01069008954724
0.72,b3,3,0.9996376183367183,119.98930989110973
0.72,b4,1,0.9996478200914372,-0.010094736835008186
0.72,b4,2,0.999647820091449,-120.01009473684644
0.72,b4,3,0.9996478200914373,119.98990524381055
0.72,b5,1,0.9996176756459064,-0.011106723248144032
0.72,b5,2,0.9996176756459186,-120.01110672325939
0.72,b5,3,0.9996176756459038,119.98889325739755
0.72,b6,1,0.9996150756179834,-0.011021372656225378
0.72,b6,2,0.9996150756179957,-120.01102137266749
0.72,b6,3,0.9996150756179809,119.98897860798948
0.72,b7,1,0.9996174309883585,-0.010885164821469227
0.72,b7,2,0.9996174309883712,-120.01088516483274
0.72,b7,3,0.9996174309883562,119.98911481582425
0.72,b8,1,0.9996151095072959,-0.012192308961660518
0.72,b8,2,0.9996151095073037,-120.01219230897284
0.72,b8,3,0.9996151095072895,119.98780767168397
0.72,b9,1,0.9996040087596886,-0.012057857405382788
0.72,b9,2,0.9996040087596969,-120.01205785741651
0.72,b9,3,0.9996040087596815,119.9879421232403
0.72,b10,1,0.9996036572507427,-0.011835642178556038
0.72,b10,2,0.9996036572507513,-120.0118356421897
0.72,b10,3,0.9996036572507361,119.98816433846712
0.72,b11,1,0.9995898500309538,-0.012502547713885339
0.72,b11,2,0.9995898500309612,-120.01250254772496
0.72,b11,3,0.9995898500309451,119.98749743293183
0.72,b12,1,0.9995820991078727,-0.012579342807646587
0.72,b12,2,0.9995820991078802,-120.01257934281867
0.72,b12,3,0.9995820991078633,119.98742063783807
0.74,source,1,0.9997968166735905,-0.01188999208246638
0.74,source,2,0.999796816673592,-120.01188999209455
0.74,source,3,0.9997968166735959,119.98810998856244
0.74,b1,1,0.9996763654531733,-0.011816178696501655
0.74,b1,2,0.99967636545318,-120.011816178708
0.74,b1,3,0.9996763654531715,119.98818380194889
0.74,b2,1,0.9996386023958131,-0.011245101122437238
0.74,b2,2,0.9996386023958234,-120.0112451011338
0.74,b2,3,0.9996386023958107,119.98875487952314
0.74,b3,1,0.9996376183367196,-0.010690089535858389
0.74,b3,2,0.9996376183367307,-120.01069008954724
0.74,b3,3,0.9996376183367183,119.98930989110973
0.74,b4,1,0.9996478200914372,-0.010094736835008186
0.74,b4,2,0.999647820091449,-120.01009473684644
0.74,b4,3,0.9996478200914373,119.98990524381055
0.74,b5,1,0.9996176756459064,-0.011106723248144032
0.74,b5,2,0.9996176756459186,-120.01110672325939
0.74,b5,3,0.9996176756459038,119.98889325739755
0.74,b6,1,0.9996150756179834,-0.011021372656225378
0.74,b6,2,0.9996150756179957,-120.01102137266749
0.74,b6,3,0.9996150756179809,119.98897860798948
0.74,b7,1,0.9996174309883585,-0.010885164821469227
0.74,b7,2,0.9996174309883712,-120.01088516483274
0.74,b7,3,0.9996174309883562,119.98911481582425
0.74,b8,1,0.9996151095072959,-0.012192308961660518
0.74,b8,2,0.9996151095073037,-120.01219230897284
0.74,b8,3,0.9996151095072895,119.98780767168397
0.74,b9,1,0.9996040087596886,-0.012057857405382788
0.74,b9,2,0.9996040087596969,-120.01205785741651
0.74,b9,3,0.9996040087596815,119.9879421232403
0.74,b10,1,0.9996036572507427,-0.011835642178556038
0.74,b10,2,0.9996036572507513,-120.0118356421897
0.74,b10,3,0.9996036572507361,119.98816433846712
0.74,b11,1,0.9995898500309538,-0.012502547713885339
0.74,b11,2,0.9995898500309612,-120.01250254772496
0.74,b11,3,0.9995898500309451,119.98749743293183
0.74,b12,1,0.9995820991078727,-0.012579342807646587
0.74,b12,2,0.9995820991078802,-120.01257934281867
0.74,b12,3,0.9995820991078633,119.98742063783807
0.76,source,1,0.9997968166735905,-0.01188999208246638
0.76,source,2,0.999796816673592,-120.01188999209455
0.76,source,3,0.9997968166735959,119.98810998856244
0.76,b1,1,0.9996763654531733,-0.011816178696501655
0.76,b1,2,0.99967636545318,-120.011816178708
0.76,b1,3,0.9996763654531715,119.98818380194889
0.76,b2,1,0.9996386023958131,-0.011245101122437238
0.76,b2,2,0.9996386023958234,-120.0112451011338
0.76,b2,3,0.9996386023958107,119.98875487952314
0.76,b3,1,0.9996376183367196,-0.010690089535858389
0.76,b3,2,0.9996376183367307,-120.01069008954724
0.76,b3,3,0.9996376183367183,119.98930989110973
0.76,b4,1,0.9996478200914372,-0.010094736835008186
0.76,b4,2,0.999647820091449,-120.01009473684644
0.76,b4,3,0.9996478200914373,119.98990524381055
0.76,b5,1,0.9996176756459064,-0.011106723248144032
0.76,b5,2,0.9996176756459186,-120.01110672325939
0.76,b5,3,0.9996176756459038,119.98889325739755
0.76,b6,1,0.9996150756179834,-0.011021372656225378
0.76,b6,2,0.9996150756179957,-120.01102137266749
0.76,b6,3,0.9996150756179809,119.98897860798948
0.76,b7,1,0.9996174309883585,-0.010885164821469227
0.76,b7,2,0.9996174309883712,-120.01088516483274
0.76,b7,3,0.9996174309883562,119.98911481582425
0.76,b8,1,0.9996151095072959,-0.012192308961660518
0.76,b8,2,0.9996151095073037,-120.01219230897284
0.76,b8,3,0.9996151095072895,119.98780767168397
0.76,b9,1,0.9996040087596886,-0.012057857405382788
0.76,b9,2,0.9996040087596969,-120.01205785741651
0.76,b9,3,0.9996040087596815,119.9879421232403
0.76,b10,1,0.9996036572507427,-0.011835642178556038
0.76,b10,2,0.9996036572507513,-120.0118356421897
0.76,b10,3,0.9996036572507361,119.98816433846712
0.76,b11,1,0.9995898500309538,-0.012502547713885339
0.76,b11,2,0.9995898500309612,-120.01250254772496
0.76,b11,3,0.9995898500309451,119.98749743293183
0.76,b12,1,0.9995820991078727,-0.012579342807646587
0.76,b12,2,0.9995820991078802,-120.01257934281867
0.76,b12,3,0.9995820991078633,119.98742063783807
0.78,source,1,0.9997968166735905,-0.01188999208246638
0.78,source,2,0.999796816673592,-120.01188999209455
0.78,source,3,0.9997968166735959,119.98810998856244
0.78,b1,1,0.9996763654531733,-0.011816178696501655
0.78,b1,2,0.99967636545318,-120.011816178708
0.78,b1,3,0.9996763654531715,119.98818380194889
0.78,b2,1,0.9996386023958131,-0.011245101122437238
0.78,b2,2,0.9996386023958234,-120.0112451011338
0.78,b2,3,0.9996386023958107,119.98875487952314
0.78,b3,1,0.9996376183367196,-0.010690089535858389
0.78,b3,2,0.9996376183367307,-120.01069008954724
0.78,b3,3,0.9996376183367183,119.98930989110973
0.78,b4,1,0.9996478200914372,-0.010094736835008186
0.78,b4,2,0.999647820091449,-120.01009473684644
0.78,b4,3,0.9996478200914373,119.98990524381055
0.78,b5,1,0.9996176756459064,-0.011106723248144032
0.78,b5,2,0.9996176756459186,-120.01110672325939
0.78,b5,3,0.9996176756459038,119.98889325739755
0.78,b6,1,0.9996150756179834,-0.011021372656225378
0.78,b6,2,0.9996150756179957,-120.01102137266749
0.78,b6,3,0.9996150756179809,119.98897860798948
0.78,b7,1,0.9996174309883585,-0.010885164821469227
0.78,b7,2,0.9996174309883712,-120.01088516483274
0.78,b7,3,0.9996174309883562,119.98911481582425
0.78,b8,1,0.9996151095072959,-0.012192308961660518
0.78,b8,2,0.9996151095073037,-120.01219230897284
0.78,b8,3,0.9996151095072895,119.98780767168397
0.78,b9,1,0.9996040087596886,-0.012057857405382788
0.78,b9,2,0.9996040087596969,-120.01205785741651
0.78,b9,3,0.9996040087596815,119.9879421232403
0.78,b10,1,0.9996036572507427,-0.011835642178556038
0.78,b10,2,0.9996036572507513,-120.0118356421897
0.78,b10,3,0.9996036572507361,119.98816433846712
0.78,b11,1,0.9995898500309538,-0.012502547713885339
0.78,b11,2,0.9995898500309612,-120.01250254772496
0.78,b11,3,0.9995898500309451,119.98749743293183
0.78,b12,1,0.9995820991078727,-0.012579342807646587
0.78,b12,2,0.9995820991078802,-120.01257934281867
0.78,b12,3,0.9995820991078633,119.98742063783807
0.8,source,1,0.9997968166735905,-0.01188999208246638
0.8,source,2,0.999796816673592,-120.01188999209455
0.8,source,3,0.9997968166735959,119.98810998856244
0.8,b1,1,0.9996763654531733,-0.011816178696501655
0.8,b1,2,0.99967636545318,-120.011816178708
0.8,b1,3,0.9996763654531715,119.98818380194889
0.8,b2,1,0.9996386023958131,-0.011245101122437238
0.8,b2,2,0.9996386023958234,-120.0112451011338
0.8,b2,3,0.9996386023958107,119.98875487952314
0.8,b3,1,0.9996376183367196,-0.010690089535858389
0.8,b3,2,0.9996376183367307,-120.01069008954724
0.8,b3,3,0.9996376183367183,119.98930989110973
0.8,b4,1,0.9996478200914372,-0.010094736835008186
0.8,b4,2,0.999647820091449,-120.01009473684644
0.8,b4,3,0.9996478200914373,119.98990524381055
0.8,b5,1,0.9996176756459064,-0.011106723248144032
0.8,b5,2,0.9996176756459186,-120.01110672325939
0.8,b5,3,0.9996176756459038,119.98889325739755
0.8,b6,1,0.9996150756179834,-0.011021372656225378
0.8,b6,2,0.9996150756179957,-120.01102137266749
0.8,b6,3,0.9996150756179809,119.98897860798948
0.8,b7,1,0.9996174309883585,-0.010885164821469227
0.8,b7,2,0.9996174309883712,-120.01088516483274
0.8,b7,3,0.9996174309883562,119.98911481582425
0.8,b8,1,0.9996151095072959,-0.012192308961660518
0.8,b8,2,0.9996151095073037,-120.01219230897284
0.8,b8,3,0.9996151095072895,119.98780767168397
0.8,b9,1,0.9996040087596886,-0.012057857405382788
0.8,b9,2,0.9996040087596969,-120.01205785741651
0.8,b9,3,0.9996040087596815,119.9879421232403
0.8,b10,1,0.9996036572507427,-0.011835642178556038
0.8,b10,2,0.9996036572507513,-120.0118356421897
0.8,b10,3,0.9996036572507361,119.98816433846712
0.8,b11,1,0.9995898500309538,-0.012502547713885339
0.8,b11,2,0.9995898500309612,-120.01250254772496
0.8,b11,3,0.9995898500309451,119.98749743293183
0.8,b12,1,0.9995820991078727,-0.012579342807646587
0.8,b12,2,0.9995820991078802,-120.01257934281867
0.8,b12,3,0.9995820991078633,119.98742063783807
0.8200000000000001,source,1,0.9997968166735905,-0.01188999208246638
0.8200000000000001,source,2,0.999796816673592,-120.01188999209455
0.8200000000000001,source,3,0.9997968166735959,119.98810998856244
0.8200000000000001,b1,1,0.9996763654531733,-0.011816178696501655
0.8200000000000001,b1,2,0.99967636545318,-120.011816178708
0.8200000000000001,b1,3,0.9996763654531715,119.98818380194889
0.8200000000000001,b2,1,0.9996386023958131,-0.011245101122437238
0.8200000000000001,b2,2,0.9996386023958234,-120.0112451011338
0.8200000000000001,b2,3,0.9996386023958107,119.98875487952314
0.8200000000000001,b3,1,0.9996376183367196,-0.010690089535858389
0.8200000000000001,b3,2,0.9996376183367307,-120.01069008954724
0.8200000000000001,b3,3,0.9996376183367183,119.98930989110973
0.8200000000000001,b4,1,0.9996478200914372,-0.010094736835008186
0.8200000000000001,b4,2,0.999647820091449,-120.01009473684644
0.8200000000000001,b4,3,0.9996478200914373,119.98990524381055
0.8200000000000001,b5,1,0.9996176756459064,-0.011106723248144032
0.8200000000000001,b5,2,0.9996176756459186,-120.01110672325939
0.8200000000000001,b5,3,0.9996176756459038,119.98889325739755
0.8200000000000001,b6,1,0.9996150756179834,-0.011021372656225378
0.8200000000000001,b6,2,0.9996150756179957,-120.01102137266749
0.8200000000000001,b6,3,0.9996150756179809,119.98897860798948
0.8200000000000001,b7,1,0.9996174309883585,-0.010885164821469227
0.8200000000000001,b7,2,0.9996174309883712,-120.01088516483274
0.8200000000000001,b7,3,0.9996174309883562,119.98911481582425
0.8200000000000001,b8,1,0.9996151095072959,-0.012192308961660518
0.8200000000000001,b8,2,0.9996151095073037,-120.01219230897284
0.8200000000000001,b8,3,0.9996151095072895,119.98780767168397
0.8200000000000001,b9,1,0.9996040087596886,-0.012057857405382788
0.8200000000000001,b9,2,0.9996040087596969,-120.01205785741651
0.8200000000000001,b9,3,0.9996040087596815,119.9879421232403
0.8200000000000001,b10,1,0.9996036572507427,-0.011835642178556038
0.8200000000000001,b10,2,0.9996036572507513,-120.0118356421897
0.8200000000000001,b10,3,0.9996036572507361,119.98816433846712
0.8200000000000001,b11,1,0.9995898500309538,-0.012502547713885339
0.8200000000000001,b11,2,0.9995898500309612,-120.01250254772496
0.8200000000000001,b11,3,0.9995898500309451,119.98749743293183
0.8200000000000001,b12,1,0.9995820991078727,-0.012579342807646587
0.8200000000000001,b12,2,0.9995820991078802,-120.01257934281867
0.8200000000000001,b12,3,0.9995820991078633,119.98742063783807
0.84,source,1,0.9997968166735905,-0.01188999208246638
0.84,source,2,0.999796816673592,-120.01188999209455
0.84,source,3,0.9997968166735959,119.98810998856244
0.84,b1,1,0.9996763654531733,-0.011816178696501655
0.84,b1,2,0.99967636545318,-120.011816178708
0.84,b1,3,0.9996763654531715,119.98818380194889
0.84,b2,1,0.9996386023958131,-0.011245101122437238
0.84,b2,2,0.9996386023958234,-120.0112451011338
0.84,b2,3,0.9996386023958107,119.98875487952314
0.84,b3,1,0.9996376183367196,-0.010690089535858389
0.84,b3,2,0.9996376183367307,-120.01069008954724
0.84,b3,3,0.9996376183367183,119.98930989110973
0.84,b4,1,0.9996478200914372,-0.010094736835008186
0.84,b4,2,0.999647820091449,-120.01009473684644
0.84,b4,3,0.9996478200914373,119.98990524381055
0.84,b5,1,0.9996176756459064,-0.011106723248144032
0.84,b5,2,0.9996176756459186,-120.01110672325939
0.84,b5,3,0.9996176756459038,119.98889325739755
0.84,b6,1,0.9996150756179834,-0.011021372656225378
0.84,b6,2,0.9996150756179957,-120.01102137266749
0.84,b6,3,0.9996150756179809,119.98897860798948
0.84,b7,1,0.9996174309883585,-0.010885164821469227
0.84,b7,2,0.9996174309883712,-120.01088516483274
0.84,b7,3,0.9996174309883562,119.98911481582425
0.84,b8,1,0.9996151095072959,-0.012192308961660518
0.84,b8,2,0.9996151095073037,-120.01219230897284
0.84,b8,3,0.9996151095072895,119.98780767168397
0.84,b9,1,0.9996040087596886,-0.012057857405382788
0.84,b9,2,0.9996040087596969,-120.01205785741651
0.84,b9,3,0.9996040087596815,119.9879421232403
0.84,b10,1,0.9996036572507427,-0.011835642178556038
0.84,b10,2,0.9996036572507513,-120.0118356421897
0.84,b10,3,0.9996036572507361,119.98816433846712
0.84,b11,1,0.9995898500309538,-0.012502547713885339
0.84,b11,2,0.9995898500309612,-120.01250254772496
0.84,b11,3,0.9995898500309451,119.98749743293183
0.84,b12,1,0.9995820991078727,-0.012579342807646587
0.84,b12,2,0.9995820991078802,-120.01257934281867
0.84,b12,3,0.9995820991078633,119.98742063783807
0.86,source,1,0.9997968166735905,-0.01188999208246638
0.86,source,2,0.999796816673592,-120.01188999209455
0.86,source,3,0.9997968166735959,119.98810998856244
0.86,b1,1,0.9996763654531733,-0.011816178696501655
0.86,b1,2,0.99967636545318,-120.011816178708
0.86,b1,3,0.9996763654531715,119.98818380194889
0.86,b2,1,0.9996386023958131,-0.011245101122437238
0.86,b2,2,0.9996386023958234,-120.0112451011338
0.86,b2,3,0.9996386023958107,119.98875487952314
0.86,b3,1,0.9996376183367196,-0.010690089535858389
0.86,b3,2,0.9996376183367307,-120.01069008954724
0.86,b3,3,0.9996376183367183,119.98930989110973
0.86,b4,1,0.9996478200914372,-0.010094736835008186
0.86,b4,2,0.999647820091449,-120.01009473684644
0.86,b4,3,0.9996478200914373,119.98990524381055
0.86,b5,1,0.9996176756459064,-0.011106723248144032
0.86,b5,2,0.9996176756459186,-120.01110672325939
0.86,b5,3,0.9996176756459038,119.98889325739755
0.86,b6,1,0.9996150756179834,-0.011021372656225378
0.86,b6,2,0.9996150756179957,-120.01102137266749
0.86,b6,3,0.9996150756179809,119.98897860798948
0.86,b7,1,0.9996174309883585,-0.010885164821469227
0.86,b7,2,0.9996174309883712,-120.01088516483274
0.86,b7,3,0.9996174309883562,119.98911481582425
0.86,b8,1,0.9996151095072959,-0.012192308961660518
0.86,b8,2,0.9996151095073037,-120.01219230897284
0.86,b8,3,0.9996151095072895,119.98780767168397
0.86,b9,1,0.9996040087596886,-0.012057857405382788
0.86,b9,2,0.9996040087596969,-120.01205785741651
0.86,b9,3,0.9996040087596815,119.9879421232403
0.86,b10,1,0.9996036572507427,-0.011835642178556038
0.86,b10,2,0.9996036572507513,-120.0118356421897
0.86,b10,3,0.9996036572507361,119.98816433846712
0.86,b11,1,0.9995898500309538,-0.012502547713885339
0.86,b11,2,0.9995898500309612,-120.01250254772496
0.86,b11,3,0.9995898500309451,119.98749743293183
0.86,b12,1,0.9995820991078727,-0.012579342807646587
0.86,b12,2,0.9995820991078802,-120.01257934281867
0.86,b12,3,0.9995820991078633,119.98742063783807
0.88,source,1,0.9997968166735905,-0.01188999208246638
0.88,source,2,0.999796816673592,-120.01188999209455
0.88,source,3,0.9997968166735959,119.98810998856244
0.88,b1,1,0.9996763654531733,-0.011816178696501655
0.88,b1,2,0.99967636545318,-120.011816178708
0.88,b1,3,0.9996763654531715,119.98818380194889
0.88,b2,1,0.9996386023958131,-0.011245101122437238
0.88,b2,2,0.9996386023958234,-120.0112451011338
0.88,b2,3,0.9996386023958107,119.98875487952314
0.88,b3,1,0.9996376183367196,-0.010690089535858389
0.88,b3,2,0.9996376183367307,-120.01069008954724
0.88,b3,3,0.9996376183367183,119.98930989110973
0.88,b4,1,0.9996478200914372,-0.010094736835008186
0.88,b4,2,0.999647820091449,-120.01009473684644
0.88,b4,3,0.9996478200914373,119.98990524381055
0.88,b5,1,0.9996176756459064,-0.011106723248144032
0.88,b5,2,0.9996176756459186,-120.01110672325939
0.88,b5,3,0.9996176756459038,119.98889325739755
0.88,b6,1,0.9996150756179834,-0.011021372656225378
0.88,b6,2,0.9996150756179957,-120.01102137266749
0.88,b6,3,0.9996150756179809,119.98897860798948
0.88,b7,1,0.9996174309883585,-0.010885164821469227
0.88,b7,2,0.9996174309883712,-120.01088516483274
0.88,b7,3,0.9996174309883562,119.98911481582425
0.88,b8,1,0.9996151095072959,-0.012192308961660518
0.88,b8,2,0.9996151095073037,-120.01219230897284
0.88,b8,3,0.9996151095072895,119.98780767168397
0.88,b9,1,0.9996040087596886,-0.012057857405382788
0.88,b9,2,0.9996040087596969,-120.01205785741651
0.88,b9,3,0.9996040087596815,119.9879421232403
0.88,b10,1,0.9996036572507427,-0.011835642178556038
0.88,b10,2,0.9996036572507513,-120.0118356421897
0.88,b10,3,0.9996036572507361,119.98816433846712
0.88,b11,1,0.9995898500309538,-0.012502547713885339
0.88,b11,2,0.9995898500309612,-120.01250254772496
0.88,b11,3,0.9995898500309451,119.98749743293183
0.88,b12,1,0.9995820991078727,-0.012579342807646587
0.88,b12,2,0.9995820991078802,-120.01257934281867
0.88,b12,3,0.9995820991078633,119.98742063783807
0.9,source,1,0.9997968166735905,-0.01188999208246638
0.9,source,2,0.999796816673592,-120.01188999209455
0.9,source,3,0.9997968166735959,119.98810998856244
0.9,b1,1,0.9996763654531733,-0.011816178696501655
0.9,b1,2,0.99967636545318,-120.011816178708
0.9,b1,3,0.9996763654531715,119.98818380194889
0.9,b2,1,0.9996386023958131,-0.011245101122437238
0.9,b2,2,0.9996386023958234,-120.0112451011338
0.9,b2,3,0.9996386023958107,119.98875487952314
0.9,b3,1,0.9996376183367196,-0.010690089535858389
0.9,b3,2,0.9996376183367307,-120.01069008954724
0.9,b3,3,0.9996376183367183,119.98930989110973
0.9,b4,1,0.9996478200914372,-0.010094736835008186
0.9,b4,2,0.999647820091449,-120.01009473684644
0.9,b4,3,0.9996478200914373,119.98990524381055
0.9,b5,1,0.9996176756459064,-0.011106723248144032
0.9,b5,2,0.9996176756459186,-120.01110672325939
0.9,b5,3,0.9996176756459038,119.98889325739755
0.9,b6,1,0.9996150756179834,-0.011021372656225378
0.9,b6,2,0.9996150756179957,-120.01102137266749
0.9,b6,3,0.9996150756179809,119.98897860798948
0.9,b7,1,0.9996174309883585,-0.010885164821469227
0.9,b7,2,0.9996174309883712,-120.01088516483274
0.9,b7,3,0.9996174309883562,119.98911481582425
0.9,b8,1,0.9996151095072959,-0.012192308961660518
0.9,b8,2,0.9996151095073037,-120.01219230897284
0.9,b8,3,0.9996151095072895,119.98780767168397
0.9,b9,1,0.9996040087596886,-0.012057857405382788
0.9,b9,2,0.9996040087596969,-120.01205785741651
0.9,b9,3,0.9996040087596815,119.9879421232403
0.9,b10,1,0.9996036572507427,-0.011835642178556038
0.9,b10,2,0.9996036572507513,-120.0118356421897
0.9,b10,3,0.9996036572507361,119.98816433846712
0.9,b11,1,0.9995898500309538,-0.012502547713885339
0.9,b11,2,0.9995898500309612,-120.01250254772496
0.9,b11,3,0.9995898500309451,119.98749743293183
0.9,b12,1,0.9995820991078727,-0.012579342807646587
0.9,b12,2,0.9995820991078802,-120.01257934281867
0.9,b12,3,0.9995820991078633,119.98742063783807
0.92,source,1,0.9997968166735905,-0.01188999208246638
0.92,source,2,0.999796816673592,-120.01188999209455
0.92,source,3,0.9997968166735959,119.98810998856244
0.92,b1,1,0.9996763654531733,-0.011816178696501655
0.92,b1,2,0.99967636545318,-120.011816178708
0.92,b1,3,0.9996763654531715,119.98818380194889
0.92,b2,1,0.9996386023958131,-0.011245101122437238
0.92,b2,2,0.9996386023958234,-120.0112451011338
0.92,b2,3,0.9996386023958107,119.98875487952314
0.92,b3,1,0.9996376183367196,-0.010690089535858389
0.92,b3,2,0.9996376183367307,-120.01069008954724
0.92,b3,3,0.9996376183367183,119.98930989110973
0.92,b4,1,0.9996478200914372,-0.010094736835008186
0.92,b4,2,0.999647820091449,-120.01009473684644
0.92,b4,3,0.9996478200914373,119.98990524381055
0.92,b5,1,0.9996176756459064,-0.011106723248144032
0.92,b5,2,0.9996176756459186,-120.01110672325939
0.92,b5,3,0.9996176756459038,119.98889325739755
0.92,b6,1,0.9996150756179834,-0.011021372656225378
0.92,b6,2,0.9996150756179957,-120.01102137266749
0.92,b6,3,0.9996150756179809,119.98897860798948
0.92,b7,1,0.9996174309883585,-0.010885164821469227
0.92,b7,2,0.9996174309883712,-120.01088516483274
0.92,b7,3,0.9996174309883562,119.98911481582425
0.92,b8,1,0.9996151095072959,-0.012192308961660518
0.92,b8,2,0.9996151095073037,-120.01219230897284
0.92,b8,3,0.9996151095072895,119.98780767168397
0.92,b9,1,0.9996040087596886,-0.012057857405382788
0.92,b9,2,0.9996040087596969,-120.01205785741651
0.92,b9,3,0.9996040087596815,119.9879421232403
0.92,b10,1,0.9996036572507427,-0.011835642178556038
0.92,b10,2,0.9996036572507513,-120.0118356421897
0.92,b10,3,0.9996036572507361,119.98816433846712
0.92,b11,1,0.9995898500309538,-0.012502547713885339
0.92,b11,2,0.9995898500309612,-120.01250254772496
0.92,b11,3,0.9995898500309451,119.98749743293183
0.92,b12,1,0.9995820991078727,-0.012579342807646587
0.92,b12,2,0.9995820991078802,-120.01257934281867
0.92,b12,3,0.9995820991078633,119.98742063783807
0.9400000000000001,source,1,0.9997968166735905,-0.01188999208246638
0.9400000000000001,source,2,0.999796816673592,-120.01188999209455
0.9400000000000001,source,3,0.9997968166735959,119.98810998856244
0.9400000000000001,b1,1,0.9996763654531733,-0.011816178696501655
0.9400000000000001,b1,2,0.99967636545318,-120.011816178708
0.9400000000000001,b1,3,0.9996763654531715,119.98818380194889
0.9400000000000001,b2,1,0.9996386023958131,-0.011245101122437238
0.9400000000000001,b2,2,0.9996386023958234,-120.0112451011338
0.9400000000000001,b2,3,0.9996386023958107,119.98875487952314
0.9400000000000001,b3,1,0.9996376183367196,-0.010690089535858389
0.9400000000000001,b3,2,0.9996376183367307,-120.01069008954724
0.9400000000000001,b3,3,0.9996376183367183,119.98930989110973
0.9400000000000001,b4,1,0.9996478200914372,-0.010094736835008186
0.9400000000000001,b4,2,0.999647820091449,-120.01009473684644
0.9400000000000001,b4,3,0.9996478200914373,119.98990524381055
0.9400000000000001,b5,1,0.9996176756459064,-0.011106723248144032
0.9400000000000001,b5,2,0.9996176756459186,-120.01110672325939
0.9400000000000001,b5,3,0.9996176756459038,119.98889325739755
0.9400000000000001,b6,1,0.9996150756179834,-0.011021372656225378
0.9400000000000001,b6,2,0.9996150756179957,-120.01102137266749
0.9400000000000001,b6,3,0.9996150756179809,119.98897860798948
0.9400000000000001,b7,1,0.9996174309883585,-0.010885164821469227
0.9400000000000001,b7,2,0.9996174309883712,-120.01088516483274
0.9400000000000001,b7,3,0.9996174309883562,119.98911481582425
0.9400000000000001,b8,1,0.9996151095072959,-0.012192308961660518
0.9400000000000001,b8,2,0.9996151095073037,-120.01219230897284
0.9400000000000001,b8,3,0.9996151095072895,119.98780767168397
0.9400000000000001,b9,1,0.9996040087596886,-0.012057857405382788
0.9400000000000001,b9,2,0.9996040087596969,-120.01205785741651
0.9400000000000001,b9,3,0.9996040087596815,119.9879421232403
0.9400000000000001,b10,1,0.9996036572507427,-0.011835642178556038
0.9400000000000001,b10,2,0.9996036572507513,-120.0118356421897
0.9400000000000001,b10,3,0.9996036572507361,119.98816433846712
0.9400000000000001,b11,1,0.9995898500309538,-0.012502547713885339
0.9400000000000001,b11,2,0.9995898500309612,-120.01250254772496
0.9400000000000001,b11,3,0.9995898500309451,119.98749743293183
0.9400000000000001,b12,1,0.9995820991078727,-0.012579342807646587
0.9400000000000001,b12,2,0.9995820991078802,-120.01257934281867
0.9400000000000001,b12,3,0.9995820991078633,119.98742063783807
0.96,source,1,0.9997968166735905,-0.01188999208246638
0.96,source,2,0.999796816673592,-120.01188999209455
0.96,source,3,0.9997968166735959,119.98810998856244
0.96,b1,1,0.9996763654531733,-0.011816178696501655
0.96,b1,2,0.99967636545318,-120.011816178708
0.96,b1,3,0.9996763654531715,119.98818380194889
0.96,b2,1,0.9996386023958131,-0.011245101122437238
0.96,b2,2,0.9996386023958234,-120.0112451011338
0.96,b2,3,0.9996386023958107,119.98875487952314
0.96,b3,1,0.9996376183367196,-0.010690089535858389
0.96,b3,2,0.9996376183367307,-120.01069008954724
0.96,b3,3,0.9996376183367183,119.98930989110973
0.96,b4,1,0.9996478200914372,-0.010094736835008186
0.96,b4,2,0.999647820091449,-120.01009473684644
0.96,b4,3,0.9996478200914373,119.98990524381055
0.96,b5,1,0.9996176756459064,-0.011106723248144032
0.96,b5,2,0.9996176756459186,-120.01110672325939
0.96,b5,3,0.9996176756459038,119.98889325739755
0.96,b6,1,0.9996150756179834,-0.011021372656225378
0.96,b6,2,0.9996150756179957,-120.01102137266749
0.96,b6,3,0.9996150756179809,119.98897860798948
0.96,b7,1,0.9996174309883585,-0.010885164821469227
0.96,b7,2,0.9996174309883712,-120.01088516483274
0.96,b7,3,0.9996174309883562,119.98911481582425
0.96,b8,1,0.9996151095072959,-0.012192308961660518
0.96,b8,2,0.9996151095073037,-120.01219230897284
0.96,b8,3,0.9996151095072895,119.98780767168397
0.96,b9,1,0.9996040087596886,-0.012057857405382788
0.96,b9,2,0.9996040087596969,-120.01205785741651
0.96,b9,3,0.9996040087596815,119.9879421232403
0.96,b10,1,0.9996036572507427,-0.011835642178556038
0.96,b10,2,0.9996036572507513,-120.0118356421897
0.96,b10,3,0.9996036572507361,119.98816433846712
0.96,b11,1,0.9995898500309538,-0.012502547713885339
0.96,b11,2,0.9995898500309612,-120.01250254772496
0.96,b11,3,0.9995898500309451,119.98749743293183
0.96,b12,1,0.9995820991078727,-0.012579342807646587
0.96,b12,2,0.9995820991078802,-120.01257934281867
0.96,b12,3,0.9995820991078633,119.98742063783807
0.98,source,1,0.9997968166735905,-0.01188999208246638
0.98,source,2,0.999796816673592,-120.01188999209455
0.98,source,3,0.9997968166735959,119.98810998856244
0.98,b1,1,0.9996763654531733,-0.011816178696501655
0.98,b1,2,0.99967636545318,-120.011816178708
0.98,b1,3,0.9996763654531715,119.98818380194889
0.98,b2,1,0.9996386023958131,-0.011245101122437238
0.98,b2,2,0.9996386023958234,-120.0112451011338
0.98,b2,3,0.9996386023958107,119.98875487952314
0.98,b3,1,0.9996376183367196,-0.010690089535858389
0.98,b3,2,0.9996376183367307,-120.01069008954724
0.98,b3,3,0.9996376183367183,119.98930989110973
0.98,b4,1,0.9996478200914372,-0.010094736835008186
0.98,b4,2,0.999647820091449,-120.01009473684644
0.98,b4,3,0.9996478200914373,119.98990524381055
0.98,b5,1,0.9996176756459064,-0.011106723248144032
0.98,b5,2,0.9996176756459186,-120.01110672325939
0.98,b5,3,0.9996176756459038,119.98889325739755
0.98,b6,1,0.9996150756179834,-0.011021372656225378
0.98,b6,2,0.9996150756179957,-120.01102137266749
0.98,b6,3,0.9996150756179809,119.98897860798948
0.98,b7,1,0.9996174309883585,-0.010885164821469227
0.98,b7,2,0.9996174309883712,-120.01088516483274
0.98,b7,3,0.9996174309883562,119.98911481582425
0.98,b8,1,0.9996151095072959,-0.012192308961660518
0.98,b8,2,0.9996151095073037,-120.01219230897284
0.98,b8,3,0.9996151095072895,119.98780767168397
0.98,b9,1,0.9996040087596886,-0.012057857405382788
0.98,b9,2,0.9996040087596969,-120.01205785741651
0.98,b9,3,0.9996040087596815,119.9879421232403
0.98,b10,1,0.9996036572507427,-0.011835642178556038
0.98,b10,2,0.9996036572507513,-120.0118356421897
0.98,b10,3,0.9996036572507361,119.98816433846712
0.98,b11,1,0.9995898500309538,-0.012502547713885339
0.98,b11,2,0.9995898500309612,-120.01250254772496
0.98,b11,3,0.9995898500309451,119.98749743293183
0.98,b12,1,0.9995820991078727,-0.012579342807646587
0.98,b12,2,0.9995820991078802,-120.01257934281867
0.98,b12,3,0.9995820991078633,119.98742063783807
1.0,source,1,0.9997968166735905,-0.01188999208246638
1.0,source,2,0.999796816673592,-120.01188999209455
1.0,source,3,0.9997968166735959,119.98810998856244
1.0,b1,1,0.9996763654531733,-0.011816178696501655
1.0,b1,2,0.99967636545318,-120.011816178708
1.0,b1,3,0.9996763654531715,119.98818380194889
1.0,b2,1,0.9996386023958131,-0.011245101122437238
1.0,b2,2,0.9996386023958234,-120.0112451011338
1.0,b2,3,0.9996386023958107,119.98875487952314
1.0,b3,1,0.9996376183367196,-0.010690089535858389
1.0,b3,2,0.9996376183367307,-120.01069008954724
1.0,b3,3,0.9996376183367183,119.98930989110973
1.0,b4,1,0.9996478200914372,-0.010094736835008186
1.0,b4,2,0.999647820091449,-120.01009473684644
1.0,b4,3,0.9996478200914373,119.98990524381055
1.0,b5,1,0.9996176756459064,-0.011106723248144032
1.0,b5,2,0.9996176756459186,-120.01110672325939
1.0,b5,3,0.9996176756459038,119.98889325739755
1.0,b6,1,0.9996150756179834,-0.011021372656225378
1.0,b6,2,0.9996150756179957,-120.01102137266749
1.0,b6,3,0.9996150756179809,119.98897860798948
1.0,b7,1,0.9996174309883585,-0.010885164821469227
1.0,b7,2,0.9996174309883712,-120.01088516483274
1.0,b7,3,0.9996174309883562,119.98911481582425
1.0,b8,1,0.9996151095072959,-0.012192308961660518
1.0,b8,2,0.9996151095073037,-120.01219230897284
1.0,b8,3,0.9996151095072895,119.98780767168397
1.0,b9,1,0.9996040087596886,-0.012057857405382788
1.0,b9,2,0.9996040087596969,-120.01205785741651
1.0,b9,3,0.9996040087596815,119.9879421232403
1.0,b10,1,0.9996036572507427,-0.011835642178556038
1.0,b10,2,0.9996036572507513,-120.0118356421897
1.0,b10,3,0.9996036572507361,119.98816433846712
1.0,b11,1,0.9995898500309538,-0.012502547713885339
1.0,b11,2,0.9995898500309612,-120.01250254772496
1.0,b11,3,0.9995898500309451,119.98749743293183
1.0,b12,1,0.9995820991078727,-0.012579342807646587
1.0,b12,2,0.9995820991078802,-120.01257934281867
1.0,b12,3,0.9995820991078633,119.98742063783807
1.02,source,1,0.9997894844958015,-0.013557730226952197
1.02,source,2,0.9997894844958035,-120.01355773023919
1.02,source,3,0.9997894844958054,119.98644225041784
1.02,b1,1,0.9996582142709847,-0.013836958825132278
1.02,b1,2,0.9996582142709916,-120.01383695883673
1.02,b1,3,0.9996582142709798,119.98616302182019
1.02,b2,1,0.9996107153604956,-0.013583651332356377
1.02,b2,2,0.9996107153605056,-120.01358365134377
1.02,b2,3,0.9996107153604882,119.98641632931319
1.02,b3,1,0.9996010780470375,-0.013311105845201916
1.02,b3,2,0.9996010780470481,-120.01331110585656
1.02,b3,3,0.9996010780470294,119.9866888748004
1.02,b4,1,0.9996037085416466,-0.012962895998899661
1.02,b4,2,0.9996037085416583,-120.0129628960103
1.02,b4,3,0.9996037085416395,119.9870370846467
1.02,b5,1,0.9995897880271797,-0.01344526571391406
1.02,b5,2,0.9995897880271911,-120.01344526572522
1.02,b5,3,0.9995897880271712,119.9865547149317
1.02,b6,1,0.999587187926722,-0.01335991036308063
1.02,b6,2,0.9995871879267337,-120.01335991037439
1.02,b6,3,0.9995871879267136,119.98664007028256
1.02,b7,1,0.9995895433627511,-0.013223694927193363
1.02,b7,2,0.9995895433627631,-120.0132236949385
1.02,b7,3,0.9995895433627432,119.98677628571845
1.02,b8,1,0.999596957214639,-0.014213102691945563
1.02,b8,2,0.999596957214647,-120.01421310270321
1.02,b8,3,0.9995969572146295,119.9857868779536
1.02,b9,1,0.99958585626578,-0.014078646248620706
1.02,b9,2,0.9995858562657887,-120.0140786462598
1.02,b9,3,0.9995858562657699,119.98592133439698
1.02,b10,1,0.9995855047504372,-0.013856422956749779
1.02,b10,2,0.9995855047504463,-120.01385642296795
1.02,b10,3,0.9995855047504274,119.98614355768885
1.02,b11,1,0.9995716972804655,-0.01452335268893567
1.02,b11,2,0.9995716972804733,-120.01452335270008
1.02,b11,3,0.9995716972804538,119.98547662795667
1.02,b12,1,0.9995639462169058,-0.014600150566258494
1.02,b12,2,0.9995639462169139,-120.01460015057737
1.02,b12,3,0.9995639462168936,119.98539983007939
1.04,source,1,0.9997864329551508,-0.01425266981375939
1.04,source,2,0.9997864329551522,-120.01425266982594
1.04,source,3,0.9997864329551575,119.98574731083137
1.04,b1,1,0.999650655654429,-0.014679081942199064
1.04,b1,2,0.9996506556544359,-120.01467908195374
1.04,b1,3,0.9996506556544295,119.98532089870353
1.04,b2,1,0.9995991008174147,-0.014558246819172404
1.04,b2,2,0.9995991008174259,-120.01455824683055
1.04,b2,3,0.9995991008174147,119.9854417338268
1.04,b3,1,0.999585858570476,-0.014403456139329545
1.04,b3,2,0.999585858570488,-120.01440345615067
1.04,b3,3,0.9995858585704757,119.98559652450668
1.04,b4,1,0.9995853349010353,-0.014158277872183704
1.04,b4,2,0.9995853349010477,-120.01415827788352
1.04,b4,3,0.9995853349010355,119.98584170277385
1.04,b5,1,0.9995781732728859,-0.014419861227397824
1.04,b5,2,0.9995781732728989,-120.01441986123865
1.04,b5,3,0.9995781732728859,119.9855801194187
1.04,b6,1,0.9995755731421742,-0.01433450388699886
1.04,b6,2,0.9995755731421874,-120.01433450389827
1.04,b6,3,0.9995755731421744,119.98566547675911
1.04,b7,1,0.9995779286342886,-0.014198288163240785
1.04,b7,2,0.9995779286343026,-120.01419828817447
1.04,b7,3,0.9995779286342888,119.98580169248288
1.04,b8,1,0.999589398239801,-0.01505524217073376
1.04,b8,2,0.9995893982398096,-120.01505524218196
1.04,b8,3,0.999589398239798,119.98494473847529
1.04,b9,1,0.9995782972795879,-0.01492079099702539
1.04,b9,2,0.9995782972795978,-120.01492079100821
1.04,b9,3,0.9995782972795851,119.98507918964907
1.04,b10,1,0.9995779458288365,-0.014698571085827597
1.04,b10,2,0.9995779458288467,-120.01469857109699
1.04,b10,3,0.9995779458288342,119.98530140956028
1.04,b11,1,0.9995641381139799,-0.015365496862607273
1.04,b11,2,0.9995641381139886,-120.01536549687374
1.04,b11,3,0.999564138113975,119.98463448378348
1.04,b12,1,0.9995563869916139,-0.015442295902133777
1.04,b12,2,0.9995563869916225,-120.01544229591322
1.04,b12,3,0.999556386991608,119.98455768474399
1.06,source,1,0.9997833299973774,-0.014959318712726643
1.06,source,2,0.9997833299973777,-120.01495931872505
1.06,source,3,0.9997833299973832,119.98504066193216
1.06,b1,1,0.9996429697291682,-0.01553539918725874
1.06,b1,2,0.9996429697291722,-120.01553539919894
1.06,b1,3,0.9996429697291657,119.98446458145814
1.06,b2,1,0.9995872906655123,-0.015549273715194933
1.06,b2,2,0.9995872906655195,-120.01554927372662
1.06,b2,3,0.9995872906655074,119.98445070693043
1.06,b3,1,0.9995703827798261,-0.015514227594609778
1.06,b3,2,0.9995703827798338,-120.01551422760596
1.06,b3,3,0.9995703827798205,119.98448575305105
1.06,b4,1,0.9995666518386396,-0.015373823305670102
1.06,b4,2,0.9995666518386475,-120.01537382331702
1.06,b4,3,0.9995666518386336,119.98462615734002
1.06,b5,1,0.9995663629153393,-0.015410889026662022
1.06,b5,2,0.9995663629153476,-120.01541088903801
1.06,b5,3,0.9995663629153334,119.98458909161906
1.06,b6,1,0.9995637627538905,-0.015325529667744383
1.06,b6,2,0.9995637627538991,-120.0153255296791
1.06,b6,3,0.9995637627538846,119.98467445097798
1.06,b7,1,0.9995661183106602,-0.015189314419011578
1.06,b7,2,0.999566118310669,-120.01518931443036
1.06,b7,3,0.9995661183106545,119.9848106662267
1.06,b8,1,0.9995817119675885,-0.015911577642486994
1.06,b8,2,0.9995817119675933,-120.01591157765384
1.06,b8,3,0.9995817119675815,119.98408840300316
1.06,b9,1,0.9995706110069886,-0.01577713292379961
1.06,b9,2,0.9995706110069942,-120.01577713293511
1.06,b9,3,0.9995706110069813,119.98422284772188
1.06,b10,1,0.9995702596319869,-0.015554917464786914
1.06,b10,2,0.999570259631993,-120.01555491747612
1.06,b10,3,0.9995702596319801,119.98444506318093
1.06,b11,1,0.9995564516474945,-0.016221837101014085
1.06,b11,2,0.9995564516474993,-120.01622183711227
1.06,b11,3,0.9995564516474854,119.98377814354471
1.06,b12,1,0.9995487004655176,-0.016298637320502747
1.06,b12,2,0.9995487004655221,-120.0162986373317
1.06,b12,3,0.9995487004655076,119.98370134332522
1.08,source,1,0.9997812758678426,-0.015427516529971774
1.08,source,2,0.9997812758678432,-120.01542751654226
1.08,source,3,0.9997812758678476,119.98457246411495
1.08,b1,1,0.999637879640642,-0.016102794432596775
1.08,b1,2,0.9996378796406462,-120.01610279444422
1.08,b1,3,0.9996378796406382,119.98389718621287
1.08,b2,1,0.9995794684618224,-0.016205948018417855
1.08,b2,2,0.9995794684618295,-120.01620594802976
1.08,b2,3,0.9995794684618148,119.98379403262733
1.08,b3,1,0.9995601322391641,-0.016250261739821765
1.08,b3,2,0.9995601322391716,-120.01625026175105
1.08,b3,3,0.9995601322391545,119.983749718906
1.08,b4,1,0.9995542766145571,-0.016179296442771822
1.08,b4,2,0.9995542766145651,-120.01617929645401
1.08,b4,3,0.9995542766145472,119.98382068420308
1.08,b5,1,0.9995585405976214,-0.016067566163904624
1.08,b5,2,0.9995585405976294,-120.0160675661752
1.08,b5,3,0.9995585405976131,119.98393241448193
1.08,b6,1,0.9995559404158056,-0.01598220546664747
1.08,b6,2,0.9995559404158137,-120.01598220547793
1.08,b6,3,0.9995559404157974,119.9840177751792
1.08,b7,1,0.9995582960350902,-0.015845992507010097
1.08,b7,2,0.9995582960350987,-120.01584599251827
1.08,b7,3,0.9995582960350824,119.98415398813883
1.08,b8,1,0.9995766217049048,-0.01647899057814509
1.08,b8,2,0.9995766217049089,-120.01647899058945
1.08,b8,3,0.9995766217048967,119.98352099006752
1.08,b9,1,0.9995655207822962,-0.01634455397703836
1.08,b9,2,0.9995655207823008,-120.01634455398832
1.08,b9,3,0.9995655207822883,119.98365542666866
1.08,b10,1,0.9995651694928271,-0.01612234501304699
1.08,b10,2,0.9995651694928317,-120.01612234502431
1.08,b10,3,0.9995651694928198,119.98387763563265
1.08,b11,1,0.9995513612559893,-0.016789253195439356
1.08,b11,2,0.9995513612559934,-120.01678925320665
1.08,b11,3,0.9995513612559795,119.9832107274503
1.08,b12,1,0.9995436100344848,-0.01686605419687146
1.08,b12,2,0.9995436100344887,-120.01686605420801
1.08,b12,3,0.9995436100344737,119.98313392644889
1.1,source,1,0.9997796453277971,-0.01579929554413686
1.1,source,2,0.9997796453277978,-120.01579929555642
1.1,source,3,0.9997796453278012,119.98420068510097
1.1,b1,1,0.9996338385343961,-0.016553353871777223
1.1,b1,2,0.9996338385344017,-120.01655335388337
1.1,b1,3,0.999633838534392,119.98344662677404
1.1,b2,1,0.9995732580237909,-0.016727409408645286
1.1,b2,2,0.9995732580237994,-120.01672740941993
1.1,b2,3,0.9995732580237838,119.98327257123749
1.1,b3,1,0.9995519936636401,-0.016834747006119016
1.1,b3,2,0.9995519936636492,-120.01683474701733
1.1,b3,3,0.9995519936636318,119.98316523364012
1.1,b4,1,0.9995444510094161,-0.016818927361141295
1.1,b4,2,0.9995444510094255,-120.0168189273723
1.1,b4,3,0.999544451009407,119.98318105328514
1.1,b5,1,0.9995523300818605,-0.016589031084818916
1.1,b5,2,0.9995523300818699,-120.016589031096
1.1,b5,3,0.9995523300818527,119.98341094956147
1.1,b6,1,0.9995497298838771,-0.016503669325437
1.1,b6,2,0.9995497298838868,-120.01650366933661
1.1,b6,3,0.9995497298838693,119.98349631132086
1.1,b7,1,0.9995520855640517,-0.01636745931264282
1.1,b7,2,0.9995520855640615,-120.01636745932385
1.1,b7,3,0.9995520855640442,119.98363252133367
1.1,b8,1,0.999572580484323,-0.016929566447962285
1.1,b8,2,0.9995725804843294,-120.01692956645924
1.1,b8,3,0.9995725804843149,119.9830704141981
1.1,b9,1,0.9995614796081813,-0.01679513792503976
1.1,b9,2,0.9995614796081886,-120.01679513793627
1.1,b9,3,0.9995614796081731,119.98320484272111
1.1,b10,1,0.9995611284016471,-0.016572935625620143
1.1,b10,2,0.999561128401655,-120.01657293563689
1.1,b10,3,0.9995611284016392,119.98342704502055
1.1,b11,1,0.9995473199331915,-0.017239831572366655
1.1,b11,2,0.9995473199331979,-120.01723983158352
1.1,b11,3,0.9995473199331814,119.98276014907378
1.1,b12,1,0.9995395686803223,-0.01731663319441658
1.1,b12,2,0.9995395686803287,-120.01731663320552
1.1,b12,3,0.9995395686803116,119.98268334745175
1.12,source,1,0.999778453223308,-0.016071270755278387
1.12,source,2,0.9997784532233096,-120.01607127076755
1.12,source,3,0.9997784532233155,119.98392870988972
1.12,b1,1,0.9996308831934234,-0.016882974149802037
1.12,b1,2,0.9996308831934292,-120.01688297416138
1.12,b1,3,0.9996308831934226,119.98311700649577
1.12,b2,1,0.9995687158772901,-0.017108907858168054
1.12,b2,2,0.9995687158772993,-120.01710890786947
1.12,b2,3,0.9995687158772872,119.98289107278765
1.12,b3,1,0.9995460411266399,-0.017262358302382846
1.12,b3,2,0.9995460411266501,-120.01726235831362
1.12,b3,3,0.9995460411266357,119.98273762234349
1.12,b4,1,0.9995372644483271,-0.01728688747611276
1.12,b4,2,0.9995372644483378,-120.01728688748729
1.12,b4,3,0.9995372644483226,119.9827130931698
1.12,b5,1,0.9995477878928299,-0.016970533554585217
1.12,b5,2,0.9995477878928407,-120.0169705335658
1.12,b5,3,0.9995477878928266,119.98302944709135
1.12,b6,1,0.9995451876830201,-0.01688517101817208
1.12,b6,2,0.9995451876830312,-120.01688517102937
1.12,b6,3,0.9995451876830173,119.98311480962778
1.12,b7,1,0.9995475434203812,-0.016748964429769083
1.12,b7,2,0.9995475434203925,-120.016748964441
1.12,b7,3,0.999547543420378,119.9832510162162
1.12,b8,1,0.9995696250858923,-0.017259201371073177
1.12,b8,2,0.9995696250858986,-120.01725920138233
1.12,b8,3,0.999569625085887,119.98274077927476
1.12,b9,1,0.9995585242616557,-0.017124780554500306
1.12,b9,2,0.9995585242616627,-120.01712478056572
1.12,b9,3,0.9995585242616499,119.98287520009137
1.12,b10,1,0.999558173132325,-0.016902584789220135
1.12,b10,2,0.9995581731323323,-120.01690258480045
1.12,b10,3,0.9995581731323196,119.98309739585667
1.12,b11,1,0.9995443644599868,-0.01756946832925805
1.12,b11,2,0.9995443644599932,-120.0175694683404
1.12,b11,3,0.9995443644599799,119.98243051231665
1.12,b12,1,0.9995366131841741,-0.01764627040525872
1.12,b12,2,0.9995366131841806,-120.01764627041636
1.12,b12,3,0.9995366131841663,119.98235371024069
1.1400000000000001,source,1,0.9997775494654085,-0.016277551460840336
1.1400000000000001,source,2,0.9997775494654101,-120.01627755147331
1.1400000000000001,source,3,0.9997775494654157,119.98372242918418
1.1400000000000001,b1,1,0.99962864222102,-0.017132983317321212
1.1400000000000001,b1,2,0.9996286422210258,-120.01713298332918
1.1400000000000001,b1,3,0.9996286422210201,119.98286699732829
1.1400000000000001,b2,1,0.9995652714788898,-0.017398269515269075
1.1400000000000001,b2,2,0.9995652714788982,-120.0173982695269
1.1400000000000001,b2,3,0.999565271478888,119.98260171113056
1.1400000000000001,b3,1,0.9995415270851308,-0.01758669827477035
1.1400000000000001,b3,2,0.9995415270851399,-120.01758669828627
1.1400000000000001,b3,3,0.9995415270851277,119.98241328237116
1.1400000000000001,b4,1,0.999531814521067,-0.01764183367601437
1.1400000000000001,b4,2,0.9995318145210763,-120.01764183368746
1.1400000000000001,b4,3,0.9995318145210635,119.98235814696994
1.1400000000000001,b5,1,0.9995443434731911,-0.017259899364537586
1.1400000000000001,b5,2,0.9995443434731999,-120.01725989937613
1.1400000000000001,b5,3,0.9995443434731885,119.98274008128132
1.1400000000000001,b6,1,0.9995417432544138,-0.017174536238919794
1.1400000000000001,b6,2,0.9995417432544229,-120.01717453625052
1.1400000000000001,b6,3,0.9995417432544117,119.98282544440696
1.1400000000000001,b7,1,0.999544099044852,-0.017038333221609133
1.1400000000000001,b7,2,0.9995440990448615,-120.01703833323322
1.1400000000000001,b7,3,0.99954409904485,119.98296164742428
1.1400000000000001,b8,1,0.9995673840862482,-0.017509223280075013
1.1400000000000001,b8,2,0.9995673840862557,-120.01750922329158
1.1400000000000001,b8,3,0.9995673840862448,119.98249075736582
1.1400000000000001,b9,1,0.9995562833125355,-0.01737480942686893
1.1400000000000001,b9,2,0.9995562833125442,-120.01737480943835
1.1400000000000001,b9,3,0.9995562833125321,119.9826251712191
1.1400000000000001,b10,1,0.9995559322520507,-0.017152619650010192
1.1400000000000001,b10,2,0.9995559322520601,-120.01715261966152
1.1400000000000001,b10,3,0.9995559322520481,119.98284736099598
1.1400000000000001,b11,1,0.9995421234036495,-0.017819491628683022
1.1400000000000001,b11,2,0.9995421234036567,-120.01781949164008
1.1400000000000001,b11,3,0.9995421234036441,119.9821804890173
1.1400000000000001,b12,1,0.9995343721104405,-0.01789629404887867
1.1400000000000001,b12,2,0.999534372110448,-120.01789629406022
1.1400000000000001,b12,3,0.9995343721104347,119.98210368659716
1.16,source,1,0.999776875302611,-0.0164315039736324
1.16,source,2,0.9997768753026139,-120.01643150398588
1.16,source,3,0.9997768753026175,119.98356847667132
1.16,b1,1,0.9996269701600183,-0.017319577503902152
1.16,b1,2,0.9996269701600261,-120.01731957751542
1.16,b1,3,0.9996269701600157,119.9826804031416
1.16,b2,1,0.9995627013473368,-0.017614237718954043
1.16,b2,2,0.9995627013473473,-120.01761423773016
1.16,b2,3,0.99956270134733,119.9823857429268
1.16,b3,1,0.9995381587110068,-0.01782877461110491
1.16,b3,2,0.9995381587110183,-120.0178287746222
1.16,b3,3,0.9995381587109982,119.98217120603474
1.16,b4,1,0.9995277477238738,-0.01790675485913135
1.16,b4,2,0.9995277477238853,-120.01790675487015
1.16,b4,3,0.9995277477238641,119.98209322578674
1.16,b5,1,0.9995417733359453,-0.017475871685983788
1.16,b5,2,0.9995417733359567,-120.01747587169713
1.16,b5,3,0.9995417733359375,119.98252410895986
1.16,b6,1,0.9995391731104762,-0.01739050812069076
1.16,b6,2,0.999539173110488,-120.01739050813185
1.16,b6,3,0.9995391731104687,119.98260947252514
1.16,b7,1,0.9995415289494833,-0.017254308667173663
1.16,b7,2,0.9995415289494952,-120.01725430867833
1.16,b7,3,0.999541528949476,119.98274567197866
1.16,b8,1,0.9995657120184913,-0.01769582833519256
1.16,b8,2,0.9995657120185008,-120.01769582834642
1.16,b8,3,0.9995657120184848,119.98230415231058
1.16,b9,1,0.9995546112917644,-0.017561420609320103
1.16,b9,2,0.9995546112917746,-120.01756142062047
1.16,b9,3,0.9995546112917574,119.98243856003647
1.16,b10,1,0.9995542602912222,-0.017339236160692374
1.16,b10,2,0.9995542602912328,-120.01733923617186
1.16,b10,3,0.9995542602912155,119.98266074448513
1.16,b11,1,0.9995404512935889,-0.018006097721287834
1.16,b11,2,0.9995404512935987,-120.01800609773237
1.16,b11,3,0.9995404512935808,119.98199388292456
1.16,b12,1,0.9995326999873998,-0.01808290039830568
1.16,b12,2,0.9995326999874096,-120.01808290040935
1.16,b12,3,0.9995326999873908,119.98191708024754
1.18,source,1,0.9997763687750553,-0.016547226858803207
1.18,source,2,0.9997763687750575,-120.01654722687107
1.18,source,3,0.9997763687750623,119.98345275378618
1.18,b1,1,0.9996257135998333,-0.017459840494175604
1.18,b1,2,0.9996257135998406,-120.01745984050571
1.18,b1,3,0.9996257135998321,119.98254014015141
1.18,b2,1,0.9995607697774253,-0.017776583338424787
1.18,b2,2,0.9995607697774364,-120.01777658334966
1.18,b2,3,0.9995607697774211,119.98222339730744
1.18,b3,1,0.9995356271565361,-0.01801074690459772
1.18,b3,2,0.9995356271565486,-120.0180107469157
1.18,b3,3,0.9995356271565308,119.98198923374136
1.18,b4,1,0.9995246912125848,-0.01810590071097375
1.18,b4,2,0.9995246912125973,-120.01810590072203
1.18,b4,3,0.9995246912125787,119.98189407993502
1.18,b5,1,0.9995398417703011,-0.017638221257339017
1.18,b5,2,0.9995398417703135,-120.01763822126848
1.18,b5,3,0.999539841770296,119.98236175938867
1.18,b6,1,0.999537241539803,-0.01755285736159989
1.18,b6,2,0.9995372415398156,-120.01755285737275
1.18,b6,3,0.9995372415397982,119.9824471232844
1.18,b7,1,0.9995395974228515,-0.01741666134281919
1.18,b7,2,0.999539597422864,-120.01741666135398
1.18,b7,3,0.9995395974228465,119.98258331930317
1.18,b8,1,0.9995644554628984,-0.017836100462795566
1.18,b8,2,0.9995644554629063,-120.017836100474
1.18,b8,3,0.9995644554628927,119.98216388018304
1.18,b9,1,0.9995533547780954,-0.017701698005081402
1.18,b9,2,0.9995533547781033,-120.01770169801627
1.18,b9,3,0.9995533547780893,119.98229828264077
1.18,b10,1,0.9995530038287049,-0.017479518173062075
1.18,b10,2,0.9995530038287131,-120.01747951818425
1.18,b10,3,0.9995530038286993,119.98252046247279
1.18,b11,1,0.9995391947062058,-0.018146370628554183
1.18,b11,2,0.9995391947062133,-120.01814637063964
1.18,b11,3,0.9995391947061981,119.98185361001735
1.18,b12,1,0.9995314433902618,-0.01822317349856978
1.18,b12,2,0.9995314433902696,-120.01822317350963
1.18,b12,3,0.9995314433902533,119.98177680714737
1.2,source,1,0.9997759894115931,-0.01663393689270539
1.2,source,2,0.999775989411595,-120.0166339369051
1.2,source,3,0.9997759894115995,119.983366043752
1.2,b1,1,0.9996247722946632,-0.017564941241114292
1.2,b1,2,0.9996247722946683,-120.0175649412528
1.2,b1,3,0.999624772294659,119.98243503940407
1.2,b2,1,0.9995593227325859,-0.017898232466409005
1.2,b2,2,0.9995593227325934,-120.01789823247785
1.2,b2,3,0.999559322732578,119.98210174817896
1.2,b3,1,0.9995337305764621,-0.01814710328334798
1.2,b3,2,0.999533730576471,-120.01814710329464
1.2,b3,3,0.9995337305764528,119.9818528773621
1.2,b4,1,0.999522401311536,-0.01825512612335435
1.2,b4,2,0.9995224013115452,-120.0182551261346
1.2,b4,3,0.9995224013115263,119.98174485452215
1.2,b5,1,0.9995383947361712,-0.017759874099452417
1.2,b5,2,0.9995383947361791,-120.01775987411084
1.2,b5,3,0.999538394736162,119.98224010654599
1.2,b6,1,0.9995357945019056,-0.017674509956169034
1.2,b6,2,0.9995357945019138,-120.01767450996755
1.2,b6,3,0.9995357945018966,119.98232547068929
1.2,b7,1,0.9995381504245768,-0.017538317175477203
1.2,b7,2,0.9995381504245848,-120.01753831718686
1.2,b7,3,0.9995381504245677,119.98246166346996
1.2,b8,1,0.9995635141686124,-0.017941208801415257
1.2,b8,2,0.9995635141686178,-120.01794120881279
1.2,b8,3,0.9995635141686028,119.98205877184395
1.2,b9,1,0.9995524135203092,-0.017806810801159124
1.2,b9,2,0.9995524135203149,-120.01780681081246
1.2,b9,3,0.9995524135202984,119.98219316984425
1.2,b10,1,0.9995520626139395,-0.017584634899196858
1.2,b10,2,0.9995520626139456,-120.0175846349105
1.2,b10,3,0.9995520626139291,119.98241534574626
1.2,b11,1,0.9995382533881045,-0.018251479551227502
1.2,b11,2,0.99953825338811,-120.01825147956248
1.2,b11,3,0.9995382533880932,119.98174850109422
1.2,b12,1,0.9995305020648533,-0.018328282565827324
1.2,b12,2,0.9995305020648586,-120.01832828257703
1.2,b12,3,0.9995305020648412,119.98167169807967
1.22,source,1,0.9997757048824047,-0.01669899965918691
1.22,source,2,0.9997757048824085,-120.01669899967153
1.22,source,3,0.9997757048824112,119.98330098098575
1.22,b1,1,0.9996240661497879,-0.01764380566260607
1.22,b1,2,0.999624066149797,-120.01764380567431
1.22,b1,3,0.9996240661497854,119.98235617498291
1.22,b2,1,0.9995582371343923,-0.017989515432032466
1.22,b2,2,0.9995582371344045,-120.01798951544343
1.22,b2,3,0.9995582371343862,119.98201046521379
1.22,b3,1,0.9995323076887926,-0.018249422546502244
1.22,b3,2,0.9995323076888057,-120.01824942255774
1.22,b3,3,0.9995323076887846,119.98175055809945
1.22,b4,1,0.9995206833124183,-0.018367102303131305
1.22,b4,2,0.9995206833124316,-120.01836710231431
1.22,b4,3,0.9995206833124095,119.98163287834284
1.22,b5,1,0.9995373091524787,-0.01785116050029235
1.22,b5,2,0.9995373091524922,-120.01785116051161
1.22,b5,3,0.999537309152472,119.98214882014567
1.22,b6,1,0.9995347089153869,-0.017765796171285625
1.22,b6,2,0.9995347089154,-120.01776579618262
1.22,b6,3,0.9995347089153798,119.98223418447466
1.22,b7,1,0.9995370648734897,-0.017629606392349517
1.22,b7,2,0.9995370648735037,-120.0176296064037
1.22,b7,3,0.9995370648734833,119.9823703742536
1.22,b8,1,0.9995628080374117,-0.018020079470747415
1.22,b8,2,0.9995628080374224,-120.01802007948214
1.22,b8,3,0.9995628080374056,119.981979901175
1.22,b9,1,0.9995517074202599,-0.01788568519258205
1.22,b9,2,0.9995517074202716,-120.01788568520394
1.22,b9,3,0.9995517074202532,119.98211429545324
1.22,b10,1,0.9995513565496436,-0.01766351258798592
1.22,b10,2,0.9995513565496558,-120.01766351259936
1.22,b10,3,0.9995513565496373,119.98233646805785
1.22,b11,1,0.9995375472390388,-0.018330350658696516
1.22,b11,2,0.9995375472390493,-120.01833035066997
1.22,b11,3,0.9995375472390307,119.98166962998712
1.22,b12,1,0.9995297959103054,-0.01840715378176181
1.22,b12,2,0.9995297959103161,-120.01840715379299
1.22,b12,3,0.9995297959102964,119.9815928268641
1.24,source,1,0.99977549161561,-0.016747788718504745
1.24,source,2,0.999775491615611,-120.01674778873088
1.24,source,3,0.9997754916156152,119.98325219192637
1.24,b1,1,0.9996235367507285,-0.01770294592138311
1.24,b1,2,0.999623536750733,-120.01770294593308
1.24,b1,3,0.9996235367507232,119.98229703472404
1.24,b2,1,0.9995574232130192,-0.018057969180767013
1.24,b2,2,0.9995574232130253,-120.01805796919216
1.24,b2,3,0.999557423213009,119.98194201146491
1.24,b3,1,0.9995312408552262,-0.018326152627098486
1.24,b3,2,0.9995312408552331,-120.01832615263837
1.24,b3,3,0.9995312408552144,119.98167382801866
1.24,b4,1,0.9995193951933512,-0.018451074299379654
1.24,b4,2,0.9995193951933585,-120.01845107431059
1.24,b4,3,0.999519395193339,119.98154890634643
1.24,b5,1,0.9995364952476021,-0.01791961738855141
1.24,b5,2,0.9995364952476083,-120.01791961739988
1.24,b5,3,0.9995364952475905,119.98208036325721
1.24,b6,1,0.9995338950083904,-0.017834252920302437
1.24,b6,2,0.9995338950083971,-120.01783425293162
1.24,b6,3,0.9995338950083793,119.98216572772547
1.24,b7,1,0.9995362509980202,-0.01769806588958083
1.24,b7,2,0.9995362509980269,-120.01769806590094
1.24,b7,3,0.9995362509980089,119.9823019147562
1.24,b8,1,0.9995622786527658,-0.01807922483081678
1.24,b8,2,0.9995622786527708,-120.0180792248422
1.24,b8,3,0.9995622786527558,119.98192075581484
1.24,b9,1,0.9995511780618149,-0.017944833628626866
1.24,b9,2,0.9995511780618201,-120.01794483363996
1.24,b9,3,0.9995511780618045,119.98205514701708
1.24,b10,1,0.9995508272206306,-0.01772266375962832
1.24,b10,2,0.9995508272206358,-120.01772266377097
1.24,b10,3,0.99955082722062,119.98227731688608
1.24,b11,1,0.999537017840999,-0.018389496347239447
1.24,b11,2,0.999537017841004,-120.01838949635851
1.24,b11,3,0.9995370178409874,119.98161048429849
1.24,b12,1,0.999529266508156,-0.018466299551612022
1.24,b12,2,0.9995292665081608,-120.01846629956285
1.24,b12,3,0.9995292665081437,119.98153368109415
1.26,source,1,0.9997753317189375,-0.016784384701790684
1.26,source,2,0.9997753317189385,-120.01678438471419
1.26,source,3,0.999775331718943,119.98321559594318
1.26,b1,1,0.9996231397484598,-0.017747307439533976
1.26,b1,2,0.9996231397484646,-120.01774730745126
1.26,b1,3,0.9996231397484565,119.98225267320605
1.26,b2,1,0.9995568128103496,-0.018109317450782852
1.26,b2,2,0.9995568128103566,-120.0181093174622
1.26,b2,3,0.9995568128103424,119.98189066319507
1.26,b3,1,0.9995304407561593,-0.018383709145557883
1.26,b3,2,0.9995304407561669,-120.01838370915688
1.26,b3,3,0.9995304407561503,119.98161627150037
1.26,b4,1,0.9995184291194609,-0.018514063133722312
1.26,b4,2,0.9995184291194684,-120.01851406314498
1.26,b4,3,0.9995184291194508,119.98148591751225
1.26,b5,1,0.9995358848621689,-0.017970968501201036
1.26,b5,2,0.9995358848621765,-120.01797096851256
1.26,b5,3,0.9995358848621609,119.98202901214476
1.26,b6,1,0.9995332846213683,-0.01788560392853003
1.26,b6,2,0.9995332846213757,-120.0178856039399
1.26,b6,3,0.9995332846213605,119.98211437671746
1.26,b7,1,0.9995356406389346,-0.017749419389564126
1.26,b7,2,0.9995356406389426,-120.01774941940089
1.26,b7,3,0.9995356406389267,119.98225056125641
1.26,b8,1,0.9995618816644148,-0.01812359048642337
1.26,b8,2,0.999561881664421,-120.01812359049786
1.26,b8,3,0.9995618816644074,119.98187639015939
1.26,b9,1,0.9995507810952396,-0.017989201804402243
1.26,b9,2,0.9995507810952469,-120.01798920181581
1.26,b9,3,0.9995507810952324,119.98201077884147
1.26,b10,1,0.9995504302780902,-0.01776703418390669
1.26,b10,2,0.9995504302780983,-120.0177670341953
1.26,b10,3,0.9995504302780837,119.98223294646198
1.26,b11,1,0.999536620842604,-0.018433862249167068
1.26,b11,2,0.99953662084261,-120.01843386226048
1.26,b11,3,0.999536620842595,119.98156611839673
1.26,b12,1,0.999528869506679,-0.018510665514516602
1.26,b12,2,0.9995288695066848,-120.01851066552578
1.26,b12,3,0.9995288695066693,119.98148931513138
1.28,source,1,0.99977521185272,-0.016811831427082504
1.28,source,2,0.9997752118527201,-120.01681183143938
1.28,source,3,0.9997752118527251,119.9831881492179
1.28,b1,1,0.9996228420706584,-0.017780579215387365
1.28,b1,2,0.9996228420706623,-120.01778057922694
1.28,b1,3,0.9996228420706543,119.98221940143021
1.28,b2,1,0.999556355095907,-0.018147829883050675
1.28,b2,2,0.9995563550959131,-120.01814782989429
1.28,b2,3,0.9995563550958999,119.9818521507628
1.28,b3,1,0.9995298407776063,-0.018426877896156865
1.28,b3,2,0.9995298407776133,-120.01842687790727
1.28,b3,3,0.9995298407775983,119.98157310274982
1.28,b4,1,0.9995177046669659,-0.018561306239284946
1.28,b4,2,0.9995177046669732,-120.01856130625035
1.28,b4,3,0.9995177046669572,119.98143867440675
1.28,b5,1,0.9995354271648716,-0.01800948348835609
1.28,b5,2,0.9995354271648785,-120.01800948349954
1.28,b5,3,0.999535427164864,119.98199049715762
1.28,b6,1,0.999532826922879,-0.017924118837381185
1.28,b6,2,0.9995328269228864,-120.01792411884854
1.28,b6,3,0.9995328269228716,119.98207586180861
1.28,b7,1,0.9995351829651178,-0.01778793654038434
1.28,b7,2,0.9995351829651251,-120.01778793655157
1.28,b7,3,0.9995351829651106,119.98221204410561
1.28,b8,1,0.999561583999387,-0.018156865598968393
1.28,b8,2,0.9995615839993918,-120.0181568656102
1.28,b8,3,0.9995615839993779,119.9818431150469
1.28,b9,1,0.9995504834481392,-0.0180224789669655
1.28,b9,2,0.9995504834481446,-120.01802247897814
1.28,b9,3,0.9995504834481295,119.98197750167895
1.28,b10,1,0.9995501326504879,-0.017800313180451537
1.28,b10,2,0.9995501326504936,-120.01780031319163
1.28,b10,3,0.9995501326504783,119.9821996674655
1.28,b11,1,0.9995363231700453,-0.01846713754642146
1.28,b11,2,0.9995363231700499,-120.01846713755754
1.28,b11,3,0.999536323170034,119.98153284309952
1.28,b12,1,0.9995285718318094,-0.01854394085749132
1.28,b12,2,0.9995285718318139,-120.01854394086854
1.28,b12,3,0.9995285718317973,119.98145603978845
1.3,source,1,0.9997751219916917,-0.01683241742104949
1.3,source,2,0.9997751219916949,-120.01683241743324
1.3,source,3,0.999775121991698,119.98316756322394
1.3,b1,1,0.9996226188571163,-0.01780553493809491
1.3,b1,2,0.9996226188571251,-120.01780553494949
1.3,b1,3,0.9996226188571135,119.98219444570756
1.3,b2,1,0.9995560118587957,-0.01817671678143185
1.3,b2,2,0.999556011858808,-120.01817671679248
1.3,b2,3,0.9995560118587885,119.98182326386447
1.3,b3,1,0.9995293908424584,-0.018459257297656777
1.3,b3,2,0.9995293908424716,-120.01845925730856
1.3,b3,3,0.9995293908424495,119.98154072334835
1.3,b4,1,0.9995171613764087,-0.01859674163978005
1.3,b4,2,0.9995171613764215,-120.01859674165064
1.3,b4,3,0.9995171613763985,119.98140323900628
1.3,b5,1,0.9995350839442743,-0.018038372669412158
1.3,b5,2,0.9995350839442878,-120.01803837268038
1.3,b5,3,0.9995350839442655,119.98196160797659
1.3,b6,1,0.9995324837013881,-0.017953007959707046
1.3,b6,2,0.9995324837014018,-120.01795300797068
1.3,b6,3,0.9995324837013797,119.98204697268632
1.3,b7,1,0.9995348397653546,-0.01781682766760266
1.3,b7,2,0.9995348397653684,-120.01781682767857
1.3,b7,3,0.9995348397653459,119.98218315297842
1.3,b8,1,0.9995613607971736,-0.018181823999313035
1.3,b8,2,0.9995613607971834,-120.01818182401034
1.3,b8,3,0.9995613607971662,119.9818181566466
1.3,b9,1,0.9995502602605664,-0.018047439024679243
1.3,b9,2,0.999550260260577,-120.01804743903567
1.3,b9,3,0.9995502602605584,119.98195254162131
1.3,b10,1,0.9995499094786414,-0.01782527472430114
1.3,b10,2,0.9995499094786524,-120.0178252747353
1.3,b10,3,0.9995499094786335,119.9821747059217
1.3,b11,1,0.9995360999621848,-0.01849209608525185
1.3,b11,2,0.9995360999621943,-120.0184920960962
1.3,b11,3,0.9995360999621753,119.98150788456074
1.3,b12,1,0.9995283486222162,-0.01856889943061302
1.3,b12,2,0.9995283486222256,-120.0185688994415
1.3,b12,3,0.9995283486222059,119.98143108121539
1.32,source,1,0.9997750546280376,-0.016847857266675932
1.32,source,2,0.9997750546280392,-120.01684785727893
1.32,source,3,0.9997750546280443,119.98315212337826
1.32,b1,1,0.9996224514864922,-0.01782425273474589
1.32,b1,2,0.9996224514864986,-120.01782425274625
1.32,b1,3,0.9996224514864901,119.9821757279108
1.32,b2,1,0.9995557544759315,-0.018198383425874168
1.32,b2,2,0.9995557544759418,-120.01819838343708
1.32,b2,3,0.999555754475927,119.98180159721991
1.32,b3,1,0.9995290534379232,-0.018483543435894593
1.32,b3,2,0.9995290534379345,-120.01848354344696
1.32,b3,3,0.999529053437917,119.98151643720999
1.32,b4,1,0.9995167539569437,-0.018623319879992103
1.32,b4,2,0.9995167539569552,-120.01862331989099
1.32,b4,3,0.9995167539569366,119.98137666076595
1.32,b5,1,0.9995348265769627,-0.01806004134345073
1.32,b5,2,0.9995348265769741,-120.01806004135457
1.32,b5,3,0.9995348265769576,119.98193993930242
1.32,b6,1,0.9995322263334064,-0.01797467658971846
1.32,b6,2,0.9995322263334183,-120.01797467660086
1.32,b6,3,0.9995322263334014,119.98202530405617
1.32,b7,1,0.999534582416462,-0.017838498081546868
1.32,b7,2,0.9995345824164741,-120.01783849809269
1.32,b7,3,0.9995345824164577,119.98216148256434
1.32,b8,1,0.999561193436358,-0.018200543935493967
1.32,b8,2,0.9995611934363652,-120.01820054394665
1.32,b8,3,0.9995611934363506,119.98179943671029
1.32,b9,1,0.9995500929116272,-0.018066160293774943
1.32,b9,2,0.9995500929116351,-120.01806616030485
1.32,b9,3,0.9995500929116191,119.98193382035204
1.32,b10,1,0.9995497421423241,-0.017843997190993263
1.32,b10,2,0.999549742142332,-120.01784399720209
1.32,b10,3,0.9995497421423161,119.98215598345486
1.32,b11,1,0.9995359325971346,-0.018510816125291048
1.32,b11,2,0.9995359325971417,-120.01851081613633
1.32,b11,3,0.9995359325971254,119.98148916452057
1.32,b12,1,0.9995281812558666,-0.018587619496355835
1.32,b12,2,0.999528181255874,-120.01858761950736
1.32,b12,3,0.9995281812558567,119.98141236114954
1.34,source,1,0.999775004130273,-0.01685943755771056
1.34,source,2,0.9997750041302755,-120.01685943756993
1.34,source,3,0.9997750041302792,119.98314054308726
1.34,b1,1,0.9996223259885588,-0.017838292036131083
1.34,b1,2,0.9996223259885665,-120.0178382920476
1.34,b1,3,0.9996223259885556,119.98216168860947
1.34,b2,1,0.9995555614724431,-0.018214634763057635
1.34,b2,2,0.9995555614724544,-120.01821463477417
1.34,b2,3,0.9995555614724363,119.98178534588288
1.34,b3,1,0.9995288004188225,-0.01850175949043747
1.34,b3,2,0.9995288004188346,-120.01850175950139
1.34,b3,3,0.9995288004188139,119.9814982211556
1.34,b4,1,0.9995164484272087,-0.018643255096363928
1.34,b4,2,0.9995164484272216,-120.01864325510725
1.34,b4,3,0.9995164484271993,119.98135672554974
1.34,b5,1,0.9995346335878835,-0.018076294478175197
1.34,b5,2,0.9995346335878961,-120.01807629448913
1.34,b5,3,0.9995346335878758,119.98192368616789
1.34,b6,1,0.9995320333438248,-0.017990929691429697
1.34,b6,2,0.9995320333438377,-120.0179909297024
1.34,b6,3,0.9995320333438172,119.98200905095463
1.34,b7,1,0.999534389443619,-0.017854752764095844
1.34,b7,2,0.9995343894436317,-120.01785475277505
1.34,b7,3,0.9995343894436113,119.98214522788197
1.34,b8,1,0.9995610679467644,-0.018214584939994952
1.34,b8,2,0.9995610679467734,-120.01821458495115
1.34,b8,3,0.999561067946757,119.98178539570584
1.34,b9,1,0.9995499674316133,-0.018080202365365176
1.34,b9,2,0.9995499674316233,-120.01808020237647
1.34,b9,3,0.999549967431606,119.98191977828053
1.34,b10,1,0.9995496166723962,-0.017858040222996925
1.34,b10,2,0.9995496166724068,-120.01785804023407
1.34,b10,3,0.9995496166723895,119.98214194042292
1.34,b11,1,0.9995358071043658,-0.01852485720765995
1.34,b11,2,0.9995358071043748,-120.01852485721868
1.34,b11,3,0.9995358071043567,119.98147512343826
1.34,b12,1,0.9995280557621234,-0.018601660597996696
1.34,b12,2,0.9995280557621328,-120.01860166060898
1.34,b12,3,0.9995280557621141,119.98139832004797
1.36,source,1,0.9997749662772413,-0.016868123056736822
1.36,source,2,0.9997749662772432,-120.01686812306905
1.36,source,3,0.9997749662772462,119.98313185758819
1.36,b1,1,0.9996222318897658,-0.01784882222265431
1.36,b1,2,0.9996222318897723,-120.01784882223423
1.36,b1,3,0.9996222318897602,119.98215115842288
1.36,b2,1,0.999555416747715,-0.018226824293732853
1.36,b2,2,0.9995554167477237,-120.01822682430499
1.36,b2,3,0.9995554167477054,119.9817731563521
1.36,b3,1,0.9995286106830193,-0.01851542261703866
1.36,b3,2,0.9995286106830286,-120.01851542262814
1.36,b3,3,0.9995286106830077,119.98148455802891
1.36,b4,1,0.9995162193089855,-0.018658207645260314
1.36,b4,2,0.9995162193089948,-120.0186582076563
1.36,b4,3,0.9995162193089728,119.98134177300074
1.36,b5,1,0.9995344888763411,-0.018088485595517772
1.36,b5,2,0.9995344888763508,-120.0180884856067
1.36,b5,3,0.9995344888763309,119.98191149505037
1.36,b6,1,0.9995318886319056,-0.018003120784019028
1.36,b6,2,0.9995318886319154,-120.0180031207952
1.36,b6,3,0.9995318886318955,119.98199685986191
1.36,b7,1,0.9995342447463519,-0.01786694525282685
1.36,b7,2,0.9995342447463617,-120.017866945264
1.36,b7,3,0.9995342447463417,119.98213303539309
1.36,b8,1,0.9995609738549646,-0.0182251164776927
1.36,b8,2,0.9995609738549723,-120.01822511648895
1.36,b8,3,0.9995609738549542,119.98177486416809
1.36,b9,1,0.9995498733475028,-0.01809073475392533
1.36,b9,2,0.9995498733475108,-120.01809073476512
1.36,b9,3,0.9995498733474918,119.98190924589191
1.36,b10,1,0.9995495225963158,-0.0178685733785181
1.36,b10,2,0.9995495225963241,-120.01786857338973
1.36,b10,3,0.9995495225963051,119.98213140726736
1.36,b11,1,0.9995357130101858,-0.01853538880373553
1.36,b11,2,0.9995357130101933,-120.01853538881485
1.36,b11,3,0.9995357130101732,119.98146459184214
1.36,b12,1,0.9995279616672132,-0.01861219220851448
1.36,b12,2,0.9995279616672206,-120.01861219221959
1.36,b12,3,0.9995279616672,119.98138778843735
1.3800000000000001,source,1,0.9997749379038838,-0.016874637422949403
1.3800000000000001,source,2,0.9997749379038826,-120.01687463743544
1.3800000000000001,source,3,0.9997749379038888,119.98312534322186
1.3800000000000001,b1,1,0.9996221613355396,-0.01785672045618364
1.3800000000000001,b1,2,0.9996221613355403,-120.01785672046798
1.3800000000000001,b1,3,0.999622161335534,119.98214326018915
1.3800000000000001,b2,1,0.9995553082266209,-0.018235967299808403
1.3800000000000001,b2,2,0.9995553082266235,-120.01823596731128
1.3800000000000001,b2,3,0.9995553082266114,119.98176401334575
1.3800000000000001,b3,1,0.9995284684039764,-0.018525670860736827
1.3800000000000001,b3,2,0.9995284684039787,-120.01852567087208
1.3800000000000001,b3,3,0.9995284684039641,119.98147430978491
1.3800000000000001,b4,1,0.9995160474934407,-0.018669422991423382
1.3800000000000001,b4,2,0.9995160474934434,-120.01866942300268
1.3800000000000001,b4,3,0.9995160474934275,119.98133055765427
1.3800000000000001,b5,1,0.9995343803671982,-0.0180976299983694
1.3800000000000001,b5,2,0.9995343803672017,-120.01809763000982
1.3800000000000001,b5,3,0.9995343803671879,119.98190235064727
1.3800000000000001,b6,1,0.99953178012248,-0.01801226516829596
1.3800000000000001,b6,2,0.9995317801224837,-120.01801226517975
1.3800000000000001,b6,3,0.9995317801224703,119.98198771547736
1.3800000000000001,b7,1,0.9995341362497339,-0.017876090866649506
1.3800000000000001,b7,2,0.9995341362497373,-120.0178760908781
1.3800000000000001,b7,3,0.9995341362497236,119.982123889779
1.3800000000000001,b8,1,0.999560903306537,-0.018233015779947372
1.3800000000000001,b8,2,0.9995609033065376,-120.01823301579141
1.3800000000000001,b8,3,0.9995609033065266,119.98176696486561
1.3800000000000001,b9,1,0.9995498028052194,-0.018098634732200778
1.3800000000000001,b9,2,0.9995498028052205,-120.01809863474358
1.3800000000000001,b9,3,0.9995498028052088,119.98190134591341
1.3800000000000001,b10,1,0.9995494520604032,-0.017876473966995314
1.3800000000000001,b10,2,0.9995494520604048,-120.0178764739784
1.3800000000000001,b10,3,0.9995494520603926,119.98212350667865
1.3800000000000001,b11,1,0.9995356424599728,-0.018543288149769858
1.3800000000000001,b11,2,0.9995356424599735,-120.01854328816111
1.3800000000000001,b11,3,0.9995356424599606,119.98145669249588
1.3800000000000001,b12,1,0.9995278911164526,-0.018620091565390524
1.3800000000000001,b12,2,0.999527891116453,-120.01862009157671
1.3800000000000001,b12,3,0.9995278911164398,119.98137988908027
1.4000000000000001,source,1,0.9997749166373482,-0.01687952339040899
1.4000000000000001,source,2,0.9997749166373493,-120.01687952340285
1.4000000000000001,source,3,0.9997749166373542,119.98312045725434
1.4000000000000001,b1,1,0.999622108436217,-0.017862644611210447
1.4000000000000001,b1,2,0.9996221084362209,-120.017862644623
1.4000000000000001,b1,3,0.9996221084362125,119.982137336034
1.4000000000000001,b2,1,0.9995552268543338,-0.018242825253459254
1.4000000000000001,b2,2,0.9995552268543404,-120.01824282526498
1.4000000000000001,b2,3,0.999555226854325,119.981757155392
1.4000000000000001,b3,1,0.9995283617134896,-0.018533357768920292
1.4000000000000001,b3,2,0.9995283617134971,-120.01853335778031
1.4000000000000001,b3,3,0.9995283617134785,119.98146662287662
1.4000000000000001,b4,1,0.9995159186508071,-0.01867783524958082
1.4000000000000001,b4,2,0.999515918650815,-120.01867783526092
1.4000000000000001,b4,3,0.9995159186507956,119.98132214539604
1.4000000000000001,b5,1,0.9995342990056614,-0.01810448917877919
1.4000000000000001,b5,2,0.9995342990056686,-120.01810448919021
1.4000000000000001,b5,3,0.999534299005651,119.98189549146676
1.4000000000000001,b6,1,0.9995316987607314,-0.01801912433479113
1.4000000000000001,b6,2,0.9995316987607389,-120.01801912434621
1.4000000000000001,b6,3,0.9995316987607215,119.98198085631076
1.4000000000000001,b7,1,0.9995340548991668,-0.017882951113394857
1.4000000000000001,b7,2,0.9995340548991744,-120.01788295112483
1.4000000000000001,b7,3,0.9995340548991568,119.98211702953213
1.4000000000000001,b8,1,0.9995608504119775,-0.01823894077800837
1.4000000000000001,b8,2,0.9995608504119807,-120.01823894078952
1.4000000000000001,b8,3,0.999560850411968,119.98176103986742
1.4000000000000001,b9,1,0.9995497499155517,-0.018104560265684157
1.4000000000000001,b9,2,0.9995497499155553,-120.01810456027718
1.4000000000000001,b9,3,0.9995497499155418,119.98189542037979
1.4000000000000001,b10,1,0.9995493991757752,-0.01788239998436528
1.4000000000000001,b10,2,0.999549399175779,-120.01788239999587
1.4000000000000001,b10,3,0.9995493991757661,119.98211758066113
1.4000000000000001,b11,1,0.9995355895640753,-0.018549213180642184
1.4000000000000001,b11,2,0.9995355895640784,-120.01854921319203
1.4000000000000001,b11,3,0.9995355895640637,119.98145076746486
1.4000000000000001,b12,1,0.9995278382201442,-0.01862601660438925
1.4000000000000001,b12,2,0.9995278382201476,-120.01862601661573
1.4000000000000001,b12,3,0.999527838220132,119.98137396404114
1.42,source,1,0.9997749006985838,-0.016883188026542227
1.42,source,2,0.9997749006985842,-120.01688318803885
1.42,source,3,0.9997749006985884,119.98311679261838
1.42,b1,1,0.9996220687752214,-0.017867088125447923
1.42,b1,2,0.9996220687752255,-120.01786708813701
1.42,b1,3,0.9996220687752161,119.98213289252004
1.42,b2,1,0.9995551658404439,-0.018247969301015833
1.42,b2,2,0.9995551658404502,-120.01824796931224
1.42,b2,3,0.9995551658404339,119.98175201134477
1.42,b3,1,0.9995282817111182,-0.018539123550165758
1.42,b3,2,0.9995282817111251,-120.01853912356121
1.42,b3,3,0.9995282817111061,119.98146085709573
1.42,b4,1,0.9995158220344733,-0.018684145058883127
1.42,b4,2,0.9995158220344802,-120.01868414506986
1.42,b4,3,0.9995158220344603,119.98131583558705
1.42,b5,1,0.9995342380013819,-0.01810963430170741
1.42,b5,2,0.9995342380013892,-120.01810963431282
1.42,b5,3,0.9995342380013711,119.98189034634419
1.42,b6,1,0.9995316377562931,-0.01802426944728027
1.42,b6,2,0.9995316377563007,-120.01802426945838
1.42,b6,3,0.9995316377562825,119.98197571119863
1.42,b7,1,0.9995339939044804,-0.01788809717311442
1.42,b7,2,0.9995339939044884,-120.01788809718421
1.42,b7,3,0.9995339939044702,119.9821118834728
1.42,b8,1,0.999560810754865,-0.018243384955631322
1.42,b8,2,0.9995608107548702,-120.0182433849669
1.42,b8,3,0.9995608107548554,119.9817565956901
1.42,b9,1,0.9995497102623204,-0.018109004866178984
1.42,b9,2,0.9995497102623263,-120.01810900487739
1.42,b9,3,0.9995497102623109,119.9818909757796
1.42,b10,1,0.99954935952652,-0.01788684496743181
1.42,b10,2,0.9995493595265257,-120.01788684497865
1.42,b10,3,0.9995493595265104,119.98211313567835
1.42,b11,1,0.9995355499059594,-0.018553657382872922
1.42,b11,2,0.9995355499059646,-120.01855365739401
1.42,b11,3,0.9995355499059481,119.98144632326293
1.42,b12,1,0.9995277985617205,-0.01863046081271729
1.42,b12,2,0.9995277985617256,-120.0186304608238
1.42,b12,3,0.9995277985617085,119.98136951983312
1.44,source,1,0.9997748887537841,-0.016885936636498525
1.44,source,2,0.9997748887537858,-120.01688593664889
1.44,source,3,0.999774888753788,119.98311404400842
1.44,b1,1,0.9996220390407163,-0.0178704210913971
1.44,b1,2,0.9996220390407221,-120.01787042110311
1.44,b1,3,0.9996220390407102,119.98212955955414
1.44,b2,1,0.9995551200928178,-0.018251827822552164
1.44,b2,2,0.9995551200928261,-120.01825182783395
1.44,b2,3,0.999555120092807,119.98174815282327
1.44,b3,1,0.999528221722246,-0.0185434483836876
1.44,b3,2,0.9995282217222549,-120.01854344839492
1.44,b3,3,0.9995282217222334,119.98145653226229
1.44,b4,1,0.9995157495852295,-0.01868887792375451
1.44,b4,2,0.999515749585239,-120.01868887793492
1.44,b4,3,0.9995157495852162,119.98131110272226
1.44,b5,1,0.9995341922623056,-0.018113493764344138
1.44,b5,2,0.999534192262315,-120.01811349377566
1.44,b5,3,0.9995341922622941,119.98188648688159
1.44,b6,1,0.9995315920170977,-0.018028128902093675
1.44,b6,2,0.9995315920171074,-120.01802812891339
1.44,b6,3,0.9995315920170864,119.98197185174386
1.44,b7,1,0.9995339481737832,-0.01789195745709009
1.44,b7,2,0.9995339481737928,-120.01789195746842
1.44,b7,3,0.9995339481737716,119.98210802318886
1.44,b8,1,0.999560781023506,-0.01824671844246451
1.44,b8,2,0.999560781023513,-120.01824671845387
1.44,b8,3,0.999560781023496,119.98175326220333
1.44,b9,1,0.9995496805340316,-0.018112338686140435
1.44,b9,2,0.9995496805340397,-120.01811233869753
1.44,b9,3,0.9995496805340218,119.98188764195972
1.44,b10,1,0.9995493298013594,-0.017890179089081682
1.44,b10,2,0.9995493298013687,-120.01789017910048
1.44,b10,3,0.9995493298013504,119.98210980155679
1.44,b11,1,0.9995355201738482,-0.018556990888150836
1.44,b11,2,0.9995355201738552,-120.01855699089946
1.44,b11,3,0.9995355201738363,119.98144298975774
1.44,b12,1,0.9995277688293784,-0.018633794322560245
1.44,b12,2,0.9995277688293857,-120.01863379433382
1.44,b12,3,0.999527768829366,119.98136618632333
1.46,source,1,0.9997748798029515,-0.016887998205207262
1.46,source,2,0.9997748798029522,-120.01688799821761
1.46,source,3,0.9997748798029542,119.98311198243974
1.46,b1,1,0.9996220167492533,-0.01787292109239987
1.46,b1,2,0.999622016749258,-120.01787292110407
1.46,b1,3,0.9996220167492456,119.98212705955324
1.46,b2,1,0.9995550857928316,-0.018254722122556098
1.46,b2,2,0.9995550857928386,-120.01825472213388
1.46,b2,3,0.9995550857928196,119.98174525852342
1.46,b3,1,0.999528176741402,-0.018546692425518745
1.46,b3,2,0.9995281767414093,-120.01854669243667
1.46,b3,3,0.9995281767413877,119.98145328822058
1.46,b4,1,0.9995156952591738,-0.018692427995988574
1.46,b4,2,0.9995156952591817,-120.01869242800704
1.46,b4,3,0.9995156952591585,119.98130755265015
1.46,b5,1,0.9995341579698953,-0.018116388886822377
1.46,b5,2,0.9995341579699032,-120.01811638889802
1.46,b5,3,0.9995341579698823,119.98188359175927
1.46,b6,1,0.9995315577245982,-0.018031024018703663
1.46,b6,2,0.9995315577246066,-120.01803102402994
1.46,b6,3,0.9995315577245855,119.98196895662743
1.46,b7,1,0.9995339138886824,-0.017894853298499425
1.46,b7,2,0.9995339138886908,-120.01789485330971
1.46,b7,3,0.99953391388867,119.98210512734761
1.46,b8,1,0.9995607587345781,-0.018249218851621913
1.46,b8,2,0.9995607587345834,-120.01824921886296
1.46,b8,3,0.9995607587345655,119.98175076179423
1.46,b9,1,0.9995496582475261,-0.01811483935712095
1.46,b9,2,0.9995496582475322,-120.01811483936842
1.46,b9,3,0.9995496582475131,119.9818851412888
1.46,b10,1,0.999549307517311,-0.01789267999738302
1.46,b10,2,0.9995493075173174,-120.01789268000869
1.46,b10,3,0.9995493075172979,119.98210730064856
1.46,b11,1,0.9995354978843562,-0.018559491311146935
1.46,b11,2,0.9995354978843616,-120.01855949132239
1.46,b11,3,0.9995354978843419,119.9814404893348
1.46,b12,1,0.9995277465397135,-0.018636294748983737
1.46,b12,2,0.9995277465397188,-120.01863629476017
1.46,b12,3,0.9995277465396986,119.98136368589698
1.48,source,1,0.9997748730963638,-0.01688954447556804
1.48,source,2,0.9997748730963658,-120.01688954448775
1.48,source,3,0.9997748730963709,119.98311043616941
1.48,b1,1,0.9996220000385788,-0.017874796326136304
1.48,b1,2,0.9996220000385861,-120.01787479633754
1.48,b1,3,0.9996220000385769,119.98212518431949
1.48,b2,1,0.999555060076889,-0.01825689319340324
1.48,b2,2,0.9995550600768993,-120.01825689320442
1.48,b2,3,0.999555060076883,119.98174308745253
1.48,b3,1,0.9995281430148668,-0.018549125807955324
1.48,b3,2,0.9995281430148778,-120.01854912581881
1.48,b3,3,0.9995281430148589,119.98145085483812
1.48,b4,1,0.9995156545237747,-0.018695090905780587
1.48,b4,2,0.999515654523786,-120.01869509091658
1.48,b4,3,0.999515654523766,119.98130488974033
1.48,b5,1,0.9995341322606418,-0.018118560675602337
1.48,b5,2,0.9995341322606534,-120.0181185606865
1.48,b5,3,0.9995341322606346,119.98188141997046
1.48,b6,1,0.9995315320152779,-0.018033195803078102
1.48,b6,2,0.9995315320152893,-120.01803319581398
1.48,b6,3,0.9995315320152707,119.98196678484301
1.48,b7,1,0.9995338881858008,-0.017897025715662877
1.48,b7,2,0.9995338881858125,-120.01789702572655
1.48,b7,3,0.9995338881857938,119.98210295493041
1.48,b8,1,0.9995607420259351,-0.018251094404554337
1.48,b8,2,0.9995607420259434,-120.01825109441567
1.48,b8,3,0.9995607420259293,119.98174888624129
1.48,b9,1,0.9995496415407892,-0.01811671511539848
1.48,b9,2,0.9995496415407982,-120.01811671512648
1.48,b9,3,0.9995496415407831,119.9818832655305
1.48,b10,1,0.9995492908124989,-0.017894555941908995
1.48,b10,2,0.9995492908125083,-120.01789455595299
1.48,b10,3,0.9995492908124936,119.98210542470397
1.48,b11,1,0.9995354811752907,-0.01856136687445032
1.48,b11,2,0.9995354811752987,-120.01856136688546
1.48,b11,3,0.9995354811752828,119.98143861377149
1.48,b12,1,0.9995277298305184,-0.018638170314850808
1.48,b12,2,0.9995277298305265,-120.01863817032577
1.48,b12,3,0.9995277298305094,119.98136181033111
1.5,source,1,0.9997748680719594,-0.016890704257262763
1.5,source,2,0.9997748680719615,-120.01689070426951
1.5,source,3,0.999774868071964,119.98310927638774
1.5,b1,1,0.9996219875122858,-0.017876202948066005
1.5,b1,2,0.9996219875122928,-120.01787620295957
1.5,b1,3,0.999621987512281,119.98212377769758
1.5,b2,1,0.9995550407976097,-0.018258521789771047
1.5,b2,2,0.9995550407976193,-120.01825852180093
1.5,b2,3,0.9995550407976006,119.98174145885616
1.5,b3,1,0.9995281177276776,-0.018550951141474207
1.5,b3,2,0.9995281177276876,-120.01855095115248
1.5,b3,3,0.9995281177276663,119.98144902950457
1.5,b4,1,0.9995156239799672,-0.01869708838785516
1.5,b4,2,0.9995156239799775,-120.01869708839878
1.5,b4,3,0.9995156239799552,119.98130289225823
1.5,b5,1,0.9995341129872533,-0.01812018989799371
1.5,b5,2,0.9995341129872639,-120.01812018990908
1.5,b5,3,0.9995341129872437,119.98187979074801
1.5,b6,1,0.9995315127418389,-0.018034825022179686
1.5,b6,2,0.9995315127418498,-120.01803482503328
1.5,b6,3,0.9995315127418297,119.98196515562384
1.5,b7,1,0.9995338689179614,-0.017898655486650875
1.5,b7,2,0.9995338689179724,-120.01789865549776
1.5,b7,3,0.9995338689179522,119.98210132515936
1.5,b8,1,0.9995607295012652,-0.01825250127576204
1.5,b8,2,0.9995607295012731,-120.01825250128691
1.5,b8,3,0.9995607295012559,119.98174747937016
1.5,b9,1,0.9995496290176162,-0.018118122147362324
1.5,b9,2,0.9995496290176249,-120.01811812215846
1.5,b9,3,0.9995496290176062,119.98188185849865
1.5,b10,1,0.9995492782908318,-0.017895963119803793
1.5,b10,2,0.9995492782908411,-120.01789596313091
1.5,b10,3,0.9995492782908223,119.98210401752623
1.5,b11,1,0.999535468650304,-0.018562773753417694
1.5,b11,2,0.9995354686503117,-120.01856277376446
1.5,b11,3,0.9995354686502922,119.98143720689258
1.5,b12,1,0.9995277173054343,-0.018639577195745504
1.5,b12,2,0.9995277173054423,-120.01863957720674
1.5,b12,3,0.9995277173054219,119.98136040345028
1.52,source,1,0.9997748643083515,-0.016891574160777086
1.52,source,2,0.9997748643083545,-120.01689157417316
1.52,source,3,0.9997748643083569,119.98310840648412
1.52,b1,1,0.9996219781232577,-0.017877258081643626
1.52,b1,2,0.9996219781232656,-120.01787725809338
1.52,b1,3,0.9996219781232537,119.98212272256383
1.52,b2,1,0.9995550263446681,-0.01825974348717248
1.52,b2,2,0.9995550263446789,-120.01825974349865
1.52,b2,3,0.9995550263446599,119.98174023715855
1.52,b3,1,0.9995280987688263,-0.01855232039406078
1.52,b3,2,0.9995280987688381,-120.01855232040539
1.52,b3,3,0.999528098768816,119.98144766025182
1.52,b4,1,0.9995156010786725,-0.018698586753890908
1.52,b4,2,0.9995156010786845,-120.01869858676514
1.52,b4,3,0.999515601078661,119.981301393892
1.52,b5,1,0.9995340985394866,-0.018121412140858526
1.52,b5,2,0.9995340985394982,-120.01812141215225
1.52,b5,3,0.9995340985394773,119.98187856850495
1.52,b6,1,0.9995314982940349,-0.018036047262573976
1.52,b6,2,0.9995314982940466,-120.01803604727398
1.52,b6,3,0.9995314982940253,119.98196393338327
1.52,b7,1,0.9995338544750245,-0.017899878207946703
1.52,b7,2,0.9995338544750363,-120.01789987821935
1.52,b7,3,0.9995338544750153,119.98210010243787
1.52,b8,1,0.9995607201135276,-0.01825355660360641
1.52,b8,2,0.9995607201135366,-120.01825355661506
1.52,b8,3,0.9995607201135198,119.98174642404211
1.52,b9,1,0.9995496196310517,-0.018119177600794806
1.52,b9,2,0.999549619631061,-120.01811917761219
1.52,b9,3,0.9995496196310434,119.98188080304496
1.52,b10,1,0.9995492689054434,-0.01789701868732137
1.52,b10,2,0.9995492689054528,-120.01789701869875
1.52,b10,3,0.9995492689054353,119.98210296195845
1.52,b11,1,0.9995354592623288,-0.01856382908708882
1.52,b11,2,0.9995354592623374,-120.01856382909844
1.52,b11,3,0.9995354592623191,119.98143615155871
1.52,b12,1,0.9995277079173865,-0.018640632530852595
1.52,b12,2,0.999527707917395,-120.01864063254213
1.52,b12,3,0.9995277079173758,119.98135934811499
1.54,source,1,0.999774861489646,-0.016892226645703345
1.54,source,2,0.9997748614896454,-120.01689222665807
1.54,source,3,0.9997748614896533,119.98310775399926
1.54,b1,1,0.9996219710863364,-0.017878049574232023
1.54,b1,2,0.9996219710863384,-120.0178780495859
1.54,b1,3,0.9996219710863349,119.98212193107129
1.54,b2,1,0.9995550155105244,-0.018260659974020873
1.54,b2,2,0.999555015510528,-120.01826065998536
1.54,b2,3,0.9995550155105188,119.98173932067175
1.54,b3,1,0.9995280845552657,-0.01855334754882082
1.54,b3,2,0.9995280845552701,-120.01855334756003
1.54,b3,3,0.9995280845552587,119.98144663309702
1.54,b4,1,0.9995155839082924,-0.01869971074509445
1.54,b4,2,0.9995155839082972,-120.01869971075622
1.54,b4,3,0.9995155839082844,119.98130026990083
1.54,b5,1,0.9995340877098801,-0.018122329102603536
1.54,b5,2,0.9995340877098845,-120.01812232911388
1.54,b5,3,0.9995340877098736,119.98187765154324
1.54,b6,1,0.9995314874644,-0.01803696422246092
1.54,b6,2,0.9995314874644047,-120.01803696423374
1.54,b6,3,0.999531487464394,119.9819630164234
1.54,b7,1,0.9995338436496192,-0.017900795586579896
1.54,b7,2,0.9995338436496238,-120.01790079559787
1.54,b7,3,0.9995338436496128,119.98209918505925
1.54,b8,1,0.9995607130776297,-0.018254348247445616
1.54,b8,2,0.9995607130776324,-120.01825434825881
1.54,b8,3,0.9995607130776242,119.98174563239829
1.54,b9,1,0.9995496125960708,-0.01811996934259149
1.54,b9,2,0.9995496125960742,-120.01811996935389
1.54,b9,3,0.9995496125960656,119.98188001130318
1.54,b10,1,0.9995492618713789,-0.017897810518190553
1.54,b10,2,0.9995492618713824,-120.01789781052952
1.54,b10,3,0.999549261871374,119.9821021701276
1.54,b11,1,0.999535452226253,-0.018564620735293705
1.54,b11,2,0.9995354522262554,-120.01856462074653
1.54,b11,3,0.9995354522262454,119.9814353599105
1.54,b12,1,0.9995277008812559,-0.018641424180145295
1.54,b12,2,0.9995277008812582,-120.01864142419133
1.54,b12,3,0.9995277008812473,119.98135855646572
1.56,source,1,0.9997748593790342,-0.016892716058171598
1.56,source,2,0.999774859379038,-120.0168927160705
1.56,source,3,0.9997748593790428,119.98310726458669
1.56,b1,1,0.9996219658127881,-0.017878643315150405
1.56,b1,2,0.9996219658127965,-120.01787864332681
1.56,b1,3,0.999621965812788,119.98212133733023
1.56,b2,1,0.999555007389672,-0.018261347522144523
1.56,b2,2,0.9995550073896837,-120.01826134753354
1.56,b2,3,0.9995550073896685,119.98173863312348
1.56,b3,1,0.9995280738998608,-0.018554118098911096
1.56,b3,2,0.999528073899873,-120.01855411811019
1.56,b3,3,0.9995280738998555,119.9814458625468
1.56,b4,1,0.9995155710352821,-0.018700553923403838
1.56,b4,2,0.9995155710352943,-120.01870055393461
1.56,b4,3,0.9995155710352759,119.98129942672237
1.56,b5,1,0.9995340795929988,-0.018123017063921526
1.56,b5,2,0.9995340795930119,-120.01812301707525
1.56,b5,3,0.9995340795929949,119.98187696358181
1.56,b6,1,0.9995314793474975,-0.018037652182394094
1.56,b6,2,0.999531479347511,-120.01803765219373
1.56,b6,3,0.9995314793474939,119.98196232846334
1.56,b7,1,0.99953383553639,-0.01790148391088331
1.56,b7,2,0.9995338355364036,-120.01790148392222
1.56,b7,3,0.9995338355363864,119.98209849673489
1.56,b8,1,0.9995607078048908,-0.018254942105924418
1.56,b8,2,0.9995607078049,-120.01825494211727
1.56,b8,3,0.9995607078048862,119.98174503853967
1.56,b9,1,0.9995496073240484,-0.018120563277387373
1.56,b9,2,0.9995496073240584,-120.01812056328872
1.56,b9,3,0.9995496073240435,119.98187941736828
1.56,b10,1,0.9995492566000699,-0.017898404522391487
1.56,b10,2,0.9995492566000803,-120.01789840453375
1.56,b10,3,0.9995492566000653,119.98210157612327
1.56,b11,1,0.9995354469533806,-0.018565214597055412
1.56,b11,2,0.9995354469533897,-120.0185652146083
1.56,b11,3,0.999535446953374,119.98143476604864
1.56,b12,1,0.9995276956083425,-0.01864201804271469
1.56,b12,2,0.9995276956083518,-120.01864201805391
1.56,b12,3,0.9995276956083352,119.981357962603
1.58,source,1,0.9997748577990028,-0.016893083159435312
1.58,source,2,0.9997748577990041,-120.01689308317178
1.58,source,3,0.9997748577990093,119.9831068974855
1.58,b1,1,0.9996219618611757,-0.01787908872501041
1.58,b1,2,0.9996219618611811,-120.01787908873665
1.58,b1,3,0.9996219618611732,119.98212089192049
1.58,b2,1,0.9995550013031116,-0.018261863340527436
1.58,b2,2,0.9995550013031205,-120.01826186335185
1.58,b2,3,0.9995550013031058,119.98173811730527
1.58,b3,1,0.9995280659123933,-0.01855469616945725
1.58,b3,2,0.9995280659124031,-120.01855469618066
1.58,b3,3,0.9995280659123855,119.98144528447645
1.58,b4,1,0.9995155613846163,-0.018701186465711207
1.58,b4,2,0.9995155613846263,-120.01870118647686
1.58,b4,3,0.9995155613846077,119.98129879418025
1.58,b5,1,0.9995340735099101,-0.018123533241633936
1.58,b5,2,0.9995340735099206,-120.01812353325288
1.58,b5,3,0.9995340735099036,119.9818764474043
1.58,b6,1,0.9995314732643931,-0.018038168359072067
1.58,b6,2,0.9995314732644037,-120.01803816837032
1.58,b6,3,0.999531473264387,119.98196181228687
1.58,b7,1,0.9995338294564754,-0.017902000404454478
1.58,b7,2,0.9995338294564863,-120.01790200041569
1.58,b7,3,0.999533829456469,119.9820979802415
1.58,b8,1,0.9995607038539159,-0.018255387607076783
1.58,b8,2,0.9995607038539224,-120.01825538761844
1.58,b8,3,0.9995607038539094,119.98174459303867
1.58,b9,1,0.9995496033736321,-0.018121008837916706
1.58,b9,2,0.9995496033736389,-120.01812100884919
1.58,b9,3,0.9995496033736251,119.98187897180789
1.58,b10,1,0.9995492526502082,-0.01789885013695492
1.58,b10,2,0.9995492526502153,-120.01789885014824
1.58,b10,3,0.9995492526502012,119.98210113050887
1.58,b11,1,0.9995354430023058,-0.01856566010064441
1.58,b11,2,0.9995354430023121,-120.01856566011189
1.58,b11,3,0.999535443002297,119.98143432054519
1.58,b12,1,0.9995276916572371,-0.018642463546898594
1.58,b12,2,0.9995276916572434,-120.01864246355808
1.58,b12,3,0.9995276916572277,119.98135751709894
1.6,source,1,0.9997748566164882,-0.016893358521280002
1.6,source,2,0.9997748566164901,-120.01689335853357
1.6,source,3,0.9997748566164955,119.98310662212366
1.6,b1,1,0.9996219589005083,-0.01787942287168437
1.6,b1,2,0.9996219589005141,-120.01787942288324
1.6,b1,3,0.9996219589005059,119.98212055777384
1.6,b2,1,0.9995549967416908,-0.01826225033942629
1.6,b2,2,0.9995549967416997,-120.01826225035063
1.6,b2,3,0.9995549967416841,119.98173773030636
1.6,b3,1,0.9995280599252964,-0.018555129857922154
1.6,b3,2,0.9995280599253059,-120.018555129869
1.6,b3,3,0.9995280599252881,119.98144485078797
1.6,b4,1,0.9995155541501247,-0.0187016610083997
1.6,b4,2,0.9995155541501345,-120.01870166101943
1.6,b4,3,0.9995155541501158,119.98129831963752
1.6,b5,1,0.9995340689515197,-0.0181239205528594
1.6,b5,2,0.99953406895153,-120.01812392056395
1.6,b5,3,0.9995340689515124,119.98187606009304
1.6,b6,1,0.9995314687059911,-0.01803855566950628
1.6,b6,2,0.9995314687060012,-120.01803855568062
1.6,b6,3,0.9995314687059836,119.98196142497643
1.6,b7,1,0.9995338249008421,-0.017902387990350262
1.6,b7,2,0.9995338249008529,-120.01790238800145
1.6,b7,3,0.9995338249008353,119.9820975926556
1.6,b8,1,0.9995607008937505,-0.018255721824523938
1.6,b8,2,0.9995607008937577,-120.01825572183577
1.6,b8,3,0.9995607008937442,119.98174425882125
1.6,b9,1,0.9995496004139014,-0.018121343101466455
1.6,b9,2,0.9995496004139092,-120.01812134311267
1.6,b9,3,0.9995496004138948,119.98187863754436
1.6,b10,1,0.9995492496909082,-0.017899184442484634
1.6,b10,2,0.9995492496909163,-120.0178991844537
1.6,b10,3,0.999549249690902,119.98210079620335
1.6,b11,1,0.9995354400420653,-0.0185659943199372
1.6,b11,2,0.9995354400420721,-120.01856599433106
1.6,b11,3,0.9995354400420571,119.98143398632591
1.6,b12,1,0.9995276886969737,-0.018642797766653
1.6,b12,2,0.9995276886969805,-120.01864279777773
1.6,b12,3,0.9995276886969647,119.98135718287921
1.62,source,1,0.999774855731759,-0.016893565073386144
1.62,source,2,0.9997748557317591,-120.01689356508572
1.62,source,3,0.9997748557317652,119.98310641557163
1.62,b1,1,0.9996219566826219,-0.017879673558241
1.62,b1,2,0.999621956682626,-120.01787967356985
1.62,b1,3,0.9996219566826193,119.98212030708736
1.62,b2,1,0.9995549933236343,-0.018262540704778764
1.62,b2,2,0.9995549933236407,-120.01826254071607
1.62,b2,3,0.9995549933236287,119.98173743994106
1.62,b3,1,0.9995280554379858,-0.018555455240762
1.62,b3,2,0.9995280554379933,-120.01855545525189
1.62,b3,3,0.999528055437979,119.98144452540521
1.62,b4,1,0.9995155487272708,-0.018702017032169036
1.62,b4,2,0.9995155487272784,-120.01870201704324
1.62,b4,3,0.9995155487272629,119.98129796361386
1.62,b5,1,0.9995340655361062,-0.018124211189557593
1.62,b5,2,0.9995340655361141,-120.01812421120077
1.62,b5,3,0.9995340655361004,119.98187576945642
1.62,b6,1,0.9995314652905686,-0.018038846305627184
1.62,b6,2,0.9995314652905766,-120.01803884631683
1.62,b6,3,0.9995314652905627,119.98196113434037
1.62,b7,1,0.9995338214878232,-0.01790267886579564
1.62,b7,2,0.9995338214878314,-120.01790267887701
1.62,b7,3,0.9995338214878173,119.98209730178019
1.62,b8,1,0.9995606986762581,-0.018255972565910255
1.62,b8,2,0.9995606986762633,-120.01825597257714
1.62,b8,3,0.9995606986762507,119.98174400807993
1.62,b9,1,0.9995495981967472,-0.018121593878641363
1.62,b9,2,0.9995495981967528,-120.01812159388983
1.62,b9,3,0.9995495981967393,119.98187838676726
1.62,b10,1,0.9995492474740878,-0.017899435252247856
1.62,b10,2,0.9995492474740937,-120.01789943526343
1.62,b10,3,0.9995492474740801,119.98210054539366
1.62,b11,1,0.9995354378245171,-0.01856624506269713
1.62,b11,2,0.9995354378245218,-120.01856624507383
1.62,b11,3,0.9995354378245076,119.98143373558322
1.62,b12,1,0.9995276864794083,-0.018643048509754366
1.62,b12,2,0.9995276864794129,-120.01864304852083
1.62,b12,3,0.999527686479398,119.9813569321362
1.6400000000000001,source,1,0.9997748550700656,-0.016893720014035118
1.6400000000000001,source,2,0.9997748550700671,-120.01689372002635
1.6400000000000001,source,3,0.9997748550700708,119.98310626063092
1.6400000000000001,b1,1,0.9996219550214547,-0.0178798616391935
1.6400000000000001,b1,2,0.9996219550214602,-120.01787986165075
1.6400000000000001,b1,3,0.99962195502145,119.9821201190064
1.6400000000000001,b2,1,0.9995549907626816,-0.01826275857914913
1.6400000000000001,b2,2,0.9995549907626899,-120.01826275859037
1.6400000000000001,b2,3,0.9995549907626727,119.98173722206678
1.6400000000000001,b3,1,0.9995280520750951,-0.018555699378449315
1.6400000000000001,b3,2,0.9995280520751041,-120.01855569938951
1.6400000000000001,b3,3,0.999528052075084,119.98144428126758
1.6400000000000001,b4,1,0.9995155446627243,-0.018702284150746963
1.6400000000000001,b4,2,0.9995155446627336,-120.01870228416175
1.6400000000000001,b4,3,0.9995155446627123,119.98129769649535
1.6400000000000001,b5,1,0.9995340629774571,-0.018124429299608728
1.6400000000000001,b5,2,0.9995340629774663,-120.01812442931069
1.6400000000000001,b5,3,0.9995340629774467,119.98187555134643
1.6400000000000001,b6,1,0.9995314627319125,-0.018039064415243396
1.6400000000000001,b6,2,0.9995314627319222,-120.01803906442635
1.6400000000000001,b6,3,0.9995314627319024,119.98196091623083
1.6400000000000001,b7,1,0.9995338189312527,-0.01790289718329881
1.6400000000000001,b7,2,0.9995338189312621,-120.0179028971944
1.6400000000000001,b7,3,0.9995338189312424,119.98209708346275
1.6400000000000001,b8,1,0.9995606970153992,-0.01825616068927916
1.6400000000000001,b8,2,0.9995606970154064,-120.01825616070055
1.6400000000000001,b8,3,0.9995606970153905,119.98174381995656
1.6400000000000001,b9,1,0.99954959653615,-0.018121782029726474
1.6400000000000001,b9,2,0.9995495965361586,-120.01812178204094
1.6400000000000001,b9,3,0.9995495965361415,119.98187819861619
1.6400000000000001,b10,1,0.9995492458137496,-0.017899623428593935
1.6400000000000001,b10,2,0.9995492458137585,-120.01789962343986
1.6400000000000001,b10,3,0.9995492458137413,119.98210035721732
1.6400000000000001,b11,1,0.9995354361636161,-0.018566433187103527
1.6400000000000001,b11,2,0.9995354361636231,-120.01856643319825
1.6400000000000001,b11,3,0.9995354361636053,119.98143354745883
1.6400000000000001,b12,1,0.9995276848184943,-0.018643236634412003
1.6400000000000001,b12,2,0.9995276848185012,-120.01864323664553
1.6400000000000001,b12,3,0.9995276848184829,119.98135674401155
1.6600000000000001,source,1,0.9997748545753955,-0.016893836242333246
1.6600000000000001,source,2,0.9997748545753963,-120.01689383625465
1.6600000000000001,source,3,0.9997748545754009,119.9831061444026
1.6600000000000001,b1,1,0.9996219537775188,-0.01788000275671269
1.6600000000000001,b1,2,0.9996219537775233,-120.01788000276831
1.6600000000000001,b1,3,0.9996219537775141,119.98211997788883
1.6600000000000001,b2,1,0.9995549888442029,-0.01826292207137655
1.6600000000000001,b2,2,0.9995549888442109,-120.01826292208261
1.6600000000000001,b2,3,0.9995549888441944,119.9817370585745
1.6600000000000001,b3,1,0.9995280495551644,-0.018555882568293124
1.6600000000000001,b3,2,0.9995280495551728,-120.01855588257935
1.6600000000000001,b3,3,0.9995280495551532,119.98144409807769
1.6600000000000001,b4,1,0.9995155416165529,-0.01870248457635634
1.6600000000000001,b4,2,0.9995155416165616,-120.01870248458738
1.6600000000000001,b4,3,0.9995155416165409,119.98129749606967
1.6600000000000001,b5,1,0.999534061060983,-0.018124592996486086
1.6600000000000001,b5,2,0.9995340610609927,-120.01812459300763
1.6600000000000001,b5,3,0.9995340610609739,119.9818753876495
1.6600000000000001,b6,1,0.9995314608154336,-0.018039228111783802
1.6600000000000001,b6,2,0.9995314608154435,-120.01803922812293
1.6600000000000001,b6,3,0.9995314608154244,119.98196075253419
1.6600000000000001,b7,1,0.9995338170165827,-0.017903061060367594
1.6600000000000001,b7,2,0.9995338170165929,-120.01790306107155
1.6600000000000001,b7,3,0.999533817016574,119.9820969195856
1.6600000000000001,b8,1,0.9995606957717051,-0.01825630183957082
1.6600000000000001,b8,2,0.9995606957717098,-120.01825630185084
1.6600000000000001,b8,3,0.9995606957716958,119.98174367880621
1.6600000000000001,b9,1,0.9995495952926601,-0.018121923201481052
1.6600000000000001,b9,2,0.9995495952926648,-120.0181219232127
1.6600000000000001,b9,3,0.9995495952926503,119.98187805744436
1.6600000000000001,b10,1,0.9995492445704596,-0.017899764619914812
1.6600000000000001,b10,2,0.9995492445704645,-120.01789976463114
1.6600000000000001,b10,3,0.9995492445704504,119.98210021602593
1.6600000000000001,b11,1,0.9995354349198904,-0.01856657433817088
1.6600000000000001,b11,2,0.9995354349198952,-120.01856657434932
1.6600000000000001,b11,3,0.9995354349198792,119.9814334063077
1.6600000000000001,b12,1,0.9995276835747591,-0.01864337778567856
1.6600000000000001,b12,2,0.9995276835747637,-120.01864337779676
1.6600000000000001,b12,3,0.9995276835747468,119.98135660286023
1.68,source,1,0.9997748542057694,-0.01689392343327642
1.68,source,2,0.9997748542057704,-120.0168939234456
1.68,source,3,0.9997748542057753,119.98310605721166
1.68,b1,1,0.9996219528462353,-0.017880108643868395
1.68,b1,2,0.9996219528462402,-120.01788010865543
1.68,b1,3,0.9996219528462317,119.98211987200166
1.68,b2,1,0.9995549874072682,-0.018263044765222645
1.68,b2,2,0.9995549874072762,-120.01826304477645
1.68,b2,3,0.9995549874072616,119.98173693588059
1.68,b3,1,0.999528047667141,-0.018556020035447672
1.68,b3,2,0.9995280476671499,-120.01855602004652
1.68,b3,3,0.9995280476671323,119.9814439606105
1.68,b4,1,0.9995155393338498,-0.01870263497042345
1.68,b4,2,0.9995155393338592,-120.01870263498142
1.68,b4,3,0.9995155393338406,119.98129734567557
1.68,b5,1,0.9995340596257937,-0.01812471586796149
1.68,b5,2,0.9995340596258029,-120.0181247158791
1.68,b5,3,0.9995340596257869,119.98187526477794
1.68,b6,1,0.9995314593802405,-0.01803935098301854
1.68,b6,2,0.9995314593802501,-120.01803935099416
1.68,b6,3,0.999531459380234,119.98196062966291
1.68,b7,1,0.9995338155829594,-0.01790318408831958
1.68,b7,2,0.9995338155829689,-120.01790318409947
1.68,b7,3,0.999533815582953,119.98209679655763
1.68,b8,1,0.9995606948406102,-0.018256407752052204
1.68,b8,2,0.9995606948406152,-120.01825640776327
1.68,b8,3,0.9995606948406011,119.98174357289372
1.68,b9,1,0.9995495943617226,-0.018122029130567763
1.68,b9,2,0.999549594361728,-120.01812202914174
1.68,b9,3,0.9995495943617129,119.98187795151526
1.68,b10,1,0.9995492436396768,-0.017899870564154492
1.68,b10,2,0.9995492436396827,-120.01789987057533
1.68,b10,3,0.9995492436396675,119.98210011008167
1.68,b11,1,0.9995354339887719,-0.018566680251224685
1.68,b11,2,0.999535433988777,-120.01856668026235
1.68,b11,3,0.9995354339887607,119.98143330039464
1.68,b12,1,0.9995276826436331,-0.018643483698874558
1.68,b12,2,0.9995276826436382,-120.01864348370995
1.68,b12,3,0.999527682643621,119.981356496947
1.7,source,1,0.999774853929739,-0.01689398884347136
1.7,source,2,0.9997748539297414,-120.01689398885576
1.7,source,3,0.9997748539297444,119.98310599180148
1.7,b1,1,0.9996219521492138,-0.017880188101519895
1.7,b1,2,0.9996219521492216,-120.01788018811307
1.7,b1,3,0.9996219521492099,119.98211979254408
1.7,b2,1,0.9995549863312302,-0.01826313685018075
1.7,b2,2,0.9995549863312417,-120.01826313686139
1.7,b2,3,0.9995549863312219,119.98173684379573
1.7,b3,1,0.9995280462527872,-0.0185561232004261
1.7,b3,2,0.9995280462527997,-120.01855612321147
1.7,b3,3,0.9995280462527772,119.9814438574456
1.7,b4,1,0.999515537623487,-0.018702747830642925
1.7,b4,2,0.9995155376235001,-120.01870274784163
1.7,b4,3,0.9995155376234761,119.98129723281544
1.7,b5,1,0.9995340585512729,-0.018124808107113307
1.7,b5,2,0.9995340585512862,-120.01812480811822
1.7,b5,3,0.9995340585512638,119.98187517253893
1.7,b6,1,0.999531458305717,-0.018039443221982962
1.7,b6,2,0.9995314583057303,-120.01803944323308
1.7,b6,3,0.999531458305708,119.98196053742407
1.7,b7,1,0.9995338145097971,-0.017903276463312513
1.7,b7,2,0.999533814509811,-120.01790327647441
1.7,b7,3,0.9995338145097882,119.98209670418277
1.7,b8,1,0.999560694143735,-0.018256487229271905
1.7,b8,2,0.9995606941437439,-120.0182564872405
1.7,b8,3,0.9995606941437267,119.98174349341664
1.7,b9,1,0.9995495936649694,-0.01812210862061619
1.7,b9,2,0.9995495936649791,-120.0181221086318
1.7,b9,3,0.9995495936649607,119.98187787202535
1.7,b10,1,0.9995492429430434,-0.017899950065908977
1.7,b10,2,0.9995492429430534,-120.01789995007707
1.7,b10,3,0.9995492429430345,119.98210003058007
1.7,b11,1,0.999535433291879,-0.0185667597288765
1.7,b11,2,0.9995354332918879,-120.01856675973998
1.7,b11,3,0.9995354332918687,119.98143322091711
1.7,b12,1,0.9995276819467351,-0.018643563176632173
1.7,b12,2,0.9995276819467438,-120.01864356318768
1.7,b12,3,0.9995276819467238,119.98135641746936
1.72,source,1,0.9997748537237424,-0.01689403791577663
1.72,source,2,0.9997748537237438,-120.01689403792803
1.72,source,3,0.9997748537237487,119.98310594272914
1.72,b1,1,0.9996219516276932,-0.017880247731215923
1.72,b1,2,0.9996219516276986,-120.01788024774271
1.72,b1,3,0.9996219516276895,119.98211973291426
1.72,b2,1,0.9995549855256395,-0.01826320596955444
1.72,b2,2,0.9995549855256481,-120.0182632059807
1.72,b2,3,0.999554985525632,119.98173677467616
1.72,b3,1,0.9995280451934606,-0.018556200629859604
1.72,b3,2,0.9995280451934698,-120.01855620064087
1.72,b3,3,0.9995280451934512,119.98144378001594
1.72,b4,1,0.999515536342154,-0.01870283253153473
1.72,b4,2,0.9995155363421636,-120.01870283254247
1.72,b4,3,0.9995155363421437,119.98129714811432
1.72,b5,1,0.9995340577470011,-0.018124877360253037
1.72,b5,2,0.9995340577470113,-120.0181248773713
1.72,b5,3,0.9995340577469928,119.98187510328559
1.72,b6,1,0.9995314575014429,-0.018039512474988997
1.72,b6,2,0.9995314575014533,-120.01803951248607
1.72,b6,3,0.999531457501435,119.98196046817088
1.72,b7,1,0.9995338137067035,-0.01790334583431474
1.72,b7,2,0.9995338137067139,-120.01790334584541
1.72,b7,3,0.9995338137066957,119.98209663481154
1.72,b8,1,0.9995606936223288,-0.01825654687401609
1.72,b8,2,0.9995606936223349,-120.01825654688523
1.72,b8,3,0.9995606936223207,119.98174343377167
1.72,b9,1,0.9995495931436575,-0.01812216827524906
1.72,b9,2,0.9995495931436641,-120.01812216828641
1.72,b9,3,0.999549593143649,119.98187781237048
1.72,b10,1,0.9995492424218235,-0.01790000972957396
1.72,b10,2,0.9995492424218304,-120.01790000974071
1.72,b10,3,0.9995492424218155,119.98209997091618
1.72,b11,1,0.9995354327704596,-0.01856681937393394
1.72,b11,2,0.9995354327704656,-120.018566819385
1.72,b11,3,0.9995354327704498,119.98143316127184
1.72,b12,1,0.9995276814253115,-0.01864362282176657
1.72,b12,2,0.9995276814253178,-120.0186436228328
1.72,b12,3,0.999527681425301,119.98135635782404
1.74,source,1,0.9997748535701295,-0.016894074732669788
1.74,source,2,0.9997748535701286,-120.0168940747451
1.74,source,3,0.9997748535701363,119.98310590591218
1.74,b1,1,0.9996219512376242,-0.017880292484926945
1.74,b1,2,0.9996219512376254,-120.01788029249668
1.74,b1,3,0.9996219512376217,119.98211968816042
1.74,b2,1,0.999554984922684,-0.018263257857204188
1.74,b2,2,0.9995549849226875,-120.01826325786865
1.74,b2,3,0.9995549849226776,119.9817367227884
1.74,b3,1,0.9995280444002032,-0.01855625875007777
1.74,b3,2,0.9995280444002066,-120.0185562587614
1.74,b3,3,0.9995280444001948,119.9814437218956
1.74,b4,1,0.9995155353823917,-0.018702896105360068
1.74,b4,2,0.9995155353823955,-120.01870289611662
1.74,b4,3,0.9995155353823828,119.98129708454034
1.74,b5,1,0.9995340571451916,-0.01812492936396574
1.74,b5,2,0.9995340571451968,-120.0181249293753
1.74,b5,3,0.999534057145185,119.98187505128173
1.74,b6,1,0.9995314568996321,-0.018039564478592757
1.74,b6,2,0.9995314568996376,-120.01803956448997
1.74,b6,3,0.9995314568996254,119.98196041616713
1.74,b7,1,0.9995338131059165,-0.017903397940324327
1.74,b7,2,0.9995338131059222,-120.01790339795167
1.74,b7,3,0.9995338131059103,119.98209658270542
1.74,b8,1,0.9995606932323486,-0.01825659163932058
1.74,b8,2,0.9995606932323505,-120.01825659165074
1.74,b8,3,0.9995606932323423,119.98174338900625
1.74,b9,1,0.9995495927537501,-0.018122213048185284
1.74,b9,2,0.9995495927537527,-120.01812221305956
1.74,b9,3,0.9995495927537438,119.98187776759741
1.74,b10,1,0.9995492420319873,-0.017900054509484543
1.74,b10,2,0.9995492420319899,-120.01790005452087
1.74,b10,3,0.9995492420319811,119.98209992613613
1.74,b11,1,0.9995354323804696,-0.01856686413949262
1.74,b11,2,0.9995354323804716,-120.01856686415078
1.74,b11,3,0.9995354323804615,119.98143311650617
1.74,b12,1,0.9995276810353183,-0.018643667587394115
1.74,b12,2,0.9995276810353206,-120.01864366759862
1.74,b12,3,0.9995276810353096,119.98135631305828
1.76,source,1,0.9997748534556881,-0.016894102356244875
1.76,source,2,0.9997748534556861,-120.0168941023688
1.76,source,3,0.9997748534556918,119.98310587828861
1.76,b1,1,0.999621950946004,-0.017880326077498263
1.76,b1,2,0.9996219509460037,-120.01788032608934
1.76,b1,3,0.9996219509459975,119.98211965456791
1.76,b2,1,0.9995549844715437,-0.0182632968147112
1.76,b2,2,0.9995549844715447,-120.01826329682625
1.76,b2,3,0.9995549844715327,119.98173668383095
1.76,b3,1,0.9995280438063365,-0.01855630238203583
1.76,b3,2,0.9995280438063382,-120.01855630239343
1.76,b3,3,0.9995280438063239,119.98144367826372
1.76,b4,1,0.9995155346636471,-0.018702943827543915
1.76,b4,2,0.9995155346636486,-120.01870294383886
1.76,b4,3,0.9995155346636334,119.98129703681823
1.76,b5,1,0.9995340566950476,-0.018124968422160548
1.76,b5,2,0.9995340566950486,-120.01812496843357
1.76,b5,3,0.9995340566950346,119.98187501222361
1.76,b6,1,0.9995314564494868,-0.0180396035367156
1.76,b6,2,0.9995314564494883,-120.01803960354812
1.76,b6,3,0.9995314564494739,119.98196037710906
1.76,b7,1,0.9995338126566591,-0.017903437087263163
1.76,b7,2,0.9995338126566603,-120.01790343709865
1.76,b7,3,0.9995338126566463,119.9820965435585
1.76,b8,1,0.9995606929407974,-0.0182566252408255
1.76,b8,2,0.9995606929407976,-120.01825662525238
1.76,b8,3,0.9995606929407869,119.98174335540482
1.76,b9,1,0.9995495924622553,-0.01812224665558135
1.76,b9,2,0.9995495924622556,-120.0181222466671
1.76,b9,3,0.9995495924622445,119.98187773399009
1.76,b10,1,0.999549241740547,-0.017900088122252703
1.76,b10,2,0.9995492417405476,-120.01790008813376
1.76,b10,3,0.9995492417405366,119.98209989252345
1.76,b11,1,0.9995354320889112,-0.018566897741170266
1.76,b11,2,0.9995354320889113,-120.0185668977526
1.76,b11,3,0.9995354320888985,119.98143308290454
1.76,b12,1,0.9995276807437576,-0.018643701189107336
1.76,b12,2,0.9995276807437578,-120.0186437012005
1.76,b12,3,0.9995276807437445,119.98135627945662
1.78,source,1,0.9997748533705175,-0.0168941230835092
1.78,source,2,0.99977485337052,-120.01689412309575
1.78,source,3,0.9997748533705254,119.98310585756137
1.78,b1,1,0.9996219507280895,-0.01788035129559861
1.78,b1,2,0.9996219507280963,-120.01788035130713
1.78,b1,3,0.9996219507280877,119.98211962934982
1.78,b2,1,0.9995549841341135,-0.01826332606902404
1.78,b2,2,0.9995549841341229,-120.01826332608024
1.78,b2,3,0.9995549841341076,119.98173665457662
1.78,b3,1,0.9995280433618616,-0.018556335142212808
1.78,b3,2,0.9995280433618718,-120.0185563351533
1.78,b3,3,0.9995280433618542,119.98144364550349
1.78,b4,1,0.9995155341255134,-0.01870297965541232
1.78,b4,2,0.999515534125524,-120.01870297966641
1.78,b4,3,0.9995155341255053,119.98129700099034
1.78,b5,1,0.9995340563584816,-0.018124997763777163
1.78,b5,2,0.9995340563584924,-120.01812499777495
1.78,b5,3,0.9995340563584746,119.98187498288195
1.78,b6,1,0.99953145611292,-0.0180396328782726
1.78,b6,2,0.9995314561129308,-120.01803963288943
1.78,b6,3,0.9995314561129134,119.98196034776744
1.78,b7,1,0.9995338123208618,-0.01790346650586746
1.78,b7,2,0.9995338123208729,-120.01790346651703
1.78,b7,3,0.9995338123208551,119.98209651413987
1.78,b8,1,0.999560692722936,-0.018256650465799593
1.78,b8,2,0.9995606927229441,-120.018256650477
1.78,b8,3,0.9995606927229301,119.98174333017984
1.78,b9,1,0.999549592244437,-0.018122271885082832
1.78,b9,2,0.9995495922444456,-120.01812227189623
1.78,b9,3,0.9995495922444306,119.9818777087606
1.78,b10,1,0.9995492415227708,-0.017900113355881642
1.78,b10,2,0.9995492415227798,-120.01790011336703
1.78,b10,3,0.9995492415227651,119.98209986728979
1.78,b11,1,0.9995354318710441,-0.018566922966283036
1.78,b11,2,0.9995354318710521,-120.01856692297737
1.78,b11,3,0.9995354318710363,119.98143305767944
1.78,b12,1,0.9995276805258891,-0.018643726414254057
1.78,b12,2,0.9995276805258969,-120.0186437264253
1.78,b12,3,0.9995276805258807,119.98135625423149
1.8,source,1,0.9997748533072137,-0.01689413863702385
1.8,source,2,0.9997748533072133,-120.01689413864946
1.8,source,3,0.9997748533072203,119.98310584200779
1.8,b1,1,0.9996219505653496,-0.01788037022937516
1.8,b1,2,0.9996219505653516,-120.01788037024112
1.8,b1,3,0.999621950565347,119.98211961041595
1.8,b2,1,0.9995549838818448,-0.01826334804079663
1.8,b2,2,0.9995549838818486,-120.01826334805226
1.8,b2,3,0.9995549838818388,119.98173663260478
1.8,b3,1,0.9995280430293095,-0.018556359743385757
1.8,b3,2,0.9995280430293144,-120.01855635975467
1.8,b3,3,0.9995280430293018,119.98144362090228
1.8,b4,1,0.9995155337227175,-0.01870300655735046
1.8,b4,2,0.9995155337227225,-120.01870300656859
1.8,b4,3,0.999515533722709,119.98129697408837
1.8,b5,1,0.9995340561069634,-0.01812501981127621
1.8,b5,2,0.9995340561069674,-120.01812501982263
1.8,b5,3,0.999534056106956,119.98187496083439
1.8,b6,1,0.9995314558614008,-0.018039654925731143
1.8,b6,2,0.9995314558614053,-120.01803965493708
1.8,b6,3,0.9995314558613937,119.98196032571997
1.8,b7,1,0.9995338120700105,-0.017903488620132697
1.8,b7,2,0.9995338120700146,-120.0179034886315
1.8,b7,3,0.9995338120700035,119.98209649202558
1.8,b8,1,0.9995606925602382,-0.018256669404843662
1.8,b8,2,0.99956069256024,-120.01825666941627
1.8,b8,3,0.999560692560231,119.98174331124068
1.8,b9,1,0.9995495920817726,-0.018122290827608998
1.8,b9,2,0.9995495920817747,-120.018122290839
1.8,b9,3,0.9995495920817647,119.98187768981794
1.8,b10,1,0.9995492413601391,-0.017900132301603748
1.8,b10,2,0.9995492413601413,-120.01790013231299
1.8,b10,3,0.9995492413601318,119.98209984834396
1.8,b11,1,0.9995354317083421,-0.01856694190543524
1.8,b11,2,0.999535431708344,-120.01856694191675
1.8,b11,3,0.9995354317083329,119.98143303874018
1.8,b12,1,0.9995276803631858,-0.018643745353440145
1.8,b12,2,0.9995276803631877,-120.01864374536468
1.8,b12,3,0.9995276803631757,119.9813562352922
1.82,source,1,0.9997748532602312,-0.016894150309318054
1.82,source,2,0.9997748532602309,-120.01689415032173
1.82,source,3,0.9997748532602366,119.98310583033559
1.82,b1,1,0.9996219504438951,-0.017880384447437895
1.82,b1,2,0.9996219504438977,-120.01788038445916
1.82,b1,3,0.999621950443891,119.98211959619802
1.82,b2,1,0.9995549836933382,-0.018263364546773245
1.82,b2,2,0.9995549836933426,-120.01826336455817
1.82,b2,3,0.9995549836933297,119.9817366160989
1.82,b3,1,0.999528042780591,-0.018556378221389048
1.82,b3,2,0.9995280427805958,-120.01855637823267
1.82,b3,3,0.9995280427805803,119.98144360242438
1.82,b4,1,0.999515533421316,-0.01870302676094278
1.82,b4,2,0.9995155334213214,-120.01870302677216
1.82,b4,3,0.9995155334213043,119.98129695388486
1.82,b5,1,0.9995340559191072,-0.01812503638294834
1.82,b5,2,0.9995340559191132,-120.01812503639425
1.82,b5,3,0.9995340559190983,119.98187494426287
1.82,b6,1,0.9995314556735444,-0.018039671497369937
1.82,b6,2,0.9995314556735507,-120.01803967150869
1.82,b6,3,0.9995314556735356,119.98196030914843
1.82,b7,1,0.9995338118827322,-0.017903505249717212
1.82,b7,2,0.9995338118827387,-120.01790350526105
1.82,b7,3,0.9995338118827238,119.9820964753961
1.82,b8,1,0.9995606924388156,-0.018256683626981532
1.82,b8,2,0.9995606924388188,-120.01825668363838
1.82,b8,3,0.9995606924388075,119.98174329701874
1.82,b9,1,0.9995495919603752,-0.018122305052427994
1.82,b9,2,0.9995495919603794,-120.01812230506377
1.82,b9,3,0.9995495919603674,119.98187767559335
1.82,b10,1,0.9995492412387665,-0.017900146528862942
1.82,b10,2,0.9995492412387709,-120.01790014654024
1.82,b10,3,0.999549241238759,119.98209983411694
1.82,b11,1,0.9995354315869165,-0.018566956127639336
1.82,b11,2,0.9995354315869196,-120.01856695613891
1.82,b11,3,0.9995354315869063,119.98143302451817
1.82,b12,1,0.9995276802417591,-0.018643759575654045
1.82,b12,2,0.9995276802417623,-120.01864375958687
1.82,b12,3,0.9995276802417483,119.98135622107016
1.84,source,1,0.9997748532254239,-0.01689415906958391
1.84,source,2,0.9997748532254237,-120.01689415908213
1.84,source,3,0.9997748532254288,119.9831058215751
1.84,b1,1,0.9996219503533259,-0.017880395126128306
1.84,b1,2,0.9996219503533269,-120.01788039513801
1.84,b1,3,0.9996219503533197,119.98211958551903
1.84,b2,1,0.9995549835525606,-0.018263376949555328
1.84,b2,2,0.999554983552564,-120.01826337696112
1.84,b2,3,0.9995549835525498,119.98173660369586
1.84,b3,1,0.9995280425946537,-0.018556392103233853
1.84,b3,2,0.9995280425946579,-120.01855639211465
1.84,b3,3,0.9995280425946412,119.9814435885423
1.84,b4,1,0.9995155331958664,-0.018703041936971348
1.84,b4,2,0.999515533195871,-120.01870304194831
1.84,b4,3,0.9995155331958534,119.98129693870861
1.84,b5,1,0.999534055778895,-0.018125048842652567
1.84,b5,2,0.9995340557788998,-120.01812504885415
1.84,b5,3,0.9995340557788834,119.98187493180285
1.84,b6,1,0.999531455533332,-0.01803968395704854
1.84,b6,2,0.9995314555333369,-120.01803968396854
1.84,b6,3,0.9995314555333205,119.98196029668847
1.84,b7,1,0.9995338117430209,-0.017903517759638093
1.84,b7,2,0.9995338117430264,-120.01790351777113
1.84,b7,3,0.99953381174301,119.98209646288589
1.84,b8,1,0.9995606923482718,-0.018256694308768376
1.84,b8,2,0.9995606923482723,-120.01825669432037
1.84,b8,3,0.9995606923482607,119.98174328633658
1.84,b9,1,0.9995495918698518,-0.018122315736257565
1.84,b9,2,0.9995495918698525,-120.01812231574779
1.84,b9,3,0.9995495918698402,119.9818776649091
1.84,b10,1,0.9995492411482622,-0.017900157214584066
1.84,b10,2,0.9995492411482628,-120.01790015722614
1.84,b10,3,0.9995492411482506,119.9820998234308
1.84,b11,1,0.9995354314963704,-0.0185669668094752
1.84,b11,2,0.9995354314963707,-120.01856696682097
1.84,b11,3,0.9995354314963575,119.98143301383593
1.84,b12,1,0.9995276801512122,-0.018643770257504036
1.84,b12,2,0.9995276801512124,-120.01864377026894
1.84,b12,3,0.9995276801511989,119.98135621038793
1.86,source,1,0.9997748531996888,-0.016894165645214353
1.86,source,2,0.9997748531996881,-120.01689416565763
1.86,source,3,0.9997748531996918,119.98310581499962
1.86,b1,1,0.9996219502858474,-0.017880403148547434
1.86,b1,2,0.9996219502858483,-120.01788040316019
1.86,b1,3,0.9996219502858388,119.98211957749686
1.86,b2,1,0.9995549834474964,-0.018263386272078644
1.86,b2,2,0.9995549834474992,-120.0182633862834
1.86,b2,3,0.9995549834474834,119.9817365943736
1.86,b3,1,0.9995280424557202,-0.018556402535040997
1.86,b3,2,0.9995280424557238,-120.01855640254621
1.86,b3,3,0.9995280424557051,119.98144357811077
1.86,b4,1,0.9995155330272991,-0.0187030533394126
1.86,b4,2,0.999515533027303,-120.01870305335055
1.86,b4,3,0.999515533027283,119.98129692730645
1.86,b5,1,0.9995340556743214,-0.018125058214552105
1.86,b5,2,0.9995340556743246,-120.01812505822576
1.86,b5,3,0.9995340556743072,119.98187492243126
1.86,b6,1,0.9995314554287582,-0.018039693328932165
1.86,b6,2,0.9995314554287614,-120.01803969334014
1.86,b6,3,0.9995314554287439,119.98196028731688
1.86,b7,1,0.9995338116388823,-0.017903527175071238
1.86,b7,2,0.9995338116388854,-120.0179035271863
1.86,b7,3,0.9995338116388679,119.98209645347073
1.86,b8,1,0.9995606922808122,-0.018256702333578408
1.86,b8,2,0.9995606922808133,-120.01825670234491
1.86,b8,3,0.9995606922807981,119.9817432783121
1.86,b9,1,0.9995495918024072,-0.018122323762654012
1.86,b9,2,0.9995495918024087,-120.01812232377392
1.86,b9,3,0.9995495918023926,119.98187765688304
1.86,b10,1,0.9995492410808323,-0.01790016524241151
1.86,b10,2,0.9995492410808338,-120.0179001652537
1.86,b10,3,0.9995492410808179,119.98209981540329
1.86,b11,1,0.9995354314289092,-0.018566974834344042
1.86,b11,2,0.9995354314289103,-120.01856697484556
1.86,b11,3,0.999535431428893,119.98143300581141
1.86,b12,1,0.9995276800837504,-0.018643778282384157
1.86,b12,2,0.9995276800837519,-120.01864377829354
1.86,b12,3,0.9995276800837336,119.98135620236339
1.8800000000000001,source,1,0.9997748531807074,-0.01689417058148465
1.8800000000000001,source,2,0.9997748531807107,-120.01689417059374
1.8800000000000001,source,3,0.9997748531807146,119.98310581006339
1.8800000000000001,b1,1,0.9996219502356254,-0.017880409176668742
1.8800000000000001,b1,2,0.9996219502356333,-120.01788040918822
1.8800000000000001,b1,3,0.9996219502356233,119.98211957146877
1.8800000000000001,b2,1,0.999554983369146,-0.018263393281373486
1.8800000000000001,b2,2,0.9995549833691562,-120.01826339329263
1.8800000000000001,b2,3,0.99955498336914,119.98173658736427
1.8800000000000001,b3,1,0.9995280423519682,-0.018556410376281512
1.8800000000000001,b3,2,0.9995280423519788,-120.01855641038736
1.8800000000000001,b3,3,0.9995280423519601,119.98144357026945
1.8800000000000001,b4,1,0.9995155329013217,-0.018703061908632697
1.8800000000000001,b4,2,0.9995155329013323,-120.01870306191968
1.8800000000000001,b4,3,0.999515532901313,119.98129691873712
1.8800000000000001,b5,1,0.9995340555963959,-0.018125065266654795
1.8800000000000001,b5,2,0.9995340555964073,-120.01812506527781
1.8800000000000001,b5,3,0.9995340555963892,119.9818749153791
1.8800000000000001,b6,1,0.9995314553508322,-0.01803970038102166
1.8800000000000001,b6,2,0.9995314553508436,-120.01803970039217
1.8800000000000001,b6,3,0.9995314553508259,119.98196028026476
1.8800000000000001,b7,1,0.999533811561333,-0.01790353426493248
1.8800000000000001,b7,2,0.999533811561345,-120.0179035342761
1.8800000000000001,b7,3,0.9995338115613267,119.98209644638085
1.8800000000000001,b8,1,0.9995606922306043,-0.018256708363552924
1.8800000000000001,b8,2,0.9995606922306141,-120.01825670837478
1.8800000000000001,b8,3,0.9995606922305977,119.98174327228215
1.8800000000000001,b9,1,0.9995495917522106,-0.018122329793865723
1.8800000000000001,b9,2,0.9995495917522218,-120.01812232980502
1.8800000000000001,b9,3,0.9995495917522038,119.98187765085193
1.8800000000000001,b10,1,0.9995492410306466,-0.01790017127474317
1.8800000000000001,b10,2,0.9995492410306587,-120.01790017128592
1.8800000000000001,b10,3,0.9995492410306405,119.98209980937105
1.8800000000000001,b11,1,0.9995354313786997,-0.018566980864338518
1.8800000000000001,b11,2,0.9995354313787097,-120.01856698087546
1.8800000000000001,b11,3,0.9995354313786914,119.98143299978143
1.8800000000000001,b12,1,0.999527680033541,-0.0186437843123863
1.8800000000000001,b12,2,0.999527680033551,-120.01864378432346
1.8800000000000001,b12,3,0.9995276800335318,119.98135619633344
1.9000000000000001,source,1,0.9997748531667517,-0.016894174287741818
1.9000000000000001,source,2,0.9997748531667535,-120.01689417430016
1.9000000000000001,source,3,0.9997748531667584,119.98310580635709
1.9000000000000001,b1,1,0.9996219501982996,-0.017880413707774972
1.9000000000000001,b1,2,0.9996219501983039,-120.01788041371952
1.9000000000000001,b1,3,0.9996219501982962,119.98211956693757
1.9000000000000001,b2,1,0.9995549833107764,-0.018263398553716476
1.9000000000000001,b2,2,0.999554983310783,-120.0182633985652
1.9000000000000001,b2,3,0.9995549833107692,119.98173658209188
1.9000000000000001,b3,1,0.9995280422745466,-0.018556416272598953
1.9000000000000001,b3,2,0.9995280422745537,-120.01855641628396
1.9000000000000001,b3,3,0.9995280422745382,119.98144356437308
1.9000000000000001,b4,1,0.9995155328072308,-0.018703068350955282
1.9000000000000001,b4,2,0.9995155328072384,-120.01870306836226
1.9000000000000001,b4,3,0.9995155328072217,119.9812969122948
1.9000000000000001,b5,1,0.9995340555383957,-0.018125070576095307
1.9000000000000001,b5,2,0.9995340555384026,-120.01812507058752
1.9000000000000001,b5,3,0.9995340555383875,119.9818749100696
1.9000000000000001,b6,1,0.9995314552928319,-0.01803970569044623
1.9000000000000001,b6,2,0.999531455292839,-120.01803970570187
1.9000000000000001,b6,3,0.9995314552928241,119.98196027495528
1.9000000000000001,b7,1,0.9995338115036596,-0.01790353960710321
1.9000000000000001,b7,2,0.999533811503667,-120.01790353961854
1.9000000000000001,b7,3,0.9995338115036516,119.98209644103864
1.9000000000000001,b8,1,0.9995606921932902,-0.018256712896047408
1.9000000000000001,b8,2,0.9995606921932949,-120.0182567129075
1.9000000000000001,b8,3,0.9995606921932824,119.98174326774954
1.9000000000000001,b9,1,0.9995495917149055,-0.018122334327274447
1.9000000000000001,b9,2,0.9995495917149111,-120.01812233433868
1.9000000000000001,b9,3,0.9995495917148978,119.98187764631838
1.9000000000000001,b10,1,0.9995492409933505,-0.017900175808998105
1.9000000000000001,b10,2,0.9995492409933566,-120.01790017582043
1.9000000000000001,b10,3,0.999549240993343,119.98209980483665
1.9000000000000001,b11,1,0.9995354313413849,-0.018566985396869636
1.9000000000000001,b11,2,0.9995354313413894,-120.01856698540819
1.9000000000000001,b11,3,0.999535431341375,119.98143299524881
1.9000000000000001,b12,1,0.9995276799962258,-0.018643788844918383
1.9000000000000001,b12,2,0.9995276799962302,-120.01864378885618
1.9000000000000001,b12,3,0.9995276799962151,119.98135619180077
1.92,source,1,0.9997748531565259,-0.016894177070746596
1.92,source,2,0.9997748531565275,-120.01689417708307
1.92,source,3,0.9997748531565313,119.98310580357422
1.92,b1,1,0.9996219501705973,-0.017880417114543308
1.92,b1,2,0.9996219501706028,-120.01788041712615
1.92,b1,3,0.9996219501705932,119.98211956353107
1.92,b2,1,0.9995549832673373,-0.01826340252098683
1.92,b2,2,0.9995549832673464,-120.01826340253228
1.92,b2,3,0.9995549832673297,119.98173657812491
1.92,b3,1,0.9995280422168189,-0.018556420707852305
1.92,b3,2,0.9995280422168291,-120.01855642071902
1.92,b3,3,0.99952804221681,119.98144355993814
1.92,b4,1,0.9995155327370012,-0.018703073195690142
1.92,b4,2,0.9995155327370119,-120.01870307320678
1.92,b4,3,0.9995155327369917,119.98129690745034
1.92,b5,1,0.9995340554952759,-0.01812507457554706
1.92,b5,2,0.9995340554952864,-120.01812507458676
1.92,b5,3,0.9995340554952674,119.98187490607049
1.92,b6,1,0.9995314552497119,-0.018039709689898913
1.92,b6,2,0.9995314552497226,-120.01803970970111
1.92,b6,3,0.9995314552497037,119.98196027095614
1.92,b7,1,0.9995338114608228,-0.017903543634929325
1.92,b7,2,0.9995338114608334,-120.01790354364614
1.92,b7,3,0.9995338114608142,119.98209643701111
1.92,b8,1,0.9995606921655968,-0.018256716303906052
1.92,b8,2,0.999560692165603,-120.01825671631518
1.92,b8,3,0.999560692165588,119.98174326434197
1.92,b9,1,0.9995495916872195,-0.0181223377358471
1.92,b9,2,0.9995495916872258,-120.01812233774707
1.92,b9,3,0.9995495916872104,119.9818776429101
1.92,b10,1,0.999549240965671,-0.017900179218227837
1.92,b10,2,0.9995492409656778,-120.01790017922947
1.92,b10,3,0.9995492409656621,119.98209980142772
1.92,b11,1,0.9995354313136908,-0.01856698880473135
1.92,b11,2,0.9995354313136969,-120.0185669888159
1.92,b11,3,0.99953543131368,119.98143299184122
1.92,b12,1,0.9995276799685315,-0.018643792252786222
1.92,b12,2,0.9995276799685375,-120.0186437922639
1.92,b12,3,0.9995276799685197,119.98135618839319
1.94,source,1,0.999774853149066,-0.016894179160902086
1.94,source,2,0.9997748531490656,-120.01689417917346
1.94,source,3,0.9997748531490703,119.98310580148392
1.94,b1,1,0.9996219501500754,-0.017880419676882458
1.94,b1,2,0.9996219501500764,-120.0178804196888
1.94,b1,3,0.9996219501500698,119.98211956096846
1.94,b2,1,0.9995549832350531,-0.018263405507635704
1.94,b2,2,0.999554983235056,-120.0182634055193
1.94,b2,3,0.9995549832350443,119.98173657513796
1.94,b3,1,0.9995280421738186,-0.018556424045484715
1.94,b3,2,0.999528042173822,-120.01855642405704
1.94,b3,3,0.9995280421738084,119.9814435566002
1.94,b4,1,0.9995155326846247,-0.01870307684045021
1.94,b4,2,0.9995155326846282,-120.01870307685195
1.94,b4,3,0.9995155326846135,119.9812969038053
1.94,b5,1,0.9995340554632698,-0.018125077590070707
1.94,b5,2,0.9995340554632735,-120.01812507760168
1.94,b5,3,0.9995340554632601,119.98187490305563
1.94,b6,1,0.9995314552177058,-0.018039712704409433
1.94,b6,2,0.9995314552177097,-120.018039712716
1.94,b6,3,0.9995314552176962,119.98196026794128
1.94,b7,1,0.9995338114290623,-0.017903546674048487
1.94,b7,2,0.9995338114290662,-120.01790354668566
1.94,b7,3,0.9995338114290526,119.98209643397165
1.94,b8,1,0.999560692145082,-0.018256718867049743
1.94,b8,2,0.9995606921450831,-120.01825671887863
1.94,b8,3,0.9995606921450712,119.98174326177852
1.94,b9,1,0.9995495916667104,-0.01812234029953135
1.94,b9,2,0.9995495916667114,-120.01812234031108
1.94,b9,3,0.9995495916666985,119.98187764034607
1.94,b10,1,0.9995492409451673,-0.017900181782417868
1.94,b10,2,0.9995492409451684,-120.01790018179393
1.94,b10,3,0.9995492409451553,119.9820997988632
1.94,b11,1,0.9995354312931752,-0.01856699136788907
1.94,b11,2,0.9995354312931767,-120.01856699137937
1.94,b11,3,0.9995354312931628,119.98143298927776
1.94,b12,1,0.9995276799480157,-0.018643794815948026
1.94,b12,2,0.999527679948017,-120.01864379482738
1.94,b12,3,0.9995276799480024,119.98135618582972
1.96,source,1,0.9997748531436498,-0.016894180731301
1.96,source,2,0.9997748531436506,-120.01689418074366
1.96,source,3,0.9997748531436523,119.9831057999135
1.96,b1,1,0.9996219501348999,-0.01788042160535322
1.96,b1,2,0.9996219501349031,-120.01788042161695
1.96,b1,3,0.9996219501348903,119.98211955904003
1.96,b2,1,0.9995549832110903,-0.018263407757840258
1.96,b2,2,0.9995549832110955,-120.01826340776911
1.96,b2,3,0.999554983211076,119.98173657288781
1.96,b3,1,0.9995280421418185,-0.01855642655893072
1.96,b3,2,0.9995280421418242,-120.01855642657007
1.96,b3,3,0.9995280421418022,119.98144355408681
1.96,b4,1,0.9995155326455922,-0.0187030795842224
1.96,b4,2,0.9995155326455981,-120.01870307959528
1.96,b4,3,0.999515532645575,119.98129690106158
1.96,b5,1,0.999534055439547,-0.018125079864454982
1.96,b5,2,0.9995340554395533,-120.01812507987565
1.96,b5,3,0.9995340554395323,119.98187490078132
1.96,b6,1,0.9995314551939829,-0.018039714978784347
1.96,b6,2,0.9995314551939893,-120.01803971499
1.96,b6,3,0.9995314551939685,119.981960265667
1.96,b7,1,0.9995338114055522,-0.017903548969772465
1.96,b7,2,0.9995338114055583,-120.01790354898097
1.96,b7,3,0.9995338114055375,119.98209643167603
1.96,b8,1,0.9995606921299117,-0.018256720796154712
1.96,b8,2,0.9995606921299152,-120.01825672080739
1.96,b8,3,0.9995606921298963,119.98174325984948
1.96,b9,1,0.9995495916515436,-0.018122342229069065
1.96,b9,2,0.9995495916515476,-120.01812234224023
1.96,b9,3,0.9995495916515272,119.98187763841662
1.96,b10,1,0.9995492409300041,-0.017900183712337574
1.96,b10,2,0.9995492409300083,-120.0179001837235
1.96,b10,3,0.9995492409299879,119.98209979693337
1.96,b11,1,0.9995354312780046,-0.018566993297004338
1.96,b11,2,0.9995354312780083,-120.01856699330811
1.96,b11,3,0.9995354312779874,119.9814329873487
1.96,b12,1,0.999527679932845,-0.018643796745064715
1.96,b12,2,0.9995276799328485,-120.01864379675614
1.96,b12,3,0.999527679932827,119.98135618390067
1.98,source,1,0.9997748531397456,-0.016894181911222817
1.98,source,2,0.9997748531397467,-120.01689418192367
1.98,source,3,0.9997748531397502,119.98310579873358
1.98,b1,1,0.9996219501237095,-0.01788042305711034
1.98,b1,2,0.9996219501237134,-120.0178804230689
1.98,b1,3,0.9996219501237035,119.98211955758826
1.98,b2,1,0.9995549831933389,-0.018263409453865412
1.98,b2,2,0.9995549831933451,-120.01826340946533
1.98,b2,3,0.9995549831933284,119.98173657119173
1.98,b3,1,0.9995280421180389,-0.01855642845239674
1.98,b3,2,0.9995280421180461,-120.01855642846373
1.98,b3,3,0.9995280421180271,119.98144355219334
1.98,b4,1,0.9995155326165385,-0.018703081650457313
1.98,b4,2,0.9995155326165459,-120.01870308166171
1.98,b4,3,0.9995155326165259,119.98129689899531
1.98,b5,1,0.9995340554220045,-0.018125081581425808
1.98,b5,2,0.9995340554220113,-120.01812508159284
1.98,b5,3,0.9995340554219928,119.98187489906428
1.98,b6,1,0.9995314551764404,-0.018039716695761616
1.98,b6,2,0.9995314551764475,-120.0180397167072
1.98,b6,3,0.9995314551764288,119.98196026394996
1.98,b7,1,0.9995338113881939,-0.01790355070522649
1.98,b7,2,0.999533811388201,-120.01790355071667
1.98,b7,3,0.9995338113881824,119.98209642994051
1.98,b8,1,0.9995606921187249,-0.018256722248375462
1.98,b8,2,0.9995606921187292,-120.01825672225989
1.98,b8,3,0.9995606921187141,119.98174325839722
1.98,b9,1,0.9995495916403597,-0.018122343681610517
1.98,b9,2,0.9995495916403648,-120.01812234369305
1.98,b9,3,0.9995495916403486,119.98187763696407
1.98,b10,1,0.9995492409188234,-0.017900185165163722
1.98,b10,2,0.9995492409188285,-120.01790018517663
1.98,b10,3,0.9995492409188123,119.98209979548052
1.98,b11,1,0.999535431266818,-0.01856699474923717
1.98,b11,2,0.9995354312668221,-120.01856699476062
1.98,b11,3,0.999535431266805,119.98143298589646
1.98,b12,1,0.9995276799216581,-0.018643798197303
1.98,b12,2,0.9995276799216621,-120.01864379820864
1.98,b12,3,0.9995276799216446,119.98135618244841
2.0,source,1,0.999774853136952,-0.01689418279824231
2.0,source,2,0.9997748531369534,-120.01689418281059
2.0,source,3,0.9997748531369552,119.98310579784673
2.0,b1,1,0.9996219501154795,-0.01788042415096366
2.0,b1,2,0.9996219501154844,-120.01788042416258
2.0,b1,3,0.9996219501154722,119.98211955649467
2.0,b2,1,0.9995549831802135,-0.018263410733541954
2.0,b2,2,0.9995549831802213,-120.01826341074481
2.0,b2,3,0.999554983180202,119.98173656991239
2.0,b3,1,0.9995280421003926,-0.018556429880130232
2.0,b3,2,0.9995280421004009,-120.01855642989129
2.0,b3,3,0.9995280421003793,119.9814435507659
2.0,b4,1,0.9995155325949363,-0.018703083207755895
2.0,b4,2,0.999515532594945,-120.01870308321881
2.0,b4,3,0.9995155325949223,119.98129689743834
2.0,b5,1,0.9995340554090598,-0.018125082879273918
2.0,b5,2,0.9995340554090688,-120.01812508289046
2.0,b5,3,0.9995340554090475,119.98187489776679
2.0,b6,1,0.9995314551634958,-0.018039717993604085
2.0,b6,2,0.9995314551635048,-120.0180397180048
2.0,b6,3,0.9995314551634835,119.98196026265249
2.0,b7,1,0.9995338113754089,-0.017903552019097296
2.0,b7,2,0.9995338113754184,-120.01790355203032
2.0,b7,3,0.9995338113753971,119.98209642862699
2.0,b8,1,0.9995606921104979,-0.01825672334261139
2.0,b8,2,0.9995606921105031,-120.0182567233539
2.0,b8,3,0.9995606921104854,119.98174325730331
2.0,b9,1,0.9995495916321352,-0.01812234477607594
2.0,b9,2,0.9995495916321405,-120.01812234478732
2.0,b9,3,0.9995495916321221,119.9818776358699
2.0,b10,1,0.9995492409106009,-0.01790018625985557
2.0,b10,2,0.9995492409106064,-120.01790018627112
2.0,b10,3,0.9995492409105879,119.98209979438613
2.0,b11,1,0.9995354312585906,-0.018566995843475216
2.0,b11,2,0.9995354312585956,-120.01856699585464
2.0,b11,3,0.9995354312585761,119.9814329848025
2.0,b12,1,0.9995276799134307,-0.01864379929154108
2.0,b12,2,0.9995276799134357,-120.01864379930265
2.0,b12,3,0.9995276799134155,119.98135618135447
