time_s,bus,node,v_pu,angle_deg
0.0,source,1,0.999796816793682,-0.011889985328596663
0.0,source,2,0.9997968167936834,-120.01188998534069
0.0,source,3,0.9997968167936868,119.98810999531631
0.0,b1,1,0.999676365643022,-0.011816172064528212
0.0,b1,2,0.9996763656430289,-120.01181617207604
0.0,b1,3,0.9996763656430203,119.98818380858089
0.0,b2,1,0.9996386026060384,-0.011245094897463214
0.0,b2,2,0.9996386026060486,-120.01124509490882
0.0,b2,3,0.9996386026060355,119.98875488574812
0.0,b3,1,0.9996376185476558,-0.010690083607302992
0.0,b3,2,0.9996376185476669,-120.01069008361866
0.0,b3,3,0.9996376185476537,119.98930989703831
0.0,b4,1,0.9996478202968975,-0.010094731226114628
0.0,b4,2,0.9996478202969097,-120.01009473123754
0.0,b4,3,0.9996478202968971,119.9899052494195
0.0,b5,1,0.999617675867099,-0.011106717195982092
0.0,b5,2,0.9996176758671107,-120.01110671720723
0.0,b5,3,0.9996176758670954,119.98889326344971
0.0,b6,1,0.9996150758398776,-0.011021366718580191
0.0,b6,2,0.9996150758398893,-120.01102136672985
0.0,b6,3,0.999615075839874,119.98897861392715
0.0,b7,1,0.9996174312096927,-0.010885158897618702
0.0,b7,2,0.9996174312097048,-120.01088515890888
0.0,b7,3,0.9996174312096896,119.98911482174809
0.0,b8,1,0.9996151097353092,-0.012192302093122826
0.0,b8,2,0.9996151097353172,-120.0121923021043
0.0,b8,3,0.9996151097353029,119.98780767855251
0.0,b9,1,0.9996040089944905,-0.012057850619440166
0.0,b9,2,0.9996040089944991,-120.01205785063055
0.0,b9,3,0.9996040089944835,119.98794213002624
0.0,b10,1,0.9996036574857595,-0.011835635528708895
0.0,b10,2,0.999603657485769,-120.01183563553987
0.0,b10,3,0.9996036574857532,119.98816434511697
0.0,b11,1,0.999589850275149,-0.012502540647245493
0.0,b11,2,0.9995898502751568,-120.0125025406583
0.0,b11,3,0.9995898502751406,119.98749743999849
0.0,b12,1,0.9995820993570954,-0.012579335691291509
0.0,b12,2,0.999582099357103,-120.01257933570231
0.0,b12,3,0.9995820993570859,119.98742064495443
0.02,source,1,0.9997968166735905,-0.01188999208246638
0.02,source,2,0.9997968166735922,-120.01188999209455
0.02,source,3,0.9997968166735959,119.98810998856244
0.02,b1,1,0.9996763654531733,-0.011816178696494463
0.02,b1,2,0.9996763654531802,-120.011816178708
0.02,b1,3,0.9996763654531715,119.98818380194889
0.02,b2,1,0.9996386023958131,-0.011245101122442062
0.02,b2,2,0.9996386023958235,-120.0112451011338
0.02,b2,3,0.9996386023958108,119.98875487952314
0.02,b3,1,0.9996376183367195,-0.010690089535868136
0.02,b3,2,0.9996376183367309,-120.01069008954724
0.02,b3,3,0.9996376183367184,119.98930989110973
0.02,b4,1,0.9996478200914372,-0.010094736835011218
0.02,b4,2,0.9996478200914491,-120.01009473684647
0.02,b4,3,0.9996478200914375,119.98990524381061
0.02,b5,1,0.9996176756459068,-0.011106723248138646
0.02,b5,2,0.9996176756459186,-120.01110672325942
0.02,b5,3,0.999617675645904,119.98889325739755
0.02,b6,1,0.9996150756179838,-0.011021372656216276
0.02,b6,2,0.9996150756179957,-120.01102137266749
0.02,b6,3,0.999615075617981,119.98897860798948
0.02,b7,1,0.9996174309883585,-0.010885164821472258
0.02,b7,2,0.999617430988371,-120.01088516483274
0.02,b7,3,0.9996174309883564,119.98911481582425
0.02,b8,1,0.9996151095072957,-0.01219230896165482
0.02,b8,2,0.9996151095073039,-120.01219230897284
0.02,b8,3,0.9996151095072894,119.98780767168397
0.02,b9,1,0.9996040087596882,-0.012057857405376472
0.02,b9,2,0.9996040087596972,-120.01205785741651
0.02,b9,3,0.9996040087596815,119.9879421232403
0.02,b10,1,0.9996036572507424,-0.01183564217855604
0.02,b10,2,0.9996036572507516,-120.0118356421897
0.02,b10,3,0.9996036572507361,119.98816433846714
0.02,b11,1,0.9995898500309536,-0.01250254771388534
0.02,b11,2,0.9995898500309617,-120.01250254772494
0.02,b11,3,0.999589850030945,119.98749743293186
0.02,b12,1,0.9995820991078723,-0.01257934280764356
0.02,b12,2,0.9995820991078805,-120.01257934281867
0.02,b12,3,0.9995820991078631,119.9874206378381
0.04,source,1,0.9997968166735905,-0.01188999208246638
0.04,source,2,0.999796816673592,-120.01188999209455
0.04,source,3,0.9997968166735959,119.98810998856244
0.04,b1,1,0.9996763654531733,-0.011816178696501655
0.04,b1,2,0.99967636545318,-120.011816178708
0.04,b1,3,0.9996763654531715,119.98818380194889
0.04,b2,1,0.9996386023958131,-0.011245101122437238
0.04,b2,2,0.9996386023958234,-120.0112451011338
0.04,b2,3,0.9996386023958107,119.98875487952314
0.04,b3,1,0.9996376183367196,-0.010690089535858389
0.04,b3,2,0.9996376183367307,-120.01069008954724
0.04,b3,3,0.9996376183367183,119.98930989110973
0.04,b4,1,0.9996478200914372,-0.010094736835008186
0.04,b4,2,0.999647820091449,-120.01009473684644
0.04,b4,3,0.9996478200914373,119.98990524381055
0.04,b5,1,0.9996176756459064,-0.011106723248144032
0.04,b5,2,0.9996176756459186,-120.01110672325939
0.04,b5,3,0.9996176756459038,119.98889325739755
0.04,b6,1,0.9996150756179834,-0.011021372656225378
0.04,b6,2,0.9996150756179957,-120.01102137266749
0.04,b6,3,0.9996150756179809,119.98897860798948
0.04,b7,1,0.9996174309883585,-0.010885164821469227
0.04,b7,2,0.9996174309883712,-120.01088516483274
0.04,b7,3,0.9996174309883562,119.98911481582425
0.04,b8,1,0.9996151095072959,-0.012192308961660518
0.04,b8,2,0.9996151095073037,-120.01219230897284
0.04,b8,3,0.9996151095072895,119.98780767168397
0.04,b9,1,0.9996040087596886,-0.012057857405382788
0.04,b9,2,0.9996040087596969,-120.01205785741651
0.04,b9,3,0.9996040087596815,119.9879421232403
0.04,b10,1,0.9996036572507427,-0.011835642178556038
0.04,b10,2,0.9996036572507513,-120.0118356421897
0.04,b10,3,0.9996036572507361,119.98816433846712
0.04,b11,1,0.9995898500309538,-0.012502547713885339
0.04,b11,2,0.9995898500309612,-120.01250254772496
0.04,b11,3,0.9995898500309451,119.98749743293183
0.04,b12,1,0.9995820991078727,-0.012579342807646587
0.04,b12,2,0.9995820991078802,-120.01257934281867
0.04,b12,3,0.9995820991078633,119.98742063783807
0.06,source,1,0.9997968166735905,-0.01188999208246638
0.06,source,2,0.999796816673592,-120.01188999209455
0.06,source,3,0.9997968166735959,119.98810998856244
0.06,b1,1,0.9996763654531733,-0.011816178696501655
0.06,b1,2,0.99967636545318,-120.011816178708
0.06,b1,3,0.9996763654531715,119.98818380194889
0.06,b2,1,0.9996386023958131,-0.011245101122437238
0.06,b2,2,0.9996386023958234,-120.0112451011338
0.06,b2,3,0.9996386023958107,119.98875487952314
0.06,b3,1,0.9996376183367196,-0.010690089535858389
0.06,b3,2,0.9996376183367307,-120.01069008954724
0.06,b3,3,0.9996376183367183,119.98930989110973
0.06,b4,1,0.9996478200914372,-0.010094736835008186
0.06,b4,2,0.999647820091449,-120.01009473684644
0.06,b4,3,0.9996478200914373,119.98990524381055
0.06,b5,1,0.9996176756459064,-0.011106723248144032
0.06,b5,2,0.9996176756459186,-120.01110672325939
0.06,b5,3,0.9996176756459038,119.98889325739755
0.06,b6,1,0.9996150756179834,-0.011021372656225378
0.06,b6,2,0.9996150756179957,-120.01102137266749
0.06,b6,3,0.9996150756179809,119.98897860798948
0.06,b7,1,0.9996174309883585,-0.010885164821469227
0.06,b7,2,0.9996174309883712,-120.01088516483274
0.06,b7,3,0.9996174309883562,119.98911481582425
0.06,b8,1,0.9996151095072959,-0.012192308961660518
0.06,b8,2,0.9996151095073037,-120.01219230897284
0.06,b8,3,0.9996151095072895,119.98780767168397
0.06,b9,1,0.9996040087596886,-0.012057857405382788
0.06,b9,2,0.9996040087596969,-120.01205785741651
0.06,b9,3,0.9996040087596815,119.9879421232403
0.06,b10,1,0.9996036572507427,-0.011835642178556038
0.06,b10,2,0.9996036572507513,-120.0118356421897
0.06,b10,3,0.9996036572507361,119.98816433846712
0.06,b11,1,0.9995898500309538,-0.012502547713885339
0.06,b11,2,0.9995898500309612,-120.01250254772496
0.06,b11,3,0.9995898500309451,119.98749743293183
0.06,b12,1,0.9995820991078727,-0.012579342807646587
0.06,b12,2,0.9995820991078802,-120.01257934281867
0.06,b12,3,0.9995820991078633,119.98742063783807
0.08,source,1,0.9997968166735905,-0.01188999208246638
0.08,source,2,0.999796816673592,-120.01188999209455
0.08,source,3,0.9997968166735959,119.98810998856244
0.08,b1,1,0.9996763654531733,-0.011816178696501655
0.08,b1,2,0.99967636545318,-120.011816178708
0.08,b1,3,0.9996763654531715,119.98818380194889
0.08,b2,1,0.9996386023958131,-0.011245101122437238
0.08,b2,2,0.9996386023958234,-120.0112451011338
0.08,b2,3,0.9996386023958107,119.98875487952314
0.08,b3,1,0.9996376183367196,-0.010690089535858389
0.08,b3,2,0.9996376183367307,-120.01069008954724
0.08,b3,3,0.9996376183367183,119.98930989110973
0.08,b4,1,0.9996478200914372,-0.010094736835008186
0.08,b4,2,0.999647820091449,-120.01009473684644
0.08,b4,3,0.9996478200914373,119.98990524381055
0.08,b5,1,0.9996176756459064,-0.011106723248144032
0.08,b5,2,0.9996176756459186,-120.01110672325939
0.08,b5,3,0.9996176756459038,119.98889325739755
0.08,b6,1,0.9996150756179834,-0.011021372656225378
0.08,b6,2,0.9996150756179957,-120.01102137266749
0.08,b6,3,0.9996150756179809,119.98897860798948
0.08,b7,1,0.9996174309883585,-0.010885164821469227
0.08,b7,2,0.9996174309883712,-120.01088516483274
0.08,b7,3,0.9996174309883562,119.98911481582425
0.08,b8,1,0.9996151095072959,-0.012192308961660518
0.08,b8,2,0.9996151095073037,-120.01219230897284
0.08,b8,3,0.9996151095072895,119.98780767168397
0.08,b9,1,0.9996040087596886,-0.012057857405382788
0.08,b9,2,0.9996040087596969,-120.01205785741651
0.08,b9,3,0.9996040087596815,119.9879421232403
0.08,b10,1,0.9996036572507427,-0.011835642178556038
0.08,b10,2,0.9996036572507513,-120.0118356421897
0.08,b10,3,0.9996036572507361,119.98816433846712
0.08,b11,1,0.9995898500309538,-0.012502547713885339
0.08,b11,2,0.9995898500309612,-120.01250254772496
0.08,b11,3,0.9995898500309451,119.98749743293183
0.08,b12,1,0.9995820991078727,-0.012579342807646587
0.08,b12,2,0.9995820991078802,-120.01257934281867
0.08,b12,3,0.9995820991078633,119.98742063783807
0.1,source,1,0.9997968166735905,-0.01188999208246638
0.1,source,2,0.999796816673592,-120.01188999209455
0.1,source,3,0.9997968166735959,119.98810998856244
0.1,b1,1,0.9996763654531733,-0.011816178696501655
0.1,b1,2,0.99967636545318,-120.011816178708
0.1,b1,3,0.9996763654531715,119.98818380194889
0.1,b2,1,0.9996386023958131,-0.011245101122437238
0.1,b2,2,0.9996386023958234,-120.0112451011338
0.1,b2,3,0.9996386023958107,119.98875487952314
0.1,b3,1,0.9996376183367196,-0.010690089535858389
0.1,b3,2,0.9996376183367307,-120.01069008954724
0.1,b3,3,0.9996376183367183,119.98930989110973
0.1,b4,1,0.9996478200914372,-0.010094736835008186
0.1,b4,2,0.999647820091449,-120.01009473684644
0.1,b4,3,0.9996478200914373,119.98990524381055
0.1,b5,1,0.9996176756459064,-0.011106723248144032
0.1,b5,2,0.9996176756459186,-120.01110672325939
0.1,b5,3,0.9996176756459038,119.98889325739755
0.1,b6,1,0.9996150756179834,-0.011021372656225378
0.1,b6,2,0.9996150756179957,-120.01102137266749
0.1,b6,3,0.9996150756179809,119.98897860798948
0.1,b7,1,0.9996174309883585,-0.010885164821469227
0.1,b7,2,0.9996174309883712,-120.01088516483274
0.1,b7,3,0.9996174309883562,119.98911481582425
0.1,b8,1,0.9996151095072959,-0.012192308961660518
0.1,b8,2,0.9996151095073037,-120.01219230897284
0.1,b8,3,0.9996151095072895,119.98780767168397
0.1,b9,1,0.9996040087596886,-0.012057857405382788
0.1,b9,2,0.9996040087596969,-120.01205785741651
0.1,b9,3,0.9996040087596815,119.9879421232403
0.1,b10,1,0.9996036572507427,-0.011835642178556038
0.1,b10,2,0.9996036572507513,-120.0118356421897
0.1,b10,3,0.9996036572507361,119.98816433846712
0.1,b11,1,0.9995898500309538,-0.012502547713885339
0.1,b11,2,0.9995898500309612,-120.01250254772496
0.1,b11,3,0.9995898500309451,119.98749743293183
0.1,b12,1,0.9995820991078727,-0.012579342807646587
0.1,b12,2,0.9995820991078802,-120.01257934281867
0.1,b12,3,0.9995820991078633,119.98742063783807
0.12,source,1,0.9997968166735905,-0.01188999208246638
0.12,source,2,0.999796816673592,-120.01188999209455
0.12,source,3,0.9997968166735959,119.98810998856244
0.12,b1,1,0.9996763654531733,-0.011816178696501655
0.12,b1,2,0.99967636545318,-120.011816178708
0.12,b1,3,0.9996763654531715,119.98818380194889
0.12,b2,1,0.9996386023958131,-0.011245101122437238
0.12,b2,2,0.9996386023958234,-120.0112451011338
0.12,b2,3,0.9996386023958107,119.98875487952314
0.12,b3,1,0.9996376183367196,-0.010690089535858389
0.12,b3,2,0.9996376183367307,-120.01069008954724
0.12,b3,3,0.9996376183367183,119.98930989110973
0.12,b4,1,0.9996478200914372,-0.010094736835008186
0.12,b4,2,0.999647820091449,-120.01009473684644
0.12,b4,3,0.9996478200914373,119.98990524381055
0.12,b5,1,0.9996176756459064,-0.011106723248144032
0.12,b5,2,0.9996176756459186,-120.01110672325939
0.12,b5,3,0.9996176756459038,119.98889325739755
0.12,b6,1,0.9996150756179834,-0.011021372656225378
0.12,b6,2,0.9996150756179957,-120.01102137266749
0.12,b6,3,0.9996150756179809,119.98897860798948
0.12,b7,1,0.9996174309883585,-0.010885164821469227
0.12,b7,2,0.9996174309883712,-120.01088516483274
0.12,b7,3,0.9996174309883562,119.98911481582425
0.12,b8,1,0.9996151095072959,-0.012192308961660518
0.12,b8,2,0.9996151095073037,-120.01219230897284
0.12,b8,3,0.9996151095072895,119.98780767168397
0.12,b9,1,0.9996040087596886,-0.012057857405382788
0.12,b9,2,0.9996040087596969,-120.01205785741651
0.12,b9,3,0.9996040087596815,119.9879421232403
0.12,b10,1,0.9996036572507427,-0.011835642178556038
0.12,b10,2,0.9996036572507513,-120.0118356421897
0.12,b10,3,0.9996036572507361,119.98816433846712
0.12,b11,1,0.9995898500309538,-0.012502547713885339
0.12,b11,2,0.9995898500309612,-120.01250254772496
0.12,b11,3,0.9995898500309451,119.98749743293183
0.12,b12,1,0.9995820991078727,-0.012579342807646587
0.12,b12,2,0.9995820991078802,-120.01257934281867
0.12,b12,3,0.9995820991078633,119.98742063783807
0.14,source,1,0.9997968166735905,-0.01188999208246638
0.14,source,2,0.999796816673592,-120.01188999209455
0.14,source,3,0.9997968166735959,119.98810998856244
0.14,b1,1,0.9996763654531733,-0.011816178696501655
0.14,b1,2,0.99967636545318,-120.011816178708
0.14,b1,3,0.9996763654531715,119.98818380194889
0.14,b2,1,0.9996386023958131,-0.011245101122437238
0.14,b2,2,0.9996386023958234,-120.0112451011338
0.14,b2,3,0.9996386023958107,119.98875487952314
0.14,b3,1,0.9996376183367196,-0.010690089535858389
0.14,b3,2,0.9996376183367307,-120.01069008954724
0.14,b3,3,0.9996376183367183,119.98930989110973
0.14,b4,1,0.9996478200914372,-0.010094736835008186
0.14,b4,2,0.999647820091449,-120.01009473684644
0.14,b4,3,0.9996478200914373,119.98990524381055
0.14,b5,1,0.9996176756459064,-0.011106723248144032
0.14,b5,2,0.9996176756459186,-120.01110672325939
0.14,b5,3,0.9996176756459038,119.98889325739755
0.14,b6,1,0.9996150756179834,-0.011021372656225378
0.14,b6,2,0.9996150756179957,-120.01102137266749
0.14,b6,3,0.9996150756179809,119.98897860798948
0.14,b7,1,0.9996174309883585,-0.010885164821469227
0.14,b7,2,0.9996174309883712,-120.01088516483274
0.14,b7,3,0.9996174309883562,119.98911481582425
0.14,b8,1,0.9996151095072959,-0.012192308961660518
0.14,b8,2,0.9996151095073037,-120.01219230897284
0.14,b8,3,0.9996151095072895,119.98780767168397
0.14,b9,1,0.9996040087596886,-0.012057857405382788
0.14,b9,2,0.9996040087596969,-120.01205785741651
0.14,b9,3,0.9996040087596815,119.9879421232403
0.14,b10,1,0.9996036572507427,-0.011835642178556038
0.14,b10,2,0.9996036572507513,-120.0118356421897
0.14,b10,3,0.9996036572507361,119.98816433846712
0.14,b11,1,0.9995898500309538,-0.012502547713885339
0.14,b11,2,0.9995898500309612,-120.01250254772496
0.14,b11,3,0.9995898500309451,119.98749743293183
0.14,b12,1,0.9995820991078727,-0.012579342807646587
0.14,b12,2,0.9995820991078802,-120.01257934281867
0.14,b12,3,0.9995820991078633,119.98742063783807
0.16,source,1,0.9997968166735905,-0.01188999208246638
0.16,source,2,0.999796816673592,-120.01188999209455
0.16,source,3,0.9997968166735959,119.98810998856244
0.16,b1,1,0.9996763654531733,-0.011816178696501655
0.16,b1,2,0.99967636545318,-120.011816178708
0.16,b1,3,0.9996763654531715,119.98818380194889
0.16,b2,1,0.9996386023958131,-0.011245101122437238
0.16,b2,2,0.9996386023958234,-120.0112451011338
0.16,b2,3,0.9996386023958107,119.98875487952314
0.16,b3,1,0.9996376183367196,-0.010690089535858389
0.16,b3,2,0.9996376183367307,-120.01069008954724
0.16,b3,3,0.9996376183367183,119.98930989110973
0.16,b4,1,0.9996478200914372,-0.010094736835008186
0.16,b4,2,0.999647820091449,-120.01009473684644
0.16,b4,3,0.9996478200914373,119.98990524381055
0.16,b5,1,0.9996176756459064,-0.011106723248144032
0.16,b5,2,0.9996176756459186,-120.01110672325939
0.16,b5,3,0.9996176756459038,119.98889325739755
0.16,b6,1,0.9996150756179834,-0.011021372656225378
0.16,b6,2,0.9996150756179957,-120.01102137266749
0.16,b6,3,0.9996150756179809,119.98897860798948
0.16,b7,1,0.9996174309883585,-0.010885164821469227
0.16,b7,2,0.9996174309883712,-120.01088516483274
0.16,b7,3,0.9996174309883562,119.98911481582425
0.16,b8,1,0.9996151095072959,-0.012192308961660518
0.16,b8,2,0.9996151095073037,-120.01219230897284
0.16,b8,3,0.9996151095072895,119.98780767168397
0.16,b9,1,0.9996040087596886,-0.012057857405382788
0.16,b9,2,0.9996040087596969,-120.01205785741651
0.16,b9,3,0.9996040087596815,119.9879421232403
0.16,b10,1,0.9996036572507427,-0.011835642178556038
0.16,b10,2,0.9996036572507513,-120.0118356421897
0.16,b10,3,0.9996036572507361,119.98816433846712
0.16,b11,1,0.9995898500309538,-0.012502547713885339
0.16,b11,2,0.9995898500309612,-120.01250254772496
0.16,b11,3,0.9995898500309451,119.98749743293183
0.16,b12,1,0.9995820991078727,-0.012579342807646587
0.16,b12,2,0.9995820991078802,-120.01257934281867
0.16,b12,3,0.9995820991078633,119.98742063783807
0.18,source,1,0.9997968166735905,-0.01188999208246638
0.18,source,2,0.999796816673592,-120.01188999209455
0.18,source,3,0.9997968166735959,119.98810998856244
0.18,b1,1,0.9996763654531733,-0.011816178696501655
0.18,b1,2,0.99967636545318,-120.011816178708
0.18,b1,3,0.9996763654531715,119.98818380194889
0.18,b2,1,0.9996386023958131,-0.011245101122437238
0.18,b2,2,0.9996386023958234,-120.0112451011338
0.18,b2,3,0.9996386023958107,119.98875487952314
0.18,b3,1,0.9996376183367196,-0.010690089535858389
0.18,b3,2,0.9996376183367307,-120.01069008954724
0.18,b3,3,0.9996376183367183,119.98930989110973
0.18,b4,1,0.9996478200914372,-0.010094736835008186
0.18,b4,2,0.999647820091449,-120.01009473684644
0.18,b4,3,0.9996478200914373,119.98990524381055
0.18,b5,1,0.9996176756459064,-0.011106723248144032
0.18,b5,2,0.9996176756459186,-120.01110672325939
0.18,b5,3,0.9996176756459038,119.98889325739755
0.18,b6,1,0.9996150756179834,-0.011021372656225378
0.18,b6,2,0.9996150756179957,-120.01102137266749
0.18,b6,3,0.9996150756179809,119.98897860798948
0.18,b7,1,0.9996174309883585,-0.010885164821469227
0.18,b7,2,0.9996174309883712,-120.01088516483274
0.18,b7,3,0.9996174309883562,119.98911481582425
0.18,b8,1,0.9996151095072959,-0.012192308961660518
0.18,b8,2,0.9996151095073037,-120.01219230897284
0.18,b8,3,0.9996151095072895,119.98780767168397
0.18,b9,1,0.9996040087596886,-0.012057857405382788
0.18,b9,2,0.9996040087596969,-120.01205785741651
0.18,b9,3,0.9996040087596815,119.9879421232403
0.18,b10,1,0.9996036572507427,-0.011835642178556038
0.18,b10,2,0.9996036572507513,-120.0118356421897
0.18,b10,3,0.9996036572507361,119.98816433846712
0.18,b11,1,0.9995898500309538,-0.012502547713885339
0.18,b11,2,0.9995898500309612,-120.01250254772496
0.18,b11,3,0.9995898500309451,119.98749743293183
0.18,b12,1,0.9995820991078727,-0.012579342807646587
0.18,b12,2,0.9995820991078802,-120.01257934281867
0.18,b12,3,0.9995820991078633,119.98742063783807
0.2,source,1,0.9997968166735905,-0.01188999208246638
0.2,source,2,0.999796816673592,-120.01188999209455
0.2,source,3,0.9997968166735959,119.98810998856244
0.2,b1,1,0.9996763654531733,-0.011816178696501655
0.2,b1,2,0.99967636545318,-120.011816178708
0.2,b1,3,0.9996763654531715,119.98818380194889
0.2,b2,1,0.9996386023958131,-0.011245101122437238
0.2,b2,2,0.9996386023958234,-120.0112451011338
0.2,b2,3,0.9996386023958107,119.98875487952314
0.2,b3,1,0.9996376183367196,-0.010690089535858389
0.2,b3,2,0.9996376183367307,-120.01069008954724
0.2,b3,3,0.9996376183367183,119.98930989110973
0.2,b4,1,0.9996478200914372,-0.010094736835008186
0.2,b4,2,0.999647820091449,-120.01009473684644
0.2,b4,3,0.9996478200914373,119.98990524381055
0.2,b5,1,0.9996176756459064,-0.011106723248144032
0.2,b5,2,0.9996176756459186,-120.01110672325939
0.2,b5,3,0.9996176756459038,119.98889325739755
0.2,b6,1,0.9996150756179834,-0.011021372656225378
0.2,b6,2,0.9996150756179957,-120.01102137266749
0.2,b6,3,0.9996150756179809,119.98897860798948
0.2,b7,1,0.9996174309883585,-0.010885164821469227
0.2,b7,2,0.9996174309883712,-120.01088516483274
0.2,b7,3,0.9996174309883562,119.98911481582425
0.2,b8,1,0.9996151095072959,-0.012192308961660518
0.2,b8,2,0.9996151095073037,-120.01219230897284
0.2,b8,3,0.9996151095072895,119.98780767168397
0.2,b9,1,0.9996040087596886,-0.012057857405382788
0.2,b9,2,0.9996040087596969,-120.01205785741651
0.2,b9,3,0.9996040087596815,119.9879421232403
0.2,b10,1,0.9996036572507427,-0.011835642178556038
0.2,b10,2,0.9996036572507513,-120.0118356421897
0.2,b10,3,0.9996036572507361,119.98816433846712
0.2,b11,1,0.9995898500309538,-0.012502547713885339
0.2,b11,2,0.9995898500309612,-120.01250254772496
0.2,b11,3,0.9995898500309451,119.98749743293183
0.2,b12,1,0.9995820991078727,-0.012579342807646587
0.2,b12,2,0.9995820991078802,-120.01257934281867
0.2,b12,3,0.9995820991078633,119.98742063783807
0.22,source,1,0.9997968166735905,-0.01188999208246638
0.22,source,2,0.999796816673592,-120.01188999209455
0.22,source,3,0.9997968166735959,119.98810998856244
0.22,b1,1,0.9996763654531733,-0.011816178696501655
0.22,b1,2,0.99967636545318,-120.011816178708
0.22,b1,3,0.9996763654531715,119.98818380194889
0.22,b2,1,0.9996386023958131,-0.011245101122437238
0.22,b2,2,0.9996386023958234,-120.0112451011338
0.22,b2,3,0.9996386023958107,119.98875487952314
0.22,b3,1,0.9996376183367196,-0.010690089535858389
0.22,b3,2,0.9996376183367307,-120.01069008954724
0.22,b3,3,0.9996376183367183,119.98930989110973
0.22,b4,1,0.9996478200914372,-0.010094736835008186
0.22,b4,2,0.999647820091449,-120.01009473684644
0.22,b4,3,0.9996478200914373,119.98990524381055
0.22,b5,1,0.9996176756459064,-0.011106723248144032
0.22,b5,2,0.9996176756459186,-120.01110672325939
0.22,b5,3,0.9996176756459038,119.98889325739755
0.22,b6,1,0.9996150756179834,-0.011021372656225378
0.22,b6,2,0.9996150756179957,-120.01102137266749
0.22,b6,3,0.9996150756179809,119.98897860798948
0.22,b7,1,0.9996174309883585,-0.010885164821469227
0.22,b7,2,0.9996174309883712,-120.01088516483274
0.22,b7,3,0.9996174309883562,119.98911481582425
0.22,b8,1,0.9996151095072959,-0.012192308961660518
0.22,b8,2,0.9996151095073037,-120.01219230897284
0.22,b8,3,0.9996151095072895,119.98780767168397
0.22,b9,1,0.9996040087596886,-0.012057857405382788
0.22,b9,2,0.9996040087596969,-120.01205785741651
0.22,b9,3,0.9996040087596815,119.9879421232403
0.22,b10,1,0.9996036572507427,-0.011835642178556038
0.22,b10,2,0.9996036572507513,-120.0118356421897
0.22,b10,3,0.9996036572507361,119.98816433846712
0.22,b11,1,0.9995898500309538,-0.012502547713885339
0.22,b11,2,0.9995898500309612,-120.01250254772496
0.22,b11,3,0.9995898500309451,119.98749743293183
0.22,b12,1,0.9995820991078727,-0.012579342807646587
0.22,b12,2,0.9995820991078802,-120.01257934281867
0.22,b12,3,0.9995820991078633,119.98742063783807
0.24,source,1,0.9997968166735905,-0.01188999208246638
0.24,source,2,0.999796816673592,-120.01188999209455
0.24,source,3,0.9997968166735959,119.98810998856244
0.24,b1,1,0.9996763654531733,-0.011816178696501655
0.24,b1,2,0.99967636545318,-120.011816178708
0.24,b1,3,0.9996763654531715,119.98818380194889
0.24,b2,1,0.9996386023958131,-0.011245101122437238
0.24,b2,2,0.9996386023958234,-120.0112451011338
0.24,b2,3,0.9996386023958107,119.98875487952314
0.24,b3,1,0.9996376183367196,-0.010690089535858389
0.24,b3,2,0.9996376183367307,-120.01069008954724
0.24,b3,3,0.9996376183367183,119.98930989110973
0.24,b4,1,0.9996478200914372,-0.010094736835008186
0.24,b4,2,0.999647820091449,-120.01009473684644
0.24,b4,3,0.9996478200914373,119.98990524381055
0.24,b5,1,0.9996176756459064,-0.011106723248144032
0.24,b5,2,0.9996176756459186,-120.01110672325939
0.24,b5,3,0.9996176756459038,119.98889325739755
0.24,b6,1,0.9996150756179834,-0.011021372656225378
0.24,b6,2,0.9996150756179957,-120.01102137266749
0.24,b6,3,0.9996150756179809,119.98897860798948
0.24,b7,1,0.9996174309883585,-0.010885164821469227
0.24,b7,2,0.9996174309883712,-120.01088516483274
0.24,b7,3,0.9996174309883562,119.98911481582425
0.24,b8,1,0.9996151095072959,-0.012192308961660518
0.24,b8,2,0.9996151095073037,-120.01219230897284
0.24,b8,3,0.9996151095072895,119.98780767168397
0.24,b9,1,0.9996040087596886,-0.012057857405382788
0.24,b9,2,0.9996040087596969,-120.01205785741651
0.24,b9,3,0.9996040087596815,119.9879421232403
0.24,b10,1,0.9996036572507427,-0.011835642178556038
0.24,b10,2,0.9996036572507513,-120.0118356421897
0.24,b10,3,0.9996036572507361,119.98816433846712
0.24,b11,1,0.9995898500309538,-0.012502547713885339
0.24,b11,2,0.9995898500309612,-120.01250254772496
0.24,b11,3,0.9995898500309451,119.98749743293183
0.24,b12,1,0.9995820991078727,-0.012579342807646587
0.24,b12,2,0.9995820991078802,-120.01257934281867
0.24,b12,3,0.9995820991078633,119.98742063783807
0.26,source,1,0.9997968166735905,-0.01188999208246638
0.26,source,2,0.999796816673592,-120.01188999209455
0.26,source,3,0.9997968166735959,119.98810998856244
0.26,b1,1,0.9996763654531733,-0.011816178696501655
0.26,b1,2,0.99967636545318,-120.011816178708
0.26,b1,3,0.9996763654531715,119.98818380194889
0.26,b2,1,0.9996386023958131,-0.011245101122437238
0.26,b2,2,0.9996386023958234,-120.0112451011338
0.26,b2,3,0.9996386023958107,119.98875487952314
0.26,b3,1,0.9996376183367196,-0.010690089535858389
0.26,b3,2,0.9996376183367307,-120.01069008954724
0.26,b3,3,0.9996376183367183,119.98930989110973
0.26,b4,1,0.9996478200914372,-0.010094736835008186
0.26,b4,2,0.999647820091449,-120.01009473684644
0.26,b4,3,0.9996478200914373,119.98990524381055
0.26,b5,1,0.9996176756459064,-0.011106723248144032
0.26,b5,2,0.9996176756459186,-120.01110672325939
0.26,b5,3,0.9996176756459038,119.98889325739755
0.26,b6,1,0.9996150756179834,-0.011021372656225378
0.26,b6,2,0.9996150756179957,-120.01102137266749
0.26,b6,3,0.9996150756179809,119.98897860798948
0.26,b7,1,0.9996174309883585,-0.010885164821469227
0.26,b7,2,0.9996174309883712,-120.01088516483274
0.26,b7,3,0.9996174309883562,119.98911481582425
0.26,b8,1,0.9996151095072959,-0.012192308961660518
0.26,b8,2,0.9996151095073037,-120.01219230897284
0.26,b8,3,0.9996151095072895,119.98780767168397
0.26,b9,1,0.9996040087596886,-0.012057857405382788
0.26,b9,2,0.9996040087596969,-120.01205785741651
0.26,b9,3,0.9996040087596815,119.9879421232403
0.26,b10,1,0.9996036572507427,-0.011835642178556038
0.26,b10,2,0.9996036572507513,-120.0118356421897
0.26,b10,3,0.9996036572507361,119.98816433846712
0.26,b11,1,0.9995898500309538,-0.012502547713885339
0.26,b11,2,0.9995898500309612,-120.01250254772496
0.26,b11,3,0.9995898500309451,119.98749743293183
0.26,b12,1,0.9995820991078727,-0.012579342807646587
0.26,b12,2,0.9995820991078802,-120.01257934281867
0.26,b12,3,0.9995820991078633,119.98742063783807
0.28,source,1,0.9997968166735905,-0.01188999208246638
0.28,source,2,0.999796816673592,-120.01188999209455
0.28,source,3,0.9997968166735959,119.98810998856244
0.28,b1,1,0.9996763654531733,-0.011816178696501655
0.28,b1,2,0.99967636545318,-120.011816178708
0.28,b1,3,0.9996763654531715,119.98818380194889
0.28,b2,1,0.9996386023958131,-0.011245101122437238
0.28,b2,2,0.9996386023958234,-120.0112451011338
0.28,b2,3,0.9996386023958107,119.98875487952314
0.28,b3,1,0.9996376183367196,-0.010690089535858389
0.28,b3,2,0.9996376183367307,-120.01069008954724
0.28,b3,3,0.9996376183367183,119.98930989110973
0.28,b4,1,0.9996478200914372,-0.010094736835008186
0.28,b4,2,0.999647820091449,-120.01009473684644
0.28,b4,3,0.9996478200914373,119.98990524381055
0.28,b5,1,0.9996176756459064,-0.011106723248144032
0.28,b5,2,0.9996176756459186,-120.01110672325939
0.28,b5,3,0.9996176756459038,119.98889325739755
0.28,b6,1,0.9996150756179834,-0.011021372656225378
0.28,b6,2,0.9996150756179957,-120.01102137266749
0.28,b6,3,0.9996150756179809,119.98897860798948
0.28,b7,1,0.9996174309883585,-0.010885164821469227
0.28,b7,2,0.9996174309883712,-120.01088516483274
0.28,b7,3,0.9996174309883562,119.98911481582425
0.28,b8,1,0.9996151095072959,-0.012192308961660518
0.28,b8,2,0.9996151095073037,-120.01219230897284
0.28,b8,3,0.9996151095072895,119.98780767168397
0.28,b9,1,0.9996040087596886,-0.012057857405382788
0.28,b9,2,0.9996040087596969,-120.01205785741651
0.28,b9,3,0.9996040087596815,119.9879421232403
0.28,b10,1,0.9996036572507427,-0.011835642178556038
0.28,b10,2,0.9996036572507513,-120.0118356421897
0.28,b10,3,0.9996036572507361,119.98816433846712
0.28,b11,1,0.9995898500309538,-0.012502547713885339
0.28,b11,2,0.9995898500309612,-120.01250254772496
0.28,b11,3,0.9995898500309451,119.98749743293183
0.28,b12,1,0.9995820991078727,-0.012579342807646587
0.28,b12,2,0.9995820991078802,-120.01257934281867
0.28,b12,3,0.9995820991078633,119.98742063783807
0.3,source,1,0.9997968166735905,-0.01188999208246638
0.3,source,2,0.999796816673592,-120.01188999209455
0.3,source,3,0.9997968166735959,119.98810998856244
0.3,b1,1,0.9996763654531733,-0.011816178696501655
0.3,b1,2,0.99967636545318,-120.011816178708
0.3,b1,3,0.9996763654531715,119.98818380194889
0.3,b2,1,0.9996386023958131,-0.011245101122437238
0.3,b2,2,0.9996386023958234,-120.0112451011338
0.3,b2,3,0.9996386023958107,119.98875487952314
0.3,b3,1,0.9996376183367196,-0.010690089535858389
0.3,b3,2,0.9996376183367307,-120.01069008954724
0.3,b3,3,0.9996376183367183,119.98930989110973
0.3,b4,1,0.9996478200914372,-0.010094736835008186
0.3,b4,2,0.999647820091449,-120.01009473684644
0.3,b4,3,0.9996478200914373,119.98990524381055
0.3,b5,1,0.9996176756459064,-0.011106723248144032
0.3,b5,2,0.9996176756459186,-120.01110672325939
0.3,b5,3,0.9996176756459038,119.98889325739755
0.3,b6,1,0.9996150756179834,-0.011021372656225378
0.3,b6,2,0.9996150756179957,-120.01102137266749
0.3,b6,3,0.9996150756179809,119.98897860798948
0.3,b7,1,0.9996174309883585,-0.010885164821469227
0.3,b7,2,0.9996174309883712,-120.01088516483274
0.3,b7,3,0.9996174309883562,119.98911481582425
0.3,b8,1,0.9996151095072959,-0.012192308961660518
0.3,b8,2,0.9996151095073037,-120.01219230897284
0.3,b8,3,0.9996151095072895,119.98780767168397
0.3,b9,1,0.9996040087596886,-0.012057857405382788
0.3,b9,2,0.9996040087596969,-120.01205785741651
0.3,b9,3,0.9996040087596815,119.9879421232403
0.3,b10,1,0.9996036572507427,-0.011835642178556038
0.3,b10,2,0.9996036572507513,-120.0118356421897
0.3,b10,3,0.9996036572507361,119.98816433846712
0.3,b11,1,0.9995898500309538,-0.012502547713885339
0.3,b11,2,0.9995898500309612,-120.01250254772496
0.3,b11,3,0.9995898500309451,119.98749743293183
0.3,b12,1,0.9995820991078727,-0.012579342807646587
0.3,b12,2,0.9995820991078802,-120.01257934281867
0.3,b12,3,0.9995820991078633,119.98742063783807
0.32,source,1,0.9997968166735905,-0.01188999208246638
0.32,source,2,0.999796816673592,-120.01188999209455
0.32,source,3,0.9997968166735959,119.98810998856244
0.32,b1,1,0.9996763654531733,-0.011816178696501655
0.32,b1,2,0.99967636545318,-120.011816178708
0.32,b1,3,0.9996763654531715,119.98818380194889
0.32,b2,1,0.9996386023958131,-0.011245101122437238
0.32,b2,2,0.9996386023958234,-120.0112451011338
0.32,b2,3,0.9996386023958107,119.98875487952314
0.32,b3,1,0.9996376183367196,-0.010690089535858389
0.32,b3,2,0.9996376183367307,-120.01069008954724
0.32,b3,3,0.9996376183367183,119.98930989110973
0.32,b4,1,0.9996478200914372,-0.010094736835008186
0.32,b4,2,0.999647820091449,-120.01009473684644
0.32,b4,3,0.9996478200914373,119.98990524381055
0.32,b5,1,0.9996176756459064,-0.011106723248144032
0.32,b5,2,0.9996176756459186,-120.01110672325939
0.32,b5,3,0.9996176756459038,119.98889325739755
0.32,b6,1,0.9996150756179834,-0.011021372656225378
0.32,b6,2,0.9996150756179957,-120.01102137266749
0.32,b6,3,0.9996150756179809,119.98897860798948
0.32,b7,1,0.9996174309883585,-0.010885164821469227
0.32,b7,2,0.9996174309883712,-120.01088516483274
0.32,b7,3,0.9996174309883562,119.98911481582425
0.32,b8,1,0.9996151095072959,-0.012192308961660518
0.32,b8,2,0.9996151095073037,-120.01219230897284
0.32,b8,3,0.9996151095072895,119.98780767168397
0.32,b9,1,0.9996040087596886,-0.012057857405382788
0.32,b9,2,0.9996040087596969,-120.01205785741651
0.32,b9,3,0.9996040087596815,119.9879421232403
0.32,b10,1,0.9996036572507427,-0.011835642178556038
0.32,b10,2,0.9996036572507513,-120.0118356421897
0.32,b10,3,0.9996036572507361,119.98816433846712
0.32,b11,1,0.9995898500309538,-0.012502547713885339
0.32,b11,2,0.9995898500309612,-120.01250254772496
0.32,b11,3,0.9995898500309451,119.98749743293183
0.32,b12,1,0.9995820991078727,-0.012579342807646587
0.32,b12,2,0.9995820991078802,-120.01257934281867
0.32,b12,3,0.9995820991078633,119.98742063783807
0.34,source,1,0.9997968166735905,-0.01188999208246638
0.34,source,2,0.999796816673592,-120.01188999209455
0.34,source,3,0.9997968166735959,119.98810998856244
0.34,b1,1,0.9996763654531733,-0.011816178696501655
0.34,b1,2,0.99967636545318,-120.011816178708
0.34,b1,3,0.9996763654531715,119.98818380194889
0.34,b2,1,0.9996386023958131,-0.011245101122437238
0.34,b2,2,0.9996386023958234,-120.0112451011338
0.34,b2,3,0.9996386023958107,119.98875487952314
0.34,b3,1,0.9996376183367196,-0.010690089535858389
0.34,b3,2,0.9996376183367307,-120.01069008954724
0.34,b3,3,0.9996376183367183,119.98930989110973
0.34,b4,1,0.9996478200914372,-0.010094736835008186
0.34,b4,2,0.999647820091449,-120.01009473684644
0.34,b4,3,0.9996478200914373,119.98990524381055
0.34,b5,1,0.9996176756459064,-0.011106723248144032
0.34,b5,2,0.9996176756459186,-120.01110672325939
0.34,b5,3,0.9996176756459038,119.98889325739755
0.34,b6,1,0.9996150756179834,-0.011021372656225378
0.34,b6,2,0.9996150756179957,-120.01102137266749
0.34,b6,3,0.9996150756179809,119.98897860798948
0.34,b7,1,0.9996174309883585,-0.010885164821469227
0.34,b7,2,0.9996174309883712,-120.01088516483274
0.34,b7,3,0.9996174309883562,119.98911481582425
0.34,b8,1,0.9996151095072959,-0.012192308961660518
0.34,b8,2,0.9996151095073037,-120.01219230897284
0.34,b8,3,0.9996151095072895,119.98780767168397
0.34,b9,1,0.9996040087596886,-0.012057857405382788
0.34,b9,2,0.9996040087596969,-120.01205785741651
0.34,b9,3,0.9996040087596815,119.9879421232403
0.34,b10,1,0.9996036572507427,-0.011835642178556038
0.34,b10,2,0.9996036572507513,-120.0118356421897
0.34,b10,3,0.9996036572507361,119.98816433846712
0.34,b11,1,0.9995898500309538,-0.012502547713885339
0.34,b11,2,0.9995898500309612,-120.01250254772496
0.34,b11,3,0.9995898500309451,119.98749743293183
0.34,b12,1,0.9995820991078727,-0.012579342807646587
0.34,b12,2,0.9995820991078802,-120.01257934281867
0.34,b12,3,0.9995820991078633,119.98742063783807
0.36,source,1,0.9997968166735905,-0.01188999208246638
0.36,source,2,0.999796816673592,-120.01188999209455
0.36,source,3,0.9997968166735959,119.98810998856244
0.36,b1,1,0.9996763654531733,-0.011816178696501655
0.36,b1,2,0.99967636545318,-120.011816178708
0.36,b1,3,0.9996763654531715,119.98818380194889
0.36,b2,1,0.9996386023958131,-0.011245101122437238
0.36,b2,2,0.9996386023958234,-120.0112451011338
0.36,b2,3,0.9996386023958107,119.98875487952314
0.36,b3,1,0.9996376183367196,-0.010690089535858389
0.36,b3,2,0.9996376183367307,-120.01069008954724
0.36,b3,3,0.9996376183367183,119.98930989110973
0.36,b4,1,0.9996478200914372,-0.010094736835008186
0.36,b4,2,0.999647820091449,-120.01009473684644
0.36,b4,3,0.9996478200914373,119.98990524381055
0.36,b5,1,0.9996176756459064,-0.011106723248144032
0.36,b5,2,0.9996176756459186,-120.01110672325939
0.36,b5,3,0.9996176756459038,119.98889325739755
0.36,b6,1,0.9996150756179834,-0.011021372656225378
0.36,b6,2,0.9996150756179957,-120.01102137266749
0.36,b6,3,0.9996150756179809,119.98897860798948
0.36,b7,1,0.9996174309883585,-0.010885164821469227
0.36,b7,2,0.9996174309883712,-120.01088516483274
0.36,b7,3,0.9996174309883562,119.98911481582425
0.36,b8,1,0.9996151095072959,-0.012192308961660518
0.36,b8,2,0.9996151095073037,-120.01219230897284
0.36,b8,3,0.9996151095072895,119.98780767168397
0.36,b9,1,0.9996040087596886,-0.012057857405382788
0.36,b9,2,0.9996040087596969,-120.01205785741651
0.36,b9,3,0.9996040087596815,119.9879421232403
0.36,b10,1,0.9996036572507427,-0.011835642178556038
0.36,b10,2,0.9996036572507513,-120.0118356421897
0.36,b10,3,0.9996036572507361,119.98816433846712
0.36,b11,1,0.9995898500309538,-0.012502547713885339
0.36,b11,2,0.9995898500309612,-120.01250254772496
0.36,b11,3,0.9995898500309451,119.98749743293183
0.36,b12,1,0.9995820991078727,-0.012579342807646587
0.36,b12,2,0.9995820991078802,-120.01257934281867
0.36,b12,3,0.9995820991078633,119.98742063783807
0.38,source,1,0.9997968166735905,-0.01188999208246638
0.38,source,2,0.999796816673592,-120.01188999209455
0.38,source,3,0.9997968166735959,119.98810998856244
0.38,b1,1,0.9996763654531733,-0.011816178696501655
0.38,b1,2,0.99967636545318,-120.011816178708
0.38,b1,3,0.9996763654531715,119.98818380194889
0.38,b2,1,0.9996386023958131,-0.011245101122437238
0.38,b2,2,0.9996386023958234,-120.0112451011338
0.38,b2,3,0.9996386023958107,119.98875487952314
0.38,b3,1,0.9996376183367196,-0.010690089535858389
0.38,b3,2,0.9996376183367307,-120.01069008954724
0.38,b3,3,0.9996376183367183,119.98930989110973
0.38,b4,1,0.9996478200914372,-0.010094736835008186
0.38,b4,2,0.999647820091449,-120.01009473684644
0.38,b4,3,0.9996478200914373,119.98990524381055
0.38,b5,1,0.9996176756459064,-0.011106723248144032
0.38,b5,2,0.9996176756459186,-120.01110672325939
0.38,b5,3,0.9996176756459038,119.98889325739755
0.38,b6,1,0.9996150756179834,-0.011021372656225378
0.38,b6,2,0.9996150756179957,-120.01102137266749
0.38,b6,3,0.9996150756179809,119.98897860798948
0.38,b7,1,0.9996174309883585,-0.010885164821469227
0.38,b7,2,0.9996174309883712,-120.01088516483274
0.38,b7,3,0.9996174309883562,119.98911481582425
0.38,b8,1,0.9996151095072959,-0.012192308961660518
0.38,b8,2,0.9996151095073037,-120.01219230897284
0.38,b8,3,0.9996151095072895,119.98780767168397
0.38,b9,1,0.9996040087596886,-0.012057857405382788
0.38,b9,2,0.9996040087596969,-120.01205785741651
0.38,b9,3,0.9996040087596815,119.9879421232403
0.38,b10,1,0.9996036572507427,-0.011835642178556038
0.38,b10,2,0.9996036572507513,-120.0118356421897
0.38,b10,3,0.9996036572507361,119.98816433846712
0.38,b11,1,0.9995898500309538,-0.012502547713885339
0.38,b11,2,0.9995898500309612,-120.01250254772496
0.38,b11,3,0.9995898500309451,119.98749743293183
0.38,b12,1,0.9995820991078727,-0.012579342807646587
0.38,b12,2,0.9995820991078802,-120.01257934281867
0.38,b12,3,0.9995820991078633,119.98742063783807
0.4,source,1,0.9997968166735905,-0.01188999208246638
0.4,source,2,0.999796816673592,-120.01188999209455
0.4,source,3,0.9997968166735959,119.98810998856244
0.4,b1,1,0.9996763654531733,-0.011816178696501655
0.4,b1,2,0.99967636545318,-120.011816178708
0.4,b1,3,0.9996763654531715,119.98818380194889
0.4,b2,1,0.9996386023958131,-0.011245101122437238
0.4,b2,2,0.9996386023958234,-120.0112451011338
0.4,b2,3,0.9996386023958107,119.98875487952314
0.4,b3,1,0.9996376183367196,-0.010690089535858389
0.4,b3,2,0.9996376183367307,-120.01069008954724
0.4,b3,3,0.9996376183367183,119.98930989110973
0.4,b4,1,0.9996478200914372,-0.010094736835008186
0.4,b4,2,0.999647820091449,-120.01009473684644
0.4,b4,3,0.9996478200914373,119.98990524381055
0.4,b5,1,0.9996176756459064,-0.011106723248144032
0.4,b5,2,0.9996176756459186,-120.01110672325939
0.4,b5,3,0.9996176756459038,119.98889325739755
0.4,b6,1,0.9996150756179834,-0.011021372656225378
0.4,b6,2,0.9996150756179957,-120.01102137266749
0.4,b6,3,0.9996150756179809,119.98897860798948
0.4,b7,1,0.9996174309883585,-0.010885164821469227
0.4,b7,2,0.9996174309883712,-120.01088516483274
0.4,b7,3,0.9996174309883562,119.98911481582425
0.4,b8,1,0.9996151095072959,-0.012192308961660518
0.4,b8,2,0.9996151095073037,-120.01219230897284
0.4,b8,3,0.9996151095072895,119.98780767168397
0.4,b9,1,0.9996040087596886,-0.012057857405382788
0.4,b9,2,0.9996040087596969,-120.01205785741651
0.4,b9,3,0.9996040087596815,119.9879421232403
0.4,b10,1,0.9996036572507427,-0.011835642178556038
0.4,b10,2,0.9996036572507513,-120.0118356421897
0.4,b10,3,0.9996036572507361,119.98816433846712
0.4,b11,1,0.9995898500309538,-0.012502547713885339
0.4,b11,2,0.9995898500309612,-120.01250254772496
0.4,b11,3,0.9995898500309451,119.98749743293183
0.4,b12,1,0.9995820991078727,-0.012579342807646587
0.4,b12,2,0.9995820991078802,-120.01257934281867
0.4,b12,3,0.9995820991078633,119.98742063783807
0.42,source,1,0.9997968166735905,-0.01188999208246638
0.42,source,2,0.999796816673592,-120.01188999209455
0.42,source,3,0.9997968166735959,119.98810998856244
0.42,b1,1,0.9996763654531733,-0.011816178696501655
0.42,b1,2,0.99967636545318,-120.011816178708
0.42,b1,3,0.9996763654531715,119.98818380194889
0.42,b2,1,0.9996386023958131,-0.011245101122437238
0.42,b2,2,0.9996386023958234,-120.0112451011338
0.42,b2,3,0.9996386023958107,119.98875487952314
0.42,b3,1,0.9996376183367196,-0.010690089535858389
0.42,b3,2,0.9996376183367307,-120.01069008954724
0.42,b3,3,0.9996376183367183,119.98930989110973
0.42,b4,1,0.9996478200914372,-0.010094736835008186
0.42,b4,2,0.999647820091449,-120.01009473684644
0.42,b4,3,0.9996478200914373,119.98990524381055
0.42,b5,1,0.9996176756459064,-0.011106723248144032
0.42,b5,2,0.9996176756459186,-120.01110672325939
0.42,b5,3,0.9996176756459038,119.98889325739755
0.42,b6,1,0.9996150756179834,-0.011021372656225378
0.42,b6,2,0.9996150756179957,-120.01102137266749
0.42,b6,3,0.9996150756179809,119.98897860798948
0.42,b7,1,0.9996174309883585,-0.010885164821469227
0.42,b7,2,0.9996174309883712,-120.01088516483274
0.42,b7,3,0.9996174309883562,119.98911481582425
0.42,b8,1,0.9996151095072959,-0.012192308961660518
0.42,b8,2,0.9996151095073037,-120.01219230897284
0.42,b8,3,0.9996151095072895,119.98780767168397
0.42,b9,1,0.9996040087596886,-0.012057857405382788
0.42,b9,2,0.9996040087596969,-120.01205785741651
0.42,b9,3,0.9996040087596815,119.9879421232403
0.42,b10,1,0.9996036572507427,-0.011835642178556038
0.42,b10,2,0.9996036572507513,-120.0118356421897
0.42,b10,3,0.9996036572507361,119.98816433846712
0.42,b11,1,0.9995898500309538,-0.012502547713885339
0.42,b11,2,0.9995898500309612,-120.01250254772496
0.42,b11,3,0.9995898500309451,119.98749743293183
0.42,b12,1,0.9995820991078727,-0.012579342807646587
0.42,b12,2,0.9995820991078802,-120.01257934281867
0.42,b12,3,0.9995820991078633,119.98742063783807
0.44,source,1,0.9997968166735905,-0.01188999208246638
0.44,source,2,0.999796816673592,-120.01188999209455
0.44,source,3,0.9997968166735959,119.98810998856244
0.44,b1,1,0.9996763654531733,-0.011816178696501655
0.44,b1,2,0.99967636545318,-120.011816178708
0.44,b1,3,0.9996763654531715,119.98818380194889
0.44,b2,1,0.9996386023958131,-0.011245101122437238
0.44,b2,2,0.9996386023958234,-120.0112451011338
0.44,b2,3,0.9996386023958107,119.98875487952314
0.44,b3,1,0.9996376183367196,-0.010690089535858389
0.44,b3,2,0.9996376183367307,-120.01069008954724
0.44,b3,3,0.9996376183367183,119.98930989110973
0.44,b4,1,0.9996478200914372,-0.010094736835008186
0.44,b4,2,0.999647820091449,-120.01009473684644
0.44,b4,3,0.9996478200914373,119.98990524381055
0.44,b5,1,0.9996176756459064,-0.011106723248144032
0.44,b5,2,0.9996176756459186,-120.01110672325939
0.44,b5,3,0.9996176756459038,119.98889325739755
0.44,b6,1,0.9996150756179834,-0.011021372656225378
0.44,b6,2,0.9996150756179957,-120.01102137266749
0.44,b6,3,0.9996150756179809,119.98897860798948
0.44,b7,1,0.9996174309883585,-0.010885164821469227
0.44,b7,2,0.9996174309883712,-120.01088516483274
0.44,b7,3,0.9996174309883562,119.98911481582425
0.44,b8,1,0.9996151095072959,-0.012192308961660518
0.44,b8,2,0.9996151095073037,-120.01219230897284
0.44,b8,3,0.9996151095072895,119.98780767168397
0.44,b9,1,0.9996040087596886,-0.012057857405382788
0.44,b9,2,0.9996040087596969,-120.01205785741651
0.44,b9,3,0.9996040087596815,119.9879421232403
0.44,b10,1,0.9996036572507427,-0.011835642178556038
0.44,b10,2,0.9996036572507513,-120.0118356421897
0.44,b10,3,0.9996036572507361,119.98816433846712
0.44,b11,1,0.9995898500309538,-0.012502547713885339
0.44,b11,2,0.9995898500309612,-120.01250254772496
0.44,b11,3,0.9995898500309451,119.98749743293183
0.44,b12,1,0.9995820991078727,-0.012579342807646587
0.44,b12,2,0.9995820991078802,-120.01257934281867
0.44,b12,3,0.9995820991078633,119.98742063783807
0.46,source,1,0.9997968166735905,-0.01188999208246638
0.46,source,2,0.999796816673592,-120.01188999209455
0.46,source,3,0.9997968166735959,119.98810998856244
0.46,b1,1,0.9996763654531733,-0.011816178696501655
0.46,b1,2,0.99967636545318,-120.011816178708
0.46,b1,3,0.9996763654531715,119.98818380194889
0.46,b2,1,0.9996386023958131,-0.011245101122437238
0.46,b2,2,0.9996386023958234,-120.0112451011338
0.46,b2,3,0.9996386023958107,119.98875487952314
0.46,b3,1,0.9996376183367196,-0.010690089535858389
0.46,b3,2,0.9996376183367307,-120.01069008954724
0.46,b3,3,0.9996376183367183,119.98930989110973
0.46,b4,1,0.9996478200914372,-0.010094736835008186
0.46,b4,2,0.999647820091449,-120.01009473684644
0.46,b4,3,0.9996478200914373,119.98990524381055
0.46,b5,1,0.9996176756459064,-0.011106723248144032
0.46,b5,2,0.9996176756459186,-120.01110672325939
0.46,b5,3,0.9996176756459038,119.98889325739755
0.46,b6,1,0.9996150756179834,-0.011021372656225378
0.46,b6,2,0.9996150756179957,-120.01102137266749
0.46,b6,3,0.9996150756179809,119.98897860798948
0.46,b7,1,0.9996174309883585,-0.010885164821469227
0.46,b7,2,0.9996174309883712,-120.01088516483274
0.46,b7,3,0.9996174309883562,119.98911481582425
0.46,b8,1,0.9996151095072959,-0.012192308961660518
0.46,b8,2,0.9996151095073037,-120.01219230897284
0.46,b8,3,0.9996151095072895,119.98780767168397
0.46,b9,1,0.9996040087596886,-0.012057857405382788
0.46,b9,2,0.9996040087596969,-120.01205785741651
0.46,b9,3,0.9996040087596815,119.9879421232403
0.46,b10,1,0.9996036572507427,-0.011835642178556038
0.46,b10,2,0.9996036572507513,-120.0118356421897
0.46,b10,3,0.9996036572507361,119.98816433846712
0.46,b11,1,0.9995898500309538,-0.012502547713885339
0.46,b11,2,0.9995898500309612,-120.01250254772496
0.46,b11,3,0.9995898500309451,119.98749743293183
0.46,b12,1,0.9995820991078727,-0.012579342807646587
0.46,b12,2,0.9995820991078802,-120.01257934281867
0.46,b12,3,0.9995820991078633,119.98742063783807
0.48,source,1,0.9997968166735905,-0.01188999208246638
0.48,source,2,0.999796816673592,-120.01188999209455
0.48,source,3,0.9997968166735959,119.98810998856244
0.48,b1,1,0.9996763654531733,-0.011816178696501655
0.48,b1,2,0.99967636545318,-120.011816178708
0.48,b1,3,0.9996763654531715,119.98818380194889
0.48,b2,1,0.9996386023958131,-0.011245101122437238
0.48,b2,2,0.9996386023958234,-120.0112451011338
0.48,b2,3,0.9996386023958107,119.98875487952314
0.48,b3,1,0.9996376183367196,-0.010690089535858389
0.48,b3,2,0.9996376183367307,-120.01069008954724
0.48,b3,3,0.9996376183367183,119.98930989110973
0.48,b4,1,0.9996478200914372,-0.010094736835008186
0.48,b4,2,0.999647820091449,-120.01009473684644
0.48,b4,3,0.9996478200914373,119.98990524381055
0.48,b5,1,0.9996176756459064,-0.011106723248144032
0.48,b5,2,0.9996176756459186,-120.01110672325939
0.48,b5,3,0.9996176756459038,119.98889325739755
0.48,b6,1,0.9996150756179834,-0.011021372656225378
0.48,b6,2,0.9996150756179957,-120.01102137266749
0.48,b6,3,0.9996150756179809,119.98897860798948
0.48,b7,1,0.9996174309883585,-0.010885164821469227
0.48,b7,2,0.9996174309883712,-120.01088516483274
0.48,b7,3,0.9996174309883562,119.98911481582425
0.48,b8,1,0.9996151095072959,-0.012192308961660518
0.48,b8,2,0.9996151095073037,-120.01219230897284
0.48,b8,3,0.9996151095072895,119.98780767168397
0.48,b9,1,0.9996040087596886,-0.012057857405382788
0.48,b9,2,0.9996040087596969,-120.01205785741651
0.48,b9,3,0.9996040087596815,119.9879421232403
0.48,b10,1,0.9996036572507427,-0.011835642178556038
0.48,b10,2,0.9996036572507513,-120.0118356421897
0.48,b10,3,0.9996036572507361,119.98816433846712
0.48,b11,1,0.9995898500309538,-0.012502547713885339
0.48,b11,2,0.9995898500309612,-120.01250254772496
0.48,b11,3,0.9995898500309451,119.98749743293183
0.48,b12,1,0.9995820991078727,-0.012579342807646587
0.48,b12,2,0.9995820991078802,-120.01257934281867
0.48,b12,3,0.9995820991078633,119.98742063783807
0.5,source,1,0.9997968166735905,-0.01188999208246638
0.5,source,2,0.999796816673592,-120.01188999209455
0.5,source,3,0.9997968166735959,119.98810998856244
0.5,b1,1,0.9996763654531733,-0.011816178696501655
0.5,b1,2,0.99967636545318,-120.011816178708
0.5,b1,3,0.9996763654531715,119.98818380194889
0.5,b2,1,0.9996386023958131,-0.011245101122437238
0.5,b2,2,0.9996386023958234,-120.0112451011338
0.5,b2,3,0.9996386023958107,119.98875487952314
0.5,b3,1,0.9996376183367196,-0.010690089535858389
0.5,b3,2,0.9996376183367307,-120.01069008954724
0.5,b3,3,0.9996376183367183,119.98930989110973
0.5,b4,1,0.9996478200914372,-0.010094736835008186
0.5,b4,2,0.999647820091449,-120.01009473684644
0.5,b4,3,0.9996478200914373,119.98990524381055
0.5,b5,1,0.9996176756459064,-0.011106723248144032
0.5,b5,2,0.9996176756459186,-120.01110672325939
0.5,b5,3,0.9996176756459038,119.98889325739755
0.5,b6,1,0.9996150756179834,-0.011021372656225378
0.5,b6,2,0.9996150756179957,-120.01102137266749
0.5,b6,3,0.9996150756179809,119.98897860798948
0.5,b7,1,0.9996174309883585,-0.010885164821469227
0.5,b7,2,0.9996174309883712,-120.01088516483274
0.5,b7,3,0.9996174309883562,119.98911481582425
0.5,b8,1,0.9996151095072959,-0.012192308961660518
0.5,b8,2,0.9996151095073037,-120.01219230897284
0.5,b8,3,0.9996151095072895,119.98780767168397
0.5,b9,1,0.9996040087596886,-0.012057857405382788
0.5,b9,2,0.9996040087596969,-120.01205785741651
0.5,b9,3,0.9996040087596815,119.9879421232403
0.5,b10,1,0.9996036572507427,-0.011835642178556038
0.5,b10,2,0.9996036572507513,-120.0118356421897
0.5,b10,3,0.9996036572507361,119.98816433846712
0.5,b11,1,0.9995898500309538,-0.012502547713885339
0.5,b11,2,0.9995898500309612,-120.01250254772496
0.5,b11,3,0.9995898500309451,119.98749743293183
0.5,b12,1,0.9995820991078727,-0.012579342807646587
0.5,b12,2,0.9995820991078802,-120.01257934281867
0.5,b12,3,0.9995820991078633,119.98742063783807
0.52,source,1,0.9997968166735905,-0.01188999208246638
0.52,source,2,0.999796816673592,-120.01188999209455
0.52,source,3,0.9997968166735959,119.98810998856244
0.52,b1,1,0.9996763654531733,-0.011816178696501655
0.52,b1,2,0.99967636545318,-120.011816178708
0.52,b1,3,0.9996763654531715,119.98818380194889
0.52,b2,1,0.9996386023958131,-0.011245101122437238
0.52,b2,2,0.9996386023958234,-120.0112451011338
0.52,b2,3,0.9996386023958107,119.98875487952314
0.52,b3,1,0.9996376183367196,-0.010690089535858389
0.52,b3,2,0.9996376183367307,-120.01069008954724
0.52,b3,3,0.9996376183367183,119.98930989110973
0.52,b4,1,0.9996478200914372,-0.010094736835008186
0.52,b4,2,0.999647820091449,-120.01009473684644
0.52,b4,3,0.9996478200914373,119.98990524381055
0.52,b5,1,0.9996176756459064,-0.011106723248144032
0.52,b5,2,0.9996176756459186,-120.01110672325939
0.52,b5,3,0.9996176756459038,119.98889325739755
0.52,b6,1,0.9996150756179834,-0.011021372656225378
0.52,b6,2,0.9996150756179957,-120.01102137266749
0.52,b6,3,0.9996150756179809,119.98897860798948
0.52,b7,1,0.9996174309883585,-0.010885164821469227
0.52,b7,2,0.9996174309883712,-120.01088516483274
0.52,b7,3,0.9996174309883562,119.98911481582425
0.52,b8,1,0.9996151095072959,-0.012192308961660518
0.52,b8,2,0.9996151095073037,-120.01219230897284
0.52,b8,3,0.9996151095072895,119.98780767168397
0.52,b9,1,0.9996040087596886,-0.012057857405382788
0.52,b9,2,0.9996040087596969,-120.01205785741651
0.52,b9,3,0.9996040087596815,119.9879421232403
0.52,b10,1,0.9996036572507427,-0.011835642178556038
0.52,b10,2,0.9996036572507513,-120.0118356421897
0.52,b10,3,0.9996036572507361,119.98816433846712
0.52,b11,1,0.9995898500309538,-0.012502547713885339
0.52,b11,2,0.9995898500309612,-120.01250254772496
0.52,b11,3,0.9995898500309451,119.98749743293183
0.52,b12,1,0.9995820991078727,-0.012579342807646587
0.52,b12,2,0.9995820991078802,-120.01257934281867
0.52,b12,3,0.9995820991078633,119.98742063783807
0.54,source,1,0.9997968166735905,-0.01188999208246638
0.54,source,2,0.999796816673592,-120.01188999209455
0.54,source,3,0.9997968166735959,119.98810998856244
0.54,b1,1,0.9996763654531733,-0.011816178696501655
0.54,b1,2,0.99967636545318,-120.011816178708
0.54,b1,3,0.9996763654531715,119.98818380194889
0.54,b2,1,0.9996386023958131,-0.011245101122437238
0.54,b2,2,0.9996386023958234,-120.0112451011338
0.54,b2,3,0.9996386023958107,119.98875487952314
0.54,b3,1,0.9996376183367196,-0.010690089535858389
0.54,b3,2,0.9996376183367307,-120.01069008954724
0.54,b3,3,0.9996376183367183,119.98930989110973
0.54,b4,1,0.9996478200914372,-0.010094736835008186
0.54,b4,2,0.999647820091449,-120.01009473684644
0.54,b4,3,0.9996478200914373,119.98990524381055
0.54,b5,1,0.9996176756459064,-0.011106723248144032
0.54,b5,2,0.9996176756459186,-120.01110672325939
0.54,b5,3,0.9996176756459038,119.98889325739755
0.54,b6,1,0.9996150756179834,-0.011021372656225378
0.54,b6,2,0.9996150756179957,-120.01102137266749
0.54,b6,3,0.9996150756179809,119.98897860798948
0.54,b7,1,0.9996174309883585,-0.010885164821469227
0.54,b7,2,0.9996174309883712,-120.01088516483274
0.54,b7,3,0.9996174309883562,119.98911481582425
0.54,b8,1,0.9996151095072959,-0.012192308961660518
0.54,b8,2,0.9996151095073037,-120.01219230897284
0.54,b8,3,0.9996151095072895,119.98780767168397
0.54,b9,1,0.9996040087596886,-0.012057857405382788
0.54,b9,2,0.9996040087596969,-120.01205785741651
0.54,b9,3,0.9996040087596815,119.9879421232403
0.54,b10,1,0.9996036572507427,-0.011835642178556038
0.54,b10,2,0.9996036572507513,-120.0118356421897
0.54,b10,3,0.9996036572507361,119.98816433846712
0.54,b11,1,0.9995898500309538,-0.012502547713885339
0.54,b11,2,0.9995898500309612,-120.01250254772496
0.54,b11,3,0.9995898500309451,119.98749743293183
0.54,b12,1,0.9995820991078727,-0.012579342807646587
0.54,b12,2,0.9995820991078802,-120.01257934281867
0.54,b12,3,0.9995820991078633,119.98742063783807
0.56,source,1,0.9997968166735905,-0.01188999208246638
0.56,source,2,0.999796816673592,-120.01188999209455
0.56,source,3,0.9997968166735959,119.98810998856244
0.56,b1,1,0.9996763654531733,-0.011816178696501655
0.56,b1,2,0.99967636545318,-120.011816178708
0.56,b1,3,0.9996763654531715,119.98818380194889
0.56,b2,1,0.9996386023958131,-0.011245101122437238
0.56,b2,2,0.9996386023958234,-120.0112451011338
0.56,b2,3,0.9996386023958107,119.98875487952314
0.56,b3,1,0.9996376183367196,-0.010690089535858389
0.56,b3,2,0.9996376183367307,-120.01069008954724
0.56,b3,3,0.9996376183367183,119.98930989110973
0.56,b4,1,0.9996478200914372,-0.010094736835008186
0.56,b4,2,0.999647820091449,-120.01009473684644
0.56,b4,3,0.9996478200914373,119.98990524381055
0.56,b5,1,0.9996176756459064,-0.011106723248144032
0.56,b5,2,0.9996176756459186,-120.01110672325939
0.56,b5,3,0.9996176756459038,119.98889325739755
0.56,b6,1,0.9996150756179834,-0.011021372656225378
0.56,b6,2,0.9996150756179957,-120.01102137266749
0.56,b6,3,0.9996150756179809,119.98897860798948
0.56,b7,1,0.9996174309883585,-0.010885164821469227
0.56,b7,2,0.9996174309883712,-120.01088516483274
0.56,b7,3,0.9996174309883562,119.98911481582425
0.56,b8,1,0.9996151095072959,-0.012192308961660518
0.56,b8,2,0.9996151095073037,-120.01219230897284
0.56,b8,3,0.9996151095072895,119.98780767168397
0.56,b9,1,0.9996040087596886,-0.012057857405382788
0.56,b9,2,0.9996040087596969,-120.01205785741651
0.56,b9,3,0.9996040087596815,119.9879421232403
0.56,b10,1,0.9996036572507427,-0.011835642178556038
0.56,b10,2,0.9996036572507513,-120.0118356421897
0.56,b10,3,0.9996036572507361,119.98816433846712
0.56,b11,1,0.9995898500309538,-0.012502547713885339
0.56,b11,2,0.9995898500309612,-120.01250254772496
0.56,b11,3,0.9995898500309451,119.98749743293183
0.56,b12,1,0.9995820991078727,-0.012579342807646587
0.56,b12,2,0.9995820991078802,-120.01257934281867
0.56,b12,3,0.9995820991078633,119.98742063783807
0.58,source,1,0.9997968166735905,-0.01188999208246638
0.58,source,2,0.999796816673592,-120.01188999209455
0.58,source,3,0.9997968166735959,119.98810998856244
0.58,b1,1,0.9996763654531733,-0.011816178696501655
0.58,b1,2,0.99967636545318,-120.011816178708
0.58,b1,3,0.9996763654531715,119.98818380194889
0.58,b2,1,0.9996386023958131,-0.011245101122437238
0.58,b2,2,0.9996386023958234,-120.0112451011338
0.58,b2,3,0.9996386023958107,119.98875487952314
0.58,b3,1,0.9996376183367196,-0.010690089535858389
0.58,b3,2,0.9996376183367307,-120.01069008954724
0.58,b3,3,0.9996376183367183,119.98930989110973
0.58,b4,1,0.9996478200914372,-0.010094736835008186
0.58,b4,2,0.999647820091449,-120.01009473684644
0.58,b4,3,0.9996478200914373,119.98990524381055
0.58,b5,1,0.9996176756459064,-0.011106723248144032
0.58,b5,2,0.9996176756459186,-120.01110672325939
0.58,b5,3,0.9996176756459038,119.98889325739755
0.58,b6,1,0.9996150756179834,-0.011021372656225378
0.58,b6,2,0.9996150756179957,-120.01102137266749
0.58,b6,3,0.9996150756179809,119.98897860798948
0.58,b7,1,0.9996174309883585,-0.010885164821469227
0.58,b7,2,0.9996174309883712,-120.01088516483274
0.58,b7,3,0.9996174309883562,119.98911481582425
0.58,b8,1,0.9996151095072959,-0.012192308961660518
0.58,b8,2,0.9996151095073037,-120.01219230897284
0.58,b8,3,0.9996151095072895,119.98780767168397
0.58,b9,1,0.9996040087596886,-0.012057857405382788
0.58,b9,2,0.9996040087596969,-120.01205785741651
0.58,b9,3,0.9996040087596815,119.9879421232403
0.58,b10,1,0.9996036572507427,-0.011835642178556038
0.58,b10,2,0.9996036572507513,-120.0118356421897
0.58,b10,3,0.9996036572507361,119.98816433846712
0.58,b11,1,0.9995898500309538,-0.012502547713885339
0.58,b11,2,0.9995898500309612,-120.01250254772496
0.58,b11,3,0.9995898500309451,119.98749743293183
0.58,b12,1,0.9995820991078727,-0.012579342807646587
0.58,b12,2,0.9995820991078802,-120.01257934281867
0.58,b12,3,0.9995820991078633,119.98742063783807
0.6,source,1,0.9997968166735905,-0.01188999208246638
0.6,source,2,0.999796816673592,-120.01188999209455
0.6,source,3,0.9997968166735959,119.98810998856244
0.6,b1,1,0.9996763654531733,-0.011816178696501655
0.6,b1,2,0.99967636545318,-120.011816178708
0.6,b1,3,0.9996763654531715,119.98818380194889
0.6,b2,1,0.9996386023958131,-0.011245101122437238
0.6,b2,2,0.9996386023958234,-120.0112451011338
0.6,b2,3,0.9996386023958107,119.98875487952314
0.6,b3,1,0.9996376183367196,-0.010690089535858389
0.6,b3,2,0.9996376183367307,-120.01069008954724
0.6,b3,3,0.9996376183367183,119.98930989110973
0.6,b4,1,0.9996478200914372,-0.010094736835008186
0.6,b4,2,0.999647820091449,-120.01009473684644
0.6,b4,3,0.9996478200914373,119.98990524381055
0.6,b5,1,0.9996176756459064,-0.011106723248144032
0.6,b5,2,0.9996176756459186,-120.01110672325939
0.6,b5,3,0.9996176756459038,119.98889325739755
0.6,b6,1,0.9996150756179834,-0.011021372656225378
0.6,b6,2,0.9996150756179957,-120.01102137266749
0.6,b6,3,0.9996150756179809,119.98897860798948
0.6,b7,1,0.9996174309883585,-0.010885164821469227
0.6,b7,2,0.9996174309883712,-120.01088516483274
0.6,b7,3,0.9996174309883562,119.98911481582425
0.6,b8,1,0.9996151095072959,-0.012192308961660518
0.6,b8,2,0.9996151095073037,-120.01219230897284
0.6,b8,3,0.9996151095072895,119.98780767168397
0.6,b9,1,0.9996040087596886,-0.012057857405382788
0.6,b9,2,0.9996040087596969,-120.01205785741651
0.6,b9,3,0.9996040087596815,119.9879421232403
0.6,b10,1,0.9996036572507427,-0.011835642178556038
0.6,b10,2,0.9996036572507513,-120.0118356421897
0.6,b10,3,0.9996036572507361,119.98816433846712
0.6,b11,1,0.9995898500309538,-0.012502547713885339
0.6,b11,2,0.9995898500309612,-120.01250254772496
0.6,b11,3,0.9995898500309451,119.98749743293183
0.6,b12,1,0.9995820991078727,-0.012579342807646587
0.6,b12,2,0.9995820991078802,-120.01257934281867
0.6,b12,3,0.9995820991078633,119.98742063783807
0.62,source,1,0.9997968166735905,-0.01188999208246638
0.62,source,2,0.999796816673592,-120.01188999209455
0.62,source,3,0.9997968166735959,119.98810998856244
0.62,b1,1,0.9996763654531733,-0.011816178696501655
0.62,b1,2,0.99967636545318,-120.011816178708
0.62,b1,3,0.9996763654531715,119.98818380194889
0.62,b2,1,0.9996386023958131,-0.011245101122437238
0.62,b2,2,0.9996386023958234,-120.0112451011338
0.62,b2,3,0.9996386023958107,119.98875487952314
0.62,b3,1,0.9996376183367196,-0.010690089535858389
0.62,b3,2,0.9996376183367307,-120.01069008954724
0.62,b3,3,0.9996376183367183,119.98930989110973
0.62,b4,1,0.9996478200914372,-0.010094736835008186
0.62,b4,2,0.999647820091449,-120.01009473684644
0.62,b4,3,0.9996478200914373,119.98990524381055
0.62,b5,1,0.9996176756459064,-0.011106723248144032
0.62,b5,2,0.9996176756459186,-120.01110672325939
0.62,b5,3,0.9996176756459038,119.98889325739755
0.62,b6,1,0.9996150756179834,-0.011021372656225378
0.62,b6,2,0.9996150756179957,-120.01102137266749
0.62,b6,3,0.9996150756179809,119.98897860798948
0.62,b7,1,0.9996174309883585,-0.010885164821469227
0.62,b7,2,0.9996174309883712,-120.01088516483274
0.62,b7,3,0.9996174309883562,119.98911481582425
0.62,b8,1,0.9996151095072959,-0.012192308961660518
0.62,b8,2,0.9996151095073037,-120.01219230897284
0.62,b8,3,0.9996151095072895,119.98780767168397
0.62,b9,1,0.9996040087596886,-0.012057857405382788
0.62,b9,2,0.9996040087596969,-120.01205785741651
0.62,b9,3,0.9996040087596815,119.9879421232403
0.62,b10,1,0.9996036572507427,-0.011835642178556038
0.62,b10,2,0.9996036572507513,-120.0118356421897
0.62,b10,3,0.9996036572507361,119.98816433846712
0.62,b11,1,0.9995898500309538,-0.012502547713885339
0.62,b11,2,0.9995898500309612,-120.01250254772496
0.62,b11,3,0.9995898500309451,119.98749743293183
0.62,b12,1,0.9995820991078727,-0.012579342807646587
0.62,b12,2,0.9995820991078802,-120.01257934281867
0.62,b12,3,0.9995820991078633,119.98742063783807
0.64,source,1,0.9997968166735905,-0.01188999208246638
0.64,source,2,0.999796816673592,-120.01188999209455
0.64,source,3,0.9997968166735959,119.98810998856244
0.64,b1,1,0.9996763654531733,-0.011816178696501655
0.64,b1,2,0.99967636545318,-120.011816178708
0.64,b1,3,0.9996763654531715,119.98818380194889
0.64,b2,1,0.9996386023958131,-0.011245101122437238
0.64,b2,2,0.9996386023958234,-120.0112451011338
0.64,b2,3,0.9996386023958107,119.98875487952314
0.64,b3,1,0.9996376183367196,-0.010690089535858389
0.64,b3,2,0.9996376183367307,-120.01069008954724
0.64,b3,3,0.9996376183367183,119.98930989110973
0.64,b4,1,0.9996478200914372,-0.010094736835008186
0.64,b4,2,0.999647820091449,-120.01009473684644
0.64,b4,3,0.9996478200914373,119.98990524381055
0.64,b5,1,0.9996176756459064,-0.011106723248144032
0.64,b5,2,0.9996176756459186,-120.01110672325939
0.64,b5,3,0.9996176756459038,119.98889325739755
0.64,b6,1,0.9996150756179834,-0.011021372656225378
0.64,b6,2,0.9996150756179957,-120.01102137266749
0.64,b6,3,0.9996150756179809,119.98897860798948
0.64,b7,1,0.9996174309883585,-0.010885164821469227
0.64,b7,2,0.9996174309883712,-120.01088516483274
0.64,b7,3,0.9996174309883562,119.98911481582425
0.64,b8,1,0.9996151095072959,-0.012192308961660518
0.64,b8,2,0.9996151095073037,-120.01219230897284
0.64,b8,3,0.9996151095072895,119.98780767168397
0.64,b9,1,0.9996040087596886,-0.012057857405382788
0.64,b9,2,0.9996040087596969,-120.01205785741651
0.64,b9,3,0.9996040087596815,119.9879421232403
0.64,b10,1,0.9996036572507427,-0.011835642178556038
0.64,b10,2,0.9996036572507513,-120.0118356421897
0.64,b10,3,0.9996036572507361,119.98816433846712
0.64,b11,1,0.9995898500309538,-0.012502547713885339
0.64,b11,2,0.9995898500309612,-120.01250254772496
0.64,b11,3,0.9995898500309451,119.98749743293183
0.64,b12,1,0.9995820991078727,-0.012579342807646587
0.64,b12,2,0.9995820991078802,-120.01257934281867
0.64,b12,3,0.9995820991078633,119.98742063783807
0.66,source,1,0.9997968166735905,-0.01188999208246638
0.66,source,2,0.999796816673592,-120.01188999209455
0.66,source,3,0.9997968166735959,119.98810998856244
0.66,b1,1,0.9996763654531733,-0.011816178696501655
0.66,b1,2,0.99967636545318,-120.011816178708
0.66,b1,3,0.9996763654531715,119.98818380194889
0.66,b2,1,0.9996386023958131,-0.011245101122437238
0.66,b2,2,0.9996386023958234,-120.0112451011338
0.66,b2,3,0.9996386023958107,119.98875487952314
0.66,b3,1,0.9996376183367196,-0.010690089535858389
0.66,b3,2,0.9996376183367307,-120.01069008954724
0.66,b3,3,0.9996376183367183,119.98930989110973
0.66,b4,1,0.9996478200914372,-0.010094736835008186
0.66,b4,2,0.999647820091449,-120.01009473684644
0.66,b4,3,0.9996478200914373,119.98990524381055
0.66,b5,1,0.9996176756459064,-0.011106723248144032
0.66,b5,2,0.9996176756459186,-120.01110672325939
0.66,b5,3,0.9996176756459038,119.98889325739755
0.66,b6,1,0.9996150756179834,-0.011021372656225378
0.66,b6,2,0.9996150756179957,-120.01102137266749
0.66,b6,3,0.9996150756179809,119.98897860798948
0.66,b7,1,0.9996174309883585,-0.010885164821469227
0.66,b7,2,0.9996174309883712,-120.01088516483274
0.66,b7,3,0.9996174309883562,119.98911481582425
0.66,b8,1,0.9996151095072959,-0.012192308961660518
0.66,b8,2,0.9996151095073037,-120.01219230897284
0.66,b8,3,0.9996151095072895,119.98780767168397
0.66,b9,1,0.9996040087596886,-0.012057857405382788
0.66,b9,2,0.9996040087596969,-120.01205785741651
0.66,b9,3,0.9996040087596815,119.9879421232403
0.66,b10,1,0.9996036572507427,-0.011835642178556038
0.66,b10,2,0.9996036572507513,-120.0118356421897
0.66,b10,3,0.9996036572507361,119.98816433846712
0.66,b11,1,0.9995898500309538,-0.012502547713885339
0.66,b11,2,0.9995898500309612,-120.01250254772496
0.66,b11,3,0.9995898500309451,119.98749743293183
0.66,b12,1,0.9995820991078727,-0.012579342807646587
0.66,b12,2,0.9995820991078802,-120.01257934281867
0.66,b12,3,0.9995820991078633,119.98742063783807
0.68,source,1,0.9997968166735905,-0.01188999208246638
0.68,source,2,0.999796816673592,-120.01188999209455
0.68,source,3,0.9997968166735959,119.98810998856244
0.68,b1,1,0.9996763654531733,-0.011816178696501655
0.68,b1,2,0.99967636545318,-120.011816178708
0.68,b1,3,0.9996763654531715,119.98818380194889
0.68,b2,1,0.9996386023958131,-0.011245101122437238
0.68,b2,2,0.9996386023958234,-120.0112451011338
0.68,b2,3,0.9996386023958107,119.98875487952314
0.68,b3,1,0.9996376183367196,-0.010690089535858389
0.68,b3,2,0.9996376183367307,-120.01069008954724
0.68,b3,3,0.9996376183367183,119.98930989110973
0.68,b4,1,0.9996478200914372,-0.010094736835008186
0.68,b4,2,0.999647820091449,-120.01009473684644
0.68,b4,3,0.9996478200914373,119.98990524381055
0.68,b5,1,0.9996176756459064,-0.011106723248144032
0.68,b5,2,0.9996176756459186,-120.01110672325939
0.68,b5,3,0.9996176756459038,119.98889325739755
0.68,b6,1,0.9996150756179834,-0.011021372656225378
0.68,b6,2,0.9996150756179957,-120.01102137266749
0.68,b6,3,0.9996150756179809,119.98897860798948
0.68,b7,1,0.9996174309883585,-0.010885164821469227
0.68,b7,2,0.9996174309883712,-120.01088516483274
0.68,b7,3,0.9996174309883562,119.98911481582425
0.68,b8,1,0.9996151095072959,-0.012192308961660518
0.68,b8,2,0.9996151095073037,-120.01219230897284
0.68,b8,3,0.9996151095072895,119.98780767168397
0.68,b9,1,0.9996040087596886,-0.012057857405382788
0.68,b9,2,0.9996040087596969,-120.01205785741651
0.68,b9,3,0.9996040087596815,119.9879421232403
0.68,b10,1,0.9996036572507427,-0.011835642178556038
0.68,b10,2,0.9996036572507513,-120.0118356421897
0.68,b10,3,0.9996036572507361,119.98816433846712
0.68,b11,1,0.9995898500309538,-0.012502547713885339
0.68,b11,2,0.9995898500309612,-120.01250254772496
0.68,b11,3,0.9995898500309451,119.98749743293183
0.68,b12,1,0.9995820991078727,-0.012579342807646587
0.68,b12,2,0.9995820991078802,-120.01257934281867
0.68,b12,3,0.9995820991078633,119.98742063783807
0.7000000000000001,source,1,0.9997968166735905,-0.01188999208246638
0.7000000000000001,source,2,0.999796816673592,-120.01188999209455
0.7000000000000001,source,3,0.9997968166735959,119.98810998856244
0.7000000000000001,b1,1,0.9996763654531733,-0.011816178696501655
0.7000000000000001,b1,2,0.99967636545318,-120.011816178708
0.7000000000000001,b1,3,0.9996763654531715,119.98818380194889
0.7000000000000001,b2,1,0.9996386023958131,-0.011245101122437238
0.7000000000000001,b2,2,0.9996386023958234,-120.0112451011338
0.7000000000000001,b2,3,0.9996386023958107,119.98875487952314
0.7000000000000001,b3,1,0.9996376183367196,-0.010690089535858389
0.7000000000000001,b3,2,0.9996376183367307,-120.01069008954724
0.7000000000000001,b3,3,0.9996376183367183,119.98930989110973
0.7000000000000001,b4,1,0.9996478200914372,-0.010094736835008186
0.7000000000000001,b4,2,0.999647820091449,-120.01009473684644
0.7000000000000001,b4,3,0.9996478200914373,119.98990524381055
0.7000000000000001,b5,1,0.9996176756459064,-0.011106723248144032
0.7000000000000001,b5,2,0.9996176756459186,-120.01110672325939
0.7000000000000001,b5,3,0.9996176756459038,119.98889325739755
0.7000000000000001,b6,1,0.9996150756179834,-0.011021372656225378
0.7000000000000001,b6,2,0.9996150756179957,-120.01102137266749
0.7000000000000001,b6,3,0.9996150756179809,119.98897860798948
0.7000000000000001,b7,1,0.9996174309883585,-0.010885164821469227
0.7000000000000001,b7,2,0.9996174309883712,-120.01088516483274
0.7000000000000001,b7,3,0.9996174309883562,119.98911481582425
0.7000000000000001,b8,1,0.9996151095072959,-0.012192308961660518
0.7000000000000001,b8,2,0.9996151095073037,-120.01219230897284
0.7000000000000001,b8,3,0.9996151095072895,119.98780767168397
0.7000000000000001,b9,1,0.9996040087596886,-0.012057857405382788
0.7000000000000001,b9,2,0.9996040087596969,-120.01205785741651
0.7000000000000001,b9,3,0.9996040087596815,119.9879421232403
0.7000000000000001,b10,1,0.9996036572507427,-0.011835642178556038
0.7000000000000001,b10,2,0.9996036572507513,-120.0118356421897
0.7000000000000001,b10,3,0.9996036572507361,119.98816433846712
0.7000000000000001,b11,1,0.9995898500309538,-0.012502547713885339
0.7000000000000001,b11,2,0.9995898500309612,-120.01250254772496
0.7000000000000001,b11,3,0.9995898500309451,119.98749743293183
0.7000000000000001,b12,1,0.9995820991078727,-0.012579342807646587
0.7000000000000001,b12,2,0.9995820991078802,-120.01257934281867
0.7000000000000001,b12,3,0.9995820991078633,119.98742063783807
0.72,source,1,0.9997968166735905,-0.01188999208246638
0.72,source,2,0.999796816673592,-120.01188999209455
0.72,source,3,0.9997968166735959,119.98810998856244
0.72,b1,1,0.9996763654531733,-0.011816178696501655
0.72,b1,2,0.99967636545318,-120.011816178708
0.72,b1,3,0.9996763654531715,119.98818380194889
0.72,b2,1,0.9996386023958131,-0.011245101122437238
0.72,b2,2,0.9996386023958234,-120.0112451011338
0.72,b2,3,0.9996386023958107,119.98875487952314
0.72,b3,1,0.9996376183367196,-0.010690089535858389
0.72,b3,2,0.9996376183367307,-120.01069008954724
0.72,b3,3,0.9996376183367183,119.98930989110973
0.72,b4,1,0.9996478200914372,-0.010094736835008186
0.72,b4,2,0.999647820091449,-120.01009473684644
0.72,b4,3,0.9996478200914373,119.98990524381055
0.72,b5,1,0.9996176756459064,-0.011106723248144032
0.72,b5,2,0.9996176756459186,-120.01110672325939
0.72,b5,3,0.9996176756459038,119.98889325739755
0.72,b6,1,0.9996150756179834,-0.011021372656225378
0.72,b6,2,0.9996150756179957,-120.01102137266749
0.72,b6,3,0.9996150756179809,119.98897860798948
0.72,b7,1,0.9996174309883585,-0.010885164821469227
0.72,b7,2,0.9996174309883712,-120.01088516483274
0.72,b7,3,0.9996174309883562,119.98911481582425
0.72,b8,1,0.9996151095072959,-0.012192308961660518
0.72,b8,2,0.9996151095073037,-120.01219230897284
0.72,b8,3,0.9996151095072895,119.98780767168397
0.72,b9,1,0.9996040087596886,-0.012057857405382788
0.72,b9,2,0.9996040087596969,-120.01205785741651
0.72,b9,3,0.9996040087596815,119.9879421232403
0.72,b10,1,0.9996036572507427,-0.011835642178556038
0.72,b10,2,0.9996036572507513,-120.0118356421897
0.72,b10,3,0.9996036572507361,119.98816433846712
0.72,b11,1,0.9995898500309538,-0.012502547713885339
0.72,b11,2,0.9995898500309612,-120.01250254772496
0.72,b11,3,0.9995898500309451,119.98749743293183
0.72,b12,1,0.9995820991078727,-0.012579342807646587
0.72,b12,2,0.9995820991078802,-120.01257934281867
0.72,b12,3,0.9995820991078633,119.98742063783807
0.74,source,1,0.9997968166735905,-0.01188999208246638
0.74,source,2,0.999796816673592,-120.01188999209455
0.74,source,3,0.9997968166735959,119.98810998856244
0.74,b1,1,0.9996763654531733,-0.011816178696501655
0.74,b1,2,0.99967636545318,-120.011816178708
0.74,b1,3,0.9996763654531715,119.98818380194889
0.74,b2,1,0.9996386023958131,-0.011245101122437238
0.74,b2,2,0.9996386023958234,-120.0112451011338
0.74,b2,3,0.9996386023958107,119.98875487952314
0.74,b3,1,0.9996376183367196,-0.010690089535858389
0.74,b3,2,0.9996376183367307,-120.01069008954724
0.74,b3,3,0.9996376183367183,119.98930989110973
0.74,b4,1,0.9996478200914372,-0.010094736835008186
0.74,b4,2,0.999647820091449,-120.01009473684644
0.74,b4,3,0.9996478200914373,119.98990524381055
0.74,b5,1,0.9996176756459064,-0.011106723248144032
0.74,b5,2,0.9996176756459186,-120.01110672325939
0.74,b5,3,0.9996176756459038,119.98889325739755
0.74,b6,1,0.9996150756179834,-0.011021372656225378
0.74,b6,2,0.9996150756179957,-120.01102137266749
0.74,b6,3,0.9996150756179809,119.98897860798948
0.74,b7,1,0.9996174309883585,-0.010885164821469227
0.74,b7,2,0.9996174309883712,-120.01088516483274
0.74,b7,3,0.9996174309883562,119.98911481582425
0.74,b8,1,0.9996151095072959,-0.012192308961660518
0.74,b8,2,0.9996151095073037,-120.01219230897284
0.74,b8,3,0.9996151095072895,119.98780767168397
0.74,b9,1,0.9996040087596886,-0.012057857405382788
0.74,b9,2,0.9996040087596969,-120.01205785741651
0.74,b9,3,0.9996040087596815,119.9879421232403
0.74,b10,1,0.9996036572507427,-0.011835642178556038
0.74,b10,2,0.9996036572507513,-120.0118356421897
0.74,b10,3,0.9996036572507361,119.98816433846712
0.74,b11,1,0.9995898500309538,-0.012502547713885339
0.74,b11,2,0.9995898500309612,-120.01250254772496
0.74,b11,3,0.9995898500309451,119.98749743293183
0.74,b12,1,0.9995820991078727,-0.012579342807646587
0.74,b12,2,0.9995820991078802,-120.01257934281867
0.74,b12,3,0.9995820991078633,119.98742063783807
0.76,source,1,0.9997968166735905,-0.01188999208246638
0.76,source,2,0.999796816673592,-120.01188999209455
0.76,source,3,0.9997968166735959,119.98810998856244
0.76,b1,1,0.9996763654531733,-0.011816178696501655
0.76,b1,2,0.99967636545318,-120.011816178708
0.76,b1,3,0.9996763654531715,119.98818380194889
0.76,b2,1,0.9996386023958131,-0.011245101122437238
0.76,b2,2,0.9996386023958234,-120.0112451011338
0.76,b2,3,0.9996386023958107,119.98875487952314
0.76,b3,1,0.9996376183367196,-0.010690089535858389
0.76,b3,2,0.9996376183367307,-120.01069008954724
0.76,b3,3,0.9996376183367183,119.98930989110973
0.76,b4,1,0.9996478200914372,-0.010094736835008186
0.76,b4,2,0.999647820091449,-120.01009473684644
0.76,b4,3,0.9996478200914373,119.98990524381055
0.76,b5,1,0.9996176756459064,-0.011106723248144032
0.76,b5,2,0.9996176756459186,-120.01110672325939
0.76,b5,3,0.9996176756459038,119.98889325739755
0.76,b6,1,0.9996150756179834,-0.011021372656225378
0.76,b6,2,0.9996150756179957,-120.01102137266749
0.76,b6,3,0.9996150756179809,119.98897860798948
0.76,b7,1,0.9996174309883585,-0.010885164821469227
0.76,b7,2,0.9996174309883712,-120.01088516483274
0.76,b7,3,0.9996174309883562,119.98911481582425
0.76,b8,1,0.9996151095072959,-0.012192308961660518
0.76,b8,2,0.9996151095073037,-120.01219230897284
0.76,b8,3,0.9996151095072895,119.98780767168397
0.76,b9,1,0.9996040087596886,-0.012057857405382788
0.76,b9,2,0.9996040087596969,-120.01205785741651
0.76,b9,3,0.9996040087596815,119.9879421232403
0.76,b10,1,0.9996036572507427,-0.011835642178556038
0.76,b10,2,0.9996036572507513,-120.0118356421897
0.76,b10,3,0.9996036572507361,119.98816433846712
0.76,b11,1,0.9995898500309538,-0.012502547713885339
0.76,b11,2,0.9995898500309612,-120.01250254772496
0.76,b11,3,0.9995898500309451,119.98749743293183
0.76,b12,1,0.9995820991078727,-0.012579342807646587
0.76,b12,2,0.9995820991078802,-120.01257934281867
0.76,b12,3,0.9995820991078633,119.98742063783807
0.78,source,1,0.9997968166735905,-0.01188999208246638
0.78,source,2,0.999796816673592,-120.01188999209455
0.78,source,3,0.9997968166735959,119.98810998856244
0.78,b1,1,0.9996763654531733,-0.011816178696501655
0.78,b1,2,0.99967636545318,-120.011816178708
0.78,b1,3,0.9996763654531715,119.98818380194889
0.78,b2,1,0.9996386023958131,-0.011245101122437238
0.78,b2,2,0.9996386023958234,-120.0112451011338
0.78,b2,3,0.9996386023958107,119.98875487952314
0.78,b3,1,0.9996376183367196,-0.010690089535858389
0.78,b3,2,0.9996376183367307,-120.01069008954724
0.78,b3,3,0.9996376183367183,119.98930989110973
0.78,b4,1,0.9996478200914372,-0.010094736835008186
0.78,b4,2,0.999647820091449,-120.01009473684644
0.78,b4,3,0.9996478200914373,119.98990524381055
0.78,b5,1,0.9996176756459064,-0.011106723248144032
0.78,b5,2,0.9996176756459186,-120.01110672325939
0.78,b5,3,0.9996176756459038,119.98889325739755
0.78,b6,1,0.9996150756179834,-0.011021372656225378
0.78,b6,2,0.9996150756179957,-120.01102137266749
0.78,b6,3,0.9996150756179809,119.98897860798948
0.78,b7,1,0.9996174309883585,-0.010885164821469227
0.78,b7,2,0.9996174309883712,-120.01088516483274
0.78,b7,3,0.9996174309883562,119.98911481582425
0.78,b8,1,0.9996151095072959,-0.012192308961660518
0.78,b8,2,0.9996151095073037,-120.01219230897284
0.78,b8,3,0.9996151095072895,119.98780767168397
0.78,b9,1,0.9996040087596886,-0.012057857405382788
0.78,b9,2,0.9996040087596969,-120.01205785741651
0.78,b9,3,0.9996040087596815,119.9879421232403
0.78,b10,1,0.9996036572507427,-0.011835642178556038
0.78,b10,2,0.9996036572507513,-120.0118356421897
0.78,b10,3,0.9996036572507361,119.98816433846712
0.78,b11,1,0.9995898500309538,-0.012502547713885339
0.78,b11,2,0.9995898500309612,-120.01250254772496
0.78,b11,3,0.9995898500309451,119.98749743293183
0.78,b12,1,0.9995820991078727,-0.012579342807646587
0.78,b12,2,0.9995820991078802,-120.01257934281867
0.78,b12,3,0.9995820991078633,119.98742063783807
0.8,source,1,0.9997968166735905,-0.01188999208246638
0.8,source,2,0.999796816673592,-120.01188999209455
0.8,source,3,0.9997968166735959,119.98810998856244
0.8,b1,1,0.9996763654531733,-0.011816178696501655
0.8,b1,2,0.99967636545318,-120.011816178708
0.8,b1,3,0.9996763654531715,119.98818380194889
0.8,b2,1,0.9996386023958131,-0.011245101122437238
0.8,b2,2,0.9996386023958234,-120.0112451011338
0.8,b2,3,0.9996386023958107,119.98875487952314
0.8,b3,1,0.9996376183367196,-0.010690089535858389
0.8,b3,2,0.9996376183367307,-120.01069008954724
0.8,b3,3,0.9996376183367183,119.98930989110973
0.8,b4,1,0.9996478200914372,-0.010094736835008186
0.8,b4,2,0.999647820091449,-120.01009473684644
0.8,b4,3,0.9996478200914373,119.98990524381055
0.8,b5,1,0.9996176756459064,-0.011106723248144032
0.8,b5,2,0.9996176756459186,-120.01110672325939
0.8,b5,3,0.9996176756459038,119.98889325739755
0.8,b6,1,0.9996150756179834,-0.011021372656225378
0.8,b6,2,0.9996150756179957,-120.01102137266749
0.8,b6,3,0.9996150756179809,119.98897860798948
0.8,b7,1,0.9996174309883585,-0.010885164821469227
0.8,b7,2,0.9996174309883712,-120.01088516483274
0.8,b7,3,0.9996174309883562,119.98911481582425
0.8,b8,1,0.9996151095072959,-0.012192308961660518
0.8,b8,2,0.9996151095073037,-120.01219230897284
0.8,b8,3,0.9996151095072895,119.98780767168397
0.8,b9,1,0.9996040087596886,-0.012057857405382788
0.8,b9,2,0.9996040087596969,-120.01205785741651
0.8,b9,3,0.9996040087596815,119.9879421232403
0.8,b10,1,0.9996036572507427,-0.011835642178556038
0.8,b10,2,0.9996036572507513,-120.0118356421897
0.8,b10,3,0.9996036572507361,119.98816433846712
0.8,b11,1,0.9995898500309538,-0.012502547713885339
0.8,b11,2,0.9995898500309612,-120.01250254772496
0.8,b11,3,0.9995898500309451,119.98749743293183
0.8,b12,1,0.9995820991078727,-0.012579342807646587
0.8,b12,2,0.9995820991078802,-120.01257934281867
0.8,b12,3,0.9995820991078633,119.98742063783807
0.8200000000000001,source,1,0.9997968166735905,-0.01188999208246638
0.8200000000000001,source,2,0.999796816673592,-120.01188999209455
0.8200000000000001,source,3,0.9997968166735959,119.98810998856244
0.8200000000000001,b1,1,0.9996763654531733,-0.011816178696501655
0.8200000000000001,b1,2,0.99967636545318,-120.011816178708
0.8200000000000001,b1,3,0.9996763654531715,119.98818380194889
0.8200000000000001,b2,1,0.9996386023958131,-0.011245101122437238
0.8200000000000001,b2,2,0.9996386023958234,-120.0112451011338
0.8200000000000001,b2,3,0.9996386023958107,119.98875487952314
0.8200000000000001,b3,1,0.9996376183367196,-0.010690089535858389
0.8200000000000001,b3,2,0.9996376183367307,-120.01069008954724
0.8200000000000001,b3,3,0.9996376183367183,119.98930989110973
0.8200000000000001,b4,1,0.9996478200914372,-0.010094736835008186
0.8200000000000001,b4,2,0.999647820091449,-120.01009473684644
0.8200000000000001,b4,3,0.9996478200914373,119.98990524381055
0.8200000000000001,b5,1,0.9996176756459064,-0.011106723248144032
0.8200000000000001,b5,2,0.9996176756459186,-120.01110672325939
0.8200000000000001,b5,3,0.9996176756459038,119.98889325739755
0.8200000000000001,b6,1,0.9996150756179834,-0.011021372656225378
0.8200000000000001,b6,2,0.9996150756179957,-120.01102137266749
0.8200000000000001,b6,3,0.9996150756179809,119.98897860798948
0.8200000000000001,b7,1,0.9996174309883585,-0.010885164821469227
0.8200000000000001,b7,2,0.9996174309883712,-120.01088516483274
0.8200000000000001,b7,3,0.9996174309883562,119.98911481582425
0.8200000000000001,b8,1,0.9996151095072959,-0.012192308961660518
0.8200000000000001,b8,2,0.9996151095073037,-120.01219230897284
0.8200000000000001,b8,3,0.9996151095072895,119.98780767168397
0.8200000000000001,b9,1,0.9996040087596886,-0.012057857405382788
0.8200000000000001,b9,2,0.9996040087596969,-120.01205785741651
0.8200000000000001,b9,3,0.9996040087596815,119.9879421232403
0.8200000000000001,b10,1,0.9996036572507427,-0.011835642178556038
0.8200000000000001,b10,2,0.9996036572507513,-120.0118356421897
0.8200000000000001,b10,3,0.9996036572507361,119.98816433846712
0.8200000000000001,b11,1,0.9995898500309538,-0.012502547713885339
0.8200000000000001,b11,2,0.9995898500309612,-120.01250254772496
0.8200000000000001,b11,3,0.9995898500309451,119.98749743293183
0.8200000000000001,b12,1,0.9995820991078727,-0.012579342807646587
0.8200000000000001,b12,2,0.9995820991078802,-120.01257934281867
0.8200000000000001,b12,3,0.9995820991078633,119.98742063783807
0.84,source,1,0.9997968166735905,-0.01188999208246638
0.84,source,2,0.999796816673592,-120.01188999209455
0.84,source,3,0.9997968166735959,119.98810998856244
0.84,b1,1,0.9996763654531733,-0.011816178696501655
0.84,b1,2,0.99967636545318,-120.011816178708
0.84,b1,3,0.9996763654531715,119.98818380194889
0.84,b2,1,0.9996386023958131,-0.011245101122437238
0.84,b2,2,0.9996386023958234,-120.0112451011338
0.84,b2,3,0.9996386023958107,119.98875487952314
0.84,b3,1,0.9996376183367196,-0.010690089535858389
0.84,b3,2,0.9996376183367307,-120.01069008954724
0.84,b3,3,0.9996376183367183,119.98930989110973
0.84,b4,1,0.9996478200914372,-0.010094736835008186
0.84,b4,2,0.999647820091449,-120.01009473684644
0.84,b4,3,0.9996478200914373,119.98990524381055
0.84,b5,1,0.9996176756459064,-0.011106723248144032
0.84,b5,2,0.9996176756459186,-120.01110672325939
0.84,b5,3,0.9996176756459038,119.98889325739755
0.84,b6,1,0.9996150756179834,-0.011021372656225378
0.84,b6,2,0.9996150756179957,-120.01102137266749
0.84,b6,3,0.9996150756179809,119.98897860798948
0.84,b7,1,0.9996174309883585,-0.010885164821469227
0.84,b7,2,0.9996174309883712,-120.01088516483274
0.84,b7,3,0.9996174309883562,119.98911481582425
0.84,b8,1,0.9996151095072959,-0.012192308961660518
0.84,b8,2,0.9996151095073037,-120.01219230897284
0.84,b8,3,0.9996151095072895,119.98780767168397
0.84,b9,1,0.9996040087596886,-0.012057857405382788
0.84,b9,2,0.9996040087596969,-120.01205785741651
0.84,b9,3,0.9996040087596815,119.9879421232403
0.84,b10,1,0.9996036572507427,-0.011835642178556038
0.84,b10,2,0.9996036572507513,-120.0118356421897
0.84,b10,3,0.9996036572507361,119.98816433846712
0.84,b11,1,0.9995898500309538,-0.012502547713885339
0.84,b11,2,0.9995898500309612,-120.01250254772496
0.84,b11,3,0.9995898500309451,119.98749743293183
0.84,b12,1,0.9995820991078727,-0.012579342807646587
0.84,b12,2,0.9995820991078802,-120.01257934281867
0.84,b12,3,0.9995820991078633,119.98742063783807
0.86,source,1,0.9997968166735905,-0.01188999208246638
0.86,source,2,0.999796816673592,-120.01188999209455
0.86,source,3,0.9997968166735959,119.98810998856244
0.86,b1,1,0.9996763654531733,-0.011816178696501655
0.86,b1,2,0.99967636545318,-120.011816178708
0.86,b1,3,0.9996763654531715,119.98818380194889
0.86,b2,1,0.9996386023958131,-0.011245101122437238
0.86,b2,2,0.9996386023958234,-120.0112451011338
0.86,b2,3,0.9996386023958107,119.98875487952314
0.86,b3,1,0.9996376183367196,-0.010690089535858389
0.86,b3,2,0.9996376183367307,-120.01069008954724
0.86,b3,3,0.9996376183367183,119.98930989110973
0.86,b4,1,0.9996478200914372,-0.010094736835008186
0.86,b4,2,0.999647820091449,-120.01009473684644
0.86,b4,3,0.9996478200914373,119.98990524381055
0.86,b5,1,0.9996176756459064,-0.011106723248144032
0.86,b5,2,0.9996176756459186,-120.01110672325939
0.86,b5,3,0.9996176756459038,119.98889325739755
0.86,b6,1,0.9996150756179834,-0.011021372656225378
0.86,b6,2,0.9996150756179957,-120.01102137266749
0.86,b6,3,0.9996150756179809,119.98897860798948
0.86,b7,1,0.9996174309883585,-0.010885164821469227
0.86,b7,2,0.9996174309883712,-120.01088516483274
0.86,b7,3,0.9996174309883562,119.98911481582425
0.86,b8,1,0.9996151095072959,-0.012192308961660518
0.86,b8,2,0.9996151095073037,-120.01219230897284
0.86,b8,3,0.9996151095072895,119.98780767168397
0.86,b9,1,0.9996040087596886,-0.012057857405382788
0.86,b9,2,0.9996040087596969,-120.01205785741651
0.86,b9,3,0.9996040087596815,119.9879421232403
0.86,b10,1,0.9996036572507427,-0.011835642178556038
0.86,b10,2,0.9996036572507513,-120.0118356421897
0.86,b10,3,0.9996036572507361,119.98816433846712
0.86,b11,1,0.9995898500309538,-0.012502547713885339
0.86,b11,2,0.9995898500309612,-120.01250254772496
0.86,b11,3,0.9995898500309451,119.98749743293183
0.86,b12,1,0.9995820991078727,-0.012579342807646587
0.86,b12,2,0.9995820991078802,-120.01257934281867
0.86,b12,3,0.9995820991078633,119.98742063783807
0.88,source,1,0.9997968166735905,-0.01188999208246638
0.88,source,2,0.999796816673592,-120.01188999209455
0.88,source,3,0.9997968166735959,119.98810998856244
0.88,b1,1,0.9996763654531733,-0.011816178696501655
0.88,b1,2,0.99967636545318,-120.011816178708
0.88,b1,3,0.9996763654531715,119.98818380194889
0.88,b2,1,0.9996386023958131,-0.011245101122437238
0.88,b2,2,0.9996386023958234,-120.0112451011338
0.88,b2,3,0.9996386023958107,119.98875487952314
0.88,b3,1,0.9996376183367196,-0.010690089535858389
0.88,b3,2,0.9996376183367307,-120.01069008954724
0.88,b3,3,0.9996376183367183,119.98930989110973
0.88,b4,1,0.9996478200914372,-0.010094736835008186
0.88,b4,2,0.999647820091449,-120.01009473684644
0.88,b4,3,0.9996478200914373,119.98990524381055
0.88,b5,1,0.9996176756459064,-0.011106723248144032
0.88,b5,2,0.9996176756459186,-120.01110672325939
0.88,b5,3,0.9996176756459038,119.98889325739755
0.88,b6,1,0.9996150756179834,-0.011021372656225378
0.88,b6,2,0.9996150756179957,-120.01102137266749
0.88,b6,3,0.9996150756179809,119.98897860798948
0.88,b7,1,0.9996174309883585,-0.010885164821469227
0.88,b7,2,0.9996174309883712,-120.01088516483274
0.88,b7,3,0.9996174309883562,119.98911481582425
0.88,b8,1,0.9996151095072959,-0.012192308961660518
0.88,b8,2,0.9996151095073037,-120.01219230897284
0.88,b8,3,0.9996151095072895,119.98780767168397
0.88,b9,1,0.9996040087596886,-0.012057857405382788
0.88,b9,2,0.9996040087596969,-120.01205785741651
0.88,b9,3,0.9996040087596815,119.9879421232403
0.88,b10,1,0.9996036572507427,-0.011835642178556038
0.88,b10,2,0.9996036572507513,-120.0118356421897
0.88,b10,3,0.9996036572507361,119.98816433846712
0.88,b11,1,0.9995898500309538,-0.012502547713885339
0.88,b11,2,0.9995898500309612,-120.01250254772496
0.88,b11,3,0.9995898500309451,119.98749743293183
0.88,b12,1,0.9995820991078727,-0.012579342807646587
0.88,b12,2,0.9995820991078802,-120.01257934281867
0.88,b12,3,0.9995820991078633,119.98742063783807
0.9,source,1,0.9997968166735905,-0.01188999208246638
0.9,source,2,0.999796816673592,-120.01188999209455
0.9,source,3,0.9997968166735959,119.98810998856244
0.9,b1,1,0.9996763654531733,-0.011816178696501655
0.9,b1,2,0.99967636545318,-120.011816178708
0.9,b1,3,0.9996763654531715,119.98818380194889
0.9,b2,1,0.9996386023958131,-0.011245101122437238
0.9,b2,2,0.9996386023958234,-120.0112451011338
0.9,b2,3,0.9996386023958107,119.98875487952314
0.9,b3,1,0.9996376183367196,-0.010690089535858389
0.9,b3,2,0.9996376183367307,-120.01069008954724
0.9,b3,3,0.9996376183367183,119.98930989110973
0.9,b4,1,0.9996478200914372,-0.010094736835008186
0.9,b4,2,0.999647820091449,-120.01009473684644
0.9,b4,3,0.9996478200914373,119.98990524381055
0.9,b5,1,0.9996176756459064,-0.011106723248144032
0.9,b5,2,0.9996176756459186,-120.01110672325939
0.9,b5,3,0.9996176756459038,119.98889325739755
0.9,b6,1,0.9996150756179834,-0.011021372656225378
0.9,b6,2,0.9996150756179957,-120.01102137266749
0.9,b6,3,0.9996150756179809,119.98897860798948
0.9,b7,1,0.9996174309883585,-0.010885164821469227
0.9,b7,2,0.9996174309883712,-120.01088516483274
0.9,b7,3,0.9996174309883562,119.98911481582425
0.9,b8,1,0.9996151095072959,-0.012192308961660518
0.9,b8,2,0.9996151095073037,-120.01219230897284
0.9,b8,3,0.9996151095072895,119.98780767168397
0.9,b9,1,0.9996040087596886,-0.012057857405382788
0.9,b9,2,0.9996040087596969,-120.01205785741651
0.9,b9,3,0.9996040087596815,119.9879421232403
0.9,b10,1,0.9996036572507427,-0.011835642178556038
0.9,b10,2,0.9996036572507513,-120.0118356421897
0.9,b10,3,0.9996036572507361,119.98816433846712
0.9,b11,1,0.9995898500309538,-0.012502547713885339
0.9,b11,2,0.9995898500309612,-120.01250254772496
0.9,b11,3,0.9995898500309451,119.98749743293183
0.9,b12,1,0.9995820991078727,-0.012579342807646587
0.9,b12,2,0.9995820991078802,-120.01257934281867
0.9,b12,3,0.9995820991078633,119.98742063783807
0.92,source,1,0.9997968166735905,-0.01188999208246638
0.92,source,2,0.999796816673592,-120.01188999209455
0.92,source,3,0.9997968166735959,119.98810998856244
0.92,b1,1,0.9996763654531733,-0.011816178696501655
0.92,b1,2,0.99967636545318,-120.011816178708
0.92,b1,3,0.9996763654531715,119.98818380194889
0.92,b2,1,0.9996386023958131,-0.011245101122437238
0.92,b2,2,0.9996386023958234,-120.0112451011338
0.92,b2,3,0.9996386023958107,119.98875487952314
0.92,b3,1,0.9996376183367196,-0.010690089535858389
0.92,b3,2,0.9996376183367307,-120.01069008954724
0.92,b3,3,0.9996376183367183,119.98930989110973
0.92,b4,1,0.9996478200914372,-0.010094736835008186
0.92,b4,2,0.999647820091449,-120.01009473684644
0.92,b4,3,0.9996478200914373,119.98990524381055
0.92,b5,1,0.9996176756459064,-0.011106723248144032
0.92,b5,2,0.9996176756459186,-120.01110672325939
0.92,b5,3,0.9996176756459038,119.98889325739755
0.92,b6,1,0.9996150756179834,-0.011021372656225378
0.92,b6,2,0.9996150756179957,-120.01102137266749
0.92,b6,3,0.9996150756179809,119.98897860798948
0.92,b7,1,0.9996174309883585,-0.010885164821469227
0.92,b7,2,0.9996174309883712,-120.01088516483274
0.92,b7,3,0.9996174309883562,119.98911481582425
0.92,b8,1,0.9996151095072959,-0.012192308961660518
0.92,b8,2,0.9996151095073037,-120.01219230897284
0.92,b8,3,0.9996151095072895,119.98780767168397
0.92,b9,1,0.9996040087596886,-0.012057857405382788
0.92,b9,2,0.9996040087596969,-120.01205785741651
0.92,b9,3,0.9996040087596815,119.9879421232403
0.92,b10,1,0.9996036572507427,-0.011835642178556038
0.92,b10,2,0.9996036572507513,-120.0118356421897
0.92,b10,3,0.9996036572507361,119.98816433846712
0.92,b11,1,0.9995898500309538,-0.012502547713885339
0.92,b11,2,0.9995898500309612,-120.01250254772496
0.92,b11,3,0.9995898500309451,119.98749743293183
0.92,b12,1,0.9995820991078727,-0.012579342807646587
0.92,b12,2,0.9995820991078802,-120.01257934281867
0.92,b12,3,0.9995820991078633,119.98742063783807
0.9400000000000001,source,1,0.9997968166735905,-0.01188999208246638
0.9400000000000001,source,2,0.999796816673592,-120.01188999209455
0.9400000000000001,source,3,0.9997968166735959,119.98810998856244
0.9400000000000001,b1,1,0.9996763654531733,-0.011816178696501655
0.9400000000000001,b1,2,0.99967636545318,-120.011816178708
0.9400000000000001,b1,3,0.9996763654531715,119.98818380194889
0.9400000000000001,b2,1,0.9996386023958131,-0.011245101122437238
0.9400000000000001,b2,2,0.9996386023958234,-120.0112451011338
0.9400000000000001,b2,3,0.9996386023958107,119.98875487952314
0.9400000000000001,b3,1,0.9996376183367196,-0.010690089535858389
0.9400000000000001,b3,2,0.9996376183367307,-120.01069008954724
0.9400000000000001,b3,3,0.9996376183367183,119.98930989110973
0.9400000000000001,b4,1,0.9996478200914372,-0.010094736835008186
0.9400000000000001,b4,2,0.999647820091449,-120.01009473684644
0.9400000000000001,b4,3,0.9996478200914373,119.98990524381055
0.9400000000000001,b5,1,0.9996176756459064,-0.011106723248144032
0.9400000000000001,b5,2,0.9996176756459186,-120.01110672325939
0.9400000000000001,b5,3,0.9996176756459038,119.98889325739755
0.9400000000000001,b6,1,0.9996150756179834,-0.011021372656225378
0.9400000000000001,b6,2,0.9996150756179957,-120.01102137266749
0.9400000000000001,b6,3,0.9996150756179809,119.98897860798948
0.9400000000000001,b7,1,0.9996174309883585,-0.010885164821469227
0.9400000000000001,b7,2,0.9996174309883712,-120.01088516483274
0.9400000000000001,b7,3,0.9996174309883562,119.98911481582425
0.9400000000000001,b8,1,0.9996151095072959,-0.012192308961660518
0.9400000000000001,b8,2,0.9996151095073037,-120.01219230897284
0.9400000000000001,b8,3,0.9996151095072895,119.98780767168397
0.9400000000000001,b9,1,0.9996040087596886,-0.012057857405382788
0.9400000000000001,b9,2,0.9996040087596969,-120.01205785741651
0.9400000000000001,b9,3,0.9996040087596815,119.9879421232403
0.9400000000000001,b10,1,0.9996036572507427,-0.011835642178556038
0.9400000000000001,b10,2,0.9996036572507513,-120.0118356421897
0.9400000000000001,b10,3,0.9996036572507361,119.98816433846712
0.9400000000000001,b11,1,0.9995898500309538,-0.012502547713885339
0.9400000000000001,b11,2,0.9995898500309612,-120.01250254772496
0.9400000000000001,b11,3,0.9995898500309451,119.98749743293183
0.9400000000000001,b12,1,0.9995820991078727,-0.012579342807646587
0.9400000000000001,b12,2,0.9995820991078802,-120.01257934281867
0.9400000000000001,b12,3,0.9995820991078633,119.98742063783807
0.96,source,1,0.9997968166735905,-0.01188999208246638
0.96,source,2,0.999796816673592,-120.01188999209455
0.96,source,3,0.9997968166735959,119.98810998856244
0.96,b1,1,0.9996763654531733,-0.011816178696501655
0.96,b1,2,0.99967636545318,-120.011816178708
0.96,b1,3,0.9996763654531715,119.98818380194889
0.96,b2,1,0.9996386023958131,-0.011245101122437238
0.96,b2,2,0.9996386023958234,-120.0112451011338
0.96,b2,3,0.9996386023958107,119.98875487952314
0.96,b3,1,0.9996376183367196,-0.010690089535858389
0.96,b3,2,0.9996376183367307,-120.01069008954724
0.96,b3,3,0.9996376183367183,119.98930989110973
0.96,b4,1,0.9996478200914372,-0.010094736835008186
0.96,b4,2,0.999647820091449,-120.01009473684644
0.96,b4,3,0.9996478200914373,119.98990524381055
0.96,b5,1,0.9996176756459064,-0.011106723248144032
0.96,b5,2,0.9996176756459186,-120.01110672325939
0.96,b5,3,0.9996176756459038,119.98889325739755
0.96,b6,1,0.9996150756179834,-0.011021372656225378
0.96,b6,2,0.9996150756179957,-120.01102137266749
0.96,b6,3,0.9996150756179809,119.98897860798948
0.96,b7,1,0.9996174309883585,-0.010885164821469227
0.96,b7,2,0.9996174309883712,-120.01088516483274
0.96,b7,3,0.9996174309883562,119.98911481582425
0.96,b8,1,0.9996151095072959,-0.012192308961660518
0.96,b8,2,0.9996151095073037,-120.01219230897284
0.96,b8,3,0.9996151095072895,119.98780767168397
0.96,b9,1,0.9996040087596886,-0.012057857405382788
0.96,b9,2,0.9996040087596969,-120.01205785741651
0.96,b9,3,0.9996040087596815,119.9879421232403
0.96,b10,1,0.9996036572507427,-0.011835642178556038
0.96,b10,2,0.9996036572507513,-120.0118356421897
0.96,b10,3,0.9996036572507361,119.98816433846712
0.96,b11,1,0.9995898500309538,-0.012502547713885339
0.96,b11,2,0.9995898500309612,-120.01250254772496
0.96,b11,3,0.9995898500309451,119.98749743293183
0.96,b12,1,0.9995820991078727,-0.012579342807646587
0.96,b12,2,0.9995820991078802,-120.01257934281867
0.96,b12,3,0.9995820991078633,119.98742063783807
0.98,source,1,0.9997968166735905,-0.01188999208246638
0.98,source,2,0.999796816673592,-120.01188999209455
0.98,source,3,0.9997968166735959,119.98810998856244
0.98,b1,1,0.9996763654531733,-0.011816178696501655
0.98,b1,2,0.99967636545318,-120.011816178708
0.98,b1,3,0.9996763654531715,119.98818380194889
0.98,b2,1,0.9996386023958131,-0.011245101122437238
0.98,b2,2,0.9996386023958234,-120.0112451011338
0.98,b2,3,0.9996386023958107,119.98875487952314
0.98,b3,1,0.9996376183367196,-0.010690089535858389
0.98,b3,2,0.9996376183367307,-120.01069008954724
0.98,b3,3,0.9996376183367183,119.98930989110973
0.98,b4,1,0.9996478200914372,-0.010094736835008186
0.98,b4,2,0.999647820091449,-120.01009473684644
0.98,b4,3,0.9996478200914373,119.98990524381055
0.98,b5,1,0.9996176756459064,-0.011106723248144032
0.98,b5,2,0.9996176756459186,-120.01110672325939
0.98,b5,3,0.9996176756459038,119.98889325739755
0.98,b6,1,0.9996150756179834,-0.011021372656225378
0.98,b6,2,0.9996150756179957,-120.01102137266749
0.98,b6,3,0.9996150756179809,119.98897860798948
0.98,b7,1,0.9996174309883585,-0.010885164821469227
0.98,b7,2,0.9996174309883712,-120.01088516483274
0.98,b7,3,0.9996174309883562,119.98911481582425
0.98,b8,1,0.9996151095072959,-0.012192308961660518
0.98,b8,2,0.9996151095073037,-120.01219230897284
0.98,b8,3,0.9996151095072895,119.98780767168397
0.98,b9,1,0.9996040087596886,-0.012057857405382788
0.98,b9,2,0.9996040087596969,-120.01205785741651
0.98,b9,3,0.9996040087596815,119.9879421232403
0.98,b10,1,0.9996036572507427,-0.011835642178556038
0.98,b10,2,0.9996036572507513,-120.0118356421897
0.98,b10,3,0.9996036572507361,119.98816433846712
0.98,b11,1,0.9995898500309538,-0.012502547713885339
0.98,b11,2,0.9995898500309612,-120.01250254772496
0.98,b11,3,0.9995898500309451,119.98749743293183
0.98,b12,1,0.9995820991078727,-0.012579342807646587
0.98,b12,2,0.9995820991078802,-120.01257934281867
0.98,b12,3,0.9995820991078633,119.98742063783807
1.0,source,1,0.9997950483644314,-0.012040208437088522
1.0,source,2,0.9997950483644333,-120.01204020844919
1.0,source,3,0.9997950483644369,119.98795977220777
1.0,b1,1,0.9996733046968748,-0.011979177723451676
1.0,b1,2,0.9996733046968822,-120.011979177735
1.0,b1,3,0.9996733046968735,119.9880208029219
1.0,b2,1,0.9996355415239964,-0.01140809664713791
1.0,b2,2,0.9996355415240072,-120.01140809665853
1.0,b2,3,0.9996355415239938,119.9885918839984
1.0,b3,1,0.9996345574618729,-0.010853081662559093
1.0,b3,2,0.9996345574618846,-120.01085308167394
1.0,b3,3,0.9996345574618712,119.98914689898301
1.0,b4,1,0.9996447592477641,-0.010257725318525103
1.0,b4,2,0.9996447592477763,-120.01025772532998
1.0,b4,3,0.9996447592477636,119.98974225532702
1.0,b5,1,0.9996146147100854,-0.011269717923426594
1.0,b5,2,0.9996146147100977,-120.01126971793471
1.0,b5,3,0.9996146147100821,119.9887302627222
1.0,b6,1,0.9996120146742039,-0.011184366809566856
1.0,b6,2,0.9996120146742163,-120.01118436682087
1.0,b6,3,0.9996120146742002,119.98881561383608
1.0,b7,1,0.9996143700517827,-0.011048158140492398
1.0,b7,2,0.9996143700517953,-120.01104815815178
1.0,b7,3,0.9996143700517794,119.98895182250517
1.0,b8,1,0.9996108210900376,-0.012367456879054514
1.0,b8,2,0.9996108210900457,-120.01236745689026
1.0,b8,3,0.9996108210900313,119.98763252376651
1.0,b9,1,0.9995997202948587,-0.012233004167919422
1.0,b9,2,0.9995997202948678,-120.01223300417908
1.0,b9,3,0.9995997202948522,119.98776697647772
1.0,b10,1,0.9995993687844008,-0.012010787035264845
1.0,b10,2,0.9995993687844102,-120.01201078704642
1.0,b10,3,0.9995993687843945,119.98798919361036
1.0,b11,1,0.9995845925087178,-0.012687288496648484
1.0,b11,2,0.9995845925087261,-120.01268728850773
1.0,b11,3,0.9995845925087091,119.987312692149
1.0,b12,1,0.9995760663680267,-0.012771756649643223
1.0,b12,2,0.9995760663680348,-120.01277175666067
1.0,b12,3,0.9995760663680174,119.98722822399604
1.02,source,1,0.9997950483631269,-0.012040208511522228
1.02,source,2,0.9997950483631288,-120.01204020852364
1.02,source,3,0.9997950483631322,119.98795977213335
1.02,b1,1,0.999673304694807,-0.01197917779687318
1.02,b1,2,0.9996733046948144,-120.01197917780841
1.02,b1,3,0.9996733046948054,119.98802080284848
1.02,b2,1,0.9996355415217171,-0.011408096716278652
1.02,b2,2,0.9996355415217281,-120.01140809672764
1.02,b2,3,0.9996355415217146,119.98859188392929
1.02,b3,1,0.9996345574595867,-0.010853081728600403
1.02,b3,2,0.9996345574595986,-120.01085308174
1.02,b3,3,0.9996345574595851,119.989146898917
1.02,b4,1,0.999644759245535,-0.01025772538123349
1.02,b4,2,0.9996447592455475,-120.01025772539268
1.02,b4,3,0.9996447592455346,119.98974225526435
1.02,b5,1,0.9996146147076922,-0.011269717990740776
1.02,b5,2,0.999614614707705,-120.01126971800201
1.02,b5,3,0.9996146147076894,119.98873026265493
1.02,b6,1,0.9996120146718032,-0.011184366875659175
1.02,b6,2,0.9996120146718157,-120.01118436688695
1.02,b6,3,0.9996120146718004,119.98881561377006
1.02,b7,1,0.9996143700493879,-0.011048158206484015
1.02,b7,2,0.999614370049401,-120.01104815821775
1.02,b7,3,0.9996143700493856,119.98895182243922
1.02,b8,1,0.9996108210875375,-0.012367456955208744
1.02,b8,2,0.9996108210875457,-120.01236745696642
1.02,b8,3,0.999610821087531,119.98763252369038
1.02,b9,1,0.9995997202922843,-0.012233004243191419
1.02,b9,2,0.9995997202922935,-120.01223300425431
1.02,b9,3,0.9995997202922775,119.98776697640245
1.02,b10,1,0.9995993687818238,-0.012010787109037297
1.02,b10,2,0.9995993687818335,-120.01201078712016
1.02,b10,3,0.9995993687818177,119.9879891935366
1.02,b11,1,0.9995845925060295,-0.012687288575097629
1.02,b11,2,0.9995845925060375,-120.01268728858618
1.02,b11,3,0.9995845925060206,119.98731269207056
1.02,b12,1,0.9995760663652761,-0.012771756728710745
1.02,b12,2,0.9995760663652842,-120.01277175673975
1.02,b12,3,0.9995760663652664,119.98722822391699
1.04,source,1,0.9997950483631269,-0.012040208511522228
1.04,source,2,0.9997950483631288,-120.01204020852364
1.04,source,3,0.9997950483631322,119.98795977213335
1.04,b1,1,0.999673304694807,-0.01197917779687318
1.04,b1,2,0.9996733046948144,-120.01197917780841
1.04,b1,3,0.9996733046948054,119.98802080284848
1.04,b2,1,0.9996355415217171,-0.011408096716278652
1.04,b2,2,0.9996355415217281,-120.01140809672764
1.04,b2,3,0.9996355415217146,119.98859188392929
1.04,b3,1,0.9996345574595867,-0.010853081728600403
1.04,b3,2,0.9996345574595986,-120.01085308174
1.04,b3,3,0.9996345574595851,119.989146898917
1.04,b4,1,0.999644759245535,-0.01025772538123349
1.04,b4,2,0.9996447592455475,-120.01025772539268
1.04,b4,3,0.9996447592455346,119.98974225526435
1.04,b5,1,0.9996146147076922,-0.011269717990740776
1.04,b5,2,0.999614614707705,-120.01126971800201
1.04,b5,3,0.9996146147076894,119.98873026265493
1.04,b6,1,0.9996120146718032,-0.011184366875659175
1.04,b6,2,0.9996120146718157,-120.01118436688695
1.04,b6,3,0.9996120146718004,119.98881561377006
1.04,b7,1,0.9996143700493879,-0.011048158206484015
1.04,b7,2,0.999614370049401,-120.01104815821775
1.04,b7,3,0.9996143700493856,119.98895182243922
1.04,b8,1,0.9996108210875375,-0.012367456955208744
1.04,b8,2,0.9996108210875457,-120.01236745696642
1.04,b8,3,0.999610821087531,119.98763252369038
1.04,b9,1,0.9995997202922843,-0.012233004243191419
1.04,b9,2,0.9995997202922935,-120.01223300425431
1.04,b9,3,0.9995997202922775,119.98776697640245
1.04,b10,1,0.9995993687818238,-0.012010787109037297
1.04,b10,2,0.9995993687818335,-120.01201078712016
1.04,b10,3,0.9995993687818177,119.9879891935366
1.04,b11,1,0.9995845925060295,-0.012687288575097629
1.04,b11,2,0.9995845925060375,-120.01268728858618
1.04,b11,3,0.9995845925060206,119.98731269207056
1.04,b12,1,0.9995760663652761,-0.012771756728710745
1.04,b12,2,0.9995760663652842,-120.01277175673975
1.04,b12,3,0.9995760663652664,119.98722822391699
1.06,source,1,0.9997950483631269,-0.012040208511522228
1.06,source,2,0.9997950483631288,-120.01204020852364
1.06,source,3,0.9997950483631322,119.98795977213335
1.06,b1,1,0.999673304694807,-0.01197917779687318
1.06,b1,2,0.9996733046948144,-120.01197917780841
1.06,b1,3,0.9996733046948054,119.98802080284848
1.06,b2,1,0.9996355415217171,-0.011408096716278652
1.06,b2,2,0.9996355415217281,-120.01140809672764
1.06,b2,3,0.9996355415217146,119.98859188392929
1.06,b3,1,0.9996345574595867,-0.010853081728600403
1.06,b3,2,0.9996345574595986,-120.01085308174
1.06,b3,3,0.9996345574595851,119.989146898917
1.06,b4,1,0.999644759245535,-0.01025772538123349
1.06,b4,2,0.9996447592455475,-120.01025772539268
1.06,b4,3,0.9996447592455346,119.98974225526435
1.06,b5,1,0.9996146147076922,-0.011269717990740776
1.06,b5,2,0.999614614707705,-120.01126971800201
1.06,b5,3,0.9996146147076894,119.98873026265493
1.06,b6,1,0.9996120146718032,-0.011184366875659175
1.06,b6,2,0.9996120146718157,-120.01118436688695
1.06,b6,3,0.9996120146718004,119.98881561377006
1.06,b7,1,0.9996143700493879,-0.011048158206484015
1.06,b7,2,0.999614370049401,-120.01104815821775
1.06,b7,3,0.9996143700493856,119.98895182243922
1.06,b8,1,0.9996108210875375,-0.012367456955208744
1.06,b8,2,0.9996108210875457,-120.01236745696642
1.06,b8,3,0.999610821087531,119.98763252369038
1.06,b9,1,0.9995997202922843,-0.012233004243191419
1.06,b9,2,0.9995997202922935,-120.01223300425431
1.06,b9,3,0.9995997202922775,119.98776697640245
1.06,b10,1,0.9995993687818238,-0.012010787109037297
1.06,b10,2,0.9995993687818335,-120.01201078712016
1.06,b10,3,0.9995993687818177,119.9879891935366
1.06,b11,1,0.9995845925060295,-0.012687288575097629
1.06,b11,2,0.9995845925060375,-120.01268728858618
1.06,b11,3,0.9995845925060206,119.98731269207056
1.06,b12,1,0.9995760663652761,-0.012771756728710745
1.06,b12,2,0.9995760663652842,-120.01277175673975
1.06,b12,3,0.9995760663652664,119.98722822391699
1.08,source,1,0.9997950483631269,-0.012040208511522228
1.08,source,2,0.9997950483631288,-120.01204020852364
1.08,source,3,0.9997950483631322,119.98795977213335
1.08,b1,1,0.999673304694807,-0.01197917779687318
1.08,b1,2,0.9996733046948144,-120.01197917780841
1.08,b1,3,0.9996733046948054,119.98802080284848
1.08,b2,1,0.9996355415217171,-0.011408096716278652
1.08,b2,2,0.9996355415217281,-120.01140809672764
1.08,b2,3,0.9996355415217146,119.98859188392929
1.08,b3,1,0.9996345574595867,-0.010853081728600403
1.08,b3,2,0.9996345574595986,-120.01085308174
1.08,b3,3,0.9996345574595851,119.989146898917
1.08,b4,1,0.999644759245535,-0.01025772538123349
1.08,b4,2,0.9996447592455475,-120.01025772539268
1.08,b4,3,0.9996447592455346,119.98974225526435
1.08,b5,1,0.9996146147076922,-0.011269717990740776
1.08,b5,2,0.999614614707705,-120.01126971800201
1.08,b5,3,0.9996146147076894,119.98873026265493
1.08,b6,1,0.9996120146718032,-0.011184366875659175
1.08,b6,2,0.9996120146718157,-120.01118436688695
1.08,b6,3,0.9996120146718004,119.98881561377006
1.08,b7,1,0.9996143700493879,-0.011048158206484015
1.08,b7,2,0.999614370049401,-120.01104815821775
1.08,b7,3,0.9996143700493856,119.98895182243922
1.08,b8,1,0.9996108210875375,-0.012367456955208744
1.08,b8,2,0.9996108210875457,-120.01236745696642
1.08,b8,3,0.999610821087531,119.98763252369038
1.08,b9,1,0.9995997202922843,-0.012233004243191419
1.08,b9,2,0.9995997202922935,-120.01223300425431
1.08,b9,3,0.9995997202922775,119.98776697640245
1.08,b10,1,0.9995993687818238,-0.012010787109037297
1.08,b10,2,0.9995993687818335,-120.01201078712016
1.08,b10,3,0.9995993687818177,119.9879891935366
1.08,b11,1,0.9995845925060295,-0.012687288575097629
1.08,b11,2,0.9995845925060375,-120.01268728858618
1.08,b11,3,0.9995845925060206,119.98731269207056
1.08,b12,1,0.9995760663652761,-0.012771756728710745
1.08,b12,2,0.9995760663652842,-120.01277175673975
1.08,b12,3,0.9995760663652664,119.98722822391699
1.1,source,1,0.9997950483631269,-0.012040208511522228
1.1,source,2,0.9997950483631288,-120.01204020852364
1.1,source,3,0.9997950483631322,119.98795977213335
1.1,b1,1,0.999673304694807,-0.01197917779687318
1.1,b1,2,0.9996733046948144,-120.01197917780841
1.1,b1,3,0.9996733046948054,119.98802080284848
1.1,b2,1,0.9996355415217171,-0.011408096716278652
1.1,b2,2,0.9996355415217281,-120.01140809672764
1.1,b2,3,0.9996355415217146,119.98859188392929
1.1,b3,1,0.9996345574595867,-0.010853081728600403
1.1,b3,2,0.9996345574595986,-120.01085308174
1.1,b3,3,0.9996345574595851,119.989146898917
1.1,b4,1,0.999644759245535,-0.01025772538123349
1.1,b4,2,0.9996447592455475,-120.01025772539268
1.1,b4,3,0.9996447592455346,119.98974225526435
1.1,b5,1,0.9996146147076922,-0.011269717990740776
1.1,b5,2,0.999614614707705,-120.01126971800201
1.1,b5,3,0.9996146147076894,119.98873026265493
1.1,b6,1,0.9996120146718032,-0.011184366875659175
1.1,b6,2,0.9996120146718157,-120.01118436688695
1.1,b6,3,0.9996120146718004,119.98881561377006
1.1,b7,1,0.9996143700493879,-0.011048158206484015
1.1,b7,2,0.999614370049401,-120.01104815821775
1.1,b7,3,0.9996143700493856,119.98895182243922
1.1,b8,1,0.9996108210875375,-0.012367456955208744
1.1,b8,2,0.9996108210875457,-120.01236745696642
1.1,b8,3,0.999610821087531,119.98763252369038
1.1,b9,1,0.9995997202922843,-0.012233004243191419
1.1,b9,2,0.9995997202922935,-120.01223300425431
1.1,b9,3,0.9995997202922775,119.98776697640245
1.1,b10,1,0.9995993687818238,-0.012010787109037297
1.1,b10,2,0.9995993687818335,-120.01201078712016
1.1,b10,3,0.9995993687818177,119.9879891935366
1.1,b11,1,0.9995845925060295,-0.012687288575097629
1.1,b11,2,0.9995845925060375,-120.01268728858618
1.1,b11,3,0.9995845925060206,119.98731269207056
1.1,b12,1,0.9995760663652761,-0.012771756728710745
1.1,b12,2,0.9995760663652842,-120.01277175673975
1.1,b12,3,0.9995760663652664,119.98722822391699
1.12,source,1,0.9997950483631269,-0.012040208511522228
1.12,source,2,0.9997950483631288,-120.01204020852364
1.12,source,3,0.9997950483631322,119.98795977213335
1.12,b1,1,0.999673304694807,-0.01197917779687318
1.12,b1,2,0.9996733046948144,-120.01197917780841
1.12,b1,3,0.9996733046948054,119.98802080284848
1.12,b2,1,0.9996355415217171,-0.011408096716278652
1.12,b2,2,0.9996355415217281,-120.01140809672764
1.12,b2,3,0.9996355415217146,119.98859188392929
1.12,b3,1,0.9996345574595867,-0.010853081728600403
1.12,b3,2,0.9996345574595986,-120.01085308174
1.12,b3,3,0.9996345574595851,119.989146898917
1.12,b4,1,0.999644759245535,-0.01025772538123349
1.12,b4,2,0.9996447592455475,-120.01025772539268
1.12,b4,3,0.9996447592455346,119.98974225526435
1.12,b5,1,0.9996146147076922,-0.011269717990740776
1.12,b5,2,0.999614614707705,-120.01126971800201
1.12,b5,3,0.9996146147076894,119.98873026265493
1.12,b6,1,0.9996120146718032,-0.011184366875659175
1.12,b6,2,0.9996120146718157,-120.01118436688695
1.12,b6,3,0.9996120146718004,119.98881561377006
1.12,b7,1,0.9996143700493879,-0.011048158206484015
1.12,b7,2,0.999614370049401,-120.01104815821775
1.12,b7,3,0.9996143700493856,119.98895182243922
1.12,b8,1,0.9996108210875375,-0.012367456955208744
1.12,b8,2,0.9996108210875457,-120.01236745696642
1.12,b8,3,0.999610821087531,119.98763252369038
1.12,b9,1,0.9995997202922843,-0.012233004243191419
1.12,b9,2,0.9995997202922935,-120.01223300425431
1.12,b9,3,0.9995997202922775,119.98776697640245
1.12,b10,1,0.9995993687818238,-0.012010787109037297
1.12,b10,2,0.9995993687818335,-120.01201078712016
1.12,b10,3,0.9995993687818177,119.9879891935366
1.12,b11,1,0.9995845925060295,-0.012687288575097629
1.12,b11,2,0.9995845925060375,-120.01268728858618
1.12,b11,3,0.9995845925060206,119.98731269207056
1.12,b12,1,0.9995760663652761,-0.012771756728710745
1.12,b12,2,0.9995760663652842,-120.01277175673975
1.12,b12,3,0.9995760663652664,119.98722822391699
1.1400000000000001,source,1,0.9997950483631269,-0.012040208511522228
1.1400000000000001,source,2,0.9997950483631288,-120.01204020852364
1.1400000000000001,source,3,0.9997950483631322,119.98795977213335
1.1400000000000001,b1,1,0.999673304694807,-0.01197917779687318
1.1400000000000001,b1,2,0.9996733046948144,-120.01197917780841
1.1400000000000001,b1,3,0.9996733046948054,119.98802080284848
1.1400000000000001,b2,1,0.9996355415217171,-0.011408096716278652
1.1400000000000001,b2,2,0.9996355415217281,-120.01140809672764
1.1400000000000001,b2,3,0.9996355415217146,119.98859188392929
1.1400000000000001,b3,1,0.9996345574595867,-0.010853081728600403
1.1400000000000001,b3,2,0.9996345574595986,-120.01085308174
1.1400000000000001,b3,3,0.9996345574595851,119.989146898917
1.1400000000000001,b4,1,0.999644759245535,-0.01025772538123349
1.1400000000000001,b4,2,0.9996447592455475,-120.01025772539268
1.1400000000000001,b4,3,0.9996447592455346,119.98974225526435
1.1400000000000001,b5,1,0.9996146147076922,-0.011269717990740776
1.1400000000000001,b5,2,0.999614614707705,-120.01126971800201
1.1400000000000001,b5,3,0.9996146147076894,119.98873026265493
1.1400000000000001,b6,1,0.9996120146718032,-0.011184366875659175
1.1400000000000001,b6,2,0.9996120146718157,-120.01118436688695
1.1400000000000001,b6,3,0.9996120146718004,119.98881561377006
1.1400000000000001,b7,1,0.9996143700493879,-0.011048158206484015
1.1400000000000001,b7,2,0.999614370049401,-120.01104815821775
1.1400000000000001,b7,3,0.9996143700493856,119.98895182243922
1.1400000000000001,b8,1,0.9996108210875375,-0.012367456955208744
1.1400000000000001,b8,2,0.9996108210875457,-120.01236745696642
1.1400000000000001,b8,3,0.999610821087531,119.98763252369038
1.1400000000000001,b9,1,0.9995997202922843,-0.012233004243191419
1.1400000000000001,b9,2,0.9995997202922935,-120.01223300425431
1.1400000000000001,b9,3,0.9995997202922775,119.98776697640245
1.1400000000000001,b10,1,0.9995993687818238,-0.012010787109037297
1.1400000000000001,b10,2,0.9995993687818335,-120.01201078712016
1.1400000000000001,b10,3,0.9995993687818177,119.9879891935366
1.1400000000000001,b11,1,0.9995845925060295,-0.012687288575097629
1.1400000000000001,b11,2,0.9995845925060375,-120.01268728858618
1.1400000000000001,b11,3,0.9995845925060206,119.98731269207056
1.1400000000000001,b12,1,0.9995760663652761,-0.012771756728710745
1.1400000000000001,b12,2,0.9995760663652842,-120.01277175673975
1.1400000000000001,b12,3,0.9995760663652664,119.98722822391699
1.16,source,1,0.9997950483631269,-0.012040208511522228
1.16,source,2,0.9997950483631288,-120.01204020852364
1.16,source,3,0.9997950483631322,119.98795977213335
1.16,b1,1,0.999673304694807,-0.01197917779687318
1.16,b1,2,0.9996733046948144,-120.01197917780841
1.16,b1,3,0.9996733046948054,119.98802080284848
1.16,b2,1,0.9996355415217171,-0.011408096716278652
1.16,b2,2,0.9996355415217281,-120.01140809672764
1.16,b2,3,0.9996355415217146,119.98859188392929
1.16,b3,1,0.9996345574595867,-0.010853081728600403
1.16,b3,2,0.9996345574595986,-120.01085308174
1.16,b3,3,0.9996345574595851,119.989146898917
1.16,b4,1,0.999644759245535,-0.01025772538123349
1.16,b4,2,0.9996447592455475,-120.01025772539268
1.16,b4,3,0.9996447592455346,119.98974225526435
1.16,b5,1,0.9996146147076922,-0.011269717990740776
1.16,b5,2,0.999614614707705,-120.01126971800201
1.16,b5,3,0.9996146147076894,119.98873026265493
1.16,b6,1,0.9996120146718032,-0.011184366875659175
1.16,b6,2,0.9996120146718157,-120.01118436688695
1.16,b6,3,0.9996120146718004,119.98881561377006
1.16,b7,1,0.9996143700493879,-0.011048158206484015
1.16,b7,2,0.999614370049401,-120.01104815821775
1.16,b7,3,0.9996143700493856,119.98895182243922
1.16,b8,1,0.9996108210875375,-0.012367456955208744
1.16,b8,2,0.9996108210875457,-120.01236745696642
1.16,b8,3,0.999610821087531,119.98763252369038
1.16,b9,1,0.9995997202922843,-0.012233004243191419
1.16,b9,2,0.9995997202922935,-120.01223300425431
1.16,b9,3,0.9995997202922775,119.98776697640245
1.16,b10,1,0.9995993687818238,-0.012010787109037297
1.16,b10,2,0.9995993687818335,-120.01201078712016
1.16,b10,3,0.9995993687818177,119.9879891935366
1.16,b11,1,0.9995845925060295,-0.012687288575097629
1.16,b11,2,0.9995845925060375,-120.01268728858618
1.16,b11,3,0.9995845925060206,119.98731269207056
1.16,b12,1,0.9995760663652761,-0.012771756728710745
1.16,b12,2,0.9995760663652842,-120.01277175673975
1.16,b12,3,0.9995760663652664,119.98722822391699
1.18,source,1,0.9997950483631269,-0.012040208511522228
1.18,source,2,0.9997950483631288,-120.01204020852364
1.18,source,3,0.9997950483631322,119.98795977213335
1.18,b1,1,0.999673304694807,-0.01197917779687318
1.18,b1,2,0.9996733046948144,-120.01197917780841
1.18,b1,3,0.9996733046948054,119.98802080284848
1.18,b2,1,0.9996355415217171,-0.011408096716278652
1.18,b2,2,0.9996355415217281,-120.01140809672764
1.18,b2,3,0.9996355415217146,119.98859188392929
1.18,b3,1,0.9996345574595867,-0.010853081728600403
1.18,b3,2,0.9996345574595986,-120.01085308174
1.18,b3,3,0.9996345574595851,119.989146898917
1.18,b4,1,0.999644759245535,-0.01025772538123349
1.18,b4,2,0.9996447592455475,-120.01025772539268
1.18,b4,3,0.9996447592455346,119.98974225526435
1.18,b5,1,0.9996146147076922,-0.011269717990740776
1.18,b5,2,0.999614614707705,-120.01126971800201
1.18,b5,3,0.9996146147076894,119.98873026265493
1.18,b6,1,0.9996120146718032,-0.011184366875659175
1.18,b6,2,0.9996120146718157,-120.01118436688695
1.18,b6,3,0.9996120146718004,119.98881561377006
1.18,b7,1,0.9996143700493879,-0.011048158206484015
1.18,b7,2,0.999614370049401,-120.01104815821775
1.18,b7,3,0.9996143700493856,119.98895182243922
1.18,b8,1,0.9996108210875375,-0.012367456955208744
1.18,b8,2,0.9996108210875457,-120.01236745696642
1.18,b8,3,0.999610821087531,119.98763252369038
1.18,b9,1,0.9995997202922843,-0.012233004243191419
1.18,b9,2,0.9995997202922935,-120.01223300425431
1.18,b9,3,0.9995997202922775,119.98776697640245
1.18,b10,1,0.9995993687818238,-0.012010787109037297
1.18,b10,2,0.9995993687818335,-120.01201078712016
1.18,b10,3,0.9995993687818177,119.9879891935366
1.18,b11,1,0.9995845925060295,-0.012687288575097629
1.18,b11,2,0.9995845925060375,-120.01268728858618
1.18,b11,3,0.9995845925060206,119.98731269207056
1.18,b12,1,0.9995760663652761,-0.012771756728710745
1.18,b12,2,0.9995760663652842,-120.01277175673975
1.18,b12,3,0.9995760663652664,119.98722822391699
1.2,source,1,0.9997950483631269,-0.012040208511522228
1.2,source,2,0.9997950483631288,-120.01204020852364
1.2,source,3,0.9997950483631322,119.98795977213335
1.2,b1,1,0.999673304694807,-0.01197917779687318
1.2,b1,2,0.9996733046948144,-120.01197917780841
1.2,b1,3,0.9996733046948054,119.98802080284848
1.2,b2,1,0.9996355415217171,-0.011408096716278652
1.2,b2,2,0.9996355415217281,-120.01140809672764
1.2,b2,3,0.9996355415217146,119.98859188392929
1.2,b3,1,0.9996345574595867,-0.010853081728600403
1.2,b3,2,0.9996345574595986,-120.01085308174
1.2,b3,3,0.9996345574595851,119.989146898917
1.2,b4,1,0.999644759245535,-0.01025772538123349
1.2,b4,2,0.9996447592455475,-120.01025772539268
1.2,b4,3,0.9996447592455346,119.98974225526435
1.2,b5,1,0.9996146147076922,-0.011269717990740776
1.2,b5,2,0.999614614707705,-120.01126971800201
1.2,b5,3,0.9996146147076894,119.98873026265493
1.2,b6,1,0.9996120146718032,-0.011184366875659175
1.2,b6,2,0.9996120146718157,-120.01118436688695
1.2,b6,3,0.9996120146718004,119.98881561377006
1.2,b7,1,0.9996143700493879,-0.011048158206484015
1.2,b7,2,0.999614370049401,-120.01104815821775
1.2,b7,3,0.9996143700493856,119.98895182243922
1.2,b8,1,0.9996108210875375,-0.012367456955208744
1.2,b8,2,0.9996108210875457,-120.01236745696642
1.2,b8,3,0.999610821087531,119.98763252369038
1.2,b9,1,0.9995997202922843,-0.012233004243191419
1.2,b9,2,0.9995997202922935,-120.01223300425431
1.2,b9,3,0.9995997202922775,119.98776697640245
1.2,b10,1,0.9995993687818238,-0.012010787109037297
1.2,b10,2,0.9995993687818335,-120.01201078712016
1.2,b10,3,0.9995993687818177,119.9879891935366
1.2,b11,1,0.9995845925060295,-0.012687288575097629
1.2,b11,2,0.9995845925060375,-120.01268728858618
1.2,b11,3,0.9995845925060206,119.98731269207056
1.2,b12,1,0.9995760663652761,-0.012771756728710745
1.2,b12,2,0.9995760663652842,-120.01277175673975
1.2,b12,3,0.9995760663652664,119.98722822391699
1.22,source,1,0.9997950483631269,-0.012040208511522228
1.22,source,2,0.9997950483631288,-120.01204020852364
1.22,source,3,0.9997950483631322,119.98795977213335
1.22,b1,1,0.999673304694807,-0.01197917779687318
1.22,b1,2,0.9996733046948144,-120.01197917780841
1.22,b1,3,0.9996733046948054,119.98802080284848
1.22,b2,1,0.9996355415217171,-0.011408096716278652
1.22,b2,2,0.9996355415217281,-120.01140809672764
1.22,b2,3,0.9996355415217146,119.98859188392929
1.22,b3,1,0.9996345574595867,-0.010853081728600403
1.22,b3,2,0.9996345574595986,-120.01085308174
1.22,b3,3,0.9996345574595851,119.989146898917
1.22,b4,1,0.999644759245535,-0.01025772538123349
1.22,b4,2,0.9996447592455475,-120.01025772539268
1.22,b4,3,0.9996447592455346,119.98974225526435
1.22,b5,1,0.9996146147076922,-0.011269717990740776
1.22,b5,2,0.999614614707705,-120.01126971800201
1.22,b5,3,0.9996146147076894,119.98873026265493
1.22,b6,1,0.9996120146718032,-0.011184366875659175
1.22,b6,2,0.9996120146718157,-120.01118436688695
1.22,b6,3,0.9996120146718004,119.98881561377006
1.22,b7,1,0.9996143700493879,-0.011048158206484015
1.22,b7,2,0.999614370049401,-120.01104815821775
1.22,b7,3,0.9996143700493856,119.98895182243922
1.22,b8,1,0.9996108210875375,-0.012367456955208744
1.22,b8,2,0.9996108210875457,-120.01236745696642
1.22,b8,3,0.999610821087531,119.98763252369038
1.22,b9,1,0.9995997202922843,-0.012233004243191419
1.22,b9,2,0.9995997202922935,-120.01223300425431
1.22,b9,3,0.9995997202922775,119.98776697640245
1.22,b10,1,0.9995993687818238,-0.012010787109037297
1.22,b10,2,0.9995993687818335,-120.01201078712016
1.22,b10,3,0.9995993687818177,119.9879891935366
1.22,b11,1,0.9995845925060295,-0.012687288575097629
1.22,b11,2,0.9995845925060375,-120.01268728858618
1.22,b11,3,0.9995845925060206,119.98731269207056
1.22,b12,1,0.9995760663652761,-0.012771756728710745
1.22,b12,2,0.9995760663652842,-120.01277175673975
1.22,b12,3,0.9995760663652664,119.98722822391699
1.24,source,1,0.9997950483631269,-0.012040208511522228
1.24,source,2,0.9997950483631288,-120.01204020852364
1.24,source,3,0.9997950483631322,119.98795977213335
1.24,b1,1,0.999673304694807,-0.01197917779687318
1.24,b1,2,0.9996733046948144,-120.01197917780841
1.24,b1,3,0.9996733046948054,119.98802080284848
1.24,b2,1,0.9996355415217171,-0.011408096716278652
1.24,b2,2,0.9996355415217281,-120.01140809672764
1.24,b2,3,0.9996355415217146,119.98859188392929
1.24,b3,1,0.9996345574595867,-0.010853081728600403
1.24,b3,2,0.9996345574595986,-120.01085308174
1.24,b3,3,0.9996345574595851,119.989146898917
1.24,b4,1,0.999644759245535,-0.01025772538123349
1.24,b4,2,0.9996447592455475,-120.01025772539268
1.24,b4,3,0.9996447592455346,119.98974225526435
1.24,b5,1,0.9996146147076922,-0.011269717990740776
1.24,b5,2,0.999614614707705,-120.01126971800201
1.24,b5,3,0.9996146147076894,119.98873026265493
1.24,b6,1,0.9996120146718032,-0.011184366875659175
1.24,b6,2,0.9996120146718157,-120.01118436688695
1.24,b6,3,0.9996120146718004,119.98881561377006
1.24,b7,1,0.9996143700493879,-0.011048158206484015
1.24,b7,2,0.999614370049401,-120.01104815821775
1.24,b7,3,0.9996143700493856,119.98895182243922
1.24,b8,1,0.9996108210875375,-0.012367456955208744
1.24,b8,2,0.9996108210875457,-120.01236745696642
1.24,b8,3,0.999610821087531,119.98763252369038
1.24,b9,1,0.9995997202922843,-0.012233004243191419
1.24,b9,2,0.9995997202922935,-120.01223300425431
1.24,b9,3,0.9995997202922775,119.98776697640245
1.24,b10,1,0.9995993687818238,-0.012010787109037297
1.24,b10,2,0.9995993687818335,-120.01201078712016
1.24,b10,3,0.9995993687818177,119.9879891935366
1.24,b11,1,0.9995845925060295,-0.012687288575097629
1.24,b11,2,0.9995845925060375,-120.01268728858618
1.24,b11,3,0.9995845925060206,119.98731269207056
1.24,b12,1,0.9995760663652761,-0.012771756728710745
1.24,b12,2,0.9995760663652842,-120.01277175673975
1.24,b12,3,0.9995760663652664,119.98722822391699
1.26,source,1,0.9997950483631269,-0.012040208511522228
1.26,source,2,0.9997950483631288,-120.01204020852364
1.26,source,3,0.9997950483631322,119.98795977213335
1.26,b1,1,0.999673304694807,-0.01197917779687318
1.26,b1,2,0.9996733046948144,-120.01197917780841
1.26,b1,3,0.9996733046948054,119.98802080284848
1.26,b2,1,0.9996355415217171,-0.011408096716278652
1.26,b2,2,0.9996355415217281,-120.01140809672764
1.26,b2,3,0.9996355415217146,119.98859188392929
1.26,b3,1,0.9996345574595867,-0.010853081728600403
1.26,b3,2,0.9996345574595986,-120.01085308174
1.26,b3,3,0.9996345574595851,119.989146898917
1.26,b4,1,0.999644759245535,-0.01025772538123349
1.26,b4,2,0.9996447592455475,-120.01025772539268
1.26,b4,3,0.9996447592455346,119.98974225526435
1.26,b5,1,0.9996146147076922,-0.011269717990740776
1.26,b5,2,0.999614614707705,-120.01126971800201
1.26,b5,3,0.9996146147076894,119.98873026265493
1.26,b6,1,0.9996120146718032,-0.011184366875659175
1.26,b6,2,0.9996120146718157,-120.01118436688695
1.26,b6,3,0.9996120146718004,119.98881561377006
1.26,b7,1,0.9996143700493879,-0.011048158206484015
1.26,b7,2,0.999614370049401,-120.01104815821775
1.26,b7,3,0.9996143700493856,119.98895182243922
1.26,b8,1,0.9996108210875375,-0.012367456955208744
1.26,b8,2,0.9996108210875457,-120.01236745696642
1.26,b8,3,0.999610821087531,119.98763252369038
1.26,b9,1,0.9995997202922843,-0.012233004243191419
1.26,b9,2,0.9995997202922935,-120.01223300425431
1.26,b9,3,0.9995997202922775,119.98776697640245
1.26,b10,1,0.9995993687818238,-0.012010787109037297
1.26,b10,2,0.9995993687818335,-120.01201078712016
1.26,b10,3,0.9995993687818177,119.9879891935366
1.26,b11,1,0.9995845925060295,-0.012687288575097629
1.26,b11,2,0.9995845925060375,-120.01268728858618
1.26,b11,3,0.9995845925060206,119.98731269207056
1.26,b12,1,0.9995760663652761,-0.012771756728710745
1.26,b12,2,0.9995760663652842,-120.01277175673975
1.26,b12,3,0.9995760663652664,119.98722822391699
1.28,source,1,0.9997950483631269,-0.012040208511522228
1.28,source,2,0.9997950483631288,-120.01204020852364
1.28,source,3,0.9997950483631322,119.98795977213335
1.28,b1,1,0.999673304694807,-0.01197917779687318
1.28,b1,2,0.9996733046948144,-120.01197917780841
1.28,b1,3,0.9996733046948054,119.98802080284848
1.28,b2,1,0.9996355415217171,-0.011408096716278652
1.28,b2,2,0.9996355415217281,-120.01140809672764
1.28,b2,3,0.9996355415217146,119.98859188392929
1.28,b3,1,0.9996345574595867,-0.010853081728600403
1.28,b3,2,0.9996345574595986,-120.01085308174
1.28,b3,3,0.9996345574595851,119.989146898917
1.28,b4,1,0.999644759245535,-0.01025772538123349
1.28,b4,2,0.9996447592455475,-120.01025772539268
1.28,b4,3,0.9996447592455346,119.98974225526435
1.28,b5,1,0.9996146147076922,-0.011269717990740776
1.28,b5,2,0.999614614707705,-120.01126971800201
1.28,b5,3,0.9996146147076894,119.98873026265493
1.28,b6,1,0.9996120146718032,-0.011184366875659175
1.28,b6,2,0.9996120146718157,-120.01118436688695
1.28,b6,3,0.9996120146718004,119.98881561377006
1.28,b7,1,0.9996143700493879,-0.011048158206484015
1.28,b7,2,0.999614370049401,-120.01104815821775
1.28,b7,3,0.9996143700493856,119.98895182243922
1.28,b8,1,0.9996108210875375,-0.012367456955208744
1.28,b8,2,0.9996108210875457,-120.01236745696642
1.28,b8,3,0.999610821087531,119.98763252369038
1.28,b9,1,0.9995997202922843,-0.012233004243191419
1.28,b9,2,0.9995997202922935,-120.01223300425431
1.28,b9,3,0.9995997202922775,119.98776697640245
1.28,b10,1,0.9995993687818238,-0.012010787109037297
1.28,b10,2,0.9995993687818335,-120.01201078712016
1.28,b10,3,0.9995993687818177,119.9879891935366
1.28,b11,1,0.9995845925060295,-0.012687288575097629
1.28,b11,2,0.9995845925060375,-120.01268728858618
1.28,b11,3,0.9995845925060206,119.98731269207056
1.28,b12,1,0.9995760663652761,-0.012771756728710745
1.28,b12,2,0.9995760663652842,-120.01277175673975
1.28,b12,3,0.9995760663652664,119.98722822391699
1.3,source,1,0.9997950483631269,-0.012040208511522228
1.3,source,2,0.9997950483631288,-120.01204020852364
1.3,source,3,0.9997950483631322,119.98795977213335
1.3,b1,1,0.999673304694807,-0.01197917779687318
1.3,b1,2,0.9996733046948144,-120.01197917780841
1.3,b1,3,0.9996733046948054,119.98802080284848
1.3,b2,1,0.9996355415217171,-0.011408096716278652
1.3,b2,2,0.9996355415217281,-120.01140809672764
1.3,b2,3,0.9996355415217146,119.98859188392929
1.3,b3,1,0.9996345574595867,-0.010853081728600403
1.3,b3,2,0.9996345574595986,-120.01085308174
1.3,b3,3,0.9996345574595851,119.989146898917
1.3,b4,1,0.999644759245535,-0.01025772538123349
1.3,b4,2,0.9996447592455475,-120.01025772539268
1.3,b4,3,0.9996447592455346,119.98974225526435
1.3,b5,1,0.9996146147076922,-0.011269717990740776
1.3,b5,2,0.999614614707705,-120.01126971800201
1.3,b5,3,0.9996146147076894,119.98873026265493
1.3,b6,1,0.9996120146718032,-0.011184366875659175
1.3,b6,2,0.9996120146718157,-120.01118436688695
1.3,b6,3,0.9996120146718004,119.98881561377006
1.3,b7,1,0.9996143700493879,-0.011048158206484015
1.3,b7,2,0.999614370049401,-120.01104815821775
1.3,b7,3,0.9996143700493856,119.98895182243922
1.3,b8,1,0.9996108210875375,-0.012367456955208744
1.3,b8,2,0.9996108210875457,-120.01236745696642
1.3,b8,3,0.999610821087531,119.98763252369038
1.3,b9,1,0.9995997202922843,-0.012233004243191419
1.3,b9,2,0.9995997202922935,-120.01223300425431
1.3,b9,3,0.9995997202922775,119.98776697640245
1.3,b10,1,0.9995993687818238,-0.012010787109037297
1.3,b10,2,0.9995993687818335,-120.01201078712016
1.3,b10,3,0.9995993687818177,119.9879891935366
1.3,b11,1,0.9995845925060295,-0.012687288575097629
1.3,b11,2,0.9995845925060375,-120.01268728858618
1.3,b11,3,0.9995845925060206,119.98731269207056
1.3,b12,1,0.9995760663652761,-0.012771756728710745
1.3,b12,2,0.9995760663652842,-120.01277175673975
1.3,b12,3,0.9995760663652664,119.98722822391699
1.32,source,1,0.9997950483631269,-0.012040208511522228
1.32,source,2,0.9997950483631288,-120.01204020852364
1.32,source,3,0.9997950483631322,119.98795977213335
1.32,b1,1,0.999673304694807,-0.01197917779687318
1.32,b1,2,0.9996733046948144,-120.01197917780841
1.32,b1,3,0.9996733046948054,119.98802080284848
1.32,b2,1,0.9996355415217171,-0.011408096716278652
1.32,b2,2,0.9996355415217281,-120.01140809672764
1.32,b2,3,0.9996355415217146,119.98859188392929
1.32,b3,1,0.9996345574595867,-0.010853081728600403
1.32,b3,2,0.9996345574595986,-120.01085308174
1.32,b3,3,0.9996345574595851,119.989146898917
1.32,b4,1,0.999644759245535,-0.01025772538123349
1.32,b4,2,0.9996447592455475,-120.01025772539268
1.32,b4,3,0.9996447592455346,119.98974225526435
1.32,b5,1,0.9996146147076922,-0.011269717990740776
1.32,b5,2,0.999614614707705,-120.01126971800201
1.32,b5,3,0.9996146147076894,119.98873026265493
1.32,b6,1,0.9996120146718032,-0.011184366875659175
1.32,b6,2,0.9996120146718157,-120.01118436688695
1.32,b6,3,0.9996120146718004,119.98881561377006
1.32,b7,1,0.9996143700493879,-0.011048158206484015
1.32,b7,2,0.999614370049401,-120.01104815821775
1.32,b7,3,0.9996143700493856,119.98895182243922
1.32,b8,1,0.9996108210875375,-0.012367456955208744
1.32,b8,2,0.9996108210875457,-120.01236745696642
1.32,b8,3,0.999610821087531,119.98763252369038
1.32,b9,1,0.9995997202922843,-0.012233004243191419
1.32,b9,2,0.9995997202922935,-120.01223300425431
1.32,b9,3,0.9995997202922775,119.98776697640245
1.32,b10,1,0.9995993687818238,-0.012010787109037297
1.32,b10,2,0.9995993687818335,-120.01201078712016
1.32,b10,3,0.9995993687818177,119.9879891935366
1.32,b11,1,0.9995845925060295,-0.012687288575097629
1.32,b11,2,0.9995845925060375,-120.01268728858618
1.32,b11,3,0.9995845925060206,119.98731269207056
1.32,b12,1,0.9995760663652761,-0.012771756728710745
1.32,b12,2,0.9995760663652842,-120.01277175673975
1.32,b12,3,0.9995760663652664,119.98722822391699
1.34,source,1,0.9997950483631269,-0.012040208511522228
1.34,source,2,0.9997950483631288,-120.01204020852364
1.34,source,3,0.9997950483631322,119.98795977213335
1.34,b1,1,0.999673304694807,-0.01197917779687318
1.34,b1,2,0.9996733046948144,-120.01197917780841
1.34,b1,3,0.9996733046948054,119.98802080284848
1.34,b2,1,0.9996355415217171,-0.011408096716278652
1.34,b2,2,0.9996355415217281,-120.01140809672764
1.34,b2,3,0.9996355415217146,119.98859188392929
1.34,b3,1,0.9996345574595867,-0.010853081728600403
1.34,b3,2,0.9996345574595986,-120.01085308174
1.34,b3,3,0.9996345574595851,119.989146898917
1.34,b4,1,0.999644759245535,-0.01025772538123349
1.34,b4,2,0.9996447592455475,-120.01025772539268
1.34,b4,3,0.9996447592455346,119.98974225526435
1.34,b5,1,0.9996146147076922,-0.011269717990740776
1.34,b5,2,0.999614614707705,-120.01126971800201
1.34,b5,3,0.9996146147076894,119.98873026265493
1.34,b6,1,0.9996120146718032,-0.011184366875659175
1.34,b6,2,0.9996120146718157,-120.01118436688695
1.34,b6,3,0.9996120146718004,119.98881561377006
1.34,b7,1,0.9996143700493879,-0.011048158206484015
1.34,b7,2,0.999614370049401,-120.01104815821775
1.34,b7,3,0.9996143700493856,119.98895182243922
1.34,b8,1,0.9996108210875375,-0.012367456955208744
1.34,b8,2,0.9996108210875457,-120.01236745696642
1.34,b8,3,0.999610821087531,119.98763252369038
1.34,b9,1,0.9995997202922843,-0.012233004243191419
1.34,b9,2,0.9995997202922935,-120.01223300425431
1.34,b9,3,0.9995997202922775,119.98776697640245
1.34,b10,1,0.9995993687818238,-0.012010787109037297
1.34,b10,2,0.9995993687818335,-120.01201078712016
1.34,b10,3,0.9995993687818177,119.9879891935366
1.34,b11,1,0.9995845925060295,-0.012687288575097629
1.34,b11,2,0.9995845925060375,-120.01268728858618
1.34,b11,3,0.9995845925060206,119.98731269207056
1.34,b12,1,0.9995760663652761,-0.012771756728710745
1.34,b12,2,0.9995760663652842,-120.01277175673975
1.34,b12,3,0.9995760663652664,119.98722822391699
1.36,source,1,0.9997950483631269,-0.012040208511522228
1.36,source,2,0.9997950483631288,-120.01204020852364
1.36,source,3,0.9997950483631322,119.98795977213335
1.36,b1,1,0.999673304694807,-0.01197917779687318
1.36,b1,2,0.9996733046948144,-120.01197917780841
1.36,b1,3,0.9996733046948054,119.98802080284848
1.36,b2,1,0.9996355415217171,-0.011408096716278652
1.36,b2,2,0.9996355415217281,-120.01140809672764
1.36,b2,3,0.9996355415217146,119.98859188392929
1.36,b3,1,0.9996345574595867,-0.010853081728600403
1.36,b3,2,0.9996345574595986,-120.01085308174
1.36,b3,3,0.9996345574595851,119.989146898917
1.36,b4,1,0.999644759245535,-0.01025772538123349
1.36,b4,2,0.9996447592455475,-120.01025772539268
1.36,b4,3,0.9996447592455346,119.98974225526435
1.36,b5,1,0.9996146147076922,-0.011269717990740776
1.36,b5,2,0.999614614707705,-120.01126971800201
1.36,b5,3,0.9996146147076894,119.98873026265493
1.36,b6,1,0.9996120146718032,-0.011184366875659175
1.36,b6,2,0.9996120146718157,-120.01118436688695
1.36,b6,3,0.9996120146718004,119.98881561377006
1.36,b7,1,0.9996143700493879,-0.011048158206484015
1.36,b7,2,0.999614370049401,-120.01104815821775
1.36,b7,3,0.9996143700493856,119.98895182243922
1.36,b8,1,0.9996108210875375,-0.012367456955208744
1.36,b8,2,0.9996108210875457,-120.01236745696642
1.36,b8,3,0.999610821087531,119.98763252369038
1.36,b9,1,0.9995997202922843,-0.012233004243191419
1.36,b9,2,0.9995997202922935,-120.01223300425431
1.36,b9,3,0.9995997202922775,119.98776697640245
1.36,b10,1,0.9995993687818238,-0.012010787109037297
1.36,b10,2,0.9995993687818335,-120.01201078712016
1.36,b10,3,0.9995993687818177,119.9879891935366
1.36,b11,1,0.9995845925060295,-0.012687288575097629
1.36,b11,2,0.9995845925060375,-120.01268728858618
1.36,b11,3,0.9995845925060206,119.98731269207056
1.36,b12,1,0.9995760663652761,-0.012771756728710745
1.36,b12,2,0.9995760663652842,-120.01277175673975
1.36,b12,3,0.9995760663652664,119.98722822391699
1.3800000000000001,source,1,0.9997950483631269,-0.012040208511522228
1.3800000000000001,source,2,0.9997950483631288,-120.01204020852364
1.3800000000000001,source,3,0.9997950483631322,119.98795977213335
1.3800000000000001,b1,1,0.999673304694807,-0.01197917779687318
1.3800000000000001,b1,2,0.9996733046948144,-120.01197917780841
1.3800000000000001,b1,3,0.9996733046948054,119.98802080284848
1.3800000000000001,b2,1,0.9996355415217171,-0.011408096716278652
1.3800000000000001,b2,2,0.9996355415217281,-120.01140809672764
1.3800000000000001,b2,3,0.9996355415217146,119.98859188392929
1.3800000000000001,b3,1,0.9996345574595867,-0.010853081728600403
1.3800000000000001,b3,2,0.9996345574595986,-120.01085308174
1.3800000000000001,b3,3,0.9996345574595851,119.989146898917
1.3800000000000001,b4,1,0.999644759245535,-0.01025772538123349
1.3800000000000001,b4,2,0.9996447592455475,-120.01025772539268
1.3800000000000001,b4,3,0.9996447592455346,119.98974225526435
1.3800000000000001,b5,1,0.9996146147076922,-0.011269717990740776
1.3800000000000001,b5,2,0.999614614707705,-120.01126971800201
1.3800000000000001,b5,3,0.9996146147076894,119.98873026265493
1.3800000000000001,b6,1,0.9996120146718032,-0.011184366875659175
1.3800000000000001,b6,2,0.9996120146718157,-120.01118436688695
1.3800000000000001,b6,3,0.9996120146718004,119.98881561377006
1.3800000000000001,b7,1,0.9996143700493879,-0.011048158206484015
1.3800000000000001,b7,2,0.999614370049401,-120.01104815821775
1.3800000000000001,b7,3,0.9996143700493856,119.98895182243922
1.3800000000000001,b8,1,0.9996108210875375,-0.012367456955208744
1.3800000000000001,b8,2,0.9996108210875457,-120.01236745696642
1.3800000000000001,b8,3,0.999610821087531,119.98763252369038
1.3800000000000001,b9,1,0.9995997202922843,-0.012233004243191419
1.3800000000000001,b9,2,0.9995997202922935,-120.01223300425431
1.3800000000000001,b9,3,0.9995997202922775,119.98776697640245
1.3800000000000001,b10,1,0.9995993687818238,-0.012010787109037297
1.3800000000000001,b10,2,0.9995993687818335,-120.01201078712016
1.3800000000000001,b10,3,0.9995993687818177,119.9879891935366
1.3800000000000001,b11,1,0.9995845925060295,-0.012687288575097629
1.3800000000000001,b11,2,0.9995845925060375,-120.01268728858618
1.3800000000000001,b11,3,0.9995845925060206,119.98731269207056
1.3800000000000001,b12,1,0.9995760663652761,-0.012771756728710745
1.3800000000000001,b12,2,0.9995760663652842,-120.01277175673975
1.3800000000000001,b12,3,0.9995760663652664,119.98722822391699
1.4000000000000001,source,1,0.9997950483631269,-0.012040208511522228
1.4000000000000001,source,2,0.9997950483631288,-120.01204020852364
1.4000000000000001,source,3,0.9997950483631322,119.98795977213335
1.4000000000000001,b1,1,0.999673304694807,-0.01197917779687318
1.4000000000000001,b1,2,0.9996733046948144,-120.01197917780841
1.4000000000000001,b1,3,0.9996733046948054,119.98802080284848
1.4000000000000001,b2,1,0.9996355415217171,-0.011408096716278652
1.4000000000000001,b2,2,0.9996355415217281,-120.01140809672764
1.4000000000000001,b2,3,0.9996355415217146,119.98859188392929
1.4000000000000001,b3,1,0.9996345574595867,-0.010853081728600403
1.4000000000000001,b3,2,0.9996345574595986,-120.01085308174
1.4000000000000001,b3,3,0.9996345574595851,119.989146898917
1.4000000000000001,b4,1,0.999644759245535,-0.01025772538123349
1.4000000000000001,b4,2,0.9996447592455475,-120.01025772539268
1.4000000000000001,b4,3,0.9996447592455346,119.98974225526435
1.4000000000000001,b5,1,0.9996146147076922,-0.011269717990740776
1.4000000000000001,b5,2,0.999614614707705,-120.01126971800201
1.4000000000000001,b5,3,0.9996146147076894,119.98873026265493
1.4000000000000001,b6,1,0.9996120146718032,-0.011184366875659175
1.4000000000000001,b6,2,0.9996120146718157,-120.01118436688695
1.4000000000000001,b6,3,0.9996120146718004,119.98881561377006
1.4000000000000001,b7,1,0.9996143700493879,-0.011048158206484015
1.4000000000000001,b7,2,0.999614370049401,-120.01104815821775
1.4000000000000001,b7,3,0.9996143700493856,119.98895182243922
1.4000000000000001,b8,1,0.9996108210875375,-0.012367456955208744
1.4000000000000001,b8,2,0.9996108210875457,-120.01236745696642
1.4000000000000001,b8,3,0.999610821087531,119.98763252369038
1.4000000000000001,b9,1,0.9995997202922843,-0.012233004243191419
1.4000000000000001,b9,2,0.9995997202922935,-120.01223300425431
1.4000000000000001,b9,3,0.9995997202922775,119.98776697640245
1.4000000000000001,b10,1,0.9995993687818238,-0.012010787109037297
1.4000000000000001,b10,2,0.9995993687818335,-120.01201078712016
1.4000000000000001,b10,3,0.9995993687818177,119.9879891935366
1.4000000000000001,b11,1,0.9995845925060295,-0.012687288575097629
1.4000000000000001,b11,2,0.9995845925060375,-120.01268728858618
1.4000000000000001,b11,3,0.9995845925060206,119.98731269207056
1.4000000000000001,b12,1,0.9995760663652761,-0.012771756728710745
1.4000000000000001,b12,2,0.9995760663652842,-120.01277175673975
1.4000000000000001,b12,3,0.9995760663652664,119.98722822391699
1.42,source,1,0.9997950483631269,-0.012040208511522228
1.42,source,2,0.9997950483631288,-120.01204020852364
1.42,source,3,0.9997950483631322,119.98795977213335
1.42,b1,1,0.999673304694807,-0.01197917779687318
1.42,b1,2,0.9996733046948144,-120.01197917780841
1.42,b1,3,0.9996733046948054,119.98802080284848
1.42,b2,1,0.9996355415217171,-0.011408096716278652
1.42,b2,2,0.9996355415217281,-120.01140809672764
1.42,b2,3,0.9996355415217146,119.98859188392929
1.42,b3,1,0.9996345574595867,-0.010853081728600403
1.42,b3,2,0.9996345574595986,-120.01085308174
1.42,b3,3,0.9996345574595851,119.989146898917
1.42,b4,1,0.999644759245535,-0.01025772538123349
1.42,b4,2,0.9996447592455475,-120.01025772539268
1.42,b4,3,0.9996447592455346,119.98974225526435
1.42,b5,1,0.9996146147076922,-0.011269717990740776
1.42,b5,2,0.999614614707705,-120.01126971800201
1.42,b5,3,0.9996146147076894,119.98873026265493
1.42,b6,1,0.9996120146718032,-0.011184366875659175
1.42,b6,2,0.9996120146718157,-120.01118436688695
1.42,b6,3,0.9996120146718004,119.98881561377006
1.42,b7,1,0.9996143700493879,-0.011048158206484015
1.42,b7,2,0.999614370049401,-120.01104815821775
1.42,b7,3,0.9996143700493856,119.98895182243922
1.42,b8,1,0.9996108210875375,-0.012367456955208744
1.42,b8,2,0.9996108210875457,-120.01236745696642
1.42,b8,3,0.999610821087531,119.98763252369038
1.42,b9,1,0.9995997202922843,-0.012233004243191419
1.42,b9,2,0.9995997202922935,-120.01223300425431
1.42,b9,3,0.9995997202922775,119.98776697640245
1.42,b10,1,0.9995993687818238,-0.012010787109037297
1.42,b10,2,0.9995993687818335,-120.01201078712016
1.42,b10,3,0.9995993687818177,119.9879891935366
1.42,b11,1,0.9995845925060295,-0.012687288575097629
1.42,b11,2,0.9995845925060375,-120.01268728858618
1.42,b11,3,0.9995845925060206,119.98731269207056
1.42,b12,1,0.9995760663652761,-0.012771756728710745
1.42,b12,2,0.9995760663652842,-120.01277175673975
1.42,b12,3,0.9995760663652664,119.98722822391699
1.44,source,1,0.9997950483631269,-0.012040208511522228
1.44,source,2,0.9997950483631288,-120.01204020852364
1.44,source,3,0.9997950483631322,119.98795977213335
1.44,b1,1,0.999673304694807,-0.01197917779687318
1.44,b1,2,0.9996733046948144,-120.01197917780841
1.44,b1,3,0.9996733046948054,119.98802080284848
1.44,b2,1,0.9996355415217171,-0.011408096716278652
1.44,b2,2,0.9996355415217281,-120.01140809672764
1.44,b2,3,0.9996355415217146,119.98859188392929
1.44,b3,1,0.9996345574595867,-0.010853081728600403
1.44,b3,2,0.9996345574595986,-120.01085308174
1.44,b3,3,0.9996345574595851,119.989146898917
1.44,b4,1,0.999644759245535,-0.01025772538123349
1.44,b4,2,0.9996447592455475,-120.01025772539268
1.44,b4,3,0.9996447592455346,119.98974225526435
1.44,b5,1,0.9996146147076922,-0.011269717990740776
1.44,b5,2,0.999614614707705,-120.01126971800201
1.44,b5,3,0.9996146147076894,119.98873026265493
1.44,b6,1,0.9996120146718032,-0.011184366875659175
1.44,b6,2,0.9996120146718157,-120.01118436688695
1.44,b6,3,0.9996120146718004,119.98881561377006
1.44,b7,1,0.9996143700493879,-0.011048158206484015
1.44,b7,2,0.999614370049401,-120.01104815821775
1.44,b7,3,0.9996143700493856,119.98895182243922
1.44,b8,1,0.9996108210875375,-0.012367456955208744
1.44,b8,2,0.9996108210875457,-120.01236745696642
1.44,b8,3,0.999610821087531,119.98763252369038
1.44,b9,1,0.9995997202922843,-0.012233004243191419
1.44,b9,2,0.9995997202922935,-120.01223300425431
1.44,b9,3,0.9995997202922775,119.98776697640245
1.44,b10,1,0.9995993687818238,-0.012010787109037297
1.44,b10,2,0.9995993687818335,-120.01201078712016
1.44,b10,3,0.9995993687818177,119.9879891935366
1.44,b11,1,0.9995845925060295,-0.012687288575097629
1.44,b11,2,0.9995845925060375,-120.01268728858618
1.44,b11,3,0.9995845925060206,119.98731269207056
1.44,b12,1,0.9995760663652761,-0.012771756728710745
1.44,b12,2,0.9995760663652842,-120.01277175673975
1.44,b12,3,0.9995760663652664,119.98722822391699
1.46,source,1,0.9997950483631269,-0.012040208511522228
1.46,source,2,0.9997950483631288,-120.01204020852364
1.46,source,3,0.9997950483631322,119.98795977213335
1.46,b1,1,0.999673304694807,-0.01197917779687318
1.46,b1,2,0.9996733046948144,-120.01197917780841
1.46,b1,3,0.9996733046948054,119.98802080284848
1.46,b2,1,0.9996355415217171,-0.011408096716278652
1.46,b2,2,0.9996355415217281,-120.01140809672764
1.46,b2,3,0.9996355415217146,119.98859188392929
1.46,b3,1,0.9996345574595867,-0.010853081728600403
1.46,b3,2,0.9996345574595986,-120.01085308174
1.46,b3,3,0.9996345574595851,119.989146898917
1.46,b4,1,0.999644759245535,-0.01025772538123349
1.46,b4,2,0.9996447592455475,-120.01025772539268
1.46,b4,3,0.9996447592455346,119.98974225526435
1.46,b5,1,0.9996146147076922,-0.011269717990740776
1.46,b5,2,0.999614614707705,-120.01126971800201
1.46,b5,3,0.9996146147076894,119.98873026265493
1.46,b6,1,0.9996120146718032,-0.011184366875659175
1.46,b6,2,0.9996120146718157,-120.01118436688695
1.46,b6,3,0.9996120146718004,119.98881561377006
1.46,b7,1,0.9996143700493879,-0.011048158206484015
1.46,b7,2,0.999614370049401,-120.01104815821775
1.46,b7,3,0.9996143700493856,119.98895182243922
1.46,b8,1,0.9996108210875375,-0.012367456955208744
1.46,b8,2,0.9996108210875457,-120.01236745696642
1.46,b8,3,0.999610821087531,119.98763252369038
1.46,b9,1,0.9995997202922843,-0.012233004243191419
1.46,b9,2,0.9995997202922935,-120.01223300425431
1.46,b9,3,0.9995997202922775,119.98776697640245
1.46,b10,1,0.9995993687818238,-0.012010787109037297
1.46,b10,2,0.9995993687818335,-120.01201078712016
1.46,b10,3,0.9995993687818177,119.9879891935366
1.46,b11,1,0.9995845925060295,-0.012687288575097629
1.46,b11,2,0.9995845925060375,-120.01268728858618
1.46,b11,3,0.9995845925060206,119.98731269207056
1.46,b12,1,0.9995760663652761,-0.012771756728710745
1.46,b12,2,0.9995760663652842,-120.01277175673975
1.46,b12,3,0.9995760663652664,119.98722822391699
1.48,source,1,0.9997950483631269,-0.012040208511522228
1.48,source,2,0.9997950483631288,-120.01204020852364
1.48,source,3,0.9997950483631322,119.98795977213335
1.48,b1,1,0.999673304694807,-0.01197917779687318
1.48,b1,2,0.9996733046948144,-120.01197917780841
1.48,b1,3,0.9996733046948054,119.98802080284848
1.48,b2,1,0.9996355415217171,-0.011408096716278652
1.48,b2,2,0.9996355415217281,-120.01140809672764
1.48,b2,3,0.9996355415217146,119.98859188392929
1.48,b3,1,0.9996345574595867,-0.010853081728600403
1.48,b3,2,0.9996345574595986,-120.01085308174
1.48,b3,3,0.9996345574595851,119.989146898917
1.48,b4,1,0.999644759245535,-0.01025772538123349
1.48,b4,2,0.9996447592455475,-120.01025772539268
1.48,b4,3,0.9996447592455346,119.98974225526435
1.48,b5,1,0.9996146147076922,-0.011269717990740776
1.48,b5,2,0.999614614707705,-120.01126971800201
1.48,b5,3,0.9996146147076894,119.98873026265493
1.48,b6,1,0.9996120146718032,-0.011184366875659175
1.48,b6,2,0.9996120146718157,-120.01118436688695
1.48,b6,3,0.9996120146718004,119.98881561377006
1.48,b7,1,0.9996143700493879,-0.011048158206484015
1.48,b7,2,0.999614370049401,-120.01104815821775
1.48,b7,3,0.9996143700493856,119.98895182243922
1.48,b8,1,0.9996108210875375,-0.012367456955208744
1.48,b8,2,0.9996108210875457,-120.01236745696642
1.48,b8,3,0.999610821087531,119.98763252369038
1.48,b9,1,0.9995997202922843,-0.012233004243191419
1.48,b9,2,0.9995997202922935,-120.01223300425431
1.48,b9,3,0.9995997202922775,119.98776697640245
1.48,b10,1,0.9995993687818238,-0.012010787109037297
1.48,b10,2,0.9995993687818335,-120.01201078712016
1.48,b10,3,0.9995993687818177,119.9879891935366
1.48,b11,1,0.9995845925060295,-0.012687288575097629
1.48,b11,2,0.9995845925060375,-120.01268728858618
1.48,b11,3,0.9995845925060206,119.98731269207056
1.48,b12,1,0.9995760663652761,-0.012771756728710745
1.48,b12,2,0.9995760663652842,-120.01277175673975
1.48,b12,3,0.9995760663652664,119.98722822391699
1.5,source,1,0.9997950483631269,-0.012040208511522228
1.5,source,2,0.9997950483631288,-120.01204020852364
1.5,source,3,0.9997950483631322,119.98795977213335
1.5,b1,1,0.999673304694807,-0.01197917779687318
1.5,b1,2,0.9996733046948144,-120.01197917780841
1.5,b1,3,0.9996733046948054,119.98802080284848
1.5,b2,1,0.9996355415217171,-0.011408096716278652
1.5,b2,2,0.9996355415217281,-120.01140809672764
1.5,b2,3,0.9996355415217146,119.98859188392929
1.5,b3,1,0.9996345574595867,-0.010853081728600403
1.5,b3,2,0.9996345574595986,-120.01085308174
1.5,b3,3,0.9996345574595851,119.989146898917
1.5,b4,1,0.999644759245535,-0.01025772538123349
1.5,b4,2,0.9996447592455475,-120.01025772539268
1.5,b4,3,0.9996447592455346,119.98974225526435
1.5,b5,1,0.9996146147076922,-0.011269717990740776
1.5,b5,2,0.999614614707705,-120.01126971800201
1.5,b5,3,0.9996146147076894,119.98873026265493
1.5,b6,1,0.9996120146718032,-0.011184366875659175
1.5,b6,2,0.9996120146718157,-120.01118436688695
1.5,b6,3,0.9996120146718004,119.98881561377006
1.5,b7,1,0.9996143700493879,-0.011048158206484015
1.5,b7,2,0.999614370049401,-120.01104815821775
1.5,b7,3,0.9996143700493856,119.98895182243922
1.5,b8,1,0.9996108210875375,-0.012367456955208744
1.5,b8,2,0.9996108210875457,-120.01236745696642
1.5,b8,3,0.999610821087531,119.98763252369038
1.5,b9,1,0.9995997202922843,-0.012233004243191419
1.5,b9,2,0.9995997202922935,-120.01223300425431
1.5,b9,3,0.9995997202922775,119.98776697640245
1.5,b10,1,0.9995993687818238,-0.012010787109037297
1.5,b10,2,0.9995993687818335,-120.01201078712016
1.5,b10,3,0.9995993687818177,119.9879891935366
1.5,b11,1,0.9995845925060295,-0.012687288575097629
1.5,b11,2,0.9995845925060375,-120.01268728858618
1.5,b11,3,0.9995845925060206,119.98731269207056
1.5,b12,1,0.9995760663652761,-0.012771756728710745
1.5,b12,2,0.9995760663652842,-120.01277175673975
1.5,b12,3,0.9995760663652664,119.98722822391699
1.52,source,1,0.9997950483631269,-0.012040208511522228
1.52,source,2,0.9997950483631288,-120.01204020852364
1.52,source,3,0.9997950483631322,119.98795977213335
1.52,b1,1,0.999673304694807,-0.01197917779687318
1.52,b1,2,0.9996733046948144,-120.01197917780841
1.52,b1,3,0.9996733046948054,119.98802080284848
1.52,b2,1,0.9996355415217171,-0.011408096716278652
1.52,b2,2,0.9996355415217281,-120.01140809672764
1.52,b2,3,0.9996355415217146,119.98859188392929
1.52,b3,1,0.9996345574595867,-0.010853081728600403
1.52,b3,2,0.9996345574595986,-120.01085308174
1.52,b3,3,0.9996345574595851,119.989146898917
1.52,b4,1,0.999644759245535,-0.01025772538123349
1.52,b4,2,0.9996447592455475,-120.01025772539268
1.52,b4,3,0.9996447592455346,119.98974225526435
1.52,b5,1,0.9996146147076922,-0.011269717990740776
1.52,b5,2,0.999614614707705,-120.01126971800201
1.52,b5,3,0.9996146147076894,119.98873026265493
1.52,b6,1,0.9996120146718032,-0.011184366875659175
1.52,b6,2,0.9996120146718157,-120.01118436688695
1.52,b6,3,0.9996120146718004,119.98881561377006
1.52,b7,1,0.9996143700493879,-0.011048158206484015
1.52,b7,2,0.999614370049401,-120.01104815821775
1.52,b7,3,0.9996143700493856,119.98895182243922
1.52,b8,1,0.9996108210875375,-0.012367456955208744
1.52,b8,2,0.9996108210875457,-120.01236745696642
1.52,b8,3,0.999610821087531,119.98763252369038
1.52,b9,1,0.9995997202922843,-0.012233004243191419
1.52,b9,2,0.9995997202922935,-120.01223300425431
1.52,b9,3,0.9995997202922775,119.98776697640245
1.52,b10,1,0.9995993687818238,-0.012010787109037297
1.52,b10,2,0.9995993687818335,-120.01201078712016
1.52,b10,3,0.9995993687818177,119.9879891935366
1.52,b11,1,0.9995845925060295,-0.012687288575097629
1.52,b11,2,0.9995845925060375,-120.01268728858618
1.52,b11,3,0.9995845925060206,119.98731269207056
1.52,b12,1,0.9995760663652761,-0.012771756728710745
1.52,b12,2,0.9995760663652842,-120.01277175673975
1.52,b12,3,0.9995760663652664,119.98722822391699
1.54,source,1,0.9997950483631269,-0.012040208511522228
1.54,source,2,0.9997950483631288,-120.01204020852364
1.54,source,3,0.9997950483631322,119.98795977213335
1.54,b1,1,0.999673304694807,-0.01197917779687318
1.54,b1,2,0.9996733046948144,-120.01197917780841
1.54,b1,3,0.9996733046948054,119.98802080284848
1.54,b2,1,0.9996355415217171,-0.011408096716278652
1.54,b2,2,0.9996355415217281,-120.01140809672764
1.54,b2,3,0.9996355415217146,119.98859188392929
1.54,b3,1,0.9996345574595867,-0.010853081728600403
1.54,b3,2,0.9996345574595986,-120.01085308174
1.54,b3,3,0.9996345574595851,119.989146898917
1.54,b4,1,0.999644759245535,-0.01025772538123349
1.54,b4,2,0.9996447592455475,-120.01025772539268
1.54,b4,3,0.9996447592455346,119.98974225526435
1.54,b5,1,0.9996146147076922,-0.011269717990740776
1.54,b5,2,0.999614614707705,-120.01126971800201
1.54,b5,3,0.9996146147076894,119.98873026265493
1.54,b6,1,0.9996120146718032,-0.011184366875659175
1.54,b6,2,0.9996120146718157,-120.01118436688695
1.54,b6,3,0.9996120146718004,119.98881561377006
1.54,b7,1,0.9996143700493879,-0.011048158206484015
1.54,b7,2,0.999614370049401,-120.01104815821775
1.54,b7,3,0.9996143700493856,119.98895182243922
1.54,b8,1,0.9996108210875375,-0.012367456955208744
1.54,b8,2,0.9996108210875457,-120.01236745696642
1.54,b8,3,0.999610821087531,119.98763252369038
1.54,b9,1,0.9995997202922843,-0.012233004243191419
1.54,b9,2,0.9995997202922935,-120.01223300425431
1.54,b9,3,0.9995997202922775,119.98776697640245
1.54,b10,1,0.9995993687818238,-0.012010787109037297
1.54,b10,2,0.9995993687818335,-120.01201078712016
1.54,b10,3,0.9995993687818177,119.9879891935366
1.54,b11,1,0.9995845925060295,-0.012687288575097629
1.54,b11,2,0.9995845925060375,-120.01268728858618
1.54,b11,3,0.9995845925060206,119.98731269207056
1.54,b12,1,0.9995760663652761,-0.012771756728710745
1.54,b12,2,0.9995760663652842,-120.01277175673975
1.54,b12,3,0.9995760663652664,119.98722822391699
1.56,source,1,0.9997950483631269,-0.012040208511522228
1.56,source,2,0.9997950483631288,-120.01204020852364
1.56,source,3,0.9997950483631322,119.98795977213335
1.56,b1,1,0.999673304694807,-0.01197917779687318
1.56,b1,2,0.9996733046948144,-120.01197917780841
1.56,b1,3,0.9996733046948054,119.98802080284848
1.56,b2,1,0.9996355415217171,-0.011408096716278652
1.56,b2,2,0.9996355415217281,-120.01140809672764
1.56,b2,3,0.9996355415217146,119.98859188392929
1.56,b3,1,0.9996345574595867,-0.010853081728600403
1.56,b3,2,0.9996345574595986,-120.01085308174
1.56,b3,3,0.9996345574595851,119.989146898917
1.56,b4,1,0.999644759245535,-0.01025772538123349
1.56,b4,2,0.9996447592455475,-120.01025772539268
1.56,b4,3,0.9996447592455346,119.98974225526435
1.56,b5,1,0.9996146147076922,-0.011269717990740776
1.56,b5,2,0.999614614707705,-120.01126971800201
1.56,b5,3,0.9996146147076894,119.98873026265493
1.56,b6,1,0.9996120146718032,-0.011184366875659175
1.56,b6,2,0.9996120146718157,-120.01118436688695
1.56,b6,3,0.9996120146718004,119.98881561377006
1.56,b7,1,0.9996143700493879,-0.011048158206484015
1.56,b7,2,0.999614370049401,-120.01104815821775
1.56,b7,3,0.9996143700493856,119.98895182243922
1.56,b8,1,0.9996108210875375,-0.012367456955208744
1.56,b8,2,0.9996108210875457,-120.01236745696642
1.56,b8,3,0.999610821087531,119.98763252369038
1.56,b9,1,0.9995997202922843,-0.012233004243191419
1.56,b9,2,0.9995997202922935,-120.01223300425431
1.56,b9,3,0.9995997202922775,119.98776697640245
1.56,b10,1,0.9995993687818238,-0.012010787109037297
1.56,b10,2,0.9995993687818335,-120.01201078712016
1.56,b10,3,0.9995993687818177,119.9879891935366
1.56,b11,1,0.9995845925060295,-0.012687288575097629
1.56,b11,2,0.9995845925060375,-120.01268728858618
1.56,b11,3,0.9995845925060206,119.98731269207056
1.56,b12,1,0.9995760663652761,-0.012771756728710745
1.56,b12,2,0.9995760663652842,-120.01277175673975
1.56,b12,3,0.9995760663652664,119.98722822391699
1.58,source,1,0.9997950483631269,-0.012040208511522228
1.58,source,2,0.9997950483631288,-120.01204020852364
1.58,source,3,0.9997950483631322,119.98795977213335
1.58,b1,1,0.999673304694807,-0.01197917779687318
1.58,b1,2,0.9996733046948144,-120.01197917780841
1.58,b1,3,0.9996733046948054,119.98802080284848
1.58,b2,1,0.9996355415217171,-0.011408096716278652
1.58,b2,2,0.9996355415217281,-120.01140809672764
1.58,b2,3,0.9996355415217146,119.98859188392929
1.58,b3,1,0.9996345574595867,-0.010853081728600403
1.58,b3,2,0.9996345574595986,-120.01085308174
1.58,b3,3,0.9996345574595851,119.989146898917
1.58,b4,1,0.999644759245535,-0.01025772538123349
1.58,b4,2,0.9996447592455475,-120.01025772539268
1.58,b4,3,0.9996447592455346,119.98974225526435
1.58,b5,1,0.9996146147076922,-0.011269717990740776
1.58,b5,2,0.999614614707705,-120.01126971800201
1.58,b5,3,0.9996146147076894,119.98873026265493
1.58,b6,1,0.9996120146718032,-0.011184366875659175
1.58,b6,2,0.9996120146718157,-120.01118436688695
1.58,b6,3,0.9996120146718004,119.98881561377006
1.58,b7,1,0.9996143700493879,-0.011048158206484015
1.58,b7,2,0.999614370049401,-120.01104815821775
1.58,b7,3,0.9996143700493856,119.98895182243922
1.58,b8,1,0.9996108210875375,-0.012367456955208744
1.58,b8,2,0.9996108210875457,-120.01236745696642
1.58,b8,3,0.999610821087531,119.98763252369038
1.58,b9,1,0.9995997202922843,-0.012233004243191419
1.58,b9,2,0.9995997202922935,-120.01223300425431
1.58,b9,3,0.9995997202922775,119.98776697640245
1.58,b10,1,0.9995993687818238,-0.012010787109037297
1.58,b10,2,0.9995993687818335,-120.01201078712016
1.58,b10,3,0.9995993687818177,119.9879891935366
1.58,b11,1,0.9995845925060295,-0.012687288575097629
1.58,b11,2,0.9995845925060375,-120.01268728858618
1.58,b11,3,0.9995845925060206,119.98731269207056
1.58,b12,1,0.9995760663652761,-0.012771756728710745
1.58,b12,2,0.9995760663652842,-120.01277175673975
1.58,b12,3,0.9995760663652664,119.98722822391699
1.6,source,1,0.9997950483631269,-0.012040208511522228
1.6,source,2,0.9997950483631288,-120.01204020852364
1.6,source,3,0.9997950483631322,119.98795977213335
1.6,b1,1,0.999673304694807,-0.01197917779687318
1.6,b1,2,0.9996733046948144,-120.01197917780841
1.6,b1,3,0.9996733046948054,119.98802080284848
1.6,b2,1,0.9996355415217171,-0.011408096716278652
1.6,b2,2,0.9996355415217281,-120.01140809672764
1.6,b2,3,0.9996355415217146,119.98859188392929
1.6,b3,1,0.9996345574595867,-0.010853081728600403
1.6,b3,2,0.9996345574595986,-120.01085308174
1.6,b3,3,0.9996345574595851,119.989146898917
1.6,b4,1,0.999644759245535,-0.01025772538123349
1.6,b4,2,0.9996447592455475,-120.01025772539268
1.6,b4,3,0.9996447592455346,119.98974225526435
1.6,b5,1,0.9996146147076922,-0.011269717990740776
1.6,b5,2,0.999614614707705,-120.01126971800201
1.6,b5,3,0.9996146147076894,119.98873026265493
1.6,b6,1,0.9996120146718032,-0.011184366875659175
1.6,b6,2,0.9996120146718157,-120.01118436688695
1.6,b6,3,0.9996120146718004,119.98881561377006
1.6,b7,1,0.9996143700493879,-0.011048158206484015
1.6,b7,2,0.999614370049401,-120.01104815821775
1.6,b7,3,0.9996143700493856,119.98895182243922
1.6,b8,1,0.9996108210875375,-0.012367456955208744
1.6,b8,2,0.9996108210875457,-120.01236745696642
1.6,b8,3,0.999610821087531,119.98763252369038
1.6,b9,1,0.9995997202922843,-0.012233004243191419
1.6,b9,2,0.9995997202922935,-120.01223300425431
1.6,b9,3,0.9995997202922775,119.98776697640245
1.6,b10,1,0.9995993687818238,-0.012010787109037297
1.6,b10,2,0.9995993687818335,-120.01201078712016
1.6,b10,3,0.9995993687818177,119.9879891935366
1.6,b11,1,0.9995845925060295,-0.012687288575097629
1.6,b11,2,0.9995845925060375,-120.01268728858618
1.6,b11,3,0.9995845925060206,119.98731269207056
1.6,b12,1,0.9995760663652761,-0.012771756728710745
1.6,b12,2,0.9995760663652842,-120.01277175673975
1.6,b12,3,0.9995760663652664,119.98722822391699
1.62,source,1,0.9997950483631269,-0.012040208511522228
1.62,source,2,0.9997950483631288,-120.01204020852364
1.62,source,3,0.9997950483631322,119.98795977213335
1.62,b1,1,0.999673304694807,-0.01197917779687318
1.62,b1,2,0.9996733046948144,-120.01197917780841
1.62,b1,3,0.9996733046948054,119.98802080284848
1.62,b2,1,0.9996355415217171,-0.011408096716278652
1.62,b2,2,0.9996355415217281,-120.01140809672764
1.62,b2,3,0.9996355415217146,119.98859188392929
1.62,b3,1,0.9996345574595867,-0.010853081728600403
1.62,b3,2,0.9996345574595986,-120.01085308174
1.62,b3,3,0.9996345574595851,119.989146898917
1.62,b4,1,0.999644759245535,-0.01025772538123349
1.62,b4,2,0.9996447592455475,-120.01025772539268
1.62,b4,3,0.9996447592455346,119.98974225526435
1.62,b5,1,0.9996146147076922,-0.011269717990740776
1.62,b5,2,0.999614614707705,-120.01126971800201
1.62,b5,3,0.9996146147076894,119.98873026265493
1.62,b6,1,0.9996120146718032,-0.011184366875659175
1.62,b6,2,0.9996120146718157,-120.01118436688695
1.62,b6,3,0.9996120146718004,119.98881561377006
1.62,b7,1,0.9996143700493879,-0.011048158206484015
1.62,b7,2,0.999614370049401,-120.01104815821775
1.62,b7,3,0.9996143700493856,119.98895182243922
1.62,b8,1,0.9996108210875375,-0.012367456955208744
1.62,b8,2,0.9996108210875457,-120.01236745696642
1.62,b8,3,0.999610821087531,119.98763252369038
1.62,b9,1,0.9995997202922843,-0.012233004243191419
1.62,b9,2,0.9995997202922935,-120.01223300425431
1.62,b9,3,0.9995997202922775,119.98776697640245
1.62,b10,1,0.9995993687818238,-0.012010787109037297
1.62,b10,2,0.9995993687818335,-120.01201078712016
1.62,b10,3,0.9995993687818177,119.9879891935366
1.62,b11,1,0.9995845925060295,-0.012687288575097629
1.62,b11,2,0.9995845925060375,-120.01268728858618
1.62,b11,3,0.9995845925060206,119.98731269207056
1.62,b12,1,0.9995760663652761,-0.012771756728710745
1.62,b12,2,0.9995760663652842,-120.01277175673975
1.62,b12,3,0.9995760663652664,119.98722822391699
1.6400000000000001,source,1,0.9997950483631269,-0.012040208511522228
1.6400000000000001,source,2,0.9997950483631288,-120.01204020852364
1.6400000000000001,source,3,0.9997950483631322,119.98795977213335
1.6400000000000001,b1,1,0.999673304694807,-0.01197917779687318
1.6400000000000001,b1,2,0.9996733046948144,-120.01197917780841
1.6400000000000001,b1,3,0.9996733046948054,119.98802080284848
1.6400000000000001,b2,1,0.9996355415217171,-0.011408096716278652
1.6400000000000001,b2,2,0.9996355415217281,-120.01140809672764
1.6400000000000001,b2,3,0.9996355415217146,119.98859188392929
1.6400000000000001,b3,1,0.9996345574595867,-0.010853081728600403
1.6400000000000001,b3,2,0.9996345574595986,-120.01085308174
1.6400000000000001,b3,3,0.9996345574595851,119.989146898917
1.6400000000000001,b4,1,0.999644759245535,-0.01025772538123349
1.6400000000000001,b4,2,0.9996447592455475,-120.01025772539268
1.6400000000000001,b4,3,0.9996447592455346,119.98974225526435
1.6400000000000001,b5,1,0.9996146147076922,-0.011269717990740776
1.6400000000000001,b5,2,0.999614614707705,-120.01126971800201
1.6400000000000001,b5,3,0.9996146147076894,119.98873026265493
1.6400000000000001,b6,1,0.9996120146718032,-0.011184366875659175
1.6400000000000001,b6,2,0.9996120146718157,-120.01118436688695
1.6400000000000001,b6,3,0.9996120146718004,119.98881561377006
1.6400000000000001,b7,1,0.9996143700493879,-0.011048158206484015
1.6400000000000001,b7,2,0.999614370049401,-120.01104815821775
1.6400000000000001,b7,3,0.9996143700493856,119.98895182243922
1.6400000000000001,b8,1,0.9996108210875375,-0.012367456955208744
1.6400000000000001,b8,2,0.9996108210875457,-120.01236745696642
1.6400000000000001,b8,3,0.999610821087531,119.98763252369038
1.6400000000000001,b9,1,0.9995997202922843,-0.012233004243191419
1.6400000000000001,b9,2,0.9995997202922935,-120.01223300425431
1.6400000000000001,b9,3,0.9995997202922775,119.98776697640245
1.6400000000000001,b10,1,0.9995993687818238,-0.012010787109037297
1.6400000000000001,b10,2,0.9995993687818335,-120.01201078712016
1.6400000000000001,b10,3,0.9995993687818177,119.9879891935366
1.6400000000000001,b11,1,0.9995845925060295,-0.012687288575097629
1.6400000000000001,b11,2,0.9995845925060375,-120.01268728858618
1.6400000000000001,b11,3,0.9995845925060206,119.98731269207056
1.6400000000000001,b12,1,0.9995760663652761,-0.012771756728710745
1.6400000000000001,b12,2,0.9995760663652842,-120.01277175673975
1.6400000000000001,b12,3,0.9995760663652664,119.98722822391699
1.6600000000000001,source,1,0.9997950483631269,-0.012040208511522228
1.6600000000000001,source,2,0.9997950483631288,-120.01204020852364
1.6600000000000001,source,3,0.9997950483631322,119.98795977213335
1.6600000000000001,b1,1,0.999673304694807,-0.01197917779687318
1.6600000000000001,b1,2,0.9996733046948144,-120.01197917780841
1.6600000000000001,b1,3,0.9996733046948054,119.98802080284848
1.6600000000000001,b2,1,0.9996355415217171,-0.011408096716278652
1.6600000000000001,b2,2,0.9996355415217281,-120.01140809672764
1.6600000000000001,b2,3,0.9996355415217146,119.98859188392929
1.6600000000000001,b3,1,0.9996345574595867,-0.010853081728600403
1.6600000000000001,b3,2,0.9996345574595986,-120.01085308174
1.6600000000000001,b3,3,0.9996345574595851,119.989146898917
1.6600000000000001,b4,1,0.999644759245535,-0.01025772538123349
1.6600000000000001,b4,2,0.9996447592455475,-120.01025772539268
1.6600000000000001,b4,3,0.9996447592455346,119.98974225526435
1.6600000000000001,b5,1,0.9996146147076922,-0.011269717990740776
1.6600000000000001,b5,2,0.999614614707705,-120.01126971800201
1.6600000000000001,b5,3,0.9996146147076894,119.98873026265493
1.6600000000000001,b6,1,0.9996120146718032,-0.011184366875659175
1.6600000000000001,b6,2,0.9996120146718157,-120.01118436688695
1.6600000000000001,b6,3,0.9996120146718004,119.98881561377006
1.6600000000000001,b7,1,0.9996143700493879,-0.011048158206484015
1.6600000000000001,b7,2,0.999614370049401,-120.01104815821775
1.6600000000000001,b7,3,0.9996143700493856,119.98895182243922
1.6600000000000001,b8,1,0.9996108210875375,-0.012367456955208744
1.6600000000000001,b8,2,0.9996108210875457,-120.01236745696642
1.6600000000000001,b8,3,0.999610821087531,119.98763252369038
1.6600000000000001,b9,1,0.9995997202922843,-0.012233004243191419
1.6600000000000001,b9,2,0.9995997202922935,-120.01223300425431
1.6600000000000001,b9,3,0.9995997202922775,119.98776697640245
1.6600000000000001,b10,1,0.9995993687818238,-0.012010787109037297
1.6600000000000001,b10,2,0.9995993687818335,-120.01201078712016
1.6600000000000001,b10,3,0.9995993687818177,119.9879891935366
1.6600000000000001,b11,1,0.9995845925060295,-0.012687288575097629
1.6600000000000001,b11,2,0.9995845925060375,-120.01268728858618
1.6600000000000001,b11,3,0.9995845925060206,119.98731269207056
1.6600000000000001,b12,1,0.9995760663652761,-0.012771756728710745
1.6600000000000001,b12,2,0.9995760663652842,-120.01277175673975
1.6600000000000001,b12,3,0.9995760663652664,119.98722822391699
1.68,source,1,0.9997950483631269,-0.012040208511522228
1.68,source,2,0.9997950483631288,-120.01204020852364
1.68,source,3,0.9997950483631322,119.98795977213335
1.68,b1,1,0.999673304694807,-0.01197917779687318
1.68,b1,2,0.9996733046948144,-120.01197917780841
1.68,b1,3,0.9996733046948054,119.98802080284848
1.68,b2,1,0.9996355415217171,-0.011408096716278652
1.68,b2,2,0.9996355415217281,-120.01140809672764
1.68,b2,3,0.9996355415217146,119.98859188392929
1.68,b3,1,0.9996345574595867,-0.010853081728600403
1.68,b3,2,0.9996345574595986,-120.01085308174
1.68,b3,3,0.9996345574595851,119.989146898917
1.68,b4,1,0.999644759245535,-0.01025772538123349
1.68,b4,2,0.9996447592455475,-120.01025772539268
1.68,b4,3,0.9996447592455346,119.98974225526435
1.68,b5,1,0.9996146147076922,-0.011269717990740776
1.68,b5,2,0.999614614707705,-120.01126971800201
1.68,b5,3,0.9996146147076894,119.98873026265493
1.68,b6,1,0.9996120146718032,-0.011184366875659175
1.68,b6,2,0.9996120146718157,-120.01118436688695
1.68,b6,3,0.9996120146718004,119.98881561377006
1.68,b7,1,0.9996143700493879,-0.011048158206484015
1.68,b7,2,0.999614370049401,-120.01104815821775
1.68,b7,3,0.9996143700493856,119.98895182243922
1.68,b8,1,0.9996108210875375,-0.012367456955208744
1.68,b8,2,0.9996108210875457,-120.01236745696642
1.68,b8,3,0.999610821087531,119.98763252369038
1.68,b9,1,0.9995997202922843,-0.012233004243191419
1.68,b9,2,0.9995997202922935,-120.01223300425431
1.68,b9,3,0.9995997202922775,119.98776697640245
1.68,b10,1,0.9995993687818238,-0.012010787109037297
1.68,b10,2,0.9995993687818335,-120.01201078712016
1.68,b10,3,0.9995993687818177,119.9879891935366
1.68,b11,1,0.9995845925060295,-0.012687288575097629
1.68,b11,2,0.9995845925060375,-120.01268728858618
1.68,b11,3,0.9995845925060206,119.98731269207056
1.68,b12,1,0.9995760663652761,-0.012771756728710745
1.68,b12,2,0.9995760663652842,-120.01277175673975
1.68,b12,3,0.9995760663652664,119.98722822391699
1.7,source,1,0.9997950483631269,-0.012040208511522228
1.7,source,2,0.9997950483631288,-120.01204020852364
1.7,source,3,0.9997950483631322,119.98795977213335
1.7,b1,1,0.999673304694807,-0.01197917779687318
1.7,b1,2,0.9996733046948144,-120.01197917780841
1.7,b1,3,0.9996733046948054,119.98802080284848
1.7,b2,1,0.9996355415217171,-0.011408096716278652
1.7,b2,2,0.9996355415217281,-120.01140809672764
1.7,b2,3,0.9996355415217146,119.98859188392929
1.7,b3,1,0.9996345574595867,-0.010853081728600403
1.7,b3,2,0.9996345574595986,-120.01085308174
1.7,b3,3,0.9996345574595851,119.989146898917
1.7,b4,1,0.999644759245535,-0.01025772538123349
1.7,b4,2,0.9996447592455475,-120.01025772539268
1.7,b4,3,0.9996447592455346,119.98974225526435
1.7,b5,1,0.9996146147076922,-0.011269717990740776
1.7,b5,2,0.999614614707705,-120.01126971800201
1.7,b5,3,0.9996146147076894,119.98873026265493
1.7,b6,1,0.9996120146718032,-0.011184366875659175
1.7,b6,2,0.9996120146718157,-120.01118436688695
1.7,b6,3,0.9996120146718004,119.98881561377006
1.7,b7,1,0.9996143700493879,-0.011048158206484015
1.7,b7,2,0.999614370049401,-120.01104815821775
1.7,b7,3,0.9996143700493856,119.98895182243922
1.7,b8,1,0.9996108210875375,-0.012367456955208744
1.7,b8,2,0.9996108210875457,-120.01236745696642
1.7,b8,3,0.999610821087531,119.98763252369038
1.7,b9,1,0.9995997202922843,-0.012233004243191419
1.7,b9,2,0.9995997202922935,-120.01223300425431
1.7,b9,3,0.9995997202922775,119.98776697640245
1.7,b10,1,0.9995993687818238,-0.012010787109037297
1.7,b10,2,0.9995993687818335,-120.01201078712016
1.7,b10,3,0.9995993687818177,119.9879891935366
1.7,b11,1,0.9995845925060295,-0.012687288575097629
1.7,b11,2,0.9995845925060375,-120.01268728858618
1.7,b11,3,0.9995845925060206,119.98731269207056
1.7,b12,1,0.9995760663652761,-0.012771756728710745
1.7,b12,2,0.9995760663652842,-120.01277175673975
1.7,b12,3,0.9995760663652664,119.98722822391699
1.72,source,1,0.9997950483631269,-0.012040208511522228
1.72,source,2,0.9997950483631288,-120.01204020852364
1.72,source,3,0.9997950483631322,119.98795977213335
1.72,b1,1,0.999673304694807,-0.01197917779687318
1.72,b1,2,0.9996733046948144,-120.01197917780841
1.72,b1,3,0.9996733046948054,119.98802080284848
1.72,b2,1,0.9996355415217171,-0.011408096716278652
1.72,b2,2,0.9996355415217281,-120.01140809672764
1.72,b2,3,0.9996355415217146,119.98859188392929
1.72,b3,1,0.9996345574595867,-0.010853081728600403
1.72,b3,2,0.9996345574595986,-120.01085308174
1.72,b3,3,0.9996345574595851,119.989146898917
1.72,b4,1,0.999644759245535,-0.01025772538123349
1.72,b4,2,0.9996447592455475,-120.01025772539268
1.72,b4,3,0.9996447592455346,119.98974225526435
1.72,b5,1,0.9996146147076922,-0.011269717990740776
1.72,b5,2,0.999614614707705,-120.01126971800201
1.72,b5,3,0.9996146147076894,119.98873026265493
1.72,b6,1,0.9996120146718032,-0.011184366875659175
1.72,b6,2,0.9996120146718157,-120.01118436688695
1.72,b6,3,0.9996120146718004,119.98881561377006
1.72,b7,1,0.9996143700493879,-0.011048158206484015
1.72,b7,2,0.999614370049401,-120.01104815821775
1.72,b7,3,0.9996143700493856,119.98895182243922
1.72,b8,1,0.9996108210875375,-0.012367456955208744
1.72,b8,2,0.9996108210875457,-120.01236745696642
1.72,b8,3,0.999610821087531,119.98763252369038
1.72,b9,1,0.9995997202922843,-0.012233004243191419
1.72,b9,2,0.9995997202922935,-120.01223300425431
1.72,b9,3,0.9995997202922775,119.98776697640245
1.72,b10,1,0.9995993687818238,-0.012010787109037297
1.72,b10,2,0.9995993687818335,-120.01201078712016
1.72,b10,3,0.9995993687818177,119.9879891935366
1.72,b11,1,0.9995845925060295,-0.012687288575097629
1.72,b11,2,0.9995845925060375,-120.01268728858618
1.72,b11,3,0.9995845925060206,119.98731269207056
1.72,b12,1,0.9995760663652761,-0.012771756728710745
1.72,b12,2,0.9995760663652842,-120.01277175673975
1.72,b12,3,0.9995760663652664,119.98722822391699
1.74,source,1,0.9997950483631269,-0.012040208511522228
1.74,source,2,0.9997950483631288,-120.01204020852364
1.74,source,3,0.9997950483631322,119.98795977213335
1.74,b1,1,0.999673304694807,-0.01197917779687318
1.74,b1,2,0.9996733046948144,-120.01197917780841
1.74,b1,3,0.9996733046948054,119.98802080284848
1.74,b2,1,0.9996355415217171,-0.011408096716278652
1.74,b2,2,0.9996355415217281,-120.01140809672764
1.74,b2,3,0.9996355415217146,119.98859188392929
1.74,b3,1,0.9996345574595867,-0.010853081728600403
1.74,b3,2,0.9996345574595986,-120.01085308174
1.74,b3,3,0.9996345574595851,119.989146898917
1.74,b4,1,0.999644759245535,-0.01025772538123349
1.74,b4,2,0.9996447592455475,-120.01025772539268
1.74,b4,3,0.9996447592455346,119.98974225526435
1.74,b5,1,0.9996146147076922,-0.011269717990740776
1.74,b5,2,0.999614614707705,-120.01126971800201
1.74,b5,3,0.9996146147076894,119.98873026265493
1.74,b6,1,0.9996120146718032,-0.011184366875659175
1.74,b6,2,0.9996120146718157,-120.01118436688695
1.74,b6,3,0.9996120146718004,119.98881561377006
1.74,b7,1,0.9996143700493879,-0.011048158206484015
1.74,b7,2,0.999614370049401,-120.01104815821775
1.74,b7,3,0.9996143700493856,119.98895182243922
1.74,b8,1,0.9996108210875375,-0.012367456955208744
1.74,b8,2,0.9996108210875457,-120.01236745696642
1.74,b8,3,0.999610821087531,119.98763252369038
1.74,b9,1,0.9995997202922843,-0.012233004243191419
1.74,b9,2,0.9995997202922935,-120.01223300425431
1.74,b9,3,0.9995997202922775,119.98776697640245
1.74,b10,1,0.9995993687818238,-0.012010787109037297
1.74,b10,2,0.9995993687818335,-120.01201078712016
1.74,b10,3,0.9995993687818177,119.9879891935366
1.74,b11,1,0.9995845925060295,-0.012687288575097629
1.74,b11,2,0.9995845925060375,-120.01268728858618
1.74,b11,3,0.9995845925060206,119.98731269207056
1.74,b12,1,0.9995760663652761,-0.012771756728710745
1.74,b12,2,0.9995760663652842,-120.01277175673975
1.74,b12,3,0.9995760663652664,119.98722822391699
1.76,source,1,0.9997950483631269,-0.012040208511522228
1.76,source,2,0.9997950483631288,-120.01204020852364
1.76,source,3,0.9997950483631322,119.98795977213335
1.76,b1,1,0.999673304694807,-0.01197917779687318
1.76,b1,2,0.9996733046948144,-120.01197917780841
1.76,b1,3,0.9996733046948054,119.98802080284848
1.76,b2,1,0.9996355415217171,-0.011408096716278652
1.76,b2,2,0.9996355415217281,-120.01140809672764
1.76,b2,3,0.9996355415217146,119.98859188392929
1.76,b3,1,0.9996345574595867,-0.010853081728600403
1.76,b3,2,0.9996345574595986,-120.01085308174
1.76,b3,3,0.9996345574595851,119.989146898917
1.76,b4,1,0.999644759245535,-0.01025772538123349
1.76,b4,2,0.9996447592455475,-120.01025772539268
1.76,b4,3,0.9996447592455346,119.98974225526435
1.76,b5,1,0.9996146147076922,-0.011269717990740776
1.76,b5,2,0.999614614707705,-120.01126971800201
1.76,b5,3,0.9996146147076894,119.98873026265493
1.76,b6,1,0.9996120146718032,-0.011184366875659175
1.76,b6,2,0.9996120146718157,-120.01118436688695
1.76,b6,3,0.9996120146718004,119.98881561377006
1.76,b7,1,0.9996143700493879,-0.011048158206484015
1.76,b7,2,0.999614370049401,-120.01104815821775
1.76,b7,3,0.9996143700493856,119.98895182243922
1.76,b8,1,0.9996108210875375,-0.012367456955208744
1.76,b8,2,0.9996108210875457,-120.01236745696642
1.76,b8,3,0.999610821087531,119.98763252369038
1.76,b9,1,0.9995997202922843,-0.012233004243191419
1.76,b9,2,0.9995997202922935,-120.01223300425431
1.76,b9,3,0.9995997202922775,119.98776697640245
1.76,b10,1,0.9995993687818238,-0.012010787109037297
1.76,b10,2,0.9995993687818335,-120.01201078712016
1.76,b10,3,0.9995993687818177,119.9879891935366
1.76,b11,1,0.9995845925060295,-0.012687288575097629
1.76,b11,2,0.9995845925060375,-120.01268728858618
1.76,b11,3,0.9995845925060206,119.98731269207056
1.76,b12,1,0.9995760663652761,-0.012771756728710745
1.76,b12,2,0.9995760663652842,-120.01277175673975
1.76,b12,3,0.9995760663652664,119.98722822391699
1.78,source,1,0.9997950483631269,-0.012040208511522228
1.78,source,2,0.9997950483631288,-120.01204020852364
1.78,source,3,0.9997950483631322,119.98795977213335
1.78,b1,1,0.999673304694807,-0.01197917779687318
1.78,b1,2,0.9996733046948144,-120.01197917780841
1.78,b1,3,0.9996733046948054,119.98802080284848
1.78,b2,1,0.9996355415217171,-0.011408096716278652
1.78,b2,2,0.9996355415217281,-120.01140809672764
1.78,b2,3,0.9996355415217146,119.98859188392929
1.78,b3,1,0.9996345574595867,-0.010853081728600403
1.78,b3,2,0.9996345574595986,-120.01085308174
1.78,b3,3,0.9996345574595851,119.989146898917
1.78,b4,1,0.999644759245535,-0.01025772538123349
1.78,b4,2,0.9996447592455475,-120.01025772539268
1.78,b4,3,0.9996447592455346,119.98974225526435
1.78,b5,1,0.9996146147076922,-0.011269717990740776
1.78,b5,2,0.999614614707705,-120.01126971800201
1.78,b5,3,0.9996146147076894,119.98873026265493
1.78,b6,1,0.9996120146718032,-0.011184366875659175
1.78,b6,2,0.9996120146718157,-120.01118436688695
1.78,b6,3,0.9996120146718004,119.98881561377006
1.78,b7,1,0.9996143700493879,-0.011048158206484015
1.78,b7,2,0.999614370049401,-120.01104815821775
1.78,b7,3,0.9996143700493856,119.98895182243922
1.78,b8,1,0.9996108210875375,-0.012367456955208744
1.78,b8,2,0.9996108210875457,-120.01236745696642
1.78,b8,3,0.999610821087531,119.98763252369038
1.78,b9,1,0.9995997202922843,-0.012233004243191419
1.78,b9,2,0.9995997202922935,-120.01223300425431
1.78,b9,3,0.9995997202922775,119.98776697640245
1.78,b10,1,0.9995993687818238,-0.012010787109037297
1.78,b10,2,0.9995993687818335,-120.01201078712016
1.78,b10,3,0.9995993687818177,119.9879891935366
1.78,b11,1,0.9995845925060295,-0.012687288575097629
1.78,b11,2,0.9995845925060375,-120.01268728858618
1.78,b11,3,0.9995845925060206,119.98731269207056
1.78,b12,1,0.9995760663652761,-0.012771756728710745
1.78,b12,2,0.9995760663652842,-120.01277175673975
1.78,b12,3,0.9995760663652664,119.98722822391699
1.8,source,1,0.9997950483631269,-0.012040208511522228
1.8,source,2,0.9997950483631288,-120.01204020852364
1.8,source,3,0.9997950483631322,119.98795977213335
1.8,b1,1,0.999673304694807,-0.01197917779687318
1.8,b1,2,0.9996733046948144,-120.01197917780841
1.8,b1,3,0.9996733046948054,119.98802080284848
1.8,b2,1,0.9996355415217171,-0.011408096716278652
1.8,b2,2,0.9996355415217281,-120.01140809672764
1.8,b2,3,0.9996355415217146,119.98859188392929
1.8,b3,1,0.9996345574595867,-0.010853081728600403
1.8,b3,2,0.9996345574595986,-120.01085308174
1.8,b3,3,0.9996345574595851,119.989146898917
1.8,b4,1,0.999644759245535,-0.01025772538123349
1.8,b4,2,0.9996447592455475,-120.01025772539268
1.8,b4,3,0.9996447592455346,119.98974225526435
1.8,b5,1,0.9996146147076922,-0.011269717990740776
1.8,b5,2,0.999614614707705,-120.01126971800201
1.8,b5,3,0.9996146147076894,119.98873026265493
1.8,b6,1,0.9996120146718032,-0.011184366875659175
1.8,b6,2,0.9996120146718157,-120.01118436688695
1.8,b6,3,0.9996120146718004,119.98881561377006
1.8,b7,1,0.9996143700493879,-0.011048158206484015
1.8,b7,2,0.999614370049401,-120.01104815821775
1.8,b7,3,0.9996143700493856,119.98895182243922
1.8,b8,1,0.9996108210875375,-0.012367456955208744
1.8,b8,2,0.9996108210875457,-120.01236745696642
1.8,b8,3,0.999610821087531,119.98763252369038
1.8,b9,1,0.9995997202922843,-0.012233004243191419
1.8,b9,2,0.9995997202922935,-120.01223300425431
1.8,b9,3,0.9995997202922775,119.98776697640245
1.8,b10,1,0.9995993687818238,-0.012010787109037297
1.8,b10,2,0.9995993687818335,-120.01201078712016
1.8,b10,3,0.9995993687818177,119.9879891935366
1.8,b11,1,0.9995845925060295,-0.012687288575097629
1.8,b11,2,0.9995845925060375,-120.01268728858618
1.8,b11,3,0.9995845925060206,119.98731269207056
1.8,b12,1,0.9995760663652761,-0.012771756728710745
1.8,b12,2,0.9995760663652842,-120.01277175673975
1.8,b12,3,0.9995760663652664,119.98722822391699
1.82,source,1,0.9997950483631269,-0.012040208511522228
1.82,source,2,0.9997950483631288,-120.01204020852364
1.82,source,3,0.9997950483631322,119.98795977213335
1.82,b1,1,0.999673304694807,-0.01197917779687318
1.82,b1,2,0.9996733046948144,-120.01197917780841
1.82,b1,3,0.9996733046948054,119.98802080284848
1.82,b2,1,0.9996355415217171,-0.011408096716278652
1.82,b2,2,0.9996355415217281,-120.01140809672764
1.82,b2,3,0.9996355415217146,119.98859188392929
1.82,b3,1,0.9996345574595867,-0.010853081728600403
1.82,b3,2,0.9996345574595986,-120.01085308174
1.82,b3,3,0.9996345574595851,119.989146898917
1.82,b4,1,0.999644759245535,-0.01025772538123349
1.82,b4,2,0.9996447592455475,-120.01025772539268
1.82,b4,3,0.9996447592455346,119.98974225526435
1.82,b5,1,0.9996146147076922,-0.011269717990740776
1.82,b5,2,0.999614614707705,-120.01126971800201
1.82,b5,3,0.9996146147076894,119.98873026265493
1.82,b6,1,0.9996120146718032,-0.011184366875659175
1.82,b6,2,0.9996120146718157,-120.01118436688695
1.82,b6,3,0.9996120146718004,119.98881561377006
1.82,b7,1,0.9996143700493879,-0.011048158206484015
1.82,b7,2,0.999614370049401,-120.01104815821775
1.82,b7,3,0.9996143700493856,119.98895182243922
1.82,b8,1,0.9996108210875375,-0.012367456955208744
1.82,b8,2,0.9996108210875457,-120.01236745696642
1.82,b8,3,0.999610821087531,119.98763252369038
1.82,b9,1,0.9995997202922843,-0.012233004243191419
1.82,b9,2,0.9995997202922935,-120.01223300425431
1.82,b9,3,0.9995997202922775,119.98776697640245
1.82,b10,1,0.9995993687818238,-0.012010787109037297
1.82,b10,2,0.9995993687818335,-120.01201078712016
1.82,b10,3,0.9995993687818177,119.9879891935366
1.82,b11,1,0.9995845925060295,-0.012687288575097629
1.82,b11,2,0.9995845925060375,-120.01268728858618
1.82,b11,3,0.9995845925060206,119.98731269207056
1.82,b12,1,0.9995760663652761,-0.012771756728710745
1.82,b12,2,0.9995760663652842,-120.01277175673975
1.82,b12,3,0.9995760663652664,119.98722822391699
1.84,source,1,0.9997950483631269,-0.012040208511522228
1.84,source,2,0.9997950483631288,-120.01204020852364
1.84,source,3,0.9997950483631322,119.98795977213335
1.84,b1,1,0.999673304694807,-0.01197917779687318
1.84,b1,2,0.9996733046948144,-120.01197917780841
1.84,b1,3,0.9996733046948054,119.98802080284848
1.84,b2,1,0.9996355415217171,-0.011408096716278652
1.84,b2,2,0.9996355415217281,-120.01140809672764
1.84,b2,3,0.9996355415217146,119.98859188392929
1.84,b3,1,0.9996345574595867,-0.010853081728600403
1.84,b3,2,0.9996345574595986,-120.01085308174
1.84,b3,3,0.9996345574595851,119.989146898917
1.84,b4,1,0.999644759245535,-0.01025772538123349
1.84,b4,2,0.9996447592455475,-120.01025772539268
1.84,b4,3,0.9996447592455346,119.98974225526435
1.84,b5,1,0.9996146147076922,-0.011269717990740776
1.84,b5,2,0.999614614707705,-120.01126971800201
1.84,b5,3,0.9996146147076894,119.98873026265493
1.84,b6,1,0.9996120146718032,-0.011184366875659175
1.84,b6,2,0.9996120146718157,-120.01118436688695
1.84,b6,3,0.9996120146718004,119.98881561377006
1.84,b7,1,0.9996143700493879,-0.011048158206484015
1.84,b7,2,0.999614370049401,-120.01104815821775
1.84,b7,3,0.9996143700493856,119.98895182243922
1.84,b8,1,0.9996108210875375,-0.012367456955208744
1.84,b8,2,0.9996108210875457,-120.01236745696642
1.84,b8,3,0.999610821087531,119.98763252369038
1.84,b9,1,0.9995997202922843,-0.012233004243191419
1.84,b9,2,0.9995997202922935,-120.01223300425431
1.84,b9,3,0.9995997202922775,119.98776697640245
1.84,b10,1,0.9995993687818238,-0.012010787109037297
1.84,b10,2,0.9995993687818335,-120.01201078712016
1.84,b10,3,0.9995993687818177,119.9879891935366
1.84,b11,1,0.9995845925060295,-0.012687288575097629
1.84,b11,2,0.9995845925060375,-120.01268728858618
1.84,b11,3,0.9995845925060206,119.98731269207056
1.84,b12,1,0.9995760663652761,-0.012771756728710745
1.84,b12,2,0.9995760663652842,-120.01277175673975
1.84,b12,3,0.9995760663652664,119.98722822391699
1.86,source,1,0.9997950483631269,-0.012040208511522228
1.86,source,2,0.9997950483631288,-120.01204020852364
1.86,source,3,0.9997950483631322,119.98795977213335
1.86,b1,1,0.999673304694807,-0.01197917779687318
1.86,b1,2,0.9996733046948144,-120.01197917780841
1.86,b1,3,0.9996733046948054,119.98802080284848
1.86,b2,1,0.9996355415217171,-0.011408096716278652
1.86,b2,2,0.9996355415217281,-120.01140809672764
1.86,b2,3,0.9996355415217146,119.98859188392929
1.86,b3,1,0.9996345574595867,-0.010853081728600403
1.86,b3,2,0.9996345574595986,-120.01085308174
1.86,b3,3,0.9996345574595851,119.989146898917
1.86,b4,1,0.999644759245535,-0.01025772538123349
1.86,b4,2,0.9996447592455475,-120.01025772539268
1.86,b4,3,0.9996447592455346,119.98974225526435
1.86,b5,1,0.9996146147076922,-0.011269717990740776
1.86,b5,2,0.999614614707705,-120.01126971800201
1.86,b5,3,0.9996146147076894,119.98873026265493
1.86,b6,1,0.9996120146718032,-0.011184366875659175
1.86,b6,2,0.9996120146718157,-120.01118436688695
1.86,b6,3,0.9996120146718004,119.98881561377006
1.86,b7,1,0.9996143700493879,-0.011048158206484015
1.86,b7,2,0.999614370049401,-120.01104815821775
1.86,b7,3,0.9996143700493856,119.98895182243922
1.86,b8,1,0.9996108210875375,-0.012367456955208744
1.86,b8,2,0.9996108210875457,-120.01236745696642
1.86,b8,3,0.999610821087531,119.98763252369038
1.86,b9,1,0.9995997202922843,-0.012233004243191419
1.86,b9,2,0.9995997202922935,-120.01223300425431
1.86,b9,3,0.9995997202922775,119.98776697640245
1.86,b10,1,0.9995993687818238,-0.012010787109037297
1.86,b10,2,0.9995993687818335,-120.01201078712016
1.86,b10,3,0.9995993687818177,119.9879891935366
1.86,b11,1,0.9995845925060295,-0.012687288575097629
1.86,b11,2,0.9995845925060375,-120.01268728858618
1.86,b11,3,0.9995845925060206,119.98731269207056
1.86,b12,1,0.9995760663652761,-0.012771756728710745
1.86,b12,2,0.9995760663652842,-120.01277175673975
1.86,b12,3,0.9995760663652664,119.98722822391699
1.8800000000000001,source,1,0.9997950483631269,-0.012040208511522228
1.8800000000000001,source,2,0.9997950483631288,-120.01204020852364
1.8800000000000001,source,3,0.9997950483631322,119.98795977213335
1.8800000000000001,b1,1,0.999673304694807,-0.01197917779687318
1.8800000000000001,b1,2,0.9996733046948144,-120.01197917780841
1.8800000000000001,b1,3,0.9996733046948054,119.98802080284848
1.8800000000000001,b2,1,0.9996355415217171,-0.011408096716278652
1.8800000000000001,b2,2,0.9996355415217281,-120.01140809672764
1.8800000000000001,b2,3,0.9996355415217146,119.98859188392929
1.8800000000000001,b3,1,0.9996345574595867,-0.010853081728600403
1.8800000000000001,b3,2,0.9996345574595986,-120.01085308174
1.8800000000000001,b3,3,0.9996345574595851,119.989146898917
1.8800000000000001,b4,1,0.999644759245535,-0.01025772538123349
1.8800000000000001,b4,2,0.9996447592455475,-120.01025772539268
1.8800000000000001,b4,3,0.9996447592455346,119.98974225526435
1.8800000000000001,b5,1,0.9996146147076922,-0.011269717990740776
1.8800000000000001,b5,2,0.999614614707705,-120.01126971800201
1.8800000000000001,b5,3,0.9996146147076894,119.98873026265493
1.8800000000000001,b6,1,0.9996120146718032,-0.011184366875659175
1.8800000000000001,b6,2,0.9996120146718157,-120.01118436688695
1.8800000000000001,b6,3,0.9996120146718004,119.98881561377006
1.8800000000000001,b7,1,0.9996143700493879,-0.011048158206484015
1.8800000000000001,b7,2,0.999614370049401,-120.01104815821775
1.8800000000000001,b7,3,0.9996143700493856,119.98895182243922
1.8800000000000001,b8,1,0.9996108210875375,-0.012367456955208744
1.8800000000000001,b8,2,0.9996108210875457,-120.01236745696642
1.8800000000000001,b8,3,0.999610821087531,119.98763252369038
1.8800000000000001,b9,1,0.9995997202922843,-0.012233004243191419
1.8800000000000001,b9,2,0.9995997202922935,-120.01223300425431
1.8800000000000001,b9,3,0.9995997202922775,119.98776697640245
1.8800000000000001,b10,1,0.9995993687818238,-0.012010787109037297
1.8800000000000001,b10,2,0.9995993687818335,-120.01201078712016
1.8800000000000001,b10,3,0.9995993687818177,119.9879891935366
1.8800000000000001,b11,1,0.9995845925060295,-0.012687288575097629
1.8800000000000001,b11,2,0.9995845925060375,-120.01268728858618
1.8800000000000001,b11,3,0.9995845925060206,119.98731269207056
1.8800000000000001,b12,1,0.9995760663652761,-0.012771756728710745
1.8800000000000001,b12,2,0.9995760663652842,-120.01277175673975
1.8800000000000001,b12,3,0.9995760663652664,119.98722822391699
1.9000000000000001,source,1,0.9997950483631269,-0.012040208511522228
1.9000000000000001,source,2,0.9997950483631288,-120.01204020852364
1.9000000000000001,source,3,0.9997950483631322,119.98795977213335
1.9000000000000001,b1,1,0.999673304694807,-0.01197917779687318
1.9000000000000001,b1,2,0.9996733046948144,-120.01197917780841
1.9000000000000001,b1,3,0.9996733046948054,119.98802080284848
1.9000000000000001,b2,1,0.9996355415217171,-0.011408096716278652
1.9000000000000001,b2,2,0.9996355415217281,-120.01140809672764
1.9000000000000001,b2,3,0.9996355415217146,119.98859188392929
1.9000000000000001,b3,1,0.9996345574595867,-0.010853081728600403
1.9000000000000001,b3,2,0.9996345574595986,-120.01085308174
1.9000000000000001,b3,3,0.9996345574595851,119.989146898917
1.9000000000000001,b4,1,0.999644759245535,-0.01025772538123349
1.9000000000000001,b4,2,0.9996447592455475,-120.01025772539268
1.9000000000000001,b4,3,0.9996447592455346,119.98974225526435
1.9000000000000001,b5,1,0.9996146147076922,-0.011269717990740776
1.9000000000000001,b5,2,0.999614614707705,-120.01126971800201
1.9000000000000001,b5,3,0.9996146147076894,119.98873026265493
1.9000000000000001,b6,1,0.9996120146718032,-0.011184366875659175
1.9000000000000001,b6,2,0.9996120146718157,-120.01118436688695
1.9000000000000001,b6,3,0.9996120146718004,119.98881561377006
1.9000000000000001,b7,1,0.9996143700493879,-0.011048158206484015
1.9000000000000001,b7,2,0.999614370049401,-120.01104815821775
1.9000000000000001,b7,3,0.9996143700493856,119.98895182243922
1.9000000000000001,b8,1,0.9996108210875375,-0.012367456955208744
1.9000000000000001,b8,2,0.9996108210875457,-120.01236745696642
1.9000000000000001,b8,3,0.999610821087531,119.98763252369038
1.9000000000000001,b9,1,0.9995997202922843,-0.012233004243191419
1.9000000000000001,b9,2,0.9995997202922935,-120.01223300425431
1.9000000000000001,b9,3,0.9995997202922775,119.98776697640245
1.9000000000000001,b10,1,0.9995993687818238,-0.012010787109037297
1.9000000000000001,b10,2,0.9995993687818335,-120.01201078712016
1.9000000000000001,b10,3,0.9995993687818177,119.9879891935366
1.9000000000000001,b11,1,0.9995845925060295,-0.012687288575097629
1.9000000000000001,b11,2,0.9995845925060375,-120.01268728858618
1.9000000000000001,b11,3,0.9995845925060206,119.98731269207056
1.9000000000000001,b12,1,0.9995760663652761,-0.012771756728710745
1.9000000000000001,b12,2,0.9995760663652842,-120.01277175673975
1.9000000000000001,b12,3,0.9995760663652664,119.98722822391699
1.92,source,1,0.9997950483631269,-0.012040208511522228
1.92,source,2,0.9997950483631288,-120.01204020852364
1.92,source,3,0.9997950483631322,119.98795977213335
1.92,b1,1,0.999673304694807,-0.01197917779687318
1.92,b1,2,0.9996733046948144,-120.01197917780841
1.92,b1,3,0.9996733046948054,119.98802080284848
1.92,b2,1,0.9996355415217171,-0.011408096716278652
1.92,b2,2,0.9996355415217281,-120.01140809672764
1.92,b2,3,0.9996355415217146,119.98859188392929
1.92,b3,1,0.9996345574595867,-0.010853081728600403
1.92,b3,2,0.9996345574595986,-120.01085308174
1.92,b3,3,0.9996345574595851,119.989146898917
1.92,b4,1,0.999644759245535,-0.01025772538123349
1.92,b4,2,0.9996447592455475,-120.01025772539268
1.92,b4,3,0.9996447592455346,119.98974225526435
1.92,b5,1,0.9996146147076922,-0.011269717990740776
1.92,b5,2,0.999614614707705,-120.01126971800201
1.92,b5,3,0.9996146147076894,119.98873026265493
1.92,b6,1,0.9996120146718032,-0.011184366875659175
1.92,b6,2,0.9996120146718157,-120.01118436688695
1.92,b6,3,0.9996120146718004,119.98881561377006
1.92,b7,1,0.9996143700493879,-0.011048158206484015
1.92,b7,2,0.999614370049401,-120.01104815821775
1.92,b7,3,0.9996143700493856,119.98895182243922
1.92,b8,1,0.9996108210875375,-0.012367456955208744
1.92,b8,2,0.9996108210875457,-120.01236745696642
1.92,b8,3,0.999610821087531,119.98763252369038
1.92,b9,1,0.9995997202922843,-0.012233004243191419
1.92,b9,2,0.9995997202922935,-120.01223300425431
1.92,b9,3,0.9995997202922775,119.98776697640245
1.92,b10,1,0.9995993687818238,-0.012010787109037297
1.92,b10,2,0.9995993687818335,-120.01201078712016
1.92,b10,3,0.9995993687818177,119.9879891935366
1.92,b11,1,0.9995845925060295,-0.012687288575097629
1.92,b11,2,0.9995845925060375,-120.01268728858618
1.92,b11,3,0.9995845925060206,119.98731269207056
1.92,b12,1,0.9995760663652761,-0.012771756728710745
1.92,b12,2,0.9995760663652842,-120.01277175673975
1.92,b12,3,0.9995760663652664,119.98722822391699
1.94,source,1,0.9997950483631269,-0.012040208511522228
1.94,source,2,0.9997950483631288,-120.01204020852364
1.94,source,3,0.9997950483631322,119.98795977213335
1.94,b1,1,0.999673304694807,-0.01197917779687318
1.94,b1,2,0.9996733046948144,-120.01197917780841
1.94,b1,3,0.9996733046948054,119.98802080284848
1.94,b2,1,0.9996355415217171,-0.011408096716278652
1.94,b2,2,0.9996355415217281,-120.01140809672764
1.94,b2,3,0.9996355415217146,119.98859188392929
1.94,b3,1,0.9996345574595867,-0.010853081728600403
1.94,b3,2,0.9996345574595986,-120.01085308174
1.94,b3,3,0.9996345574595851,119.989146898917
1.94,b4,1,0.999644759245535,-0.01025772538123349
1.94,b4,2,0.9996447592455475,-120.01025772539268
1.94,b4,3,0.9996447592455346,119.98974225526435
1.94,b5,1,0.9996146147076922,-0.011269717990740776
1.94,b5,2,0.999614614707705,-120.01126971800201
1.94,b5,3,0.9996146147076894,119.98873026265493
1.94,b6,1,0.9996120146718032,-0.011184366875659175
1.94,b6,2,0.9996120146718157,-120.01118436688695
1.94,b6,3,0.9996120146718004,119.98881561377006
1.94,b7,1,0.9996143700493879,-0.011048158206484015
1.94,b7,2,0.999614370049401,-120.01104815821775
1.94,b7,3,0.9996143700493856,119.98895182243922
1.94,b8,1,0.9996108210875375,-0.012367456955208744
1.94,b8,2,0.9996108210875457,-120.01236745696642
1.94,b8,3,0.999610821087531,119.98763252369038
1.94,b9,1,0.9995997202922843,-0.012233004243191419
1.94,b9,2,0.9995997202922935,-120.01223300425431
1.94,b9,3,0.9995997202922775,119.98776697640245
1.94,b10,1,0.9995993687818238,-0.012010787109037297
1.94,b10,2,0.9995993687818335,-120.01201078712016
1.94,b10,3,0.9995993687818177,119.9879891935366
1.94,b11,1,0.9995845925060295,-0.012687288575097629
1.94,b11,2,0.9995845925060375,-120.01268728858618
1.94,b11,3,0.9995845925060206,119.98731269207056
1.94,b12,1,0.9995760663652761,-0.012771756728710745
1.94,b12,2,0.9995760663652842,-120.01277175673975
1.94,b12,3,0.9995760663652664,119.98722822391699
1.96,source,1,0.9997950483631269,-0.012040208511522228
1.96,source,2,0.9997950483631288,-120.01204020852364
1.96,source,3,0.9997950483631322,119.98795977213335
1.96,b1,1,0.999673304694807,-0.01197917779687318
1.96,b1,2,0.9996733046948144,-120.01197917780841
1.96,b1,3,0.9996733046948054,119.98802080284848
1.96,b2,1,0.9996355415217171,-0.011408096716278652
1.96,b2,2,0.9996355415217281,-120.01140809672764
1.96,b2,3,0.9996355415217146,119.98859188392929
1.96,b3,1,0.9996345574595867,-0.010853081728600403
1.96,b3,2,0.9996345574595986,-120.01085308174
1.96,b3,3,0.9996345574595851,119.989146898917
1.96,b4,1,0.999644759245535,-0.01025772538123349
1.96,b4,2,0.9996447592455475,-120.01025772539268
1.96,b4,3,0.9996447592455346,119.98974225526435
1.96,b5,1,0.9996146147076922,-0.011269717990740776
1.96,b5,2,0.999614614707705,-120.01126971800201
1.96,b5,3,0.9996146147076894,119.98873026265493
1.96,b6,1,0.9996120146718032,-0.011184366875659175
1.96,b6,2,0.9996120146718157,-120.01118436688695
1.96,b6,3,0.9996120146718004,119.98881561377006
1.96,b7,1,0.9996143700493879,-0.011048158206484015
1.96,b7,2,0.999614370049401,-120.01104815821775
1.96,b7,3,0.9996143700493856,119.98895182243922
1.96,b8,1,0.9996108210875375,-0.012367456955208744
1.96,b8,2,0.9996108210875457,-120.01236745696642
1.96,b8,3,0.999610821087531,119.98763252369038
1.96,b9,1,0.9995997202922843,-0.012233004243191419
1.96,b9,2,0.9995997202922935,-120.01223300425431
1.96,b9,3,0.9995997202922775,119.98776697640245
1.96,b10,1,0.9995993687818238,-0.012010787109037297
1.96,b10,2,0.9995993687818335,-120.01201078712016
1.96,b10,3,0.9995993687818177,119.9879891935366
1.96,b11,1,0.9995845925060295,-0.012687288575097629
1.96,b11,2,0.9995845925060375,-120.01268728858618
1.96,b11,3,0.9995845925060206,119.98731269207056
1.96,b12,1,0.9995760663652761,-0.012771756728710745
1.96,b12,2,0.9995760663652842,-120.01277175673975
1.96,b12,3,0.9995760663652664,119.98722822391699
1.98,source,1,0.9997950483631269,-0.012040208511522228
1.98,source,2,0.9997950483631288,-120.01204020852364
1.98,source,3,0.9997950483631322,119.98795977213335
1.98,b1,1,0.999673304694807,-0.01197917779687318
1.98,b1,2,0.9996733046948144,-120.01197917780841
1.98,b1,3,0.9996733046948054,119.98802080284848
1.98,b2,1,0.9996355415217171,-0.011408096716278652
1.98,b2,2,0.9996355415217281,-120.01140809672764
1.98,b2,3,0.9996355415217146,119.98859188392929
1.98,b3,1,0.9996345574595867,-0.010853081728600403
1.98,b3,2,0.9996345574595986,-120.01085308174
1.98,b3,3,0.9996345574595851,119.989146898917
1.98,b4,1,0.999644759245535,-0.01025772538123349
1.98,b4,2,0.9996447592455475,-120.01025772539268
1.98,b4,3,0.9996447592455346,119.98974225526435
1.98,b5,1,0.9996146147076922,-0.011269717990740776
1.98,b5,2,0.999614614707705,-120.01126971800201
1.98,b5,3,0.9996146147076894,119.98873026265493
1.98,b6,1,0.9996120146718032,-0.011184366875659175
1.98,b6,2,0.9996120146718157,-120.01118436688695
1.98,b6,3,0.9996120146718004,119.98881561377006
1.98,b7,1,0.9996143700493879,-0.011048158206484015
1.98,b7,2,0.999614370049401,-120.01104815821775
1.98,b7,3,0.9996143700493856,119.98895182243922
1.98,b8,1,0.9996108210875375,-0.012367456955208744
1.98,b8,2,0.9996108210875457,-120.01236745696642
1.98,b8,3,0.999610821087531,119.98763252369038
1.98,b9,1,0.9995997202922843,-0.012233004243191419
1.98,b9,2,0.9995997202922935,-120.01223300425431
1.98,b9,3,0.9995997202922775,119.98776697640245
1.98,b10,1,0.9995993687818238,-0.012010787109037297
1.98,b10,2,0.9995993687818335,-120.01201078712016
1.98,b10,3,0.9995993687818177,119.9879891935366
1.98,b11,1,0.9995845925060295,-0.012687288575097629
1.98,b11,2,0.9995845925060375,-120.01268728858618
1.98,b11,3,0.9995845925060206,119.98731269207056
1.98,b12,1,0.9995760663652761,-0.012771756728710745
1.98,b12,2,0.9995760663652842,-120.01277175673975
1.98,b12,3,0.9995760663652664,119.98722822391699
2.0,source,1,0.9997950483631269,-0.012040208511522228
2.0,source,2,0.9997950483631288,-120.01204020852364
2.0,source,3,0.9997950483631322,119.98795977213335
2.0,b1,1,0.999673304694807,-0.01197917779687318
2.0,b1,2,0.9996733046948144,-120.01197917780841
2.0,b1,3,0.9996733046948054,119.98802080284848
2.0,b2,1,0.9996355415217171,-0.011408096716278652
2.0,b2,2,0.9996355415217281,-120.01140809672764
2.0,b2,3,0.9996355415217146,119.98859188392929
2.0,b3,1,0.9996345574595867,-0.010853081728600403
2.0,b3,2,0.9996345574595986,-120.01085308174
2.0,b3,3,0.9996345574595851,119.989146898917
2.0,b4,1,0.999644759245535,-0.01025772538123349
2.0,b4,2,0.9996447592455475,-120.01025772539268
2.0,b4,3,0.9996447592455346,119.98974225526435
2.0,b5,1,0.9996146147076922,-0.011269717990740776
2.0,b5,2,0.999614614707705,-120.01126971800201
2.0,b5,3,0.9996146147076894,119.98873026265493
2.0,b6,1,0.9996120146718032,-0.011184366875659175
2.0,b6,2,0.9996120146718157,-120.01118436688695
2.0,b6,3,0.9996120146718004,119.98881561377006
2.0,b7,1,0.9996143700493879,-0.011048158206484015
2.0,b7,2,0.999614370049401,-120.01104815821775
2.0,b7,3,0.9996143700493856,119.98895182243922
2.0,b8,1,0.9996108210875375,-0.012367456955208744
2.0,b8,2,0.9996108210875457,-120.01236745696642
2.0,b8,3,0.999610821087531,119.98763252369038
2.0,b9,1,0.9995997202922843,-0.012233004243191419
2.0,b9,2,0.9995997202922935,-120.01223300425431
2.0,b9,3,0.9995997202922775,119.98776697640245
2.0,b10,1,0.9995993687818238,-0.012010787109037297
2.0,b10,2,0.9995993687818335,-120.01201078712016
2.0,b10,3,0.9995993687818177,119.9879891935366
2.0,b11,1,0.9995845925060295,-0.012687288575097629
2.0,b11,2,0.9995845925060375,-120.01268728858618
2.0,b11,3,0.9995845925060206,119.98731269207056
2.0,b12,1,0.9995760663652761,-0.012771756728710745
2.0,b12,2,0.9995760663652842,-120.01277175673975
2.0,b12,3,0.9995760663652664,119.98722822391699
